timestamp,parameter,value,is_anomaly,anomaly_type
2025-01-01 00:05:40,ATTITUDE_PITCH,1.544,0,none
2025-01-01 00:14:00,ATTITUDE_PITCH,0.1621,0,none
2025-01-01 00:22:20,ATTITUDE_PITCH,0.6891,0,none
2025-01-01 00:30:40,ATTITUDE_PITCH,0.9502,0,none
2025-01-01 00:39:00,ATTITUDE_PITCH,1.1644,0,none
2025-01-01 00:47:20,ATTITUDE_PITCH,0.8395,0,none
2025-01-01 00:55:40,ATTITUDE_PITCH,0.6325,0,none
2025-01-01 01:04:00,ATTITUDE_PITCH,0.9198,0,none
2025-01-01 01:12:20,ATTITUDE_PITCH,1.0479,0,none
2025-01-01 01:20:40,ATTITUDE_PITCH,0.684,0,none
2025-01-01 01:29:00,ATTITUDE_PITCH,0.1697,0,none
2025-01-01 01:37:20,ATTITUDE_PITCH,1.2814,0,none
2025-01-01 01:45:40,ATTITUDE_PITCH,0.9813,0,none
2025-01-01 01:54:00,ATTITUDE_PITCH,1.7032,0,none
2025-01-01 02:02:20,ATTITUDE_PITCH,0.7942,0,none
2025-01-01 02:10:40,ATTITUDE_PITCH,0.739,0,none
2025-01-01 02:19:00,ATTITUDE_PITCH,0.5591,0,none
2025-01-01 02:27:20,ATTITUDE_PITCH,1.1349,0,none
2025-01-01 02:35:40,ATTITUDE_PITCH,1.5462,0,none
2025-01-01 02:44:00,ATTITUDE_PITCH,-0.3148,0,none
2025-01-01 02:52:20,ATTITUDE_PITCH,1.3905,0,none
2025-01-01 03:00:40,ATTITUDE_PITCH,1.1979,0,none
2025-01-01 03:09:00,ATTITUDE_PITCH,1.6192,0,none
2025-01-01 03:17:20,ATTITUDE_PITCH,1.8991,0,none
2025-01-01 03:25:40,ATTITUDE_PITCH,-0.064,0,none
2025-01-01 03:34:00,ATTITUDE_PITCH,1.3643,0,none
2025-01-01 03:42:20,ATTITUDE_PITCH,1.6106,0,none
2025-01-01 03:50:40,ATTITUDE_PITCH,1.4687,0,none
2025-01-01 03:59:00,ATTITUDE_PITCH,-1.0308,0,none
2025-01-01 04:07:20,ATTITUDE_PITCH,-0.6745,0,none
2025-01-01 04:15:40,ATTITUDE_PITCH,-0.7423,0,none
2025-01-01 04:24:00,ATTITUDE_PITCH,1.2837,0,none
2025-01-01 04:32:20,ATTITUDE_PITCH,-1.2132,0,none
2025-01-01 04:40:40,ATTITUDE_PITCH,-0.9145,0,none
2025-01-01 04:49:00,ATTITUDE_PITCH,1.2631,0,none
2025-01-01 04:57:20,ATTITUDE_PITCH,-0.6868,0,none
2025-01-01 05:05:40,ATTITUDE_PITCH,-1.1631,0,none
2025-01-01 05:14:00,ATTITUDE_PITCH,0.5701,0,none
2025-01-01 05:22:20,ATTITUDE_PITCH,1.0833,0,none
2025-01-01 05:30:40,ATTITUDE_PITCH,0.3861,0,none
2025-01-01 05:39:00,ATTITUDE_PITCH,-1.6126,0,none
2025-01-01 05:47:20,ATTITUDE_PITCH,1.2626,0,none
2025-01-01 05:55:40,ATTITUDE_PITCH,-1.2575,0,none
2025-01-01 06:04:00,ATTITUDE_PITCH,0.1636,0,none
2025-01-01 06:12:20,ATTITUDE_PITCH,0.1433,0,none
2025-01-01 06:20:40,ATTITUDE_PITCH,-1.6378,0,none
2025-01-01 06:29:00,ATTITUDE_PITCH,1.0342,0,none
2025-01-01 06:37:20,ATTITUDE_PITCH,-1.3013,0,none
2025-01-01 06:45:40,ATTITUDE_PITCH,-0.9176,0,none
2025-01-01 06:54:00,ATTITUDE_PITCH,-1.2754,0,none
2025-01-01 07:02:20,ATTITUDE_PITCH,-1.0901,0,none
2025-01-01 07:10:40,ATTITUDE_PITCH,0.4601,0,none
2025-01-01 07:19:00,ATTITUDE_PITCH,-1.3417,0,none
2025-01-01 07:27:20,ATTITUDE_PITCH,0.2856,0,none
2025-01-01 07:35:40,ATTITUDE_PITCH,-1.3693,0,none
2025-01-01 07:44:00,ATTITUDE_PITCH,-0.7109,0,none
2025-01-01 07:52:20,ATTITUDE_PITCH,-1.6839,0,none
2025-01-01 08:00:40,ATTITUDE_PITCH,1.0267,0,none
2025-01-01 08:09:00,ATTITUDE_PITCH,1.2973,0,none
2025-01-01 08:17:20,ATTITUDE_PITCH,1.267,0,none
2025-01-01 08:25:40,ATTITUDE_PITCH,-0.3561,0,none
2025-01-01 08:34:00,ATTITUDE_PITCH,-1.6445,0,none
2025-01-01 08:42:20,ATTITUDE_PITCH,-0.6112,0,none
2025-01-01 08:50:40,ATTITUDE_PITCH,-1.5799,0,none
2025-01-01 08:59:00,ATTITUDE_PITCH,1.4267,0,none
2025-01-01 09:07:20,ATTITUDE_PITCH,0.5892,0,none
2025-01-01 09:15:40,ATTITUDE_PITCH,-1.5279,0,none
2025-01-01 09:24:00,ATTITUDE_PITCH,-1.199,0,none
2025-01-01 09:32:20,ATTITUDE_PITCH,-0.2235,0,none
2025-01-01 09:40:40,ATTITUDE_PITCH,0.9808,0,none
2025-01-01 09:49:00,ATTITUDE_PITCH,-0.7368,0,none
2025-01-01 09:57:20,ATTITUDE_PITCH,-1.3524,0,none
2025-01-01 10:05:40,ATTITUDE_PITCH,-1.1726,0,none
2025-01-01 10:14:00,ATTITUDE_PITCH,-1.5341,0,none
2025-01-01 10:22:20,ATTITUDE_PITCH,0.2162,0,none
2025-01-01 10:30:40,ATTITUDE_PITCH,-1.3761,0,none
2025-01-01 10:39:00,ATTITUDE_PITCH,0.9489,0,none
2025-01-01 10:47:20,ATTITUDE_PITCH,-1.1213,0,none
2025-01-01 10:55:40,ATTITUDE_PITCH,0.4479,0,none
2025-01-01 11:04:00,ATTITUDE_PITCH,-1.5366,0,none
2025-01-01 11:12:20,ATTITUDE_PITCH,-0.9268,0,none
2025-01-01 11:20:40,ATTITUDE_PITCH,-1.1454,0,none
2025-01-01 11:29:00,ATTITUDE_PITCH,-1.1559,0,none
2025-01-01 11:37:20,ATTITUDE_PITCH,-1.2483,0,none
2025-01-01 11:45:40,ATTITUDE_PITCH,-0.0311,0,none
2025-01-01 11:54:00,ATTITUDE_PITCH,-1.6687,0,none
2025-01-01 12:02:20,ATTITUDE_PITCH,-0.9471,0,none
2025-01-01 12:10:40,ATTITUDE_PITCH,-1.371,0,none
2025-01-01 12:19:00,ATTITUDE_PITCH,0.2786,0,none
2025-01-01 12:27:20,ATTITUDE_PITCH,-0.2328,0,none
2025-01-01 12:35:40,ATTITUDE_PITCH,-0.6324,0,none
2025-01-01 12:44:00,ATTITUDE_PITCH,0.0378,0,none
2025-01-01 12:52:20,ATTITUDE_PITCH,0.2001,0,none
2025-01-01 13:00:40,ATTITUDE_PITCH,-1.4233,0,none
2025-01-01 13:09:00,ATTITUDE_PITCH,-1.1682,0,none
2025-01-01 13:17:20,ATTITUDE_PITCH,-0.3108,0,none
2025-01-01 13:25:40,ATTITUDE_PITCH,-1.4366,0,none
2025-01-01 13:34:00,ATTITUDE_PITCH,0.4119,0,none
2025-01-01 13:42:20,ATTITUDE_PITCH,-0.908,0,none
2025-01-01 13:50:40,ATTITUDE_PITCH,-1.4226,0,none
2025-01-01 13:59:00,ATTITUDE_PITCH,-0.4973,0,none
2025-01-01 14:07:20,ATTITUDE_PITCH,-0.3246,0,none
2025-01-01 14:15:40,ATTITUDE_PITCH,-1.6061,0,none
2025-01-01 14:24:00,ATTITUDE_PITCH,-1.3644,0,none
2025-01-01 14:32:20,ATTITUDE_PITCH,-0.0988,0,none
2025-01-01 14:40:40,ATTITUDE_PITCH,-1.2795,0,none
2025-01-01 14:49:00,ATTITUDE_PITCH,-0.5479,0,none
2025-01-01 14:57:20,ATTITUDE_PITCH,-0.7633,0,none
2025-01-01 15:05:40,ATTITUDE_PITCH,-1.4195,0,none
2025-01-01 15:14:00,ATTITUDE_PITCH,-0.7363,0,none
2025-01-01 15:22:20,ATTITUDE_PITCH,-0.2034,0,none
2025-01-01 15:30:40,ATTITUDE_PITCH,-0.8148,0,none
2025-01-01 15:39:00,ATTITUDE_PITCH,-0.517,0,none
2025-01-01 15:47:20,ATTITUDE_PITCH,-1.4714,0,none
2025-01-01 15:55:40,ATTITUDE_PITCH,-1.3321,0,none
2025-01-01 16:04:00,ATTITUDE_PITCH,-1.7005,0,none
2025-01-01 16:12:20,ATTITUDE_PITCH,-1.2125,0,none
2025-01-01 16:20:40,ATTITUDE_PITCH,0.3963,0,none
2025-01-01 16:29:00,ATTITUDE_PITCH,0.0737,0,none
2025-01-01 16:37:20,ATTITUDE_PITCH,-0.3607,0,none
2025-01-01 16:45:40,ATTITUDE_PITCH,-1.8619,0,none
2025-01-01 16:54:00,ATTITUDE_PITCH,-0.6967,0,none
2025-01-01 17:02:20,ATTITUDE_PITCH,-1.4268,0,none
2025-01-01 17:10:40,ATTITUDE_PITCH,-1.769,0,none
2025-01-01 17:19:00,ATTITUDE_PITCH,-1.2824,0,none
2025-01-01 17:27:20,ATTITUDE_PITCH,-1.8174,0,none
2025-01-01 17:35:40,ATTITUDE_PITCH,-1.4172,0,none
2025-01-01 17:44:00,ATTITUDE_PITCH,0.3474,0,none
2025-01-01 17:52:20,ATTITUDE_PITCH,1.1655,0,none
2025-01-01 18:00:40,ATTITUDE_PITCH,-1.595,0,none
2025-01-01 18:09:00,ATTITUDE_PITCH,0.7796,0,none
2025-01-01 18:17:20,ATTITUDE_PITCH,-0.349,0,none
2025-01-01 18:25:40,ATTITUDE_PITCH,1.1641,0,none
2025-01-01 18:34:00,ATTITUDE_PITCH,-1.8496,0,none
2025-01-01 18:42:20,ATTITUDE_PITCH,0.6561,0,none
2025-01-01 18:50:40,ATTITUDE_PITCH,0.2018,0,none
2025-01-01 18:59:00,ATTITUDE_PITCH,-1.1525,0,none
2025-01-01 19:07:20,ATTITUDE_PITCH,-0.8248,0,none
2025-01-01 19:15:40,ATTITUDE_PITCH,-0.2189,0,none
2025-01-01 19:24:00,ATTITUDE_PITCH,1.2456,0,none
2025-01-01 19:32:20,ATTITUDE_PITCH,-1.5265,0,none
2025-01-01 19:40:40,ATTITUDE_PITCH,1.5839,0,none
2025-01-01 19:49:00,ATTITUDE_PITCH,-0.9432,0,none
2025-01-01 19:57:20,ATTITUDE_PITCH,-1.282,0,none
2025-01-01 20:05:40,ATTITUDE_PITCH,0.9897,0,none
2025-01-01 20:14:00,ATTITUDE_PITCH,-0.0561,0,none
2025-01-01 20:22:20,ATTITUDE_PITCH,-0.06,0,none
2025-01-01 20:30:40,ATTITUDE_PITCH,-0.6678,0,none
2025-01-01 20:39:00,ATTITUDE_PITCH,1.4372,0,none
2025-01-01 20:47:20,ATTITUDE_PITCH,1.6309,0,none
2025-01-01 20:55:40,ATTITUDE_PITCH,-1.634,0,none
2025-01-01 21:04:00,ATTITUDE_PITCH,-0.577,0,none
2025-01-01 21:12:20,ATTITUDE_PITCH,-0.6827,0,none
2025-01-01 21:20:40,ATTITUDE_PITCH,1.0854,0,none
2025-01-01 21:29:00,ATTITUDE_PITCH,0.8949,0,none
2025-01-01 21:37:20,ATTITUDE_PITCH,-0.6882,0,none
2025-01-01 21:45:40,ATTITUDE_PITCH,-0.2456,0,none
2025-01-01 21:54:00,ATTITUDE_PITCH,-1.3354,0,none
2025-01-01 22:02:20,ATTITUDE_PITCH,1.0957,0,none
2025-01-01 22:10:40,ATTITUDE_PITCH,-1.4661,0,none
2025-01-01 22:19:00,ATTITUDE_PITCH,1.3599,0,none
2025-01-01 22:27:20,ATTITUDE_PITCH,1.2993,0,none
2025-01-01 22:35:40,ATTITUDE_PITCH,-0.6367,0,none
2025-01-01 22:44:00,ATTITUDE_PITCH,1.1522,0,none
2025-01-01 22:52:20,ATTITUDE_PITCH,0.9831,0,none
2025-01-01 23:00:40,ATTITUDE_PITCH,-1.0606,0,none
2025-01-01 23:09:00,ATTITUDE_PITCH,-0.2949,0,none
2025-01-01 23:17:20,ATTITUDE_PITCH,1.2773,0,none
2025-01-01 23:25:40,ATTITUDE_PITCH,-0.968,0,none
2025-01-01 23:34:00,ATTITUDE_PITCH,1.3542,0,none
2025-01-01 23:42:20,ATTITUDE_PITCH,1.0347,0,none
2025-01-01 23:50:40,ATTITUDE_PITCH,0.2979,0,none
2025-01-01 23:59:00,ATTITUDE_PITCH,1.7171,0,none
2025-01-02 00:07:20,ATTITUDE_PITCH,0.5189,0,none
2025-01-02 00:15:40,ATTITUDE_PITCH,-1.0037,0,none
2025-01-02 00:24:00,ATTITUDE_PITCH,0.4974,0,none
2025-01-02 00:32:20,ATTITUDE_PITCH,1.6333,0,none
2025-01-02 00:40:40,ATTITUDE_PITCH,1.3849,0,none
2025-01-02 00:49:00,ATTITUDE_PITCH,0.9817,0,none
2025-01-02 00:57:20,ATTITUDE_PITCH,-0.0348,0,none
2025-01-02 01:05:40,ATTITUDE_PITCH,1.0129,0,none
2025-01-02 01:14:00,ATTITUDE_PITCH,1.1034,0,none
2025-01-02 01:22:20,ATTITUDE_PITCH,0.9192,0,none
2025-01-02 01:30:40,ATTITUDE_PITCH,-0.3249,0,none
2025-01-02 01:39:00,ATTITUDE_PITCH,1.6038,0,none
2025-01-02 01:47:20,ATTITUDE_PITCH,1.2278,0,none
2025-01-02 01:55:40,ATTITUDE_PITCH,1.9205,0,none
2025-01-02 02:04:00,ATTITUDE_PITCH,0.1465,0,none
2025-01-02 02:12:20,ATTITUDE_PITCH,1.1464,0,none
2025-01-02 02:20:40,ATTITUDE_PITCH,0.8475,0,none
2025-01-02 02:29:00,ATTITUDE_PITCH,0.4357,0,none
2025-01-02 02:37:20,ATTITUDE_PITCH,1.4728,0,none
2025-01-02 02:45:40,ATTITUDE_PITCH,0.4877,0,none
2025-01-02 02:54:00,ATTITUDE_PITCH,1.3966,0,none
2025-01-02 03:02:20,ATTITUDE_PITCH,0.1684,0,none
2025-01-02 03:10:40,ATTITUDE_PITCH,0.4538,0,none
2025-01-02 03:19:00,ATTITUDE_PITCH,-0.0987,0,none
2025-01-02 03:27:20,ATTITUDE_PITCH,0.6382,0,none
2025-01-02 03:35:40,ATTITUDE_PITCH,0.9028,0,none
2025-01-02 03:44:00,ATTITUDE_PITCH,0.6284,0,none
2025-01-01 00:05:30,ATTITUDE_ROLL,0.5919,0,none
2025-01-01 00:13:50,ATTITUDE_ROLL,1.6978,0,none
2025-01-01 00:22:10,ATTITUDE_ROLL,1.4417,0,none
2025-01-01 00:30:30,ATTITUDE_ROLL,0.8893,0,none
2025-01-01 00:38:50,ATTITUDE_ROLL,1.5215,0,none
2025-01-01 00:47:10,ATTITUDE_ROLL,0.796,0,none
2025-01-01 00:55:30,ATTITUDE_ROLL,1.4254,0,none
2025-01-01 01:03:50,ATTITUDE_ROLL,1.5556,0,none
2025-01-01 01:12:10,ATTITUDE_ROLL,0.5867,0,none
2025-01-01 01:20:30,ATTITUDE_ROLL,1.0344,0,none
2025-01-01 01:28:50,ATTITUDE_ROLL,0.7125,0,none
2025-01-01 01:37:10,ATTITUDE_ROLL,-0.2852,0,none
2025-01-01 01:45:30,ATTITUDE_ROLL,0.9872,0,none
2025-01-01 01:53:50,ATTITUDE_ROLL,1.3023,0,none
2025-01-01 02:02:10,ATTITUDE_ROLL,1.4669,0,none
2025-01-01 02:10:30,ATTITUDE_ROLL,0.0994,0,none
2025-01-01 02:18:50,ATTITUDE_ROLL,1.4444,0,none
2025-01-01 02:27:10,ATTITUDE_ROLL,0.5693,0,none
2025-01-01 02:35:30,ATTITUDE_ROLL,1.3926,0,none
2025-01-01 02:43:50,ATTITUDE_ROLL,0.1093,0,none
2025-01-01 02:52:10,ATTITUDE_ROLL,0.6729,0,none
2025-01-01 03:00:30,ATTITUDE_ROLL,0.008,0,none
2025-01-01 03:08:50,ATTITUDE_ROLL,1.5576,0,none
2025-01-01 03:17:10,ATTITUDE_ROLL,1.4477,0,none
2025-01-01 03:25:30,ATTITUDE_ROLL,1.5621,0,none
2025-01-01 03:33:50,ATTITUDE_ROLL,-0.3229,0,none
2025-01-01 03:42:10,ATTITUDE_ROLL,0.8103,0,none
2025-01-01 03:50:30,ATTITUDE_ROLL,1.5473,0,none
2025-01-01 03:58:50,ATTITUDE_ROLL,0.996,0,none
2025-01-01 04:07:10,ATTITUDE_ROLL,-1.2633,0,none
2025-01-01 04:15:30,ATTITUDE_ROLL,1.0042,0,none
2025-01-01 04:23:50,ATTITUDE_ROLL,-0.7663,0,none
2025-01-01 04:32:10,ATTITUDE_ROLL,-1.0278,0,none
2025-01-01 04:40:30,ATTITUDE_ROLL,-0.9723,0,none
2025-01-01 04:48:50,ATTITUDE_ROLL,-1.1566,0,none
2025-01-01 04:57:10,ATTITUDE_ROLL,0.181,0,none
2025-01-01 05:05:30,ATTITUDE_ROLL,0.5363,0,none
2025-01-01 05:13:50,ATTITUDE_ROLL,1.6313,0,none
2025-01-01 05:22:10,ATTITUDE_ROLL,1.6873,0,none
2025-01-01 05:30:30,ATTITUDE_ROLL,-0.1198,0,none
2025-01-01 05:38:50,ATTITUDE_ROLL,-0.3481,0,none
2025-01-01 05:47:10,ATTITUDE_ROLL,0.758,0,none
2025-01-01 05:55:30,ATTITUDE_ROLL,-1.4459,0,none
2025-01-01 06:03:50,ATTITUDE_ROLL,-1.0477,0,none
2025-01-01 06:12:10,ATTITUDE_ROLL,1.3488,0,none
2025-01-01 06:20:30,ATTITUDE_ROLL,0.9039,0,none
2025-01-01 06:28:50,ATTITUDE_ROLL,-1.4196,0,none
2025-01-01 06:37:10,ATTITUDE_ROLL,-0.759,0,none
2025-01-01 06:45:30,ATTITUDE_ROLL,0.9606,0,none
2025-01-01 06:53:50,ATTITUDE_ROLL,-0.0253,0,none
2025-01-01 07:02:10,ATTITUDE_ROLL,0.3518,0,none
2025-01-01 07:10:30,ATTITUDE_ROLL,-1.6448,0,none
2025-01-01 07:18:50,ATTITUDE_ROLL,-1.5531,0,none
2025-01-01 07:27:10,ATTITUDE_ROLL,-1.3422,0,none
2025-01-01 07:35:30,ATTITUDE_ROLL,0.2435,0,none
2025-01-01 07:43:50,ATTITUDE_ROLL,-1.7297,0,none
2025-01-01 07:52:10,ATTITUDE_ROLL,0.755,0,none
2025-01-01 08:00:30,ATTITUDE_ROLL,-0.0857,0,none
2025-01-01 08:08:50,ATTITUDE_ROLL,0.3105,0,none
2025-01-01 08:17:10,ATTITUDE_ROLL,0.2775,0,none
2025-01-01 08:25:30,ATTITUDE_ROLL,-0.6323,0,none
2025-01-01 08:33:50,ATTITUDE_ROLL,0.8953,0,none
2025-01-01 08:42:10,ATTITUDE_ROLL,0.9966,0,none
2025-01-01 08:50:30,ATTITUDE_ROLL,-1.4488,0,none
2025-01-01 08:58:50,ATTITUDE_ROLL,0.615,0,none
2025-01-01 09:07:10,ATTITUDE_ROLL,0.9047,0,none
2025-01-01 09:15:30,ATTITUDE_ROLL,-0.8361,0,none
2025-01-01 09:23:50,ATTITUDE_ROLL,-1.6979,0,none
2025-01-01 09:32:10,ATTITUDE_ROLL,0.9671,0,none
2025-01-01 09:40:30,ATTITUDE_ROLL,-1.7101,0,none
2025-01-01 09:48:50,ATTITUDE_ROLL,-0.9063,0,none
2025-01-01 09:57:10,ATTITUDE_ROLL,-0.0952,0,none
2025-01-01 10:05:30,ATTITUDE_ROLL,0.8983,0,none
2025-01-01 10:13:50,ATTITUDE_ROLL,-1.7952,0,none
2025-01-01 10:22:10,ATTITUDE_ROLL,-1.0531,0,none
2025-01-01 10:30:30,ATTITUDE_ROLL,0.1105,0,none
2025-01-01 10:38:50,ATTITUDE_ROLL,-1.1172,0,none
2025-01-01 10:47:10,ATTITUDE_ROLL,-1.8068,0,none
2025-01-01 10:55:30,ATTITUDE_ROLL,-0.0053,0,none
2025-01-01 11:03:50,ATTITUDE_ROLL,-1.2275,0,none
2025-01-01 11:12:10,ATTITUDE_ROLL,-0.6292,0,none
2025-01-01 11:20:30,ATTITUDE_ROLL,-1.5791,0,none
2025-01-01 11:28:50,ATTITUDE_ROLL,-1.7965,0,none
2025-01-01 11:37:10,ATTITUDE_ROLL,-0.2621,0,none
2025-01-01 11:45:30,ATTITUDE_ROLL,-1.1798,0,none
2025-01-01 11:53:50,ATTITUDE_ROLL,-0.2366,0,none
2025-01-01 12:02:10,ATTITUDE_ROLL,-1.4444,0,none
2025-01-01 12:10:30,ATTITUDE_ROLL,-1.5607,0,none
2025-01-01 12:18:50,ATTITUDE_ROLL,-1.445,0,none
2025-01-01 12:27:10,ATTITUDE_ROLL,-0.9916,0,none
2025-01-01 12:35:30,ATTITUDE_ROLL,-0.4014,0,none
2025-01-01 12:43:50,ATTITUDE_ROLL,-1.6847,0,none
2025-01-01 12:52:10,ATTITUDE_ROLL,-1.6401,0,none
2025-01-01 13:00:30,ATTITUDE_ROLL,-0.9709,0,none
2025-01-01 13:08:50,ATTITUDE_ROLL,-1.3348,0,none
2025-01-01 13:17:10,ATTITUDE_ROLL,-1.9423,0,none
2025-01-01 13:25:30,ATTITUDE_ROLL,-1.2855,0,none
2025-01-01 13:33:50,ATTITUDE_ROLL,-0.4975,0,none
2025-01-01 13:42:10,ATTITUDE_ROLL,-1.25,0,none
2025-01-01 13:50:30,ATTITUDE_ROLL,-0.8734,0,none
2025-01-01 13:58:50,ATTITUDE_ROLL,-1.4649,0,none
2025-01-01 14:07:10,ATTITUDE_ROLL,-1.2258,0,none
2025-01-01 14:15:30,ATTITUDE_ROLL,-1.5979,0,none
2025-01-01 14:23:50,ATTITUDE_ROLL,-0.7456,0,none
2025-01-01 14:32:10,ATTITUDE_ROLL,-0.0515,0,none
2025-01-01 14:40:30,ATTITUDE_ROLL,-0.3662,0,none
2025-01-01 14:48:50,ATTITUDE_ROLL,-1.4834,0,none
2025-01-01 14:57:10,ATTITUDE_ROLL,-0.9069,0,none
2025-01-01 15:05:30,ATTITUDE_ROLL,0.3767,0,none
2025-01-01 15:13:50,ATTITUDE_ROLL,-0.2372,0,none
2025-01-01 15:22:10,ATTITUDE_ROLL,-0.2384,0,none
2025-01-01 15:30:30,ATTITUDE_ROLL,-1.5353,0,none
2025-01-01 15:38:50,ATTITUDE_ROLL,-1.2324,0,none
2025-01-01 15:47:10,ATTITUDE_ROLL,-0.4415,0,none
2025-01-01 15:55:30,ATTITUDE_ROLL,-1.6262,0,none
2025-01-01 16:03:50,ATTITUDE_ROLL,-1.2633,0,none
2025-01-01 16:12:10,ATTITUDE_ROLL,-0.7798,0,none
2025-01-01 16:20:30,ATTITUDE_ROLL,0.6044,0,none
2025-01-01 16:28:50,ATTITUDE_ROLL,-1.5458,0,none
2025-01-01 16:37:10,ATTITUDE_ROLL,-1.1349,0,none
2025-01-01 16:45:30,ATTITUDE_ROLL,-1.6755,0,none
2025-01-01 16:53:50,ATTITUDE_ROLL,-1.5454,0,none
2025-01-01 17:02:10,ATTITUDE_ROLL,-1.1773,0,none
2025-01-01 17:10:30,ATTITUDE_ROLL,-0.8644,0,none
2025-01-01 17:18:50,ATTITUDE_ROLL,-0.3935,0,none
2025-01-01 17:27:10,ATTITUDE_ROLL,-1.469,0,none
2025-01-01 17:35:30,ATTITUDE_ROLL,1.0396,0,none
2025-01-01 17:43:50,ATTITUDE_ROLL,-1.3656,0,none
2025-01-01 17:52:10,ATTITUDE_ROLL,-0.4428,0,none
2025-01-01 18:00:30,ATTITUDE_ROLL,-1.1408,0,none
2025-01-01 18:08:50,ATTITUDE_ROLL,-0.7253,0,none
2025-01-01 18:17:10,ATTITUDE_ROLL,-1.1407,0,none
2025-01-01 18:25:30,ATTITUDE_ROLL,0.6381,0,none
2025-01-01 18:33:50,ATTITUDE_ROLL,-0.3572,0,none
2025-01-01 18:42:10,ATTITUDE_ROLL,0.9072,0,none
2025-01-01 18:50:30,ATTITUDE_ROLL,1.5413,0,none
2025-01-01 18:58:50,ATTITUDE_ROLL,0.8846,0,none
2025-01-01 19:07:10,ATTITUDE_ROLL,0.3054,0,none
2025-01-01 19:15:30,ATTITUDE_ROLL,1.1494,0,none
2025-01-01 19:23:50,ATTITUDE_ROLL,1.2433,0,none
2025-01-01 19:32:10,ATTITUDE_ROLL,-1.5376,0,none
2025-01-01 19:40:30,ATTITUDE_ROLL,1.4543,0,none
2025-01-01 19:48:50,ATTITUDE_ROLL,-1.4521,0,none
2025-01-01 19:57:10,ATTITUDE_ROLL,1.2671,0,none
2025-01-01 20:05:30,ATTITUDE_ROLL,-0.5288,0,none
2025-01-01 20:13:50,ATTITUDE_ROLL,1.5011,0,none
2025-01-01 20:22:10,ATTITUDE_ROLL,0.0608,0,none
2025-01-01 20:30:30,ATTITUDE_ROLL,0.7765,0,none
2025-01-01 20:38:50,ATTITUDE_ROLL,-1.2696,0,none
2025-01-01 20:47:10,ATTITUDE_ROLL,-1.4192,0,none
2025-01-01 20:55:30,ATTITUDE_ROLL,-1.4688,0,none
2025-01-01 21:03:50,ATTITUDE_ROLL,-0.8768,0,none
2025-01-01 21:12:10,ATTITUDE_ROLL,1.8277,0,none
2025-01-01 21:20:30,ATTITUDE_ROLL,0.341,0,none
2025-01-01 21:28:50,ATTITUDE_ROLL,0.3598,0,none
2025-01-01 21:37:10,ATTITUDE_ROLL,-0.1283,0,none
2025-01-01 21:45:30,ATTITUDE_ROLL,-0.7688,0,none
2025-01-01 21:53:50,ATTITUDE_ROLL,1.7708,0,none
2025-01-01 22:02:10,ATTITUDE_ROLL,1.2293,0,none
2025-01-01 22:10:30,ATTITUDE_ROLL,-1.4069,0,none
2025-01-01 22:18:50,ATTITUDE_ROLL,0.1204,0,none
2025-01-01 22:27:10,ATTITUDE_ROLL,1.5068,0,none
2025-01-01 22:35:30,ATTITUDE_ROLL,1.5494,0,none
2025-01-01 22:43:50,ATTITUDE_ROLL,-0.2246,0,none
2025-01-01 22:52:10,ATTITUDE_ROLL,-0.7022,0,none
2025-01-01 23:00:30,ATTITUDE_ROLL,0.8878,0,none
2025-01-01 23:08:50,ATTITUDE_ROLL,1.5972,0,none
2025-01-01 23:17:10,ATTITUDE_ROLL,-0.3914,0,none
2025-01-01 23:25:30,ATTITUDE_ROLL,1.4245,0,none
2025-01-01 23:33:50,ATTITUDE_ROLL,1.3038,0,none
2025-01-01 23:42:10,ATTITUDE_ROLL,0.4492,0,none
2025-01-01 23:50:30,ATTITUDE_ROLL,1.1703,0,none
2025-01-01 23:58:50,ATTITUDE_ROLL,1.4407,0,none
2025-01-02 00:07:10,ATTITUDE_ROLL,1.1712,0,none
2025-01-02 00:15:30,ATTITUDE_ROLL,-0.8317,0,none
2025-01-02 00:23:50,ATTITUDE_ROLL,-0.2161,0,none
2025-01-02 00:32:10,ATTITUDE_ROLL,0.9158,0,none
2025-01-02 00:40:30,ATTITUDE_ROLL,0.4133,0,none
2025-01-02 00:48:50,ATTITUDE_ROLL,1.3894,0,none
2025-01-02 00:57:10,ATTITUDE_ROLL,-0.6443,0,none
2025-01-02 01:05:30,ATTITUDE_ROLL,-0.1325,0,none
2025-01-02 01:13:50,ATTITUDE_ROLL,1.3033,0,none
2025-01-02 01:22:10,ATTITUDE_ROLL,1.8766,0,none
2025-01-02 01:30:30,ATTITUDE_ROLL,-0.3529,0,none
2025-01-02 01:38:50,ATTITUDE_ROLL,-0.0967,0,none
2025-01-02 01:47:10,ATTITUDE_ROLL,0.686,0,none
2025-01-02 01:55:30,ATTITUDE_ROLL,1.0247,0,none
2025-01-02 02:03:50,ATTITUDE_ROLL,1.1907,0,none
2025-01-02 02:12:10,ATTITUDE_ROLL,1.1236,0,none
2025-01-02 02:20:30,ATTITUDE_ROLL,1.0273,0,none
2025-01-02 02:28:50,ATTITUDE_ROLL,1.3546,0,none
2025-01-02 02:37:10,ATTITUDE_ROLL,1.2936,0,none
2025-01-02 02:45:30,ATTITUDE_ROLL,0.8299,0,none
2025-01-02 02:53:50,ATTITUDE_ROLL,1.2861,0,none
2025-01-02 03:02:10,ATTITUDE_ROLL,0.6828,0,none
2025-01-02 03:10:30,ATTITUDE_ROLL,1.9099,0,none
2025-01-02 03:18:50,ATTITUDE_ROLL,1.0393,0,none
2025-01-02 03:27:10,ATTITUDE_ROLL,-0.0003,0,none
2025-01-02 03:35:30,ATTITUDE_ROLL,1.3169,0,none
2025-01-02 03:43:50,ATTITUDE_ROLL,0.905,0,none
2025-01-01 00:05:50,ATTITUDE_YAW,1.8873,0,none
2025-01-01 00:14:10,ATTITUDE_YAW,2.7587,0,none
2025-01-01 00:22:30,ATTITUDE_YAW,0.1455,0,none
2025-01-01 00:30:50,ATTITUDE_YAW,1.5942,0,none
2025-01-01 00:39:10,ATTITUDE_YAW,2.1734,0,none
2025-01-01 00:47:30,ATTITUDE_YAW,0.1438,0,none
2025-01-01 00:55:50,ATTITUDE_YAW,2.5189,0,none
2025-01-01 01:04:10,ATTITUDE_YAW,-0.1658,0,none
2025-01-01 01:12:30,ATTITUDE_YAW,-0.5388,0,none
2025-01-01 01:20:50,ATTITUDE_YAW,1.7276,0,none
2025-01-01 01:29:10,ATTITUDE_YAW,2.6005,0,none
2025-01-01 01:37:30,ATTITUDE_YAW,2.2375,0,none
2025-01-01 01:45:50,ATTITUDE_YAW,0.6657,0,none
2025-01-01 01:54:10,ATTITUDE_YAW,-0.5387,0,none
2025-01-01 02:02:30,ATTITUDE_YAW,1.8998,0,none
2025-01-01 02:10:50,ATTITUDE_YAW,-0.9448,0,none
2025-01-01 02:19:10,ATTITUDE_YAW,0.3936,0,none
2025-01-01 02:27:30,ATTITUDE_YAW,1.8527,0,none
2025-01-01 02:35:50,ATTITUDE_YAW,1.9215,0,none
2025-01-01 02:44:10,ATTITUDE_YAW,2.2518,0,none
2025-01-01 02:52:30,ATTITUDE_YAW,1.7403,0,none
2025-01-01 03:00:50,ATTITUDE_YAW,-0.9293,0,none
2025-01-01 03:09:10,ATTITUDE_YAW,2.2847,0,none
2025-01-01 03:17:30,ATTITUDE_YAW,1.9285,0,none
2025-01-01 03:25:50,ATTITUDE_YAW,1.7319,0,none
2025-01-01 03:34:10,ATTITUDE_YAW,2.5879,0,none
2025-01-01 03:42:30,ATTITUDE_YAW,-1.6297,0,none
2025-01-01 03:50:50,ATTITUDE_YAW,0.7247,0,none
2025-01-01 03:59:10,ATTITUDE_YAW,2.0419,0,none
2025-01-01 04:07:30,ATTITUDE_YAW,1.224,0,none
2025-01-01 04:15:50,ATTITUDE_YAW,2.1129,0,none
2025-01-01 04:24:10,ATTITUDE_YAW,-1.5569,0,none
2025-01-01 04:32:30,ATTITUDE_YAW,-2.2606,0,none
2025-01-01 04:40:50,ATTITUDE_YAW,1.3666,0,none
2025-01-01 04:49:10,ATTITUDE_YAW,2.184,0,none
2025-01-01 04:57:30,ATTITUDE_YAW,0.8905,0,none
2025-01-01 05:05:50,ATTITUDE_YAW,2.5467,0,none
2025-01-01 05:14:10,ATTITUDE_YAW,0.4622,0,none
2025-01-01 05:22:30,ATTITUDE_YAW,1.8424,0,none
2025-01-01 05:30:50,ATTITUDE_YAW,-2.9968,0,none
2025-01-01 05:39:10,ATTITUDE_YAW,1.2076,0,none
2025-01-01 05:47:30,ATTITUDE_YAW,2.8136,0,none
2025-01-01 05:55:50,ATTITUDE_YAW,-1.3394,0,none
2025-01-01 06:04:10,ATTITUDE_YAW,-3.2068,0,none
2025-01-01 06:12:30,ATTITUDE_YAW,2.4145,0,none
2025-01-01 06:20:50,ATTITUDE_YAW,-1.6768,0,none
2025-01-01 06:29:10,ATTITUDE_YAW,-2.3652,0,none
2025-01-01 06:37:30,ATTITUDE_YAW,-1.8687,0,none
2025-01-01 06:45:50,ATTITUDE_YAW,2.5732,0,none
2025-01-01 06:54:10,ATTITUDE_YAW,1.3906,0,none
2025-01-01 07:02:30,ATTITUDE_YAW,-1.7825,0,none
2025-01-01 07:10:50,ATTITUDE_YAW,-1.539,0,none
2025-01-01 07:19:10,ATTITUDE_YAW,0.6412,0,none
2025-01-01 07:27:30,ATTITUDE_YAW,-1.9969,0,none
2025-01-01 07:35:50,ATTITUDE_YAW,0.8218,0,none
2025-01-01 07:44:10,ATTITUDE_YAW,2.797,0,none
2025-01-01 07:52:30,ATTITUDE_YAW,-0.8334,0,none
2025-01-01 08:00:50,ATTITUDE_YAW,2.6705,0,none
2025-01-01 08:09:10,ATTITUDE_YAW,-0.9166,0,none
2025-01-01 08:17:30,ATTITUDE_YAW,2.0674,0,none
2025-01-01 08:25:50,ATTITUDE_YAW,-3.4624,0,none
2025-01-01 08:34:10,ATTITUDE_YAW,0.5382,0,none
2025-01-01 08:42:30,ATTITUDE_YAW,-1.6282,0,none
2025-01-01 08:50:50,ATTITUDE_YAW,0.3234,0,none
2025-01-01 08:59:10,ATTITUDE_YAW,-1.8535,0,none
2025-01-01 09:07:30,ATTITUDE_YAW,-1.7872,0,none
2025-01-01 09:15:50,ATTITUDE_YAW,-1.3923,0,none
2025-01-01 09:24:10,ATTITUDE_YAW,-1.9787,0,none
2025-01-01 09:32:30,ATTITUDE_YAW,2.4238,0,none
2025-01-01 09:40:50,ATTITUDE_YAW,-0.8863,0,none
2025-01-01 09:49:10,ATTITUDE_YAW,-2.0804,0,none
2025-01-01 09:57:30,ATTITUDE_YAW,0.4604,0,none
2025-01-01 10:05:50,ATTITUDE_YAW,-3.0591,0,none
2025-01-01 10:14:10,ATTITUDE_YAW,0.1283,0,none
2025-01-01 10:22:30,ATTITUDE_YAW,0.7095,0,none
2025-01-01 10:30:50,ATTITUDE_YAW,-1.7651,0,none
2025-01-01 10:39:10,ATTITUDE_YAW,-0.1929,0,none
2025-01-01 10:47:30,ATTITUDE_YAW,-1.6619,0,none
2025-01-01 10:55:50,ATTITUDE_YAW,-1.7998,0,none
2025-01-01 11:04:10,ATTITUDE_YAW,-0.8386,0,none
2025-01-01 11:12:30,ATTITUDE_YAW,0.2786,0,none
2025-01-01 11:20:50,ATTITUDE_YAW,-1.4747,0,none
2025-01-01 11:29:10,ATTITUDE_YAW,1.8117,0,none
2025-01-01 11:37:30,ATTITUDE_YAW,-1.0155,0,none
2025-01-01 11:45:50,ATTITUDE_YAW,-0.2991,0,none
2025-01-01 11:54:10,ATTITUDE_YAW,-0.9871,0,none
2025-01-01 12:02:30,ATTITUDE_YAW,-2.4837,0,none
2025-01-01 12:10:50,ATTITUDE_YAW,-3.0443,0,none
2025-01-01 12:19:10,ATTITUDE_YAW,-2.3317,0,none
2025-01-01 12:27:30,ATTITUDE_YAW,-1.8404,0,none
2025-01-01 12:35:50,ATTITUDE_YAW,-0.9806,0,none
2025-01-01 12:44:10,ATTITUDE_YAW,-2.1805,0,none
2025-01-01 12:52:30,ATTITUDE_YAW,-1.7747,0,none
2025-01-01 13:00:50,ATTITUDE_YAW,-0.5197,0,none
2025-01-01 13:09:10,ATTITUDE_YAW,-2.6791,0,none
2025-01-01 13:17:30,ATTITUDE_YAW,-0.0467,0,none
2025-01-01 13:25:50,ATTITUDE_YAW,-2.3543,0,none
2025-01-01 13:34:10,ATTITUDE_YAW,-1.8192,0,none
2025-01-01 13:42:30,ATTITUDE_YAW,-2.4981,0,none
2025-01-01 13:50:50,ATTITUDE_YAW,-1.1869,0,none
2025-01-01 13:59:10,ATTITUDE_YAW,-0.4789,0,none
2025-01-01 14:07:30,ATTITUDE_YAW,-1.6495,0,none
2025-01-01 14:15:50,ATTITUDE_YAW,-2.0293,0,none
2025-01-01 14:24:10,ATTITUDE_YAW,-2.4712,0,none
2025-01-01 14:32:30,ATTITUDE_YAW,-1.7728,0,none
2025-01-01 14:40:50,ATTITUDE_YAW,-2.9066,0,none
2025-01-01 14:49:10,ATTITUDE_YAW,-3.0893,0,none
2025-01-01 14:57:30,ATTITUDE_YAW,-2.5015,0,none
2025-01-01 15:05:50,ATTITUDE_YAW,-1.323,0,none
2025-01-01 15:14:10,ATTITUDE_YAW,1.2175,0,none
2025-01-01 15:22:30,ATTITUDE_YAW,-0.8623,0,none
2025-01-01 15:30:50,ATTITUDE_YAW,-0.91,0,none
2025-01-01 15:39:10,ATTITUDE_YAW,-1.7936,0,none
2025-01-01 15:47:30,ATTITUDE_YAW,-1.797,0,none
2025-01-01 15:55:50,ATTITUDE_YAW,-1.6904,0,none
2025-01-01 16:04:10,ATTITUDE_YAW,-1.5141,0,none
2025-01-01 16:12:30,ATTITUDE_YAW,-0.5693,0,none
2025-01-01 16:20:50,ATTITUDE_YAW,-1.2014,0,none
2025-01-01 16:29:10,ATTITUDE_YAW,-3.0975,0,none
2025-01-01 16:37:30,ATTITUDE_YAW,-0.8978,0,none
2025-01-01 16:45:50,ATTITUDE_YAW,0.5305,0,none
2025-01-01 16:54:10,ATTITUDE_YAW,-1.5671,0,none
2025-01-01 17:02:30,ATTITUDE_YAW,-2.0547,0,none
2025-01-01 17:10:50,ATTITUDE_YAW,-2.5625,0,none
2025-01-01 17:19:10,ATTITUDE_YAW,1.339,0,none
2025-01-01 17:27:30,ATTITUDE_YAW,-2.4861,0,none
2025-01-01 17:35:50,ATTITUDE_YAW,-1.1214,0,none
2025-01-01 17:44:10,ATTITUDE_YAW,-2.7764,0,none
2025-01-01 17:52:30,ATTITUDE_YAW,-1.1747,0,none
2025-01-01 18:00:50,ATTITUDE_YAW,-3.0455,0,none
2025-01-01 18:09:10,ATTITUDE_YAW,-1.8722,0,none
2025-01-01 18:17:30,ATTITUDE_YAW,-0.4209,0,none
2025-01-01 18:25:50,ATTITUDE_YAW,-0.5328,0,none
2025-01-01 18:34:10,ATTITUDE_YAW,1.1983,0,none
2025-01-01 18:42:30,ATTITUDE_YAW,0.7177,0,none
2025-01-01 18:50:50,ATTITUDE_YAW,-1.6068,0,none
2025-01-01 18:59:10,ATTITUDE_YAW,-2.2674,0,none
2025-01-01 19:07:30,ATTITUDE_YAW,0.9095,0,none
2025-01-01 19:15:50,ATTITUDE_YAW,-1.5643,0,none
2025-01-01 19:24:10,ATTITUDE_YAW,-2.2539,0,none
2025-01-01 19:32:30,ATTITUDE_YAW,0.7126,0,none
2025-01-01 19:40:50,ATTITUDE_YAW,-1.6746,0,none
2025-01-01 19:49:10,ATTITUDE_YAW,1.6792,0,none
2025-01-01 19:57:30,ATTITUDE_YAW,1.6101,0,none
2025-01-01 20:05:50,ATTITUDE_YAW,3.4193,0,none
2025-01-01 20:14:10,ATTITUDE_YAW,0.3137,0,none
2025-01-01 20:22:30,ATTITUDE_YAW,2.3525,0,none
2025-01-01 20:30:50,ATTITUDE_YAW,-2.6019,0,none
2025-01-01 20:39:10,ATTITUDE_YAW,2.096,0,none
2025-01-01 20:47:30,ATTITUDE_YAW,3.3517,0,none
2025-01-01 20:55:50,ATTITUDE_YAW,-0.6786,0,none
2025-01-01 21:04:10,ATTITUDE_YAW,0.571,0,none
2025-01-01 21:12:30,ATTITUDE_YAW,2.6683,0,none
2025-01-01 21:20:50,ATTITUDE_YAW,0.1495,0,none
2025-01-01 21:29:10,ATTITUDE_YAW,0.5653,0,none
2025-01-01 21:37:30,ATTITUDE_YAW,-3.0894,0,none
2025-01-01 21:45:50,ATTITUDE_YAW,2.7248,0,none
2025-01-01 21:54:10,ATTITUDE_YAW,-0.5762,0,none
2025-01-01 22:02:30,ATTITUDE_YAW,0.1784,0,none
2025-01-01 22:10:50,ATTITUDE_YAW,2.6982,0,none
2025-01-01 22:19:10,ATTITUDE_YAW,2.5179,0,none
2025-01-01 22:27:30,ATTITUDE_YAW,-1.8099,0,none
2025-01-01 22:35:50,ATTITUDE_YAW,1.4675,0,none
2025-01-01 22:44:10,ATTITUDE_YAW,1.8082,0,none
2025-01-01 22:52:30,ATTITUDE_YAW,2.2127,0,none
2025-01-01 23:00:50,ATTITUDE_YAW,-1.4385,0,none
2025-01-01 23:09:10,ATTITUDE_YAW,0.369,0,none
2025-01-01 23:17:30,ATTITUDE_YAW,1.4571,0,none
2025-01-01 23:25:50,ATTITUDE_YAW,0.0245,0,none
2025-01-01 23:34:10,ATTITUDE_YAW,2.4424,0,none
2025-01-01 23:42:30,ATTITUDE_YAW,-0.1719,0,none
2025-01-01 23:50:50,ATTITUDE_YAW,2.1473,0,none
2025-01-01 23:59:10,ATTITUDE_YAW,2.6298,0,none
2025-01-02 00:07:30,ATTITUDE_YAW,1.8614,0,none
2025-01-02 00:15:50,ATTITUDE_YAW,2.1954,0,none
2025-01-02 00:24:10,ATTITUDE_YAW,1.6878,0,none
2025-01-02 00:32:30,ATTITUDE_YAW,0.0723,0,none
2025-01-02 00:40:50,ATTITUDE_YAW,0.9945,0,none
2025-01-02 00:49:10,ATTITUDE_YAW,0.7999,0,none
2025-01-02 00:57:30,ATTITUDE_YAW,2.1175,0,none
2025-01-02 01:05:50,ATTITUDE_YAW,1.6697,0,none
2025-01-02 01:14:10,ATTITUDE_YAW,1.2253,0,none
2025-01-02 01:22:30,ATTITUDE_YAW,2.3543,0,none
2025-01-02 01:30:50,ATTITUDE_YAW,1.8549,0,none
2025-01-02 01:39:10,ATTITUDE_YAW,2.031,0,none
2025-01-02 01:47:30,ATTITUDE_YAW,2.6403,0,none
2025-01-02 01:55:50,ATTITUDE_YAW,-0.4068,0,none
2025-01-02 02:04:10,ATTITUDE_YAW,2.5278,0,none
2025-01-02 02:12:30,ATTITUDE_YAW,1.7459,0,none
2025-01-02 02:20:50,ATTITUDE_YAW,0.6842,0,none
2025-01-02 02:29:10,ATTITUDE_YAW,1.8534,0,none
2025-01-02 02:37:30,ATTITUDE_YAW,0.3677,0,none
2025-01-02 02:45:50,ATTITUDE_YAW,2.0892,0,none
2025-01-02 02:54:10,ATTITUDE_YAW,2.8227,0,none
2025-01-02 03:02:30,ATTITUDE_YAW,0.4858,0,none
2025-01-02 03:10:50,ATTITUDE_YAW,1.4239,0,none
2025-01-02 03:19:10,ATTITUDE_YAW,0.986,0,none
2025-01-02 03:27:30,ATTITUDE_YAW,0.6841,0,none
2025-01-02 03:35:50,ATTITUDE_YAW,0.6938,0,none
2025-01-02 03:44:10,ATTITUDE_YAW,0.6217,0,none
2025-01-01 00:00:20,BATT_CURRENT_1,2.6705,0,none
2025-01-01 00:08:40,BATT_CURRENT_1,3.1128,0,none
2025-01-01 00:17:00,BATT_CURRENT_1,2.8546,0,none
2025-01-01 00:25:20,BATT_CURRENT_1,3.0972,0,none
2025-01-01 00:33:40,BATT_CURRENT_1,2.8202,0,none
2025-01-01 00:42:00,BATT_CURRENT_1,2.9202,0,none
2025-01-01 00:50:20,BATT_CURRENT_1,2.7121,0,none
2025-01-01 00:58:40,BATT_CURRENT_1,3.3769,0,none
2025-01-01 01:07:00,BATT_CURRENT_1,3.0034,0,none
2025-01-01 01:15:20,BATT_CURRENT_1,2.6203,0,none
2025-01-01 01:23:40,BATT_CURRENT_1,2.4967,0,none
2025-01-01 01:32:00,BATT_CURRENT_1,2.8055,0,none
2025-01-01 01:40:20,BATT_CURRENT_1,3.1018,0,none
2025-01-01 01:48:40,BATT_CURRENT_1,3.096,0,none
2025-01-01 01:57:00,BATT_CURRENT_1,3.1984,0,none
2025-01-01 02:05:20,BATT_CURRENT_1,3.1867,0,none
2025-01-01 02:13:40,BATT_CURRENT_1,3.1939,0,none
2025-01-01 02:22:00,BATT_CURRENT_1,3.3704,0,none
2025-01-01 02:30:20,BATT_CURRENT_1,2.6512,0,none
2025-01-01 02:38:40,BATT_CURRENT_1,3.0818,0,none
2025-01-01 02:47:00,BATT_CURRENT_1,3.2951,0,none
2025-01-01 02:55:20,BATT_CURRENT_1,2.7303,0,none
2025-01-01 03:03:40,BATT_CURRENT_1,2.9072,0,none
2025-01-01 03:12:00,BATT_CURRENT_1,3.1933,0,none
2025-01-01 03:20:20,BATT_CURRENT_1,3.23,0,none
2025-01-01 03:28:40,BATT_CURRENT_1,3.1338,0,none
2025-01-01 03:37:00,BATT_CURRENT_1,2.5785,0,none
2025-01-01 03:45:20,BATT_CURRENT_1,3.2897,0,none
2025-01-01 03:53:40,BATT_CURRENT_1,3.2149,0,none
2025-01-01 04:02:00,BATT_CURRENT_1,2.6208,0,none
2025-01-01 04:10:20,BATT_CURRENT_1,3.3313,0,none
2025-01-01 04:18:40,BATT_CURRENT_1,2.265,0,none
2025-01-01 04:27:00,BATT_CURRENT_1,2.4317,0,none
2025-01-01 04:35:20,BATT_CURRENT_1,2.9891,0,none
2025-01-01 04:43:40,BATT_CURRENT_1,3.0084,0,none
2025-01-01 04:52:00,BATT_CURRENT_1,2.0217,0,none
2025-01-01 05:00:20,BATT_CURRENT_1,3.2073,0,none
2025-01-01 05:08:40,BATT_CURRENT_1,2.7172,0,none
2025-01-01 05:17:00,BATT_CURRENT_1,3.1443,0,none
2025-01-01 05:25:20,BATT_CURRENT_1,3.0183,0,none
2025-01-01 05:33:40,BATT_CURRENT_1,2.4091,0,none
2025-01-01 05:42:00,BATT_CURRENT_1,3.3058,0,none
2025-01-01 05:50:20,BATT_CURRENT_1,2.9763,0,none
2025-01-01 05:58:40,BATT_CURRENT_1,3.1635,0,none
2025-01-01 06:07:00,BATT_CURRENT_1,2.417,0,none
2025-01-01 06:15:20,BATT_CURRENT_1,1.9281,0,none
2025-01-01 06:23:40,BATT_CURRENT_1,2.1519,0,none
2025-01-01 06:32:00,BATT_CURRENT_1,3.4804,0,none
2025-01-01 06:40:20,BATT_CURRENT_1,1.9685,0,none
2025-01-01 06:48:40,BATT_CURRENT_1,2.1144,0,none
2025-01-01 06:57:00,BATT_CURRENT_1,3.023,0,none
2025-01-01 07:05:20,BATT_CURRENT_1,2.9204,0,none
2025-01-01 07:13:40,BATT_CURRENT_1,2.0696,0,none
2025-01-01 07:22:00,BATT_CURRENT_1,1.947,0,none
2025-01-01 07:30:20,BATT_CURRENT_1,3.2051,0,none
2025-01-01 07:38:40,BATT_CURRENT_1,2.7526,0,none
2025-01-01 07:47:00,BATT_CURRENT_1,1.7564,0,none
2025-01-01 07:55:20,BATT_CURRENT_1,1.8348,0,none
2025-01-01 08:03:40,BATT_CURRENT_1,2.6359,0,none
2025-01-01 08:12:00,BATT_CURRENT_1,2.2535,0,none
2025-01-01 08:20:20,BATT_CURRENT_1,2.7828,0,none
2025-01-01 08:28:40,BATT_CURRENT_1,1.5249,0,none
2025-01-01 08:37:00,BATT_CURRENT_1,2.1171,0,none
2025-01-01 08:45:20,BATT_CURRENT_1,1.7433,0,none
2025-01-01 08:53:40,BATT_CURRENT_1,1.8408,0,none
2025-01-01 09:02:00,BATT_CURRENT_1,3.0,0,none
2025-01-01 09:10:20,BATT_CURRENT_1,1.9609,0,none
2025-01-01 09:18:40,BATT_CURRENT_1,3.0761,0,none
2025-01-01 09:27:00,BATT_CURRENT_1,3.0094,0,none
2025-01-01 09:35:20,BATT_CURRENT_1,3.1119,0,none
2025-01-01 09:43:40,BATT_CURRENT_1,2.3506,0,none
2025-01-01 09:52:00,BATT_CURRENT_1,1.9317,0,none
2025-01-01 10:00:20,BATT_CURRENT_1,1.8624,0,none
2025-01-01 10:08:40,BATT_CURRENT_1,1.7714,0,none
2025-01-01 10:17:00,BATT_CURRENT_1,1.9327,0,none
2025-01-01 10:25:20,BATT_CURRENT_1,1.9083,0,none
2025-01-01 10:33:40,BATT_CURRENT_1,1.5814,0,none
2025-01-01 10:42:00,BATT_CURRENT_1,2.7143,0,none
2025-01-01 10:50:20,BATT_CURRENT_1,1.8402,0,none
2025-01-01 10:58:40,BATT_CURRENT_1,1.6333,0,none
2025-01-01 11:07:00,BATT_CURRENT_1,1.9248,0,none
2025-01-01 11:15:20,BATT_CURRENT_1,1.9588,0,none
2025-01-01 11:23:40,BATT_CURRENT_1,2.4604,0,none
2025-01-01 11:32:00,BATT_CURRENT_1,1.9969,0,none
2025-01-01 11:40:20,BATT_CURRENT_1,2.6388,0,none
2025-01-01 11:48:40,BATT_CURRENT_1,1.686,0,none
2025-01-01 11:57:00,BATT_CURRENT_1,2.3517,0,none
2025-01-01 12:05:20,BATT_CURRENT_1,1.6659,0,none
2025-01-01 12:13:40,BATT_CURRENT_1,1.843,0,none
2025-01-01 12:22:00,BATT_CURRENT_1,2.4208,0,none
2025-01-01 12:30:20,BATT_CURRENT_1,2.2923,0,none
2025-01-01 12:38:40,BATT_CURRENT_1,2.089,0,none
2025-01-01 12:47:00,BATT_CURRENT_1,2.1243,0,none
2025-01-01 12:55:20,BATT_CURRENT_1,1.9529,0,none
2025-01-01 13:03:40,BATT_CURRENT_1,2.2839,0,none
2025-01-01 13:12:00,BATT_CURRENT_1,2.1382,0,none
2025-01-01 13:20:20,BATT_CURRENT_1,1.6608,0,none
2025-01-01 13:28:40,BATT_CURRENT_1,1.8142,0,none
2025-01-01 13:37:00,BATT_CURRENT_1,2.1253,0,none
2025-01-01 13:45:20,BATT_CURRENT_1,1.955,0,none
2025-01-01 13:53:40,BATT_CURRENT_1,2.3792,0,none
2025-01-01 14:02:00,BATT_CURRENT_1,2.1684,0,none
2025-01-01 14:10:20,BATT_CURRENT_1,1.9068,0,none
2025-01-01 14:18:40,BATT_CURRENT_1,2.154,0,none
2025-01-01 14:27:00,BATT_CURRENT_1,1.787,0,none
2025-01-01 14:35:20,BATT_CURRENT_1,1.91,0,none
2025-01-01 14:43:40,BATT_CURRENT_1,1.9199,0,none
2025-01-01 14:52:00,BATT_CURRENT_1,2.0359,0,none
2025-01-01 15:00:20,BATT_CURRENT_1,1.8699,0,none
2025-01-01 15:08:40,BATT_CURRENT_1,1.9843,0,none
2025-01-01 15:17:00,BATT_CURRENT_1,2.1752,0,none
2025-01-01 15:25:20,BATT_CURRENT_1,2.0436,0,none
2025-01-01 15:33:40,BATT_CURRENT_1,1.7149,0,none
2025-01-01 15:42:00,BATT_CURRENT_1,1.7544,0,none
2025-01-01 15:50:20,BATT_CURRENT_1,1.9702,0,none
2025-01-01 15:58:40,BATT_CURRENT_1,2.0297,0,none
2025-01-01 16:07:00,BATT_CURRENT_1,2.3524,0,none
2025-01-01 16:15:20,BATT_CURRENT_1,1.8897,0,none
2025-01-01 16:23:40,BATT_CURRENT_1,2.0016,0,none
2025-01-01 16:32:00,BATT_CURRENT_1,1.8483,0,none
2025-01-01 16:40:20,BATT_CURRENT_1,2.7806,0,none
2025-01-01 16:48:40,BATT_CURRENT_1,2.8027,0,none
2025-01-01 16:57:00,BATT_CURRENT_1,2.0522,0,none
2025-01-01 17:05:20,BATT_CURRENT_1,2.0044,0,none
2025-01-01 17:13:40,BATT_CURRENT_1,2.1943,0,none
2025-01-01 17:22:00,BATT_CURRENT_1,1.6361,0,none
2025-01-01 17:30:20,BATT_CURRENT_1,1.817,0,none
2025-01-01 17:38:40,BATT_CURRENT_1,1.8456,0,none
2025-01-01 17:47:00,BATT_CURRENT_1,2.2749,0,none
2025-01-01 17:55:20,BATT_CURRENT_1,2.6079,0,none
2025-01-01 18:03:40,BATT_CURRENT_1,2.1834,0,none
2025-01-01 18:12:00,BATT_CURRENT_1,1.8462,0,none
2025-01-01 18:20:20,BATT_CURRENT_1,1.9827,0,none
2025-01-01 18:28:40,BATT_CURRENT_1,1.7015,0,none
2025-01-01 18:37:00,BATT_CURRENT_1,1.8416,0,none
2025-01-01 18:45:20,BATT_CURRENT_1,2.3233,0,none
2025-01-01 18:53:40,BATT_CURRENT_1,1.8835,0,none
2025-01-01 19:02:00,BATT_CURRENT_1,2.6572,0,none
2025-01-01 19:10:20,BATT_CURRENT_1,1.8069,0,none
2025-01-01 19:18:40,BATT_CURRENT_1,2.8972,0,none
2025-01-01 19:27:00,BATT_CURRENT_1,2.5719,0,none
2025-01-01 19:35:20,BATT_CURRENT_1,2.8798,0,none
2025-01-01 19:43:40,BATT_CURRENT_1,3.2584,0,none
2025-01-01 19:52:00,BATT_CURRENT_1,2.6729,0,none
2025-01-01 20:00:20,BATT_CURRENT_1,1.7144,0,none
2025-01-01 20:08:40,BATT_CURRENT_1,3.1501,0,none
2025-01-01 20:17:00,BATT_CURRENT_1,2.6899,0,none
2025-01-01 20:25:20,BATT_CURRENT_1,2.1264,0,none
2025-01-01 20:33:40,BATT_CURRENT_1,2.0114,0,none
2025-01-01 20:42:00,BATT_CURRENT_1,2.2437,0,none
2025-01-01 20:50:20,BATT_CURRENT_1,1.8715,0,none
2025-01-01 20:58:40,BATT_CURRENT_1,2.8313,0,none
2025-01-01 21:07:00,BATT_CURRENT_1,2.7681,0,none
2025-01-01 21:15:20,BATT_CURRENT_1,2.4348,0,none
2025-01-01 21:23:40,BATT_CURRENT_1,3.0117,0,none
2025-01-01 21:32:00,BATT_CURRENT_1,2.6121,0,none
2025-01-01 21:40:20,BATT_CURRENT_1,3.342,0,none
2025-01-01 21:48:40,BATT_CURRENT_1,3.0894,0,none
2025-01-01 21:57:00,BATT_CURRENT_1,2.9052,0,none
2025-01-01 22:05:20,BATT_CURRENT_1,2.5612,0,none
2025-01-01 22:13:40,BATT_CURRENT_1,3.2346,0,none
2025-01-01 22:22:00,BATT_CURRENT_1,3.1357,0,none
2025-01-01 22:30:20,BATT_CURRENT_1,2.5767,0,none
2025-01-01 22:38:40,BATT_CURRENT_1,2.0427,0,none
2025-01-01 22:47:00,BATT_CURRENT_1,3.1908,0,none
2025-01-01 22:55:20,BATT_CURRENT_1,2.2863,0,none
2025-01-01 23:03:40,BATT_CURRENT_1,2.862,0,none
2025-01-01 23:12:00,BATT_CURRENT_1,2.0355,0,none
2025-01-01 23:20:20,BATT_CURRENT_1,2.5137,0,none
2025-01-01 23:28:40,BATT_CURRENT_1,2.2801,0,none
2025-01-01 23:37:00,BATT_CURRENT_1,3.2218,0,none
2025-01-01 23:45:20,BATT_CURRENT_1,3.0722,0,none
2025-01-01 23:53:40,BATT_CURRENT_1,3.1738,0,none
2025-01-02 00:02:00,BATT_CURRENT_1,1.8398,0,none
2025-01-02 00:10:20,BATT_CURRENT_1,2.814,0,none
2025-01-02 00:18:40,BATT_CURRENT_1,2.7018,0,none
2025-01-02 00:27:00,BATT_CURRENT_1,3.1213,0,none
2025-01-02 00:35:20,BATT_CURRENT_1,2.772,0,none
2025-01-02 00:43:40,BATT_CURRENT_1,3.2498,0,none
2025-01-02 00:52:00,BATT_CURRENT_1,3.3578,0,none
2025-01-02 01:00:20,BATT_CURRENT_1,3.0878,0,none
2025-01-02 01:08:40,BATT_CURRENT_1,3.1161,0,none
2025-01-02 01:17:00,BATT_CURRENT_1,3.1172,0,none
2025-01-02 01:25:20,BATT_CURRENT_1,3.0686,0,none
2025-01-02 01:33:40,BATT_CURRENT_1,2.797,0,none
2025-01-02 01:42:00,BATT_CURRENT_1,2.6618,0,none
2025-01-02 01:50:20,BATT_CURRENT_1,2.3529,0,none
2025-01-02 01:58:40,BATT_CURRENT_1,3.0038,0,none
2025-01-02 02:07:00,BATT_CURRENT_1,3.0508,0,none
2025-01-02 02:15:20,BATT_CURRENT_1,3.0866,0,none
2025-01-02 02:23:40,BATT_CURRENT_1,3.3913,0,none
2025-01-02 02:32:00,BATT_CURRENT_1,3.4138,0,none
2025-01-02 02:40:20,BATT_CURRENT_1,2.9245,0,none
2025-01-02 02:48:40,BATT_CURRENT_1,3.2786,0,none
2025-01-02 02:57:00,BATT_CURRENT_1,2.9578,0,none
2025-01-02 03:05:20,BATT_CURRENT_1,2.9057,0,none
2025-01-02 03:13:40,BATT_CURRENT_1,3.3204,0,none
2025-01-02 03:22:00,BATT_CURRENT_1,2.8393,0,none
2025-01-02 03:30:20,BATT_CURRENT_1,3.0968,0,none
2025-01-02 03:38:40,BATT_CURRENT_1,2.7734,0,none
2025-01-01 00:00:30,BATT_CURRENT_2,3.2158,0,none
2025-01-01 00:08:50,BATT_CURRENT_2,3.1915,0,none
2025-01-01 00:17:10,BATT_CURRENT_2,2.7227,0,none
2025-01-01 00:25:30,BATT_CURRENT_2,3.2077,0,none
2025-01-01 00:33:50,BATT_CURRENT_2,3.2416,0,none
2025-01-01 00:42:10,BATT_CURRENT_2,2.7508,0,none
2025-01-01 00:50:30,BATT_CURRENT_2,3.1346,0,none
2025-01-01 00:58:50,BATT_CURRENT_2,3.1499,0,none
2025-01-01 01:07:10,BATT_CURRENT_2,2.7761,0,none
2025-01-01 01:15:30,BATT_CURRENT_2,2.6744,0,none
2025-01-01 01:23:50,BATT_CURRENT_2,2.2503,0,none
2025-01-01 01:32:10,BATT_CURRENT_2,2.9313,0,none
2025-01-01 01:40:30,BATT_CURRENT_2,2.8311,0,none
2025-01-01 01:48:50,BATT_CURRENT_2,3.1177,0,none
2025-01-01 01:57:10,BATT_CURRENT_2,3.2127,0,none
2025-01-01 02:05:30,BATT_CURRENT_2,3.2187,0,none
2025-01-01 02:13:50,BATT_CURRENT_2,2.2764,0,none
2025-01-01 02:22:10,BATT_CURRENT_2,2.4471,0,none
2025-01-01 02:30:30,BATT_CURRENT_2,2.1017,0,none
2025-01-01 02:38:50,BATT_CURRENT_2,3.101,0,none
2025-01-01 02:47:10,BATT_CURRENT_2,2.677,0,none
2025-01-01 02:55:30,BATT_CURRENT_2,3.062,0,none
2025-01-01 03:03:50,BATT_CURRENT_2,2.8918,0,none
2025-01-01 03:12:10,BATT_CURRENT_2,2.4967,0,none
2025-01-01 03:20:30,BATT_CURRENT_2,3.0323,0,none
2025-01-01 03:28:50,BATT_CURRENT_2,3.2424,0,none
2025-01-01 03:37:10,BATT_CURRENT_2,2.8567,0,none
2025-01-01 03:45:30,BATT_CURRENT_2,3.1525,0,none
2025-01-01 03:53:50,BATT_CURRENT_2,2.5744,0,none
2025-01-01 04:02:10,BATT_CURRENT_2,3.3127,0,none
2025-01-01 04:10:30,BATT_CURRENT_2,2.0236,0,none
2025-01-01 04:18:50,BATT_CURRENT_2,2.782,0,none
2025-01-01 04:27:10,BATT_CURRENT_2,3.2059,0,none
2025-01-01 04:35:30,BATT_CURRENT_2,2.8108,0,none
2025-01-01 04:43:50,BATT_CURRENT_2,2.0805,0,none
2025-01-01 04:52:10,BATT_CURRENT_2,3.3069,0,none
2025-01-01 05:00:30,BATT_CURRENT_2,2.9325,0,none
2025-01-01 05:08:50,BATT_CURRENT_2,3.1924,0,none
2025-01-01 05:17:10,BATT_CURRENT_2,3.3507,0,none
2025-01-01 05:25:30,BATT_CURRENT_2,1.6085,0,none
2025-01-01 05:33:50,BATT_CURRENT_2,1.8124,0,none
2025-01-01 05:42:10,BATT_CURRENT_2,2.3637,0,none
2025-01-01 05:50:30,BATT_CURRENT_2,1.8233,0,none
2025-01-01 05:58:50,BATT_CURRENT_2,1.8095,0,none
2025-01-01 06:07:10,BATT_CURRENT_2,3.2282,0,none
2025-01-01 06:15:30,BATT_CURRENT_2,1.6683,0,none
2025-01-01 06:23:50,BATT_CURRENT_2,2.9317,0,none
2025-01-01 06:32:10,BATT_CURRENT_2,3.1048,0,none
2025-01-01 06:40:30,BATT_CURRENT_2,2.8734,0,none
2025-01-01 06:48:50,BATT_CURRENT_2,2.8258,0,none
2025-01-01 06:57:10,BATT_CURRENT_2,3.2413,0,none
2025-01-01 07:05:30,BATT_CURRENT_2,3.3539,0,none
2025-01-01 07:13:50,BATT_CURRENT_2,2.895,0,none
2025-01-01 07:22:10,BATT_CURRENT_2,2.8507,0,none
2025-01-01 07:30:30,BATT_CURRENT_2,3.1416,0,none
2025-01-01 07:38:50,BATT_CURRENT_2,2.2375,0,none
2025-01-01 07:47:10,BATT_CURRENT_2,2.515,0,none
2025-01-01 07:55:30,BATT_CURRENT_2,1.9337,0,none
2025-01-01 08:03:50,BATT_CURRENT_2,2.9088,0,none
2025-01-01 08:12:10,BATT_CURRENT_2,2.7732,0,none
2025-01-01 08:20:30,BATT_CURRENT_2,3.0792,0,none
2025-01-01 08:28:50,BATT_CURRENT_2,1.7731,0,none
2025-01-01 08:37:10,BATT_CURRENT_2,3.0889,0,none
2025-01-01 08:45:30,BATT_CURRENT_2,1.8232,0,none
2025-01-01 08:53:50,BATT_CURRENT_2,2.2218,0,none
2025-01-01 09:02:10,BATT_CURRENT_2,2.2763,0,none
2025-01-01 09:10:30,BATT_CURRENT_2,1.8319,0,none
2025-01-01 09:18:50,BATT_CURRENT_2,2.6994,0,none
2025-01-01 09:27:10,BATT_CURRENT_2,1.9425,0,none
2025-01-01 09:35:30,BATT_CURRENT_2,1.6879,0,none
2025-01-01 09:43:50,BATT_CURRENT_2,1.6497,0,none
2025-01-01 09:52:10,BATT_CURRENT_2,2.4401,0,none
2025-01-01 10:00:30,BATT_CURRENT_2,2.7644,0,none
2025-01-01 10:08:50,BATT_CURRENT_2,2.6405,0,none
2025-01-01 10:17:10,BATT_CURRENT_2,2.8023,0,none
2025-01-01 10:25:30,BATT_CURRENT_2,2.5012,0,none
2025-01-01 10:33:50,BATT_CURRENT_2,2.3739,0,none
2025-01-01 10:42:10,BATT_CURRENT_2,2.4767,0,none
2025-01-01 10:50:30,BATT_CURRENT_2,2.0696,0,none
2025-01-01 10:58:50,BATT_CURRENT_2,2.8772,0,none
2025-01-01 11:07:10,BATT_CURRENT_2,2.0853,0,none
2025-01-01 11:15:30,BATT_CURRENT_2,1.6525,0,none
2025-01-01 11:23:50,BATT_CURRENT_2,1.9669,0,none
2025-01-01 11:32:10,BATT_CURRENT_2,2.5031,0,none
2025-01-01 11:40:30,BATT_CURRENT_2,2.1298,0,none
2025-01-01 11:48:50,BATT_CURRENT_2,2.3619,0,none
2025-01-01 11:57:10,BATT_CURRENT_2,2.4984,0,none
2025-01-01 12:05:30,BATT_CURRENT_2,2.1878,0,none
2025-01-01 12:13:50,BATT_CURRENT_2,1.6887,0,none
2025-01-01 12:22:10,BATT_CURRENT_2,1.8529,0,none
2025-01-01 12:30:30,BATT_CURRENT_2,1.7957,0,none
2025-01-01 12:38:50,BATT_CURRENT_2,1.7357,0,none
2025-01-01 12:47:10,BATT_CURRENT_2,1.6936,0,none
2025-01-01 12:55:30,BATT_CURRENT_2,2.2698,0,none
2025-01-01 13:03:50,BATT_CURRENT_2,1.9492,0,none
2025-01-01 13:12:10,BATT_CURRENT_2,2.0414,0,none
2025-01-01 13:20:30,BATT_CURRENT_2,2.6427,0,none
2025-01-01 13:28:50,BATT_CURRENT_2,1.8967,0,none
2025-01-01 13:37:10,BATT_CURRENT_2,2.1201,0,none
2025-01-01 13:45:30,BATT_CURRENT_2,2.1528,0,none
2025-01-01 13:53:50,BATT_CURRENT_2,2.1145,0,none
2025-01-01 14:02:10,BATT_CURRENT_2,2.4427,0,none
2025-01-01 14:10:30,BATT_CURRENT_2,1.9265,0,none
2025-01-01 14:18:50,BATT_CURRENT_2,1.9235,0,none
2025-01-01 14:27:10,BATT_CURRENT_2,2.0506,0,none
2025-01-01 14:35:30,BATT_CURRENT_2,2.1427,0,none
2025-01-01 14:43:50,BATT_CURRENT_2,2.1128,0,none
2025-01-01 14:52:10,BATT_CURRENT_2,2.0403,0,none
2025-01-01 15:00:30,BATT_CURRENT_2,2.1654,0,none
2025-01-01 15:08:50,BATT_CURRENT_2,2.023,0,none
2025-01-01 15:17:10,BATT_CURRENT_2,1.8564,0,none
2025-01-01 15:25:30,BATT_CURRENT_2,1.997,0,none
2025-01-01 15:33:50,BATT_CURRENT_2,1.8068,0,none
2025-01-01 15:42:10,BATT_CURRENT_2,2.019,0,none
2025-01-01 15:50:30,BATT_CURRENT_2,2.6883,0,none
2025-01-01 15:58:50,BATT_CURRENT_2,2.8279,0,none
2025-01-01 16:07:10,BATT_CURRENT_2,1.9015,0,none
2025-01-01 16:15:30,BATT_CURRENT_2,1.9773,0,none
2025-01-01 16:23:50,BATT_CURRENT_2,2.2112,0,none
2025-01-01 16:32:10,BATT_CURRENT_2,2.5894,0,none
2025-01-01 16:40:30,BATT_CURRENT_2,1.8102,0,none
2025-01-01 16:48:50,BATT_CURRENT_2,2.565,0,none
2025-01-01 16:57:10,BATT_CURRENT_2,2.5427,0,none
2025-01-01 17:05:30,BATT_CURRENT_2,1.7636,0,none
2025-01-01 17:13:50,BATT_CURRENT_2,1.8997,0,none
2025-01-01 17:22:10,BATT_CURRENT_2,1.6947,0,none
2025-01-01 17:30:30,BATT_CURRENT_2,2.3131,0,none
2025-01-01 17:38:50,BATT_CURRENT_2,1.8017,0,none
2025-01-01 17:47:10,BATT_CURRENT_2,2.5089,0,none
2025-01-01 17:55:30,BATT_CURRENT_2,1.907,0,none
2025-01-01 18:03:50,BATT_CURRENT_2,2.3088,0,none
2025-01-01 18:12:10,BATT_CURRENT_2,2.0897,0,none
2025-01-01 18:20:30,BATT_CURRENT_2,1.9191,0,none
2025-01-01 18:28:50,BATT_CURRENT_2,1.8079,0,none
2025-01-01 18:37:10,BATT_CURRENT_2,2.2343,0,none
2025-01-01 18:45:30,BATT_CURRENT_2,1.9839,0,none
2025-01-01 18:53:50,BATT_CURRENT_2,2.676,0,none
2025-01-01 19:02:10,BATT_CURRENT_2,2.9983,0,none
2025-01-01 19:10:30,BATT_CURRENT_2,2.3565,0,none
2025-01-01 19:18:50,BATT_CURRENT_2,1.8321,0,none
2025-01-01 19:27:10,BATT_CURRENT_2,2.4231,0,none
2025-01-01 19:35:30,BATT_CURRENT_2,2.7149,0,none
2025-01-01 19:43:50,BATT_CURRENT_2,2.0599,0,none
2025-01-01 19:52:10,BATT_CURRENT_2,2.0451,0,none
2025-01-01 20:00:30,BATT_CURRENT_2,3.2292,0,none
2025-01-01 20:08:50,BATT_CURRENT_2,2.5067,0,none
2025-01-01 20:17:10,BATT_CURRENT_2,2.4016,0,none
2025-01-01 20:25:30,BATT_CURRENT_2,2.0936,0,none
2025-01-01 20:33:50,BATT_CURRENT_2,2.3454,0,none
2025-01-01 20:42:10,BATT_CURRENT_2,2.6104,0,none
2025-01-01 20:50:30,BATT_CURRENT_2,3.3335,0,none
2025-01-01 20:58:50,BATT_CURRENT_2,2.1907,0,none
2025-01-01 21:07:10,BATT_CURRENT_2,1.9574,0,none
2025-01-01 21:15:30,BATT_CURRENT_2,3.0748,0,none
2025-01-01 21:23:50,BATT_CURRENT_2,2.9013,0,none
2025-01-01 21:32:10,BATT_CURRENT_2,3.0554,0,none
2025-01-01 21:40:30,BATT_CURRENT_2,1.8324,0,none
2025-01-01 21:48:50,BATT_CURRENT_2,3.2024,0,none
2025-01-01 21:57:10,BATT_CURRENT_2,2.8118,0,none
2025-01-01 22:05:30,BATT_CURRENT_2,3.2686,0,none
2025-01-01 22:13:50,BATT_CURRENT_2,2.1965,0,none
2025-01-01 22:22:10,BATT_CURRENT_2,2.698,0,none
2025-01-01 22:30:30,BATT_CURRENT_2,3.2298,0,none
2025-01-01 22:38:50,BATT_CURRENT_2,3.2653,0,none
2025-01-01 22:47:10,BATT_CURRENT_2,3.2183,0,none
2025-01-01 22:55:30,BATT_CURRENT_2,3.064,0,none
2025-01-01 23:03:50,BATT_CURRENT_2,2.7895,0,none
2025-01-01 23:12:10,BATT_CURRENT_2,3.3169,0,none
2025-01-01 23:20:30,BATT_CURRENT_2,3.151,0,none
2025-01-01 23:28:50,BATT_CURRENT_2,3.3915,0,none
2025-01-01 23:37:10,BATT_CURRENT_2,3.2405,0,none
2025-01-01 23:45:30,BATT_CURRENT_2,2.1906,0,none
2025-01-01 23:53:50,BATT_CURRENT_2,2.704,0,none
2025-01-02 00:02:10,BATT_CURRENT_2,2.2358,0,none
2025-01-02 00:10:30,BATT_CURRENT_2,2.7552,0,none
2025-01-02 00:18:50,BATT_CURRENT_2,2.3344,0,none
2025-01-02 00:27:10,BATT_CURRENT_2,3.0926,0,none
2025-01-02 00:35:30,BATT_CURRENT_2,3.0217,0,none
2025-01-02 00:43:50,BATT_CURRENT_2,3.2806,0,none
2025-01-02 00:52:10,BATT_CURRENT_2,2.9064,0,none
2025-01-02 01:00:30,BATT_CURRENT_2,3.1562,0,none
2025-01-02 01:08:50,BATT_CURRENT_2,2.3253,0,none
2025-01-02 01:17:10,BATT_CURRENT_2,3.187,0,none
2025-01-02 01:25:30,BATT_CURRENT_2,2.818,0,none
2025-01-02 01:33:50,BATT_CURRENT_2,3.1299,0,none
2025-01-02 01:42:10,BATT_CURRENT_2,3.1101,0,none
2025-01-02 01:50:30,BATT_CURRENT_2,3.2711,0,none
2025-01-02 01:58:50,BATT_CURRENT_2,3.3731,0,none
2025-01-02 02:07:10,BATT_CURRENT_2,3.2003,0,none
2025-01-02 02:15:30,BATT_CURRENT_2,3.1896,0,none
2025-01-02 02:23:50,BATT_CURRENT_2,3.3641,0,none
2025-01-02 02:32:10,BATT_CURRENT_2,2.473,0,none
2025-01-02 02:40:30,BATT_CURRENT_2,2.9364,0,none
2025-01-02 02:48:50,BATT_CURRENT_2,3.2235,0,none
2025-01-02 02:57:10,BATT_CURRENT_2,3.0309,0,none
2025-01-02 03:05:30,BATT_CURRENT_2,2.6673,0,none
2025-01-02 03:13:50,BATT_CURRENT_2,2.8351,0,none
2025-01-02 03:22:10,BATT_CURRENT_2,3.1262,0,none
2025-01-02 03:30:30,BATT_CURRENT_2,3.349,0,none
2025-01-02 03:38:50,BATT_CURRENT_2,2.6378,0,none
2025-01-01 00:01:00,BATT_SOC,84.0094,0,none
2025-01-01 00:09:20,BATT_SOC,84.7269,0,none
2025-01-01 00:17:40,BATT_SOC,79.7528,0,none
2025-01-01 00:26:00,BATT_SOC,91.0935,0,none
2025-01-01 00:34:20,BATT_SOC,89.0551,0,none
2025-01-01 00:42:40,BATT_SOC,89.69,0,none
2025-01-01 00:51:00,BATT_SOC,89.8751,0,none
2025-01-01 00:59:20,BATT_SOC,91.0492,0,none
2025-01-01 01:07:40,BATT_SOC,86.9626,0,none
2025-01-01 01:16:00,BATT_SOC,86.2881,0,none
2025-01-01 01:24:20,BATT_SOC,88.9506,0,none
2025-01-01 01:32:40,BATT_SOC,88.1195,0,none
2025-01-01 01:41:00,BATT_SOC,88.8649,0,none
2025-01-01 01:49:20,BATT_SOC,83.6486,0,none
2025-01-01 01:57:40,BATT_SOC,76.0394,0,none
2025-01-01 02:06:00,BATT_SOC,83.3181,0,none
2025-01-01 02:14:20,BATT_SOC,80.7085,0,none
2025-01-01 02:22:40,BATT_SOC,88.5048,0,none
2025-01-01 02:31:00,BATT_SOC,88.7741,0,none
2025-01-01 02:39:20,BATT_SOC,90.3,0,none
2025-01-01 02:47:40,BATT_SOC,79.5287,0,none
2025-01-01 02:56:00,BATT_SOC,80.4934,0,none
2025-01-01 03:04:20,BATT_SOC,88.0171,0,none
2025-01-01 03:12:40,BATT_SOC,91.1892,0,none
2025-01-01 03:21:00,BATT_SOC,89.0445,0,none
2025-01-01 03:29:20,BATT_SOC,77.7758,0,none
2025-01-01 03:37:40,BATT_SOC,91.7725,0,none
2025-01-01 03:46:00,BATT_SOC,91.3944,0,none
2025-01-01 03:54:20,BATT_SOC,90.1801,0,none
2025-01-01 04:02:40,BATT_SOC,84.6906,0,none
2025-01-01 04:11:00,BATT_SOC,74.0382,0,none
2025-01-01 04:19:20,BATT_SOC,86.428,0,none
2025-01-01 04:27:40,BATT_SOC,82.021,0,none
2025-01-01 04:36:00,BATT_SOC,89.8873,0,none
2025-01-01 04:44:20,BATT_SOC,83.1655,0,none
2025-01-01 04:52:40,BATT_SOC,90.8742,0,none
2025-01-01 05:01:00,BATT_SOC,74.0445,0,none
2025-01-01 05:09:20,BATT_SOC,80.1464,0,none
2025-01-01 05:17:40,BATT_SOC,80.2322,0,none
2025-01-01 05:26:00,BATT_SOC,87.511,0,none
2025-01-01 05:34:20,BATT_SOC,88.7062,0,none
2025-01-01 05:42:40,BATT_SOC,85.5017,0,none
2025-01-01 05:51:00,BATT_SOC,88.2929,0,none
2025-01-01 05:59:20,BATT_SOC,72.0491,0,none
2025-01-01 06:07:40,BATT_SOC,77.6099,0,none
2025-01-01 06:16:00,BATT_SOC,78.8426,0,none
2025-01-01 06:24:20,BATT_SOC,70.2823,0,none
2025-01-01 06:32:40,BATT_SOC,79.4944,0,none
2025-01-01 06:41:00,BATT_SOC,87.2421,0,none
2025-01-01 06:49:20,BATT_SOC,83.7875,0,none
2025-01-01 06:57:40,BATT_SOC,81.9567,0,none
2025-01-01 07:06:00,BATT_SOC,87.9392,0,none
2025-01-01 07:14:20,BATT_SOC,87.1562,0,none
2025-01-01 07:22:40,BATT_SOC,82.0874,0,none
2025-01-01 07:31:00,BATT_SOC,75.272,0,none
2025-01-01 07:39:20,BATT_SOC,88.2862,0,none
2025-01-01 07:47:40,BATT_SOC,81.8866,0,none
2025-01-01 07:56:00,BATT_SOC,77.3232,0,none
2025-01-01 08:04:20,BATT_SOC,73.74,0,none
2025-01-01 08:12:40,BATT_SOC,80.3201,0,none
2025-01-01 08:21:00,BATT_SOC,84.6551,0,none
2025-01-01 08:29:20,BATT_SOC,72.3488,0,none
2025-01-01 08:37:40,BATT_SOC,67.1854,0,none
2025-01-01 08:46:00,BATT_SOC,73.7734,0,none
2025-01-01 08:54:20,BATT_SOC,77.1698,0,none
2025-01-01 09:02:40,BATT_SOC,73.8638,0,none
2025-01-01 09:11:00,BATT_SOC,83.9563,0,none
2025-01-01 09:19:20,BATT_SOC,81.8859,0,none
2025-01-01 09:27:40,BATT_SOC,87.564,0,none
2025-01-01 09:36:00,BATT_SOC,88.9861,0,none
2025-01-01 09:44:20,BATT_SOC,73.6978,0,none
2025-01-01 09:52:40,BATT_SOC,68.6514,0,none
2025-01-01 10:01:00,BATT_SOC,69.7399,0,none
2025-01-01 10:09:20,BATT_SOC,71.4578,0,none
2025-01-01 10:17:40,BATT_SOC,82.7972,0,none
2025-01-01 10:26:00,BATT_SOC,72.9365,0,none
2025-01-01 10:34:20,BATT_SOC,69.0282,0,none
2025-01-01 10:42:40,BATT_SOC,79.9548,0,none
2025-01-01 10:51:00,BATT_SOC,71.285,0,none
2025-01-01 10:59:20,BATT_SOC,72.0903,0,none
2025-01-01 11:07:40,BATT_SOC,75.0394,0,none
2025-01-01 11:16:00,BATT_SOC,83.2919,0,none
2025-01-01 11:24:20,BATT_SOC,79.4646,0,none
2025-01-01 11:32:40,BATT_SOC,68.8448,0,none
2025-01-01 11:41:00,BATT_SOC,80.3609,0,none
2025-01-01 11:49:20,BATT_SOC,74.8766,0,none
2025-01-01 11:57:40,BATT_SOC,76.2618,0,none
2025-01-01 12:06:00,BATT_SOC,79.9508,0,none
2025-01-01 12:14:20,BATT_SOC,73.8109,0,none
2025-01-01 12:22:40,BATT_SOC,81.0771,0,none
2025-01-01 12:31:00,BATT_SOC,73.0206,0,none
2025-01-01 12:39:20,BATT_SOC,70.5687,0,none
2025-01-01 12:47:40,BATT_SOC,73.0859,0,none
2025-01-01 12:56:00,BATT_SOC,70.0336,0,none
2025-01-01 13:04:20,BATT_SOC,74.1906,0,none
2025-01-01 13:12:40,BATT_SOC,73.6812,0,none
2025-01-01 13:21:00,BATT_SOC,68.1042,0,none
2025-01-01 13:29:20,BATT_SOC,80.7739,0,none
2025-01-01 13:37:40,BATT_SOC,73.3374,0,none
2025-01-01 13:46:00,BATT_SOC,68.4384,0,none
2025-01-01 13:54:20,BATT_SOC,71.4823,0,none
2025-01-01 14:02:40,BATT_SOC,69.4164,0,none
2025-01-01 14:11:00,BATT_SOC,78.3518,0,none
2025-01-01 14:19:20,BATT_SOC,75.7254,0,none
2025-01-01 14:27:40,BATT_SOC,79.8151,0,none
2025-01-01 14:36:00,BATT_SOC,68.4838,0,none
2025-01-01 14:44:20,BATT_SOC,77.2603,0,none
2025-01-01 14:52:40,BATT_SOC,75.4244,0,none
2025-01-01 15:01:00,BATT_SOC,69.8958,0,none
2025-01-01 15:09:20,BATT_SOC,68.6531,0,none
2025-01-01 15:17:40,BATT_SOC,72.7313,0,none
2025-01-01 15:26:00,BATT_SOC,75.4101,0,none
2025-01-01 15:34:20,BATT_SOC,79.8446,0,none
2025-01-01 15:42:40,BATT_SOC,73.1999,0,none
2025-01-01 15:51:00,BATT_SOC,80.2764,0,none
2025-01-01 15:59:20,BATT_SOC,76.2691,0,none
2025-01-01 16:07:40,BATT_SOC,75.9127,0,none
2025-01-01 16:16:00,BATT_SOC,71.6269,0,none
2025-01-01 16:24:20,BATT_SOC,68.4548,0,none
2025-01-01 16:32:40,BATT_SOC,70.8105,0,none
2025-01-01 16:41:00,BATT_SOC,79.5644,0,none
2025-01-01 16:49:20,BATT_SOC,69.0668,0,none
2025-01-01 16:57:40,BATT_SOC,70.8382,0,none
2025-01-01 17:06:00,BATT_SOC,86.8197,0,none
2025-01-01 17:14:20,BATT_SOC,71.5423,0,none
2025-01-01 17:22:40,BATT_SOC,86.6478,0,none
2025-01-01 17:31:00,BATT_SOC,75.8525,0,none
2025-01-01 17:39:20,BATT_SOC,84.4571,0,none
2025-01-01 17:47:40,BATT_SOC,80.1976,0,none
2025-01-01 17:56:00,BATT_SOC,70.2624,0,none
2025-01-01 18:04:20,BATT_SOC,77.686,0,none
2025-01-01 18:12:40,BATT_SOC,73.7132,0,none
2025-01-01 18:21:00,BATT_SOC,84.364,0,none
2025-01-01 18:29:20,BATT_SOC,73.1912,0,none
2025-01-01 18:37:40,BATT_SOC,78.4263,0,none
2025-01-01 18:46:00,BATT_SOC,73.6744,0,none
2025-01-01 18:54:20,BATT_SOC,69.7758,0,none
2025-01-01 19:02:40,BATT_SOC,78.1703,0,none
2025-01-01 19:11:00,BATT_SOC,71.6237,0,none
2025-01-01 19:19:20,BATT_SOC,73.9733,0,none
2025-01-01 19:27:40,BATT_SOC,84.1964,0,none
2025-01-01 19:36:00,BATT_SOC,70.8594,0,none
2025-01-01 19:44:20,BATT_SOC,69.6715,0,none
2025-01-01 19:52:40,BATT_SOC,69.987,0,none
2025-01-01 20:01:00,BATT_SOC,68.7636,0,none
2025-01-01 20:09:20,BATT_SOC,88.1994,0,none
2025-01-01 20:17:40,BATT_SOC,88.2819,0,none
2025-01-01 20:26:00,BATT_SOC,76.5091,0,none
2025-01-01 20:34:20,BATT_SOC,71.041,0,none
2025-01-01 20:42:40,BATT_SOC,90.8242,0,none
2025-01-01 20:51:00,BATT_SOC,78.2008,0,none
2025-01-01 20:59:20,BATT_SOC,71.3729,0,none
2025-01-01 21:07:40,BATT_SOC,71.0287,0,none
2025-01-01 21:16:00,BATT_SOC,68.1731,0,none
2025-01-01 21:24:20,BATT_SOC,86.2151,0,none
2025-01-01 21:32:40,BATT_SOC,87.0516,0,none
2025-01-01 21:41:00,BATT_SOC,78.7282,0,none
2025-01-01 21:49:20,BATT_SOC,71.5694,0,none
2025-01-01 21:57:40,BATT_SOC,85.6415,0,none
2025-01-01 22:06:00,BATT_SOC,87.6433,0,none
2025-01-01 22:14:20,BATT_SOC,70.4433,0,none
2025-01-01 22:22:40,BATT_SOC,84.2686,0,none
2025-01-01 22:31:00,BATT_SOC,85.1727,0,none
2025-01-01 22:39:20,BATT_SOC,72.1355,0,none
2025-01-01 22:47:40,BATT_SOC,89.6622,0,none
2025-01-01 22:56:00,BATT_SOC,89.9855,0,none
2025-01-01 23:04:20,BATT_SOC,80.4572,0,none
2025-01-01 23:12:40,BATT_SOC,75.3704,0,none
2025-01-01 23:21:00,BATT_SOC,75.6474,0,none
2025-01-01 23:29:20,BATT_SOC,88.4512,0,none
2025-01-01 23:37:40,BATT_SOC,88.9339,0,none
2025-01-01 23:46:00,BATT_SOC,79.4,0,none
2025-01-01 23:54:20,BATT_SOC,74.9251,0,none
2025-01-02 00:02:40,BATT_SOC,83.8415,0,none
2025-01-02 00:11:00,BATT_SOC,87.8679,0,none
2025-01-02 00:19:20,BATT_SOC,87.4215,0,none
2025-01-02 00:27:40,BATT_SOC,87.2582,0,none
2025-01-02 00:36:00,BATT_SOC,90.0283,0,none
2025-01-02 00:44:20,BATT_SOC,90.6632,0,none
2025-01-02 00:52:40,BATT_SOC,90.6224,0,none
2025-01-02 01:01:00,BATT_SOC,78.992,0,none
2025-01-02 01:09:20,BATT_SOC,78.8662,0,none
2025-01-02 01:17:40,BATT_SOC,83.4455,0,none
2025-01-02 01:26:00,BATT_SOC,90.6999,0,none
2025-01-02 01:34:20,BATT_SOC,84.3864,0,none
2025-01-02 01:42:40,BATT_SOC,85.2209,0,none
2025-01-02 01:51:00,BATT_SOC,80.9364,0,none
2025-01-02 01:59:20,BATT_SOC,78.4996,0,none
2025-01-02 02:07:40,BATT_SOC,85.7668,0,none
2025-01-02 02:16:00,BATT_SOC,89.284,0,none
2025-01-02 02:24:20,BATT_SOC,90.2767,0,none
2025-01-02 02:32:40,BATT_SOC,92.165,0,none
2025-01-02 02:41:00,BATT_SOC,91.9507,0,none
2025-01-02 02:49:20,BATT_SOC,88.6594,0,none
2025-01-02 02:57:40,BATT_SOC,89.7015,0,none
2025-01-02 03:06:00,BATT_SOC,83.5677,0,none
2025-01-02 03:14:20,BATT_SOC,88.8856,0,none
2025-01-02 03:22:40,BATT_SOC,86.8212,0,none
2025-01-02 03:31:00,BATT_SOC,90.0232,0,none
2025-01-02 03:39:20,BATT_SOC,84.2748,0,none
2025-01-01 00:00:40,BATT_TEMP_1,24.871,0,none
2025-01-01 00:09:00,BATT_TEMP_1,25.4371,0,none
2025-01-01 00:17:20,BATT_TEMP_1,29.2339,0,none
2025-01-01 00:25:40,BATT_TEMP_1,23.9365,0,none
2025-01-01 00:34:00,BATT_TEMP_1,28.9566,0,none
2025-01-01 00:42:20,BATT_TEMP_1,26.4173,0,none
2025-01-01 00:50:40,BATT_TEMP_1,27.0868,0,none
2025-01-01 00:59:00,BATT_TEMP_1,28.1019,0,none
2025-01-01 01:07:20,BATT_TEMP_1,29.4555,0,none
2025-01-01 01:15:40,BATT_TEMP_1,29.06,0,none
2025-01-01 01:24:00,BATT_TEMP_1,28.1213,0,none
2025-01-01 01:32:20,BATT_TEMP_1,30.0267,0,none
2025-01-01 01:40:40,BATT_TEMP_1,29.3362,0,none
2025-01-01 01:49:00,BATT_TEMP_1,24.5023,0,none
2025-01-01 01:57:20,BATT_TEMP_1,27.4387,0,none
2025-01-01 02:05:40,BATT_TEMP_1,26.4656,0,none
2025-01-01 02:14:00,BATT_TEMP_1,27.9137,0,none
2025-01-01 02:22:20,BATT_TEMP_1,29.3495,0,none
2025-01-01 02:30:40,BATT_TEMP_1,28.2102,0,none
2025-01-01 02:39:00,BATT_TEMP_1,29.5088,0,none
2025-01-01 02:47:20,BATT_TEMP_1,28.5642,0,none
2025-01-01 02:55:40,BATT_TEMP_1,28.6576,0,none
2025-01-01 03:04:00,BATT_TEMP_1,29.9663,0,none
2025-01-01 03:12:20,BATT_TEMP_1,30.7064,0,none
2025-01-01 03:20:40,BATT_TEMP_1,27.646,0,none
2025-01-01 03:29:00,BATT_TEMP_1,23.6544,0,none
2025-01-01 03:37:20,BATT_TEMP_1,27.5665,0,none
2025-01-01 03:45:40,BATT_TEMP_1,29.432,0,none
2025-01-01 03:54:00,BATT_TEMP_1,29.8663,0,none
2025-01-01 04:02:20,BATT_TEMP_1,22.5896,0,none
2025-01-01 04:10:40,BATT_TEMP_1,28.3292,0,none
2025-01-01 04:19:00,BATT_TEMP_1,28.8087,0,none
2025-01-01 04:27:20,BATT_TEMP_1,28.9845,0,none
2025-01-01 04:35:40,BATT_TEMP_1,30.0977,0,none
2025-01-01 04:44:00,BATT_TEMP_1,28.7045,0,none
2025-01-01 04:52:20,BATT_TEMP_1,20.8921,0,none
2025-01-01 05:00:40,BATT_TEMP_1,25.9742,0,none
2025-01-01 05:09:00,BATT_TEMP_1,29.9027,0,none
2025-01-01 05:17:20,BATT_TEMP_1,26.6587,0,none
2025-01-01 05:25:40,BATT_TEMP_1,29.3958,0,none
2025-01-01 05:34:00,BATT_TEMP_1,23.665,0,none
2025-01-01 05:42:20,BATT_TEMP_1,28.5509,0,none
2025-01-01 05:50:40,BATT_TEMP_1,25.7604,0,none
2025-01-01 05:59:00,BATT_TEMP_1,29.0529,0,none
2025-01-01 06:07:20,BATT_TEMP_1,30.4964,0,none
2025-01-01 06:15:40,BATT_TEMP_1,30.6977,0,none
2025-01-01 06:24:00,BATT_TEMP_1,22.4694,0,none
2025-01-01 06:32:20,BATT_TEMP_1,24.8912,0,none
2025-01-01 06:40:40,BATT_TEMP_1,22.1643,0,none
2025-01-01 06:49:00,BATT_TEMP_1,20.5038,0,none
2025-01-01 06:57:20,BATT_TEMP_1,23.4385,0,none
2025-01-01 07:05:40,BATT_TEMP_1,27.25,0,none
2025-01-01 07:14:00,BATT_TEMP_1,19.0128,0,none
2025-01-01 07:22:20,BATT_TEMP_1,21.7355,0,none
2025-01-01 07:30:40,BATT_TEMP_1,26.0408,0,none
2025-01-01 07:39:00,BATT_TEMP_1,23.2253,0,none
2025-01-01 07:47:20,BATT_TEMP_1,19.6215,0,none
2025-01-01 07:55:40,BATT_TEMP_1,21.8593,0,none
2025-01-01 08:04:00,BATT_TEMP_1,29.2718,0,none
2025-01-01 08:12:20,BATT_TEMP_1,20.725,0,none
2025-01-01 08:20:40,BATT_TEMP_1,29.5956,0,none
2025-01-01 08:29:00,BATT_TEMP_1,24.0906,0,none
2025-01-01 08:37:20,BATT_TEMP_1,28.4431,0,none
2025-01-01 08:45:40,BATT_TEMP_1,21.1985,0,none
2025-01-01 08:54:00,BATT_TEMP_1,25.6845,0,none
2025-01-01 09:02:20,BATT_TEMP_1,21.4684,0,none
2025-01-01 09:10:40,BATT_TEMP_1,23.8116,0,none
2025-01-01 09:19:00,BATT_TEMP_1,21.2251,0,none
2025-01-01 09:27:20,BATT_TEMP_1,21.9553,0,none
2025-01-01 09:35:40,BATT_TEMP_1,24.006,0,none
2025-01-01 09:44:00,BATT_TEMP_1,20.5491,0,none
2025-01-01 09:52:20,BATT_TEMP_1,20.8049,0,none
2025-01-01 10:00:40,BATT_TEMP_1,26.8892,0,none
2025-01-01 10:09:00,BATT_TEMP_1,27.18,0,none
2025-01-01 10:17:20,BATT_TEMP_1,20.1819,0,none
2025-01-01 10:25:40,BATT_TEMP_1,26.6768,0,none
2025-01-01 10:34:00,BATT_TEMP_1,19.3237,0,none
2025-01-01 10:42:20,BATT_TEMP_1,24.3219,0,none
2025-01-01 10:50:40,BATT_TEMP_1,19.9137,0,none
2025-01-01 10:59:00,BATT_TEMP_1,20.2651,0,none
2025-01-01 11:07:20,BATT_TEMP_1,24.5582,0,none
2025-01-01 11:15:40,BATT_TEMP_1,20.9249,0,none
2025-01-01 11:24:00,BATT_TEMP_1,21.5343,0,none
2025-01-01 11:32:20,BATT_TEMP_1,19.2074,0,none
2025-01-01 11:40:40,BATT_TEMP_1,20.5662,0,none
2025-01-01 11:49:00,BATT_TEMP_1,23.5405,0,none
2025-01-01 11:57:20,BATT_TEMP_1,22.9389,0,none
2025-01-01 12:05:40,BATT_TEMP_1,26.7334,0,none
2025-01-01 12:14:00,BATT_TEMP_1,21.4973,0,none
2025-01-01 12:22:20,BATT_TEMP_1,26.7425,0,none
2025-01-01 12:30:40,BATT_TEMP_1,22.7288,0,none
2025-01-01 12:39:00,BATT_TEMP_1,24.5174,0,none
2025-01-01 12:47:20,BATT_TEMP_1,23.2237,0,none
2025-01-01 12:55:40,BATT_TEMP_1,24.9678,0,none
2025-01-01 13:04:00,BATT_TEMP_1,24.9942,0,none
2025-01-01 13:12:20,BATT_TEMP_1,24.3435,0,none
2025-01-01 13:20:40,BATT_TEMP_1,21.4952,0,none
2025-01-01 13:29:00,BATT_TEMP_1,19.4991,0,none
2025-01-01 13:37:20,BATT_TEMP_1,19.5657,0,none
2025-01-01 13:45:40,BATT_TEMP_1,23.2627,0,none
2025-01-01 13:54:00,BATT_TEMP_1,21.6036,0,none
2025-01-01 14:02:20,BATT_TEMP_1,21.0582,0,none
2025-01-01 14:10:40,BATT_TEMP_1,21.1926,0,none
2025-01-01 14:19:00,BATT_TEMP_1,19.2204,0,none
2025-01-01 14:27:20,BATT_TEMP_1,24.9131,0,none
2025-01-01 14:35:40,BATT_TEMP_1,20.582,0,none
2025-01-01 14:44:00,BATT_TEMP_1,20.0757,0,none
2025-01-01 14:52:20,BATT_TEMP_1,19.2961,0,none
2025-01-01 15:00:40,BATT_TEMP_1,21.0188,0,none
2025-01-01 15:09:00,BATT_TEMP_1,19.2172,0,none
2025-01-01 15:17:20,BATT_TEMP_1,20.6715,0,none
2025-01-01 15:25:40,BATT_TEMP_1,18.8244,0,none
2025-01-01 15:34:00,BATT_TEMP_1,20.2475,0,none
2025-01-01 15:42:20,BATT_TEMP_1,22.099,0,none
2025-01-01 15:50:40,BATT_TEMP_1,26.3182,0,none
2025-01-01 15:59:00,BATT_TEMP_1,26.4374,0,none
2025-01-01 16:07:20,BATT_TEMP_1,19.6581,0,none
2025-01-01 16:15:40,BATT_TEMP_1,20.5486,0,none
2025-01-01 16:24:00,BATT_TEMP_1,23.3047,0,none
2025-01-01 16:32:20,BATT_TEMP_1,22.6638,0,none
2025-01-01 16:40:40,BATT_TEMP_1,21.7035,0,none
2025-01-01 16:49:00,BATT_TEMP_1,27.768,0,none
2025-01-01 16:57:20,BATT_TEMP_1,25.6297,0,none
2025-01-01 17:05:40,BATT_TEMP_1,19.6817,0,none
2025-01-01 17:14:00,BATT_TEMP_1,25.7774,0,none
2025-01-01 17:22:20,BATT_TEMP_1,21.2447,0,none
2025-01-01 17:30:40,BATT_TEMP_1,27.226,0,none
2025-01-01 17:39:00,BATT_TEMP_1,29.4104,0,none
2025-01-01 17:47:20,BATT_TEMP_1,22.7405,0,none
2025-01-01 17:55:40,BATT_TEMP_1,20.6842,0,none
2025-01-01 18:04:00,BATT_TEMP_1,21.026,0,none
2025-01-01 18:12:20,BATT_TEMP_1,27.9661,0,none
2025-01-01 18:20:40,BATT_TEMP_1,20.7345,0,none
2025-01-01 18:29:00,BATT_TEMP_1,28.9604,0,none
2025-01-01 18:37:20,BATT_TEMP_1,26.6988,0,none
2025-01-01 18:45:40,BATT_TEMP_1,27.2885,0,none
2025-01-01 18:54:00,BATT_TEMP_1,25.0378,0,none
2025-01-01 19:02:20,BATT_TEMP_1,19.1427,0,none
2025-01-01 19:10:40,BATT_TEMP_1,23.3756,0,none
2025-01-01 19:19:00,BATT_TEMP_1,24.4328,0,none
2025-01-01 19:27:20,BATT_TEMP_1,29.3865,0,none
2025-01-01 19:35:40,BATT_TEMP_1,19.7784,0,none
2025-01-01 19:44:00,BATT_TEMP_1,20.9235,0,none
2025-01-01 19:52:20,BATT_TEMP_1,25.314,0,none
2025-01-01 20:00:40,BATT_TEMP_1,29.6165,0,none
2025-01-01 20:09:00,BATT_TEMP_1,29.5231,0,none
2025-01-01 20:17:20,BATT_TEMP_1,26.1107,0,none
2025-01-01 20:25:40,BATT_TEMP_1,16.7968,0,none
2025-01-01 20:34:00,BATT_TEMP_1,20.4269,0,none
2025-01-01 20:42:20,BATT_TEMP_1,28.0797,0,none
2025-01-01 20:50:40,BATT_TEMP_1,28.7479,0,none
2025-01-01 20:59:00,BATT_TEMP_1,20.7504,0,none
2025-01-01 21:07:20,BATT_TEMP_1,27.664,0,none
2025-01-01 21:15:40,BATT_TEMP_1,29.5371,0,none
2025-01-01 21:24:00,BATT_TEMP_1,26.6493,0,none
2025-01-01 21:32:20,BATT_TEMP_1,28.8217,0,none
2025-01-01 21:40:40,BATT_TEMP_1,23.4585,0,none
2025-01-01 21:49:00,BATT_TEMP_1,29.1822,0,none
2025-01-01 21:57:20,BATT_TEMP_1,29.2545,0,none
2025-01-01 22:05:40,BATT_TEMP_1,28.6814,0,none
2025-01-01 22:14:00,BATT_TEMP_1,23.1986,0,none
2025-01-01 22:22:20,BATT_TEMP_1,29.3267,0,none
2025-01-01 22:30:40,BATT_TEMP_1,28.132,0,none
2025-01-01 22:39:00,BATT_TEMP_1,27.928,0,none
2025-01-01 22:47:20,BATT_TEMP_1,26.1702,0,none
2025-01-01 22:55:40,BATT_TEMP_1,31.0697,0,none
2025-01-01 23:04:00,BATT_TEMP_1,30.4712,0,none
2025-01-01 23:12:20,BATT_TEMP_1,24.4232,0,none
2025-01-01 23:20:40,BATT_TEMP_1,21.6669,0,none
2025-01-01 23:29:00,BATT_TEMP_1,27.3138,0,none
2025-01-01 23:37:20,BATT_TEMP_1,25.0865,0,none
2025-01-01 23:45:40,BATT_TEMP_1,29.6215,0,none
2025-01-01 23:54:00,BATT_TEMP_1,29.3377,0,none
2025-01-02 00:02:20,BATT_TEMP_1,28.0563,0,none
2025-01-02 00:10:40,BATT_TEMP_1,30.0434,0,none
2025-01-02 00:19:00,BATT_TEMP_1,29.6337,0,none
2025-01-02 00:27:20,BATT_TEMP_1,29.4421,0,none
2025-01-02 00:35:40,BATT_TEMP_1,27.9959,0,none
2025-01-02 00:44:00,BATT_TEMP_1,27.0343,0,none
2025-01-02 00:52:20,BATT_TEMP_1,28.1933,0,none
2025-01-02 01:00:40,BATT_TEMP_1,25.2528,0,none
2025-01-02 01:09:00,BATT_TEMP_1,29.3256,0,none
2025-01-02 01:17:20,BATT_TEMP_1,29.9246,0,none
2025-01-02 01:25:40,BATT_TEMP_1,28.0254,0,none
2025-01-02 01:34:00,BATT_TEMP_1,26.411,0,none
2025-01-02 01:42:20,BATT_TEMP_1,27.8476,0,none
2025-01-02 01:50:40,BATT_TEMP_1,26.3664,0,none
2025-01-02 01:59:00,BATT_TEMP_1,26.9938,0,none
2025-01-02 02:07:20,BATT_TEMP_1,27.9109,0,none
2025-01-02 02:15:40,BATT_TEMP_1,30.416,0,none
2025-01-02 02:24:00,BATT_TEMP_1,29.7771,0,none
2025-01-02 02:32:20,BATT_TEMP_1,27.2358,0,none
2025-01-02 02:40:40,BATT_TEMP_1,30.5886,0,none
2025-01-02 02:49:00,BATT_TEMP_1,27.4227,0,none
2025-01-02 02:57:20,BATT_TEMP_1,28.1541,0,none
2025-01-02 03:05:40,BATT_TEMP_1,30.1906,0,none
2025-01-02 03:14:00,BATT_TEMP_1,27.4449,0,none
2025-01-02 03:22:20,BATT_TEMP_1,29.9215,0,none
2025-01-02 03:30:40,BATT_TEMP_1,28.0868,0,none
2025-01-02 03:39:00,BATT_TEMP_1,29.239,0,none
2025-01-01 00:00:50,BATT_TEMP_2,27.3172,0,none
2025-01-01 00:09:10,BATT_TEMP_2,28.6194,0,none
2025-01-01 00:17:30,BATT_TEMP_2,25.7861,0,none
2025-01-01 00:25:50,BATT_TEMP_2,30.2935,0,none
2025-01-01 00:34:10,BATT_TEMP_2,30.8032,0,none
2025-01-01 00:42:30,BATT_TEMP_2,29.6707,0,none
2025-01-01 00:50:50,BATT_TEMP_2,31.9289,0,none
2025-01-01 00:59:10,BATT_TEMP_2,28.3872,0,none
2025-01-01 01:07:30,BATT_TEMP_2,29.8357,0,none
2025-01-01 01:15:50,BATT_TEMP_2,28.9948,0,none
2025-01-01 01:24:10,BATT_TEMP_2,27.8563,0,none
2025-01-01 01:32:30,BATT_TEMP_2,29.6442,0,none
2025-01-01 01:40:50,BATT_TEMP_2,23.3143,0,none
2025-01-01 01:49:10,BATT_TEMP_2,28.9479,0,none
2025-01-01 01:57:30,BATT_TEMP_2,27.8577,0,none
2025-01-01 02:05:50,BATT_TEMP_2,28.6698,0,none
2025-01-01 02:14:10,BATT_TEMP_2,26.6695,0,none
2025-01-01 02:22:30,BATT_TEMP_2,30.5388,0,none
2025-01-01 02:30:50,BATT_TEMP_2,25.5708,0,none
2025-01-01 02:39:10,BATT_TEMP_2,24.5654,0,none
2025-01-01 02:47:30,BATT_TEMP_2,22.2117,0,none
2025-01-01 02:55:50,BATT_TEMP_2,27.5611,0,none
2025-01-01 03:04:10,BATT_TEMP_2,22.3647,0,none
2025-01-01 03:12:30,BATT_TEMP_2,31.2647,0,none
2025-01-01 03:20:50,BATT_TEMP_2,29.7205,0,none
2025-01-01 03:29:10,BATT_TEMP_2,26.6317,0,none
2025-01-01 03:37:30,BATT_TEMP_2,29.4299,0,none
2025-01-01 03:45:50,BATT_TEMP_2,29.2951,0,none
2025-01-01 03:54:10,BATT_TEMP_2,29.52,0,none
2025-01-01 04:02:30,BATT_TEMP_2,24.3966,0,none
2025-01-01 04:10:50,BATT_TEMP_2,21.0992,0,none
2025-01-01 04:19:10,BATT_TEMP_2,28.5788,0,none
2025-01-01 04:27:30,BATT_TEMP_2,26.6358,0,none
2025-01-01 04:35:50,BATT_TEMP_2,20.8465,0,none
2025-01-01 04:44:10,BATT_TEMP_2,21.5751,0,none
2025-01-01 04:52:30,BATT_TEMP_2,21.3045,0,none
2025-01-01 05:00:50,BATT_TEMP_2,23.9142,0,none
2025-01-01 05:09:10,BATT_TEMP_2,22.4997,0,none
2025-01-01 05:17:30,BATT_TEMP_2,31.1213,0,none
2025-01-01 05:25:50,BATT_TEMP_2,23.9944,0,none
2025-01-01 05:34:10,BATT_TEMP_2,29.6478,0,none
2025-01-01 05:42:30,BATT_TEMP_2,30.4729,0,none
2025-01-01 05:50:50,BATT_TEMP_2,20.1346,0,none
2025-01-01 05:59:10,BATT_TEMP_2,28.6226,0,none
2025-01-01 06:07:30,BATT_TEMP_2,19.4634,0,none
2025-01-01 06:15:50,BATT_TEMP_2,24.0177,0,none
2025-01-01 06:24:10,BATT_TEMP_2,27.6341,0,none
2025-01-01 06:32:30,BATT_TEMP_2,21.5825,0,none
2025-01-01 06:40:50,BATT_TEMP_2,22.1518,0,none
2025-01-01 06:49:10,BATT_TEMP_2,31.4263,0,none
2025-01-01 06:57:30,BATT_TEMP_2,28.2358,0,none
2025-01-01 07:05:50,BATT_TEMP_2,26.2176,0,none
2025-01-01 07:14:10,BATT_TEMP_2,24.1196,0,none
2025-01-01 07:22:30,BATT_TEMP_2,30.2143,0,none
2025-01-01 07:30:50,BATT_TEMP_2,19.8153,0,none
2025-01-01 07:39:10,BATT_TEMP_2,28.7251,0,none
2025-01-01 07:47:30,BATT_TEMP_2,24.7321,0,none
2025-01-01 07:55:50,BATT_TEMP_2,29.7969,0,none
2025-01-01 08:04:10,BATT_TEMP_2,22.4312,0,none
2025-01-01 08:12:30,BATT_TEMP_2,19.2661,0,none
2025-01-01 08:20:50,BATT_TEMP_2,29.8844,0,none
2025-01-01 08:29:10,BATT_TEMP_2,19.5455,0,none
2025-01-01 08:37:30,BATT_TEMP_2,22.7257,0,none
2025-01-01 08:45:50,BATT_TEMP_2,21.5933,0,none
2025-01-01 08:54:10,BATT_TEMP_2,29.6143,0,none
2025-01-01 09:02:30,BATT_TEMP_2,26.9276,0,none
2025-01-01 09:10:50,BATT_TEMP_2,20.4002,0,none
2025-01-01 09:19:10,BATT_TEMP_2,21.1211,0,none
2025-01-01 09:27:30,BATT_TEMP_2,27.8659,0,none
2025-01-01 09:35:50,BATT_TEMP_2,23.8493,0,none
2025-01-01 09:44:10,BATT_TEMP_2,27.9318,0,none
2025-01-01 09:52:30,BATT_TEMP_2,26.0169,0,none
2025-01-01 10:00:50,BATT_TEMP_2,23.3696,0,none
2025-01-01 10:09:10,BATT_TEMP_2,25.7878,0,none
2025-01-01 10:17:30,BATT_TEMP_2,27.9098,0,none
2025-01-01 10:25:50,BATT_TEMP_2,21.2065,0,none
2025-01-01 10:34:10,BATT_TEMP_2,25.831,0,none
2025-01-01 10:42:30,BATT_TEMP_2,23.9095,0,none
2025-01-01 10:50:50,BATT_TEMP_2,21.9371,0,none
2025-01-01 10:59:10,BATT_TEMP_2,20.4927,0,none
2025-01-01 11:07:30,BATT_TEMP_2,18.6988,0,none
2025-01-01 11:15:50,BATT_TEMP_2,21.6332,0,none
2025-01-01 11:24:10,BATT_TEMP_2,19.0368,0,none
2025-01-01 11:32:30,BATT_TEMP_2,22.2072,0,none
2025-01-01 11:40:50,BATT_TEMP_2,25.5018,0,none
2025-01-01 11:49:10,BATT_TEMP_2,18.9517,0,none
2025-01-01 11:57:30,BATT_TEMP_2,19.3789,0,none
2025-01-01 12:05:50,BATT_TEMP_2,20.9915,0,none
2025-01-01 12:14:10,BATT_TEMP_2,21.0285,0,none
2025-01-01 12:22:30,BATT_TEMP_2,20.0574,0,none
2025-01-01 12:30:50,BATT_TEMP_2,19.9088,0,none
2025-01-01 12:39:10,BATT_TEMP_2,26.2817,0,none
2025-01-01 12:47:30,BATT_TEMP_2,22.4356,0,none
2025-01-01 12:55:50,BATT_TEMP_2,23.9786,0,none
2025-01-01 13:04:10,BATT_TEMP_2,20.7125,0,none
2025-01-01 13:12:30,BATT_TEMP_2,20.6931,0,none
2025-01-01 13:20:50,BATT_TEMP_2,19.9711,0,none
2025-01-01 13:29:10,BATT_TEMP_2,21.537,0,none
2025-01-01 13:37:30,BATT_TEMP_2,21.5512,0,none
2025-01-01 13:45:50,BATT_TEMP_2,23.3739,0,none
2025-01-01 13:54:10,BATT_TEMP_2,21.8135,0,none
2025-01-01 14:02:30,BATT_TEMP_2,21.1264,0,none
2025-01-01 14:10:50,BATT_TEMP_2,24.9386,0,none
2025-01-01 14:19:10,BATT_TEMP_2,21.4678,0,none
2025-01-01 14:27:30,BATT_TEMP_2,21.2453,0,none
2025-01-01 14:35:50,BATT_TEMP_2,20.584,0,none
2025-01-01 14:44:10,BATT_TEMP_2,21.3437,0,none
2025-01-01 14:52:30,BATT_TEMP_2,20.6471,0,none
2025-01-01 15:00:50,BATT_TEMP_2,20.0725,0,none
2025-01-01 15:09:10,BATT_TEMP_2,26.0377,0,none
2025-01-01 15:17:30,BATT_TEMP_2,21.1465,0,none
2025-01-01 15:25:50,BATT_TEMP_2,20.275,0,none
2025-01-01 15:34:10,BATT_TEMP_2,22.7778,0,none
2025-01-01 15:42:30,BATT_TEMP_2,25.9759,0,none
2025-01-01 15:50:50,BATT_TEMP_2,22.3566,0,none
2025-01-01 15:59:10,BATT_TEMP_2,20.2694,0,none
2025-01-01 16:07:30,BATT_TEMP_2,20.3764,0,none
2025-01-01 16:15:50,BATT_TEMP_2,21.756,0,none
2025-01-01 16:24:10,BATT_TEMP_2,27.3723,0,none
2025-01-01 16:32:30,BATT_TEMP_2,25.9808,0,none
2025-01-01 16:40:50,BATT_TEMP_2,22.7315,0,none
2025-01-01 16:49:10,BATT_TEMP_2,20.5308,0,none
2025-01-01 16:57:30,BATT_TEMP_2,20.8069,0,none
2025-01-01 17:05:50,BATT_TEMP_2,19.9649,0,none
2025-01-01 17:14:10,BATT_TEMP_2,21.6363,0,none
2025-01-01 17:22:30,BATT_TEMP_2,22.2781,0,none
2025-01-01 17:30:50,BATT_TEMP_2,25.6957,0,none
2025-01-01 17:39:10,BATT_TEMP_2,27.8363,0,none
2025-01-01 17:47:30,BATT_TEMP_2,20.212,0,none
2025-01-01 17:55:50,BATT_TEMP_2,28.9746,0,none
2025-01-01 18:04:10,BATT_TEMP_2,21.3149,0,none
2025-01-01 18:12:30,BATT_TEMP_2,19.9886,0,none
2025-01-01 18:20:50,BATT_TEMP_2,19.7607,0,none
2025-01-01 18:29:10,BATT_TEMP_2,23.3049,0,none
2025-01-01 18:37:30,BATT_TEMP_2,23.6494,0,none
2025-01-01 18:45:50,BATT_TEMP_2,23.2065,0,none
2025-01-01 18:54:10,BATT_TEMP_2,21.7892,0,none
2025-01-01 19:02:30,BATT_TEMP_2,19.2737,0,none
2025-01-01 19:10:50,BATT_TEMP_2,18.9326,0,none
2025-01-01 19:19:10,BATT_TEMP_2,24.6707,0,none
2025-01-01 19:27:30,BATT_TEMP_2,26.7076,0,none
2025-01-01 19:35:50,BATT_TEMP_2,19.59,0,none
2025-01-01 19:44:10,BATT_TEMP_2,29.5843,0,none
2025-01-01 19:52:30,BATT_TEMP_2,28.3197,0,none
2025-01-01 20:00:50,BATT_TEMP_2,20.005,0,none
2025-01-01 20:09:10,BATT_TEMP_2,26.6366,0,none
2025-01-01 20:17:30,BATT_TEMP_2,22.7764,0,none
2025-01-01 20:25:50,BATT_TEMP_2,25.0372,0,none
2025-01-01 20:34:10,BATT_TEMP_2,27.854,0,none
2025-01-01 20:42:30,BATT_TEMP_2,27.2908,0,none
2025-01-01 20:50:50,BATT_TEMP_2,27.5789,0,none
2025-01-01 20:59:10,BATT_TEMP_2,23.7539,0,none
2025-01-01 21:07:30,BATT_TEMP_2,30.1713,0,none
2025-01-01 21:15:50,BATT_TEMP_2,20.0296,0,none
2025-01-01 21:24:10,BATT_TEMP_2,26.8319,0,none
2025-01-01 21:32:30,BATT_TEMP_2,26.0504,0,none
2025-01-01 21:40:50,BATT_TEMP_2,27.0919,0,none
2025-01-01 21:49:10,BATT_TEMP_2,28.8344,0,none
2025-01-01 21:57:30,BATT_TEMP_2,28.9866,0,none
2025-01-01 22:05:50,BATT_TEMP_2,22.7593,0,none
2025-01-01 22:14:10,BATT_TEMP_2,24.2148,0,none
2025-01-01 22:22:30,BATT_TEMP_2,29.5285,0,none
2025-01-01 22:30:50,BATT_TEMP_2,29.1142,0,none
2025-01-01 22:39:10,BATT_TEMP_2,24.4034,0,none
2025-01-01 22:47:30,BATT_TEMP_2,27.6214,0,none
2025-01-01 22:55:50,BATT_TEMP_2,30.539,0,none
2025-01-01 23:04:10,BATT_TEMP_2,28.1167,0,none
2025-01-01 23:12:30,BATT_TEMP_2,29.447,0,none
2025-01-01 23:20:50,BATT_TEMP_2,29.1663,0,none
2025-01-01 23:29:10,BATT_TEMP_2,26.0224,0,none
2025-01-01 23:37:30,BATT_TEMP_2,27.4692,0,none
2025-01-01 23:45:50,BATT_TEMP_2,30.218,0,none
2025-01-01 23:54:10,BATT_TEMP_2,22.1554,0,none
2025-01-02 00:02:30,BATT_TEMP_2,23.9887,0,none
2025-01-02 00:10:50,BATT_TEMP_2,25.607,0,none
2025-01-02 00:19:10,BATT_TEMP_2,26.8572,0,none
2025-01-02 00:27:30,BATT_TEMP_2,30.8557,0,none
2025-01-02 00:35:50,BATT_TEMP_2,22.648,0,none
2025-01-02 00:44:10,BATT_TEMP_2,28.5853,0,none
2025-01-02 00:52:30,BATT_TEMP_2,29.5016,0,none
2025-01-02 01:00:50,BATT_TEMP_2,29.8528,0,none
2025-01-02 01:09:10,BATT_TEMP_2,30.1832,0,none
2025-01-02 01:17:30,BATT_TEMP_2,28.209,0,none
2025-01-02 01:25:50,BATT_TEMP_2,29.5927,0,none
2025-01-02 01:34:10,BATT_TEMP_2,28.4266,0,none
2025-01-02 01:42:30,BATT_TEMP_2,29.0313,0,none
2025-01-02 01:50:50,BATT_TEMP_2,29.393,0,none
2025-01-02 01:59:10,BATT_TEMP_2,27.6181,0,none
2025-01-02 02:07:30,BATT_TEMP_2,27.8234,0,none
2025-01-02 02:15:50,BATT_TEMP_2,30.0019,0,none
2025-01-02 02:24:10,BATT_TEMP_2,24.2534,0,none
2025-01-02 02:32:30,BATT_TEMP_2,27.4697,0,none
2025-01-02 02:40:50,BATT_TEMP_2,24.1622,0,none
2025-01-02 02:49:10,BATT_TEMP_2,28.7632,0,none
2025-01-02 02:57:30,BATT_TEMP_2,26.2187,0,none
2025-01-02 03:05:50,BATT_TEMP_2,24.8742,0,none
2025-01-02 03:14:10,BATT_TEMP_2,30.7843,0,none
2025-01-02 03:22:30,BATT_TEMP_2,28.7667,0,none
2025-01-02 03:30:50,BATT_TEMP_2,25.6887,0,none
2025-01-02 03:39:10,BATT_TEMP_2,27.8414,0,none
2025-01-01 00:00:00,BATT_VOLTAGE_1,28.5591,0,none
2025-01-01 00:08:20,BATT_VOLTAGE_1,28.579,0,none
2025-01-01 00:16:40,BATT_VOLTAGE_1,28.7403,0,none
2025-01-01 00:25:00,BATT_VOLTAGE_1,28.7236,0,none
2025-01-01 00:33:20,BATT_VOLTAGE_1,28.5608,0,none
2025-01-01 00:41:40,BATT_VOLTAGE_1,28.3714,0,none
2025-01-01 00:50:00,BATT_VOLTAGE_1,28.7007,0,none
2025-01-01 00:58:20,BATT_VOLTAGE_1,28.8181,0,none
2025-01-01 01:06:40,BATT_VOLTAGE_1,28.0326,0,none
2025-01-01 01:15:00,BATT_VOLTAGE_1,28.8424,0,none
2025-01-01 01:23:20,BATT_VOLTAGE_1,28.3084,0,none
2025-01-01 01:31:40,BATT_VOLTAGE_1,28.5408,0,none
2025-01-01 01:40:00,BATT_VOLTAGE_1,28.1278,0,none
2025-01-01 01:48:20,BATT_VOLTAGE_1,28.3994,0,none
2025-01-01 01:56:40,BATT_VOLTAGE_1,28.5084,0,none
2025-01-01 02:05:00,BATT_VOLTAGE_1,25.306961066656907,1,point
2025-01-01 02:13:20,BATT_VOLTAGE_1,28.1019,0,none
2025-01-01 02:21:40,BATT_VOLTAGE_1,28.3664,0,none
2025-01-01 02:30:00,BATT_VOLTAGE_1,28.463,0,none
2025-01-01 02:38:20,BATT_VOLTAGE_1,28.4035,0,none
2025-01-01 02:46:40,BATT_VOLTAGE_1,27.5251,0,none
2025-01-01 02:55:00,BATT_VOLTAGE_1,28.6297,0,none
2025-01-01 03:03:20,BATT_VOLTAGE_1,27.7537,1,collective
2025-01-01 03:11:40,BATT_VOLTAGE_1,28.06868081333393,1,collective
2025-01-01 03:20:00,BATT_VOLTAGE_1,28.32656162666786,1,collective
2025-01-01 03:28:20,BATT_VOLTAGE_1,28.42594244000179,1,collective
2025-01-01 03:36:40,BATT_VOLTAGE_1,28.232123253335725,1,collective
2025-01-01 03:45:00,BATT_VOLTAGE_1,27.885304066669654,1,collective
2025-01-01 03:53:20,BATT_VOLTAGE_1,28.137084880003584,1,collective
2025-01-01 04:01:40,BATT_VOLTAGE_1,27.050165693337515,1,collective
2025-01-01 04:10:00,BATT_VOLTAGE_1,30.74988615415044,1,point
2025-01-01 04:18:20,BATT_VOLTAGE_1,26.696846506671445,1,collective
2025-01-01 04:26:40,BATT_VOLTAGE_1,27.892627320005378,1,collective
2025-01-01 04:35:00,BATT_VOLTAGE_1,27.68880813333931,1,collective
2025-01-01 04:43:20,BATT_VOLTAGE_1,27.726488946673243,1,collective
2025-01-01 04:51:40,BATT_VOLTAGE_1,27.472469760007172,1,collective
2025-01-01 05:00:00,BATT_VOLTAGE_1,27.4718505733411,1,collective
2025-01-01 05:08:20,BATT_VOLTAGE_1,27.69143138667503,1,collective
2025-01-01 05:16:40,BATT_VOLTAGE_1,26.764612200008962,1,collective
2025-01-01 05:25:00,BATT_VOLTAGE_1,25.997293013342897,1,collective
2025-01-01 05:33:20,BATT_VOLTAGE_1,25.889573826676827,1,collective
2025-01-01 05:41:40,BATT_VOLTAGE_1,26.807454640010757,1,collective
2025-01-01 05:50:00,BATT_VOLTAGE_1,27.158535453344687,1,collective
2025-01-01 05:58:20,BATT_VOLTAGE_1,27.8339,0,none
2025-01-01 06:06:40,BATT_VOLTAGE_1,28.5508,0,none
2025-01-01 06:15:00,BATT_VOLTAGE_1,28.467,0,none
2025-01-01 06:23:20,BATT_VOLTAGE_1,28.1004,0,none
2025-01-01 06:31:40,BATT_VOLTAGE_1,28.7563,0,none
2025-01-01 06:40:00,BATT_VOLTAGE_1,27.2854,0,none
2025-01-01 06:48:20,BATT_VOLTAGE_1,27.414,0,none
2025-01-01 06:56:40,BATT_VOLTAGE_1,28.6748,0,none
2025-01-01 07:05:00,BATT_VOLTAGE_1,28.612,0,none
2025-01-01 07:13:20,BATT_VOLTAGE_1,28.5071,0,none
2025-01-01 07:21:40,BATT_VOLTAGE_1,27.4998,0,none
2025-01-01 07:30:00,BATT_VOLTAGE_1,27.5845,0,none
2025-01-01 07:38:20,BATT_VOLTAGE_1,27.4282,0,none
2025-01-01 07:46:40,BATT_VOLTAGE_1,28.6666,0,none
2025-01-01 07:55:00,BATT_VOLTAGE_1,27.3083,0,none
2025-01-01 08:03:20,BATT_VOLTAGE_1,27.8537,0,none
2025-01-01 08:11:40,BATT_VOLTAGE_1,27.3838,0,none
2025-01-01 08:20:00,BATT_VOLTAGE_1,27.9989,0,none
2025-01-01 08:28:20,BATT_VOLTAGE_1,28.1438,0,none
2025-01-01 08:36:40,BATT_VOLTAGE_1,27.7786,0,none
2025-01-01 08:45:00,BATT_VOLTAGE_1,27.9894,0,none
2025-01-01 08:53:20,BATT_VOLTAGE_1,27.1262,0,none
2025-01-01 09:01:40,BATT_VOLTAGE_1,27.2678,0,none
2025-01-01 09:10:00,BATT_VOLTAGE_1,27.1188,0,none
2025-01-01 09:18:20,BATT_VOLTAGE_1,28.3749,0,none
2025-01-01 09:26:40,BATT_VOLTAGE_1,27.3711,0,none
2025-01-01 09:35:00,BATT_VOLTAGE_1,30.660732304583433,1,point
2025-01-01 09:43:20,BATT_VOLTAGE_1,27.9424,0,none
2025-01-01 09:51:40,BATT_VOLTAGE_1,27.3392,0,none
2025-01-01 10:00:00,BATT_VOLTAGE_1,27.8087,0,none
2025-01-01 10:08:20,BATT_VOLTAGE_1,28.4319,0,none
2025-01-01 10:16:40,BATT_VOLTAGE_1,27.4506,0,none
2025-01-01 10:25:00,BATT_VOLTAGE_1,27.3557,0,none
2025-01-01 10:33:20,BATT_VOLTAGE_1,27.5334,0,none
2025-01-01 10:41:40,BATT_VOLTAGE_1,27.5587,0,none
2025-01-01 10:50:00,BATT_VOLTAGE_1,27.4154,0,none
2025-01-01 10:58:20,BATT_VOLTAGE_1,27.4533,0,none
2025-01-01 11:06:40,BATT_VOLTAGE_1,27.4184,0,none
2025-01-01 11:15:00,BATT_VOLTAGE_1,27.7318,0,none
2025-01-01 11:23:20,BATT_VOLTAGE_1,27.7416,0,none
2025-01-01 11:31:40,BATT_VOLTAGE_1,27.4327,0,none
2025-01-01 11:40:00,BATT_VOLTAGE_1,27.6991,0,none
2025-01-01 11:48:20,BATT_VOLTAGE_1,27.6421,0,none
2025-01-01 11:56:40,BATT_VOLTAGE_1,27.2422,0,none
2025-01-01 12:05:00,BATT_VOLTAGE_1,28.3383,0,none
2025-01-01 12:13:20,BATT_VOLTAGE_1,27.5016,0,none
2025-01-01 12:21:40,BATT_VOLTAGE_1,27.1731,0,none
2025-01-01 12:30:00,BATT_VOLTAGE_1,27.4902,0,none
2025-01-01 12:38:20,BATT_VOLTAGE_1,27.5273,0,none
2025-01-01 12:46:40,BATT_VOLTAGE_1,28.2259,0,none
2025-01-01 12:55:00,BATT_VOLTAGE_1,27.7422,0,none
2025-01-01 13:03:20,BATT_VOLTAGE_1,27.3875,0,none
2025-01-01 13:11:40,BATT_VOLTAGE_1,25.100514681877932,1,point
2025-01-01 13:20:00,BATT_VOLTAGE_1,27.8919,0,none
2025-01-01 13:28:20,BATT_VOLTAGE_1,27.3022,0,none
2025-01-01 13:36:40,BATT_VOLTAGE_1,27.4526,0,none
2025-01-01 13:45:00,BATT_VOLTAGE_1,27.5538,0,none
2025-01-01 13:53:20,BATT_VOLTAGE_1,27.1558,0,none
2025-01-01 14:01:40,BATT_VOLTAGE_1,27.2983,0,none
2025-01-01 14:10:00,BATT_VOLTAGE_1,27.2254,0,none
2025-01-01 14:18:20,BATT_VOLTAGE_1,27.627,0,none
2025-01-01 14:26:40,BATT_VOLTAGE_1,27.5896,0,none
2025-01-01 14:35:00,BATT_VOLTAGE_1,27.9862,0,none
2025-01-01 14:43:20,BATT_VOLTAGE_1,27.5293,0,none
2025-01-01 14:51:40,BATT_VOLTAGE_1,27.2156,0,none
2025-01-01 15:00:00,BATT_VOLTAGE_1,27.3607,0,none
2025-01-01 15:08:20,BATT_VOLTAGE_1,28.0211,0,none
2025-01-01 15:16:40,BATT_VOLTAGE_1,27.3748,0,none
2025-01-01 15:25:00,BATT_VOLTAGE_1,27.1166,0,none
2025-01-01 15:33:20,BATT_VOLTAGE_1,27.4218,0,none
2025-01-01 15:41:40,BATT_VOLTAGE_1,27.2577,0,none
2025-01-01 15:50:00,BATT_VOLTAGE_1,27.2846,0,none
2025-01-01 15:58:20,BATT_VOLTAGE_1,25.049229375148176,1,point
2025-01-01 16:06:40,BATT_VOLTAGE_1,27.8795,0,none
2025-01-01 16:15:00,BATT_VOLTAGE_1,27.3535,0,none
2025-01-01 16:23:20,BATT_VOLTAGE_1,28.1359,0,none
2025-01-01 16:31:40,BATT_VOLTAGE_1,27.2883,0,none
2025-01-01 16:40:00,BATT_VOLTAGE_1,27.3817,0,none
2025-01-01 16:48:20,BATT_VOLTAGE_1,27.3405,0,none
2025-01-01 16:56:40,BATT_VOLTAGE_1,28.3909,0,none
2025-01-01 17:05:00,BATT_VOLTAGE_1,27.3303,0,none
2025-01-01 17:13:20,BATT_VOLTAGE_1,27.6799,0,none
2025-01-01 17:21:40,BATT_VOLTAGE_1,28.4389,0,none
2025-01-01 17:30:00,BATT_VOLTAGE_1,28.2551,0,none
2025-01-01 17:38:20,BATT_VOLTAGE_1,28.401,0,none
2025-01-01 17:46:40,BATT_VOLTAGE_1,25.43627651128106,1,point
2025-01-01 17:55:00,BATT_VOLTAGE_1,27.4262,0,none
2025-01-01 18:03:20,BATT_VOLTAGE_1,27.5026,0,none
2025-01-01 18:11:40,BATT_VOLTAGE_1,28.3874,0,none
2025-01-01 18:20:00,BATT_VOLTAGE_1,28.4617,0,none
2025-01-01 18:28:20,BATT_VOLTAGE_1,27.303,0,none
2025-01-01 18:36:40,BATT_VOLTAGE_1,28.3202,0,none
2025-01-01 18:45:00,BATT_VOLTAGE_1,28.5642,0,none
2025-01-01 18:53:20,BATT_VOLTAGE_1,27.5722,0,none
2025-01-01 19:01:40,BATT_VOLTAGE_1,27.3804,0,none
2025-01-01 19:10:00,BATT_VOLTAGE_1,27.3042,0,none
2025-01-01 19:18:20,BATT_VOLTAGE_1,27.0237,0,none
2025-01-01 19:26:40,BATT_VOLTAGE_1,28.8337,0,none
2025-01-01 19:35:00,BATT_VOLTAGE_1,28.1367,0,none
2025-01-01 19:43:20,BATT_VOLTAGE_1,27.3556,0,none
2025-01-01 19:51:40,BATT_VOLTAGE_1,27.4682,0,none
2025-01-01 20:00:00,BATT_VOLTAGE_1,28.0977,0,none
2025-01-01 20:08:20,BATT_VOLTAGE_1,28.8538,0,none
2025-01-01 20:16:40,BATT_VOLTAGE_1,28.2385,0,none
2025-01-01 20:25:00,BATT_VOLTAGE_1,28.2325,0,none
2025-01-01 20:33:20,BATT_VOLTAGE_1,28.0957,0,none
2025-01-01 20:41:40,BATT_VOLTAGE_1,27.5685,0,none
2025-01-01 20:50:00,BATT_VOLTAGE_1,27.6723,0,none
2025-01-01 20:58:20,BATT_VOLTAGE_1,28.593,0,none
2025-01-01 21:06:40,BATT_VOLTAGE_1,27.7803,0,none
2025-01-01 21:15:00,BATT_VOLTAGE_1,27.9946,0,none
2025-01-01 21:23:20,BATT_VOLTAGE_1,28.6545,0,none
2025-01-01 21:31:40,BATT_VOLTAGE_1,28.7501,0,none
2025-01-01 21:40:00,BATT_VOLTAGE_1,28.4955,1,collective
2025-01-01 21:48:20,BATT_VOLTAGE_1,27.16478081333393,1,collective
2025-01-01 21:56:40,BATT_VOLTAGE_1,25.109765405188675,1,point
2025-01-01 22:05:00,BATT_VOLTAGE_1,26.94996162666786,1,collective
2025-01-01 22:13:20,BATT_VOLTAGE_1,28.44544244000179,1,collective
2025-01-01 22:21:40,BATT_VOLTAGE_1,27.360123253335725,1,collective
2025-01-01 22:30:00,BATT_VOLTAGE_1,28.256804066669655,1,collective
2025-01-01 22:38:20,BATT_VOLTAGE_1,28.108484880003587,1,collective
2025-01-01 22:46:40,BATT_VOLTAGE_1,27.165865693337516,1,collective
2025-01-01 22:55:00,BATT_VOLTAGE_1,27.661946506671445,1,collective
2025-01-01 23:03:20,BATT_VOLTAGE_1,26.746227320005378,1,collective
2025-01-01 23:11:40,BATT_VOLTAGE_1,26.46530813333931,1,collective
2025-01-01 23:20:00,BATT_VOLTAGE_1,27.022588946673242,1,collective
2025-01-01 23:28:20,BATT_VOLTAGE_1,27.688569760007173,1,collective
2025-01-01 23:36:40,BATT_VOLTAGE_1,30.836928793484972,1,point
2025-01-01 23:45:00,BATT_VOLTAGE_1,27.571950573341102,1,collective
2025-01-01 23:53:20,BATT_VOLTAGE_1,26.639231386675032,1,collective
2025-01-02 00:01:40,BATT_VOLTAGE_1,27.087112200008963,1,collective
2025-01-02 00:10:00,BATT_VOLTAGE_1,27.222593013342895,1,collective
2025-01-02 00:18:20,BATT_VOLTAGE_1,26.844873826676828,1,collective
2025-01-02 00:26:40,BATT_VOLTAGE_1,26.016954640010756,1,collective
2025-01-02 00:35:00,BATT_VOLTAGE_1,27.099435453344686,1,collective
2025-01-02 00:43:20,BATT_VOLTAGE_1,27.9372,0,none
2025-01-02 00:51:40,BATT_VOLTAGE_1,28.1841,0,none
2025-01-02 01:00:00,BATT_VOLTAGE_1,27.9281,0,none
2025-01-02 01:08:20,BATT_VOLTAGE_1,28.5057,0,none
2025-01-02 01:16:40,BATT_VOLTAGE_1,28.3589,0,none
2025-01-02 01:25:00,BATT_VOLTAGE_1,28.1529,0,none
2025-01-02 01:33:20,BATT_VOLTAGE_1,29.0161,0,none
2025-01-02 01:41:40,BATT_VOLTAGE_1,27.7439,0,none
2025-01-02 01:50:00,BATT_VOLTAGE_1,28.6572,0,none
2025-01-02 01:58:20,BATT_VOLTAGE_1,28.0027,0,none
2025-01-02 02:06:40,BATT_VOLTAGE_1,27.9377,0,none
2025-01-02 02:15:00,BATT_VOLTAGE_1,28.7425,0,none
2025-01-02 02:23:20,BATT_VOLTAGE_1,28.0135,0,none
2025-01-02 02:31:40,BATT_VOLTAGE_1,28.8046,0,none
2025-01-02 02:40:00,BATT_VOLTAGE_1,28.6973,0,none
2025-01-02 02:48:20,BATT_VOLTAGE_1,28.281,0,none
2025-01-02 02:56:40,BATT_VOLTAGE_1,28.3871,0,none
2025-01-02 03:05:00,BATT_VOLTAGE_1,28.594,0,none
2025-01-02 03:13:20,BATT_VOLTAGE_1,28.1841,0,none
2025-01-02 03:21:40,BATT_VOLTAGE_1,28.8096,0,none
2025-01-02 03:30:00,BATT_VOLTAGE_1,28.7023,0,none
2025-01-02 03:38:20,BATT_VOLTAGE_1,28.1354,0,none
2025-01-01 00:00:10,BATT_VOLTAGE_2,28.3917,0,none
2025-01-01 00:08:30,BATT_VOLTAGE_2,28.2387,0,none
2025-01-01 00:16:50,BATT_VOLTAGE_2,28.7607,0,none
2025-01-01 00:25:10,BATT_VOLTAGE_2,28.5431,0,none
2025-01-01 00:33:30,BATT_VOLTAGE_2,28.04,0,none
2025-01-01 00:41:50,BATT_VOLTAGE_2,30.166884355664948,1,contextual
2025-01-01 00:50:10,BATT_VOLTAGE_2,28.3816,0,none
2025-01-01 00:58:30,BATT_VOLTAGE_2,27.7449,0,none
2025-01-01 01:06:50,BATT_VOLTAGE_2,28.7504,0,none
2025-01-01 01:15:10,BATT_VOLTAGE_2,27.8642,0,none
2025-01-01 01:23:30,BATT_VOLTAGE_2,29.944583305428566,1,contextual
2025-01-01 01:31:50,BATT_VOLTAGE_2,28.7488,0,none
2025-01-01 01:40:10,BATT_VOLTAGE_2,28.183,0,none
2025-01-01 01:48:30,BATT_VOLTAGE_2,28.5652,0,none
2025-01-01 01:56:50,BATT_VOLTAGE_2,28.7137,0,none
2025-01-01 02:05:10,BATT_VOLTAGE_2,28.4553,0,none
2025-01-01 02:13:30,BATT_VOLTAGE_2,28.4972,0,none
2025-01-01 02:21:50,BATT_VOLTAGE_2,28.7152,0,none
2025-01-01 02:30:10,BATT_VOLTAGE_2,28.3669,0,none
2025-01-01 02:38:30,BATT_VOLTAGE_2,27.5984,0,none
2025-01-01 02:46:50,BATT_VOLTAGE_2,28.6387,0,none
2025-01-01 02:55:10,BATT_VOLTAGE_2,27.7988,0,none
2025-01-01 03:03:30,BATT_VOLTAGE_2,28.6212,0,none
2025-01-01 03:11:50,BATT_VOLTAGE_2,27.7738,0,none
2025-01-01 03:20:10,BATT_VOLTAGE_2,27.9918,0,none
2025-01-01 03:28:30,BATT_VOLTAGE_2,28.6882,0,none
2025-01-01 03:36:50,BATT_VOLTAGE_2,29.729064756635772,1,contextual
2025-01-01 03:45:10,BATT_VOLTAGE_2,28.5634,0,none
2025-01-01 03:53:30,BATT_VOLTAGE_2,28.7351,0,none
2025-01-01 04:01:50,BATT_VOLTAGE_2,28.0977,0,none
2025-01-01 04:10:10,BATT_VOLTAGE_2,28.562,0,none
2025-01-01 04:18:30,BATT_VOLTAGE_2,28.272,0,none
2025-01-01 04:26:50,BATT_VOLTAGE_2,27.1989,0,none
2025-01-01 04:35:10,BATT_VOLTAGE_2,28.9044,0,none
2025-01-01 04:43:30,BATT_VOLTAGE_2,28.8748,0,none
2025-01-01 04:51:50,BATT_VOLTAGE_2,28.4931,0,none
2025-01-01 05:00:10,BATT_VOLTAGE_2,28.7348,0,none
2025-01-01 05:08:30,BATT_VOLTAGE_2,28.9838,0,none
2025-01-01 05:16:50,BATT_VOLTAGE_2,27.3436,0,none
2025-01-01 05:25:10,BATT_VOLTAGE_2,27.4786,0,none
2025-01-01 05:33:30,BATT_VOLTAGE_2,28.2027,0,none
2025-01-01 05:41:50,BATT_VOLTAGE_2,27.7701,0,none
2025-01-01 05:50:10,BATT_VOLTAGE_2,28.4313,0,none
2025-01-01 05:58:30,BATT_VOLTAGE_2,28.5836,0,none
2025-01-01 06:06:50,BATT_VOLTAGE_2,27.636,0,none
2025-01-01 06:15:10,BATT_VOLTAGE_2,28.4163,0,none
2025-01-01 06:23:30,BATT_VOLTAGE_2,28.3971,0,none
2025-01-01 06:31:50,BATT_VOLTAGE_2,28.5588,0,none
2025-01-01 06:40:10,BATT_VOLTAGE_2,27.9255,0,none
2025-01-01 06:48:30,BATT_VOLTAGE_2,28.8571,0,none
2025-01-01 06:56:50,BATT_VOLTAGE_2,27.4731,0,none
2025-01-01 07:05:10,BATT_VOLTAGE_2,28.6035,0,none
2025-01-01 07:13:30,BATT_VOLTAGE_2,27.1214,0,none
2025-01-01 07:21:50,BATT_VOLTAGE_2,28.1649,0,none
2025-01-01 07:30:10,BATT_VOLTAGE_2,28.396,0,none
2025-01-01 07:38:30,BATT_VOLTAGE_2,28.4687,0,none
2025-01-01 07:46:50,BATT_VOLTAGE_2,27.706,0,none
2025-01-01 07:55:10,BATT_VOLTAGE_2,28.5972,0,none
2025-01-01 08:03:30,BATT_VOLTAGE_2,28.4447,0,none
2025-01-01 08:11:50,BATT_VOLTAGE_2,27.1621,0,none
2025-01-01 08:20:10,BATT_VOLTAGE_2,28.0341,0,none
2025-01-01 08:28:30,BATT_VOLTAGE_2,28.4451,0,none
2025-01-01 08:36:50,BATT_VOLTAGE_2,28.0425,0,none
2025-01-01 08:45:10,BATT_VOLTAGE_2,28.6259,0,none
2025-01-01 08:53:30,BATT_VOLTAGE_2,28.3361,0,none
2025-01-01 09:01:50,BATT_VOLTAGE_2,27.4936,0,none
2025-01-01 09:10:10,BATT_VOLTAGE_2,28.3628,0,none
2025-01-01 09:18:30,BATT_VOLTAGE_2,27.356,0,none
2025-01-01 09:26:50,BATT_VOLTAGE_2,27.6287,0,none
2025-01-01 09:35:10,BATT_VOLTAGE_2,27.219,0,none
2025-01-01 09:43:30,BATT_VOLTAGE_2,28.3425,0,none
2025-01-01 09:51:50,BATT_VOLTAGE_2,27.8565,0,none
2025-01-01 10:00:10,BATT_VOLTAGE_2,27.7639,0,none
2025-01-01 10:08:30,BATT_VOLTAGE_2,27.7821,0,none
2025-01-01 10:16:50,BATT_VOLTAGE_2,28.446,0,none
2025-01-01 10:25:10,BATT_VOLTAGE_2,28.528,0,none
2025-01-01 10:33:30,BATT_VOLTAGE_2,27.2081,0,none
2025-01-01 10:41:50,BATT_VOLTAGE_2,27.349,0,none
2025-01-01 10:50:10,BATT_VOLTAGE_2,28.3057,0,none
2025-01-01 10:58:30,BATT_VOLTAGE_2,27.4601,0,none
2025-01-01 11:06:50,BATT_VOLTAGE_2,28.5339,0,none
2025-01-01 11:15:10,BATT_VOLTAGE_2,27.2672,0,none
2025-01-01 11:23:30,BATT_VOLTAGE_2,27.6768,0,none
2025-01-01 11:31:50,BATT_VOLTAGE_2,27.4729,0,none
2025-01-01 11:40:10,BATT_VOLTAGE_2,27.191,0,none
2025-01-01 11:48:30,BATT_VOLTAGE_2,27.3822,0,none
2025-01-01 11:56:50,BATT_VOLTAGE_2,27.7873,0,none
2025-01-01 12:05:10,BATT_VOLTAGE_2,27.172,0,none
2025-01-01 12:13:30,BATT_VOLTAGE_2,27.8432,0,none
2025-01-01 12:21:50,BATT_VOLTAGE_2,27.853,0,none
2025-01-01 12:30:10,BATT_VOLTAGE_2,27.4284,0,none
2025-01-01 12:38:30,BATT_VOLTAGE_2,27.2984,0,none
2025-01-01 12:46:50,BATT_VOLTAGE_2,27.6688,0,none
2025-01-01 12:55:10,BATT_VOLTAGE_2,27.9615,0,none
2025-01-01 13:03:30,BATT_VOLTAGE_2,27.8686,0,none
2025-01-01 13:11:50,BATT_VOLTAGE_2,27.3028,0,none
2025-01-01 13:20:10,BATT_VOLTAGE_2,27.482,0,none
2025-01-01 13:28:30,BATT_VOLTAGE_2,27.4452,0,none
2025-01-01 13:36:50,BATT_VOLTAGE_2,27.4481,0,none
2025-01-01 13:45:10,BATT_VOLTAGE_2,27.0835,0,none
2025-01-01 13:53:30,BATT_VOLTAGE_2,27.368,0,none
2025-01-01 14:01:50,BATT_VOLTAGE_2,27.4366,0,none
2025-01-01 14:10:10,BATT_VOLTAGE_2,27.7203,0,none
2025-01-01 14:18:30,BATT_VOLTAGE_2,27.4421,0,none
2025-01-01 14:26:50,BATT_VOLTAGE_2,27.7794,0,none
2025-01-01 14:35:10,BATT_VOLTAGE_2,27.5774,0,none
2025-01-01 14:43:30,BATT_VOLTAGE_2,27.9098,0,none
2025-01-01 14:51:50,BATT_VOLTAGE_2,27.5122,0,none
2025-01-01 15:00:10,BATT_VOLTAGE_2,27.3548,0,none
2025-01-01 15:08:30,BATT_VOLTAGE_2,27.2358,0,none
2025-01-01 15:16:50,BATT_VOLTAGE_2,27.6833,0,none
2025-01-01 15:25:10,BATT_VOLTAGE_2,27.3366,0,none
2025-01-01 15:33:30,BATT_VOLTAGE_2,27.8454,0,none
2025-01-01 15:41:50,BATT_VOLTAGE_2,27.3225,0,none
2025-01-01 15:50:10,BATT_VOLTAGE_2,27.4036,0,none
2025-01-01 15:58:30,BATT_VOLTAGE_2,27.7473,0,none
2025-01-01 16:06:50,BATT_VOLTAGE_2,28.0954,0,none
2025-01-01 16:15:10,BATT_VOLTAGE_2,27.3033,0,none
2025-01-01 16:23:30,BATT_VOLTAGE_2,27.8845,0,none
2025-01-01 16:31:50,BATT_VOLTAGE_2,27.4515,0,none
2025-01-01 16:40:10,BATT_VOLTAGE_2,28.0972,0,none
2025-01-01 16:48:30,BATT_VOLTAGE_2,27.7723,0,none
2025-01-01 16:56:50,BATT_VOLTAGE_2,27.2698,0,none
2025-01-01 17:05:10,BATT_VOLTAGE_2,27.0164,0,none
2025-01-01 17:13:30,BATT_VOLTAGE_2,27.2371,0,none
2025-01-01 17:21:50,BATT_VOLTAGE_2,27.125,0,none
2025-01-01 17:30:10,BATT_VOLTAGE_2,27.8303,0,none
2025-01-01 17:38:30,BATT_VOLTAGE_2,27.281,0,none
2025-01-01 17:46:50,BATT_VOLTAGE_2,27.286,0,none
2025-01-01 17:55:10,BATT_VOLTAGE_2,27.6972,0,none
2025-01-01 18:03:30,BATT_VOLTAGE_2,28.098,0,none
2025-01-01 18:11:50,BATT_VOLTAGE_2,28.0999,0,none
2025-01-01 18:20:10,BATT_VOLTAGE_2,27.3495,0,none
2025-01-01 18:28:30,BATT_VOLTAGE_2,27.289,0,none
2025-01-01 18:36:50,BATT_VOLTAGE_2,27.3891,0,none
2025-01-01 18:45:10,BATT_VOLTAGE_2,28.4653,0,none
2025-01-01 18:53:30,BATT_VOLTAGE_2,27.5539,0,none
2025-01-01 19:01:50,BATT_VOLTAGE_2,27.2075,0,none
2025-01-01 19:10:10,BATT_VOLTAGE_2,27.0469,0,none
2025-01-01 19:18:30,BATT_VOLTAGE_2,27.2721,0,none
2025-01-01 19:26:50,BATT_VOLTAGE_2,27.7407,0,none
2025-01-01 19:35:10,BATT_VOLTAGE_2,27.1979,0,none
2025-01-01 19:43:30,BATT_VOLTAGE_2,28.355,0,none
2025-01-01 19:51:50,BATT_VOLTAGE_2,28.7646,0,none
2025-01-01 20:00:10,BATT_VOLTAGE_2,27.1985,0,none
2025-01-01 20:08:30,BATT_VOLTAGE_2,27.7946,0,none
2025-01-01 20:16:50,BATT_VOLTAGE_2,27.6396,0,none
2025-01-01 20:25:10,BATT_VOLTAGE_2,28.5499,0,none
2025-01-01 20:33:30,BATT_VOLTAGE_2,28.0872,0,none
2025-01-01 20:41:50,BATT_VOLTAGE_2,27.0942,0,none
2025-01-01 20:50:10,BATT_VOLTAGE_2,27.7862,0,none
2025-01-01 20:58:30,BATT_VOLTAGE_2,27.4181,0,none
2025-01-01 21:06:50,BATT_VOLTAGE_2,28.5793,0,none
2025-01-01 21:15:10,BATT_VOLTAGE_2,28.2522,0,none
2025-01-01 21:23:30,BATT_VOLTAGE_2,27.231,0,none
2025-01-01 21:31:50,BATT_VOLTAGE_2,28.0551,0,none
2025-01-01 21:40:10,BATT_VOLTAGE_2,27.5609,0,none
2025-01-01 21:48:30,BATT_VOLTAGE_2,28.2675,0,none
2025-01-01 21:56:50,BATT_VOLTAGE_2,28.8468,0,none
2025-01-01 22:05:10,BATT_VOLTAGE_2,27.3894,0,none
2025-01-01 22:13:30,BATT_VOLTAGE_2,30.108624511278144,1,contextual
2025-01-01 22:21:50,BATT_VOLTAGE_2,28.5872,0,none
2025-01-01 22:30:10,BATT_VOLTAGE_2,28.5036,0,none
2025-01-01 22:38:30,BATT_VOLTAGE_2,28.047,0,none
2025-01-01 22:46:50,BATT_VOLTAGE_2,30.16258399181683,1,contextual
2025-01-01 22:55:10,BATT_VOLTAGE_2,28.6468,0,none
2025-01-01 23:03:30,BATT_VOLTAGE_2,28.7075,0,none
2025-01-01 23:11:50,BATT_VOLTAGE_2,27.3691,0,none
2025-01-01 23:20:10,BATT_VOLTAGE_2,29.459184129115215,1,contextual
2025-01-01 23:28:30,BATT_VOLTAGE_2,28.5065,0,none
2025-01-01 23:36:50,BATT_VOLTAGE_2,29.565142086292663,1,contextual
2025-01-01 23:45:10,BATT_VOLTAGE_2,27.7229,0,none
2025-01-01 23:53:30,BATT_VOLTAGE_2,28.6444,0,none
2025-01-02 00:01:50,BATT_VOLTAGE_2,30.03232950608431,1,contextual
2025-01-02 00:10:10,BATT_VOLTAGE_2,28.5135,0,none
2025-01-02 00:18:30,BATT_VOLTAGE_2,28.737,0,none
2025-01-02 00:26:50,BATT_VOLTAGE_2,27.995,0,none
2025-01-02 00:35:10,BATT_VOLTAGE_2,28.7861,0,none
2025-01-02 00:43:30,BATT_VOLTAGE_2,28.5153,0,none
2025-01-02 00:51:50,BATT_VOLTAGE_2,28.4342,0,none
2025-01-02 01:00:10,BATT_VOLTAGE_2,28.6763,0,none
2025-01-02 01:08:30,BATT_VOLTAGE_2,28.2081,0,none
2025-01-02 01:16:50,BATT_VOLTAGE_2,28.5996,0,none
2025-01-02 01:25:10,BATT_VOLTAGE_2,28.4549,0,none
2025-01-02 01:33:30,BATT_VOLTAGE_2,28.6249,0,none
2025-01-02 01:41:50,BATT_VOLTAGE_2,27.6903,0,none
2025-01-02 01:50:10,BATT_VOLTAGE_2,27.9883,0,none
2025-01-02 01:58:30,BATT_VOLTAGE_2,29.77003638911896,1,contextual
2025-01-02 02:06:50,BATT_VOLTAGE_2,28.2154,0,none
2025-01-02 02:15:10,BATT_VOLTAGE_2,28.794,0,none
2025-01-02 02:23:30,BATT_VOLTAGE_2,28.6262,0,none
2025-01-02 02:31:50,BATT_VOLTAGE_2,28.901,0,none
2025-01-02 02:40:10,BATT_VOLTAGE_2,28.6694,0,none
2025-01-02 02:48:30,BATT_VOLTAGE_2,28.1298,0,none
2025-01-02 02:56:50,BATT_VOLTAGE_2,28.7222,0,none
2025-01-02 03:05:10,BATT_VOLTAGE_2,28.4367,0,none
2025-01-02 03:13:30,BATT_VOLTAGE_2,29.8901121568269,1,contextual
2025-01-02 03:21:50,BATT_VOLTAGE_2,28.7755,0,none
2025-01-02 03:30:10,BATT_VOLTAGE_2,28.5372,0,none
2025-01-02 03:38:30,BATT_VOLTAGE_2,28.2869,0,none
2025-01-01 00:02:10,BUS_CURRENT,9.2612,0,none
2025-01-01 00:10:30,BUS_CURRENT,10.1269,0,none
2025-01-01 00:18:50,BUS_CURRENT,9.6988,0,none
2025-01-01 00:27:10,BUS_CURRENT,9.5247,0,none
2025-01-01 00:35:30,BUS_CURRENT,10.6502,0,none
2025-01-01 00:43:50,BUS_CURRENT,8.9145,0,none
2025-01-01 00:52:10,BUS_CURRENT,10.4768,0,none
2025-01-01 01:00:30,BUS_CURRENT,9.4676,0,none
2025-01-01 01:08:50,BUS_CURRENT,9.7294,0,none
2025-01-01 01:17:10,BUS_CURRENT,10.609,0,none
2025-01-01 01:25:30,BUS_CURRENT,8.6099,0,none
2025-01-01 01:33:50,BUS_CURRENT,9.1483,0,none
2025-01-01 01:42:10,BUS_CURRENT,9.7266,0,none
2025-01-01 01:50:30,BUS_CURRENT,9.9481,0,none
2025-01-01 01:58:50,BUS_CURRENT,10.0008,0,none
2025-01-01 02:07:10,BUS_CURRENT,7.9759,0,none
2025-01-01 02:15:30,BUS_CURRENT,10.2524,0,none
2025-01-01 02:23:50,BUS_CURRENT,9.9446,0,none
2025-01-01 02:32:10,BUS_CURRENT,7.9386,0,none
2025-01-01 02:40:30,BUS_CURRENT,9.4855,0,none
2025-01-01 02:48:50,BUS_CURRENT,9.142,0,none
2025-01-01 02:57:10,BUS_CURRENT,10.7918,0,none
2025-01-01 03:05:30,BUS_CURRENT,7.5202,0,none
2025-01-01 03:13:50,BUS_CURRENT,8.1619,0,none
2025-01-01 03:22:10,BUS_CURRENT,7.5404,0,none
2025-01-01 03:30:30,BUS_CURRENT,9.936,0,none
2025-01-01 03:38:50,BUS_CURRENT,8.9751,0,none
2025-01-01 03:47:10,BUS_CURRENT,10.5157,0,none
2025-01-01 03:55:30,BUS_CURRENT,10.7823,0,none
2025-01-01 04:03:50,BUS_CURRENT,9.4862,0,none
2025-01-01 04:12:10,BUS_CURRENT,9.0688,0,none
2025-01-01 04:20:30,BUS_CURRENT,7.1159,0,none
2025-01-01 04:28:50,BUS_CURRENT,9.9079,0,none
2025-01-01 04:37:10,BUS_CURRENT,7.0157,0,none
2025-01-01 04:45:30,BUS_CURRENT,9.7512,0,none
2025-01-01 04:53:50,BUS_CURRENT,10.078,0,none
2025-01-01 05:02:10,BUS_CURRENT,7.2821,0,none
2025-01-01 05:10:30,BUS_CURRENT,9.3344,0,none
2025-01-01 05:18:50,BUS_CURRENT,7.4541,0,none
2025-01-01 05:27:10,BUS_CURRENT,9.3467,0,none
2025-01-01 05:35:30,BUS_CURRENT,9.9487,0,none
2025-01-01 05:43:50,BUS_CURRENT,8.5139,0,none
2025-01-01 05:52:10,BUS_CURRENT,7.2255,0,none
2025-01-01 06:00:30,BUS_CURRENT,7.5686,0,none
2025-01-01 06:08:50,BUS_CURRENT,9.5239,0,none
2025-01-01 06:17:10,BUS_CURRENT,10.3955,0,none
2025-01-01 06:25:30,BUS_CURRENT,8.4226,0,none
2025-01-01 06:33:50,BUS_CURRENT,8.4238,0,none
2025-01-01 06:42:10,BUS_CURRENT,7.2888,0,none
2025-01-01 06:50:30,BUS_CURRENT,9.7493,0,none
2025-01-01 06:58:50,BUS_CURRENT,6.91,0,none
2025-01-01 07:07:10,BUS_CURRENT,9.8044,0,none
2025-01-01 07:15:30,BUS_CURRENT,10.112,0,none
2025-01-01 07:23:50,BUS_CURRENT,8.1451,0,none
2025-01-01 07:32:10,BUS_CURRENT,6.6714,0,none
2025-01-01 07:40:30,BUS_CURRENT,7.7836,0,none
2025-01-01 07:48:50,BUS_CURRENT,8.2502,0,none
2025-01-01 07:57:10,BUS_CURRENT,9.9046,0,none
2025-01-01 08:05:30,BUS_CURRENT,8.9326,0,none
2025-01-01 08:13:50,BUS_CURRENT,8.2857,0,none
2025-01-01 08:22:10,BUS_CURRENT,7.0888,0,none
2025-01-01 08:30:30,BUS_CURRENT,6.5209,0,none
2025-01-01 08:38:50,BUS_CURRENT,7.881,0,none
2025-01-01 08:47:10,BUS_CURRENT,6.8272,0,none
2025-01-01 08:55:30,BUS_CURRENT,6.7363,0,none
2025-01-01 09:03:50,BUS_CURRENT,9.2142,0,none
2025-01-01 09:12:10,BUS_CURRENT,6.372,0,none
2025-01-01 09:20:30,BUS_CURRENT,7.5609,0,none
2025-01-01 09:28:50,BUS_CURRENT,6.6204,0,none
2025-01-01 09:37:10,BUS_CURRENT,8.4708,0,none
2025-01-01 09:45:30,BUS_CURRENT,6.9685,0,none
2025-01-01 09:53:50,BUS_CURRENT,6.6606,0,none
2025-01-01 10:02:10,BUS_CURRENT,6.477,0,none
2025-01-01 10:10:30,BUS_CURRENT,6.8682,0,none
2025-01-01 10:18:50,BUS_CURRENT,8.6113,0,none
2025-01-01 10:27:10,BUS_CURRENT,7.0046,0,none
2025-01-01 10:35:30,BUS_CURRENT,7.1974,0,none
2025-01-01 10:43:50,BUS_CURRENT,9.0133,0,none
2025-01-01 10:52:10,BUS_CURRENT,7.0162,0,none
2025-01-01 11:00:30,BUS_CURRENT,7.0,0,none
2025-01-01 11:08:50,BUS_CURRENT,7.2604,0,none
2025-01-01 11:17:10,BUS_CURRENT,9.3339,0,none
2025-01-01 11:25:30,BUS_CURRENT,7.1226,0,none
2025-01-01 11:33:50,BUS_CURRENT,8.4825,0,none
2025-01-01 11:42:10,BUS_CURRENT,6.7489,0,none
2025-01-01 11:50:30,BUS_CURRENT,8.8637,0,none
2025-01-01 11:58:50,BUS_CURRENT,7.0955,0,none
2025-01-01 12:07:10,BUS_CURRENT,6.6881,0,none
2025-01-01 12:15:30,BUS_CURRENT,7.5614,0,none
2025-01-01 12:23:50,BUS_CURRENT,7.1004,0,none
2025-01-01 12:32:10,BUS_CURRENT,8.5748,0,none
2025-01-01 12:40:30,BUS_CURRENT,6.8236,0,none
2025-01-01 12:48:50,BUS_CURRENT,7.4487,0,none
2025-01-01 12:57:10,BUS_CURRENT,7.9771,0,none
2025-01-01 13:05:30,BUS_CURRENT,7.2775,0,none
2025-01-01 13:13:50,BUS_CURRENT,7.5863,0,none
2025-01-01 13:22:10,BUS_CURRENT,8.4598,0,none
2025-01-01 13:30:30,BUS_CURRENT,6.1623,0,none
2025-01-01 13:38:50,BUS_CURRENT,8.6036,0,none
2025-01-01 13:47:10,BUS_CURRENT,6.6348,0,none
2025-01-01 13:55:30,BUS_CURRENT,6.7354,0,none
2025-01-01 14:03:50,BUS_CURRENT,8.5666,0,none
2025-01-01 14:12:10,BUS_CURRENT,6.5047,0,none
2025-01-01 14:20:30,BUS_CURRENT,8.4331,0,none
2025-01-01 14:28:50,BUS_CURRENT,6.9526,0,none
2025-01-01 14:37:10,BUS_CURRENT,7.5284,0,none
2025-01-01 14:45:30,BUS_CURRENT,7.3188,0,none
2025-01-01 14:53:50,BUS_CURRENT,8.8066,0,none
2025-01-01 15:02:10,BUS_CURRENT,7.6233,0,none
2025-01-01 15:10:30,BUS_CURRENT,7.7229,0,none
2025-01-01 15:18:50,BUS_CURRENT,8.2084,0,none
2025-01-01 15:27:10,BUS_CURRENT,7.3983,0,none
2025-01-01 15:35:30,BUS_CURRENT,6.8643,0,none
2025-01-01 15:43:50,BUS_CURRENT,8.0165,0,none
2025-01-01 15:52:10,BUS_CURRENT,7.1425,0,none
2025-01-01 16:00:30,BUS_CURRENT,7.0853,0,none
2025-01-01 16:08:50,BUS_CURRENT,6.5689,0,none
2025-01-01 16:17:10,BUS_CURRENT,7.1537,0,none
2025-01-01 16:25:30,BUS_CURRENT,9.3593,0,none
2025-01-01 16:33:50,BUS_CURRENT,7.1309,0,none
2025-01-01 16:42:10,BUS_CURRENT,6.5026,0,none
2025-01-01 16:50:30,BUS_CURRENT,6.3164,0,none
2025-01-01 16:58:50,BUS_CURRENT,9.3788,0,none
2025-01-01 17:07:10,BUS_CURRENT,6.6059,0,none
2025-01-01 17:15:30,BUS_CURRENT,7.8188,0,none
2025-01-01 17:23:50,BUS_CURRENT,7.3981,0,none
2025-01-01 17:32:10,BUS_CURRENT,7.0362,0,none
2025-01-01 17:40:30,BUS_CURRENT,6.7304,0,none
2025-01-01 17:48:50,BUS_CURRENT,8.5906,0,none
2025-01-01 17:57:10,BUS_CURRENT,6.8855,0,none
2025-01-01 18:05:30,BUS_CURRENT,6.9653,0,none
2025-01-01 18:13:50,BUS_CURRENT,9.6991,0,none
2025-01-01 18:22:10,BUS_CURRENT,6.7446,0,none
2025-01-01 18:30:30,BUS_CURRENT,6.8263,0,none
2025-01-01 18:38:50,BUS_CURRENT,6.7539,0,none
2025-01-01 18:47:10,BUS_CURRENT,9.4423,0,none
2025-01-01 18:55:30,BUS_CURRENT,7.4143,0,none
2025-01-01 19:03:50,BUS_CURRENT,8.5388,0,none
2025-01-01 19:12:10,BUS_CURRENT,9.4458,0,none
2025-01-01 19:20:30,BUS_CURRENT,6.7938,0,none
2025-01-01 19:28:50,BUS_CURRENT,9.1784,0,none
2025-01-01 19:37:10,BUS_CURRENT,9.9341,0,none
2025-01-01 19:45:30,BUS_CURRENT,7.1142,0,none
2025-01-01 19:53:50,BUS_CURRENT,7.3832,0,none
2025-01-01 20:02:10,BUS_CURRENT,8.2188,0,none
2025-01-01 20:10:30,BUS_CURRENT,10.241,0,none
2025-01-01 20:18:50,BUS_CURRENT,9.0134,0,none
2025-01-01 20:27:10,BUS_CURRENT,10.2856,0,none
2025-01-01 20:35:30,BUS_CURRENT,7.0766,0,none
2025-01-01 20:43:50,BUS_CURRENT,9.493,0,none
2025-01-01 20:52:10,BUS_CURRENT,7.6616,0,none
2025-01-01 21:00:30,BUS_CURRENT,9.6266,0,none
2025-01-01 21:08:50,BUS_CURRENT,9.6127,0,none
2025-01-01 21:17:10,BUS_CURRENT,7.2206,0,none
2025-01-01 21:25:30,BUS_CURRENT,7.831,0,none
2025-01-01 21:33:50,BUS_CURRENT,7.9479,0,none
2025-01-01 21:42:10,BUS_CURRENT,10.29,0,none
2025-01-01 21:50:30,BUS_CURRENT,6.7817,0,none
2025-01-01 21:58:50,BUS_CURRENT,9.9585,0,none
2025-01-01 22:07:10,BUS_CURRENT,8.1766,0,none
2025-01-01 22:15:30,BUS_CURRENT,7.5807,0,none
2025-01-01 22:23:50,BUS_CURRENT,7.5157,0,none
2025-01-01 22:32:10,BUS_CURRENT,10.5277,0,none
2025-01-01 22:40:30,BUS_CURRENT,9.682,0,none
2025-01-01 22:48:50,BUS_CURRENT,9.4802,0,none
2025-01-01 22:57:10,BUS_CURRENT,6.998,0,none
2025-01-01 23:05:30,BUS_CURRENT,10.6831,0,none
2025-01-01 23:13:50,BUS_CURRENT,8.8311,0,none
2025-01-01 23:22:10,BUS_CURRENT,10.1606,0,none
2025-01-01 23:30:30,BUS_CURRENT,10.1952,0,none
2025-01-01 23:38:50,BUS_CURRENT,8.5615,0,none
2025-01-01 23:47:10,BUS_CURRENT,10.2459,0,none
2025-01-01 23:55:30,BUS_CURRENT,9.996,0,none
2025-01-02 00:03:50,BUS_CURRENT,9.376,0,none
2025-01-02 00:12:10,BUS_CURRENT,10.3018,0,none
2025-01-02 00:20:30,BUS_CURRENT,8.5373,0,none
2025-01-02 00:28:50,BUS_CURRENT,9.3018,0,none
2025-01-02 00:37:10,BUS_CURRENT,8.2336,0,none
2025-01-02 00:45:30,BUS_CURRENT,7.5424,0,none
2025-01-02 00:53:50,BUS_CURRENT,9.6906,0,none
2025-01-02 01:02:10,BUS_CURRENT,8.1453,0,none
2025-01-02 01:10:30,BUS_CURRENT,10.6552,0,none
2025-01-02 01:18:50,BUS_CURRENT,8.3635,0,none
2025-01-02 01:27:10,BUS_CURRENT,10.1986,0,none
2025-01-02 01:35:30,BUS_CURRENT,8.3231,0,none
2025-01-02 01:43:50,BUS_CURRENT,10.0345,0,none
2025-01-02 01:52:10,BUS_CURRENT,9.6819,0,none
2025-01-02 02:00:30,BUS_CURRENT,10.8354,0,none
2025-01-02 02:08:50,BUS_CURRENT,10.4476,0,none
2025-01-02 02:17:10,BUS_CURRENT,9.5138,0,none
2025-01-02 02:25:30,BUS_CURRENT,9.0386,0,none
2025-01-02 02:33:50,BUS_CURRENT,10.2918,0,none
2025-01-02 02:42:10,BUS_CURRENT,9.8041,0,none
2025-01-02 02:50:30,BUS_CURRENT,9.5238,0,none
2025-01-02 02:58:50,BUS_CURRENT,10.044,0,none
2025-01-02 03:07:10,BUS_CURRENT,9.8637,0,none
2025-01-02 03:15:30,BUS_CURRENT,9.254,0,none
2025-01-02 03:23:50,BUS_CURRENT,8.8965,0,none
2025-01-02 03:32:10,BUS_CURRENT,9.5297,0,none
2025-01-02 03:40:30,BUS_CURRENT,9.1648,0,none
2025-01-01 00:02:00,BUS_VOLTAGE,28.9878,0,none
2025-01-01 00:10:20,BUS_VOLTAGE,28.9101,0,none
2025-01-01 00:18:40,BUS_VOLTAGE,29.0387,0,none
2025-01-01 00:27:00,BUS_VOLTAGE,28.9661,0,none
2025-01-01 00:35:20,BUS_VOLTAGE,28.9374,0,none
2025-01-01 00:43:40,BUS_VOLTAGE,28.8797,0,none
2025-01-01 00:52:00,BUS_VOLTAGE,28.8702,0,none
2025-01-01 01:00:20,BUS_VOLTAGE,28.9321,0,none
2025-01-01 01:08:40,BUS_VOLTAGE,28.838,0,none
2025-01-01 01:17:00,BUS_VOLTAGE,28.4636,0,none
2025-01-01 01:25:20,BUS_VOLTAGE,28.6802,0,none
2025-01-01 01:33:40,BUS_VOLTAGE,28.7935,0,none
2025-01-01 01:42:00,BUS_VOLTAGE,28.7916,0,none
2025-01-01 01:50:20,BUS_VOLTAGE,28.4643,0,none
2025-01-01 01:58:40,BUS_VOLTAGE,28.6804,0,none
2025-01-01 02:07:00,BUS_VOLTAGE,28.9922,0,none
2025-01-01 02:15:20,BUS_VOLTAGE,28.7458,0,none
2025-01-01 02:23:40,BUS_VOLTAGE,28.2247,0,none
2025-01-01 02:32:00,BUS_VOLTAGE,28.9522,0,none
2025-01-01 02:40:20,BUS_VOLTAGE,28.7432,0,none
2025-01-01 02:48:40,BUS_VOLTAGE,28.9288,0,none
2025-01-01 02:57:00,BUS_VOLTAGE,28.9244,0,none
2025-01-01 03:05:20,BUS_VOLTAGE,29.0648,0,none
2025-01-01 03:13:40,BUS_VOLTAGE,28.8016,0,none
2025-01-01 03:22:00,BUS_VOLTAGE,28.2209,0,none
2025-01-01 03:30:20,BUS_VOLTAGE,28.1162,0,none
2025-01-01 03:38:40,BUS_VOLTAGE,28.9646,0,none
2025-01-01 03:47:00,BUS_VOLTAGE,28.4884,0,none
2025-01-01 03:55:20,BUS_VOLTAGE,28.3128,0,none
2025-01-01 04:03:40,BUS_VOLTAGE,29.0679,0,none
2025-01-01 04:12:00,BUS_VOLTAGE,28.8794,0,none
2025-01-01 04:20:20,BUS_VOLTAGE,29.0591,0,none
2025-01-01 04:28:40,BUS_VOLTAGE,28.4464,0,none
2025-01-01 04:37:00,BUS_VOLTAGE,28.5584,0,none
2025-01-01 04:45:20,BUS_VOLTAGE,28.5125,0,none
2025-01-01 04:53:40,BUS_VOLTAGE,28.3131,0,none
2025-01-01 05:02:00,BUS_VOLTAGE,29.0935,0,none
2025-01-01 05:10:20,BUS_VOLTAGE,28.4819,0,none
2025-01-01 05:18:40,BUS_VOLTAGE,28.1281,0,none
2025-01-01 05:27:00,BUS_VOLTAGE,28.062,0,none
2025-01-01 05:35:20,BUS_VOLTAGE,28.8218,0,none
2025-01-01 05:43:40,BUS_VOLTAGE,28.7074,0,none
2025-01-01 05:52:00,BUS_VOLTAGE,28.9838,0,none
2025-01-01 06:00:20,BUS_VOLTAGE,28.2466,0,none
2025-01-01 06:08:40,BUS_VOLTAGE,28.3973,0,none
2025-01-01 06:17:00,BUS_VOLTAGE,28.3034,0,none
2025-01-01 06:25:20,BUS_VOLTAGE,28.1985,0,none
2025-01-01 06:33:40,BUS_VOLTAGE,28.0516,0,none
2025-01-01 06:42:00,BUS_VOLTAGE,28.9841,0,none
2025-01-01 06:50:20,BUS_VOLTAGE,28.1872,0,none
2025-01-01 06:58:40,BUS_VOLTAGE,28.2566,0,none
2025-01-01 07:07:00,BUS_VOLTAGE,29.0259,0,none
2025-01-01 07:15:20,BUS_VOLTAGE,28.7086,0,none
2025-01-01 07:23:40,BUS_VOLTAGE,27.7728,0,none
2025-01-01 07:32:00,BUS_VOLTAGE,28.5917,0,none
2025-01-01 07:40:20,BUS_VOLTAGE,29.1425,0,none
2025-01-01 07:48:40,BUS_VOLTAGE,28.8472,0,none
2025-01-01 07:57:00,BUS_VOLTAGE,28.5003,0,none
2025-01-01 08:05:20,BUS_VOLTAGE,28.851,0,none
2025-01-01 08:13:40,BUS_VOLTAGE,27.9406,0,none
2025-01-01 08:22:00,BUS_VOLTAGE,28.2928,0,none
2025-01-01 08:30:20,BUS_VOLTAGE,28.061,0,none
2025-01-01 08:38:40,BUS_VOLTAGE,28.8154,0,none
2025-01-01 08:47:00,BUS_VOLTAGE,28.8958,0,none
2025-01-01 08:55:20,BUS_VOLTAGE,28.2317,0,none
2025-01-01 09:03:40,BUS_VOLTAGE,28.7997,0,none
2025-01-01 09:12:00,BUS_VOLTAGE,28.4593,0,none
2025-01-01 09:20:20,BUS_VOLTAGE,28.766,0,none
2025-01-01 09:28:40,BUS_VOLTAGE,27.9888,0,none
2025-01-01 09:37:00,BUS_VOLTAGE,28.0778,0,none
2025-01-01 09:45:20,BUS_VOLTAGE,27.999,0,none
2025-01-01 09:53:40,BUS_VOLTAGE,29.005,0,none
2025-01-01 10:02:00,BUS_VOLTAGE,28.0187,0,none
2025-01-01 10:10:20,BUS_VOLTAGE,28.1559,0,none
2025-01-01 10:18:40,BUS_VOLTAGE,27.907,0,none
2025-01-01 10:27:00,BUS_VOLTAGE,28.2243,0,none
2025-01-01 10:35:20,BUS_VOLTAGE,28.1738,0,none
2025-01-01 10:43:40,BUS_VOLTAGE,28.1181,0,none
2025-01-01 10:52:00,BUS_VOLTAGE,28.1102,0,none
2025-01-01 11:00:20,BUS_VOLTAGE,28.1474,0,none
2025-01-01 11:08:40,BUS_VOLTAGE,28.498,0,none
2025-01-01 11:17:00,BUS_VOLTAGE,28.1968,0,none
2025-01-01 11:25:20,BUS_VOLTAGE,28.2399,0,none
2025-01-01 11:33:40,BUS_VOLTAGE,28.0332,0,none
2025-01-01 11:42:00,BUS_VOLTAGE,28.0905,0,none
2025-01-01 11:50:20,BUS_VOLTAGE,28.0186,0,none
2025-01-01 11:58:40,BUS_VOLTAGE,28.0138,0,none
2025-01-01 12:07:00,BUS_VOLTAGE,28.5799,0,none
2025-01-01 12:15:20,BUS_VOLTAGE,28.6966,0,none
2025-01-01 12:23:40,BUS_VOLTAGE,28.6819,0,none
2025-01-01 12:32:00,BUS_VOLTAGE,28.0867,0,none
2025-01-01 12:40:20,BUS_VOLTAGE,28.0254,0,none
2025-01-01 12:48:40,BUS_VOLTAGE,28.5579,0,none
2025-01-01 12:57:00,BUS_VOLTAGE,28.0065,0,none
2025-01-01 13:05:20,BUS_VOLTAGE,28.382,0,none
2025-01-01 13:13:40,BUS_VOLTAGE,28.0851,0,none
2025-01-01 13:22:00,BUS_VOLTAGE,28.4102,0,none
2025-01-01 13:30:20,BUS_VOLTAGE,28.2599,0,none
2025-01-01 13:38:40,BUS_VOLTAGE,28.5508,0,none
2025-01-01 13:47:00,BUS_VOLTAGE,28.0604,0,none
2025-01-01 13:55:20,BUS_VOLTAGE,27.9246,0,none
2025-01-01 14:03:40,BUS_VOLTAGE,28.1515,0,none
2025-01-01 14:12:00,BUS_VOLTAGE,28.1769,0,none
2025-01-01 14:20:20,BUS_VOLTAGE,27.9063,0,none
2025-01-01 14:28:40,BUS_VOLTAGE,28.4301,0,none
2025-01-01 14:37:00,BUS_VOLTAGE,27.8808,0,none
2025-01-01 14:45:20,BUS_VOLTAGE,28.1879,0,none
2025-01-01 14:53:40,BUS_VOLTAGE,28.1066,0,none
2025-01-01 15:02:00,BUS_VOLTAGE,28.4351,0,none
2025-01-01 15:10:20,BUS_VOLTAGE,28.2487,0,none
2025-01-01 15:18:40,BUS_VOLTAGE,28.3818,0,none
2025-01-01 15:27:00,BUS_VOLTAGE,28.0247,0,none
2025-01-01 15:35:20,BUS_VOLTAGE,28.0987,0,none
2025-01-01 15:43:40,BUS_VOLTAGE,28.0213,0,none
2025-01-01 15:52:00,BUS_VOLTAGE,28.3987,0,none
2025-01-01 16:00:20,BUS_VOLTAGE,28.2152,0,none
2025-01-01 16:08:40,BUS_VOLTAGE,28.177,0,none
2025-01-01 16:17:00,BUS_VOLTAGE,27.8841,0,none
2025-01-01 16:25:20,BUS_VOLTAGE,28.3217,0,none
2025-01-01 16:33:40,BUS_VOLTAGE,28.6641,0,none
2025-01-01 16:42:00,BUS_VOLTAGE,28.0872,0,none
2025-01-01 16:50:20,BUS_VOLTAGE,28.1549,0,none
2025-01-01 16:58:40,BUS_VOLTAGE,28.3154,0,none
2025-01-01 17:07:00,BUS_VOLTAGE,28.5645,0,none
2025-01-01 17:15:20,BUS_VOLTAGE,28.3392,0,none
2025-01-01 17:23:40,BUS_VOLTAGE,28.0593,0,none
2025-01-01 17:32:00,BUS_VOLTAGE,28.9921,0,none
2025-01-01 17:40:20,BUS_VOLTAGE,28.3639,0,none
2025-01-01 17:48:40,BUS_VOLTAGE,27.8264,0,none
2025-01-01 17:57:00,BUS_VOLTAGE,28.1441,0,none
2025-01-01 18:05:20,BUS_VOLTAGE,28.5104,0,none
2025-01-01 18:13:40,BUS_VOLTAGE,28.7202,0,none
2025-01-01 18:22:00,BUS_VOLTAGE,28.4846,0,none
2025-01-01 18:30:20,BUS_VOLTAGE,28.3756,0,none
2025-01-01 18:38:40,BUS_VOLTAGE,28.4553,0,none
2025-01-01 18:47:00,BUS_VOLTAGE,28.7167,0,none
2025-01-01 18:55:20,BUS_VOLTAGE,28.2409,0,none
2025-01-01 19:03:40,BUS_VOLTAGE,28.8421,0,none
2025-01-01 19:12:00,BUS_VOLTAGE,28.0066,0,none
2025-01-01 19:20:20,BUS_VOLTAGE,28.8989,0,none
2025-01-01 19:28:40,BUS_VOLTAGE,28.9725,0,none
2025-01-01 19:37:00,BUS_VOLTAGE,29.0513,0,none
2025-01-01 19:45:20,BUS_VOLTAGE,28.2538,0,none
2025-01-01 19:53:40,BUS_VOLTAGE,28.2495,0,none
2025-01-01 20:02:00,BUS_VOLTAGE,28.6993,0,none
2025-01-01 20:10:20,BUS_VOLTAGE,28.6464,0,none
2025-01-01 20:18:40,BUS_VOLTAGE,28.888,0,none
2025-01-01 20:27:00,BUS_VOLTAGE,28.93,0,none
2025-01-01 20:35:20,BUS_VOLTAGE,29.0013,0,none
2025-01-01 20:43:40,BUS_VOLTAGE,28.2079,0,none
2025-01-01 20:52:00,BUS_VOLTAGE,28.3896,0,none
2025-01-01 21:00:20,BUS_VOLTAGE,28.905,0,none
2025-01-01 21:08:40,BUS_VOLTAGE,28.7564,0,none
2025-01-01 21:17:00,BUS_VOLTAGE,27.94,0,none
2025-01-01 21:25:20,BUS_VOLTAGE,27.9817,0,none
2025-01-01 21:33:40,BUS_VOLTAGE,28.2934,0,none
2025-01-01 21:42:00,BUS_VOLTAGE,28.3904,0,none
2025-01-01 21:50:20,BUS_VOLTAGE,28.6271,0,none
2025-01-01 21:58:40,BUS_VOLTAGE,28.6654,0,none
2025-01-01 22:07:00,BUS_VOLTAGE,28.2085,0,none
2025-01-01 22:15:20,BUS_VOLTAGE,28.0155,0,none
2025-01-01 22:23:40,BUS_VOLTAGE,28.0522,0,none
2025-01-01 22:32:00,BUS_VOLTAGE,28.6804,0,none
2025-01-01 22:40:20,BUS_VOLTAGE,29.0196,0,none
2025-01-01 22:48:40,BUS_VOLTAGE,28.7278,0,none
2025-01-01 22:57:00,BUS_VOLTAGE,28.3513,0,none
2025-01-01 23:05:20,BUS_VOLTAGE,27.9803,0,none
2025-01-01 23:13:40,BUS_VOLTAGE,28.7392,0,none
2025-01-01 23:22:00,BUS_VOLTAGE,28.8561,0,none
2025-01-01 23:30:20,BUS_VOLTAGE,29.0621,0,none
2025-01-01 23:38:40,BUS_VOLTAGE,28.954,0,none
2025-01-01 23:47:00,BUS_VOLTAGE,29.0498,0,none
2025-01-01 23:55:20,BUS_VOLTAGE,28.2883,0,none
2025-01-02 00:03:40,BUS_VOLTAGE,28.9541,0,none
2025-01-02 00:12:00,BUS_VOLTAGE,28.0748,0,none
2025-01-02 00:20:20,BUS_VOLTAGE,28.3869,0,none
2025-01-02 00:28:40,BUS_VOLTAGE,28.4974,0,none
2025-01-02 00:37:00,BUS_VOLTAGE,28.7311,0,none
2025-01-02 00:45:20,BUS_VOLTAGE,28.584,0,none
2025-01-02 00:53:40,BUS_VOLTAGE,28.8482,0,none
2025-01-02 01:02:00,BUS_VOLTAGE,28.3649,0,none
2025-01-02 01:10:20,BUS_VOLTAGE,28.3838,0,none
2025-01-02 01:18:40,BUS_VOLTAGE,28.7911,0,none
2025-01-02 01:27:00,BUS_VOLTAGE,28.8283,0,none
2025-01-02 01:35:20,BUS_VOLTAGE,28.9921,0,none
2025-01-02 01:43:40,BUS_VOLTAGE,28.9867,0,none
2025-01-02 01:52:00,BUS_VOLTAGE,28.8007,0,none
2025-01-02 02:00:20,BUS_VOLTAGE,28.6632,0,none
2025-01-02 02:08:40,BUS_VOLTAGE,28.9266,0,none
2025-01-02 02:17:00,BUS_VOLTAGE,28.6642,0,none
2025-01-02 02:25:20,BUS_VOLTAGE,28.6794,0,none
2025-01-02 02:33:40,BUS_VOLTAGE,28.9282,0,none
2025-01-02 02:42:00,BUS_VOLTAGE,28.4518,0,none
2025-01-02 02:50:20,BUS_VOLTAGE,28.7064,0,none
2025-01-02 02:58:40,BUS_VOLTAGE,28.7707,0,none
2025-01-02 03:07:00,BUS_VOLTAGE,29.1057,0,none
2025-01-02 03:15:20,BUS_VOLTAGE,28.8063,0,none
2025-01-02 03:23:40,BUS_VOLTAGE,29.0305,0,none
2025-01-02 03:32:00,BUS_VOLTAGE,28.7822,0,none
2025-01-02 03:40:20,BUS_VOLTAGE,29.0982,0,none
2025-01-01 00:07:20,CPU_USAGE,37.1778,0,none
2025-01-01 00:15:40,CPU_USAGE,47.5723,0,none
2025-01-01 00:24:00,CPU_USAGE,36.2162,0,none
2025-01-01 00:32:20,CPU_USAGE,40.0701,0,none
2025-01-01 00:40:40,CPU_USAGE,47.4837,0,none
2025-01-01 00:49:00,CPU_USAGE,40.2915,0,none
2025-01-01 00:57:20,CPU_USAGE,47.8647,0,none
2025-01-01 01:05:40,CPU_USAGE,42.8826,0,none
2025-01-01 01:14:00,CPU_USAGE,48.712,0,none
2025-01-01 01:22:20,CPU_USAGE,44.9368,0,none
2025-01-01 01:30:40,CPU_USAGE,46.9523,0,none
2025-01-01 01:39:00,CPU_USAGE,40.6518,0,none
2025-01-01 01:47:20,CPU_USAGE,50.3858,0,none
2025-01-01 01:55:40,CPU_USAGE,43.3788,0,none
2025-01-01 02:04:00,CPU_USAGE,42.9187,0,none
2025-01-01 02:12:20,CPU_USAGE,79.01313033924353,1,point
2025-01-01 02:20:40,CPU_USAGE,41.4891,0,none
2025-01-01 02:29:00,CPU_USAGE,34.6214,0,none
2025-01-01 02:37:20,CPU_USAGE,49.5552,0,none
2025-01-01 02:45:40,CPU_USAGE,45.5962,0,none
2025-01-01 02:54:00,CPU_USAGE,45.2516,0,none
2025-01-01 03:02:20,CPU_USAGE,42.1261,0,none
2025-01-01 03:10:40,CPU_USAGE,33.7067,0,none
2025-01-01 03:19:00,CPU_USAGE,48.7769,0,none
2025-01-01 03:27:20,CPU_USAGE,41.788,0,none
2025-01-01 03:35:40,CPU_USAGE,36.81,0,none
2025-01-01 03:44:00,CPU_USAGE,24.5496,0,none
2025-01-01 03:52:20,CPU_USAGE,28.9857,0,none
2025-01-01 04:00:40,CPU_USAGE,47.0795,0,none
2025-01-01 04:09:00,CPU_USAGE,35.206,0,none
2025-01-01 04:17:20,CPU_USAGE,44.3618,0,none
2025-01-01 04:25:40,CPU_USAGE,48.6898,0,none
2025-01-01 04:34:00,CPU_USAGE,47.142,0,none
2025-01-01 04:42:20,CPU_USAGE,34.5444,0,none
2025-01-01 04:50:40,CPU_USAGE,44.9587,0,none
2025-01-01 04:59:00,CPU_USAGE,34.2371,0,none
2025-01-01 05:07:20,CPU_USAGE,45.9005,0,none
2025-01-01 05:15:40,CPU_USAGE,42.667,0,none
2025-01-01 05:24:00,CPU_USAGE,42.2281,0,none
2025-01-01 05:32:20,CPU_USAGE,40.071,0,none
2025-01-01 05:40:40,CPU_USAGE,24.9152,0,none
2025-01-01 05:49:00,CPU_USAGE,26.0379,0,none
2025-01-01 05:57:20,CPU_USAGE,41.6461,0,none
2025-01-01 06:05:40,CPU_USAGE,49.5128,0,none
2025-01-01 06:14:00,CPU_USAGE,31.756,0,none
2025-01-01 06:22:20,CPU_USAGE,38.4169,0,none
2025-01-01 06:30:40,CPU_USAGE,46.9893,0,none
2025-01-01 06:39:00,CPU_USAGE,33.3096,0,none
2025-01-01 06:47:20,CPU_USAGE,45.0669,0,none
2025-01-01 06:55:40,CPU_USAGE,30.1035,0,none
2025-01-01 07:04:00,CPU_USAGE,30.4683,0,none
2025-01-01 07:12:20,CPU_USAGE,23.5048,0,none
2025-01-01 07:20:40,CPU_USAGE,17.9919,0,none
2025-01-01 07:29:00,CPU_USAGE,47.4887,0,none
2025-01-01 07:37:20,CPU_USAGE,29.6575,0,none
2025-01-01 07:45:40,CPU_USAGE,32.272,0,none
2025-01-01 07:54:00,CPU_USAGE,77.56422747679296,1,point
2025-01-01 08:02:20,CPU_USAGE,46.9244,0,none
2025-01-01 08:10:40,CPU_USAGE,33.7615,0,none
2025-01-01 08:19:00,CPU_USAGE,21.19,0,none
2025-01-01 08:27:20,CPU_USAGE,35.8951,0,none
2025-01-01 08:35:40,CPU_USAGE,45.9181,0,none
2025-01-01 08:44:00,CPU_USAGE,25.478,0,none
2025-01-01 08:52:20,CPU_USAGE,24.4534,0,none
2025-01-01 09:00:40,CPU_USAGE,24.3447,0,none
2025-01-01 09:09:00,CPU_USAGE,35.9373,0,none
2025-01-01 09:17:20,CPU_USAGE,24.9745,0,none
2025-01-01 09:25:40,CPU_USAGE,21.6352,0,none
2025-01-01 09:34:00,CPU_USAGE,33.3749,0,none
2025-01-01 09:42:20,CPU_USAGE,23.3369,0,none
2025-01-01 09:50:40,CPU_USAGE,31.9764,0,none
2025-01-01 09:59:00,CPU_USAGE,29.402,0,none
2025-01-01 10:07:20,CPU_USAGE,43.5108,0,none
2025-01-01 10:15:40,CPU_USAGE,26.5229,0,none
2025-01-01 10:24:00,CPU_USAGE,32.1842,0,none
2025-01-01 10:32:20,CPU_USAGE,39.9436,0,none
2025-01-01 10:40:40,CPU_USAGE,28.5595,0,none
2025-01-01 10:49:00,CPU_USAGE,22.9622,0,none
2025-01-01 10:57:20,CPU_USAGE,38.7146,0,none
2025-01-01 11:05:40,CPU_USAGE,30.3336,0,none
2025-01-01 11:14:00,CPU_USAGE,24.4433,0,none
2025-01-01 11:22:20,CPU_USAGE,24.9764,0,none
2025-01-01 11:30:40,CPU_USAGE,22.7565,0,none
2025-01-01 11:39:00,CPU_USAGE,30.1609,0,none
2025-01-01 11:47:20,CPU_USAGE,34.2926,0,none
2025-01-01 11:55:40,CPU_USAGE,26.3903,0,none
2025-01-01 12:04:00,CPU_USAGE,26.82,0,none
2025-01-01 12:12:20,CPU_USAGE,24.1592,0,none
2025-01-01 12:20:40,CPU_USAGE,85.46139331319266,1,point
2025-01-01 12:29:00,CPU_USAGE,38.2819,0,none
2025-01-01 12:37:20,CPU_USAGE,33.3263,0,none
2025-01-01 12:45:40,CPU_USAGE,24.4442,0,none
2025-01-01 12:54:00,CPU_USAGE,34.7501,0,none
2025-01-01 13:02:20,CPU_USAGE,37.7433,0,none
2025-01-01 13:10:40,CPU_USAGE,26.5635,0,none
2025-01-01 13:19:00,CPU_USAGE,25.2498,0,none
2025-01-01 13:27:20,CPU_USAGE,18.4271,0,none
2025-01-01 13:35:40,CPU_USAGE,26.1353,0,none
2025-01-01 13:44:00,CPU_USAGE,24.2156,0,none
2025-01-01 13:52:20,CPU_USAGE,25.366,0,none
2025-01-01 14:00:40,CPU_USAGE,25.4414,0,none
2025-01-01 14:09:00,CPU_USAGE,22.1689,0,none
2025-01-01 14:17:20,CPU_USAGE,29.3541,0,none
2025-01-01 14:25:40,CPU_USAGE,86.16088859349736,1,point
2025-01-01 14:34:00,CPU_USAGE,24.1488,0,none
2025-01-01 14:42:20,CPU_USAGE,36.1693,0,none
2025-01-01 14:50:40,CPU_USAGE,-17.20787388822893,1,point
2025-01-01 14:59:00,CPU_USAGE,22.8297,0,none
2025-01-01 15:07:20,CPU_USAGE,23.778,0,none
2025-01-01 15:15:40,CPU_USAGE,30.2255,0,none
2025-01-01 15:24:00,CPU_USAGE,26.6496,0,none
2025-01-01 15:32:20,CPU_USAGE,38.2428,0,none
2025-01-01 15:40:40,CPU_USAGE,34.719,0,none
2025-01-01 15:49:00,CPU_USAGE,28.7539,0,none
2025-01-01 15:57:20,CPU_USAGE,21.5704,0,none
2025-01-01 16:05:40,CPU_USAGE,24.5469,0,none
2025-01-01 16:14:00,CPU_USAGE,30.9938,0,none
2025-01-01 16:22:20,CPU_USAGE,23.3653,0,none
2025-01-01 16:30:40,CPU_USAGE,25.2904,0,none
2025-01-01 16:39:00,CPU_USAGE,23.9327,0,none
2025-01-01 16:47:20,CPU_USAGE,26.0916,0,none
2025-01-01 16:55:40,CPU_USAGE,22.6905,0,none
2025-01-01 17:04:00,CPU_USAGE,23.7253,0,none
2025-01-01 17:12:20,CPU_USAGE,30.5883,0,none
2025-01-01 17:20:40,CPU_USAGE,86.78471705197774,1,point
2025-01-01 17:29:00,CPU_USAGE,37.3692,0,none
2025-01-01 17:37:20,CPU_USAGE,32.3811,0,none
2025-01-01 17:45:40,CPU_USAGE,33.9597,0,none
2025-01-01 17:54:00,CPU_USAGE,24.3584,0,none
2025-01-01 18:02:20,CPU_USAGE,25.2379,0,none
2025-01-01 18:10:40,CPU_USAGE,31.2159,0,none
2025-01-01 18:19:00,CPU_USAGE,22.2624,0,none
2025-01-01 18:27:20,CPU_USAGE,42.6981,0,none
2025-01-01 18:35:40,CPU_USAGE,24.5537,0,none
2025-01-01 18:44:00,CPU_USAGE,21.6381,0,none
2025-01-01 18:52:20,CPU_USAGE,41.3774,0,none
2025-01-01 19:00:40,CPU_USAGE,31.9276,0,none
2025-01-01 19:09:00,CPU_USAGE,22.4386,0,none
2025-01-01 19:17:20,CPU_USAGE,22.6269,0,none
2025-01-01 19:25:40,CPU_USAGE,48.5096,0,none
2025-01-01 19:34:00,CPU_USAGE,36.9823,0,none
2025-01-01 19:42:20,CPU_USAGE,38.4645,0,none
2025-01-01 19:50:40,CPU_USAGE,35.7913,0,none
2025-01-01 19:59:00,CPU_USAGE,22.6757,0,none
2025-01-01 20:07:20,CPU_USAGE,40.5698,0,none
2025-01-01 20:15:40,CPU_USAGE,22.389,0,none
2025-01-01 20:24:00,CPU_USAGE,25.3605,0,none
2025-01-01 20:32:20,CPU_USAGE,40.7838,0,none
2025-01-01 20:40:40,CPU_USAGE,25.2472,0,none
2025-01-01 20:49:00,CPU_USAGE,38.9449,0,none
2025-01-01 20:57:20,CPU_USAGE,21.4189,0,none
2025-01-01 21:05:40,CPU_USAGE,24.1596,0,none
2025-01-01 21:14:00,CPU_USAGE,38.8464,0,none
2025-01-01 21:22:20,CPU_USAGE,38.8614,0,none
2025-01-01 21:30:40,CPU_USAGE,30.1569,0,none
2025-01-01 21:39:00,CPU_USAGE,25.2819,0,none
2025-01-01 21:47:20,CPU_USAGE,25.2235,0,none
2025-01-01 21:55:40,CPU_USAGE,46.3577,0,none
2025-01-01 22:04:00,CPU_USAGE,-4.829187622878663,1,point
2025-01-01 22:12:20,CPU_USAGE,39.2539,0,none
2025-01-01 22:20:40,CPU_USAGE,46.43,0,none
2025-01-01 22:29:00,CPU_USAGE,38.3495,0,none
2025-01-01 22:37:20,CPU_USAGE,80.37771908299686,1,point
2025-01-01 22:45:40,CPU_USAGE,48.3127,0,none
2025-01-01 22:54:00,CPU_USAGE,46.7471,0,none
2025-01-01 23:02:20,CPU_USAGE,37.2038,0,none
2025-01-01 23:10:40,CPU_USAGE,37.3858,0,none
2025-01-01 23:19:00,CPU_USAGE,33.6878,0,none
2025-01-01 23:27:20,CPU_USAGE,43.2125,0,none
2025-01-01 23:35:40,CPU_USAGE,37.4086,0,none
2025-01-01 23:44:00,CPU_USAGE,43.8077,0,none
2025-01-01 23:52:20,CPU_USAGE,46.5289,0,none
2025-01-02 00:00:40,CPU_USAGE,29.9743,0,none
2025-01-02 00:09:00,CPU_USAGE,43.267,0,none
2025-01-02 00:17:20,CPU_USAGE,29.1337,0,none
2025-01-02 00:25:40,CPU_USAGE,46.1216,0,none
2025-01-02 00:34:00,CPU_USAGE,48.5467,0,none
2025-01-02 00:42:20,CPU_USAGE,41.7696,0,none
2025-01-02 00:50:40,CPU_USAGE,39.2772,0,none
2025-01-02 00:59:00,CPU_USAGE,42.61,0,none
2025-01-02 01:07:20,CPU_USAGE,42.9,0,none
2025-01-02 01:15:40,CPU_USAGE,49.0115,0,none
2025-01-02 01:24:00,CPU_USAGE,33.0565,0,none
2025-01-02 01:32:20,CPU_USAGE,42.6031,0,none
2025-01-02 01:40:40,CPU_USAGE,41.2417,0,none
2025-01-02 01:49:00,CPU_USAGE,33.4777,0,none
2025-01-02 01:57:20,CPU_USAGE,43.8145,0,none
2025-01-02 02:05:40,CPU_USAGE,30.2618,0,none
2025-01-02 02:14:00,CPU_USAGE,38.7634,0,none
2025-01-02 02:22:20,CPU_USAGE,38.6841,0,none
2025-01-02 02:30:40,CPU_USAGE,37.6583,0,none
2025-01-02 02:39:00,CPU_USAGE,48.6829,0,none
2025-01-02 02:47:20,CPU_USAGE,47.5775,0,none
2025-01-02 02:55:40,CPU_USAGE,46.1225,0,none
2025-01-02 03:04:00,CPU_USAGE,42.8026,0,none
2025-01-02 03:12:20,CPU_USAGE,36.7952,0,none
2025-01-02 03:20:40,CPU_USAGE,44.0249,0,none
2025-01-02 03:29:00,CPU_USAGE,44.399,0,none
2025-01-02 03:37:20,CPU_USAGE,46.8607,0,none
2025-01-02 03:45:40,CPU_USAGE,40.6341,0,none
2025-01-01 00:07:00,DATA_RATE_KBPS,121.1675,0,none
2025-01-01 00:15:20,DATA_RATE_KBPS,161.6631,0,none
2025-01-01 00:23:40,DATA_RATE_KBPS,157.6163,0,none
2025-01-01 00:32:00,DATA_RATE_KBPS,133.312,0,none
2025-01-01 00:40:20,DATA_RATE_KBPS,146.52,0,none
2025-01-01 00:48:40,DATA_RATE_KBPS,138.6997,0,none
2025-01-01 00:57:00,DATA_RATE_KBPS,150.7985,0,none
2025-01-01 01:05:20,DATA_RATE_KBPS,148.874,0,none
2025-01-01 01:13:40,DATA_RATE_KBPS,144.8932,0,none
2025-01-01 01:22:00,DATA_RATE_KBPS,149.8716,0,none
2025-01-01 01:30:20,DATA_RATE_KBPS,137.7687,0,none
2025-01-01 01:38:40,DATA_RATE_KBPS,128.1594,0,none
2025-01-01 01:47:00,DATA_RATE_KBPS,155.8209,0,none
2025-01-01 01:55:20,DATA_RATE_KBPS,165.7002,0,none
2025-01-01 02:03:40,DATA_RATE_KBPS,163.8834,0,none
2025-01-01 02:12:00,DATA_RATE_KBPS,164.2203,0,none
2025-01-01 02:20:20,DATA_RATE_KBPS,151.2351,0,none
2025-01-01 02:28:40,DATA_RATE_KBPS,155.6022,0,none
2025-01-01 02:37:00,DATA_RATE_KBPS,170.562,0,none
2025-01-01 02:45:20,DATA_RATE_KBPS,153.9194,0,none
2025-01-01 02:53:40,DATA_RATE_KBPS,172.8667,0,none
2025-01-01 03:02:00,DATA_RATE_KBPS,116.9458,0,none
2025-01-01 03:10:20,DATA_RATE_KBPS,97.1583,0,none
2025-01-01 03:18:40,DATA_RATE_KBPS,111.4004,0,none
2025-01-01 03:27:00,DATA_RATE_KBPS,93.8254,0,none
2025-01-01 03:35:20,DATA_RATE_KBPS,113.3421,0,none
2025-01-01 03:43:40,DATA_RATE_KBPS,155.1183,0,none
2025-01-01 03:52:00,DATA_RATE_KBPS,164.8638,0,none
2025-01-01 04:00:20,DATA_RATE_KBPS,131.4245,0,none
2025-01-01 04:08:40,DATA_RATE_KBPS,153.028,0,none
2025-01-01 04:17:00,DATA_RATE_KBPS,152.1792,0,none
2025-01-01 04:25:20,DATA_RATE_KBPS,116.1223,0,none
2025-01-01 04:33:40,DATA_RATE_KBPS,103.3544,0,none
2025-01-01 04:42:00,DATA_RATE_KBPS,152.6063,0,none
2025-01-01 04:50:20,DATA_RATE_KBPS,131.9049,0,none
2025-01-01 04:58:40,DATA_RATE_KBPS,153.7273,0,none
2025-01-01 05:07:00,DATA_RATE_KBPS,144.5405,0,none
2025-01-01 05:15:20,DATA_RATE_KBPS,169.4045,0,none
2025-01-01 05:23:40,DATA_RATE_KBPS,147.3364,0,none
2025-01-01 05:32:00,DATA_RATE_KBPS,161.7981,0,none
2025-01-01 05:40:20,DATA_RATE_KBPS,116.9898,0,none
2025-01-01 05:48:40,DATA_RATE_KBPS,137.8948,0,none
2025-01-01 05:57:00,DATA_RATE_KBPS,160.3613,0,none
2025-01-01 06:05:20,DATA_RATE_KBPS,94.7837,0,none
2025-01-01 06:13:40,DATA_RATE_KBPS,139.5143,0,none
2025-01-01 06:22:00,DATA_RATE_KBPS,88.7893,0,none
2025-01-01 06:30:20,DATA_RATE_KBPS,125.4632,0,none
2025-01-01 06:38:40,DATA_RATE_KBPS,156.7962,0,none
2025-01-01 06:47:00,DATA_RATE_KBPS,95.1012,0,none
2025-01-01 06:55:20,DATA_RATE_KBPS,106.6248,0,none
2025-01-01 07:03:40,DATA_RATE_KBPS,96.8337,0,none
2025-01-01 07:12:00,DATA_RATE_KBPS,122.7652,0,none
2025-01-01 07:20:20,DATA_RATE_KBPS,120.6705,0,none
2025-01-01 07:28:40,DATA_RATE_KBPS,144.442,0,none
2025-01-01 07:37:00,DATA_RATE_KBPS,110.6033,0,none
2025-01-01 07:45:20,DATA_RATE_KBPS,142.655,0,none
2025-01-01 07:53:40,DATA_RATE_KBPS,83.3433,0,none
2025-01-01 08:02:00,DATA_RATE_KBPS,138.4539,0,none
2025-01-01 08:10:20,DATA_RATE_KBPS,156.0522,0,none
2025-01-01 08:18:40,DATA_RATE_KBPS,90.2024,0,none
2025-01-01 08:27:00,DATA_RATE_KBPS,117.9343,0,none
2025-01-01 08:35:20,DATA_RATE_KBPS,108.7718,0,none
2025-01-01 08:43:40,DATA_RATE_KBPS,94.3813,0,none
2025-01-01 08:52:00,DATA_RATE_KBPS,77.0087,0,none
2025-01-01 09:00:20,DATA_RATE_KBPS,100.9947,0,none
2025-01-01 09:08:40,DATA_RATE_KBPS,113.5413,0,none
2025-01-01 09:17:00,DATA_RATE_KBPS,147.1981,0,none
2025-01-01 09:25:20,DATA_RATE_KBPS,124.7611,0,none
2025-01-01 09:33:40,DATA_RATE_KBPS,126.399,0,none
2025-01-01 09:42:00,DATA_RATE_KBPS,143.1027,0,none
2025-01-01 09:50:20,DATA_RATE_KBPS,85.8219,0,none
2025-01-01 09:58:40,DATA_RATE_KBPS,110.5968,0,none
2025-01-01 10:07:00,DATA_RATE_KBPS,108.951,0,none
2025-01-01 10:15:20,DATA_RATE_KBPS,97.3993,0,none
2025-01-01 10:23:40,DATA_RATE_KBPS,140.6009,0,none
2025-01-01 10:32:00,DATA_RATE_KBPS,95.9254,0,none
2025-01-01 10:40:20,DATA_RATE_KBPS,86.7779,0,none
2025-01-01 10:48:40,DATA_RATE_KBPS,100.6159,0,none
2025-01-01 10:57:00,DATA_RATE_KBPS,111.2061,0,none
2025-01-01 11:05:20,DATA_RATE_KBPS,141.3844,0,none
2025-01-01 11:13:40,DATA_RATE_KBPS,93.9164,0,none
2025-01-01 11:22:00,DATA_RATE_KBPS,101.2651,0,none
2025-01-01 11:30:20,DATA_RATE_KBPS,114.4237,0,none
2025-01-01 11:38:40,DATA_RATE_KBPS,95.5594,0,none
2025-01-01 11:47:00,DATA_RATE_KBPS,81.5746,0,none
2025-01-01 11:55:20,DATA_RATE_KBPS,124.1669,0,none
2025-01-01 12:03:40,DATA_RATE_KBPS,119.7667,0,none
2025-01-01 12:12:00,DATA_RATE_KBPS,82.3889,0,none
2025-01-01 12:20:20,DATA_RATE_KBPS,103.8634,0,none
2025-01-01 12:28:40,DATA_RATE_KBPS,121.8821,0,none
2025-01-01 12:37:00,DATA_RATE_KBPS,91.6751,0,none
2025-01-01 12:45:20,DATA_RATE_KBPS,83.7323,0,none
2025-01-01 12:53:40,DATA_RATE_KBPS,118.52,0,none
2025-01-01 13:02:00,DATA_RATE_KBPS,103.8548,0,none
2025-01-01 13:10:20,DATA_RATE_KBPS,119.3621,0,none
2025-01-01 13:18:40,DATA_RATE_KBPS,119.6621,0,none
2025-01-01 13:27:00,DATA_RATE_KBPS,90.0496,0,none
2025-01-01 13:35:20,DATA_RATE_KBPS,90.991,0,none
2025-01-01 13:43:40,DATA_RATE_KBPS,104.4812,0,none
2025-01-01 13:52:00,DATA_RATE_KBPS,95.7393,0,none
2025-01-01 14:00:20,DATA_RATE_KBPS,84.4849,0,none
2025-01-01 14:08:40,DATA_RATE_KBPS,120.2081,0,none
2025-01-01 14:17:00,DATA_RATE_KBPS,81.6344,0,none
2025-01-01 14:25:20,DATA_RATE_KBPS,93.9304,0,none
2025-01-01 14:33:40,DATA_RATE_KBPS,103.4788,0,none
2025-01-01 14:42:00,DATA_RATE_KBPS,103.8626,0,none
2025-01-01 14:50:20,DATA_RATE_KBPS,94.9557,0,none
2025-01-01 14:58:40,DATA_RATE_KBPS,104.3851,0,none
2025-01-01 15:07:00,DATA_RATE_KBPS,94.6369,0,none
2025-01-01 15:15:20,DATA_RATE_KBPS,110.2496,0,none
2025-01-01 15:23:40,DATA_RATE_KBPS,88.5838,0,none
2025-01-01 15:32:00,DATA_RATE_KBPS,80.878,0,none
2025-01-01 15:40:20,DATA_RATE_KBPS,87.7784,0,none
2025-01-01 15:48:40,DATA_RATE_KBPS,86.3271,0,none
2025-01-01 15:57:00,DATA_RATE_KBPS,123.3322,0,none
2025-01-01 16:05:20,DATA_RATE_KBPS,124.107,0,none
2025-01-01 16:13:40,DATA_RATE_KBPS,96.8027,0,none
2025-01-01 16:22:00,DATA_RATE_KBPS,90.5484,0,none
2025-01-01 16:30:20,DATA_RATE_KBPS,106.996,0,none
2025-01-01 16:38:40,DATA_RATE_KBPS,125.3365,0,none
2025-01-01 16:47:00,DATA_RATE_KBPS,123.8609,0,none
2025-01-01 16:55:20,DATA_RATE_KBPS,95.151,0,none
2025-01-01 17:03:40,DATA_RATE_KBPS,89.3593,0,none
2025-01-01 17:12:00,DATA_RATE_KBPS,87.9522,0,none
2025-01-01 17:20:20,DATA_RATE_KBPS,91.4301,0,none
2025-01-01 17:28:40,DATA_RATE_KBPS,151.4327,0,none
2025-01-01 17:37:00,DATA_RATE_KBPS,88.6377,0,none
2025-01-01 17:45:20,DATA_RATE_KBPS,97.4113,0,none
2025-01-01 17:53:40,DATA_RATE_KBPS,155.8617,0,none
2025-01-01 18:02:00,DATA_RATE_KBPS,80.7035,0,none
2025-01-01 18:10:20,DATA_RATE_KBPS,77.6379,0,none
2025-01-01 18:18:40,DATA_RATE_KBPS,86.1246,0,none
2025-01-01 18:27:00,DATA_RATE_KBPS,89.2609,0,none
2025-01-01 18:35:20,DATA_RATE_KBPS,96.8774,0,none
2025-01-01 18:43:40,DATA_RATE_KBPS,156.5289,0,none
2025-01-01 18:52:00,DATA_RATE_KBPS,91.5445,0,none
2025-01-01 19:00:20,DATA_RATE_KBPS,152.8991,0,none
2025-01-01 19:08:40,DATA_RATE_KBPS,111.678,0,none
2025-01-01 19:17:00,DATA_RATE_KBPS,148.064,0,none
2025-01-01 19:25:20,DATA_RATE_KBPS,104.0728,0,none
2025-01-01 19:33:40,DATA_RATE_KBPS,93.2164,0,none
2025-01-01 19:42:00,DATA_RATE_KBPS,133.2887,0,none
2025-01-01 19:50:20,DATA_RATE_KBPS,93.9867,0,none
2025-01-01 19:58:40,DATA_RATE_KBPS,94.651,0,none
2025-01-01 20:07:00,DATA_RATE_KBPS,115.9241,0,none
2025-01-01 20:15:20,DATA_RATE_KBPS,114.2478,0,none
2025-01-01 20:23:40,DATA_RATE_KBPS,113.1986,0,none
2025-01-01 20:32:00,DATA_RATE_KBPS,148.9166,0,none
2025-01-01 20:40:20,DATA_RATE_KBPS,84.2923,0,none
2025-01-01 20:48:40,DATA_RATE_KBPS,115.192,0,none
2025-01-01 20:57:00,DATA_RATE_KBPS,102.1267,0,none
2025-01-01 21:05:20,DATA_RATE_KBPS,136.3424,0,none
2025-01-01 21:13:40,DATA_RATE_KBPS,89.8801,0,none
2025-01-01 21:22:00,DATA_RATE_KBPS,127.5782,0,none
2025-01-01 21:30:20,DATA_RATE_KBPS,157.0828,0,none
2025-01-01 21:38:40,DATA_RATE_KBPS,100.3526,0,none
2025-01-01 21:47:00,DATA_RATE_KBPS,159.7642,0,none
2025-01-01 21:55:20,DATA_RATE_KBPS,125.9433,0,none
2025-01-01 22:03:40,DATA_RATE_KBPS,137.286,0,none
2025-01-01 22:12:00,DATA_RATE_KBPS,165.4077,0,none
2025-01-01 22:20:20,DATA_RATE_KBPS,121.0716,0,none
2025-01-01 22:28:40,DATA_RATE_KBPS,117.7291,0,none
2025-01-01 22:37:00,DATA_RATE_KBPS,130.1979,0,none
2025-01-01 22:45:20,DATA_RATE_KBPS,94.6641,0,none
2025-01-01 22:53:40,DATA_RATE_KBPS,165.5844,0,none
2025-01-01 23:02:00,DATA_RATE_KBPS,159.0424,0,none
2025-01-01 23:10:20,DATA_RATE_KBPS,108.887,0,none
2025-01-01 23:18:40,DATA_RATE_KBPS,139.595,0,none
2025-01-01 23:27:00,DATA_RATE_KBPS,137.4307,0,none
2025-01-01 23:35:20,DATA_RATE_KBPS,101.7631,0,none
2025-01-01 23:43:40,DATA_RATE_KBPS,167.7495,0,none
2025-01-01 23:52:00,DATA_RATE_KBPS,107.8468,0,none
2025-01-02 00:00:20,DATA_RATE_KBPS,158.0824,0,none
2025-01-02 00:08:40,DATA_RATE_KBPS,126.9949,0,none
2025-01-02 00:17:00,DATA_RATE_KBPS,141.23,0,none
2025-01-02 00:25:20,DATA_RATE_KBPS,123.5377,0,none
2025-01-02 00:33:40,DATA_RATE_KBPS,161.3444,0,none
2025-01-02 00:42:00,DATA_RATE_KBPS,156.7699,0,none
2025-01-02 00:50:20,DATA_RATE_KBPS,161.4527,0,none
2025-01-02 00:58:40,DATA_RATE_KBPS,159.0724,0,none
2025-01-02 01:07:00,DATA_RATE_KBPS,158.294,0,none
2025-01-02 01:15:20,DATA_RATE_KBPS,112.1964,0,none
2025-01-02 01:23:40,DATA_RATE_KBPS,156.2139,0,none
2025-01-02 01:32:00,DATA_RATE_KBPS,140.7428,0,none
2025-01-02 01:40:20,DATA_RATE_KBPS,153.3059,0,none
2025-01-02 01:48:40,DATA_RATE_KBPS,118.636,0,none
2025-01-02 01:57:00,DATA_RATE_KBPS,114.1485,0,none
2025-01-02 02:05:20,DATA_RATE_KBPS,163.9689,0,none
2025-01-02 02:13:40,DATA_RATE_KBPS,139.8066,0,none
2025-01-02 02:22:00,DATA_RATE_KBPS,135.4473,0,none
2025-01-02 02:30:20,DATA_RATE_KBPS,168.5362,0,none
2025-01-02 02:38:40,DATA_RATE_KBPS,136.9638,0,none
2025-01-02 02:47:00,DATA_RATE_KBPS,154.9387,0,none
2025-01-02 02:55:20,DATA_RATE_KBPS,123.871,0,none
2025-01-02 03:03:40,DATA_RATE_KBPS,138.5123,0,none
2025-01-02 03:12:00,DATA_RATE_KBPS,146.4743,0,none
2025-01-02 03:20:20,DATA_RATE_KBPS,161.0687,0,none
2025-01-02 03:28:40,DATA_RATE_KBPS,153.3292,0,none
2025-01-02 03:37:00,DATA_RATE_KBPS,142.6748,0,none
2025-01-02 03:45:20,DATA_RATE_KBPS,152.8068,0,none
2025-01-01 00:07:40,FLASH_WRITE_RATE,3.3075,0,none
2025-01-01 00:16:00,FLASH_WRITE_RATE,3.3885,0,none
2025-01-01 00:24:20,FLASH_WRITE_RATE,3.4883,0,none
2025-01-01 00:32:40,FLASH_WRITE_RATE,3.1237,0,none
2025-01-01 00:41:00,FLASH_WRITE_RATE,3.5253,0,none
2025-01-01 00:49:20,FLASH_WRITE_RATE,3.6308,0,none
2025-01-01 00:57:40,FLASH_WRITE_RATE,4.2553,0,none
2025-01-01 01:06:00,FLASH_WRITE_RATE,4.1809,0,none
2025-01-01 01:14:20,FLASH_WRITE_RATE,3.7026,0,none
2025-01-01 01:22:40,FLASH_WRITE_RATE,3.0706,0,none
2025-01-01 01:31:00,FLASH_WRITE_RATE,2.9221,0,none
2025-01-01 01:39:20,FLASH_WRITE_RATE,3.8643,0,none
2025-01-01 01:47:40,FLASH_WRITE_RATE,3.5549,0,none
2025-01-01 01:56:00,FLASH_WRITE_RATE,2.1306,0,none
2025-01-01 02:04:20,FLASH_WRITE_RATE,3.3545,0,none
2025-01-01 02:12:40,FLASH_WRITE_RATE,3.7923,0,none
2025-01-01 02:21:00,FLASH_WRITE_RATE,2.7044,0,none
2025-01-01 02:29:20,FLASH_WRITE_RATE,2.1984,0,none
2025-01-01 02:37:40,FLASH_WRITE_RATE,2.4089,0,none
2025-01-01 02:46:00,FLASH_WRITE_RATE,3.3015,0,none
2025-01-01 02:54:20,FLASH_WRITE_RATE,3.4769,0,none
2025-01-01 03:02:40,FLASH_WRITE_RATE,2.7711,0,none
2025-01-01 03:11:00,FLASH_WRITE_RATE,1.2439,0,none
2025-01-01 03:19:20,FLASH_WRITE_RATE,3.5557,0,none
2025-01-01 03:27:40,FLASH_WRITE_RATE,2.2383,0,none
2025-01-01 03:36:00,FLASH_WRITE_RATE,3.8996,0,none
2025-01-01 03:44:20,FLASH_WRITE_RATE,1.4967,0,none
2025-01-01 03:52:40,FLASH_WRITE_RATE,3.53,0,none
2025-01-01 04:01:00,FLASH_WRITE_RATE,2.1911,0,none
2025-01-01 04:09:20,FLASH_WRITE_RATE,2.1952,0,none
2025-01-01 04:17:40,FLASH_WRITE_RATE,3.9973,0,none
2025-01-01 04:26:00,FLASH_WRITE_RATE,3.544,0,none
2025-01-01 04:34:20,FLASH_WRITE_RATE,3.3794,0,none
2025-01-01 04:42:40,FLASH_WRITE_RATE,3.4854,0,none
2025-01-01 04:51:00,FLASH_WRITE_RATE,2.8125,0,none
2025-01-01 04:59:20,FLASH_WRITE_RATE,3.9273,0,none
2025-01-01 05:07:40,FLASH_WRITE_RATE,1.6466,0,none
2025-01-01 05:16:00,FLASH_WRITE_RATE,3.7143,0,none
2025-01-01 05:24:20,FLASH_WRITE_RATE,3.8455,0,none
2025-01-01 05:32:40,FLASH_WRITE_RATE,3.4212,0,none
2025-01-01 05:41:00,FLASH_WRITE_RATE,3.3258,0,none
2025-01-01 05:49:20,FLASH_WRITE_RATE,3.4323,0,none
2025-01-01 05:57:40,FLASH_WRITE_RATE,1.6074,0,none
2025-01-01 06:06:00,FLASH_WRITE_RATE,3.3596,0,none
2025-01-01 06:14:20,FLASH_WRITE_RATE,3.2265,0,none
2025-01-01 06:22:40,FLASH_WRITE_RATE,3.5102,0,none
2025-01-01 06:31:00,FLASH_WRITE_RATE,1.2754,0,none
2025-01-01 06:39:20,FLASH_WRITE_RATE,3.8577,0,none
2025-01-01 06:47:40,FLASH_WRITE_RATE,3.1999,0,none
2025-01-01 06:56:00,FLASH_WRITE_RATE,2.2971,0,none
2025-01-01 07:04:20,FLASH_WRITE_RATE,1.1132,0,none
2025-01-01 07:12:40,FLASH_WRITE_RATE,1.7149,0,none
2025-01-01 07:21:00,FLASH_WRITE_RATE,3.992,0,none
2025-01-01 07:29:20,FLASH_WRITE_RATE,3.3659,0,none
2025-01-01 07:37:40,FLASH_WRITE_RATE,1.2755,0,none
2025-01-01 07:46:00,FLASH_WRITE_RATE,1.6711,0,none
2025-01-01 07:54:20,FLASH_WRITE_RATE,1.715,0,none
2025-01-01 08:02:40,FLASH_WRITE_RATE,2.8951,0,none
2025-01-01 08:11:00,FLASH_WRITE_RATE,1.4859,0,none
2025-01-01 08:19:20,FLASH_WRITE_RATE,2.1147,0,none
2025-01-01 08:27:40,FLASH_WRITE_RATE,1.6616,0,none
2025-01-01 08:36:00,FLASH_WRITE_RATE,1.6517,0,none
2025-01-01 08:44:20,FLASH_WRITE_RATE,1.3548,0,none
2025-01-01 08:52:40,FLASH_WRITE_RATE,1.2068,0,none
2025-01-01 09:01:00,FLASH_WRITE_RATE,1.7845,0,none
2025-01-01 09:09:20,FLASH_WRITE_RATE,1.7582,0,none
2025-01-01 09:17:40,FLASH_WRITE_RATE,3.5938,0,none
2025-01-01 09:26:00,FLASH_WRITE_RATE,2.5568,0,none
2025-01-01 09:34:20,FLASH_WRITE_RATE,2.0371,0,none
2025-01-01 09:42:40,FLASH_WRITE_RATE,1.2531,0,none
2025-01-01 09:51:00,FLASH_WRITE_RATE,1.4872,0,none
2025-01-01 09:59:20,FLASH_WRITE_RATE,2.5874,0,none
2025-01-01 10:07:40,FLASH_WRITE_RATE,1.3473,0,none
2025-01-01 10:16:00,FLASH_WRITE_RATE,1.6766,0,none
2025-01-01 10:24:20,FLASH_WRITE_RATE,1.5285,0,none
2025-01-01 10:32:40,FLASH_WRITE_RATE,2.5566,0,none
2025-01-01 10:41:00,FLASH_WRITE_RATE,1.977,0,none
2025-01-01 10:49:20,FLASH_WRITE_RATE,3.2863,0,none
2025-01-01 10:57:40,FLASH_WRITE_RATE,1.3424,0,none
2025-01-01 11:06:00,FLASH_WRITE_RATE,1.1321,0,none
2025-01-01 11:14:20,FLASH_WRITE_RATE,1.7406,0,none
2025-01-01 11:22:40,FLASH_WRITE_RATE,1.4228,0,none
2025-01-01 11:31:00,FLASH_WRITE_RATE,1.3226,0,none
2025-01-01 11:39:20,FLASH_WRITE_RATE,3.0293,0,none
2025-01-01 11:47:40,FLASH_WRITE_RATE,1.7113,0,none
2025-01-01 11:56:00,FLASH_WRITE_RATE,1.6341,0,none
2025-01-01 12:04:20,FLASH_WRITE_RATE,1.1639,0,none
2025-01-01 12:12:40,FLASH_WRITE_RATE,2.7973,0,none
2025-01-01 12:21:00,FLASH_WRITE_RATE,1.1564,0,none
2025-01-01 12:29:20,FLASH_WRITE_RATE,2.6029,0,none
2025-01-01 12:37:40,FLASH_WRITE_RATE,1.538,0,none
2025-01-01 12:46:00,FLASH_WRITE_RATE,1.6605,0,none
2025-01-01 12:54:20,FLASH_WRITE_RATE,2.312,0,none
2025-01-01 13:02:40,FLASH_WRITE_RATE,1.9721,0,none
2025-01-01 13:11:00,FLASH_WRITE_RATE,1.6376,0,none
2025-01-01 13:19:20,FLASH_WRITE_RATE,1.1303,0,none
2025-01-01 13:27:40,FLASH_WRITE_RATE,2.2994,0,none
2025-01-01 13:36:00,FLASH_WRITE_RATE,1.5742,0,none
2025-01-01 13:44:20,FLASH_WRITE_RATE,2.005,0,none
2025-01-01 13:52:40,FLASH_WRITE_RATE,2.5036,0,none
2025-01-01 14:01:00,FLASH_WRITE_RATE,1.5083,0,none
2025-01-01 14:09:20,FLASH_WRITE_RATE,1.5172,0,none
2025-01-01 14:17:40,FLASH_WRITE_RATE,1.5176,0,none
2025-01-01 14:26:00,FLASH_WRITE_RATE,1.7632,0,none
2025-01-01 14:34:20,FLASH_WRITE_RATE,1.4858,0,none
2025-01-01 14:42:40,FLASH_WRITE_RATE,2.0909,0,none
2025-01-01 14:51:00,FLASH_WRITE_RATE,2.05,0,none
2025-01-01 14:59:20,FLASH_WRITE_RATE,1.4085,0,none
2025-01-01 15:07:40,FLASH_WRITE_RATE,2.7871,0,none
2025-01-01 15:16:00,FLASH_WRITE_RATE,1.4226,0,none
2025-01-01 15:24:20,FLASH_WRITE_RATE,1.7953,0,none
2025-01-01 15:32:40,FLASH_WRITE_RATE,1.2511,0,none
2025-01-01 15:41:00,FLASH_WRITE_RATE,2.1117,0,none
2025-01-01 15:49:20,FLASH_WRITE_RATE,1.6585,0,none
2025-01-01 15:57:40,FLASH_WRITE_RATE,0.9985,0,none
2025-01-01 16:06:00,FLASH_WRITE_RATE,1.557,0,none
2025-01-01 16:14:20,FLASH_WRITE_RATE,1.8561,0,none
2025-01-01 16:22:40,FLASH_WRITE_RATE,1.2525,0,none
2025-01-01 16:31:00,FLASH_WRITE_RATE,2.2209,0,none
2025-01-01 16:39:20,FLASH_WRITE_RATE,2.8373,0,none
2025-01-01 16:47:40,FLASH_WRITE_RATE,3.0553,0,none
2025-01-01 16:56:00,FLASH_WRITE_RATE,1.7459,0,none
2025-01-01 17:04:20,FLASH_WRITE_RATE,2.0283,0,none
2025-01-01 17:12:40,FLASH_WRITE_RATE,1.8282,0,none
2025-01-01 17:21:00,FLASH_WRITE_RATE,1.2838,0,none
2025-01-01 17:29:20,FLASH_WRITE_RATE,2.6563,0,none
2025-01-01 17:37:40,FLASH_WRITE_RATE,2.4666,0,none
2025-01-01 17:46:00,FLASH_WRITE_RATE,1.5171,0,none
2025-01-01 17:54:20,FLASH_WRITE_RATE,2.1538,0,none
2025-01-01 18:02:40,FLASH_WRITE_RATE,1.4168,0,none
2025-01-01 18:11:00,FLASH_WRITE_RATE,2.2354,0,none
2025-01-01 18:19:20,FLASH_WRITE_RATE,1.1885,0,none
2025-01-01 18:27:40,FLASH_WRITE_RATE,2.047,0,none
2025-01-01 18:36:00,FLASH_WRITE_RATE,2.051,0,none
2025-01-01 18:44:20,FLASH_WRITE_RATE,1.2189,0,none
2025-01-01 18:52:40,FLASH_WRITE_RATE,1.4015,0,none
2025-01-01 19:01:00,FLASH_WRITE_RATE,3.2302,0,none
2025-01-01 19:09:20,FLASH_WRITE_RATE,1.6258,0,none
2025-01-01 19:17:40,FLASH_WRITE_RATE,2.0588,0,none
2025-01-01 19:26:00,FLASH_WRITE_RATE,1.9155,0,none
2025-01-01 19:34:20,FLASH_WRITE_RATE,3.0712,0,none
2025-01-01 19:42:40,FLASH_WRITE_RATE,1.58,0,none
2025-01-01 19:51:00,FLASH_WRITE_RATE,1.7816,0,none
2025-01-01 19:59:20,FLASH_WRITE_RATE,1.7386,0,none
2025-01-01 20:07:40,FLASH_WRITE_RATE,2.9391,0,none
2025-01-01 20:16:00,FLASH_WRITE_RATE,4.1372,0,none
2025-01-01 20:24:20,FLASH_WRITE_RATE,2.644,0,none
2025-01-01 20:32:40,FLASH_WRITE_RATE,0.9857,0,none
2025-01-01 20:41:00,FLASH_WRITE_RATE,3.6382,0,none
2025-01-01 20:49:20,FLASH_WRITE_RATE,2.6392,0,none
2025-01-01 20:57:40,FLASH_WRITE_RATE,2.6771,0,none
2025-01-01 21:06:00,FLASH_WRITE_RATE,4.163,0,none
2025-01-01 21:14:20,FLASH_WRITE_RATE,1.8336,0,none
2025-01-01 21:22:40,FLASH_WRITE_RATE,3.8116,0,none
2025-01-01 21:31:00,FLASH_WRITE_RATE,1.5326,0,none
2025-01-01 21:39:20,FLASH_WRITE_RATE,1.9103,0,none
2025-01-01 21:47:40,FLASH_WRITE_RATE,1.7738,0,none
2025-01-01 21:56:00,FLASH_WRITE_RATE,2.7208,0,none
2025-01-01 22:04:20,FLASH_WRITE_RATE,2.2049,0,none
2025-01-01 22:12:40,FLASH_WRITE_RATE,1.7464,0,none
2025-01-01 22:21:00,FLASH_WRITE_RATE,3.5162,0,none
2025-01-01 22:29:20,FLASH_WRITE_RATE,2.0287,0,none
2025-01-01 22:37:40,FLASH_WRITE_RATE,3.7535,0,none
2025-01-01 22:46:00,FLASH_WRITE_RATE,3.8565,0,none
2025-01-01 22:54:20,FLASH_WRITE_RATE,3.3301,0,none
2025-01-01 23:02:40,FLASH_WRITE_RATE,3.3297,0,none
2025-01-01 23:11:00,FLASH_WRITE_RATE,3.5214,0,none
2025-01-01 23:19:20,FLASH_WRITE_RATE,2.0104,0,none
2025-01-01 23:27:40,FLASH_WRITE_RATE,3.5647,0,none
2025-01-01 23:36:00,FLASH_WRITE_RATE,3.7267,0,none
2025-01-01 23:44:20,FLASH_WRITE_RATE,1.532,0,none
2025-01-01 23:52:40,FLASH_WRITE_RATE,2.0109,0,none
2025-01-02 00:01:00,FLASH_WRITE_RATE,3.4347,0,none
2025-01-02 00:09:20,FLASH_WRITE_RATE,3.7091,0,none
2025-01-02 00:17:40,FLASH_WRITE_RATE,3.4379,0,none
2025-01-02 00:26:00,FLASH_WRITE_RATE,3.6685,0,none
2025-01-02 00:34:20,FLASH_WRITE_RATE,3.1481,0,none
2025-01-02 00:42:40,FLASH_WRITE_RATE,3.4632,0,none
2025-01-02 00:51:00,FLASH_WRITE_RATE,3.0912,0,none
2025-01-02 00:59:20,FLASH_WRITE_RATE,3.1845,0,none
2025-01-02 01:07:40,FLASH_WRITE_RATE,3.3312,0,none
2025-01-02 01:16:00,FLASH_WRITE_RATE,3.3793,0,none
2025-01-02 01:24:20,FLASH_WRITE_RATE,3.6021,0,none
2025-01-02 01:32:40,FLASH_WRITE_RATE,3.7126,0,none
2025-01-02 01:41:00,FLASH_WRITE_RATE,4.103,0,none
2025-01-02 01:49:20,FLASH_WRITE_RATE,3.6055,0,none
2025-01-02 01:57:40,FLASH_WRITE_RATE,3.5402,0,none
2025-01-02 02:06:00,FLASH_WRITE_RATE,3.4644,0,none
2025-01-02 02:14:20,FLASH_WRITE_RATE,3.6602,0,none
2025-01-02 02:22:40,FLASH_WRITE_RATE,3.8774,0,none
2025-01-02 02:31:00,FLASH_WRITE_RATE,3.372,0,none
2025-01-02 02:39:20,FLASH_WRITE_RATE,3.0744,0,none
2025-01-02 02:47:40,FLASH_WRITE_RATE,3.8038,0,none
2025-01-02 02:56:00,FLASH_WRITE_RATE,3.6918,0,none
2025-01-02 03:04:20,FLASH_WRITE_RATE,3.4189,0,none
2025-01-02 03:12:40,FLASH_WRITE_RATE,3.4593,0,none
2025-01-02 03:21:00,FLASH_WRITE_RATE,3.827,0,none
2025-01-02 03:29:20,FLASH_WRITE_RATE,3.4974,0,none
2025-01-02 03:37:40,FLASH_WRITE_RATE,3.3822,0,none
2025-01-02 03:46:00,FLASH_WRITE_RATE,3.2768,0,none
2025-01-01 00:04:00,GYRO_X,0.0051,0,none
2025-01-01 00:12:20,GYRO_X,0.0179,0,none
2025-01-01 00:20:40,GYRO_X,0.0285,0,none
2025-01-01 00:29:00,GYRO_X,0.0057,0,none
2025-01-01 00:37:20,GYRO_X,0.011,0,none
2025-01-01 00:45:40,GYRO_X,0.0132,0,none
2025-01-01 00:54:00,GYRO_X,0.0272,0,none
2025-01-01 01:02:20,GYRO_X,0.0286,0,none
2025-01-01 01:10:40,GYRO_X,0.0073,0,none
2025-01-01 01:19:00,GYRO_X,0.0198,0,none
2025-01-01 01:27:20,GYRO_X,-0.0053,0,none
2025-01-01 01:35:40,GYRO_X,0.0054,0,none
2025-01-01 01:44:00,GYRO_X,0.035,0,none
2025-01-01 01:52:20,GYRO_X,0.0417,0,none
2025-01-01 02:00:40,GYRO_X,0.0184,0,none
2025-01-01 02:09:00,GYRO_X,0.0106,0,none
2025-01-01 02:17:20,GYRO_X,0.0346,0,none
2025-01-01 02:25:40,GYRO_X,0.0046,0,none
2025-01-01 02:34:00,GYRO_X,0.0244,0,none
2025-01-01 02:42:20,GYRO_X,-0.005,0,none
2025-01-01 02:50:40,GYRO_X,0.0204,0,none
2025-01-01 02:59:00,GYRO_X,0.0392,0,none
2025-01-01 03:07:20,GYRO_X,-0.0044,0,none
2025-01-01 03:15:40,GYRO_X,0.0347,0,none
2025-01-01 03:24:00,GYRO_X,0.0104,0,none
2025-01-01 03:32:20,GYRO_X,-0.0008,0,none
2025-01-01 03:40:40,GYRO_X,0.0286,0,none
2025-01-01 03:49:00,GYRO_X,0.0345,0,none
2025-01-01 03:57:20,GYRO_X,0.0069,0,none
2025-01-01 04:05:40,GYRO_X,-0.009,0,none
2025-01-01 04:14:00,GYRO_X,0.0027,0,none
2025-01-01 04:22:20,GYRO_X,0.1369096888143302,1,point
2025-01-01 04:30:40,GYRO_X,0.0005,0,none
2025-01-01 04:39:00,GYRO_X,0.0302,0,none
2025-01-01 04:47:20,GYRO_X,0.0066,0,none
2025-01-01 04:55:40,GYRO_X,0.0312,0,none
2025-01-01 05:04:00,GYRO_X,-0.0179,0,none
2025-01-01 05:12:20,GYRO_X,0.0084,0,none
2025-01-01 05:20:40,GYRO_X,0.0254,0,none
2025-01-01 05:29:00,GYRO_X,-0.0175,0,none
2025-01-01 05:37:20,GYRO_X,0.13009361378379125,1,point
2025-01-01 05:45:40,GYRO_X,-0.0014,0,none
2025-01-01 05:54:00,GYRO_X,0.0021,0,none
2025-01-01 06:02:20,GYRO_X,-0.0253,0,none
2025-01-01 06:10:40,GYRO_X,0.0032,0,none
2025-01-01 06:19:00,GYRO_X,0.0361,0,none
2025-01-01 06:27:20,GYRO_X,-0.0481,0,none
2025-01-01 06:35:40,GYRO_X,-0.0514,0,none
2025-01-01 06:44:00,GYRO_X,0.0334,0,none
2025-01-01 06:52:20,GYRO_X,-0.0039,0,none
2025-01-01 07:00:40,GYRO_X,0.0458,0,none
2025-01-01 07:09:00,GYRO_X,-0.0382,0,none
2025-01-01 07:17:20,GYRO_X,0.0085,0,none
2025-01-01 07:25:40,GYRO_X,-0.0155,0,none
2025-01-01 07:34:00,GYRO_X,-0.0332,0,none
2025-01-01 07:42:20,GYRO_X,0.0132,0,none
2025-01-01 07:50:40,GYRO_X,0.0245,0,none
2025-01-01 07:59:00,GYRO_X,-0.0393,0,none
2025-01-01 08:07:20,GYRO_X,0.0445,0,none
2025-01-01 08:15:40,GYRO_X,-0.0193,0,none
2025-01-01 08:24:00,GYRO_X,-0.012,0,none
2025-01-01 08:32:20,GYRO_X,-0.0328,0,none
2025-01-01 08:40:40,GYRO_X,0.0326,0,none
2025-01-01 08:49:00,GYRO_X,-0.0401,0,none
2025-01-01 08:57:20,GYRO_X,0.0268,0,none
2025-01-01 09:05:40,GYRO_X,-0.0114,0,none
2025-01-01 09:14:00,GYRO_X,0.0216,0,none
2025-01-01 09:22:20,GYRO_X,-0.17274679196090192,1,point
2025-01-01 09:30:40,GYRO_X,-0.0012,0,none
2025-01-01 09:39:00,GYRO_X,0.0203,0,none
2025-01-01 09:47:20,GYRO_X,0.0163,0,none
2025-01-01 09:55:40,GYRO_X,-0.0062,0,none
2025-01-01 10:04:00,GYRO_X,0.0172,0,none
2025-01-01 10:12:20,GYRO_X,-0.0473,0,none
2025-01-01 10:20:40,GYRO_X,-0.0317,0,none
2025-01-01 10:29:00,GYRO_X,-0.0129,0,none
2025-01-01 10:37:20,GYRO_X,-0.0004,0,none
2025-01-01 10:45:40,GYRO_X,0.004,0,none
2025-01-01 10:54:00,GYRO_X,-0.0322,0,none
2025-01-01 11:02:20,GYRO_X,-0.0481,0,none
2025-01-01 11:10:40,GYRO_X,-0.0157,0,none
2025-01-01 11:19:00,GYRO_X,-0.0013,0,none
2025-01-01 11:27:20,GYRO_X,-0.0317,0,none
2025-01-01 11:35:40,GYRO_X,-0.0303,0,none
2025-01-01 11:44:00,GYRO_X,-0.0232,0,none
2025-01-01 11:52:20,GYRO_X,-0.0407,0,none
2025-01-01 12:00:40,GYRO_X,-0.1557014373121264,1,point
2025-01-01 12:09:00,GYRO_X,-0.1321407113218963,1,point
2025-01-01 12:17:20,GYRO_X,-0.0457,0,none
2025-01-01 12:25:40,GYRO_X,-0.0335,0,none
2025-01-01 12:34:00,GYRO_X,-0.0214,0,none
2025-01-01 12:42:20,GYRO_X,-0.047,0,none
2025-01-01 12:50:40,GYRO_X,-0.0237,0,none
2025-01-01 12:59:00,GYRO_X,-0.0004,0,none
2025-01-01 13:07:20,GYRO_X,-0.0374,0,none
2025-01-01 13:15:40,GYRO_X,-0.0332,0,none
2025-01-01 13:24:00,GYRO_X,-0.014,0,none
2025-01-01 13:32:20,GYRO_X,-0.0042,0,none
2025-01-01 13:40:40,GYRO_X,-0.0137,0,none
2025-01-01 13:49:00,GYRO_X,-0.0349,0,none
2025-01-01 13:57:20,GYRO_X,-0.0444,0,none
2025-01-01 14:05:40,GYRO_X,-0.0377,0,none
2025-01-01 14:14:00,GYRO_X,-0.033,0,none
2025-01-01 14:22:20,GYRO_X,-0.002,0,none
2025-01-01 14:30:40,GYRO_X,-0.0338,0,none
2025-01-01 14:39:00,GYRO_X,-0.0274,0,none
2025-01-01 14:47:20,GYRO_X,-0.0362,0,none
2025-01-01 14:55:40,GYRO_X,-0.0204,0,none
2025-01-01 15:04:00,GYRO_X,-0.0162,0,none
2025-01-01 15:12:20,GYRO_X,-0.0333,0,none
2025-01-01 15:20:40,GYRO_X,0.0106,0,none
2025-01-01 15:29:00,GYRO_X,-0.0263,0,none
2025-01-01 15:37:20,GYRO_X,-0.0107,0,none
2025-01-01 15:45:40,GYRO_X,-0.0156,0,none
2025-01-01 15:54:00,GYRO_X,-0.0273,0,none
2025-01-01 16:02:20,GYRO_X,-0.0339,0,none
2025-01-01 16:10:40,GYRO_X,0.15289632255467084,1,point
2025-01-01 16:19:00,GYRO_X,-0.0306,0,none
2025-01-01 16:27:20,GYRO_X,-0.0408,0,none
2025-01-01 16:35:40,GYRO_X,-0.0287,0,none
2025-01-01 16:44:00,GYRO_X,-0.038,0,none
2025-01-01 16:52:20,GYRO_X,-0.0343,0,none
2025-01-01 17:00:40,GYRO_X,-0.0002,0,none
2025-01-01 17:09:00,GYRO_X,-0.0322,0,none
2025-01-01 17:17:20,GYRO_X,0.0033,0,none
2025-01-01 17:25:40,GYRO_X,0.0165,0,none
2025-01-01 17:34:00,GYRO_X,0.0177,0,none
2025-01-01 17:42:20,GYRO_X,-0.0008,0,none
2025-01-01 17:50:40,GYRO_X,-0.0431,0,none
2025-01-01 17:59:00,GYRO_X,-0.0432,0,none
2025-01-01 18:07:20,GYRO_X,-0.0309,0,none
2025-01-01 18:15:40,GYRO_X,-0.0266,0,none
2025-01-01 18:24:00,GYRO_X,-0.0273,0,none
2025-01-01 18:32:20,GYRO_X,-0.0367,0,none
2025-01-01 18:40:40,GYRO_X,-0.0302,0,none
2025-01-01 18:49:00,GYRO_X,0.0022,0,none
2025-01-01 18:57:20,GYRO_X,0.0041,0,none
2025-01-01 19:05:40,GYRO_X,-0.0126,0,none
2025-01-01 19:14:00,GYRO_X,0.11431418228887187,1,point
2025-01-01 19:22:20,GYRO_X,-0.0344,0,none
2025-01-01 19:30:40,GYRO_X,-0.0416,0,none
2025-01-01 19:39:00,GYRO_X,-0.0116,0,none
2025-01-01 19:47:20,GYRO_X,-0.0211,0,none
2025-01-01 19:55:40,GYRO_X,0.0254,0,none
2025-01-01 20:04:00,GYRO_X,-0.0518,0,none
2025-01-01 20:12:20,GYRO_X,-0.049,0,none
2025-01-01 20:20:40,GYRO_X,-0.039,0,none
2025-01-01 20:29:00,GYRO_X,-0.0246,0,none
2025-01-01 20:37:20,GYRO_X,-0.0458,0,none
2025-01-01 20:45:40,GYRO_X,-0.0345,0,none
2025-01-01 20:54:00,GYRO_X,0.0019,0,none
2025-01-01 21:02:20,GYRO_X,0.035,0,none
2025-01-01 21:10:40,GYRO_X,-0.0109,0,none
2025-01-01 21:19:00,GYRO_X,0.0354,0,none
2025-01-01 21:27:20,GYRO_X,-0.0536,0,none
2025-01-01 21:35:40,GYRO_X,-0.0184,0,none
2025-01-01 21:44:00,GYRO_X,-0.0398,0,none
2025-01-01 21:52:20,GYRO_X,0.0418,0,none
2025-01-01 22:00:40,GYRO_X,0.0447,0,none
2025-01-01 22:09:00,GYRO_X,0.0426,0,none
2025-01-01 22:17:20,GYRO_X,0.0312,0,none
2025-01-01 22:25:40,GYRO_X,-0.0258,0,none
2025-01-01 22:34:00,GYRO_X,0.0151,0,none
2025-01-01 22:42:20,GYRO_X,0.0362,0,none
2025-01-01 22:50:40,GYRO_X,0.0395,0,none
2025-01-01 22:59:00,GYRO_X,-0.0291,0,none
2025-01-01 23:07:20,GYRO_X,0.0089,0,none
2025-01-01 23:15:40,GYRO_X,-0.0317,0,none
2025-01-01 23:24:00,GYRO_X,-0.0077,0,none
2025-01-01 23:32:20,GYRO_X,-0.0324,0,none
2025-01-01 23:40:40,GYRO_X,-0.0445,0,none
2025-01-01 23:49:00,GYRO_X,0.0342,0,none
2025-01-01 23:57:20,GYRO_X,0.0152,0,none
2025-01-02 00:05:40,GYRO_X,0.0331,0,none
2025-01-02 00:14:00,GYRO_X,0.038,0,none
2025-01-02 00:22:20,GYRO_X,-0.0004,0,none
2025-01-02 00:30:40,GYRO_X,0.0335,0,none
2025-01-02 00:39:00,GYRO_X,0.004,0,none
2025-01-02 00:47:20,GYRO_X,0.04,0,none
2025-01-02 00:55:40,GYRO_X,0.0331,0,none
2025-01-02 01:04:00,GYRO_X,0.05,0,none
2025-01-02 01:12:20,GYRO_X,0.0324,0,none
2025-01-02 01:20:40,GYRO_X,0.0299,0,none
2025-01-02 01:29:00,GYRO_X,0.0319,0,none
2025-01-02 01:37:20,GYRO_X,-0.0049,0,none
2025-01-02 01:45:40,GYRO_X,0.0189,0,none
2025-01-02 01:54:00,GYRO_X,0.025,0,none
2025-01-02 02:02:20,GYRO_X,0.0314,0,none
2025-01-02 02:10:40,GYRO_X,-0.01,0,none
2025-01-02 02:19:00,GYRO_X,0.0527,0,none
2025-01-02 02:27:20,GYRO_X,0.0536,0,none
2025-01-02 02:35:40,GYRO_X,0.0315,0,none
2025-01-02 02:44:00,GYRO_X,0.0474,0,none
2025-01-02 02:52:20,GYRO_X,0.0263,0,none
2025-01-02 03:00:40,GYRO_X,0.0089,0,none
2025-01-02 03:09:00,GYRO_X,0.0086,0,none
2025-01-02 03:17:20,GYRO_X,0.0315,0,none
2025-01-02 03:25:40,GYRO_X,0.0371,0,none
2025-01-02 03:34:00,GYRO_X,0.14421772031940513,1,point
2025-01-02 03:42:20,GYRO_X,0.0108,0,none
2025-01-01 00:04:10,GYRO_Y,0.0204,0,none
2025-01-01 00:12:30,GYRO_Y,0.0096,0,none
2025-01-01 00:20:50,GYRO_Y,0.0397,0,none
2025-01-01 00:29:10,GYRO_Y,-0.002,0,none
2025-01-01 00:37:30,GYRO_Y,0.0106,0,none
2025-01-01 00:45:50,GYRO_Y,0.0383,0,none
2025-01-01 00:54:10,GYRO_Y,0.0461,0,none
2025-01-01 01:02:30,GYRO_Y,0.0261,0,none
2025-01-01 01:10:50,GYRO_Y,0.04,0,none
2025-01-01 01:19:10,GYRO_Y,0.0297,0,none
2025-01-01 01:27:30,GYRO_Y,0.0334,0,none
2025-01-01 01:35:50,GYRO_Y,0.0342,0,none
2025-01-01 01:44:10,GYRO_Y,0.0271,0,none
2025-01-01 01:52:30,GYRO_Y,0.0247,0,none
2025-01-01 02:00:50,GYRO_Y,0.017,0,none
2025-01-01 02:09:10,GYRO_Y,0.0478,0,none
2025-01-01 02:17:30,GYRO_Y,0.09986862377851416,1,collective
2025-01-01 02:25:50,GYRO_Y,0.13216862377851415,1,collective
2025-01-01 02:34:10,GYRO_Y,0.09776862377851415,1,collective
2025-01-01 02:42:30,GYRO_Y,0.15346862377851417,1,collective
2025-01-01 02:50:50,GYRO_Y,0.14126862377851415,1,collective
2025-01-01 02:59:10,GYRO_Y,0.06876862377851416,1,collective
2025-01-01 03:07:30,GYRO_Y,0.13686862377851416,1,collective
2025-01-01 03:15:50,GYRO_Y,0.14056862377851415,1,collective
2025-01-01 03:24:10,GYRO_Y,0.08086862377851416,1,collective
2025-01-01 03:32:30,GYRO_Y,0.13216862377851415,1,collective
2025-01-01 03:40:50,GYRO_Y,0.13796862377851415,1,collective
2025-01-01 03:49:10,GYRO_Y,0.12616862377851415,1,collective
2025-01-01 03:57:30,GYRO_Y,0.08706862377851415,1,collective
2025-01-01 04:05:50,GYRO_Y,0.14416862377851417,1,collective
2025-01-01 04:14:10,GYRO_Y,0.14256862377851415,1,collective
2025-01-01 04:22:30,GYRO_Y,0.11976862377851416,1,collective
2025-01-01 04:30:50,GYRO_Y,0.08596862377851416,1,collective
2025-01-01 04:39:10,GYRO_Y,0.11436862377851416,1,collective
2025-01-01 04:47:30,GYRO_Y,0.13396862377851415,1,collective
2025-01-01 04:55:50,GYRO_Y,0.12606862377851416,1,collective
2025-01-01 05:04:10,GYRO_Y,0.0322,0,none
2025-01-01 05:12:30,GYRO_Y,0.0342,0,none
2025-01-01 05:20:50,GYRO_Y,0.0147,0,none
2025-01-01 05:29:10,GYRO_Y,0.0555,0,none
2025-01-01 05:37:30,GYRO_Y,-0.0369,0,none
2025-01-01 05:45:50,GYRO_Y,-0.0347,0,none
2025-01-01 05:54:10,GYRO_Y,0.0147,0,none
2025-01-01 06:02:30,GYRO_Y,-0.0174,0,none
2025-01-01 06:10:50,GYRO_Y,-0.0378,0,none
2025-01-01 06:19:10,GYRO_Y,-0.0282,0,none
2025-01-01 06:27:30,GYRO_Y,-0.0364,0,none
2025-01-01 06:35:50,GYRO_Y,-0.004,0,none
2025-01-01 06:44:10,GYRO_Y,-0.0272,0,none
2025-01-01 06:52:30,GYRO_Y,-0.0117,0,none
2025-01-01 07:00:50,GYRO_Y,-0.01,0,none
2025-01-01 07:09:10,GYRO_Y,0.05454264310713187,1,collective
2025-01-01 07:17:30,GYRO_Y,0.050142643107131867,1,collective
2025-01-01 07:25:50,GYRO_Y,0.025442643107131867,1,collective
2025-01-01 07:34:10,GYRO_Y,0.11334264310713187,1,collective
2025-01-01 07:42:30,GYRO_Y,0.09224264310713187,1,collective
2025-01-01 07:50:50,GYRO_Y,0.09804264310713187,1,collective
2025-01-01 07:59:10,GYRO_Y,0.04664264310713187,1,collective
2025-01-01 08:07:30,GYRO_Y,0.039442643107131865,1,collective
2025-01-01 08:15:50,GYRO_Y,0.055642643107131864,1,collective
2025-01-01 08:24:10,GYRO_Y,0.08074264310713186,1,collective
2025-01-01 08:32:30,GYRO_Y,0.039442643107131865,1,collective
2025-01-01 08:40:50,GYRO_Y,0.10984264310713188,1,collective
2025-01-01 08:49:10,GYRO_Y,0.10824264310713187,1,collective
2025-01-01 08:57:30,GYRO_Y,0.05294264310713187,1,collective
2025-01-01 09:05:50,GYRO_Y,0.05994264310713187,1,collective
2025-01-01 09:14:10,GYRO_Y,0.04204264310713187,1,collective
2025-01-01 09:22:30,GYRO_Y,0.04224264310713187,1,collective
2025-01-01 09:30:50,GYRO_Y,0.038742643107131866,1,collective
2025-01-01 09:39:10,GYRO_Y,0.07104264310713188,1,collective
2025-01-01 09:47:30,GYRO_Y,0.10044264310713187,1,collective
2025-01-01 09:55:50,GYRO_Y,-0.0348,0,none
2025-01-01 10:04:10,GYRO_Y,-0.0437,0,none
2025-01-01 10:12:30,GYRO_Y,-0.0051,0,none
2025-01-01 10:20:50,GYRO_Y,-0.0398,0,none
2025-01-01 10:29:10,GYRO_Y,-0.041,0,none
2025-01-01 10:37:30,GYRO_Y,-0.0472,0,none
2025-01-01 10:45:50,GYRO_Y,-0.0283,0,none
2025-01-01 10:54:10,GYRO_Y,0.002,0,none
2025-01-01 11:02:30,GYRO_Y,-0.0459,0,none
2025-01-01 11:10:50,GYRO_Y,-0.0246,0,none
2025-01-01 11:19:10,GYRO_Y,-0.022,0,none
2025-01-01 11:27:30,GYRO_Y,-0.0401,0,none
2025-01-01 11:35:50,GYRO_Y,0.0114,0,none
2025-01-01 11:44:10,GYRO_Y,0.0128,0,none
2025-01-01 11:52:30,GYRO_Y,-0.0362,0,none
2025-01-01 12:00:50,GYRO_Y,-0.0323,0,none
2025-01-01 12:09:10,GYRO_Y,-0.0458,0,none
2025-01-01 12:17:30,GYRO_Y,0.0041,0,none
2025-01-01 12:25:50,GYRO_Y,-0.0496,0,none
2025-01-01 12:34:10,GYRO_Y,-0.0065,0,none
2025-01-01 12:42:30,GYRO_Y,-0.0231,0,none
2025-01-01 12:50:50,GYRO_Y,-0.0406,0,none
2025-01-01 12:59:10,GYRO_Y,-0.0263,0,none
2025-01-01 13:07:30,GYRO_Y,-0.0307,0,none
2025-01-01 13:15:50,GYRO_Y,-0.0411,0,none
2025-01-01 13:24:10,GYRO_Y,-0.029,0,none
2025-01-01 13:32:30,GYRO_Y,-0.0447,0,none
2025-01-01 13:40:50,GYRO_Y,-0.0244,0,none
2025-01-01 13:49:10,GYRO_Y,-0.0353,0,none
2025-01-01 13:57:30,GYRO_Y,-0.0333,0,none
2025-01-01 14:05:50,GYRO_Y,-0.0224,0,none
2025-01-01 14:14:10,GYRO_Y,0.0002,0,none
2025-01-01 14:22:30,GYRO_Y,-0.0412,0,none
2025-01-01 14:30:50,GYRO_Y,-0.0352,0,none
2025-01-01 14:39:10,GYRO_Y,-0.041,0,none
2025-01-01 14:47:30,GYRO_Y,0.0089,0,none
2025-01-01 14:55:50,GYRO_Y,0.0129,0,none
2025-01-01 15:04:10,GYRO_Y,-0.0369,0,none
2025-01-01 15:12:30,GYRO_Y,-0.0437,0,none
2025-01-01 15:20:50,GYRO_Y,-0.0266,0,none
2025-01-01 15:29:10,GYRO_Y,-0.0039,0,none
2025-01-01 15:37:30,GYRO_Y,-0.0353,0,none
2025-01-01 15:45:50,GYRO_Y,-0.0354,0,none
2025-01-01 15:54:10,GYRO_Y,-0.017,0,none
2025-01-01 16:02:30,GYRO_Y,-0.0357,0,none
2025-01-01 16:10:50,GYRO_Y,0.0135,0,none
2025-01-01 16:19:10,GYRO_Y,0.0034,0,none
2025-01-01 16:27:30,GYRO_Y,0.0326,0,none
2025-01-01 16:35:50,GYRO_Y,-0.0269,0,none
2025-01-01 16:44:10,GYRO_Y,-0.0014,0,none
2025-01-01 16:52:30,GYRO_Y,-0.0329,0,none
2025-01-01 17:00:50,GYRO_Y,-0.0373,0,none
2025-01-01 17:09:10,GYRO_Y,0.0354,0,none
2025-01-01 17:17:30,GYRO_Y,0.027,0,none
2025-01-01 17:25:50,GYRO_Y,-0.0208,0,none
2025-01-01 17:34:10,GYRO_Y,0.0189,0,none
2025-01-01 17:42:30,GYRO_Y,0.0081,0,none
2025-01-01 17:50:50,GYRO_Y,0.0281,0,none
2025-01-01 17:59:10,GYRO_Y,-0.0347,0,none
2025-01-01 18:07:30,GYRO_Y,-0.0369,0,none
2025-01-01 18:15:50,GYRO_Y,0.0043,0,none
2025-01-01 18:24:10,GYRO_Y,-0.0353,0,none
2025-01-01 18:32:30,GYRO_Y,-0.0415,0,none
2025-01-01 18:40:50,GYRO_Y,-0.0134,0,none
2025-01-01 18:49:10,GYRO_Y,0.0265,0,none
2025-01-01 18:57:30,GYRO_Y,-0.0332,0,none
2025-01-01 19:05:50,GYRO_Y,-0.11857760655941751,1,collective
2025-01-01 19:14:10,GYRO_Y,-0.08097760655941752,1,collective
2025-01-01 19:22:30,GYRO_Y,-0.11927760655941752,1,collective
2025-01-01 19:30:50,GYRO_Y,-0.06687760655941752,1,collective
2025-01-01 19:39:10,GYRO_Y,-0.12177760655941752,1,collective
2025-01-01 19:47:30,GYRO_Y,-0.07067760655941752,1,collective
2025-01-01 19:55:50,GYRO_Y,-0.1095776065594175,1,collective
2025-01-01 20:04:10,GYRO_Y,-0.12247760655941752,1,collective
2025-01-01 20:12:30,GYRO_Y,-0.07867760655941751,1,collective
2025-01-01 20:20:50,GYRO_Y,-0.10147760655941751,1,collective
2025-01-01 20:29:10,GYRO_Y,-0.11067760655941752,1,collective
2025-01-01 20:37:30,GYRO_Y,-0.10907760655941752,1,collective
2025-01-01 20:45:50,GYRO_Y,-0.06837760655941752,1,collective
2025-01-01 20:54:10,GYRO_Y,-0.06417760655941751,1,collective
2025-01-01 21:02:30,GYRO_Y,-0.11277760655941751,1,collective
2025-01-01 21:10:50,GYRO_Y,-0.10527760655941751,1,collective
2025-01-01 21:19:10,GYRO_Y,-0.08257760655941751,1,collective
2025-01-01 21:27:30,GYRO_Y,-0.08487760655941752,1,collective
2025-01-01 21:35:50,GYRO_Y,-0.09367760655941751,1,collective
2025-01-01 21:44:10,GYRO_Y,-0.10287760655941752,1,collective
2025-01-01 21:52:30,GYRO_Y,-0.0012,0,none
2025-01-01 22:00:50,GYRO_Y,-0.0277,0,none
2025-01-01 22:09:10,GYRO_Y,0.0111,0,none
2025-01-01 22:17:30,GYRO_Y,0.0373,0,none
2025-01-01 22:25:50,GYRO_Y,0.0246,0,none
2025-01-01 22:34:10,GYRO_Y,0.005,0,none
2025-01-01 22:42:30,GYRO_Y,0.0243,0,none
2025-01-01 22:50:50,GYRO_Y,-0.0234,0,none
2025-01-01 22:59:10,GYRO_Y,-0.0126,0,none
2025-01-01 23:07:30,GYRO_Y,0.0476,0,none
2025-01-01 23:15:50,GYRO_Y,0.0131,0,none
2025-01-01 23:24:10,GYRO_Y,0.0407,0,none
2025-01-01 23:32:30,GYRO_Y,0.0362,0,none
2025-01-01 23:40:50,GYRO_Y,0.0312,0,none
2025-01-01 23:49:10,GYRO_Y,0.0085,0,none
2025-01-01 23:57:30,GYRO_Y,-0.0052,0,none
2025-01-02 00:05:50,GYRO_Y,0.0054,0,none
2025-01-02 00:14:10,GYRO_Y,-0.0045,0,none
2025-01-02 00:22:30,GYRO_Y,0.0438,0,none
2025-01-02 00:30:50,GYRO_Y,0.0047,0,none
2025-01-02 00:39:10,GYRO_Y,0.0446,0,none
2025-01-02 00:47:30,GYRO_Y,0.0247,0,none
2025-01-02 00:55:50,GYRO_Y,0.0413,0,none
2025-01-02 01:04:10,GYRO_Y,0.0223,0,none
2025-01-02 01:12:30,GYRO_Y,-0.014,0,none
2025-01-02 01:20:50,GYRO_Y,0.037,0,none
2025-01-02 01:29:10,GYRO_Y,0.0057,0,none
2025-01-02 01:37:30,GYRO_Y,0.0423,0,none
2025-01-02 01:45:50,GYRO_Y,0.0423,0,none
2025-01-02 01:54:10,GYRO_Y,-0.0038,0,none
2025-01-02 02:02:30,GYRO_Y,0.0116,0,none
2025-01-02 02:10:50,GYRO_Y,0.0146,0,none
2025-01-02 02:19:10,GYRO_Y,0.0289,0,none
2025-01-02 02:27:30,GYRO_Y,0.0352,0,none
2025-01-02 02:35:50,GYRO_Y,0.0457,0,none
2025-01-02 02:44:10,GYRO_Y,0.0179,0,none
2025-01-02 02:52:30,GYRO_Y,0.0307,0,none
2025-01-02 03:00:50,GYRO_Y,0.0315,0,none
2025-01-02 03:09:10,GYRO_Y,0.0181,0,none
2025-01-02 03:17:30,GYRO_Y,0.0146,0,none
2025-01-02 03:25:50,GYRO_Y,0.0336,0,none
2025-01-02 03:34:10,GYRO_Y,0.0031,0,none
2025-01-02 03:42:30,GYRO_Y,0.0248,0,none
2025-01-01 00:04:20,GYRO_Z,0.0113,0,none
2025-01-01 00:12:40,GYRO_Z,0.044,0,none
2025-01-01 00:21:00,GYRO_Z,0.0012,0,none
2025-01-01 00:29:20,GYRO_Z,0.014,0,none
2025-01-01 00:37:40,GYRO_Z,-0.0087,0,none
2025-01-01 00:46:00,GYRO_Z,0.0333,0,none
2025-01-01 00:54:20,GYRO_Z,0.002,0,none
2025-01-01 01:02:40,GYRO_Z,0.0238,0,none
2025-01-01 01:11:00,GYRO_Z,0.031,0,none
2025-01-01 01:19:20,GYRO_Z,0.0055,0,none
2025-01-01 01:27:40,GYRO_Z,0.0341,0,none
2025-01-01 01:36:00,GYRO_Z,-0.0227,0,none
2025-01-01 01:44:20,GYRO_Z,-0.0088,0,none
2025-01-01 01:52:40,GYRO_Z,0.0134,0,none
2025-01-01 02:01:00,GYRO_Z,0.0403,0,none
2025-01-01 02:09:20,GYRO_Z,0.0443,0,none
2025-01-01 02:17:40,GYRO_Z,-0.0173,0,none
2025-01-01 02:26:00,GYRO_Z,0.0368,0,none
2025-01-01 02:34:20,GYRO_Z,0.011,0,none
2025-01-01 02:42:40,GYRO_Z,0.0494,0,none
2025-01-01 02:51:00,GYRO_Z,0.0089,0,none
2025-01-01 02:59:20,GYRO_Z,0.0341,0,none
2025-01-01 03:07:40,GYRO_Z,0.0319,0,none
2025-01-01 03:16:00,GYRO_Z,0.0348,0,none
2025-01-01 03:24:20,GYRO_Z,0.0023,0,none
2025-01-01 03:32:40,GYRO_Z,0.0298,0,none
2025-01-01 03:41:00,GYRO_Z,0.0103,0,none
2025-01-01 03:49:20,GYRO_Z,-0.0221,0,none
2025-01-01 03:57:40,GYRO_Z,-0.0291,0,none
2025-01-01 04:06:00,GYRO_Z,0.0313,0,none
2025-01-01 04:14:20,GYRO_Z,0.0297,0,none
2025-01-01 04:22:40,GYRO_Z,0.0276,0,none
2025-01-01 04:31:00,GYRO_Z,-0.0281,0,none
2025-01-01 04:39:20,GYRO_Z,0.0355,0,none
2025-01-01 04:47:40,GYRO_Z,-0.0343,0,none
2025-01-01 04:56:00,GYRO_Z,-0.0057,0,none
2025-01-01 05:04:20,GYRO_Z,0.0156,0,none
2025-01-01 05:12:40,GYRO_Z,-0.0213,0,none
2025-01-01 05:21:00,GYRO_Z,0.0403,0,none
2025-01-01 05:29:20,GYRO_Z,0.0468,0,none
2025-01-01 05:37:40,GYRO_Z,-0.0381,0,none
2025-01-01 05:46:00,GYRO_Z,0.0183,0,none
2025-01-01 05:54:20,GYRO_Z,0.0389,0,none
2025-01-01 06:02:40,GYRO_Z,-0.0295,0,none
2025-01-01 06:11:00,GYRO_Z,0.0141,0,none
2025-01-01 06:19:20,GYRO_Z,0.0123,0,none
2025-01-01 06:27:40,GYRO_Z,0.003,0,none
2025-01-01 06:36:00,GYRO_Z,-0.0136,0,none
2025-01-01 06:44:20,GYRO_Z,-0.0345,0,none
2025-01-01 06:52:40,GYRO_Z,0.0305,0,none
2025-01-01 07:01:00,GYRO_Z,-0.0279,0,none
2025-01-01 07:09:20,GYRO_Z,0.0276,0,none
2025-01-01 07:17:40,GYRO_Z,0.002,0,none
2025-01-01 07:26:00,GYRO_Z,0.0053,0,none
2025-01-01 07:34:20,GYRO_Z,0.0219,0,none
2025-01-01 07:42:40,GYRO_Z,-0.0396,0,none
2025-01-01 07:51:00,GYRO_Z,-0.0036,0,none
2025-01-01 07:59:20,GYRO_Z,-0.0108,0,none
2025-01-01 08:07:40,GYRO_Z,-0.0118,0,none
2025-01-01 08:16:00,GYRO_Z,0.0203,0,none
2025-01-01 08:24:20,GYRO_Z,-0.0482,0,none
2025-01-01 08:32:40,GYRO_Z,-0.0437,0,none
2025-01-01 08:41:00,GYRO_Z,0.0097,0,none
2025-01-01 08:49:20,GYRO_Z,-0.0223,0,none
2025-01-01 08:57:40,GYRO_Z,0.0034,0,none
2025-01-01 09:06:00,GYRO_Z,0.0347,0,none
2025-01-01 09:14:20,GYRO_Z,-0.0466,0,none
2025-01-01 09:22:40,GYRO_Z,0.0323,0,none
2025-01-01 09:31:00,GYRO_Z,-0.0288,0,none
2025-01-01 09:39:20,GYRO_Z,-0.0084,0,none
2025-01-01 09:47:40,GYRO_Z,-0.0429,0,none
2025-01-01 09:56:00,GYRO_Z,0.0049,0,none
2025-01-01 10:04:20,GYRO_Z,0.0124,0,none
2025-01-01 10:12:40,GYRO_Z,-0.0063,0,none
2025-01-01 10:21:00,GYRO_Z,-0.0079,0,none
2025-01-01 10:29:20,GYRO_Z,-0.0374,0,none
2025-01-01 10:37:40,GYRO_Z,-0.0036,0,none
2025-01-01 10:46:00,GYRO_Z,-0.0406,0,none
2025-01-01 10:54:20,GYRO_Z,0.0304,0,none
2025-01-01 11:02:40,GYRO_Z,-0.0203,0,none
2025-01-01 11:11:00,GYRO_Z,-0.0297,0,none
2025-01-01 11:19:20,GYRO_Z,-0.004,0,none
2025-01-01 11:27:40,GYRO_Z,-0.0324,0,none
2025-01-01 11:36:00,GYRO_Z,0.0119,0,none
2025-01-01 11:44:20,GYRO_Z,-0.0481,0,none
2025-01-01 11:52:40,GYRO_Z,-0.0339,0,none
2025-01-01 12:01:00,GYRO_Z,-0.0093,0,none
2025-01-01 12:09:20,GYRO_Z,-0.0364,0,none
2025-01-01 12:17:40,GYRO_Z,-0.0433,0,none
2025-01-01 12:26:00,GYRO_Z,-0.0383,0,none
2025-01-01 12:34:20,GYRO_Z,-0.0394,0,none
2025-01-01 12:42:40,GYRO_Z,-0.0122,0,none
2025-01-01 12:51:00,GYRO_Z,-0.0328,0,none
2025-01-01 12:59:20,GYRO_Z,-0.0278,0,none
2025-01-01 13:07:40,GYRO_Z,-0.0221,0,none
2025-01-01 13:16:00,GYRO_Z,-0.0166,0,none
2025-01-01 13:24:20,GYRO_Z,-0.029,0,none
2025-01-01 13:32:40,GYRO_Z,-0.0306,0,none
2025-01-01 13:41:00,GYRO_Z,-0.0077,0,none
2025-01-01 13:49:20,GYRO_Z,-0.0298,0,none
2025-01-01 13:57:40,GYRO_Z,-0.0315,0,none
2025-01-01 14:06:00,GYRO_Z,-0.0339,0,none
2025-01-01 14:14:20,GYRO_Z,-0.0314,0,none
2025-01-01 14:22:40,GYRO_Z,-0.0207,0,none
2025-01-01 14:31:00,GYRO_Z,-0.0118,0,none
2025-01-01 14:39:20,GYRO_Z,-0.0115,0,none
2025-01-01 14:47:40,GYRO_Z,-0.015,0,none
2025-01-01 14:56:00,GYRO_Z,-0.0223,0,none
2025-01-01 15:04:20,GYRO_Z,-0.0095,0,none
2025-01-01 15:12:40,GYRO_Z,-0.0391,0,none
2025-01-01 15:21:00,GYRO_Z,-0.0448,0,none
2025-01-01 15:29:20,GYRO_Z,0.0062,0,none
2025-01-01 15:37:40,GYRO_Z,-0.0479,0,none
2025-01-01 15:46:00,GYRO_Z,-0.04,0,none
2025-01-01 15:54:20,GYRO_Z,0.0106,0,none
2025-01-01 16:02:40,GYRO_Z,-0.0343,0,none
2025-01-01 16:11:00,GYRO_Z,-0.0068,0,none
2025-01-01 16:19:20,GYRO_Z,-0.0252,0,none
2025-01-01 16:27:40,GYRO_Z,-0.0187,0,none
2025-01-01 16:36:00,GYRO_Z,-0.0362,0,none
2025-01-01 16:44:20,GYRO_Z,-0.0111,0,none
2025-01-01 16:52:40,GYRO_Z,-0.0396,0,none
2025-01-01 17:01:00,GYRO_Z,-0.0224,0,none
2025-01-01 17:09:20,GYRO_Z,-0.0074,0,none
2025-01-01 17:17:40,GYRO_Z,0.0187,0,none
2025-01-01 17:26:00,GYRO_Z,0.0262,0,none
2025-01-01 17:34:20,GYRO_Z,-0.0439,0,none
2025-01-01 17:42:40,GYRO_Z,-0.0286,0,none
2025-01-01 17:51:00,GYRO_Z,-0.0212,0,none
2025-01-01 17:59:20,GYRO_Z,-0.0435,0,none
2025-01-01 18:07:40,GYRO_Z,-0.0285,0,none
2025-01-01 18:16:00,GYRO_Z,-0.0404,0,none
2025-01-01 18:24:20,GYRO_Z,0.003,0,none
2025-01-01 18:32:40,GYRO_Z,0.0074,0,none
2025-01-01 18:41:00,GYRO_Z,-0.0312,0,none
2025-01-01 18:49:20,GYRO_Z,0.023,0,none
2025-01-01 18:57:40,GYRO_Z,-0.0369,0,none
2025-01-01 19:06:00,GYRO_Z,-0.0374,0,none
2025-01-01 19:14:20,GYRO_Z,-0.0458,0,none
2025-01-01 19:22:40,GYRO_Z,-0.0239,0,none
2025-01-01 19:31:00,GYRO_Z,0.0357,0,none
2025-01-01 19:39:20,GYRO_Z,-0.0333,0,none
2025-01-01 19:47:40,GYRO_Z,0.0219,0,none
2025-01-01 19:56:00,GYRO_Z,-0.0273,0,none
2025-01-01 20:04:20,GYRO_Z,-0.0312,0,none
2025-01-01 20:12:40,GYRO_Z,-0.0327,0,none
2025-01-01 20:21:00,GYRO_Z,0.0157,0,none
2025-01-01 20:29:20,GYRO_Z,0.0093,0,none
2025-01-01 20:37:40,GYRO_Z,0.0475,0,none
2025-01-01 20:46:00,GYRO_Z,0.0086,0,none
2025-01-01 20:54:20,GYRO_Z,0.038,0,none
2025-01-01 21:02:40,GYRO_Z,-0.0349,0,none
2025-01-01 21:11:00,GYRO_Z,0.023,0,none
2025-01-01 21:19:20,GYRO_Z,0.0197,0,none
2025-01-01 21:27:40,GYRO_Z,-0.0301,0,none
2025-01-01 21:36:00,GYRO_Z,-0.0258,0,none
2025-01-01 21:44:20,GYRO_Z,-0.0173,0,none
2025-01-01 21:52:40,GYRO_Z,0.0107,0,none
2025-01-01 22:01:00,GYRO_Z,-0.0343,0,none
2025-01-01 22:09:20,GYRO_Z,0.03,0,none
2025-01-01 22:17:40,GYRO_Z,-0.0302,0,none
2025-01-01 22:26:00,GYRO_Z,0.0056,0,none
2025-01-01 22:34:20,GYRO_Z,0.0264,0,none
2025-01-01 22:42:40,GYRO_Z,0.0144,0,none
2025-01-01 22:51:00,GYRO_Z,-0.0136,0,none
2025-01-01 22:59:20,GYRO_Z,0.0507,0,none
2025-01-01 23:07:40,GYRO_Z,0.035,0,none
2025-01-01 23:16:00,GYRO_Z,0.0164,0,none
2025-01-01 23:24:20,GYRO_Z,0.032,0,none
2025-01-01 23:32:40,GYRO_Z,0.0062,0,none
2025-01-01 23:41:00,GYRO_Z,0.0344,0,none
2025-01-01 23:49:20,GYRO_Z,0.0415,0,none
2025-01-01 23:57:40,GYRO_Z,0.0258,0,none
2025-01-02 00:06:00,GYRO_Z,0.0173,0,none
2025-01-02 00:14:20,GYRO_Z,0.0379,0,none
2025-01-02 00:22:40,GYRO_Z,-0.0127,0,none
2025-01-02 00:31:00,GYRO_Z,0.0408,0,none
2025-01-02 00:39:20,GYRO_Z,0.0296,0,none
2025-01-02 00:47:40,GYRO_Z,0.0238,0,none
2025-01-02 00:56:00,GYRO_Z,0.0322,0,none
2025-01-02 01:04:20,GYRO_Z,0.0273,0,none
2025-01-02 01:12:40,GYRO_Z,0.022,0,none
2025-01-02 01:21:00,GYRO_Z,-0.0115,0,none
2025-01-02 01:29:20,GYRO_Z,0.0396,0,none
2025-01-02 01:37:40,GYRO_Z,0.0401,0,none
2025-01-02 01:46:00,GYRO_Z,0.0229,0,none
2025-01-02 01:54:20,GYRO_Z,0.0265,0,none
2025-01-02 02:02:40,GYRO_Z,0.0382,0,none
2025-01-02 02:11:00,GYRO_Z,0.0264,0,none
2025-01-02 02:19:20,GYRO_Z,0.0313,0,none
2025-01-02 02:27:40,GYRO_Z,0.0067,0,none
2025-01-02 02:36:00,GYRO_Z,-0.0071,0,none
2025-01-02 02:44:20,GYRO_Z,-0.0096,0,none
2025-01-02 02:52:40,GYRO_Z,0.0273,0,none
2025-01-02 03:01:00,GYRO_Z,0.0132,0,none
2025-01-02 03:09:20,GYRO_Z,0.0119,0,none
2025-01-02 03:17:40,GYRO_Z,0.011,0,none
2025-01-02 03:26:00,GYRO_Z,0.0318,0,none
2025-01-02 03:34:20,GYRO_Z,0.0363,0,none
2025-01-02 03:42:40,GYRO_Z,0.0335,0,none
2025-01-01 00:06:50,LINK_MARGIN,16.7347,0,none
2025-01-01 00:15:10,LINK_MARGIN,17.9764,0,none
2025-01-01 00:23:30,LINK_MARGIN,20.8457,0,none
2025-01-01 00:31:50,LINK_MARGIN,17.9535,0,none
2025-01-01 00:40:10,LINK_MARGIN,15.3004,0,none
2025-01-01 00:48:30,LINK_MARGIN,18.3571,0,none
2025-01-01 00:56:50,LINK_MARGIN,15.6183,0,none
2025-01-01 01:05:10,LINK_MARGIN,18.8658,0,none
2025-01-01 01:13:30,LINK_MARGIN,18.7941,0,none
2025-01-01 01:21:50,LINK_MARGIN,18.4825,0,none
2025-01-01 01:30:10,LINK_MARGIN,20.6977,0,none
2025-01-01 01:38:30,LINK_MARGIN,18.9245,0,none
2025-01-01 01:46:50,LINK_MARGIN,14.5866,0,none
2025-01-01 01:55:10,LINK_MARGIN,15.9859,0,none
2025-01-01 02:03:30,LINK_MARGIN,18.4175,0,none
2025-01-01 02:11:50,LINK_MARGIN,18.7752,0,none
2025-01-01 02:20:10,LINK_MARGIN,19.5899,0,none
2025-01-01 02:28:30,LINK_MARGIN,15.5097,0,none
2025-01-01 02:36:50,LINK_MARGIN,15.0233,0,none
2025-01-01 02:45:10,LINK_MARGIN,18.3689,0,none
2025-01-01 02:53:30,LINK_MARGIN,16.8118,0,none
2025-01-01 03:01:50,LINK_MARGIN,19.2571,0,none
2025-01-01 03:10:10,LINK_MARGIN,15.9726,0,none
2025-01-01 03:18:30,LINK_MARGIN,20.8085,0,none
2025-01-01 03:26:50,LINK_MARGIN,19.8253,0,none
2025-01-01 03:35:10,LINK_MARGIN,20.0419,0,none
2025-01-01 03:43:30,LINK_MARGIN,10.4446,0,none
2025-01-01 03:51:50,LINK_MARGIN,16.4588,0,none
2025-01-01 04:00:10,LINK_MARGIN,18.0143,0,none
2025-01-01 04:08:30,LINK_MARGIN,16.5884,0,none
2025-01-01 04:16:50,LINK_MARGIN,19.6131,0,none
2025-01-01 04:25:10,LINK_MARGIN,16.1516,0,none
2025-01-01 04:33:30,LINK_MARGIN,17.1066,0,none
2025-01-01 04:41:50,LINK_MARGIN,20.1858,0,none
2025-01-01 04:50:10,LINK_MARGIN,19.6065,0,none
2025-01-01 04:58:30,LINK_MARGIN,16.7699,0,none
2025-01-01 05:06:50,LINK_MARGIN,12.2209,0,none
2025-01-01 05:15:10,LINK_MARGIN,14.4903,0,none
2025-01-01 05:23:30,LINK_MARGIN,18.2882,0,none
2025-01-01 05:31:50,LINK_MARGIN,19.1384,0,none
2025-01-01 05:40:10,LINK_MARGIN,19.6198,0,none
2025-01-01 05:48:30,LINK_MARGIN,11.4151,0,none
2025-01-01 05:56:50,LINK_MARGIN,19.0681,0,none
2025-01-01 06:05:10,LINK_MARGIN,13.821,0,none
2025-01-01 06:13:30,LINK_MARGIN,18.7748,0,none
2025-01-01 06:21:50,LINK_MARGIN,16.2588,0,none
2025-01-01 06:30:10,LINK_MARGIN,19.7525,0,none
2025-01-01 06:38:30,LINK_MARGIN,20.0477,0,none
2025-01-01 06:46:50,LINK_MARGIN,16.4452,0,none
2025-01-01 06:55:10,LINK_MARGIN,12.1454,0,none
2025-01-01 07:03:30,LINK_MARGIN,18.2831,0,none
2025-01-01 07:11:50,LINK_MARGIN,13.0762,0,none
2025-01-01 07:20:10,LINK_MARGIN,10.2884,0,none
2025-01-01 07:28:30,LINK_MARGIN,11.0441,0,none
2025-01-01 07:36:50,LINK_MARGIN,8.5515,0,none
2025-01-01 07:45:10,LINK_MARGIN,15.3827,0,none
2025-01-01 07:53:30,LINK_MARGIN,13.0056,0,none
2025-01-01 08:01:50,LINK_MARGIN,12.0959,0,none
2025-01-01 08:10:10,LINK_MARGIN,20.0318,0,none
2025-01-01 08:18:30,LINK_MARGIN,9.288,0,none
2025-01-01 08:26:50,LINK_MARGIN,13.8736,0,none
2025-01-01 08:35:10,LINK_MARGIN,9.9218,0,none
2025-01-01 08:43:30,LINK_MARGIN,13.7581,0,none
2025-01-01 08:51:50,LINK_MARGIN,14.5561,0,none
2025-01-01 09:00:10,LINK_MARGIN,19.4865,0,none
2025-01-01 09:08:30,LINK_MARGIN,15.929,0,none
2025-01-01 09:16:50,LINK_MARGIN,11.6266,0,none
2025-01-01 09:25:10,LINK_MARGIN,15.8193,0,none
2025-01-01 09:33:30,LINK_MARGIN,19.4724,0,none
2025-01-01 09:41:50,LINK_MARGIN,9.3459,0,none
2025-01-01 09:50:10,LINK_MARGIN,18.2861,0,none
2025-01-01 09:58:30,LINK_MARGIN,10.107,0,none
2025-01-01 10:06:50,LINK_MARGIN,8.7477,0,none
2025-01-01 10:15:10,LINK_MARGIN,16.2067,0,none
2025-01-01 10:23:30,LINK_MARGIN,14.5769,0,none
2025-01-01 10:31:50,LINK_MARGIN,10.7408,0,none
2025-01-01 10:40:10,LINK_MARGIN,13.2052,0,none
2025-01-01 10:48:30,LINK_MARGIN,17.6924,0,none
2025-01-01 10:56:50,LINK_MARGIN,11.5024,0,none
2025-01-01 11:05:10,LINK_MARGIN,10.7342,0,none
2025-01-01 11:13:30,LINK_MARGIN,18.8607,0,none
2025-01-01 11:21:50,LINK_MARGIN,11.6422,0,none
2025-01-01 11:30:10,LINK_MARGIN,10.061,0,none
2025-01-01 11:38:30,LINK_MARGIN,15.7566,0,none
2025-01-01 11:46:50,LINK_MARGIN,13.4879,0,none
2025-01-01 11:55:10,LINK_MARGIN,14.831,0,none
2025-01-01 12:03:30,LINK_MARGIN,10.7228,0,none
2025-01-01 12:11:50,LINK_MARGIN,13.4436,0,none
2025-01-01 12:20:10,LINK_MARGIN,10.4535,0,none
2025-01-01 12:28:30,LINK_MARGIN,11.1006,0,none
2025-01-01 12:36:50,LINK_MARGIN,11.6723,0,none
2025-01-01 12:45:10,LINK_MARGIN,11.0843,0,none
2025-01-01 12:53:30,LINK_MARGIN,10.4994,0,none
2025-01-01 13:01:50,LINK_MARGIN,13.6002,0,none
2025-01-01 13:10:10,LINK_MARGIN,13.2482,0,none
2025-01-01 13:18:30,LINK_MARGIN,12.027,0,none
2025-01-01 13:26:50,LINK_MARGIN,13.0508,0,none
2025-01-01 13:35:10,LINK_MARGIN,10.7782,0,none
2025-01-01 13:43:30,LINK_MARGIN,10.2513,0,none
2025-01-01 13:51:50,LINK_MARGIN,10.0759,0,none
2025-01-01 14:00:10,LINK_MARGIN,11.7165,0,none
2025-01-01 14:08:30,LINK_MARGIN,11.2874,0,none
2025-01-01 14:16:50,LINK_MARGIN,10.6527,0,none
2025-01-01 14:25:10,LINK_MARGIN,9.5644,0,none
2025-01-01 14:33:30,LINK_MARGIN,9.5736,0,none
2025-01-01 14:41:50,LINK_MARGIN,10.7768,0,none
2025-01-01 14:50:10,LINK_MARGIN,12.6708,0,none
2025-01-01 14:58:30,LINK_MARGIN,12.1104,0,none
2025-01-01 15:06:50,LINK_MARGIN,10.1853,0,none
2025-01-01 15:15:10,LINK_MARGIN,11.1761,0,none
2025-01-01 15:23:30,LINK_MARGIN,9.7621,0,none
2025-01-01 15:31:50,LINK_MARGIN,9.8626,0,none
2025-01-01 15:40:10,LINK_MARGIN,10.5946,0,none
2025-01-01 15:48:30,LINK_MARGIN,10.959,0,none
2025-01-01 15:56:50,LINK_MARGIN,12.4478,0,none
2025-01-01 16:05:10,LINK_MARGIN,10.6789,0,none
2025-01-01 16:13:30,LINK_MARGIN,13.0578,0,none
2025-01-01 16:21:50,LINK_MARGIN,17.4687,0,none
2025-01-01 16:30:10,LINK_MARGIN,13.2303,0,none
2025-01-01 16:38:30,LINK_MARGIN,10.9006,0,none
2025-01-01 16:46:50,LINK_MARGIN,14.2959,0,none
2025-01-01 16:55:10,LINK_MARGIN,12.1445,0,none
2025-01-01 17:03:30,LINK_MARGIN,15.2929,0,none
2025-01-01 17:11:50,LINK_MARGIN,9.3754,0,none
2025-01-01 17:20:10,LINK_MARGIN,19.6919,0,none
2025-01-01 17:28:30,LINK_MARGIN,15.4195,0,none
2025-01-01 17:36:50,LINK_MARGIN,14.9234,0,none
2025-01-01 17:45:10,LINK_MARGIN,14.0022,0,none
2025-01-01 17:53:30,LINK_MARGIN,8.6205,0,none
2025-01-01 18:01:50,LINK_MARGIN,14.6688,0,none
2025-01-01 18:10:10,LINK_MARGIN,10.3671,0,none
2025-01-01 18:18:30,LINK_MARGIN,15.1615,0,none
2025-01-01 18:26:50,LINK_MARGIN,15.7067,0,none
2025-01-01 18:35:10,LINK_MARGIN,19.8221,0,none
2025-01-01 18:43:30,LINK_MARGIN,12.8624,0,none
2025-01-01 18:51:50,LINK_MARGIN,12.707,0,none
2025-01-01 19:00:10,LINK_MARGIN,11.7427,0,none
2025-01-01 19:08:30,LINK_MARGIN,15.888,0,none
2025-01-01 19:16:50,LINK_MARGIN,11.0018,0,none
2025-01-01 19:25:10,LINK_MARGIN,10.6076,0,none
2025-01-01 19:33:30,LINK_MARGIN,9.9918,0,none
2025-01-01 19:41:50,LINK_MARGIN,16.5066,0,none
2025-01-01 19:50:10,LINK_MARGIN,14.1583,0,none
2025-01-01 19:58:30,LINK_MARGIN,9.9682,0,none
2025-01-01 20:06:50,LINK_MARGIN,11.1204,0,none
2025-01-01 20:15:10,LINK_MARGIN,13.8575,0,none
2025-01-01 20:23:30,LINK_MARGIN,16.3438,0,none
2025-01-01 20:31:50,LINK_MARGIN,15.8258,0,none
2025-01-01 20:40:10,LINK_MARGIN,20.631,0,none
2025-01-01 20:48:30,LINK_MARGIN,19.2358,0,none
2025-01-01 20:56:50,LINK_MARGIN,17.8332,0,none
2025-01-01 21:05:10,LINK_MARGIN,19.5714,0,none
2025-01-01 21:13:30,LINK_MARGIN,11.1982,0,none
2025-01-01 21:21:50,LINK_MARGIN,14.0556,0,none
2025-01-01 21:30:10,LINK_MARGIN,10.8157,0,none
2025-01-01 21:38:30,LINK_MARGIN,13.2223,0,none
2025-01-01 21:46:50,LINK_MARGIN,10.4832,0,none
2025-01-01 21:55:10,LINK_MARGIN,10.4719,0,none
2025-01-01 22:03:30,LINK_MARGIN,14.2423,0,none
2025-01-01 22:11:50,LINK_MARGIN,18.0957,0,none
2025-01-01 22:20:10,LINK_MARGIN,14.7998,0,none
2025-01-01 22:28:30,LINK_MARGIN,11.0853,0,none
2025-01-01 22:36:50,LINK_MARGIN,20.3719,0,none
2025-01-01 22:45:10,LINK_MARGIN,17.1565,0,none
2025-01-01 22:53:30,LINK_MARGIN,13.4653,0,none
2025-01-01 23:01:50,LINK_MARGIN,20.7711,0,none
2025-01-01 23:10:10,LINK_MARGIN,11.3032,0,none
2025-01-01 23:18:30,LINK_MARGIN,17.8513,0,none
2025-01-01 23:26:50,LINK_MARGIN,14.1571,0,none
2025-01-01 23:35:10,LINK_MARGIN,12.4374,0,none
2025-01-01 23:43:30,LINK_MARGIN,19.4601,0,none
2025-01-01 23:51:50,LINK_MARGIN,18.2952,0,none
2025-01-02 00:00:10,LINK_MARGIN,17.2786,0,none
2025-01-02 00:08:30,LINK_MARGIN,18.7174,0,none
2025-01-02 00:16:50,LINK_MARGIN,19.1969,0,none
2025-01-02 00:25:10,LINK_MARGIN,11.5434,0,none
2025-01-02 00:33:30,LINK_MARGIN,15.8951,0,none
2025-01-02 00:41:50,LINK_MARGIN,19.5202,0,none
2025-01-02 00:50:10,LINK_MARGIN,17.9545,0,none
2025-01-02 00:58:30,LINK_MARGIN,15.9911,0,none
2025-01-02 01:06:50,LINK_MARGIN,18.1963,0,none
2025-01-02 01:15:10,LINK_MARGIN,18.0621,0,none
2025-01-02 01:23:30,LINK_MARGIN,16.3722,0,none
2025-01-02 01:31:50,LINK_MARGIN,17.3781,0,none
2025-01-02 01:40:10,LINK_MARGIN,18.8826,0,none
2025-01-02 01:48:30,LINK_MARGIN,19.9848,0,none
2025-01-02 01:56:50,LINK_MARGIN,18.9663,0,none
2025-01-02 02:05:10,LINK_MARGIN,15.7437,0,none
2025-01-02 02:13:30,LINK_MARGIN,18.736,0,none
2025-01-02 02:21:50,LINK_MARGIN,15.7838,0,none
2025-01-02 02:30:10,LINK_MARGIN,18.9439,0,none
2025-01-02 02:38:30,LINK_MARGIN,19.0537,0,none
2025-01-02 02:46:50,LINK_MARGIN,17.3784,0,none
2025-01-02 02:55:10,LINK_MARGIN,19.567,0,none
2025-01-02 03:03:30,LINK_MARGIN,17.3651,0,none
2025-01-02 03:11:50,LINK_MARGIN,17.1544,0,none
2025-01-02 03:20:10,LINK_MARGIN,20.4758,0,none
2025-01-02 03:28:30,LINK_MARGIN,21.4966,0,none
2025-01-02 03:36:50,LINK_MARGIN,17.3941,0,none
2025-01-02 03:45:10,LINK_MARGIN,14.6697,0,none
2025-01-01 00:04:30,MAGNETOMETER_X,25.4314,0,none
2025-01-01 00:12:50,MAGNETOMETER_X,10.9745,0,none
2025-01-01 00:21:10,MAGNETOMETER_X,28.0575,0,none
2025-01-01 00:29:30,MAGNETOMETER_X,35.0745,0,none
2025-01-01 00:37:50,MAGNETOMETER_X,25.859,0,none
2025-01-01 00:46:10,MAGNETOMETER_X,23.905,0,none
2025-01-01 00:54:30,MAGNETOMETER_X,29.7306,0,none
2025-01-01 01:02:50,MAGNETOMETER_X,24.268,0,none
2025-01-01 01:11:10,MAGNETOMETER_X,26.5467,0,none
2025-01-01 01:19:30,MAGNETOMETER_X,32.0898,0,none
2025-01-01 01:27:50,MAGNETOMETER_X,28.7983,0,none
2025-01-01 01:36:10,MAGNETOMETER_X,24.0066,0,none
2025-01-01 01:44:30,MAGNETOMETER_X,7.3585,0,none
2025-01-01 01:52:50,MAGNETOMETER_X,22.095,0,none
2025-01-01 02:01:10,MAGNETOMETER_X,3.8404,0,none
2025-01-01 02:09:30,MAGNETOMETER_X,31.8737,0,none
2025-01-01 02:17:50,MAGNETOMETER_X,36.0978,0,none
2025-01-01 02:26:10,MAGNETOMETER_X,31.5782,0,none
2025-01-01 02:34:30,MAGNETOMETER_X,31.6838,0,none
2025-01-01 02:42:50,MAGNETOMETER_X,16.1474,0,none
2025-01-01 02:51:10,MAGNETOMETER_X,-4.7249,0,none
2025-01-01 02:59:30,MAGNETOMETER_X,33.8098,0,none
2025-01-01 03:07:50,MAGNETOMETER_X,27.2606,0,none
2025-01-01 03:16:10,MAGNETOMETER_X,17.4254,0,none
2025-01-01 03:24:30,MAGNETOMETER_X,18.5958,0,none
2025-01-01 03:32:50,MAGNETOMETER_X,6.6458,0,none
2025-01-01 03:41:10,MAGNETOMETER_X,28.297,0,none
2025-01-01 03:49:30,MAGNETOMETER_X,23.2651,0,none
2025-01-01 03:57:50,MAGNETOMETER_X,-8.0797,0,none
2025-01-01 04:06:10,MAGNETOMETER_X,29.53,0,none
2025-01-01 04:14:30,MAGNETOMETER_X,7.4509,0,none
2025-01-01 04:22:50,MAGNETOMETER_X,12.4216,0,none
2025-01-01 04:31:10,MAGNETOMETER_X,31.0074,0,none
2025-01-01 04:39:30,MAGNETOMETER_X,18.7277,0,none
2025-01-01 04:47:50,MAGNETOMETER_X,-2.077,0,none
2025-01-01 04:56:10,MAGNETOMETER_X,-27.6336,0,none
2025-01-01 05:04:30,MAGNETOMETER_X,42.9141,0,none
2025-01-01 05:12:50,MAGNETOMETER_X,-23.3685,0,none
2025-01-01 05:21:10,MAGNETOMETER_X,1.0351,0,none
2025-01-01 05:29:30,MAGNETOMETER_X,1.3741,0,none
2025-01-01 05:37:50,MAGNETOMETER_X,24.2934,0,none
2025-01-01 05:46:10,MAGNETOMETER_X,26.9908,0,none
2025-01-01 05:54:30,MAGNETOMETER_X,31.8313,0,none
2025-01-01 06:02:50,MAGNETOMETER_X,35.2234,0,none
2025-01-01 06:11:10,MAGNETOMETER_X,25.8303,0,none
2025-01-01 06:19:30,MAGNETOMETER_X,30.2231,0,none
2025-01-01 06:27:50,MAGNETOMETER_X,31.4581,0,none
2025-01-01 06:36:10,MAGNETOMETER_X,25.5714,0,none
2025-01-01 06:44:30,MAGNETOMETER_X,-10.4891,0,none
2025-01-01 06:52:50,MAGNETOMETER_X,27.2638,0,none
2025-01-01 07:01:10,MAGNETOMETER_X,-24.2089,0,none
2025-01-01 07:09:30,MAGNETOMETER_X,7.7714,0,none
2025-01-01 07:17:50,MAGNETOMETER_X,25.3605,0,none
2025-01-01 07:26:10,MAGNETOMETER_X,-3.2485,0,none
2025-01-01 07:34:30,MAGNETOMETER_X,30.3646,0,none
2025-01-01 07:42:50,MAGNETOMETER_X,-39.561,0,none
2025-01-01 07:51:10,MAGNETOMETER_X,1.7542,0,none
2025-01-01 07:59:30,MAGNETOMETER_X,-35.4529,0,none
2025-01-01 08:07:50,MAGNETOMETER_X,2.8264,0,none
2025-01-01 08:16:10,MAGNETOMETER_X,-15.9659,0,none
2025-01-01 08:24:30,MAGNETOMETER_X,16.537,0,none
2025-01-01 08:32:50,MAGNETOMETER_X,-16.4553,0,none
2025-01-01 08:41:10,MAGNETOMETER_X,27.4022,0,none
2025-01-01 08:49:30,MAGNETOMETER_X,-7.4925,0,none
2025-01-01 08:57:50,MAGNETOMETER_X,-13.0548,0,none
2025-01-01 09:06:10,MAGNETOMETER_X,-31.4299,0,none
2025-01-01 09:14:30,MAGNETOMETER_X,-13.7789,0,none
2025-01-01 09:22:50,MAGNETOMETER_X,-25.7547,0,none
2025-01-01 09:31:10,MAGNETOMETER_X,3.0797,0,none
2025-01-01 09:39:30,MAGNETOMETER_X,-19.044,0,none
2025-01-01 09:47:50,MAGNETOMETER_X,-26.2373,0,none
2025-01-01 09:56:10,MAGNETOMETER_X,-28.9166,0,none
2025-01-01 10:04:30,MAGNETOMETER_X,-29.0776,0,none
2025-01-01 10:12:50,MAGNETOMETER_X,10.0277,0,none
2025-01-01 10:21:10,MAGNETOMETER_X,-0.5202,0,none
2025-01-01 10:29:30,MAGNETOMETER_X,-26.7645,0,none
2025-01-01 10:37:50,MAGNETOMETER_X,-29.0521,0,none
2025-01-01 10:46:10,MAGNETOMETER_X,-28.162,0,none
2025-01-01 10:54:30,MAGNETOMETER_X,-41.1619,0,none
2025-01-01 11:02:50,MAGNETOMETER_X,-23.9794,0,none
2025-01-01 11:11:10,MAGNETOMETER_X,-34.6807,0,none
2025-01-01 11:19:30,MAGNETOMETER_X,2.2843,0,none
2025-01-01 11:27:50,MAGNETOMETER_X,-25.8652,0,none
2025-01-01 11:36:10,MAGNETOMETER_X,-34.4137,0,none
2025-01-01 11:44:30,MAGNETOMETER_X,-22.2976,0,none
2025-01-01 11:52:50,MAGNETOMETER_X,-3.5642,0,none
2025-01-01 12:01:10,MAGNETOMETER_X,-17.7783,0,none
2025-01-01 12:09:30,MAGNETOMETER_X,-7.1728,0,none
2025-01-01 12:17:50,MAGNETOMETER_X,-31.7955,0,none
2025-01-01 12:26:10,MAGNETOMETER_X,-18.0782,0,none
2025-01-01 12:34:30,MAGNETOMETER_X,2.5716,0,none
2025-01-01 12:42:50,MAGNETOMETER_X,-33.409,0,none
2025-01-01 12:51:10,MAGNETOMETER_X,-19.5529,0,none
2025-01-01 12:59:30,MAGNETOMETER_X,-16.3141,0,none
2025-01-01 13:07:50,MAGNETOMETER_X,8.887,0,none
2025-01-01 13:16:10,MAGNETOMETER_X,-31.2685,0,none
2025-01-01 13:24:30,MAGNETOMETER_X,-24.3115,0,none
2025-01-01 13:32:50,MAGNETOMETER_X,0.383,0,none
2025-01-01 13:41:10,MAGNETOMETER_X,-26.0764,0,none
2025-01-01 13:49:30,MAGNETOMETER_X,-19.0701,0,none
2025-01-01 13:57:50,MAGNETOMETER_X,-28.2451,0,none
2025-01-01 14:06:10,MAGNETOMETER_X,-21.6989,0,none
2025-01-01 14:14:30,MAGNETOMETER_X,-24.7882,0,none
2025-01-01 14:22:50,MAGNETOMETER_X,-23.6715,0,none
2025-01-01 14:31:10,MAGNETOMETER_X,-11.9334,0,none
2025-01-01 14:39:30,MAGNETOMETER_X,-8.6629,0,none
2025-01-01 14:47:50,MAGNETOMETER_X,-29.7168,0,none
2025-01-01 14:56:10,MAGNETOMETER_X,3.2152,0,none
2025-01-01 15:04:30,MAGNETOMETER_X,-19.3145,0,none
2025-01-01 15:12:50,MAGNETOMETER_X,-12.0469,0,none
2025-01-01 15:21:10,MAGNETOMETER_X,-13.1412,0,none
2025-01-01 15:29:30,MAGNETOMETER_X,-33.1149,0,none
2025-01-01 15:37:50,MAGNETOMETER_X,-19.7761,0,none
2025-01-01 15:46:10,MAGNETOMETER_X,-26.7673,0,none
2025-01-01 15:54:30,MAGNETOMETER_X,-12.7227,0,none
2025-01-01 16:02:50,MAGNETOMETER_X,-21.2663,0,none
2025-01-01 16:11:10,MAGNETOMETER_X,-31.4951,0,none
2025-01-01 16:19:30,MAGNETOMETER_X,-32.6332,0,none
2025-01-01 16:27:50,MAGNETOMETER_X,22.108,0,none
2025-01-01 16:36:10,MAGNETOMETER_X,-32.7294,0,none
2025-01-01 16:44:30,MAGNETOMETER_X,8.8221,0,none
2025-01-01 16:52:50,MAGNETOMETER_X,-22.6657,0,none
2025-01-01 17:01:10,MAGNETOMETER_X,5.5084,0,none
2025-01-01 17:09:30,MAGNETOMETER_X,0.2208,0,none
2025-01-01 17:17:50,MAGNETOMETER_X,-22.7266,0,none
2025-01-01 17:26:10,MAGNETOMETER_X,-23.153,0,none
2025-01-01 17:34:30,MAGNETOMETER_X,-30.2774,0,none
2025-01-01 17:42:50,MAGNETOMETER_X,-23.1731,0,none
2025-01-01 17:51:10,MAGNETOMETER_X,-31.0052,0,none
2025-01-01 17:59:30,MAGNETOMETER_X,13.6697,0,none
2025-01-01 18:07:50,MAGNETOMETER_X,-6.8656,0,none
2025-01-01 18:16:10,MAGNETOMETER_X,18.3358,0,none
2025-01-01 18:24:30,MAGNETOMETER_X,-26.4145,0,none
2025-01-01 18:32:50,MAGNETOMETER_X,9.0426,0,none
2025-01-01 18:41:10,MAGNETOMETER_X,8.2788,0,none
2025-01-01 18:49:30,MAGNETOMETER_X,1.1002,0,none
2025-01-01 18:57:50,MAGNETOMETER_X,-26.1442,0,none
2025-01-01 19:06:10,MAGNETOMETER_X,-36.6895,0,none
2025-01-01 19:14:30,MAGNETOMETER_X,-10.1074,0,none
2025-01-01 19:22:50,MAGNETOMETER_X,-30.874,0,none
2025-01-01 19:31:10,MAGNETOMETER_X,9.733,0,none
2025-01-01 19:39:30,MAGNETOMETER_X,-5.0757,0,none
2025-01-01 19:47:50,MAGNETOMETER_X,-6.6528,0,none
2025-01-01 19:56:10,MAGNETOMETER_X,-35.6327,0,none
2025-01-01 20:04:30,MAGNETOMETER_X,17.6092,0,none
2025-01-01 20:12:50,MAGNETOMETER_X,-21.0954,0,none
2025-01-01 20:21:10,MAGNETOMETER_X,27.3257,0,none
2025-01-01 20:29:30,MAGNETOMETER_X,-24.6499,0,none
2025-01-01 20:37:50,MAGNETOMETER_X,-29.3763,0,none
2025-01-01 20:46:10,MAGNETOMETER_X,-23.3044,0,none
2025-01-01 20:54:30,MAGNETOMETER_X,8.7362,0,none
2025-01-01 21:02:50,MAGNETOMETER_X,-3.061,0,none
2025-01-01 21:11:10,MAGNETOMETER_X,5.9103,0,none
2025-01-01 21:19:30,MAGNETOMETER_X,22.72,0,none
2025-01-01 21:27:50,MAGNETOMETER_X,-11.3276,0,none
2025-01-01 21:36:10,MAGNETOMETER_X,33.3214,0,none
2025-01-01 21:44:30,MAGNETOMETER_X,-17.9282,0,none
2025-01-01 21:52:50,MAGNETOMETER_X,-4.3896,0,none
2025-01-01 22:01:10,MAGNETOMETER_X,26.1495,0,none
2025-01-01 22:09:30,MAGNETOMETER_X,-8.7934,0,none
2025-01-01 22:17:50,MAGNETOMETER_X,24.9915,0,none
2025-01-01 22:26:10,MAGNETOMETER_X,-29.9867,0,none
2025-01-01 22:34:30,MAGNETOMETER_X,29.4271,0,none
2025-01-01 22:42:50,MAGNETOMETER_X,-9.6169,0,none
2025-01-01 22:51:10,MAGNETOMETER_X,12.6478,0,none
2025-01-01 22:59:30,MAGNETOMETER_X,33.98,0,none
2025-01-01 23:07:50,MAGNETOMETER_X,-17.4919,0,none
2025-01-01 23:16:10,MAGNETOMETER_X,-18.0199,0,none
2025-01-01 23:24:30,MAGNETOMETER_X,20.6029,0,none
2025-01-01 23:32:50,MAGNETOMETER_X,-1.3034,0,none
2025-01-01 23:41:10,MAGNETOMETER_X,10.659,0,none
2025-01-01 23:49:30,MAGNETOMETER_X,-15.7606,0,none
2025-01-01 23:57:50,MAGNETOMETER_X,37.9081,0,none
2025-01-02 00:06:10,MAGNETOMETER_X,7.6288,0,none
2025-01-02 00:14:30,MAGNETOMETER_X,30.1014,0,none
2025-01-02 00:22:50,MAGNETOMETER_X,27.3581,0,none
2025-01-02 00:31:10,MAGNETOMETER_X,24.3486,0,none
2025-01-02 00:39:30,MAGNETOMETER_X,-15.9562,0,none
2025-01-02 00:47:50,MAGNETOMETER_X,-22.0183,0,none
2025-01-02 00:56:10,MAGNETOMETER_X,27.9532,0,none
2025-01-02 01:04:30,MAGNETOMETER_X,-7.8878,0,none
2025-01-02 01:12:50,MAGNETOMETER_X,15.2741,0,none
2025-01-02 01:21:10,MAGNETOMETER_X,19.0677,0,none
2025-01-02 01:29:30,MAGNETOMETER_X,27.8622,0,none
2025-01-02 01:37:50,MAGNETOMETER_X,24.0454,0,none
2025-01-02 01:46:10,MAGNETOMETER_X,28.6373,0,none
2025-01-02 01:54:30,MAGNETOMETER_X,5.5256,0,none
2025-01-02 02:02:50,MAGNETOMETER_X,17.2072,0,none
2025-01-02 02:11:10,MAGNETOMETER_X,13.3103,0,none
2025-01-02 02:19:30,MAGNETOMETER_X,0.3685,0,none
2025-01-02 02:27:50,MAGNETOMETER_X,35.5542,0,none
2025-01-02 02:36:10,MAGNETOMETER_X,-5.0075,0,none
2025-01-02 02:44:30,MAGNETOMETER_X,27.5535,0,none
2025-01-02 02:52:50,MAGNETOMETER_X,13.845,0,none
2025-01-02 03:01:10,MAGNETOMETER_X,19.4922,0,none
2025-01-02 03:09:30,MAGNETOMETER_X,22.8436,0,none
2025-01-02 03:17:50,MAGNETOMETER_X,39.2451,0,none
2025-01-02 03:26:10,MAGNETOMETER_X,22.003,0,none
2025-01-02 03:34:30,MAGNETOMETER_X,23.5936,0,none
2025-01-02 03:42:50,MAGNETOMETER_X,6.0246,0,none
2025-01-01 00:04:40,MAGNETOMETER_Y,16.1212,0,none
2025-01-01 00:13:00,MAGNETOMETER_Y,26.8819,0,none
2025-01-01 00:21:20,MAGNETOMETER_Y,20.6058,0,none
2025-01-01 00:29:40,MAGNETOMETER_Y,31.5487,0,none
2025-01-01 00:38:00,MAGNETOMETER_Y,22.1442,0,none
2025-01-01 00:46:20,MAGNETOMETER_Y,32.9603,0,none
2025-01-01 00:54:40,MAGNETOMETER_Y,32.2739,0,none
2025-01-01 01:03:00,MAGNETOMETER_Y,25.1089,0,none
2025-01-01 01:11:20,MAGNETOMETER_Y,7.8161,0,none
2025-01-01 01:19:40,MAGNETOMETER_Y,7.8871,0,none
2025-01-01 01:28:00,MAGNETOMETER_Y,5.2536,0,none
2025-01-01 01:36:20,MAGNETOMETER_Y,20.6267,0,none
2025-01-01 01:44:40,MAGNETOMETER_Y,27.3821,0,none
2025-01-01 01:53:00,MAGNETOMETER_Y,20.2677,0,none
2025-01-01 02:01:20,MAGNETOMETER_Y,34.8337,0,none
2025-01-01 02:09:40,MAGNETOMETER_Y,27.1645,0,none
2025-01-01 02:18:00,MAGNETOMETER_Y,18.2688,0,none
2025-01-01 02:26:20,MAGNETOMETER_Y,21.6386,0,none
2025-01-01 02:34:40,MAGNETOMETER_Y,25.6407,0,none
2025-01-01 02:43:00,MAGNETOMETER_Y,1.9052,0,none
2025-01-01 02:51:20,MAGNETOMETER_Y,29.178,0,none
2025-01-01 02:59:40,MAGNETOMETER_Y,33.0707,0,none
2025-01-01 03:08:00,MAGNETOMETER_Y,31.5947,0,none
2025-01-01 03:16:20,MAGNETOMETER_Y,33.7145,0,none
2025-01-01 03:24:40,MAGNETOMETER_Y,18.8991,0,none
2025-01-01 03:33:00,MAGNETOMETER_Y,-1.2161,0,none
2025-01-01 03:41:20,MAGNETOMETER_Y,25.9425,0,none
2025-01-01 03:49:40,MAGNETOMETER_Y,3.1168,0,none
2025-01-01 03:58:00,MAGNETOMETER_Y,23.6703,0,none
2025-01-01 04:06:20,MAGNETOMETER_Y,24.0683,0,none
2025-01-01 04:14:40,MAGNETOMETER_Y,-15.0011,0,none
2025-01-01 04:23:00,MAGNETOMETER_Y,25.6384,0,none
2025-01-01 04:31:20,MAGNETOMETER_Y,33.0723,0,none
2025-01-01 04:39:40,MAGNETOMETER_Y,30.5376,0,none
2025-01-01 04:48:00,MAGNETOMETER_Y,-1.0363,0,none
2025-01-01 04:56:20,MAGNETOMETER_Y,32.8845,0,none
2025-01-01 05:04:40,MAGNETOMETER_Y,14.7717,0,none
2025-01-01 05:13:00,MAGNETOMETER_Y,41.6259,0,none
2025-01-01 05:21:20,MAGNETOMETER_Y,-19.4766,0,none
2025-01-01 05:29:40,MAGNETOMETER_Y,25.1286,0,none
2025-01-01 05:38:00,MAGNETOMETER_Y,8.6031,0,none
2025-01-01 05:46:20,MAGNETOMETER_Y,-23.5527,0,none
2025-01-01 05:54:40,MAGNETOMETER_Y,31.0669,0,none
2025-01-01 06:03:00,MAGNETOMETER_Y,11.9998,0,none
2025-01-01 06:11:20,MAGNETOMETER_Y,10.2919,0,none
2025-01-01 06:19:40,MAGNETOMETER_Y,9.5243,0,none
2025-01-01 06:28:00,MAGNETOMETER_Y,29.5268,0,none
2025-01-01 06:36:20,MAGNETOMETER_Y,22.3557,0,none
2025-01-01 06:44:40,MAGNETOMETER_Y,-16.4029,0,none
2025-01-01 06:53:00,MAGNETOMETER_Y,-7.311,0,none
2025-01-01 07:01:20,MAGNETOMETER_Y,-35.2248,0,none
2025-01-01 07:09:40,MAGNETOMETER_Y,37.8641,0,none
2025-01-01 07:18:00,MAGNETOMETER_Y,-28.0802,0,none
2025-01-01 07:26:20,MAGNETOMETER_Y,-20.8185,0,none
2025-01-01 07:34:40,MAGNETOMETER_Y,-17.5404,0,none
2025-01-01 07:43:00,MAGNETOMETER_Y,-4.1371,0,none
2025-01-01 07:51:20,MAGNETOMETER_Y,11.0774,0,none
2025-01-01 07:59:40,MAGNETOMETER_Y,-9.2092,0,none
2025-01-01 08:08:00,MAGNETOMETER_Y,-28.4758,0,none
2025-01-01 08:16:20,MAGNETOMETER_Y,-33.5056,0,none
2025-01-01 08:24:40,MAGNETOMETER_Y,-23.4781,0,none
2025-01-01 08:33:00,MAGNETOMETER_Y,15.8517,0,none
2025-01-01 08:41:20,MAGNETOMETER_Y,5.6536,0,none
2025-01-01 08:49:40,MAGNETOMETER_Y,-2.7806,0,none
2025-01-01 08:58:00,MAGNETOMETER_Y,20.7356,0,none
2025-01-01 09:06:20,MAGNETOMETER_Y,-1.1486,0,none
2025-01-01 09:14:40,MAGNETOMETER_Y,13.6332,0,none
2025-01-01 09:23:00,MAGNETOMETER_Y,-29.626,0,none
2025-01-01 09:31:20,MAGNETOMETER_Y,-1.7297,0,none
2025-01-01 09:39:40,MAGNETOMETER_Y,-32.2216,0,none
2025-01-01 09:48:00,MAGNETOMETER_Y,-16.5076,0,none
2025-01-01 09:56:20,MAGNETOMETER_Y,-17.881,0,none
2025-01-01 10:04:40,MAGNETOMETER_Y,-32.9447,0,none
2025-01-01 10:13:00,MAGNETOMETER_Y,-31.4083,0,none
2025-01-01 10:21:20,MAGNETOMETER_Y,-30.331,0,none
2025-01-01 10:29:40,MAGNETOMETER_Y,-27.1811,0,none
2025-01-01 10:38:00,MAGNETOMETER_Y,-26.4045,0,none
2025-01-01 10:46:20,MAGNETOMETER_Y,-31.1668,0,none
2025-01-01 10:54:40,MAGNETOMETER_Y,-15.0905,0,none
2025-01-01 11:03:00,MAGNETOMETER_Y,11.2718,0,none
2025-01-01 11:11:20,MAGNETOMETER_Y,-32.0703,0,none
2025-01-01 11:19:40,MAGNETOMETER_Y,-12.9624,0,none
2025-01-01 11:28:00,MAGNETOMETER_Y,-24.4221,0,none
2025-01-01 11:36:20,MAGNETOMETER_Y,-22.0904,0,none
2025-01-01 11:44:40,MAGNETOMETER_Y,-32.2643,0,none
2025-01-01 11:53:00,MAGNETOMETER_Y,-32.0014,0,none
2025-01-01 12:01:20,MAGNETOMETER_Y,-13.5989,0,none
2025-01-01 12:09:40,MAGNETOMETER_Y,-17.7053,0,none
2025-01-01 12:18:00,MAGNETOMETER_Y,-29.229,0,none
2025-01-01 12:26:20,MAGNETOMETER_Y,1.7886,0,none
2025-01-01 12:34:40,MAGNETOMETER_Y,-20.1573,0,none
2025-01-01 12:43:00,MAGNETOMETER_Y,-27.969,0,none
2025-01-01 12:51:20,MAGNETOMETER_Y,-27.016,0,none
2025-01-01 12:59:40,MAGNETOMETER_Y,-23.9831,0,none
2025-01-01 13:08:00,MAGNETOMETER_Y,-22.1427,0,none
2025-01-01 13:16:20,MAGNETOMETER_Y,-3.115,0,none
2025-01-01 13:24:40,MAGNETOMETER_Y,-16.718,0,none
2025-01-01 13:33:00,MAGNETOMETER_Y,-19.4854,0,none
2025-01-01 13:41:20,MAGNETOMETER_Y,-28.889,0,none
2025-01-01 13:49:40,MAGNETOMETER_Y,-18.6693,0,none
2025-01-01 13:58:00,MAGNETOMETER_Y,-10.4819,0,none
2025-01-01 14:06:20,MAGNETOMETER_Y,-22.5435,0,none
2025-01-01 14:14:40,MAGNETOMETER_Y,-26.092,0,none
2025-01-01 14:23:00,MAGNETOMETER_Y,-16.9046,0,none
2025-01-01 14:31:20,MAGNETOMETER_Y,-2.1235,0,none
2025-01-01 14:39:40,MAGNETOMETER_Y,-25.2938,0,none
2025-01-01 14:48:00,MAGNETOMETER_Y,-20.4161,0,none
2025-01-01 14:56:20,MAGNETOMETER_Y,-18.3145,0,none
2025-01-01 15:04:40,MAGNETOMETER_Y,-23.2293,0,none
2025-01-01 15:13:00,MAGNETOMETER_Y,-17.2298,0,none
2025-01-01 15:21:20,MAGNETOMETER_Y,-9.1669,0,none
2025-01-01 15:29:40,MAGNETOMETER_Y,-15.2682,0,none
2025-01-01 15:38:00,MAGNETOMETER_Y,-28.5363,0,none
2025-01-01 15:46:20,MAGNETOMETER_Y,-18.2296,0,none
2025-01-01 15:54:40,MAGNETOMETER_Y,-23.8081,0,none
2025-01-01 16:03:00,MAGNETOMETER_Y,-28.3554,0,none
2025-01-01 16:11:20,MAGNETOMETER_Y,-30.6331,0,none
2025-01-01 16:19:40,MAGNETOMETER_Y,-25.0372,0,none
2025-01-01 16:28:00,MAGNETOMETER_Y,-32.4199,0,none
2025-01-01 16:36:20,MAGNETOMETER_Y,14.247,0,none
2025-01-01 16:44:40,MAGNETOMETER_Y,-28.807,0,none
2025-01-01 16:53:00,MAGNETOMETER_Y,-34.947,0,none
2025-01-01 17:01:20,MAGNETOMETER_Y,-33.0058,0,none
2025-01-01 17:09:40,MAGNETOMETER_Y,-25.0879,0,none
2025-01-01 17:18:00,MAGNETOMETER_Y,-27.9101,0,none
2025-01-01 17:26:20,MAGNETOMETER_Y,-33.3771,0,none
2025-01-01 17:34:40,MAGNETOMETER_Y,-2.9675,0,none
2025-01-01 17:43:00,MAGNETOMETER_Y,-29.5118,0,none
2025-01-01 17:51:20,MAGNETOMETER_Y,-22.2296,0,none
2025-01-01 17:59:40,MAGNETOMETER_Y,-1.4757,0,none
2025-01-01 18:08:00,MAGNETOMETER_Y,-23.0767,0,none
2025-01-01 18:16:20,MAGNETOMETER_Y,-28.7385,0,none
2025-01-01 18:24:40,MAGNETOMETER_Y,-33.2762,0,none
2025-01-01 18:33:00,MAGNETOMETER_Y,0.2045,0,none
2025-01-01 18:41:20,MAGNETOMETER_Y,16.7537,0,none
2025-01-01 18:49:40,MAGNETOMETER_Y,-12.1663,0,none
2025-01-01 18:58:00,MAGNETOMETER_Y,-23.4611,0,none
2025-01-01 19:06:20,MAGNETOMETER_Y,-7.1727,0,none
2025-01-01 19:14:40,MAGNETOMETER_Y,-26.2112,0,none
2025-01-01 19:23:00,MAGNETOMETER_Y,-27.6507,0,none
2025-01-01 19:31:20,MAGNETOMETER_Y,25.7121,0,none
2025-01-01 19:39:40,MAGNETOMETER_Y,-4.0186,0,none
2025-01-01 19:48:00,MAGNETOMETER_Y,-35.2097,0,none
2025-01-01 19:56:20,MAGNETOMETER_Y,-27.4583,0,none
2025-01-01 20:04:40,MAGNETOMETER_Y,-1.8345,0,none
2025-01-01 20:13:00,MAGNETOMETER_Y,-28.861,0,none
2025-01-01 20:21:20,MAGNETOMETER_Y,-18.2255,0,none
2025-01-01 20:29:40,MAGNETOMETER_Y,5.3611,0,none
2025-01-01 20:38:00,MAGNETOMETER_Y,-20.0829,0,none
2025-01-01 20:46:20,MAGNETOMETER_Y,6.4615,0,none
2025-01-01 20:54:40,MAGNETOMETER_Y,19.8823,0,none
2025-01-01 21:03:00,MAGNETOMETER_Y,1.1177,0,none
2025-01-01 21:11:20,MAGNETOMETER_Y,-8.5762,0,none
2025-01-01 21:19:40,MAGNETOMETER_Y,3.2289,0,none
2025-01-01 21:28:00,MAGNETOMETER_Y,16.5998,0,none
2025-01-01 21:36:20,MAGNETOMETER_Y,-22.4065,0,none
2025-01-01 21:44:40,MAGNETOMETER_Y,-41.3704,0,none
2025-01-01 21:53:00,MAGNETOMETER_Y,-10.0475,0,none
2025-01-01 22:01:20,MAGNETOMETER_Y,-19.711,0,none
2025-01-01 22:09:40,MAGNETOMETER_Y,22.5567,0,none
2025-01-01 22:18:00,MAGNETOMETER_Y,27.6135,0,none
2025-01-01 22:26:20,MAGNETOMETER_Y,30.1571,0,none
2025-01-01 22:34:40,MAGNETOMETER_Y,36.5145,0,none
2025-01-01 22:43:00,MAGNETOMETER_Y,15.9905,0,none
2025-01-01 22:51:20,MAGNETOMETER_Y,31.5291,0,none
2025-01-01 22:59:40,MAGNETOMETER_Y,29.6016,0,none
2025-01-01 23:08:00,MAGNETOMETER_Y,8.1206,0,none
2025-01-01 23:16:20,MAGNETOMETER_Y,-19.3907,0,none
2025-01-01 23:24:40,MAGNETOMETER_Y,-10.2559,0,none
2025-01-01 23:33:00,MAGNETOMETER_Y,-17.5649,0,none
2025-01-01 23:41:20,MAGNETOMETER_Y,13.0453,0,none
2025-01-01 23:49:40,MAGNETOMETER_Y,32.213,0,none
2025-01-01 23:58:00,MAGNETOMETER_Y,30.8936,0,none
2025-01-02 00:06:20,MAGNETOMETER_Y,16.5138,0,none
2025-01-02 00:14:40,MAGNETOMETER_Y,24.5417,0,none
2025-01-02 00:23:00,MAGNETOMETER_Y,-19.9683,0,none
2025-01-02 00:31:20,MAGNETOMETER_Y,24.3375,0,none
2025-01-02 00:39:40,MAGNETOMETER_Y,29.5313,0,none
2025-01-02 00:48:00,MAGNETOMETER_Y,16.8724,0,none
2025-01-02 00:56:20,MAGNETOMETER_Y,21.4744,0,none
2025-01-02 01:04:40,MAGNETOMETER_Y,-13.2275,0,none
2025-01-02 01:13:00,MAGNETOMETER_Y,14.4819,0,none
2025-01-02 01:21:20,MAGNETOMETER_Y,36.6095,0,none
2025-01-02 01:29:40,MAGNETOMETER_Y,32.0848,0,none
2025-01-02 01:38:00,MAGNETOMETER_Y,13.315,0,none
2025-01-02 01:46:20,MAGNETOMETER_Y,24.1981,0,none
2025-01-02 01:54:40,MAGNETOMETER_Y,2.0269,0,none
2025-01-02 02:03:00,MAGNETOMETER_Y,30.8763,0,none
2025-01-02 02:11:20,MAGNETOMETER_Y,-10.5147,0,none
2025-01-02 02:19:40,MAGNETOMETER_Y,-5.3745,0,none
2025-01-02 02:28:00,MAGNETOMETER_Y,30.8919,0,none
2025-01-02 02:36:20,MAGNETOMETER_Y,34.996,0,none
2025-01-02 02:44:40,MAGNETOMETER_Y,22.1151,0,none
2025-01-02 02:53:00,MAGNETOMETER_Y,8.1374,0,none
2025-01-02 03:01:20,MAGNETOMETER_Y,6.9496,0,none
2025-01-02 03:09:40,MAGNETOMETER_Y,12.1254,0,none
2025-01-02 03:18:00,MAGNETOMETER_Y,-0.1796,0,none
2025-01-02 03:26:20,MAGNETOMETER_Y,24.3128,0,none
2025-01-02 03:34:40,MAGNETOMETER_Y,12.445,0,none
2025-01-02 03:43:00,MAGNETOMETER_Y,6.7376,0,none
2025-01-01 00:04:50,MAGNETOMETER_Z,26.4624,0,none
2025-01-01 00:13:10,MAGNETOMETER_Z,13.1253,0,none
2025-01-01 00:21:30,MAGNETOMETER_Z,4.1636,0,none
2025-01-01 00:29:50,MAGNETOMETER_Z,12.7789,0,none
2025-01-01 00:38:10,MAGNETOMETER_Z,21.8139,0,none
2025-01-01 00:46:30,MAGNETOMETER_Z,21.3728,0,none
2025-01-01 00:54:50,MAGNETOMETER_Z,7.3135,0,none
2025-01-01 01:03:10,MAGNETOMETER_Z,20.8751,0,none
2025-01-01 01:11:30,MAGNETOMETER_Z,24.5407,0,none
2025-01-01 01:19:50,MAGNETOMETER_Z,20.9285,0,none
2025-01-01 01:28:10,MAGNETOMETER_Z,23.6422,0,none
2025-01-01 01:36:30,MAGNETOMETER_Z,21.0618,0,none
2025-01-01 01:44:50,MAGNETOMETER_Z,31.574,0,none
2025-01-01 01:53:10,MAGNETOMETER_Z,32.9952,0,none
2025-01-01 02:01:30,MAGNETOMETER_Z,6.8739,0,none
2025-01-01 02:09:50,MAGNETOMETER_Z,4.0472,0,none
2025-01-01 02:18:10,MAGNETOMETER_Z,19.0405,0,none
2025-01-01 02:26:30,MAGNETOMETER_Z,26.6087,0,none
2025-01-01 02:34:50,MAGNETOMETER_Z,35.9877,0,none
2025-01-01 02:43:10,MAGNETOMETER_Z,10.1626,0,none
2025-01-01 02:51:30,MAGNETOMETER_Z,-3.5867,0,none
2025-01-01 02:59:50,MAGNETOMETER_Z,24.9815,0,none
2025-01-01 03:08:10,MAGNETOMETER_Z,18.5754,0,none
2025-01-01 03:16:30,MAGNETOMETER_Z,-24.8737,0,none
2025-01-01 03:24:50,MAGNETOMETER_Z,31.4492,0,none
2025-01-01 03:33:10,MAGNETOMETER_Z,15.6223,0,none
2025-01-01 03:41:30,MAGNETOMETER_Z,27.9499,0,none
2025-01-01 03:49:50,MAGNETOMETER_Z,27.0373,0,none
2025-01-01 03:58:10,MAGNETOMETER_Z,-16.5665,0,none
2025-01-01 04:06:30,MAGNETOMETER_Z,15.715,0,none
2025-01-01 04:14:50,MAGNETOMETER_Z,33.7931,0,none
2025-01-01 04:23:10,MAGNETOMETER_Z,26.5675,0,none
2025-01-01 04:31:30,MAGNETOMETER_Z,9.8178,0,none
2025-01-01 04:39:50,MAGNETOMETER_Z,23.6171,0,none
2025-01-01 04:48:10,MAGNETOMETER_Z,23.7795,0,none
2025-01-01 04:56:30,MAGNETOMETER_Z,11.5662,0,none
2025-01-01 05:04:50,MAGNETOMETER_Z,13.2831,0,none
2025-01-01 05:13:10,MAGNETOMETER_Z,1.3873,0,none
2025-01-01 05:21:30,MAGNETOMETER_Z,29.6975,0,none
2025-01-01 05:29:50,MAGNETOMETER_Z,24.1637,0,none
2025-01-01 05:38:10,MAGNETOMETER_Z,20.7704,0,none
2025-01-01 05:46:30,MAGNETOMETER_Z,32.2329,0,none
2025-01-01 05:54:50,MAGNETOMETER_Z,28.694,0,none
2025-01-01 06:03:10,MAGNETOMETER_Z,-7.1401,0,none
2025-01-01 06:11:30,MAGNETOMETER_Z,28.6217,0,none
2025-01-01 06:19:50,MAGNETOMETER_Z,30.0466,0,none
2025-01-01 06:28:10,MAGNETOMETER_Z,-12.0184,0,none
2025-01-01 06:36:30,MAGNETOMETER_Z,12.4191,0,none
2025-01-01 06:44:50,MAGNETOMETER_Z,9.95,0,none
2025-01-01 06:53:10,MAGNETOMETER_Z,-27.9375,0,none
2025-01-01 07:01:30,MAGNETOMETER_Z,-20.6969,0,none
2025-01-01 07:09:50,MAGNETOMETER_Z,1.0848,0,none
2025-01-01 07:18:10,MAGNETOMETER_Z,-26.2364,0,none
2025-01-01 07:26:30,MAGNETOMETER_Z,25.0557,0,none
2025-01-01 07:34:50,MAGNETOMETER_Z,-18.1664,0,none
2025-01-01 07:43:10,MAGNETOMETER_Z,2.6044,0,none
2025-01-01 07:51:30,MAGNETOMETER_Z,-35.9472,0,none
2025-01-01 07:59:50,MAGNETOMETER_Z,-25.9052,0,none
2025-01-01 08:08:10,MAGNETOMETER_Z,-26.3764,0,none
2025-01-01 08:16:30,MAGNETOMETER_Z,16.1542,0,none
2025-01-01 08:24:50,MAGNETOMETER_Z,13.0332,0,none
2025-01-01 08:33:10,MAGNETOMETER_Z,20.5503,0,none
2025-01-01 08:41:30,MAGNETOMETER_Z,27.9606,0,none
2025-01-01 08:49:50,MAGNETOMETER_Z,23.963,0,none
2025-01-01 08:58:10,MAGNETOMETER_Z,-30.9881,0,none
2025-01-01 09:06:30,MAGNETOMETER_Z,11.3855,0,none
2025-01-01 09:14:50,MAGNETOMETER_Z,-29.6241,0,none
2025-01-01 09:23:10,MAGNETOMETER_Z,-15.3773,0,none
2025-01-01 09:31:30,MAGNETOMETER_Z,-17.8342,0,none
2025-01-01 09:39:50,MAGNETOMETER_Z,-43.5512,0,none
2025-01-01 09:48:10,MAGNETOMETER_Z,0.1451,0,none
2025-01-01 09:56:30,MAGNETOMETER_Z,14.215,0,none
2025-01-01 10:04:50,MAGNETOMETER_Z,-20.3447,0,none
2025-01-01 10:13:10,MAGNETOMETER_Z,-19.2134,0,none
2025-01-01 10:21:30,MAGNETOMETER_Z,-27.225,0,none
2025-01-01 10:29:50,MAGNETOMETER_Z,-21.5224,0,none
2025-01-01 10:38:10,MAGNETOMETER_Z,-14.4401,0,none
2025-01-01 10:46:30,MAGNETOMETER_Z,-24.1959,0,none
2025-01-01 10:54:50,MAGNETOMETER_Z,28.0701,0,none
2025-01-01 11:03:10,MAGNETOMETER_Z,2.6327,0,none
2025-01-01 11:11:30,MAGNETOMETER_Z,-24.4159,0,none
2025-01-01 11:19:50,MAGNETOMETER_Z,-29.2657,0,none
2025-01-01 11:28:10,MAGNETOMETER_Z,-25.2888,0,none
2025-01-01 11:36:30,MAGNETOMETER_Z,0.1818,0,none
2025-01-01 11:44:50,MAGNETOMETER_Z,-24.3704,0,none
2025-01-01 11:53:10,MAGNETOMETER_Z,2.687,0,none
2025-01-01 12:01:30,MAGNETOMETER_Z,-34.721,0,none
2025-01-01 12:09:50,MAGNETOMETER_Z,-33.5608,0,none
2025-01-01 12:18:10,MAGNETOMETER_Z,-11.1918,0,none
2025-01-01 12:26:30,MAGNETOMETER_Z,-33.0696,0,none
2025-01-01 12:34:50,MAGNETOMETER_Z,-0.9669,0,none
2025-01-01 12:43:10,MAGNETOMETER_Z,-26.4917,0,none
2025-01-01 12:51:30,MAGNETOMETER_Z,-32.0446,0,none
2025-01-01 12:59:50,MAGNETOMETER_Z,-13.775,0,none
2025-01-01 13:08:10,MAGNETOMETER_Z,-18.5656,0,none
2025-01-01 13:16:30,MAGNETOMETER_Z,-17.7056,0,none
2025-01-01 13:24:50,MAGNETOMETER_Z,-22.9333,0,none
2025-01-01 13:33:10,MAGNETOMETER_Z,-23.941,0,none
2025-01-01 13:41:30,MAGNETOMETER_Z,-34.0586,0,none
2025-01-01 13:49:50,MAGNETOMETER_Z,-26.9707,0,none
2025-01-01 13:58:10,MAGNETOMETER_Z,-12.3643,0,none
2025-01-01 14:06:30,MAGNETOMETER_Z,-13.7182,0,none
2025-01-01 14:14:50,MAGNETOMETER_Z,-0.0841,0,none
2025-01-01 14:23:10,MAGNETOMETER_Z,-2.8163,0,none
2025-01-01 14:31:30,MAGNETOMETER_Z,-20.7833,0,none
2025-01-01 14:39:50,MAGNETOMETER_Z,-17.3119,0,none
2025-01-01 14:48:10,MAGNETOMETER_Z,-29.0371,0,none
2025-01-01 14:56:30,MAGNETOMETER_Z,-24.8393,0,none
2025-01-01 15:04:50,MAGNETOMETER_Z,-30.9127,0,none
2025-01-01 15:13:10,MAGNETOMETER_Z,-20.7255,0,none
2025-01-01 15:21:30,MAGNETOMETER_Z,-36.0174,0,none
2025-01-01 15:29:50,MAGNETOMETER_Z,1.4004,0,none
2025-01-01 15:38:10,MAGNETOMETER_Z,7.3015,0,none
2025-01-01 15:46:30,MAGNETOMETER_Z,-4.3369,0,none
2025-01-01 15:54:50,MAGNETOMETER_Z,-25.892,0,none
2025-01-01 16:03:10,MAGNETOMETER_Z,-20.084,0,none
2025-01-01 16:11:30,MAGNETOMETER_Z,-32.067,0,none
2025-01-01 16:19:50,MAGNETOMETER_Z,-20.034,0,none
2025-01-01 16:28:10,MAGNETOMETER_Z,-36.791,0,none
2025-01-01 16:36:30,MAGNETOMETER_Z,10.1153,0,none
2025-01-01 16:44:50,MAGNETOMETER_Z,-15.8015,0,none
2025-01-01 16:53:10,MAGNETOMETER_Z,4.0575,0,none
2025-01-01 17:01:30,MAGNETOMETER_Z,-27.4831,0,none
2025-01-01 17:09:50,MAGNETOMETER_Z,-33.1855,0,none
2025-01-01 17:18:10,MAGNETOMETER_Z,-25.363,0,none
2025-01-01 17:26:30,MAGNETOMETER_Z,13.8536,0,none
2025-01-01 17:34:50,MAGNETOMETER_Z,-20.8398,0,none
2025-01-01 17:43:10,MAGNETOMETER_Z,15.0982,0,none
2025-01-01 17:51:30,MAGNETOMETER_Z,-31.9734,0,none
2025-01-01 17:59:50,MAGNETOMETER_Z,-47.8548,0,none
2025-01-01 18:08:10,MAGNETOMETER_Z,-27.6353,0,none
2025-01-01 18:16:30,MAGNETOMETER_Z,-14.8648,0,none
2025-01-01 18:24:50,MAGNETOMETER_Z,8.766,0,none
2025-01-01 18:33:10,MAGNETOMETER_Z,-4.6562,0,none
2025-01-01 18:41:30,MAGNETOMETER_Z,-26.7143,0,none
2025-01-01 18:49:50,MAGNETOMETER_Z,-26.7727,0,none
2025-01-01 18:58:10,MAGNETOMETER_Z,17.1098,0,none
2025-01-01 19:06:30,MAGNETOMETER_Z,25.7306,0,none
2025-01-01 19:14:50,MAGNETOMETER_Z,-26.5343,0,none
2025-01-01 19:23:10,MAGNETOMETER_Z,-20.954,0,none
2025-01-01 19:31:30,MAGNETOMETER_Z,16.9864,0,none
2025-01-01 19:39:50,MAGNETOMETER_Z,12.2804,0,none
2025-01-01 19:48:10,MAGNETOMETER_Z,23.2963,0,none
2025-01-01 19:56:30,MAGNETOMETER_Z,22.9011,0,none
2025-01-01 20:04:50,MAGNETOMETER_Z,-18.5049,0,none
2025-01-01 20:13:10,MAGNETOMETER_Z,28.0758,0,none
2025-01-01 20:21:30,MAGNETOMETER_Z,-24.9659,0,none
2025-01-01 20:29:50,MAGNETOMETER_Z,26.2516,0,none
2025-01-01 20:38:10,MAGNETOMETER_Z,-28.7857,0,none
2025-01-01 20:46:30,MAGNETOMETER_Z,-31.4742,0,none
2025-01-01 20:54:50,MAGNETOMETER_Z,4.088,0,none
2025-01-01 21:03:10,MAGNETOMETER_Z,-5.6384,0,none
2025-01-01 21:11:30,MAGNETOMETER_Z,6.4603,0,none
2025-01-01 21:19:50,MAGNETOMETER_Z,-29.1173,0,none
2025-01-01 21:28:10,MAGNETOMETER_Z,1.0906,0,none
2025-01-01 21:36:30,MAGNETOMETER_Z,9.7822,0,none
2025-01-01 21:44:50,MAGNETOMETER_Z,-22.5119,0,none
2025-01-01 21:53:10,MAGNETOMETER_Z,-5.8554,0,none
2025-01-01 22:01:30,MAGNETOMETER_Z,2.6131,0,none
2025-01-01 22:09:50,MAGNETOMETER_Z,-0.4918,0,none
2025-01-01 22:18:10,MAGNETOMETER_Z,6.5063,0,none
2025-01-01 22:26:30,MAGNETOMETER_Z,18.2157,0,none
2025-01-01 22:34:50,MAGNETOMETER_Z,-1.9859,0,none
2025-01-01 22:43:10,MAGNETOMETER_Z,21.0269,0,none
2025-01-01 22:51:30,MAGNETOMETER_Z,33.9782,0,none
2025-01-01 22:59:50,MAGNETOMETER_Z,26.4352,0,none
2025-01-01 23:08:10,MAGNETOMETER_Z,6.377,0,none
2025-01-01 23:16:30,MAGNETOMETER_Z,35.1734,0,none
2025-01-01 23:24:50,MAGNETOMETER_Z,-22.5726,0,none
2025-01-01 23:33:10,MAGNETOMETER_Z,33.6783,0,none
2025-01-01 23:41:30,MAGNETOMETER_Z,-15.1709,0,none
2025-01-01 23:49:50,MAGNETOMETER_Z,18.0316,0,none
2025-01-01 23:58:10,MAGNETOMETER_Z,-17.6655,0,none
2025-01-02 00:06:30,MAGNETOMETER_Z,23.6284,0,none
2025-01-02 00:14:50,MAGNETOMETER_Z,-19.5951,0,none
2025-01-02 00:23:10,MAGNETOMETER_Z,-15.4473,0,none
2025-01-02 00:31:30,MAGNETOMETER_Z,36.0168,0,none
2025-01-02 00:39:50,MAGNETOMETER_Z,27.2448,0,none
2025-01-02 00:48:10,MAGNETOMETER_Z,-3.75,0,none
2025-01-02 00:56:30,MAGNETOMETER_Z,-19.9012,0,none
2025-01-02 01:04:50,MAGNETOMETER_Z,29.5848,0,none
2025-01-02 01:13:10,MAGNETOMETER_Z,27.5885,0,none
2025-01-02 01:21:30,MAGNETOMETER_Z,24.3189,0,none
2025-01-02 01:29:50,MAGNETOMETER_Z,13.7845,0,none
2025-01-02 01:38:10,MAGNETOMETER_Z,32.4962,0,none
2025-01-02 01:46:30,MAGNETOMETER_Z,-9.5398,0,none
2025-01-02 01:54:50,MAGNETOMETER_Z,20.8184,0,none
2025-01-02 02:03:10,MAGNETOMETER_Z,14.4431,0,none
2025-01-02 02:11:30,MAGNETOMETER_Z,-0.3905,0,none
2025-01-02 02:19:50,MAGNETOMETER_Z,29.691,0,none
2025-01-02 02:28:10,MAGNETOMETER_Z,-2.0779,0,none
2025-01-02 02:36:30,MAGNETOMETER_Z,12.5668,0,none
2025-01-02 02:44:50,MAGNETOMETER_Z,26.0243,0,none
2025-01-02 02:53:10,MAGNETOMETER_Z,19.5754,0,none
2025-01-02 03:01:30,MAGNETOMETER_Z,15.909,0,none
2025-01-02 03:09:50,MAGNETOMETER_Z,24.9093,0,none
2025-01-02 03:18:10,MAGNETOMETER_Z,7.9261,0,none
2025-01-02 03:26:30,MAGNETOMETER_Z,32.0385,0,none
2025-01-02 03:34:50,MAGNETOMETER_Z,0.8163,0,none
2025-01-02 03:43:10,MAGNETOMETER_Z,11.6834,0,none
2025-01-01 00:07:30,MEMORY_USAGE,57.392,0,none
2025-01-01 00:15:50,MEMORY_USAGE,59.3086,0,none
2025-01-01 00:24:10,MEMORY_USAGE,60.2346,0,none
2025-01-01 00:32:30,MEMORY_USAGE,63.7385,0,none
2025-01-01 00:40:50,MEMORY_USAGE,63.6561,0,none
2025-01-01 00:49:10,MEMORY_USAGE,61.9329,0,none
2025-01-01 00:57:30,MEMORY_USAGE,52.8721,0,none
2025-01-01 01:05:50,MEMORY_USAGE,56.6233,0,none
2025-01-01 01:14:10,MEMORY_USAGE,62.0088,0,none
2025-01-01 01:22:30,MEMORY_USAGE,63.8473,0,none
2025-01-01 01:30:50,MEMORY_USAGE,51.6211,0,none
2025-01-01 01:39:10,MEMORY_USAGE,54.7912,0,none
2025-01-01 01:47:30,MEMORY_USAGE,59.0305,0,none
2025-01-01 01:55:50,MEMORY_USAGE,56.6474,0,none
2025-01-01 02:04:10,MEMORY_USAGE,61.5051,0,none
2025-01-01 02:12:30,MEMORY_USAGE,58.6781,0,none
2025-01-01 02:20:50,MEMORY_USAGE,63.8771,0,none
2025-01-01 02:29:10,MEMORY_USAGE,50.6731,0,none
2025-01-01 02:37:30,MEMORY_USAGE,45.7495,0,none
2025-01-01 02:45:50,MEMORY_USAGE,62.9172,0,none
2025-01-01 02:54:10,MEMORY_USAGE,45.8255,0,none
2025-01-01 03:02:30,MEMORY_USAGE,61.5692,0,none
2025-01-01 03:10:50,MEMORY_USAGE,63.5642,0,none
2025-01-01 03:19:10,MEMORY_USAGE,63.2755,0,none
2025-01-01 03:27:30,MEMORY_USAGE,64.901,0,none
2025-01-01 03:35:50,MEMORY_USAGE,47.5413,0,none
2025-01-01 03:44:10,MEMORY_USAGE,51.6322,0,none
2025-01-01 03:52:30,MEMORY_USAGE,59.1895,0,none
2025-01-01 04:00:50,MEMORY_USAGE,65.2801,0,none
2025-01-01 04:09:10,MEMORY_USAGE,63.4567,0,none
2025-01-01 04:17:30,MEMORY_USAGE,62.1718,0,none
2025-01-01 04:25:50,MEMORY_USAGE,62.6159,1,collective
2025-01-01 04:34:10,MEMORY_USAGE,59.48583988153253,1,collective
2025-01-01 04:42:30,MEMORY_USAGE,56.78957976306504,1,collective
2025-01-01 04:50:50,MEMORY_USAGE,67.28741964459756,1,collective
2025-01-01 04:59:10,MEMORY_USAGE,49.65475952613009,1,collective
2025-01-01 05:07:30,MEMORY_USAGE,53.86749940766261,1,collective
2025-01-01 05:15:50,MEMORY_USAGE,52.590539289195135,1,collective
2025-01-01 05:24:10,MEMORY_USAGE,68.32727917072766,1,collective
2025-01-01 05:32:30,MEMORY_USAGE,70.50861905226019,1,collective
2025-01-01 05:40:50,MEMORY_USAGE,54.80635893379271,1,collective
2025-01-01 05:49:10,MEMORY_USAGE,67.07989881532522,1,collective
2025-01-01 05:57:30,MEMORY_USAGE,65.81423869685776,1,collective
2025-01-01 06:05:50,MEMORY_USAGE,59.842578578390274,1,collective
2025-01-01 06:14:10,MEMORY_USAGE,71.97231845992279,1,collective
2025-01-01 06:22:30,MEMORY_USAGE,60.87305834145531,1,collective
2025-01-01 06:30:50,MEMORY_USAGE,63.88479822298784,1,collective
2025-01-01 06:39:10,MEMORY_USAGE,72.81043810452036,1,collective
2025-01-01 06:47:30,MEMORY_USAGE,63.415677986052884,1,collective
2025-01-01 06:55:50,MEMORY_USAGE,77.9647178675854,1,collective
2025-01-01 07:04:10,MEMORY_USAGE,58.842057749117934,1,collective
2025-01-01 07:12:30,MEMORY_USAGE,66.44869763065046,1,collective
2025-01-01 07:20:50,MEMORY_USAGE,60.829637512182984,1,collective
2025-01-01 07:29:10,MEMORY_USAGE,78.2530773937155,1,collective
2025-01-01 07:37:30,MEMORY_USAGE,60.512617275248026,1,collective
2025-01-01 07:45:50,MEMORY_USAGE,63.49725715678055,1,collective
2025-01-01 07:54:10,MEMORY_USAGE,79.72219703831307,1,collective
2025-01-01 08:02:30,MEMORY_USAGE,78.85213691984559,1,collective
2025-01-01 08:10:50,MEMORY_USAGE,80.76597680137812,1,collective
2025-01-01 08:19:10,MEMORY_USAGE,74.97801668291063,1,collective
2025-01-01 08:27:30,MEMORY_USAGE,76.37015656444316,1,collective
2025-01-01 08:35:50,MEMORY_USAGE,60.1208,0,none
2025-01-01 08:44:10,MEMORY_USAGE,62.3227,0,none
2025-01-01 08:52:30,MEMORY_USAGE,41.6394,0,none
2025-01-01 09:00:50,MEMORY_USAGE,50.1797,0,none
2025-01-01 09:09:10,MEMORY_USAGE,42.5141,0,none
2025-01-01 09:17:30,MEMORY_USAGE,52.4583,0,none
2025-01-01 09:25:50,MEMORY_USAGE,45.3224,0,none
2025-01-01 09:34:10,MEMORY_USAGE,51.6428,0,none
2025-01-01 09:42:30,MEMORY_USAGE,40.5777,0,none
2025-01-01 09:50:50,MEMORY_USAGE,62.0843,0,none
2025-01-01 09:59:10,MEMORY_USAGE,49.7341,0,none
2025-01-01 10:07:30,MEMORY_USAGE,40.3347,0,none
2025-01-01 10:15:50,MEMORY_USAGE,43.0295,0,none
2025-01-01 10:24:10,MEMORY_USAGE,43.1886,0,none
2025-01-01 10:32:30,MEMORY_USAGE,43.3431,0,none
2025-01-01 10:40:50,MEMORY_USAGE,40.2594,0,none
2025-01-01 10:49:10,MEMORY_USAGE,43.6225,0,none
2025-01-01 10:57:30,MEMORY_USAGE,50.0185,0,none
2025-01-01 11:05:50,MEMORY_USAGE,42.7275,0,none
2025-01-01 11:14:10,MEMORY_USAGE,60.5357,0,none
2025-01-01 11:22:30,MEMORY_USAGE,44.0215,0,none
2025-01-01 11:30:50,MEMORY_USAGE,54.201,0,none
2025-01-01 11:39:10,MEMORY_USAGE,41.5329,0,none
2025-01-01 11:47:30,MEMORY_USAGE,52.5382,1,collective
2025-01-01 11:55:50,MEMORY_USAGE,59.15373988153252,1,collective
2025-01-01 12:04:10,MEMORY_USAGE,44.57767976306504,1,collective
2025-01-01 12:12:30,MEMORY_USAGE,50.237219644597566,1,collective
2025-01-01 12:20:50,MEMORY_USAGE,48.43145952613009,1,collective
2025-01-01 12:29:10,MEMORY_USAGE,49.16989940766262,1,collective
2025-01-01 12:37:30,MEMORY_USAGE,49.030639289195136,1,collective
2025-01-01 12:45:50,MEMORY_USAGE,55.13327917072766,1,collective
2025-01-01 12:54:10,MEMORY_USAGE,49.513719052260186,1,collective
2025-01-01 13:02:30,MEMORY_USAGE,49.20025893379271,1,collective
2025-01-01 13:10:50,MEMORY_USAGE,50.543598815325225,1,collective
2025-01-01 13:19:10,MEMORY_USAGE,51.53623869685775,1,collective
2025-01-01 13:27:30,MEMORY_USAGE,48.87327857839028,1,collective
2025-01-01 13:35:50,MEMORY_USAGE,61.42571845992279,1,collective
2025-01-01 13:44:10,MEMORY_USAGE,56.829458341455314,1,collective
2025-01-01 13:52:30,MEMORY_USAGE,52.37339822298784,1,collective
2025-01-01 14:00:50,MEMORY_USAGE,50.711338104520365,1,collective
2025-01-01 14:09:10,MEMORY_USAGE,66.86727798605288,1,collective
2025-01-01 14:17:30,MEMORY_USAGE,68.08831786758542,1,collective
2025-01-01 14:25:50,MEMORY_USAGE,65.43235774911793,1,collective
2025-01-01 14:34:10,MEMORY_USAGE,60.78689763065046,1,collective
2025-01-01 14:42:30,MEMORY_USAGE,62.80003751218298,1,collective
2025-01-01 14:50:50,MEMORY_USAGE,65.7977773937155,1,collective
2025-01-01 14:59:10,MEMORY_USAGE,59.75181727524802,1,collective
2025-01-01 15:07:30,MEMORY_USAGE,62.98565715678055,1,collective
2025-01-01 15:15:50,MEMORY_USAGE,69.10319703831307,1,collective
2025-01-01 15:24:10,MEMORY_USAGE,64.30113691984559,1,collective
2025-01-01 15:32:30,MEMORY_USAGE,67.20807680137811,1,collective
2025-01-01 15:40:50,MEMORY_USAGE,63.93491668291064,1,collective
2025-01-01 15:49:10,MEMORY_USAGE,68.55255656444317,1,collective
2025-01-01 15:57:30,MEMORY_USAGE,48.6282,0,none
2025-01-01 16:05:50,MEMORY_USAGE,53.753,0,none
2025-01-01 16:14:10,MEMORY_USAGE,38.632,0,none
2025-01-01 16:22:30,MEMORY_USAGE,50.5411,0,none
2025-01-01 16:30:50,MEMORY_USAGE,42.0426,0,none
2025-01-01 16:39:10,MEMORY_USAGE,43.1249,0,none
2025-01-01 16:47:30,MEMORY_USAGE,49.8255,0,none
2025-01-01 16:55:50,MEMORY_USAGE,50.8913,0,none
2025-01-01 17:04:10,MEMORY_USAGE,39.082,0,none
2025-01-01 17:12:30,MEMORY_USAGE,41.3502,0,none
2025-01-01 17:20:50,MEMORY_USAGE,59.9822,0,none
2025-01-01 17:29:10,MEMORY_USAGE,55.515,0,none
2025-01-01 17:37:30,MEMORY_USAGE,42.562,0,none
2025-01-01 17:45:50,MEMORY_USAGE,61.4311,0,none
2025-01-01 17:54:10,MEMORY_USAGE,57.0084,0,none
2025-01-01 18:02:30,MEMORY_USAGE,56.1331,0,none
2025-01-01 18:10:50,MEMORY_USAGE,41.4417,0,none
2025-01-01 18:19:10,MEMORY_USAGE,52.4613,0,none
2025-01-01 18:27:30,MEMORY_USAGE,44.182,0,none
2025-01-01 18:35:50,MEMORY_USAGE,41.7022,0,none
2025-01-01 18:44:10,MEMORY_USAGE,39.0089,0,none
2025-01-01 18:52:30,MEMORY_USAGE,51.4576,0,none
2025-01-01 19:00:50,MEMORY_USAGE,48.75,0,none
2025-01-01 19:09:10,MEMORY_USAGE,58.2721,0,none
2025-01-01 19:17:30,MEMORY_USAGE,42.8176,0,none
2025-01-01 19:25:50,MEMORY_USAGE,60.7665,0,none
2025-01-01 19:34:10,MEMORY_USAGE,52.9087,0,none
2025-01-01 19:42:30,MEMORY_USAGE,60.0702,0,none
2025-01-01 19:50:50,MEMORY_USAGE,48.9954,0,none
2025-01-01 19:59:10,MEMORY_USAGE,57.5798,0,none
2025-01-01 20:07:30,MEMORY_USAGE,51.7875,0,none
2025-01-01 20:15:50,MEMORY_USAGE,62.7121,0,none
2025-01-01 20:24:10,MEMORY_USAGE,43.322,0,none
2025-01-01 20:32:30,MEMORY_USAGE,58.1012,0,none
2025-01-01 20:40:50,MEMORY_USAGE,48.2977,0,none
2025-01-01 20:49:10,MEMORY_USAGE,45.8123,0,none
2025-01-01 20:57:30,MEMORY_USAGE,61.7278,0,none
2025-01-01 21:05:50,MEMORY_USAGE,53.526,0,none
2025-01-01 21:14:10,MEMORY_USAGE,43.9323,0,none
2025-01-01 21:22:30,MEMORY_USAGE,60.8703,0,none
2025-01-01 21:30:50,MEMORY_USAGE,60.2772,0,none
2025-01-01 21:39:10,MEMORY_USAGE,60.9943,0,none
2025-01-01 21:47:30,MEMORY_USAGE,55.8707,0,none
2025-01-01 21:55:50,MEMORY_USAGE,53.1508,0,none
2025-01-01 22:04:10,MEMORY_USAGE,42.6106,0,none
2025-01-01 22:12:30,MEMORY_USAGE,47.0564,0,none
2025-01-01 22:20:50,MEMORY_USAGE,60.5216,0,none
2025-01-01 22:29:10,MEMORY_USAGE,43.13,0,none
2025-01-01 22:37:30,MEMORY_USAGE,42.6305,0,none
2025-01-01 22:45:50,MEMORY_USAGE,61.9547,0,none
2025-01-01 22:54:10,MEMORY_USAGE,65.5236,0,none
2025-01-01 23:02:30,MEMORY_USAGE,62.8216,0,none
2025-01-01 23:10:50,MEMORY_USAGE,56.1126,0,none
2025-01-01 23:19:10,MEMORY_USAGE,61.3963,0,none
2025-01-01 23:27:30,MEMORY_USAGE,44.4124,0,none
2025-01-01 23:35:50,MEMORY_USAGE,44.6588,0,none
2025-01-01 23:44:10,MEMORY_USAGE,53.5702,0,none
2025-01-01 23:52:30,MEMORY_USAGE,49.6653,0,none
2025-01-02 00:00:50,MEMORY_USAGE,48.9437,0,none
2025-01-02 00:09:10,MEMORY_USAGE,60.7557,0,none
2025-01-02 00:17:30,MEMORY_USAGE,53.0954,0,none
2025-01-02 00:25:50,MEMORY_USAGE,63.1374,0,none
2025-01-02 00:34:10,MEMORY_USAGE,52.7193,0,none
2025-01-02 00:42:30,MEMORY_USAGE,60.1387,0,none
2025-01-02 00:50:50,MEMORY_USAGE,57.9096,0,none
2025-01-02 00:59:10,MEMORY_USAGE,54.9957,0,none
2025-01-02 01:07:30,MEMORY_USAGE,63.1551,0,none
2025-01-02 01:15:50,MEMORY_USAGE,57.7388,0,none
2025-01-02 01:24:10,MEMORY_USAGE,56.5662,0,none
2025-01-02 01:32:30,MEMORY_USAGE,62.9561,0,none
2025-01-02 01:40:50,MEMORY_USAGE,59.4792,0,none
2025-01-02 01:49:10,MEMORY_USAGE,51.2226,0,none
2025-01-02 01:57:30,MEMORY_USAGE,59.0661,0,none
2025-01-02 02:05:50,MEMORY_USAGE,58.0115,0,none
2025-01-02 02:14:10,MEMORY_USAGE,49.7113,0,none
2025-01-02 02:22:30,MEMORY_USAGE,63.8823,0,none
2025-01-02 02:30:50,MEMORY_USAGE,65.7382,0,none
2025-01-02 02:39:10,MEMORY_USAGE,56.7122,0,none
2025-01-02 02:47:30,MEMORY_USAGE,49.1097,0,none
2025-01-02 02:55:50,MEMORY_USAGE,55.0121,0,none
2025-01-02 03:04:10,MEMORY_USAGE,50.8118,0,none
2025-01-02 03:12:30,MEMORY_USAGE,64.2155,0,none
2025-01-02 03:20:50,MEMORY_USAGE,55.5544,0,none
2025-01-02 03:29:10,MEMORY_USAGE,53.15,0,none
2025-01-02 03:37:30,MEMORY_USAGE,60.3594,0,none
2025-01-02 03:45:50,MEMORY_USAGE,54.3947,0,none
2025-01-01 00:03:00,OBC_TEMP,43.0147,0,none
2025-01-01 00:11:20,OBC_TEMP,46.9405,0,none
2025-01-01 00:19:40,OBC_TEMP,50.1497,0,none
2025-01-01 00:28:00,OBC_TEMP,49.8226,0,none
2025-01-01 00:36:20,OBC_TEMP,42.5104,0,none
2025-01-01 00:44:40,OBC_TEMP,47.7116,0,none
2025-01-01 00:53:00,OBC_TEMP,44.4131,0,none
2025-01-01 01:01:20,OBC_TEMP,46.7413,0,none
2025-01-01 01:09:40,OBC_TEMP,46.8643,0,none
2025-01-01 01:18:00,OBC_TEMP,42.5703,0,none
2025-01-01 01:26:20,OBC_TEMP,47.3385,0,none
2025-01-01 01:34:40,OBC_TEMP,49.5641,0,none
2025-01-01 01:43:00,OBC_TEMP,41.14,0,none
2025-01-01 01:51:20,OBC_TEMP,48.1434,0,none
2025-01-01 01:59:40,OBC_TEMP,41.5225,0,none
2025-01-01 02:08:00,OBC_TEMP,46.2414,0,none
2025-01-01 02:16:20,OBC_TEMP,48.052,0,none
2025-01-01 02:24:40,OBC_TEMP,41.0466,0,none
2025-01-01 02:33:00,OBC_TEMP,39.9149,0,none
2025-01-01 02:41:20,OBC_TEMP,41.568,0,none
2025-01-01 02:49:40,OBC_TEMP,43.9682,0,none
2025-01-01 02:58:00,OBC_TEMP,46.1541,0,none
2025-01-01 03:06:20,OBC_TEMP,47.692,0,none
2025-01-01 03:14:40,OBC_TEMP,46.6357,0,none
2025-01-01 03:23:00,OBC_TEMP,50.1399,0,none
2025-01-01 03:31:20,OBC_TEMP,40.6691,0,none
2025-01-01 03:39:40,OBC_TEMP,46.2781,0,none
2025-01-01 03:48:00,OBC_TEMP,43.4512,0,none
2025-01-01 03:56:20,OBC_TEMP,22.057635035348948,1,point
2025-01-01 04:04:40,OBC_TEMP,42.8739,0,none
2025-01-01 04:13:00,OBC_TEMP,40.3448,0,none
2025-01-01 04:21:20,OBC_TEMP,47.5558,0,none
2025-01-01 04:29:40,OBC_TEMP,43.2234,0,none
2025-01-01 04:38:00,OBC_TEMP,47.0045,0,none
2025-01-01 04:46:20,OBC_TEMP,38.6167,0,none
2025-01-01 04:54:40,OBC_TEMP,43.1195,0,none
2025-01-01 05:03:00,OBC_TEMP,44.5056,0,none
2025-01-01 05:11:20,OBC_TEMP,46.718,0,none
2025-01-01 05:19:40,OBC_TEMP,47.7855,0,none
2025-01-01 05:28:00,OBC_TEMP,51.2266,0,none
2025-01-01 05:36:20,OBC_TEMP,42.9409,0,none
2025-01-01 05:44:40,OBC_TEMP,47.102,0,none
2025-01-01 05:53:00,OBC_TEMP,47.096,0,none
2025-01-01 06:01:20,OBC_TEMP,36.0101,0,none
2025-01-01 06:09:40,OBC_TEMP,41.7405,0,none
2025-01-01 06:18:00,OBC_TEMP,47.4948,0,none
2025-01-01 06:26:20,OBC_TEMP,36.2564,0,none
2025-01-01 06:34:40,OBC_TEMP,38.2037,0,none
2025-01-01 06:43:00,OBC_TEMP,41.7902,0,none
2025-01-01 06:51:20,OBC_TEMP,49.5928,0,none
2025-01-01 06:59:40,OBC_TEMP,47.0614,0,none
2025-01-01 07:08:00,OBC_TEMP,38.2846,0,none
2025-01-01 07:16:20,OBC_TEMP,38.4713,0,none
2025-01-01 07:24:40,OBC_TEMP,41.3727,0,none
2025-01-01 07:33:00,OBC_TEMP,47.9073,0,none
2025-01-01 07:41:20,OBC_TEMP,47.8213,0,none
2025-01-01 07:49:40,OBC_TEMP,49.5612,0,none
2025-01-01 07:58:00,OBC_TEMP,36.0716,0,none
2025-01-01 08:06:20,OBC_TEMP,37.1415,0,none
2025-01-01 08:14:40,OBC_TEMP,43.6648,0,none
2025-01-01 08:23:00,OBC_TEMP,35.6263,0,none
2025-01-01 08:31:20,OBC_TEMP,37.7164,0,none
2025-01-01 08:39:40,OBC_TEMP,39.7053,0,none
2025-01-01 08:48:00,OBC_TEMP,38.462,0,none
2025-01-01 08:56:20,OBC_TEMP,44.9378,0,none
2025-01-01 09:04:40,OBC_TEMP,44.2365,0,none
2025-01-01 09:13:00,OBC_TEMP,44.7452,0,none
2025-01-01 09:21:20,OBC_TEMP,36.9033,0,none
2025-01-01 09:29:40,OBC_TEMP,43.0017,0,none
2025-01-01 09:38:00,OBC_TEMP,36.3714,0,none
2025-01-01 09:46:20,OBC_TEMP,40.4682,0,none
2025-01-01 09:54:40,OBC_TEMP,36.3076,0,none
2025-01-01 10:03:00,OBC_TEMP,45.3358,0,none
2025-01-01 10:11:20,OBC_TEMP,17.66041957919725,1,point
2025-01-01 10:19:40,OBC_TEMP,37.0183,0,none
2025-01-01 10:28:00,OBC_TEMP,37.0277,0,none
2025-01-01 10:36:20,OBC_TEMP,44.9239,0,none
2025-01-01 10:44:40,OBC_TEMP,36.5272,0,none
2025-01-01 10:53:00,OBC_TEMP,39.7116,0,none
2025-01-01 11:01:20,OBC_TEMP,35.8787,0,none
2025-01-01 11:09:40,OBC_TEMP,36.3971,0,none
2025-01-01 11:18:00,OBC_TEMP,40.7815,0,none
2025-01-01 11:26:20,OBC_TEMP,44.5944,0,none
2025-01-01 11:34:40,OBC_TEMP,37.7628,0,none
2025-01-01 11:43:00,OBC_TEMP,44.1955,0,none
2025-01-01 11:51:20,OBC_TEMP,39.5945,0,none
2025-01-01 11:59:40,OBC_TEMP,37.4599,0,none
2025-01-01 12:08:00,OBC_TEMP,40.8953,0,none
2025-01-01 12:16:20,OBC_TEMP,18.361042572434126,1,point
2025-01-01 12:24:40,OBC_TEMP,37.8128,0,none
2025-01-01 12:33:00,OBC_TEMP,36.4444,0,none
2025-01-01 12:41:20,OBC_TEMP,38.6254,0,none
2025-01-01 12:49:40,OBC_TEMP,44.2937,0,none
2025-01-01 12:58:00,OBC_TEMP,37.9712,0,none
2025-01-01 13:06:20,OBC_TEMP,37.7918,0,none
2025-01-01 13:14:40,OBC_TEMP,41.1668,0,none
2025-01-01 13:23:00,OBC_TEMP,37.1241,0,none
2025-01-01 13:31:20,OBC_TEMP,39.4072,0,none
2025-01-01 13:39:40,OBC_TEMP,36.1034,0,none
2025-01-01 13:48:00,OBC_TEMP,36.742,0,none
2025-01-01 13:56:20,OBC_TEMP,38.8051,0,none
2025-01-01 14:04:40,OBC_TEMP,41.9297,0,none
2025-01-01 14:13:00,OBC_TEMP,36.4869,0,none
2025-01-01 14:21:20,OBC_TEMP,41.4959,0,none
2025-01-01 14:29:40,OBC_TEMP,35.7202,0,none
2025-01-01 14:38:00,OBC_TEMP,36.334,0,none
2025-01-01 14:46:20,OBC_TEMP,18.55875813489236,1,point
2025-01-01 14:54:40,OBC_TEMP,39.3159,0,none
2025-01-01 15:03:00,OBC_TEMP,35.9267,0,none
2025-01-01 15:11:20,OBC_TEMP,37.1444,0,none
2025-01-01 15:19:40,OBC_TEMP,37.1556,0,none
2025-01-01 15:28:00,OBC_TEMP,36.3618,0,none
2025-01-01 15:36:20,OBC_TEMP,36.9539,0,none
2025-01-01 15:44:40,OBC_TEMP,44.3646,0,none
2025-01-01 15:53:00,OBC_TEMP,38.5451,0,none
2025-01-01 16:01:20,OBC_TEMP,37.9516,0,none
2025-01-01 16:09:40,OBC_TEMP,39.9647,0,none
2025-01-01 16:18:00,OBC_TEMP,44.0025,0,none
2025-01-01 16:26:20,OBC_TEMP,41.1446,0,none
2025-01-01 16:34:40,OBC_TEMP,37.9714,0,none
2025-01-01 16:43:00,OBC_TEMP,37.5589,0,none
2025-01-01 16:51:20,OBC_TEMP,36.5972,0,none
2025-01-01 16:59:40,OBC_TEMP,46.0465,0,none
2025-01-01 17:08:00,OBC_TEMP,35.0452,0,none
2025-01-01 17:16:20,OBC_TEMP,36.3071,0,none
2025-01-01 17:24:40,OBC_TEMP,36.0348,0,none
2025-01-01 17:33:00,OBC_TEMP,39.6452,0,none
2025-01-01 17:41:20,OBC_TEMP,38.1812,0,none
2025-01-01 17:49:40,OBC_TEMP,35.2851,0,none
2025-01-01 17:58:00,OBC_TEMP,36.9597,0,none
2025-01-01 18:06:20,OBC_TEMP,36.6432,0,none
2025-01-01 18:14:40,OBC_TEMP,42.4303,0,none
2025-01-01 18:23:00,OBC_TEMP,20.38559782596182,1,point
2025-01-01 18:31:20,OBC_TEMP,36.9852,0,none
2025-01-01 18:39:40,OBC_TEMP,38.2688,0,none
2025-01-01 18:48:00,OBC_TEMP,37.0543,0,none
2025-01-01 18:56:20,OBC_TEMP,44.1771,0,none
2025-01-01 19:04:40,OBC_TEMP,20.530527881487696,1,point
2025-01-01 19:13:00,OBC_TEMP,39.4026,0,none
2025-01-01 19:21:20,OBC_TEMP,46.7542,0,none
2025-01-01 19:29:40,OBC_TEMP,40.3132,0,none
2025-01-01 19:38:00,OBC_TEMP,47.6192,0,none
2025-01-01 19:46:20,OBC_TEMP,35.7888,0,none
2025-01-01 19:54:40,OBC_TEMP,38.7853,0,none
2025-01-01 20:03:00,OBC_TEMP,37.1114,0,none
2025-01-01 20:11:20,OBC_TEMP,68.63497234802766,1,point
2025-01-01 20:19:40,OBC_TEMP,48.4175,0,none
2025-01-01 20:28:00,OBC_TEMP,38.9533,0,none
2025-01-01 20:36:20,OBC_TEMP,45.9139,0,none
2025-01-01 20:44:40,OBC_TEMP,45.6142,0,none
2025-01-01 20:53:00,OBC_TEMP,48.5789,0,none
2025-01-01 21:01:20,OBC_TEMP,43.4863,0,none
2025-01-01 21:09:40,OBC_TEMP,44.251,0,none
2025-01-01 21:18:00,OBC_TEMP,41.0767,0,none
2025-01-01 21:26:20,OBC_TEMP,46.9606,0,none
2025-01-01 21:34:40,OBC_TEMP,40.7963,0,none
2025-01-01 21:43:00,OBC_TEMP,37.4397,0,none
2025-01-01 21:51:20,OBC_TEMP,40.7919,0,none
2025-01-01 21:59:40,OBC_TEMP,48.1218,0,none
2025-01-01 22:08:00,OBC_TEMP,47.6972,0,none
2025-01-01 22:16:20,OBC_TEMP,42.2438,0,none
2025-01-01 22:24:40,OBC_TEMP,40.9092,0,none
2025-01-01 22:33:00,OBC_TEMP,48.777,0,none
2025-01-01 22:41:20,OBC_TEMP,36.4294,0,none
2025-01-01 22:49:40,OBC_TEMP,42.117,0,none
2025-01-01 22:58:00,OBC_TEMP,49.3872,0,none
2025-01-01 23:06:20,OBC_TEMP,43.8476,0,none
2025-01-01 23:14:40,OBC_TEMP,48.265,0,none
2025-01-01 23:23:00,OBC_TEMP,40.3778,0,none
2025-01-01 23:31:20,OBC_TEMP,48.5407,0,none
2025-01-01 23:39:40,OBC_TEMP,45.0913,0,none
2025-01-01 23:48:00,OBC_TEMP,48.1216,0,none
2025-01-01 23:56:20,OBC_TEMP,40.6155,0,none
2025-01-02 00:04:40,OBC_TEMP,47.8597,0,none
2025-01-02 00:13:00,OBC_TEMP,49.9161,0,none
2025-01-02 00:21:20,OBC_TEMP,61.228879648095905,1,point
2025-01-02 00:29:40,OBC_TEMP,49.0216,0,none
2025-01-02 00:38:00,OBC_TEMP,47.6712,0,none
2025-01-02 00:46:20,OBC_TEMP,42.3867,0,none
2025-01-02 00:54:40,OBC_TEMP,46.9138,0,none
2025-01-02 01:03:00,OBC_TEMP,37.6028,0,none
2025-01-02 01:11:20,OBC_TEMP,47.1994,0,none
2025-01-02 01:19:40,OBC_TEMP,42.1279,0,none
2025-01-02 01:28:00,OBC_TEMP,44.7486,0,none
2025-01-02 01:36:20,OBC_TEMP,43.8342,0,none
2025-01-02 01:44:40,OBC_TEMP,48.5002,0,none
2025-01-02 01:53:00,OBC_TEMP,49.805,0,none
2025-01-02 02:01:20,OBC_TEMP,46.1701,0,none
2025-01-02 02:09:40,OBC_TEMP,44.2632,0,none
2025-01-02 02:18:00,OBC_TEMP,47.562,0,none
2025-01-02 02:26:20,OBC_TEMP,45.7551,0,none
2025-01-02 02:34:40,OBC_TEMP,47.1585,0,none
2025-01-02 02:43:00,OBC_TEMP,43.678,0,none
2025-01-02 02:51:20,OBC_TEMP,44.1743,0,none
2025-01-02 02:59:40,OBC_TEMP,44.5762,0,none
2025-01-02 03:08:00,OBC_TEMP,49.5498,0,none
2025-01-02 03:16:20,OBC_TEMP,42.6388,0,none
2025-01-02 03:24:40,OBC_TEMP,47.5531,0,none
2025-01-02 03:33:00,OBC_TEMP,50.2223,0,none
2025-01-02 03:41:20,OBC_TEMP,47.2093,0,none
2025-01-01 00:07:10,PACKET_LOSS_RATE,1.5827,0,none
2025-01-01 00:15:30,PACKET_LOSS_RATE,1.2836,0,none
2025-01-01 00:23:50,PACKET_LOSS_RATE,1.2085,0,none
2025-01-01 00:32:10,PACKET_LOSS_RATE,1.2116,0,none
2025-01-01 00:40:30,PACKET_LOSS_RATE,1.4744,0,none
2025-01-01 00:48:50,PACKET_LOSS_RATE,1.5666,0,none
2025-01-01 00:57:10,PACKET_LOSS_RATE,1.3349,0,none
2025-01-01 01:05:30,PACKET_LOSS_RATE,0.914,0,none
2025-01-01 01:13:50,PACKET_LOSS_RATE,1.0307,0,none
2025-01-01 01:22:10,PACKET_LOSS_RATE,1.1713,0,none
2025-01-01 01:30:30,PACKET_LOSS_RATE,1.4257,0,none
2025-01-01 01:38:50,PACKET_LOSS_RATE,1.262,0,none
2025-01-01 01:47:10,PACKET_LOSS_RATE,1.4962,0,none
2025-01-01 01:55:30,PACKET_LOSS_RATE,1.3158,0,none
2025-01-01 02:03:50,PACKET_LOSS_RATE,1.2573,0,none
2025-01-01 02:12:10,PACKET_LOSS_RATE,1.487,0,none
2025-01-01 02:20:30,PACKET_LOSS_RATE,1.5264,0,none
2025-01-01 02:28:50,PACKET_LOSS_RATE,1.459,0,none
2025-01-01 02:37:10,PACKET_LOSS_RATE,1.4844,0,none
2025-01-01 02:45:30,PACKET_LOSS_RATE,1.2837,0,none
2025-01-01 02:53:50,PACKET_LOSS_RATE,1.4079,0,none
2025-01-01 03:02:10,PACKET_LOSS_RATE,0.6826,0,none
2025-01-01 03:10:30,PACKET_LOSS_RATE,1.5182,0,none
2025-01-01 03:18:50,PACKET_LOSS_RATE,1.2616,0,none
2025-01-01 03:27:10,PACKET_LOSS_RATE,1.415,0,none
2025-01-01 03:35:30,PACKET_LOSS_RATE,1.5363,0,none
2025-01-01 03:43:50,PACKET_LOSS_RATE,1.1257,0,none
2025-01-01 03:52:10,PACKET_LOSS_RATE,0.8888,0,none
2025-01-01 04:00:30,PACKET_LOSS_RATE,1.4791,0,none
2025-01-01 04:08:50,PACKET_LOSS_RATE,1.4715,0,none
2025-01-01 04:17:10,PACKET_LOSS_RATE,0.7982,0,none
2025-01-01 04:25:30,PACKET_LOSS_RATE,1.3358,0,none
2025-01-01 04:33:50,PACKET_LOSS_RATE,1.5232,0,none
2025-01-01 04:42:10,PACKET_LOSS_RATE,0.5451,0,none
2025-01-01 04:50:30,PACKET_LOSS_RATE,1.0997,0,none
2025-01-01 04:58:50,PACKET_LOSS_RATE,1.4211,0,none
2025-01-01 05:07:10,PACKET_LOSS_RATE,1.6076,0,none
2025-01-01 05:15:30,PACKET_LOSS_RATE,1.5212,0,none
2025-01-01 05:23:50,PACKET_LOSS_RATE,0.8605,0,none
2025-01-01 05:32:10,PACKET_LOSS_RATE,0.8743,0,none
2025-01-01 05:40:30,PACKET_LOSS_RATE,1.5296,0,none
2025-01-01 05:48:50,PACKET_LOSS_RATE,0.3895,0,none
2025-01-01 05:57:10,PACKET_LOSS_RATE,0.943,0,none
2025-01-01 06:05:30,PACKET_LOSS_RATE,0.9341,0,none
2025-01-01 06:13:50,PACKET_LOSS_RATE,0.9147,0,none
2025-01-01 06:22:10,PACKET_LOSS_RATE,0.6001,0,none
2025-01-01 06:30:30,PACKET_LOSS_RATE,1.3185,0,none
2025-01-01 06:38:50,PACKET_LOSS_RATE,0.7576,0,none
2025-01-01 06:47:10,PACKET_LOSS_RATE,0.737,0,none
2025-01-01 06:55:30,PACKET_LOSS_RATE,1.3489,0,none
2025-01-01 07:03:50,PACKET_LOSS_RATE,1.0364,0,none
2025-01-01 07:12:10,PACKET_LOSS_RATE,1.2272,0,none
2025-01-01 07:20:30,PACKET_LOSS_RATE,1.2644,0,none
2025-01-01 07:28:50,PACKET_LOSS_RATE,1.4555,0,none
2025-01-01 07:37:10,PACKET_LOSS_RATE,0.4382,0,none
2025-01-01 07:45:30,PACKET_LOSS_RATE,1.3969,0,none
2025-01-01 07:53:50,PACKET_LOSS_RATE,0.8134,0,none
2025-01-01 08:02:10,PACKET_LOSS_RATE,1.3229,0,none
2025-01-01 08:10:30,PACKET_LOSS_RATE,1.3158,0,none
2025-01-01 08:18:50,PACKET_LOSS_RATE,0.8026,0,none
2025-01-01 08:27:10,PACKET_LOSS_RATE,1.2407,0,none
2025-01-01 08:35:30,PACKET_LOSS_RATE,0.9318,0,none
2025-01-01 08:43:50,PACKET_LOSS_RATE,0.4429,0,none
2025-01-01 08:52:10,PACKET_LOSS_RATE,1.4387,0,none
2025-01-01 09:00:30,PACKET_LOSS_RATE,0.5337,0,none
2025-01-01 09:08:50,PACKET_LOSS_RATE,0.9395,0,none
2025-01-01 09:17:10,PACKET_LOSS_RATE,0.4373,0,none
2025-01-01 09:25:30,PACKET_LOSS_RATE,0.6661,0,none
2025-01-01 09:33:50,PACKET_LOSS_RATE,0.6703,0,none
2025-01-01 09:42:10,PACKET_LOSS_RATE,0.4738,0,none
2025-01-01 09:50:30,PACKET_LOSS_RATE,0.4707,0,none
2025-01-01 09:58:50,PACKET_LOSS_RATE,0.4611,0,none
2025-01-01 10:07:10,PACKET_LOSS_RATE,0.5159,0,none
2025-01-01 10:15:30,PACKET_LOSS_RATE,0.563,0,none
2025-01-01 10:23:50,PACKET_LOSS_RATE,0.5848,0,none
2025-01-01 10:32:10,PACKET_LOSS_RATE,0.4211,0,none
2025-01-01 10:40:30,PACKET_LOSS_RATE,1.1507,0,none
2025-01-01 10:48:50,PACKET_LOSS_RATE,1.2699,0,none
2025-01-01 10:57:10,PACKET_LOSS_RATE,0.5755,0,none
2025-01-01 11:05:30,PACKET_LOSS_RATE,0.704,0,none
2025-01-01 11:13:50,PACKET_LOSS_RATE,0.4827,0,none
2025-01-01 11:22:10,PACKET_LOSS_RATE,0.4205,0,none
2025-01-01 11:30:30,PACKET_LOSS_RATE,0.5024,0,none
2025-01-01 11:38:50,PACKET_LOSS_RATE,0.8073,0,none
2025-01-01 11:47:10,PACKET_LOSS_RATE,0.4757,0,none
2025-01-01 11:55:30,PACKET_LOSS_RATE,0.6808,0,none
2025-01-01 12:03:50,PACKET_LOSS_RATE,1.0181,0,none
2025-01-01 12:12:10,PACKET_LOSS_RATE,0.6049,0,none
2025-01-01 12:20:30,PACKET_LOSS_RATE,0.3884,0,none
2025-01-01 12:28:50,PACKET_LOSS_RATE,0.8472,0,none
2025-01-01 12:37:10,PACKET_LOSS_RATE,0.5549,0,none
2025-01-01 12:45:30,PACKET_LOSS_RATE,0.6364,0,none
2025-01-01 12:53:50,PACKET_LOSS_RATE,0.91,0,none
2025-01-01 13:02:10,PACKET_LOSS_RATE,0.7664,0,none
2025-01-01 13:10:30,PACKET_LOSS_RATE,0.5588,0,none
2025-01-01 13:18:50,PACKET_LOSS_RATE,0.599,0,none
2025-01-01 13:27:10,PACKET_LOSS_RATE,0.9322,0,none
2025-01-01 13:35:30,PACKET_LOSS_RATE,0.6707,0,none
2025-01-01 13:43:50,PACKET_LOSS_RATE,0.6854,0,none
2025-01-01 13:52:10,PACKET_LOSS_RATE,1.0969,0,none
2025-01-01 14:00:30,PACKET_LOSS_RATE,0.8463,0,none
2025-01-01 14:08:50,PACKET_LOSS_RATE,0.6895,0,none
2025-01-01 14:17:10,PACKET_LOSS_RATE,0.5377,0,none
2025-01-01 14:25:30,PACKET_LOSS_RATE,0.4938,0,none
2025-01-01 14:33:50,PACKET_LOSS_RATE,0.7326,0,none
2025-01-01 14:42:10,PACKET_LOSS_RATE,0.5232,0,none
2025-01-01 14:50:30,PACKET_LOSS_RATE,0.7599,0,none
2025-01-01 14:58:50,PACKET_LOSS_RATE,0.842,0,none
2025-01-01 15:07:10,PACKET_LOSS_RATE,0.4819,0,none
2025-01-01 15:15:30,PACKET_LOSS_RATE,0.5795,0,none
2025-01-01 15:23:50,PACKET_LOSS_RATE,0.8336,0,none
2025-01-01 15:32:10,PACKET_LOSS_RATE,0.5873,0,none
2025-01-01 15:40:30,PACKET_LOSS_RATE,0.4281,0,none
2025-01-01 15:48:50,PACKET_LOSS_RATE,1.2688,0,none
2025-01-01 15:57:10,PACKET_LOSS_RATE,0.5852,0,none
2025-01-01 16:05:30,PACKET_LOSS_RATE,1.0125,0,none
2025-01-01 16:13:50,PACKET_LOSS_RATE,0.6259,0,none
2025-01-01 16:22:10,PACKET_LOSS_RATE,0.5633,0,none
2025-01-01 16:30:30,PACKET_LOSS_RATE,0.6179,0,none
2025-01-01 16:38:50,PACKET_LOSS_RATE,0.7111,0,none
2025-01-01 16:47:10,PACKET_LOSS_RATE,1.2389,0,none
2025-01-01 16:55:30,PACKET_LOSS_RATE,1.1518,0,none
2025-01-01 17:03:50,PACKET_LOSS_RATE,0.4729,0,none
2025-01-01 17:12:10,PACKET_LOSS_RATE,0.4447,0,none
2025-01-01 17:20:30,PACKET_LOSS_RATE,1.2109,0,none
2025-01-01 17:28:50,PACKET_LOSS_RATE,0.9701,0,none
2025-01-01 17:37:10,PACKET_LOSS_RATE,0.532,0,none
2025-01-01 17:45:30,PACKET_LOSS_RATE,1.3069,0,none
2025-01-01 17:53:50,PACKET_LOSS_RATE,0.4064,0,none
2025-01-01 18:02:10,PACKET_LOSS_RATE,0.5061,0,none
2025-01-01 18:10:30,PACKET_LOSS_RATE,0.3588,0,none
2025-01-01 18:18:50,PACKET_LOSS_RATE,0.4989,0,none
2025-01-01 18:27:10,PACKET_LOSS_RATE,0.5067,0,none
2025-01-01 18:35:30,PACKET_LOSS_RATE,1.1166,0,none
2025-01-01 18:43:50,PACKET_LOSS_RATE,1.0684,0,none
2025-01-01 18:52:10,PACKET_LOSS_RATE,0.5954,0,none
2025-01-01 19:00:30,PACKET_LOSS_RATE,0.6627,0,none
2025-01-01 19:08:50,PACKET_LOSS_RATE,0.6069,0,none
2025-01-01 19:17:10,PACKET_LOSS_RATE,0.8176,0,none
2025-01-01 19:25:30,PACKET_LOSS_RATE,1.1604,0,none
2025-01-01 19:33:50,PACKET_LOSS_RATE,1.4804,0,none
2025-01-01 19:42:10,PACKET_LOSS_RATE,0.5274,0,none
2025-01-01 19:50:30,PACKET_LOSS_RATE,0.6838,0,none
2025-01-01 19:58:50,PACKET_LOSS_RATE,1.3327,0,none
2025-01-01 20:07:10,PACKET_LOSS_RATE,0.8621,0,none
2025-01-01 20:15:30,PACKET_LOSS_RATE,0.6567,0,none
2025-01-01 20:23:50,PACKET_LOSS_RATE,1.0355,0,none
2025-01-01 20:32:10,PACKET_LOSS_RATE,1.1656,0,none
2025-01-01 20:40:30,PACKET_LOSS_RATE,1.5299,0,none
2025-01-01 20:48:50,PACKET_LOSS_RATE,1.4993,0,none
2025-01-01 20:57:10,PACKET_LOSS_RATE,0.8546,0,none
2025-01-01 21:05:30,PACKET_LOSS_RATE,1.2273,0,none
2025-01-01 21:13:50,PACKET_LOSS_RATE,0.95,0,none
2025-01-01 21:22:10,PACKET_LOSS_RATE,1.2413,0,none
2025-01-01 21:30:30,PACKET_LOSS_RATE,1.5993,0,none
2025-01-01 21:38:50,PACKET_LOSS_RATE,1.1823,0,none
2025-01-01 21:47:10,PACKET_LOSS_RATE,0.8086,0,none
2025-01-01 21:55:30,PACKET_LOSS_RATE,0.7349,0,none
2025-01-01 22:03:50,PACKET_LOSS_RATE,1.4992,0,none
2025-01-01 22:12:10,PACKET_LOSS_RATE,1.2774,0,none
2025-01-01 22:20:30,PACKET_LOSS_RATE,0.826,0,none
2025-01-01 22:28:50,PACKET_LOSS_RATE,1.6503,0,none
2025-01-01 22:37:10,PACKET_LOSS_RATE,1.4982,0,none
2025-01-01 22:45:30,PACKET_LOSS_RATE,0.9449,0,none
2025-01-01 22:53:50,PACKET_LOSS_RATE,1.079,0,none
2025-01-01 23:02:10,PACKET_LOSS_RATE,1.1404,0,none
2025-01-01 23:10:30,PACKET_LOSS_RATE,1.383,0,none
2025-01-01 23:18:50,PACKET_LOSS_RATE,1.1126,0,none
2025-01-01 23:27:10,PACKET_LOSS_RATE,1.2928,0,none
2025-01-01 23:35:30,PACKET_LOSS_RATE,1.5297,0,none
2025-01-01 23:43:50,PACKET_LOSS_RATE,1.0118,0,none
2025-01-01 23:52:10,PACKET_LOSS_RATE,1.5053,0,none
2025-01-02 00:00:30,PACKET_LOSS_RATE,0.6857,0,none
2025-01-02 00:08:50,PACKET_LOSS_RATE,0.7577,0,none
2025-01-02 00:17:10,PACKET_LOSS_RATE,1.3517,0,none
2025-01-02 00:25:30,PACKET_LOSS_RATE,0.7807,0,none
2025-01-02 00:33:50,PACKET_LOSS_RATE,1.3908,0,none
2025-01-02 00:42:10,PACKET_LOSS_RATE,1.1286,0,none
2025-01-02 00:50:30,PACKET_LOSS_RATE,1.5651,0,none
2025-01-02 00:58:50,PACKET_LOSS_RATE,1.3965,0,none
2025-01-02 01:07:10,PACKET_LOSS_RATE,1.4978,0,none
2025-01-02 01:15:30,PACKET_LOSS_RATE,1.3473,0,none
2025-01-02 01:23:50,PACKET_LOSS_RATE,1.4993,0,none
2025-01-02 01:32:10,PACKET_LOSS_RATE,1.1476,0,none
2025-01-02 01:40:30,PACKET_LOSS_RATE,1.2666,0,none
2025-01-02 01:48:50,PACKET_LOSS_RATE,1.3813,0,none
2025-01-02 01:57:10,PACKET_LOSS_RATE,0.9931,0,none
2025-01-02 02:05:30,PACKET_LOSS_RATE,1.6124,0,none
2025-01-02 02:13:50,PACKET_LOSS_RATE,1.326,0,none
2025-01-02 02:22:10,PACKET_LOSS_RATE,1.5157,0,none
2025-01-02 02:30:30,PACKET_LOSS_RATE,1.0371,0,none
2025-01-02 02:38:50,PACKET_LOSS_RATE,1.4778,0,none
2025-01-02 02:47:10,PACKET_LOSS_RATE,1.3955,0,none
2025-01-02 02:55:30,PACKET_LOSS_RATE,1.4826,0,none
2025-01-02 03:03:50,PACKET_LOSS_RATE,1.4893,0,none
2025-01-02 03:12:10,PACKET_LOSS_RATE,1.2789,0,none
2025-01-02 03:20:30,PACKET_LOSS_RATE,1.5353,0,none
2025-01-02 03:28:50,PACKET_LOSS_RATE,1.4221,0,none
2025-01-02 03:37:10,PACKET_LOSS_RATE,1.3183,0,none
2025-01-02 03:45:30,PACKET_LOSS_RATE,1.552,0,none
2025-01-01 00:02:40,PAYLOAD_TEMP_CAM,24.6703,0,none
2025-01-01 00:11:00,PAYLOAD_TEMP_CAM,24.3272,0,none
2025-01-01 00:19:20,PAYLOAD_TEMP_CAM,24.377,0,none
2025-01-01 00:27:40,PAYLOAD_TEMP_CAM,22.0989,0,none
2025-01-01 00:36:00,PAYLOAD_TEMP_CAM,22.8792,0,none
2025-01-01 00:44:20,PAYLOAD_TEMP_CAM,25.0593,0,none
2025-01-01 00:52:40,PAYLOAD_TEMP_CAM,25.2294,0,none
2025-01-01 01:01:00,PAYLOAD_TEMP_CAM,24.873,0,none
2025-01-01 01:09:20,PAYLOAD_TEMP_CAM,24.1222,0,none
2025-01-01 01:17:40,PAYLOAD_TEMP_CAM,23.7744,0,none
2025-01-01 01:26:00,PAYLOAD_TEMP_CAM,24.9974,0,none
2025-01-01 01:34:20,PAYLOAD_TEMP_CAM,24.0238,0,none
2025-01-01 01:42:40,PAYLOAD_TEMP_CAM,23.2869,0,none
2025-01-01 01:51:00,PAYLOAD_TEMP_CAM,23.259,0,none
2025-01-01 01:59:20,PAYLOAD_TEMP_CAM,26.3424,0,none
2025-01-01 02:07:40,PAYLOAD_TEMP_CAM,25.3607,0,none
2025-01-01 02:16:00,PAYLOAD_TEMP_CAM,25.3503,0,none
2025-01-01 02:24:20,PAYLOAD_TEMP_CAM,25.1054,0,none
2025-01-01 02:32:40,PAYLOAD_TEMP_CAM,24.9345,0,none
2025-01-01 02:41:00,PAYLOAD_TEMP_CAM,22.428,0,none
2025-01-01 02:49:20,PAYLOAD_TEMP_CAM,24.2919,0,none
2025-01-01 02:57:40,PAYLOAD_TEMP_CAM,24.0672,0,none
2025-01-01 03:06:00,PAYLOAD_TEMP_CAM,25.4998,0,none
2025-01-01 03:14:20,PAYLOAD_TEMP_CAM,25.1667,0,none
2025-01-01 03:22:40,PAYLOAD_TEMP_CAM,22.962,0,none
2025-01-01 03:31:00,PAYLOAD_TEMP_CAM,24.7033,0,none
2025-01-01 03:39:20,PAYLOAD_TEMP_CAM,22.7713,0,none
2025-01-01 03:47:40,PAYLOAD_TEMP_CAM,25.8024,0,none
2025-01-01 03:56:00,PAYLOAD_TEMP_CAM,23.0049,0,none
2025-01-01 04:04:20,PAYLOAD_TEMP_CAM,22.5594,0,none
2025-01-01 04:12:40,PAYLOAD_TEMP_CAM,25.3372,0,none
2025-01-01 04:21:00,PAYLOAD_TEMP_CAM,21.2415,0,none
2025-01-01 04:29:20,PAYLOAD_TEMP_CAM,22.5543,0,none
2025-01-01 04:37:40,PAYLOAD_TEMP_CAM,25.4499,0,none
2025-01-01 04:46:00,PAYLOAD_TEMP_CAM,23.8019,0,none
2025-01-01 04:54:20,PAYLOAD_TEMP_CAM,25.9736,0,none
2025-01-01 05:02:40,PAYLOAD_TEMP_CAM,25.4555,0,none
2025-01-01 05:11:00,PAYLOAD_TEMP_CAM,25.3997,0,none
2025-01-01 05:19:20,PAYLOAD_TEMP_CAM,23.9139,0,none
2025-01-01 05:27:40,PAYLOAD_TEMP_CAM,24.8519,0,none
2025-01-01 05:36:00,PAYLOAD_TEMP_CAM,24.6428,0,none
2025-01-01 05:44:20,PAYLOAD_TEMP_CAM,25.5532,0,none
2025-01-01 05:52:40,PAYLOAD_TEMP_CAM,20.5829,0,none
2025-01-01 06:01:00,PAYLOAD_TEMP_CAM,21.6224,0,none
2025-01-01 06:09:20,PAYLOAD_TEMP_CAM,25.7243,0,none
2025-01-01 06:17:40,PAYLOAD_TEMP_CAM,22.3135,0,none
2025-01-01 06:26:00,PAYLOAD_TEMP_CAM,22.0913,0,none
2025-01-01 06:34:20,PAYLOAD_TEMP_CAM,23.0752,0,none
2025-01-01 06:42:40,PAYLOAD_TEMP_CAM,23.676,0,none
2025-01-01 06:51:00,PAYLOAD_TEMP_CAM,20.6779,0,none
2025-01-01 06:59:20,PAYLOAD_TEMP_CAM,25.9301,0,none
2025-01-01 07:07:40,PAYLOAD_TEMP_CAM,21.401,0,none
2025-01-01 07:16:00,PAYLOAD_TEMP_CAM,24.9688,0,none
2025-01-01 07:24:20,PAYLOAD_TEMP_CAM,22.2007,0,none
2025-01-01 07:32:40,PAYLOAD_TEMP_CAM,23.6068,0,none
2025-01-01 07:41:00,PAYLOAD_TEMP_CAM,21.2869,0,none
2025-01-01 07:49:20,PAYLOAD_TEMP_CAM,21.7269,0,none
2025-01-01 07:57:40,PAYLOAD_TEMP_CAM,22.8625,0,none
2025-01-01 08:06:00,PAYLOAD_TEMP_CAM,22.9962,0,none
2025-01-01 08:14:20,PAYLOAD_TEMP_CAM,21.3399,0,none
2025-01-01 08:22:40,PAYLOAD_TEMP_CAM,21.9534,0,none
2025-01-01 08:31:00,PAYLOAD_TEMP_CAM,20.0055,0,none
2025-01-01 08:39:20,PAYLOAD_TEMP_CAM,21.2553,0,none
2025-01-01 08:47:40,PAYLOAD_TEMP_CAM,20.3013,0,none
2025-01-01 08:56:00,PAYLOAD_TEMP_CAM,23.5507,0,none
2025-01-01 09:04:20,PAYLOAD_TEMP_CAM,23.1329,0,none
2025-01-01 09:12:40,PAYLOAD_TEMP_CAM,23.7016,0,none
2025-01-01 09:21:00,PAYLOAD_TEMP_CAM,21.129,0,none
2025-01-01 09:29:20,PAYLOAD_TEMP_CAM,23.8894,0,none
2025-01-01 09:37:40,PAYLOAD_TEMP_CAM,23.3641,0,none
2025-01-01 09:46:00,PAYLOAD_TEMP_CAM,24.0122,0,none
2025-01-01 09:54:20,PAYLOAD_TEMP_CAM,20.0039,0,none
2025-01-01 10:02:40,PAYLOAD_TEMP_CAM,22.4525,0,none
2025-01-01 10:11:00,PAYLOAD_TEMP_CAM,19.6692,0,none
2025-01-01 10:19:20,PAYLOAD_TEMP_CAM,21.2035,0,none
2025-01-01 10:27:40,PAYLOAD_TEMP_CAM,20.5847,0,none
2025-01-01 10:36:00,PAYLOAD_TEMP_CAM,22.876,0,none
2025-01-01 10:44:20,PAYLOAD_TEMP_CAM,23.4777,0,none
2025-01-01 10:52:40,PAYLOAD_TEMP_CAM,21.198,0,none
2025-01-01 11:01:00,PAYLOAD_TEMP_CAM,20.06,0,none
2025-01-01 11:09:20,PAYLOAD_TEMP_CAM,21.519,0,none
2025-01-01 11:17:40,PAYLOAD_TEMP_CAM,24.2549,0,none
2025-01-01 11:26:00,PAYLOAD_TEMP_CAM,20.9846,0,none
2025-01-01 11:34:20,PAYLOAD_TEMP_CAM,21.0157,0,none
2025-01-01 11:42:40,PAYLOAD_TEMP_CAM,20.6678,0,none
2025-01-01 11:51:00,PAYLOAD_TEMP_CAM,20.7761,0,none
2025-01-01 11:59:20,PAYLOAD_TEMP_CAM,21.9707,0,none
2025-01-01 12:07:40,PAYLOAD_TEMP_CAM,22.2734,0,none
2025-01-01 12:16:00,PAYLOAD_TEMP_CAM,21.4098,0,none
2025-01-01 12:24:20,PAYLOAD_TEMP_CAM,21.5953,0,none
2025-01-01 12:32:40,PAYLOAD_TEMP_CAM,21.0908,0,none
2025-01-01 12:41:00,PAYLOAD_TEMP_CAM,20.5806,0,none
2025-01-01 12:49:20,PAYLOAD_TEMP_CAM,19.8687,0,none
2025-01-01 12:57:40,PAYLOAD_TEMP_CAM,20.2755,0,none
2025-01-01 13:06:00,PAYLOAD_TEMP_CAM,20.3892,0,none
2025-01-01 13:14:20,PAYLOAD_TEMP_CAM,22.0188,0,none
2025-01-01 13:22:40,PAYLOAD_TEMP_CAM,20.3282,0,none
2025-01-01 13:31:00,PAYLOAD_TEMP_CAM,20.1365,0,none
2025-01-01 13:39:20,PAYLOAD_TEMP_CAM,21.9335,0,none
2025-01-01 13:47:40,PAYLOAD_TEMP_CAM,20.6666,0,none
2025-01-01 13:56:00,PAYLOAD_TEMP_CAM,22.9832,0,none
2025-01-01 14:04:20,PAYLOAD_TEMP_CAM,22.1317,0,none
2025-01-01 14:12:40,PAYLOAD_TEMP_CAM,20.1459,0,none
2025-01-01 14:21:00,PAYLOAD_TEMP_CAM,21.1566,0,none
2025-01-01 14:29:20,PAYLOAD_TEMP_CAM,22.7623,0,none
2025-01-01 14:37:40,PAYLOAD_TEMP_CAM,20.962,0,none
2025-01-01 14:46:00,PAYLOAD_TEMP_CAM,21.425,0,none
2025-01-01 14:54:20,PAYLOAD_TEMP_CAM,21.4758,0,none
2025-01-01 15:02:40,PAYLOAD_TEMP_CAM,20.7315,0,none
2025-01-01 15:11:00,PAYLOAD_TEMP_CAM,19.8969,0,none
2025-01-01 15:19:20,PAYLOAD_TEMP_CAM,20.8856,0,none
2025-01-01 15:27:40,PAYLOAD_TEMP_CAM,22.256,0,none
2025-01-01 15:36:00,PAYLOAD_TEMP_CAM,21.7869,0,none
2025-01-01 15:44:20,PAYLOAD_TEMP_CAM,20.4946,0,none
2025-01-01 15:52:40,PAYLOAD_TEMP_CAM,23.9624,0,none
2025-01-01 16:01:00,PAYLOAD_TEMP_CAM,21.2568,0,none
2025-01-01 16:09:20,PAYLOAD_TEMP_CAM,21.767,0,none
2025-01-01 16:17:40,PAYLOAD_TEMP_CAM,22.8911,0,none
2025-01-01 16:26:00,PAYLOAD_TEMP_CAM,23.0986,0,none
2025-01-01 16:34:20,PAYLOAD_TEMP_CAM,21.3157,0,none
2025-01-01 16:42:40,PAYLOAD_TEMP_CAM,22.835,0,none
2025-01-01 16:51:00,PAYLOAD_TEMP_CAM,22.3918,0,none
2025-01-01 16:59:20,PAYLOAD_TEMP_CAM,20.9601,0,none
2025-01-01 17:07:40,PAYLOAD_TEMP_CAM,21.1659,0,none
2025-01-01 17:16:00,PAYLOAD_TEMP_CAM,24.2248,0,none
2025-01-01 17:24:20,PAYLOAD_TEMP_CAM,20.779,0,none
2025-01-01 17:32:40,PAYLOAD_TEMP_CAM,22.1255,0,none
2025-01-01 17:41:00,PAYLOAD_TEMP_CAM,21.0793,0,none
2025-01-01 17:49:20,PAYLOAD_TEMP_CAM,20.2437,0,none
2025-01-01 17:57:40,PAYLOAD_TEMP_CAM,23.6302,0,none
2025-01-01 18:06:00,PAYLOAD_TEMP_CAM,24.8606,0,none
2025-01-01 18:14:20,PAYLOAD_TEMP_CAM,23.1343,0,none
2025-01-01 18:22:40,PAYLOAD_TEMP_CAM,21.3323,0,none
2025-01-01 18:31:00,PAYLOAD_TEMP_CAM,25.5471,0,none
2025-01-01 18:39:20,PAYLOAD_TEMP_CAM,21.4499,0,none
2025-01-01 18:47:40,PAYLOAD_TEMP_CAM,25.3226,0,none
2025-01-01 18:56:00,PAYLOAD_TEMP_CAM,20.0448,0,none
2025-01-01 19:04:20,PAYLOAD_TEMP_CAM,20.9983,0,none
2025-01-01 19:12:40,PAYLOAD_TEMP_CAM,20.496,0,none
2025-01-01 19:21:00,PAYLOAD_TEMP_CAM,24.037,0,none
2025-01-01 19:29:20,PAYLOAD_TEMP_CAM,23.4755,0,none
2025-01-01 19:37:40,PAYLOAD_TEMP_CAM,25.206,0,none
2025-01-01 19:46:00,PAYLOAD_TEMP_CAM,23.8227,0,none
2025-01-01 19:54:20,PAYLOAD_TEMP_CAM,22.0221,0,none
2025-01-01 20:02:40,PAYLOAD_TEMP_CAM,20.1886,0,none
2025-01-01 20:11:00,PAYLOAD_TEMP_CAM,24.5979,0,none
2025-01-01 20:19:20,PAYLOAD_TEMP_CAM,25.7201,0,none
2025-01-01 20:27:40,PAYLOAD_TEMP_CAM,25.8056,0,none
2025-01-01 20:36:00,PAYLOAD_TEMP_CAM,25.6616,0,none
2025-01-01 20:44:20,PAYLOAD_TEMP_CAM,25.2778,0,none
2025-01-01 20:52:40,PAYLOAD_TEMP_CAM,23.9492,0,none
2025-01-01 21:01:00,PAYLOAD_TEMP_CAM,19.8326,0,none
2025-01-01 21:09:20,PAYLOAD_TEMP_CAM,21.8181,0,none
2025-01-01 21:17:40,PAYLOAD_TEMP_CAM,23.1497,0,none
2025-01-01 21:26:00,PAYLOAD_TEMP_CAM,21.3684,0,none
2025-01-01 21:34:20,PAYLOAD_TEMP_CAM,24.5561,0,none
2025-01-01 21:42:40,PAYLOAD_TEMP_CAM,22.0812,0,none
2025-01-01 21:51:00,PAYLOAD_TEMP_CAM,21.8498,0,none
2025-01-01 21:59:20,PAYLOAD_TEMP_CAM,25.4606,0,none
2025-01-01 22:07:40,PAYLOAD_TEMP_CAM,25.5271,0,none
2025-01-01 22:16:00,PAYLOAD_TEMP_CAM,25.8655,0,none
2025-01-01 22:24:20,PAYLOAD_TEMP_CAM,25.189,0,none
2025-01-01 22:32:40,PAYLOAD_TEMP_CAM,21.9941,0,none
2025-01-01 22:41:00,PAYLOAD_TEMP_CAM,23.2591,0,none
2025-01-01 22:49:20,PAYLOAD_TEMP_CAM,25.023,0,none
2025-01-01 22:57:40,PAYLOAD_TEMP_CAM,25.1859,0,none
2025-01-01 23:06:00,PAYLOAD_TEMP_CAM,26.0983,0,none
2025-01-01 23:14:20,PAYLOAD_TEMP_CAM,25.2403,0,none
2025-01-01 23:22:40,PAYLOAD_TEMP_CAM,25.3353,0,none
2025-01-01 23:31:00,PAYLOAD_TEMP_CAM,23.3678,0,none
2025-01-01 23:39:20,PAYLOAD_TEMP_CAM,24.8892,0,none
2025-01-01 23:47:40,PAYLOAD_TEMP_CAM,25.2794,0,none
2025-01-01 23:56:00,PAYLOAD_TEMP_CAM,24.2477,0,none
2025-01-02 00:04:20,PAYLOAD_TEMP_CAM,25.5627,0,none
2025-01-02 00:12:40,PAYLOAD_TEMP_CAM,22.2941,0,none
2025-01-02 00:21:00,PAYLOAD_TEMP_CAM,25.1827,0,none
2025-01-02 00:29:20,PAYLOAD_TEMP_CAM,21.2627,0,none
2025-01-02 00:37:40,PAYLOAD_TEMP_CAM,25.6299,0,none
2025-01-02 00:46:00,PAYLOAD_TEMP_CAM,24.3936,0,none
2025-01-02 00:54:20,PAYLOAD_TEMP_CAM,24.7268,0,none
2025-01-02 01:02:40,PAYLOAD_TEMP_CAM,25.4458,0,none
2025-01-02 01:11:00,PAYLOAD_TEMP_CAM,21.9609,0,none
2025-01-02 01:19:20,PAYLOAD_TEMP_CAM,24.9309,0,none
2025-01-02 01:27:40,PAYLOAD_TEMP_CAM,24.7742,0,none
2025-01-02 01:36:00,PAYLOAD_TEMP_CAM,25.9266,0,none
2025-01-02 01:44:20,PAYLOAD_TEMP_CAM,23.4639,0,none
2025-01-02 01:52:40,PAYLOAD_TEMP_CAM,25.6273,0,none
2025-01-02 02:01:00,PAYLOAD_TEMP_CAM,24.7581,0,none
2025-01-02 02:09:20,PAYLOAD_TEMP_CAM,23.1043,0,none
2025-01-02 02:17:40,PAYLOAD_TEMP_CAM,25.2209,0,none
2025-01-02 02:26:00,PAYLOAD_TEMP_CAM,23.1643,0,none
2025-01-02 02:34:20,PAYLOAD_TEMP_CAM,24.6318,0,none
2025-01-02 02:42:40,PAYLOAD_TEMP_CAM,25.4919,0,none
2025-01-02 02:51:00,PAYLOAD_TEMP_CAM,25.8944,0,none
2025-01-02 02:59:20,PAYLOAD_TEMP_CAM,24.871,0,none
2025-01-02 03:07:40,PAYLOAD_TEMP_CAM,23.1927,0,none
2025-01-02 03:16:00,PAYLOAD_TEMP_CAM,25.8461,0,none
2025-01-02 03:24:20,PAYLOAD_TEMP_CAM,24.4739,0,none
2025-01-02 03:32:40,PAYLOAD_TEMP_CAM,24.2548,0,none
2025-01-02 03:41:00,PAYLOAD_TEMP_CAM,25.4287,0,none
2025-01-01 00:02:50,PAYLOAD_TEMP_SENSOR,25.4353,0,none
2025-01-01 00:11:10,PAYLOAD_TEMP_SENSOR,24.7949,0,none
2025-01-01 00:19:30,PAYLOAD_TEMP_SENSOR,23.5972,0,none
2025-01-01 00:27:50,PAYLOAD_TEMP_SENSOR,23.9182,0,none
2025-01-01 00:36:10,PAYLOAD_TEMP_SENSOR,24.9907,0,none
2025-01-01 00:44:30,PAYLOAD_TEMP_SENSOR,25.5318,0,none
2025-01-01 00:52:50,PAYLOAD_TEMP_SENSOR,24.3857,0,none
2025-01-01 01:01:10,PAYLOAD_TEMP_SENSOR,23.6153,0,none
2025-01-01 01:09:30,PAYLOAD_TEMP_SENSOR,23.4199,0,none
2025-01-01 01:17:50,PAYLOAD_TEMP_SENSOR,22.445,0,none
2025-01-01 01:26:10,PAYLOAD_TEMP_SENSOR,23.7148,0,none
2025-01-01 01:34:30,PAYLOAD_TEMP_SENSOR,23.5376,0,none
2025-01-01 01:42:50,PAYLOAD_TEMP_SENSOR,22.9347,0,none
2025-01-01 01:51:10,PAYLOAD_TEMP_SENSOR,25.3715,0,none
2025-01-01 01:59:30,PAYLOAD_TEMP_SENSOR,24.7417,0,none
2025-01-01 02:07:50,PAYLOAD_TEMP_SENSOR,24.8971,0,none
2025-01-01 02:16:10,PAYLOAD_TEMP_SENSOR,25.1172,0,none
2025-01-01 02:24:30,PAYLOAD_TEMP_SENSOR,24.683,0,none
2025-01-01 02:32:50,PAYLOAD_TEMP_SENSOR,25.1703,0,none
2025-01-01 02:41:10,PAYLOAD_TEMP_SENSOR,24.9128,0,none
2025-01-01 02:49:30,PAYLOAD_TEMP_SENSOR,22.7039,0,none
2025-01-01 02:57:50,PAYLOAD_TEMP_SENSOR,24.2732,0,none
2025-01-01 03:06:10,PAYLOAD_TEMP_SENSOR,24.3028,0,none
2025-01-01 03:14:30,PAYLOAD_TEMP_SENSOR,24.2142,0,none
2025-01-01 03:22:50,PAYLOAD_TEMP_SENSOR,22.8025,0,none
2025-01-01 03:31:10,PAYLOAD_TEMP_SENSOR,22.787,0,none
2025-01-01 03:39:30,PAYLOAD_TEMP_SENSOR,25.2693,0,none
2025-01-01 03:47:50,PAYLOAD_TEMP_SENSOR,23.3617,0,none
2025-01-01 03:56:10,PAYLOAD_TEMP_SENSOR,21.1528,0,none
2025-01-01 04:04:30,PAYLOAD_TEMP_SENSOR,25.6862,0,none
2025-01-01 04:12:50,PAYLOAD_TEMP_SENSOR,23.9542,0,none
2025-01-01 04:21:10,PAYLOAD_TEMP_SENSOR,21.2661,0,none
2025-01-01 04:29:30,PAYLOAD_TEMP_SENSOR,25.2767,0,none
2025-01-01 04:37:50,PAYLOAD_TEMP_SENSOR,26.283,0,none
2025-01-01 04:46:10,PAYLOAD_TEMP_SENSOR,25.3799,0,none
2025-01-01 04:54:30,PAYLOAD_TEMP_SENSOR,25.1292,0,none
2025-01-01 05:02:50,PAYLOAD_TEMP_SENSOR,22.5676,0,none
2025-01-01 05:11:10,PAYLOAD_TEMP_SENSOR,20.4075,0,none
2025-01-01 05:19:30,PAYLOAD_TEMP_SENSOR,23.9433,0,none
2025-01-01 05:27:50,PAYLOAD_TEMP_SENSOR,22.5501,0,none
2025-01-01 05:36:10,PAYLOAD_TEMP_SENSOR,21.659,0,none
2025-01-01 05:44:30,PAYLOAD_TEMP_SENSOR,22.7064,0,none
2025-01-01 05:52:50,PAYLOAD_TEMP_SENSOR,24.6076,0,none
2025-01-01 06:01:10,PAYLOAD_TEMP_SENSOR,24.9352,0,none
2025-01-01 06:09:30,PAYLOAD_TEMP_SENSOR,23.2442,0,none
2025-01-01 06:17:50,PAYLOAD_TEMP_SENSOR,25.7357,0,none
2025-01-01 06:26:10,PAYLOAD_TEMP_SENSOR,23.5688,0,none
2025-01-01 06:34:30,PAYLOAD_TEMP_SENSOR,22.638,0,none
2025-01-01 06:42:50,PAYLOAD_TEMP_SENSOR,19.9766,0,none
2025-01-01 06:51:10,PAYLOAD_TEMP_SENSOR,23.757,0,none
2025-01-01 06:59:30,PAYLOAD_TEMP_SENSOR,25.1041,0,none
2025-01-01 07:07:50,PAYLOAD_TEMP_SENSOR,22.0359,0,none
2025-01-01 07:16:10,PAYLOAD_TEMP_SENSOR,24.9896,0,none
2025-01-01 07:24:30,PAYLOAD_TEMP_SENSOR,21.0263,0,none
2025-01-01 07:32:50,PAYLOAD_TEMP_SENSOR,25.4099,0,none
2025-01-01 07:41:10,PAYLOAD_TEMP_SENSOR,21.2865,0,none
2025-01-01 07:49:30,PAYLOAD_TEMP_SENSOR,22.4041,0,none
2025-01-01 07:57:50,PAYLOAD_TEMP_SENSOR,20.7684,0,none
2025-01-01 08:06:10,PAYLOAD_TEMP_SENSOR,24.8071,0,none
2025-01-01 08:14:30,PAYLOAD_TEMP_SENSOR,24.5234,0,none
2025-01-01 08:22:50,PAYLOAD_TEMP_SENSOR,23.34,0,none
2025-01-01 08:31:10,PAYLOAD_TEMP_SENSOR,25.2101,0,none
2025-01-01 08:39:30,PAYLOAD_TEMP_SENSOR,24.1098,0,none
2025-01-01 08:47:50,PAYLOAD_TEMP_SENSOR,20.8283,0,none
2025-01-01 08:56:10,PAYLOAD_TEMP_SENSOR,20.9761,0,none
2025-01-01 09:04:30,PAYLOAD_TEMP_SENSOR,20.2453,0,none
2025-01-01 09:12:50,PAYLOAD_TEMP_SENSOR,24.6561,0,none
2025-01-01 09:21:10,PAYLOAD_TEMP_SENSOR,21.1851,0,none
2025-01-01 09:29:30,PAYLOAD_TEMP_SENSOR,22.3165,0,none
2025-01-01 09:37:50,PAYLOAD_TEMP_SENSOR,24.4657,0,none
2025-01-01 09:46:10,PAYLOAD_TEMP_SENSOR,23.1895,0,none
2025-01-01 09:54:30,PAYLOAD_TEMP_SENSOR,21.6542,0,none
2025-01-01 10:02:50,PAYLOAD_TEMP_SENSOR,20.842,0,none
2025-01-01 10:11:10,PAYLOAD_TEMP_SENSOR,20.0683,0,none
2025-01-01 10:19:30,PAYLOAD_TEMP_SENSOR,24.5097,0,none
2025-01-01 10:27:50,PAYLOAD_TEMP_SENSOR,21.4132,0,none
2025-01-01 10:36:10,PAYLOAD_TEMP_SENSOR,22.7254,0,none
2025-01-01 10:44:30,PAYLOAD_TEMP_SENSOR,20.8789,0,none
2025-01-01 10:52:50,PAYLOAD_TEMP_SENSOR,23.5941,0,none
2025-01-01 11:01:10,PAYLOAD_TEMP_SENSOR,20.2898,0,none
2025-01-01 11:09:30,PAYLOAD_TEMP_SENSOR,20.8096,0,none
2025-01-01 11:17:50,PAYLOAD_TEMP_SENSOR,20.1212,0,none
2025-01-01 11:26:10,PAYLOAD_TEMP_SENSOR,21.2483,0,none
2025-01-01 11:34:30,PAYLOAD_TEMP_SENSOR,23.6691,0,none
2025-01-01 11:42:50,PAYLOAD_TEMP_SENSOR,23.9009,0,none
2025-01-01 11:51:10,PAYLOAD_TEMP_SENSOR,23.1124,0,none
2025-01-01 11:59:30,PAYLOAD_TEMP_SENSOR,22.0269,0,none
2025-01-01 12:07:50,PAYLOAD_TEMP_SENSOR,22.4844,0,none
2025-01-01 12:16:10,PAYLOAD_TEMP_SENSOR,20.3413,0,none
2025-01-01 12:24:30,PAYLOAD_TEMP_SENSOR,21.8814,0,none
2025-01-01 12:32:50,PAYLOAD_TEMP_SENSOR,20.7375,0,none
2025-01-01 12:41:10,PAYLOAD_TEMP_SENSOR,21.7221,0,none
2025-01-01 12:49:30,PAYLOAD_TEMP_SENSOR,23.6197,0,none
2025-01-01 12:57:50,PAYLOAD_TEMP_SENSOR,21.2304,0,none
2025-01-01 13:06:10,PAYLOAD_TEMP_SENSOR,20.5025,0,none
2025-01-01 13:14:30,PAYLOAD_TEMP_SENSOR,21.2263,0,none
2025-01-01 13:22:50,PAYLOAD_TEMP_SENSOR,20.8396,0,none
2025-01-01 13:31:10,PAYLOAD_TEMP_SENSOR,21.5766,0,none
2025-01-01 13:39:30,PAYLOAD_TEMP_SENSOR,21.0654,0,none
2025-01-01 13:47:50,PAYLOAD_TEMP_SENSOR,21.0198,0,none
2025-01-01 13:56:10,PAYLOAD_TEMP_SENSOR,20.2545,0,none
2025-01-01 14:04:30,PAYLOAD_TEMP_SENSOR,21.478,0,none
2025-01-01 14:12:50,PAYLOAD_TEMP_SENSOR,22.4242,0,none
2025-01-01 14:21:10,PAYLOAD_TEMP_SENSOR,19.985,0,none
2025-01-01 14:29:30,PAYLOAD_TEMP_SENSOR,21.8101,0,none
2025-01-01 14:37:50,PAYLOAD_TEMP_SENSOR,21.6251,0,none
2025-01-01 14:46:10,PAYLOAD_TEMP_SENSOR,20.5463,0,none
2025-01-01 14:54:30,PAYLOAD_TEMP_SENSOR,21.7991,0,none
2025-01-01 15:02:50,PAYLOAD_TEMP_SENSOR,20.6932,0,none
2025-01-01 15:11:10,PAYLOAD_TEMP_SENSOR,20.2532,0,none
2025-01-01 15:19:30,PAYLOAD_TEMP_SENSOR,21.3943,0,none
2025-01-01 15:27:50,PAYLOAD_TEMP_SENSOR,21.5775,0,none
2025-01-01 15:36:10,PAYLOAD_TEMP_SENSOR,20.6374,0,none
2025-01-01 15:44:30,PAYLOAD_TEMP_SENSOR,22.6658,0,none
2025-01-01 15:52:50,PAYLOAD_TEMP_SENSOR,22.6612,0,none
2025-01-01 16:01:10,PAYLOAD_TEMP_SENSOR,20.6708,0,none
2025-01-01 16:09:30,PAYLOAD_TEMP_SENSOR,20.203,0,none
2025-01-01 16:17:50,PAYLOAD_TEMP_SENSOR,22.0652,0,none
2025-01-01 16:26:10,PAYLOAD_TEMP_SENSOR,20.4052,0,none
2025-01-01 16:34:30,PAYLOAD_TEMP_SENSOR,21.6487,0,none
2025-01-01 16:42:50,PAYLOAD_TEMP_SENSOR,20.4976,0,none
2025-01-01 16:51:10,PAYLOAD_TEMP_SENSOR,23.3943,0,none
2025-01-01 16:59:30,PAYLOAD_TEMP_SENSOR,22.9449,0,none
2025-01-01 17:07:50,PAYLOAD_TEMP_SENSOR,21.4534,0,none
2025-01-01 17:16:10,PAYLOAD_TEMP_SENSOR,20.0948,0,none
2025-01-01 17:24:30,PAYLOAD_TEMP_SENSOR,21.746,0,none
2025-01-01 17:32:50,PAYLOAD_TEMP_SENSOR,20.6482,0,none
2025-01-01 17:41:10,PAYLOAD_TEMP_SENSOR,21.16,0,none
2025-01-01 17:49:30,PAYLOAD_TEMP_SENSOR,22.0902,0,none
2025-01-01 17:57:50,PAYLOAD_TEMP_SENSOR,21.2921,0,none
2025-01-01 18:06:10,PAYLOAD_TEMP_SENSOR,21.5681,0,none
2025-01-01 18:14:30,PAYLOAD_TEMP_SENSOR,20.9206,0,none
2025-01-01 18:22:50,PAYLOAD_TEMP_SENSOR,19.8357,0,none
2025-01-01 18:31:10,PAYLOAD_TEMP_SENSOR,24.4413,0,none
2025-01-01 18:39:30,PAYLOAD_TEMP_SENSOR,24.761,0,none
2025-01-01 18:47:50,PAYLOAD_TEMP_SENSOR,24.6991,0,none
2025-01-01 18:56:10,PAYLOAD_TEMP_SENSOR,24.1462,0,none
2025-01-01 19:04:30,PAYLOAD_TEMP_SENSOR,24.5321,0,none
2025-01-01 19:12:50,PAYLOAD_TEMP_SENSOR,20.3851,0,none
2025-01-01 19:21:10,PAYLOAD_TEMP_SENSOR,22.5206,0,none
2025-01-01 19:29:30,PAYLOAD_TEMP_SENSOR,25.2616,0,none
2025-01-01 19:37:50,PAYLOAD_TEMP_SENSOR,20.2423,0,none
2025-01-01 19:46:10,PAYLOAD_TEMP_SENSOR,21.6176,0,none
2025-01-01 19:54:30,PAYLOAD_TEMP_SENSOR,24.1538,0,none
2025-01-01 20:02:50,PAYLOAD_TEMP_SENSOR,22.1656,0,none
2025-01-01 20:11:10,PAYLOAD_TEMP_SENSOR,20.1767,0,none
2025-01-01 20:19:30,PAYLOAD_TEMP_SENSOR,20.722,0,none
2025-01-01 20:27:50,PAYLOAD_TEMP_SENSOR,19.7784,0,none
2025-01-01 20:36:10,PAYLOAD_TEMP_SENSOR,21.1679,0,none
2025-01-01 20:44:30,PAYLOAD_TEMP_SENSOR,24.8288,0,none
2025-01-01 20:52:50,PAYLOAD_TEMP_SENSOR,24.723,0,none
2025-01-01 21:01:10,PAYLOAD_TEMP_SENSOR,21.3173,0,none
2025-01-01 21:09:30,PAYLOAD_TEMP_SENSOR,23.9771,0,none
2025-01-01 21:17:50,PAYLOAD_TEMP_SENSOR,21.6896,0,none
2025-01-01 21:26:10,PAYLOAD_TEMP_SENSOR,21.2658,0,none
2025-01-01 21:34:30,PAYLOAD_TEMP_SENSOR,20.9869,0,none
2025-01-01 21:42:50,PAYLOAD_TEMP_SENSOR,20.9606,0,none
2025-01-01 21:51:10,PAYLOAD_TEMP_SENSOR,24.9363,0,none
2025-01-01 21:59:30,PAYLOAD_TEMP_SENSOR,25.2702,0,none
2025-01-01 22:07:50,PAYLOAD_TEMP_SENSOR,24.2008,0,none
2025-01-01 22:16:10,PAYLOAD_TEMP_SENSOR,21.9914,0,none
2025-01-01 22:24:30,PAYLOAD_TEMP_SENSOR,26.0149,0,none
2025-01-01 22:32:50,PAYLOAD_TEMP_SENSOR,23.3081,0,none
2025-01-01 22:41:10,PAYLOAD_TEMP_SENSOR,25.7862,0,none
2025-01-01 22:49:30,PAYLOAD_TEMP_SENSOR,25.0082,0,none
2025-01-01 22:57:50,PAYLOAD_TEMP_SENSOR,24.7803,0,none
2025-01-01 23:06:10,PAYLOAD_TEMP_SENSOR,21.0571,0,none
2025-01-01 23:14:30,PAYLOAD_TEMP_SENSOR,25.4341,0,none
2025-01-01 23:22:50,PAYLOAD_TEMP_SENSOR,24.195,0,none
2025-01-01 23:31:10,PAYLOAD_TEMP_SENSOR,25.6575,0,none
2025-01-01 23:39:30,PAYLOAD_TEMP_SENSOR,23.2873,0,none
2025-01-01 23:47:50,PAYLOAD_TEMP_SENSOR,24.7684,0,none
2025-01-01 23:56:10,PAYLOAD_TEMP_SENSOR,25.1633,0,none
2025-01-02 00:04:30,PAYLOAD_TEMP_SENSOR,25.5808,0,none
2025-01-02 00:12:50,PAYLOAD_TEMP_SENSOR,25.5136,0,none
2025-01-02 00:21:10,PAYLOAD_TEMP_SENSOR,25.5226,0,none
2025-01-02 00:29:30,PAYLOAD_TEMP_SENSOR,21.7805,0,none
2025-01-02 00:37:50,PAYLOAD_TEMP_SENSOR,25.1791,0,none
2025-01-02 00:46:10,PAYLOAD_TEMP_SENSOR,25.1084,0,none
2025-01-02 00:54:30,PAYLOAD_TEMP_SENSOR,24.2967,0,none
2025-01-02 01:02:50,PAYLOAD_TEMP_SENSOR,25.2773,0,none
2025-01-02 01:11:10,PAYLOAD_TEMP_SENSOR,22.8201,0,none
2025-01-02 01:19:30,PAYLOAD_TEMP_SENSOR,23.127,0,none
2025-01-02 01:27:50,PAYLOAD_TEMP_SENSOR,24.9682,0,none
2025-01-02 01:36:10,PAYLOAD_TEMP_SENSOR,22.3163,0,none
2025-01-02 01:44:30,PAYLOAD_TEMP_SENSOR,22.0294,0,none
2025-01-02 01:52:50,PAYLOAD_TEMP_SENSOR,23.8553,0,none
2025-01-02 02:01:10,PAYLOAD_TEMP_SENSOR,25.7902,0,none
2025-01-02 02:09:30,PAYLOAD_TEMP_SENSOR,22.7159,0,none
2025-01-02 02:17:50,PAYLOAD_TEMP_SENSOR,26.0653,0,none
2025-01-02 02:26:10,PAYLOAD_TEMP_SENSOR,24.9579,0,none
2025-01-02 02:34:30,PAYLOAD_TEMP_SENSOR,24.6295,0,none
2025-01-02 02:42:50,PAYLOAD_TEMP_SENSOR,24.5067,0,none
2025-01-02 02:51:10,PAYLOAD_TEMP_SENSOR,23.3953,0,none
2025-01-02 02:59:30,PAYLOAD_TEMP_SENSOR,23.9695,0,none
2025-01-02 03:07:50,PAYLOAD_TEMP_SENSOR,23.6338,0,none
2025-01-02 03:16:10,PAYLOAD_TEMP_SENSOR,22.7022,0,none
2025-01-02 03:24:30,PAYLOAD_TEMP_SENSOR,25.733,0,none
2025-01-02 03:32:50,PAYLOAD_TEMP_SENSOR,24.3959,0,none
2025-01-02 03:41:10,PAYLOAD_TEMP_SENSOR,24.077,0,none
2025-01-01 00:03:50,RADIATOR_TEMP,-6.2998,0,none
2025-01-01 00:12:10,RADIATOR_TEMP,-2.6167,0,none
2025-01-01 00:20:30,RADIATOR_TEMP,-9.4789,0,none
2025-01-01 00:28:50,RADIATOR_TEMP,-7.211,0,none
2025-01-01 00:37:10,RADIATOR_TEMP,-9.166,0,none
2025-01-01 00:45:30,RADIATOR_TEMP,-1.1194,0,none
2025-01-01 00:53:50,RADIATOR_TEMP,0.4161,0,none
2025-01-01 01:02:10,RADIATOR_TEMP,-0.3129,0,none
2025-01-01 01:10:30,RADIATOR_TEMP,-7.6613,0,none
2025-01-01 01:18:50,RADIATOR_TEMP,0.0321,0,none
2025-01-01 01:27:10,RADIATOR_TEMP,1.9402,0,none
2025-01-01 01:35:30,RADIATOR_TEMP,-5.4084,0,none
2025-01-01 01:43:50,RADIATOR_TEMP,-2.6411,0,none
2025-01-01 01:52:10,RADIATOR_TEMP,-4.7088,0,none
2025-01-01 02:00:30,RADIATOR_TEMP,0.8327,0,none
2025-01-01 02:08:50,RADIATOR_TEMP,-3.0244,0,none
2025-01-01 02:17:10,RADIATOR_TEMP,-3.4382,0,none
2025-01-01 02:25:30,RADIATOR_TEMP,-1.1757,0,none
2025-01-01 02:33:50,RADIATOR_TEMP,-11.9718,0,none
2025-01-01 02:42:10,RADIATOR_TEMP,-9.7226,0,none
2025-01-01 02:50:30,RADIATOR_TEMP,-6.7622,0,none
2025-01-01 02:58:50,RADIATOR_TEMP,-9.8286,0,none
2025-01-01 03:07:10,RADIATOR_TEMP,-6.83,0,none
2025-01-01 03:15:30,RADIATOR_TEMP,-13.6682,0,none
2025-01-01 03:23:50,RADIATOR_TEMP,-0.3672,0,none
2025-01-01 03:32:10,RADIATOR_TEMP,0.3136,0,none
2025-01-01 03:40:30,RADIATOR_TEMP,-2.6991,0,none
2025-01-01 03:48:50,RADIATOR_TEMP,-4.8123,0,none
2025-01-01 03:57:10,RADIATOR_TEMP,-0.6699,1,collective
2025-01-01 04:05:30,RADIATOR_TEMP,1.1366313488303872,1,collective
2025-01-01 04:13:50,RADIATOR_TEMP,0.016871515429096817,1,collective
2025-01-01 04:22:10,RADIATOR_TEMP,10.420755685716577,1,collective
2025-01-01 04:30:30,RADIATOR_TEMP,18.407295014328383,1,collective
2025-01-01 04:38:50,RADIATOR_TEMP,9.401766053786233,1,collective
2025-01-01 04:47:10,RADIATOR_TEMP,3.30583998171201,1,collective
2025-01-01 04:55:30,RADIATOR_TEMP,-16.625470687496083,1,collective
2025-01-01 05:03:50,RADIATOR_TEMP,-11.683261511691258,1,collective
2025-01-01 05:12:10,RADIATOR_TEMP,-18.84510051265151,1,collective
2025-01-01 05:20:30,RADIATOR_TEMP,-29.37285512261215,1,collective
2025-01-01 05:28:50,RADIATOR_TEMP,-30.221722888633423,1,collective
2025-01-01 05:37:10,RADIATOR_TEMP,-28.255301595601892,1,collective
2025-01-01 05:45:30,RADIATOR_TEMP,-3.3492557558785436,1,collective
2025-01-01 05:53:50,RADIATOR_TEMP,7.405634601279922,1,collective
2025-01-01 06:02:10,RADIATOR_TEMP,9.020603059597832,1,collective
2025-01-01 06:10:30,RADIATOR_TEMP,19.09291993321777,1,collective
2025-01-01 06:18:50,RADIATOR_TEMP,11.233170822066036,1,collective
2025-01-01 06:27:10,RADIATOR_TEMP,11.38210269851106,1,collective
2025-01-01 06:35:30,RADIATOR_TEMP,-11.913793053334958,1,collective
2025-01-01 06:43:50,RADIATOR_TEMP,-9.744,0,none
2025-01-01 06:52:10,RADIATOR_TEMP,-3.2136,0,none
2025-01-01 07:00:30,RADIATOR_TEMP,-1.0561,0,none
2025-01-01 07:08:50,RADIATOR_TEMP,-19.9316,0,none
2025-01-01 07:17:10,RADIATOR_TEMP,-19.6956,0,none
2025-01-01 07:25:30,RADIATOR_TEMP,-12.6657,0,none
2025-01-01 07:33:50,RADIATOR_TEMP,-16.8315,0,none
2025-01-01 07:42:10,RADIATOR_TEMP,-20.4251,0,none
2025-01-01 07:50:30,RADIATOR_TEMP,-18.5313,0,none
2025-01-01 07:58:50,RADIATOR_TEMP,-4.6749,0,none
2025-01-01 08:07:10,RADIATOR_TEMP,-15.5745,0,none
2025-01-01 08:15:30,RADIATOR_TEMP,-21.451,0,none
2025-01-01 08:23:50,RADIATOR_TEMP,-21.8135,0,none
2025-01-01 08:32:10,RADIATOR_TEMP,-20.4881,0,none
2025-01-01 08:40:30,RADIATOR_TEMP,-0.5891,0,none
2025-01-01 08:48:50,RADIATOR_TEMP,-19.3215,0,none
2025-01-01 08:57:10,RADIATOR_TEMP,-9.8136,0,none
2025-01-01 09:05:30,RADIATOR_TEMP,-17.8287,0,none
2025-01-01 09:13:50,RADIATOR_TEMP,-4.0441,0,none
2025-01-01 09:22:10,RADIATOR_TEMP,-19.9174,0,none
2025-01-01 09:30:30,RADIATOR_TEMP,-16.224,0,none
2025-01-01 09:38:50,RADIATOR_TEMP,-22.645,0,none
2025-01-01 09:47:10,RADIATOR_TEMP,-9.8607,1,collective
2025-01-01 09:55:30,RADIATOR_TEMP,-13.142425366894667,1,collective
2025-01-01 10:03:50,RADIATOR_TEMP,-11.957747806093625,1,collective
2025-01-01 10:12:10,RADIATOR_TEMP,9.13421992993334,1,collective
2025-01-01 10:20:30,RADIATOR_TEMP,-4.920962230273,1,collective
2025-01-01 10:28:50,RADIATOR_TEMP,6.309306121797075,1,collective
2025-01-01 10:37:10,RADIATOR_TEMP,9.777783905910148,1,collective
2025-01-01 10:45:30,RADIATOR_TEMP,-0.806142822883551,1,collective
2025-01-01 10:53:50,RADIATOR_TEMP,-9.150400980671833,1,collective
2025-01-01 11:02:10,RADIATOR_TEMP,-14.281332119015836,1,collective
2025-01-01 11:10:30,RADIATOR_TEMP,-7.966887013568876,1,collective
2025-01-01 11:18:50,RADIATOR_TEMP,-25.176050795508644,1,collective
2025-01-01 11:27:10,RADIATOR_TEMP,-24.983290031721072,1,collective
2025-01-01 11:35:30,RADIATOR_TEMP,-23.191599420605385,1,collective
2025-01-01 11:43:50,RADIATOR_TEMP,-30.66758603372785,1,collective
2025-01-01 11:52:10,RADIATOR_TEMP,-34.77575725042499,1,collective
2025-01-01 12:00:30,RADIATOR_TEMP,-32.468521683273636,1,collective
2025-01-01 12:08:50,RADIATOR_TEMP,-18.152875808693224,1,collective
2025-01-01 12:17:10,RADIATOR_TEMP,-28.49070588388137,1,collective
2025-01-01 12:25:30,RADIATOR_TEMP,-14.451538816330123,1,collective
2025-01-01 12:33:50,RADIATOR_TEMP,-20.0625,0,none
2025-01-01 12:42:10,RADIATOR_TEMP,-17.1113,0,none
2025-01-01 12:50:30,RADIATOR_TEMP,-18.149,0,none
2025-01-01 12:58:50,RADIATOR_TEMP,-19.1988,0,none
2025-01-01 13:07:10,RADIATOR_TEMP,-18.3496,0,none
2025-01-01 13:15:30,RADIATOR_TEMP,-18.5651,0,none
2025-01-01 13:23:50,RADIATOR_TEMP,-18.2848,0,none
2025-01-01 13:32:10,RADIATOR_TEMP,-16.4142,0,none
2025-01-01 13:40:30,RADIATOR_TEMP,-19.795,0,none
2025-01-01 13:48:50,RADIATOR_TEMP,-17.71,0,none
2025-01-01 13:57:10,RADIATOR_TEMP,-20.231,0,none
2025-01-01 14:05:30,RADIATOR_TEMP,-20.3636,0,none
2025-01-01 14:13:50,RADIATOR_TEMP,-9.0595,0,none
2025-01-01 14:22:10,RADIATOR_TEMP,-17.8755,0,none
2025-01-01 14:30:30,RADIATOR_TEMP,-14.6328,0,none
2025-01-01 14:38:50,RADIATOR_TEMP,-13.0436,0,none
2025-01-01 14:47:10,RADIATOR_TEMP,-18.0098,0,none
2025-01-01 14:55:30,RADIATOR_TEMP,-11.0046,0,none
2025-01-01 15:03:50,RADIATOR_TEMP,-21.2093,0,none
2025-01-01 15:12:10,RADIATOR_TEMP,-18.1012,0,none
2025-01-01 15:20:30,RADIATOR_TEMP,-15.0609,0,none
2025-01-01 15:28:50,RADIATOR_TEMP,-9.4463,0,none
2025-01-01 15:37:10,RADIATOR_TEMP,-15.8243,0,none
2025-01-01 15:45:30,RADIATOR_TEMP,-17.1288,0,none
2025-01-01 15:53:50,RADIATOR_TEMP,-16.4334,0,none
2025-01-01 16:02:10,RADIATOR_TEMP,-17.4487,0,none
2025-01-01 16:10:30,RADIATOR_TEMP,-18.7859,0,none
2025-01-01 16:18:50,RADIATOR_TEMP,-21.5778,0,none
2025-01-01 16:27:10,RADIATOR_TEMP,-9.394,0,none
2025-01-01 16:35:30,RADIATOR_TEMP,-16.6464,0,none
2025-01-01 16:43:50,RADIATOR_TEMP,-18.8411,0,none
2025-01-01 16:52:10,RADIATOR_TEMP,-22.9554,0,none
2025-01-01 17:00:30,RADIATOR_TEMP,-16.4577,0,none
2025-01-01 17:08:50,RADIATOR_TEMP,-19.1435,0,none
2025-01-01 17:17:10,RADIATOR_TEMP,-7.5892,0,none
2025-01-01 17:25:30,RADIATOR_TEMP,-17.5391,0,none
2025-01-01 17:33:50,RADIATOR_TEMP,-3.978,0,none
2025-01-01 17:42:10,RADIATOR_TEMP,-17.6857,0,none
2025-01-01 17:50:30,RADIATOR_TEMP,-17.7058,0,none
2025-01-01 17:58:50,RADIATOR_TEMP,-13.2847,0,none
2025-01-01 18:07:10,RADIATOR_TEMP,-7.9565,0,none
2025-01-01 18:15:30,RADIATOR_TEMP,-5.2411,0,none
2025-01-01 18:23:50,RADIATOR_TEMP,-15.9292,0,none
2025-01-01 18:32:10,RADIATOR_TEMP,2.0237,0,none
2025-01-01 18:40:30,RADIATOR_TEMP,-17.1719,0,none
2025-01-01 18:48:50,RADIATOR_TEMP,-21.7112,1,collective
2025-01-01 18:57:10,RADIATOR_TEMP,-4.054445072111904,1,collective
2025-01-01 19:05:30,RADIATOR_TEMP,5.5314991147992245,1,collective
2025-01-01 19:13:50,RADIATOR_TEMP,10.63301015089229,1,collective
2025-01-01 19:22:10,RADIATOR_TEMP,1.4262098719142102,1,collective
2025-01-01 19:30:30,RADIATOR_TEMP,11.990867731879009,1,collective
2025-01-01 19:38:50,RADIATOR_TEMP,-5.907922533946396,1,collective
2025-01-01 19:47:10,RADIATOR_TEMP,-13.18909507654758,1,collective
2025-01-01 19:55:30,RADIATOR_TEMP,-12.506979304978236,1,collective
2025-01-01 20:03:50,RADIATOR_TEMP,-29.839790246468656,1,collective
2025-01-01 20:12:10,RADIATOR_TEMP,-13.857193389568923,1,collective
2025-01-01 20:20:30,RADIATOR_TEMP,-34.73794654221196,1,collective
2025-01-01 20:28:50,RADIATOR_TEMP,-36.6581412306805,1,collective
2025-01-01 20:37:10,RADIATOR_TEMP,-31.83300974814776,1,collective
2025-01-01 20:45:30,RADIATOR_TEMP,-9.947449976604926,1,collective
2025-01-01 20:53:50,RADIATOR_TEMP,-18.438426628542437,1,collective
2025-01-01 21:02:10,RADIATOR_TEMP,-2.4152191772565814,1,collective
2025-01-01 21:10:30,RADIATOR_TEMP,14.584204985040751,1,collective
2025-01-01 21:18:50,RADIATOR_TEMP,-0.5082346456301856,1,collective
2025-01-01 21:27:10,RADIATOR_TEMP,4.3050902830579645,1,collective
2025-01-01 21:35:30,RADIATOR_TEMP,-15.6573,0,none
2025-01-01 21:43:50,RADIATOR_TEMP,-11.9356,0,none
2025-01-01 21:52:10,RADIATOR_TEMP,-6.8902,0,none
2025-01-01 22:00:30,RADIATOR_TEMP,-17.3494,0,none
2025-01-01 22:08:50,RADIATOR_TEMP,0.3225,0,none
2025-01-01 22:17:10,RADIATOR_TEMP,-8.7412,0,none
2025-01-01 22:25:30,RADIATOR_TEMP,0.5753,0,none
2025-01-01 22:33:50,RADIATOR_TEMP,-2.5846,0,none
2025-01-01 22:42:10,RADIATOR_TEMP,-14.6593,0,none
2025-01-01 22:50:30,RADIATOR_TEMP,-1.4219,0,none
2025-01-01 22:58:50,RADIATOR_TEMP,1.4663,0,none
2025-01-01 23:07:10,RADIATOR_TEMP,1.1702,0,none
2025-01-01 23:15:30,RADIATOR_TEMP,-18.0862,0,none
2025-01-01 23:23:50,RADIATOR_TEMP,-1.8464,0,none
2025-01-01 23:32:10,RADIATOR_TEMP,-3.8213,0,none
2025-01-01 23:40:30,RADIATOR_TEMP,-6.8523,0,none
2025-01-01 23:48:50,RADIATOR_TEMP,-12.594,0,none
2025-01-01 23:57:10,RADIATOR_TEMP,-12.0515,0,none
2025-01-02 00:05:30,RADIATOR_TEMP,-7.9399,0,none
2025-01-02 00:13:50,RADIATOR_TEMP,-19.3536,0,none
2025-01-02 00:22:10,RADIATOR_TEMP,1.3682,0,none
2025-01-02 00:30:30,RADIATOR_TEMP,-11.1293,0,none
2025-01-02 00:38:50,RADIATOR_TEMP,-3.4375,0,none
2025-01-02 00:47:10,RADIATOR_TEMP,-6.8006,0,none
2025-01-02 00:55:30,RADIATOR_TEMP,-11.3866,0,none
2025-01-02 01:03:50,RADIATOR_TEMP,-1.4388,0,none
2025-01-02 01:12:10,RADIATOR_TEMP,-9.5016,0,none
2025-01-02 01:20:30,RADIATOR_TEMP,-9.5865,0,none
2025-01-02 01:28:50,RADIATOR_TEMP,-2.7058,0,none
2025-01-02 01:37:10,RADIATOR_TEMP,-2.3808,0,none
2025-01-02 01:45:30,RADIATOR_TEMP,-1.2102,0,none
2025-01-02 01:53:50,RADIATOR_TEMP,-9.8746,0,none
2025-01-02 02:02:10,RADIATOR_TEMP,-3.1424,0,none
2025-01-02 02:10:30,RADIATOR_TEMP,-2.9828,0,none
2025-01-02 02:18:50,RADIATOR_TEMP,-13.4692,0,none
2025-01-02 02:27:10,RADIATOR_TEMP,-1.9742,0,none
2025-01-02 02:35:30,RADIATOR_TEMP,-1.8159,0,none
2025-01-02 02:43:50,RADIATOR_TEMP,-3.3197,0,none
2025-01-02 02:52:10,RADIATOR_TEMP,2.0605,0,none
2025-01-02 03:00:30,RADIATOR_TEMP,-8.2869,0,none
2025-01-02 03:08:50,RADIATOR_TEMP,-0.494,0,none
2025-01-02 03:17:10,RADIATOR_TEMP,0.158,0,none
2025-01-02 03:25:30,RADIATOR_TEMP,-1.7593,0,none
2025-01-02 03:33:50,RADIATOR_TEMP,-8.0833,0,none
2025-01-02 03:42:10,RADIATOR_TEMP,3.4119,0,none
2025-01-01 00:05:00,REACTION_WHEEL_SPD_X,916.2922,0,none
2025-01-01 00:13:20,REACTION_WHEEL_SPD_X,1265.678,0,none
2025-01-01 00:21:40,REACTION_WHEEL_SPD_X,935.8122,0,none
2025-01-01 00:30:00,REACTION_WHEEL_SPD_X,605.5645,0,none
2025-01-01 00:38:20,REACTION_WHEEL_SPD_X,1495.1389,0,none
2025-01-01 00:46:40,REACTION_WHEEL_SPD_X,1449.8117,0,none
2025-01-01 00:55:00,REACTION_WHEEL_SPD_X,1746.7664,0,none
2025-01-01 01:03:20,REACTION_WHEEL_SPD_X,1044.9019,0,none
2025-01-01 01:11:40,REACTION_WHEEL_SPD_X,853.481,0,none
2025-01-01 01:20:00,REACTION_WHEEL_SPD_X,604.228,0,none
2025-01-01 01:28:20,REACTION_WHEEL_SPD_X,289.3106,0,none
2025-01-01 01:36:40,REACTION_WHEEL_SPD_X,-5.5959,0,none
2025-01-01 01:45:00,REACTION_WHEEL_SPD_X,1734.962,0,none
2025-01-01 01:53:20,REACTION_WHEEL_SPD_X,1723.0398,0,none
2025-01-01 02:01:40,REACTION_WHEEL_SPD_X,662.4326,0,none
2025-01-01 02:10:00,REACTION_WHEEL_SPD_X,1599.8047,0,none
2025-01-01 02:18:20,REACTION_WHEEL_SPD_X,1577.9859,0,none
2025-01-01 02:26:40,REACTION_WHEEL_SPD_X,118.9212,0,none
2025-01-01 02:35:00,REACTION_WHEEL_SPD_X,1146.3482,0,none
2025-01-01 02:43:20,REACTION_WHEEL_SPD_X,684.4506,0,none
2025-01-01 02:51:40,REACTION_WHEEL_SPD_X,-1000.3479,0,none
2025-01-01 03:00:00,REACTION_WHEEL_SPD_X,1785.4431,0,none
2025-01-01 03:08:20,REACTION_WHEEL_SPD_X,-30.9304,0,none
2025-01-01 03:16:40,REACTION_WHEEL_SPD_X,-226.1353,0,none
2025-01-01 03:25:00,REACTION_WHEEL_SPD_X,1026.8568,0,none
2025-01-01 03:33:20,REACTION_WHEEL_SPD_X,1644.9785,0,none
2025-01-01 03:41:40,REACTION_WHEEL_SPD_X,976.7399,0,none
2025-01-01 03:50:00,REACTION_WHEEL_SPD_X,1459.1728,0,none
2025-01-01 03:58:20,REACTION_WHEEL_SPD_X,1008.6355,0,none
2025-01-01 04:06:40,REACTION_WHEEL_SPD_X,1006.4165,0,none
2025-01-01 04:15:00,REACTION_WHEEL_SPD_X,-799.4419,0,none
2025-01-01 04:23:20,REACTION_WHEEL_SPD_X,-554.6634,0,none
2025-01-01 04:31:40,REACTION_WHEEL_SPD_X,-1517.7689,0,none
2025-01-01 04:40:00,REACTION_WHEEL_SPD_X,1468.6094,0,none
2025-01-01 04:48:20,REACTION_WHEEL_SPD_X,790.0062,0,none
2025-01-01 04:56:40,REACTION_WHEEL_SPD_X,-1031.0103,0,none
2025-01-01 05:05:00,REACTION_WHEEL_SPD_X,1349.2404,0,none
2025-01-01 05:13:20,REACTION_WHEEL_SPD_X,765.312,0,none
2025-01-01 05:21:40,REACTION_WHEEL_SPD_X,2002.9888,0,none
2025-01-01 05:30:00,REACTION_WHEEL_SPD_X,-582.9514,0,none
2025-01-01 05:38:20,REACTION_WHEEL_SPD_X,-1027.7872,0,none
2025-01-01 05:46:40,REACTION_WHEEL_SPD_X,1526.0833,0,none
2025-01-01 05:55:00,REACTION_WHEEL_SPD_X,-525.6899,0,none
2025-01-01 06:03:20,REACTION_WHEEL_SPD_X,635.7033,0,none
2025-01-01 06:11:40,REACTION_WHEEL_SPD_X,-19.8839,0,none
2025-01-01 06:20:00,REACTION_WHEEL_SPD_X,-22.908,0,none
2025-01-01 06:28:20,REACTION_WHEEL_SPD_X,450.3852,0,none
2025-01-01 06:36:40,REACTION_WHEEL_SPD_X,-86.4439,0,none
2025-01-01 06:45:00,REACTION_WHEEL_SPD_X,-46.0797,0,none
2025-01-01 06:53:20,REACTION_WHEEL_SPD_X,1055.5343,0,none
2025-01-01 07:01:40,REACTION_WHEEL_SPD_X,1436.9243,0,none
2025-01-01 07:10:00,REACTION_WHEEL_SPD_X,-893.5021,0,none
2025-01-01 07:18:20,REACTION_WHEEL_SPD_X,1487.9424,0,none
2025-01-01 07:26:40,REACTION_WHEEL_SPD_X,49.5749,0,none
2025-01-01 07:35:00,REACTION_WHEEL_SPD_X,1121.2126,0,none
2025-01-01 07:43:20,REACTION_WHEEL_SPD_X,-504.4803,0,none
2025-01-01 07:51:40,REACTION_WHEEL_SPD_X,-1212.5855,0,none
2025-01-01 08:00:00,REACTION_WHEEL_SPD_X,-1495.5419,0,none
2025-01-01 08:08:20,REACTION_WHEEL_SPD_X,1183.2985,0,none
2025-01-01 08:16:40,REACTION_WHEEL_SPD_X,1245.4418,0,none
2025-01-01 08:25:00,REACTION_WHEEL_SPD_X,501.9366,0,none
2025-01-01 08:33:20,REACTION_WHEEL_SPD_X,-1053.5403,0,none
2025-01-01 08:41:40,REACTION_WHEEL_SPD_X,1444.1078,0,none
2025-01-01 08:50:00,REACTION_WHEEL_SPD_X,165.6074,0,none
2025-01-01 08:58:20,REACTION_WHEEL_SPD_X,404.0283,0,none
2025-01-01 09:06:40,REACTION_WHEEL_SPD_X,1230.8161,0,none
2025-01-01 09:15:00,REACTION_WHEEL_SPD_X,920.79,0,none
2025-01-01 09:23:20,REACTION_WHEEL_SPD_X,1483.5229,0,none
2025-01-01 09:31:40,REACTION_WHEEL_SPD_X,-1158.4523,0,none
2025-01-01 09:40:00,REACTION_WHEEL_SPD_X,-1837.5567,0,none
2025-01-01 09:48:20,REACTION_WHEEL_SPD_X,-928.1624,0,none
2025-01-01 09:56:40,REACTION_WHEEL_SPD_X,-507.302,0,none
2025-01-01 10:05:00,REACTION_WHEEL_SPD_X,116.2991,0,none
2025-01-01 10:13:20,REACTION_WHEEL_SPD_X,-1145.0909,0,none
2025-01-01 10:21:40,REACTION_WHEEL_SPD_X,-1391.5802,0,none
2025-01-01 10:30:00,REACTION_WHEEL_SPD_X,-1422.1734,0,none
2025-01-01 10:38:20,REACTION_WHEEL_SPD_X,-1353.4629,0,none
2025-01-01 10:46:40,REACTION_WHEEL_SPD_X,757.5242,0,none
2025-01-01 10:55:00,REACTION_WHEEL_SPD_X,-1508.0439,0,none
2025-01-01 11:03:20,REACTION_WHEEL_SPD_X,203.5655,0,none
2025-01-01 11:11:40,REACTION_WHEEL_SPD_X,510.6335,0,none
2025-01-01 11:20:00,REACTION_WHEEL_SPD_X,-1392.7473,0,none
2025-01-01 11:28:20,REACTION_WHEEL_SPD_X,-1045.8659,0,none
2025-01-01 11:36:40,REACTION_WHEEL_SPD_X,-703.4189,0,none
2025-01-01 11:45:00,REACTION_WHEEL_SPD_X,469.9205,0,none
2025-01-01 11:53:20,REACTION_WHEEL_SPD_X,152.3034,0,none
2025-01-01 12:01:40,REACTION_WHEEL_SPD_X,-1492.156,0,none
2025-01-01 12:10:00,REACTION_WHEEL_SPD_X,-1655.8426,0,none
2025-01-01 12:18:20,REACTION_WHEEL_SPD_X,-672.2304,0,none
2025-01-01 12:26:40,REACTION_WHEEL_SPD_X,-2019.4286,0,none
2025-01-01 12:35:00,REACTION_WHEEL_SPD_X,-1057.7436,0,none
2025-01-01 12:43:20,REACTION_WHEEL_SPD_X,-622.8426,0,none
2025-01-01 12:51:40,REACTION_WHEEL_SPD_X,-1468.6302,0,none
2025-01-01 13:00:00,REACTION_WHEEL_SPD_X,-1514.1652,0,none
2025-01-01 13:08:20,REACTION_WHEEL_SPD_X,-724.5989,0,none
2025-01-01 13:16:40,REACTION_WHEEL_SPD_X,199.3555,0,none
2025-01-01 13:25:00,REACTION_WHEEL_SPD_X,-560.7591,0,none
2025-01-01 13:33:20,REACTION_WHEEL_SPD_X,-1145.3921,0,none
2025-01-01 13:41:40,REACTION_WHEEL_SPD_X,-1619.9503,0,none
2025-01-01 13:50:00,REACTION_WHEEL_SPD_X,-1169.04,0,none
2025-01-01 13:58:20,REACTION_WHEEL_SPD_X,-869.5306,0,none
2025-01-01 14:06:40,REACTION_WHEEL_SPD_X,-697.4826,0,none
2025-01-01 14:15:00,REACTION_WHEEL_SPD_X,-1461.3703,0,none
2025-01-01 14:23:20,REACTION_WHEEL_SPD_X,-833.664,0,none
2025-01-01 14:31:40,REACTION_WHEEL_SPD_X,-1413.6667,0,none
2025-01-01 14:40:00,REACTION_WHEEL_SPD_X,-1187.5237,0,none
2025-01-01 14:48:20,REACTION_WHEEL_SPD_X,-683.8402,0,none
2025-01-01 14:56:40,REACTION_WHEEL_SPD_X,-979.171,0,none
2025-01-01 15:05:00,REACTION_WHEEL_SPD_X,-1766.3816,0,none
2025-01-01 15:13:20,REACTION_WHEEL_SPD_X,-1130.1781,0,none
2025-01-01 15:21:40,REACTION_WHEEL_SPD_X,-1995.2912,0,none
2025-01-01 15:30:00,REACTION_WHEEL_SPD_X,-1254.1664,0,none
2025-01-01 15:38:20,REACTION_WHEEL_SPD_X,-1761.8782,0,none
2025-01-01 15:46:40,REACTION_WHEEL_SPD_X,-1408.9549,0,none
2025-01-01 15:55:00,REACTION_WHEEL_SPD_X,215.6387,0,none
2025-01-01 16:03:20,REACTION_WHEEL_SPD_X,-1726.0934,0,none
2025-01-01 16:11:40,REACTION_WHEEL_SPD_X,-1187.1356,0,none
2025-01-01 16:20:00,REACTION_WHEEL_SPD_X,-1170.2256,0,none
2025-01-01 16:28:20,REACTION_WHEEL_SPD_X,-1210.3143,0,none
2025-01-01 16:36:40,REACTION_WHEEL_SPD_X,273.5752,0,none
2025-01-01 16:45:00,REACTION_WHEEL_SPD_X,-937.176,0,none
2025-01-01 16:53:20,REACTION_WHEEL_SPD_X,-26.3951,0,none
2025-01-01 17:01:40,REACTION_WHEEL_SPD_X,-1525.5533,0,none
2025-01-01 17:10:00,REACTION_WHEEL_SPD_X,-712.6214,0,none
2025-01-01 17:18:20,REACTION_WHEEL_SPD_X,-254.4758,0,none
2025-01-01 17:26:40,REACTION_WHEEL_SPD_X,-1216.3505,0,none
2025-01-01 17:35:00,REACTION_WHEEL_SPD_X,757.7316,0,none
2025-01-01 17:43:20,REACTION_WHEEL_SPD_X,-1672.5892,0,none
2025-01-01 17:51:40,REACTION_WHEEL_SPD_X,172.9279,0,none
2025-01-01 18:00:00,REACTION_WHEEL_SPD_X,-973.6416,0,none
2025-01-01 18:08:20,REACTION_WHEEL_SPD_X,609.3669,0,none
2025-01-01 18:16:40,REACTION_WHEEL_SPD_X,-135.3076,0,none
2025-01-01 18:25:00,REACTION_WHEEL_SPD_X,580.2034,0,none
2025-01-01 18:33:20,REACTION_WHEEL_SPD_X,87.8973,0,none
2025-01-01 18:41:40,REACTION_WHEEL_SPD_X,-1642.8701,0,none
2025-01-01 18:50:00,REACTION_WHEEL_SPD_X,-1164.402,0,none
2025-01-01 18:58:20,REACTION_WHEEL_SPD_X,-1222.0931,0,none
2025-01-01 19:06:40,REACTION_WHEEL_SPD_X,-1661.6317,0,none
2025-01-01 19:15:00,REACTION_WHEEL_SPD_X,-667.799,0,none
2025-01-01 19:23:20,REACTION_WHEEL_SPD_X,-172.0627,0,none
2025-01-01 19:31:40,REACTION_WHEEL_SPD_X,883.5005,0,none
2025-01-01 19:40:00,REACTION_WHEEL_SPD_X,-505.918,0,none
2025-01-01 19:48:20,REACTION_WHEEL_SPD_X,689.1755,0,none
2025-01-01 19:56:40,REACTION_WHEEL_SPD_X,-1472.1631,0,none
2025-01-01 20:05:00,REACTION_WHEEL_SPD_X,-103.1477,0,none
2025-01-01 20:13:20,REACTION_WHEEL_SPD_X,99.6458,0,none
2025-01-01 20:21:40,REACTION_WHEEL_SPD_X,-922.7145,0,none
2025-01-01 20:30:00,REACTION_WHEEL_SPD_X,1468.2287,0,none
2025-01-01 20:38:20,REACTION_WHEEL_SPD_X,1435.7458,0,none
2025-01-01 20:46:40,REACTION_WHEEL_SPD_X,-125.5188,0,none
2025-01-01 20:55:00,REACTION_WHEEL_SPD_X,444.1956,0,none
2025-01-01 21:03:20,REACTION_WHEEL_SPD_X,-908.0946,0,none
2025-01-01 21:11:40,REACTION_WHEEL_SPD_X,1413.0721,0,none
2025-01-01 21:20:00,REACTION_WHEEL_SPD_X,676.9955,0,none
2025-01-01 21:28:20,REACTION_WHEEL_SPD_X,1631.3272,0,none
2025-01-01 21:36:40,REACTION_WHEEL_SPD_X,-120.5131,0,none
2025-01-01 21:45:00,REACTION_WHEEL_SPD_X,-1058.5702,0,none
2025-01-01 21:53:20,REACTION_WHEEL_SPD_X,1126.6054,0,none
2025-01-01 22:01:40,REACTION_WHEEL_SPD_X,-198.6524,0,none
2025-01-01 22:10:00,REACTION_WHEEL_SPD_X,1271.5065,0,none
2025-01-01 22:18:20,REACTION_WHEEL_SPD_X,1345.3116,0,none
2025-01-01 22:26:40,REACTION_WHEEL_SPD_X,-1394.0578,0,none
2025-01-01 22:35:00,REACTION_WHEEL_SPD_X,-779.9994,0,none
2025-01-01 22:43:20,REACTION_WHEEL_SPD_X,1304.365,0,none
2025-01-01 22:51:40,REACTION_WHEEL_SPD_X,636.5976,0,none
2025-01-01 23:00:00,REACTION_WHEEL_SPD_X,852.9909,0,none
2025-01-01 23:08:20,REACTION_WHEEL_SPD_X,947.7704,0,none
2025-01-01 23:16:40,REACTION_WHEEL_SPD_X,-695.5046,0,none
2025-01-01 23:25:00,REACTION_WHEEL_SPD_X,-983.3877,0,none
2025-01-01 23:33:20,REACTION_WHEEL_SPD_X,1404.5399,0,none
2025-01-01 23:41:40,REACTION_WHEEL_SPD_X,1457.0576,0,none
2025-01-01 23:50:00,REACTION_WHEEL_SPD_X,1463.0872,0,none
2025-01-01 23:58:20,REACTION_WHEEL_SPD_X,-792.6597,0,none
2025-01-02 00:06:40,REACTION_WHEEL_SPD_X,98.8374,0,none
2025-01-02 00:15:00,REACTION_WHEEL_SPD_X,1262.555,0,none
2025-01-02 00:23:20,REACTION_WHEEL_SPD_X,1373.6173,0,none
2025-01-02 00:31:40,REACTION_WHEEL_SPD_X,879.8394,0,none
2025-01-02 00:40:00,REACTION_WHEEL_SPD_X,19.2115,0,none
2025-01-02 00:48:20,REACTION_WHEEL_SPD_X,684.7401,0,none
2025-01-02 00:56:40,REACTION_WHEEL_SPD_X,621.8978,0,none
2025-01-02 01:05:00,REACTION_WHEEL_SPD_X,1434.5111,0,none
2025-01-02 01:13:20,REACTION_WHEEL_SPD_X,868.4718,0,none
2025-01-02 01:21:40,REACTION_WHEEL_SPD_X,1414.0768,0,none
2025-01-02 01:30:00,REACTION_WHEEL_SPD_X,713.4786,0,none
2025-01-02 01:38:20,REACTION_WHEEL_SPD_X,598.2705,0,none
2025-01-02 01:46:40,REACTION_WHEEL_SPD_X,1813.1418,0,none
2025-01-02 01:55:00,REACTION_WHEEL_SPD_X,965.7299,0,none
2025-01-02 02:03:20,REACTION_WHEEL_SPD_X,-236.1078,0,none
2025-01-02 02:11:40,REACTION_WHEEL_SPD_X,9.96,0,none
2025-01-02 02:20:00,REACTION_WHEEL_SPD_X,1297.4081,0,none
2025-01-02 02:28:20,REACTION_WHEEL_SPD_X,1074.8249,0,none
2025-01-02 02:36:40,REACTION_WHEEL_SPD_X,287.3909,0,none
2025-01-02 02:45:00,REACTION_WHEEL_SPD_X,445.1092,0,none
2025-01-02 02:53:20,REACTION_WHEEL_SPD_X,1120.0702,0,none
2025-01-02 03:01:40,REACTION_WHEEL_SPD_X,581.233,0,none
2025-01-02 03:10:00,REACTION_WHEEL_SPD_X,1300.6227,0,none
2025-01-02 03:18:20,REACTION_WHEEL_SPD_X,-29.6896,0,none
2025-01-02 03:26:40,REACTION_WHEEL_SPD_X,752.193,0,none
2025-01-02 03:35:00,REACTION_WHEEL_SPD_X,989.8005,0,none
2025-01-02 03:43:20,REACTION_WHEEL_SPD_X,502.5068,0,none
2025-01-01 00:05:10,REACTION_WHEEL_SPD_Y,411.606,0,none
2025-01-01 00:13:30,REACTION_WHEEL_SPD_Y,1409.5053,0,none
2025-01-01 00:21:50,REACTION_WHEEL_SPD_Y,1748.5534,0,none
2025-01-01 00:30:10,REACTION_WHEEL_SPD_Y,1443.8099,0,none
2025-01-01 00:38:30,REACTION_WHEEL_SPD_Y,843.0763,0,none
2025-01-01 00:46:50,REACTION_WHEEL_SPD_Y,1225.6288,0,none
2025-01-01 00:55:10,REACTION_WHEEL_SPD_Y,835.2547,0,none
2025-01-01 01:03:30,REACTION_WHEEL_SPD_Y,1209.8923,0,none
2025-01-01 01:11:50,REACTION_WHEEL_SPD_Y,1609.7705,0,none
2025-01-01 01:20:10,REACTION_WHEEL_SPD_Y,1255.2911,0,none
2025-01-01 01:28:30,REACTION_WHEEL_SPD_Y,403.4839,0,none
2025-01-01 01:36:50,REACTION_WHEEL_SPD_Y,767.1832,0,none
2025-01-01 01:45:10,REACTION_WHEEL_SPD_Y,651.6058,0,none
2025-01-01 01:53:30,REACTION_WHEEL_SPD_Y,966.5451,0,none
2025-01-01 02:01:50,REACTION_WHEEL_SPD_Y,1207.9777,0,none
2025-01-01 02:10:10,REACTION_WHEEL_SPD_Y,1803.9235,0,none
2025-01-01 02:18:30,REACTION_WHEEL_SPD_Y,924.6425,0,none
2025-01-01 02:26:50,REACTION_WHEEL_SPD_Y,1827.1891,0,none
2025-01-01 02:35:10,REACTION_WHEEL_SPD_Y,1595.4088,0,none
2025-01-01 02:43:30,REACTION_WHEEL_SPD_Y,1377.2575,0,none
2025-01-01 02:51:50,REACTION_WHEEL_SPD_Y,758.9464,0,none
2025-01-01 03:00:10,REACTION_WHEEL_SPD_Y,-445.8729,0,none
2025-01-01 03:08:30,REACTION_WHEEL_SPD_Y,1503.6494,0,none
2025-01-01 03:16:50,REACTION_WHEEL_SPD_Y,1391.8718,0,none
2025-01-01 03:25:10,REACTION_WHEEL_SPD_Y,-386.9736,0,none
2025-01-01 03:33:30,REACTION_WHEEL_SPD_Y,1400.9323,0,none
2025-01-01 03:41:50,REACTION_WHEEL_SPD_Y,1791.1116,0,none
2025-01-01 03:50:10,REACTION_WHEEL_SPD_Y,-963.2303,0,none
2025-01-01 03:58:30,REACTION_WHEEL_SPD_Y,-584.8663,0,none
2025-01-01 04:06:50,REACTION_WHEEL_SPD_Y,-579.589,0,none
2025-01-01 04:15:10,REACTION_WHEEL_SPD_Y,-154.0892,0,none
2025-01-01 04:23:30,REACTION_WHEEL_SPD_Y,-1219.7594,0,none
2025-01-01 04:31:50,REACTION_WHEEL_SPD_Y,1126.8336,0,none
2025-01-01 04:40:10,REACTION_WHEEL_SPD_Y,606.0365,0,none
2025-01-01 04:48:30,REACTION_WHEEL_SPD_Y,1802.4107,0,none
2025-01-01 04:56:50,REACTION_WHEEL_SPD_Y,-323.3194,0,none
2025-01-01 05:05:10,REACTION_WHEEL_SPD_Y,1341.2154,0,none
2025-01-01 05:13:30,REACTION_WHEEL_SPD_Y,912.4388,0,none
2025-01-01 05:21:50,REACTION_WHEEL_SPD_Y,1608.8225,0,none
2025-01-01 05:30:10,REACTION_WHEEL_SPD_Y,-1395.5704,0,none
2025-01-01 05:38:30,REACTION_WHEEL_SPD_Y,-936.9754,0,none
2025-01-01 05:46:50,REACTION_WHEEL_SPD_Y,-1394.8801,0,none
2025-01-01 05:55:10,REACTION_WHEEL_SPD_Y,860.5112,0,none
2025-01-01 06:03:30,REACTION_WHEEL_SPD_Y,-708.6784,0,none
2025-01-01 06:11:50,REACTION_WHEEL_SPD_Y,1901.7294,0,none
2025-01-01 06:20:10,REACTION_WHEEL_SPD_Y,-990.4214,0,none
2025-01-01 06:28:30,REACTION_WHEEL_SPD_Y,216.5498,0,none
2025-01-01 06:36:50,REACTION_WHEEL_SPD_Y,794.673,0,none
2025-01-01 06:45:10,REACTION_WHEEL_SPD_Y,1388.5099,0,none
2025-01-01 06:53:30,REACTION_WHEEL_SPD_Y,580.4305,0,none
2025-01-01 07:01:50,REACTION_WHEEL_SPD_Y,533.2631,0,none
2025-01-01 07:10:10,REACTION_WHEEL_SPD_Y,-621.6753,0,none
2025-01-01 07:18:30,REACTION_WHEEL_SPD_Y,-755.0727,0,none
2025-01-01 07:26:50,REACTION_WHEEL_SPD_Y,-185.9715,0,none
2025-01-01 07:35:10,REACTION_WHEEL_SPD_Y,1025.3551,0,none
2025-01-01 07:43:30,REACTION_WHEEL_SPD_Y,-101.3028,0,none
2025-01-01 07:51:50,REACTION_WHEEL_SPD_Y,-147.3224,0,none
2025-01-01 08:00:10,REACTION_WHEEL_SPD_Y,888.0179,0,none
2025-01-01 08:08:30,REACTION_WHEEL_SPD_Y,1206.9342,0,none
2025-01-01 08:16:50,REACTION_WHEEL_SPD_Y,-1660.5019,0,none
2025-01-01 08:25:10,REACTION_WHEEL_SPD_Y,-1502.1406,0,none
2025-01-01 08:33:30,REACTION_WHEEL_SPD_Y,-1288.1577,0,none
2025-01-01 08:41:50,REACTION_WHEEL_SPD_Y,-275.9492,0,none
2025-01-01 08:50:10,REACTION_WHEEL_SPD_Y,-1046.1622,0,none
2025-01-01 08:58:30,REACTION_WHEEL_SPD_Y,-1412.1607,0,none
2025-01-01 09:06:50,REACTION_WHEEL_SPD_Y,588.0084,0,none
2025-01-01 09:15:10,REACTION_WHEEL_SPD_Y,-1503.532,0,none
2025-01-01 09:23:30,REACTION_WHEEL_SPD_Y,-654.0579,0,none
2025-01-01 09:31:50,REACTION_WHEEL_SPD_Y,-1445.677,0,none
2025-01-01 09:40:10,REACTION_WHEEL_SPD_Y,-1467.6185,0,none
2025-01-01 09:48:30,REACTION_WHEEL_SPD_Y,150.2744,0,none
2025-01-01 09:56:50,REACTION_WHEEL_SPD_Y,108.762,0,none
2025-01-01 10:05:10,REACTION_WHEEL_SPD_Y,-1447.038,0,none
2025-01-01 10:13:30,REACTION_WHEEL_SPD_Y,-1124.1777,0,none
2025-01-01 10:21:50,REACTION_WHEEL_SPD_Y,-1291.0119,0,none
2025-01-01 10:30:10,REACTION_WHEEL_SPD_Y,-1309.3615,0,none
2025-01-01 10:38:30,REACTION_WHEEL_SPD_Y,212.3843,0,none
2025-01-01 10:46:50,REACTION_WHEEL_SPD_Y,-872.6432,0,none
2025-01-01 10:55:10,REACTION_WHEEL_SPD_Y,-1319.2488,0,none
2025-01-01 11:03:30,REACTION_WHEEL_SPD_Y,382.2603,0,none
2025-01-01 11:11:50,REACTION_WHEEL_SPD_Y,-652.9792,0,none
2025-01-01 11:20:10,REACTION_WHEEL_SPD_Y,-469.5445,0,none
2025-01-01 11:28:30,REACTION_WHEEL_SPD_Y,-1301.4391,0,none
2025-01-01 11:36:50,REACTION_WHEEL_SPD_Y,-1472.3658,0,none
2025-01-01 11:45:10,REACTION_WHEEL_SPD_Y,629.0526,0,none
2025-01-01 11:53:30,REACTION_WHEEL_SPD_Y,-1605.6455,0,none
2025-01-01 12:01:50,REACTION_WHEEL_SPD_Y,-1660.4847,0,none
2025-01-01 12:10:10,REACTION_WHEEL_SPD_Y,-206.8919,0,none
2025-01-01 12:18:30,REACTION_WHEEL_SPD_Y,-565.8824,0,none
2025-01-01 12:26:50,REACTION_WHEEL_SPD_Y,-1279.5564,0,none
2025-01-01 12:35:10,REACTION_WHEEL_SPD_Y,-1086.1792,0,none
2025-01-01 12:43:30,REACTION_WHEEL_SPD_Y,-1122.1553,0,none
2025-01-01 12:51:50,REACTION_WHEEL_SPD_Y,-1486.9593,0,none
2025-01-01 13:00:10,REACTION_WHEEL_SPD_Y,-313.9258,0,none
2025-01-01 13:08:30,REACTION_WHEEL_SPD_Y,-1102.1417,0,none
2025-01-01 13:16:50,REACTION_WHEEL_SPD_Y,-583.5368,0,none
2025-01-01 13:25:10,REACTION_WHEEL_SPD_Y,-1294.4988,0,none
2025-01-01 13:33:30,REACTION_WHEEL_SPD_Y,-1553.4867,0,none
2025-01-01 13:41:50,REACTION_WHEEL_SPD_Y,-1430.8499,0,none
2025-01-01 13:50:10,REACTION_WHEEL_SPD_Y,-1487.1067,0,none
2025-01-01 13:58:30,REACTION_WHEEL_SPD_Y,-1418.0689,0,none
2025-01-01 14:06:50,REACTION_WHEEL_SPD_Y,-856.6257,0,none
2025-01-01 14:15:10,REACTION_WHEEL_SPD_Y,-450.9177,0,none
2025-01-01 14:23:30,REACTION_WHEEL_SPD_Y,-824.6659,0,none
2025-01-01 14:31:50,REACTION_WHEEL_SPD_Y,-468.1972,0,none
2025-01-01 14:40:10,REACTION_WHEEL_SPD_Y,-1606.7815,0,none
2025-01-01 14:48:30,REACTION_WHEEL_SPD_Y,384.3879,0,none
2025-01-01 14:56:50,REACTION_WHEEL_SPD_Y,-1156.6815,0,none
2025-01-01 15:05:10,REACTION_WHEEL_SPD_Y,-1692.1536,0,none
2025-01-01 15:13:30,REACTION_WHEEL_SPD_Y,-1085.9095,0,none
2025-01-01 15:21:50,REACTION_WHEEL_SPD_Y,-1990.2248,0,none
2025-01-01 15:30:10,REACTION_WHEEL_SPD_Y,-1138.0998,0,none
2025-01-01 15:38:30,REACTION_WHEEL_SPD_Y,-1263.2849,0,none
2025-01-01 15:46:50,REACTION_WHEEL_SPD_Y,-1175.5695,0,none
2025-01-01 15:55:10,REACTION_WHEEL_SPD_Y,-1093.7073,0,none
2025-01-01 16:03:30,REACTION_WHEEL_SPD_Y,-290.4101,0,none
2025-01-01 16:11:50,REACTION_WHEEL_SPD_Y,-992.2296,0,none
2025-01-01 16:20:10,REACTION_WHEEL_SPD_Y,-41.3757,0,none
2025-01-01 16:28:30,REACTION_WHEEL_SPD_Y,492.3741,0,none
2025-01-01 16:36:50,REACTION_WHEEL_SPD_Y,-763.5557,0,none
2025-01-01 16:45:10,REACTION_WHEEL_SPD_Y,-1235.5236,0,none
2025-01-01 16:53:30,REACTION_WHEEL_SPD_Y,-1349.5084,0,none
2025-01-01 17:01:50,REACTION_WHEEL_SPD_Y,-1352.9615,0,none
2025-01-01 17:10:10,REACTION_WHEEL_SPD_Y,-1466.7613,0,none
2025-01-01 17:18:30,REACTION_WHEEL_SPD_Y,-943.5925,0,none
2025-01-01 17:26:50,REACTION_WHEEL_SPD_Y,-1586.3919,0,none
2025-01-01 17:35:10,REACTION_WHEEL_SPD_Y,511.185,0,none
2025-01-01 17:43:30,REACTION_WHEEL_SPD_Y,-1483.1853,0,none
2025-01-01 17:51:50,REACTION_WHEEL_SPD_Y,-1308.8987,0,none
2025-01-01 18:00:10,REACTION_WHEEL_SPD_Y,-1794.0238,0,none
2025-01-01 18:08:30,REACTION_WHEEL_SPD_Y,954.6912,0,none
2025-01-01 18:16:50,REACTION_WHEEL_SPD_Y,743.9879,0,none
2025-01-01 18:25:10,REACTION_WHEEL_SPD_Y,1113.0069,0,none
2025-01-01 18:33:30,REACTION_WHEEL_SPD_Y,-582.6695,0,none
2025-01-01 18:41:50,REACTION_WHEEL_SPD_Y,-1263.4119,0,none
2025-01-01 18:50:10,REACTION_WHEEL_SPD_Y,-1095.4293,0,none
2025-01-01 18:58:30,REACTION_WHEEL_SPD_Y,87.6036,0,none
2025-01-01 19:06:50,REACTION_WHEEL_SPD_Y,837.2839,0,none
2025-01-01 19:15:10,REACTION_WHEEL_SPD_Y,-302.3171,0,none
2025-01-01 19:23:30,REACTION_WHEEL_SPD_Y,-422.9336,0,none
2025-01-01 19:31:50,REACTION_WHEEL_SPD_Y,1730.6422,0,none
2025-01-01 19:40:10,REACTION_WHEEL_SPD_Y,370.1729,0,none
2025-01-01 19:48:30,REACTION_WHEEL_SPD_Y,304.8907,0,none
2025-01-01 19:56:50,REACTION_WHEEL_SPD_Y,1138.0403,0,none
2025-01-01 20:05:10,REACTION_WHEEL_SPD_Y,-1618.8047,0,none
2025-01-01 20:13:30,REACTION_WHEEL_SPD_Y,1663.3808,0,none
2025-01-01 20:21:50,REACTION_WHEEL_SPD_Y,1488.3646,0,none
2025-01-01 20:30:10,REACTION_WHEEL_SPD_Y,1035.5675,0,none
2025-01-01 20:38:30,REACTION_WHEEL_SPD_Y,-1492.8651,0,none
2025-01-01 20:46:50,REACTION_WHEEL_SPD_Y,-1386.7122,0,none
2025-01-01 20:55:10,REACTION_WHEEL_SPD_Y,1504.0755,0,none
2025-01-01 21:03:30,REACTION_WHEEL_SPD_Y,486.7611,0,none
2025-01-01 21:11:50,REACTION_WHEEL_SPD_Y,1220.7729,0,none
2025-01-01 21:20:10,REACTION_WHEEL_SPD_Y,1476.0424,0,none
2025-01-01 21:28:30,REACTION_WHEEL_SPD_Y,1522.0468,0,none
2025-01-01 21:36:50,REACTION_WHEEL_SPD_Y,258.3964,0,none
2025-01-01 21:45:10,REACTION_WHEEL_SPD_Y,1077.5621,0,none
2025-01-01 21:53:30,REACTION_WHEEL_SPD_Y,-246.9706,0,none
2025-01-01 22:01:50,REACTION_WHEEL_SPD_Y,1469.6293,0,none
2025-01-01 22:10:10,REACTION_WHEEL_SPD_Y,-1288.8426,0,none
2025-01-01 22:18:30,REACTION_WHEEL_SPD_Y,1468.8791,0,none
2025-01-01 22:26:50,REACTION_WHEEL_SPD_Y,1242.122,0,none
2025-01-01 22:35:10,REACTION_WHEEL_SPD_Y,-247.0082,0,none
2025-01-01 22:43:30,REACTION_WHEEL_SPD_Y,-611.1694,0,none
2025-01-01 22:51:50,REACTION_WHEEL_SPD_Y,-121.9072,0,none
2025-01-01 23:00:10,REACTION_WHEEL_SPD_Y,1252.862,0,none
2025-01-01 23:08:30,REACTION_WHEEL_SPD_Y,1112.6169,0,none
2025-01-01 23:16:50,REACTION_WHEEL_SPD_Y,1528.9112,0,none
2025-01-01 23:25:10,REACTION_WHEEL_SPD_Y,-1218.5408,0,none
2025-01-01 23:33:30,REACTION_WHEEL_SPD_Y,1419.7661,0,none
2025-01-01 23:41:50,REACTION_WHEEL_SPD_Y,1422.5525,0,none
2025-01-01 23:50:10,REACTION_WHEEL_SPD_Y,214.8905,0,none
2025-01-01 23:58:30,REACTION_WHEEL_SPD_Y,953.0466,0,none
2025-01-02 00:06:50,REACTION_WHEEL_SPD_Y,1407.623,0,none
2025-01-02 00:15:10,REACTION_WHEEL_SPD_Y,1606.717,0,none
2025-01-02 00:23:30,REACTION_WHEEL_SPD_Y,1195.2584,0,none
2025-01-02 00:31:50,REACTION_WHEEL_SPD_Y,1203.5016,0,none
2025-01-02 00:40:10,REACTION_WHEEL_SPD_Y,1225.6176,0,none
2025-01-02 00:48:30,REACTION_WHEEL_SPD_Y,683.4495,0,none
2025-01-02 00:56:50,REACTION_WHEEL_SPD_Y,1117.6398,0,none
2025-01-02 01:05:10,REACTION_WHEEL_SPD_Y,1990.2244,0,none
2025-01-02 01:13:30,REACTION_WHEEL_SPD_Y,1144.146,0,none
2025-01-02 01:21:50,REACTION_WHEEL_SPD_Y,-405.7343,0,none
2025-01-02 01:30:10,REACTION_WHEEL_SPD_Y,902.7341,0,none
2025-01-02 01:38:30,REACTION_WHEEL_SPD_Y,-508.0906,0,none
2025-01-02 01:46:50,REACTION_WHEEL_SPD_Y,1814.8111,0,none
2025-01-02 01:55:10,REACTION_WHEEL_SPD_Y,1516.4162,0,none
2025-01-02 02:03:30,REACTION_WHEEL_SPD_Y,1307.0465,0,none
2025-01-02 02:11:50,REACTION_WHEEL_SPD_Y,866.59,0,none
2025-01-02 02:20:10,REACTION_WHEEL_SPD_Y,641.8172,0,none
2025-01-02 02:28:30,REACTION_WHEEL_SPD_Y,638.2587,0,none
2025-01-02 02:36:50,REACTION_WHEEL_SPD_Y,561.3153,0,none
2025-01-02 02:45:10,REACTION_WHEEL_SPD_Y,1680.1788,0,none
2025-01-02 02:53:30,REACTION_WHEEL_SPD_Y,1404.952,0,none
2025-01-02 03:01:50,REACTION_WHEEL_SPD_Y,1237.3058,0,none
2025-01-02 03:10:10,REACTION_WHEEL_SPD_Y,1568.0147,0,none
2025-01-02 03:18:30,REACTION_WHEEL_SPD_Y,1322.1241,0,none
2025-01-02 03:26:50,REACTION_WHEEL_SPD_Y,1541.8942,0,none
2025-01-02 03:35:10,REACTION_WHEEL_SPD_Y,1392.2824,0,none
2025-01-02 03:43:30,REACTION_WHEEL_SPD_Y,38.0004,0,none
2025-01-01 00:05:20,REACTION_WHEEL_SPD_Z,235.9119,0,none
2025-01-01 00:13:40,REACTION_WHEEL_SPD_Z,1076.1536,0,none
2025-01-01 00:22:00,REACTION_WHEEL_SPD_Z,1055.9606,0,none
2025-01-01 00:30:20,REACTION_WHEEL_SPD_Z,1422.2139,0,none
2025-01-01 00:38:40,REACTION_WHEEL_SPD_Z,1675.4093,0,none
2025-01-01 00:47:00,REACTION_WHEEL_SPD_Z,605.1669,0,none
2025-01-01 00:55:20,REACTION_WHEEL_SPD_Z,1432.6916,0,none
2025-01-01 01:03:40,REACTION_WHEEL_SPD_Z,943.0688,0,none
2025-01-01 01:12:00,REACTION_WHEEL_SPD_Z,1430.6903,0,none
2025-01-01 01:20:20,REACTION_WHEEL_SPD_Z,121.9803,0,none
2025-01-01 01:28:40,REACTION_WHEEL_SPD_Z,380.1945,0,none
2025-01-01 01:37:00,REACTION_WHEEL_SPD_Z,779.4198,0,none
2025-01-01 01:45:20,REACTION_WHEEL_SPD_Z,663.3117,0,none
2025-01-01 01:53:40,REACTION_WHEEL_SPD_Z,-470.9873,0,none
2025-01-01 02:02:00,REACTION_WHEEL_SPD_Z,1620.4248,0,none
2025-01-01 02:10:20,REACTION_WHEEL_SPD_Z,1428.8824,0,none
2025-01-01 02:18:40,REACTION_WHEEL_SPD_Z,1519.357,0,none
2025-01-01 02:27:00,REACTION_WHEEL_SPD_Z,-242.7412,0,none
2025-01-01 02:35:20,REACTION_WHEEL_SPD_Z,334.9593,0,none
2025-01-01 02:43:40,REACTION_WHEEL_SPD_Z,1153.6727,0,none
2025-01-01 02:52:00,REACTION_WHEEL_SPD_Z,1836.2326,0,none
2025-01-01 03:00:20,REACTION_WHEEL_SPD_Z,-584.1869,0,none
2025-01-01 03:08:40,REACTION_WHEEL_SPD_Z,105.6406,0,none
2025-01-01 03:17:00,REACTION_WHEEL_SPD_Z,1273.2569,0,none
2025-01-01 03:25:20,REACTION_WHEEL_SPD_Z,-718.3526,0,none
2025-01-01 03:33:40,REACTION_WHEEL_SPD_Z,-532.3553,0,none
2025-01-01 03:42:00,REACTION_WHEEL_SPD_Z,1445.8733,0,none
2025-01-01 03:50:20,REACTION_WHEEL_SPD_Z,-587.5109,0,none
2025-01-01 03:58:40,REACTION_WHEEL_SPD_Z,-902.163,0,none
2025-01-01 04:07:00,REACTION_WHEEL_SPD_Z,-660.6578,0,none
2025-01-01 04:15:20,REACTION_WHEEL_SPD_Z,1505.8186,0,none
2025-01-01 04:23:40,REACTION_WHEEL_SPD_Z,434.4616,0,none
2025-01-01 04:32:00,REACTION_WHEEL_SPD_Z,797.9566,0,none
2025-01-01 04:40:20,REACTION_WHEEL_SPD_Z,-926.3401,0,none
2025-01-01 04:48:40,REACTION_WHEEL_SPD_Z,1856.8403,0,none
2025-01-01 04:57:00,REACTION_WHEEL_SPD_Z,559.7992,0,none
2025-01-01 05:05:20,REACTION_WHEEL_SPD_Z,1478.5821,0,none
2025-01-01 05:13:40,REACTION_WHEEL_SPD_Z,1287.0263,0,none
2025-01-01 05:22:00,REACTION_WHEEL_SPD_Z,-1413.8829,0,none
2025-01-01 05:30:20,REACTION_WHEEL_SPD_Z,1249.1461,0,none
2025-01-01 05:38:40,REACTION_WHEEL_SPD_Z,-1240.6901,0,none
2025-01-01 05:47:00,REACTION_WHEEL_SPD_Z,701.956,0,none
2025-01-01 05:55:20,REACTION_WHEEL_SPD_Z,-344.8678,0,none
2025-01-01 06:03:40,REACTION_WHEEL_SPD_Z,-72.7302,0,none
2025-01-01 06:12:00,REACTION_WHEEL_SPD_Z,-877.7472,0,none
2025-01-01 06:20:20,REACTION_WHEEL_SPD_Z,1480.4036,0,none
2025-01-01 06:28:40,REACTION_WHEEL_SPD_Z,479.7736,0,none
2025-01-01 06:37:00,REACTION_WHEEL_SPD_Z,-1799.5036,0,none
2025-01-01 06:45:20,REACTION_WHEEL_SPD_Z,461.6623,0,none
2025-01-01 06:53:40,REACTION_WHEEL_SPD_Z,1675.3806,0,none
2025-01-01 07:02:00,REACTION_WHEEL_SPD_Z,-1039.3626,0,none
2025-01-01 07:10:20,REACTION_WHEEL_SPD_Z,1287.5394,0,none
2025-01-01 07:18:40,REACTION_WHEEL_SPD_Z,-760.8101,0,none
2025-01-01 07:27:00,REACTION_WHEEL_SPD_Z,1003.7643,0,none
2025-01-01 07:35:20,REACTION_WHEEL_SPD_Z,-262.6191,0,none
2025-01-01 07:43:40,REACTION_WHEEL_SPD_Z,-1204.1253,0,none
2025-01-01 07:52:00,REACTION_WHEEL_SPD_Z,1281.5417,0,none
2025-01-01 08:00:20,REACTION_WHEEL_SPD_Z,-899.812,0,none
2025-01-01 08:08:40,REACTION_WHEEL_SPD_Z,414.1625,0,none
2025-01-01 08:17:00,REACTION_WHEEL_SPD_Z,-1357.9116,0,none
2025-01-01 08:25:20,REACTION_WHEEL_SPD_Z,595.1857,0,none
2025-01-01 08:33:40,REACTION_WHEEL_SPD_Z,77.6869,0,none
2025-01-01 08:42:00,REACTION_WHEEL_SPD_Z,-1370.0077,0,none
2025-01-01 08:50:20,REACTION_WHEEL_SPD_Z,-821.3483,0,none
2025-01-01 08:58:40,REACTION_WHEEL_SPD_Z,-1966.5643,0,none
2025-01-01 09:07:00,REACTION_WHEEL_SPD_Z,379.933,0,none
2025-01-01 09:15:20,REACTION_WHEEL_SPD_Z,-991.7174,0,none
2025-01-01 09:23:40,REACTION_WHEEL_SPD_Z,47.3609,0,none
2025-01-01 09:32:00,REACTION_WHEEL_SPD_Z,1501.572,0,none
2025-01-01 09:40:20,REACTION_WHEEL_SPD_Z,-1309.7051,0,none
2025-01-01 09:48:40,REACTION_WHEEL_SPD_Z,-1437.1094,0,none
2025-01-01 09:57:00,REACTION_WHEEL_SPD_Z,968.1878,0,none
2025-01-01 10:05:20,REACTION_WHEEL_SPD_Z,971.6793,0,none
2025-01-01 10:13:40,REACTION_WHEEL_SPD_Z,-1834.7347,0,none
2025-01-01 10:22:00,REACTION_WHEEL_SPD_Z,-1556.3312,0,none
2025-01-01 10:30:20,REACTION_WHEEL_SPD_Z,-1089.1836,0,none
2025-01-01 10:38:40,REACTION_WHEEL_SPD_Z,269.7701,0,none
2025-01-01 10:47:00,REACTION_WHEEL_SPD_Z,-1080.8194,0,none
2025-01-01 10:55:20,REACTION_WHEEL_SPD_Z,-1408.1265,0,none
2025-01-01 11:03:40,REACTION_WHEEL_SPD_Z,-717.9909,0,none
2025-01-01 11:12:00,REACTION_WHEEL_SPD_Z,-866.6504,0,none
2025-01-01 11:20:20,REACTION_WHEEL_SPD_Z,-65.1776,0,none
2025-01-01 11:28:40,REACTION_WHEEL_SPD_Z,-1426.0031,0,none
2025-01-01 11:37:00,REACTION_WHEEL_SPD_Z,-1161.4136,0,none
2025-01-01 11:45:20,REACTION_WHEEL_SPD_Z,-1345.4938,0,none
2025-01-01 11:53:40,REACTION_WHEEL_SPD_Z,-309.9301,0,none
2025-01-01 12:02:00,REACTION_WHEEL_SPD_Z,-949.8438,0,none
2025-01-01 12:10:20,REACTION_WHEEL_SPD_Z,105.5281,0,none
2025-01-01 12:18:40,REACTION_WHEEL_SPD_Z,-805.0848,0,none
2025-01-01 12:27:00,REACTION_WHEEL_SPD_Z,-1202.5906,0,none
2025-01-01 12:35:20,REACTION_WHEEL_SPD_Z,-861.736,0,none
2025-01-01 12:43:40,REACTION_WHEEL_SPD_Z,-1441.4687,0,none
2025-01-01 12:52:00,REACTION_WHEEL_SPD_Z,-1052.3989,0,none
2025-01-01 13:00:20,REACTION_WHEEL_SPD_Z,-578.197,0,none
2025-01-01 13:08:40,REACTION_WHEEL_SPD_Z,-1196.1096,0,none
2025-01-01 13:17:00,REACTION_WHEEL_SPD_Z,-723.8228,0,none
2025-01-01 13:25:20,REACTION_WHEEL_SPD_Z,-747.9334,0,none
2025-01-01 13:33:40,REACTION_WHEEL_SPD_Z,-820.7751,0,none
2025-01-01 13:42:00,REACTION_WHEEL_SPD_Z,-1096.2223,0,none
2025-01-01 13:50:20,REACTION_WHEEL_SPD_Z,-1514.6777,0,none
2025-01-01 13:58:40,REACTION_WHEEL_SPD_Z,-76.984,0,none
2025-01-01 14:07:00,REACTION_WHEEL_SPD_Z,-207.2764,0,none
2025-01-01 14:15:20,REACTION_WHEEL_SPD_Z,-464.6317,0,none
2025-01-01 14:23:40,REACTION_WHEEL_SPD_Z,-691.6607,0,none
2025-01-01 14:32:00,REACTION_WHEEL_SPD_Z,-436.1587,0,none
2025-01-01 14:40:20,REACTION_WHEEL_SPD_Z,-689.1615,0,none
2025-01-01 14:48:40,REACTION_WHEEL_SPD_Z,-1129.6695,0,none
2025-01-01 14:57:00,REACTION_WHEEL_SPD_Z,-1063.0576,0,none
2025-01-01 15:05:20,REACTION_WHEEL_SPD_Z,46.71,0,none
2025-01-01 15:13:40,REACTION_WHEEL_SPD_Z,-1092.75,0,none
2025-01-01 15:22:00,REACTION_WHEEL_SPD_Z,186.4106,0,none
2025-01-01 15:30:20,REACTION_WHEEL_SPD_Z,-1024.023,0,none
2025-01-01 15:38:40,REACTION_WHEEL_SPD_Z,-973.2934,0,none
2025-01-01 15:47:00,REACTION_WHEEL_SPD_Z,-792.6761,0,none
2025-01-01 15:55:20,REACTION_WHEEL_SPD_Z,-1245.6329,0,none
2025-01-01 16:03:40,REACTION_WHEEL_SPD_Z,-1173.5087,0,none
2025-01-01 16:12:00,REACTION_WHEEL_SPD_Z,-1705.6544,0,none
2025-01-01 16:20:20,REACTION_WHEEL_SPD_Z,-1551.9271,0,none
2025-01-01 16:28:40,REACTION_WHEEL_SPD_Z,174.8371,0,none
2025-01-01 16:37:00,REACTION_WHEEL_SPD_Z,-664.1457,0,none
2025-01-01 16:45:20,REACTION_WHEEL_SPD_Z,-1397.5041,0,none
2025-01-01 16:53:40,REACTION_WHEEL_SPD_Z,-389.4124,0,none
2025-01-01 17:02:00,REACTION_WHEEL_SPD_Z,605.0949,0,none
2025-01-01 17:10:20,REACTION_WHEEL_SPD_Z,13.5757,0,none
2025-01-01 17:18:40,REACTION_WHEEL_SPD_Z,-690.1515,0,none
2025-01-01 17:27:00,REACTION_WHEEL_SPD_Z,-1734.3707,0,none
2025-01-01 17:35:20,REACTION_WHEEL_SPD_Z,-601.3547,0,none
2025-01-01 17:43:40,REACTION_WHEEL_SPD_Z,-1043.9444,0,none
2025-01-01 17:52:00,REACTION_WHEEL_SPD_Z,-1750.3924,0,none
2025-01-01 18:00:20,REACTION_WHEEL_SPD_Z,-1748.6166,0,none
2025-01-01 18:08:40,REACTION_WHEEL_SPD_Z,1224.1835,0,none
2025-01-01 18:17:00,REACTION_WHEEL_SPD_Z,-950.0473,0,none
2025-01-01 18:25:20,REACTION_WHEEL_SPD_Z,254.1311,0,none
2025-01-01 18:33:40,REACTION_WHEEL_SPD_Z,-342.8119,0,none
2025-01-01 18:42:00,REACTION_WHEEL_SPD_Z,-962.3813,0,none
2025-01-01 18:50:20,REACTION_WHEEL_SPD_Z,-1691.8029,0,none
2025-01-01 18:58:40,REACTION_WHEEL_SPD_Z,718.6801,0,none
2025-01-01 19:07:00,REACTION_WHEEL_SPD_Z,-970.0582,0,none
2025-01-01 19:15:20,REACTION_WHEEL_SPD_Z,1348.7789,0,none
2025-01-01 19:23:40,REACTION_WHEEL_SPD_Z,-1392.2474,0,none
2025-01-01 19:32:00,REACTION_WHEEL_SPD_Z,-732.279,0,none
2025-01-01 19:40:20,REACTION_WHEEL_SPD_Z,-1265.1557,0,none
2025-01-01 19:48:40,REACTION_WHEEL_SPD_Z,1358.4839,0,none
2025-01-01 19:57:00,REACTION_WHEEL_SPD_Z,-362.4971,0,none
2025-01-01 20:05:20,REACTION_WHEEL_SPD_Z,1772.4626,0,none
2025-01-01 20:13:40,REACTION_WHEEL_SPD_Z,-355.4516,0,none
2025-01-01 20:22:00,REACTION_WHEEL_SPD_Z,143.6119,0,none
2025-01-01 20:30:20,REACTION_WHEEL_SPD_Z,750.3774,0,none
2025-01-01 20:38:40,REACTION_WHEEL_SPD_Z,297.1673,0,none
2025-01-01 20:47:00,REACTION_WHEEL_SPD_Z,-984.9153,0,none
2025-01-01 20:55:20,REACTION_WHEEL_SPD_Z,1187.9022,0,none
2025-01-01 21:03:40,REACTION_WHEEL_SPD_Z,-1496.9841,0,none
2025-01-01 21:12:00,REACTION_WHEEL_SPD_Z,1327.2827,0,none
2025-01-01 21:20:20,REACTION_WHEEL_SPD_Z,-1360.4121,0,none
2025-01-01 21:28:40,REACTION_WHEEL_SPD_Z,660.4061,0,none
2025-01-01 21:37:00,REACTION_WHEEL_SPD_Z,1376.1095,0,none
2025-01-01 21:45:20,REACTION_WHEEL_SPD_Z,1415.1249,0,none
2025-01-01 21:53:40,REACTION_WHEEL_SPD_Z,1300.2883,0,none
2025-01-01 22:02:00,REACTION_WHEEL_SPD_Z,1301.9288,0,none
2025-01-01 22:10:20,REACTION_WHEEL_SPD_Z,-1529.9722,0,none
2025-01-01 22:18:40,REACTION_WHEEL_SPD_Z,959.5699,0,none
2025-01-01 22:27:00,REACTION_WHEEL_SPD_Z,471.6101,0,none
2025-01-01 22:35:20,REACTION_WHEEL_SPD_Z,382.7482,0,none
2025-01-01 22:43:40,REACTION_WHEEL_SPD_Z,1507.7742,0,none
2025-01-01 22:52:00,REACTION_WHEEL_SPD_Z,1488.7094,0,none
2025-01-01 23:00:20,REACTION_WHEEL_SPD_Z,-1211.9893,0,none
2025-01-01 23:08:40,REACTION_WHEEL_SPD_Z,191.4666,0,none
2025-01-01 23:17:00,REACTION_WHEEL_SPD_Z,1400.0315,0,none
2025-01-01 23:25:20,REACTION_WHEEL_SPD_Z,521.811,0,none
2025-01-01 23:33:40,REACTION_WHEEL_SPD_Z,1424.1535,0,none
2025-01-01 23:42:00,REACTION_WHEEL_SPD_Z,-767.4751,0,none
2025-01-01 23:50:20,REACTION_WHEEL_SPD_Z,183.8922,0,none
2025-01-01 23:58:40,REACTION_WHEEL_SPD_Z,880.4991,0,none
2025-01-02 00:07:00,REACTION_WHEEL_SPD_Z,64.36,0,none
2025-01-02 00:15:20,REACTION_WHEEL_SPD_Z,1052.9723,0,none
2025-01-02 00:23:40,REACTION_WHEEL_SPD_Z,1106.1091,0,none
2025-01-02 00:32:00,REACTION_WHEEL_SPD_Z,-373.6454,0,none
2025-01-02 00:40:20,REACTION_WHEEL_SPD_Z,1295.169,0,none
2025-01-02 00:48:40,REACTION_WHEEL_SPD_Z,431.8562,0,none
2025-01-02 00:57:00,REACTION_WHEEL_SPD_Z,1077.7941,0,none
2025-01-02 01:05:20,REACTION_WHEEL_SPD_Z,1211.8613,0,none
2025-01-02 01:13:40,REACTION_WHEEL_SPD_Z,962.4056,0,none
2025-01-02 01:22:00,REACTION_WHEEL_SPD_Z,1033.5545,0,none
2025-01-02 01:30:20,REACTION_WHEEL_SPD_Z,978.3143,0,none
2025-01-02 01:38:40,REACTION_WHEEL_SPD_Z,538.7333,0,none
2025-01-02 01:47:00,REACTION_WHEEL_SPD_Z,1283.5825,0,none
2025-01-02 01:55:20,REACTION_WHEEL_SPD_Z,694.6097,0,none
2025-01-02 02:03:40,REACTION_WHEEL_SPD_Z,592.6268,0,none
2025-01-02 02:12:00,REACTION_WHEEL_SPD_Z,1576.9568,0,none
2025-01-02 02:20:20,REACTION_WHEEL_SPD_Z,6.4311,0,none
2025-01-02 02:28:40,REACTION_WHEEL_SPD_Z,1003.7629,0,none
2025-01-02 02:37:00,REACTION_WHEEL_SPD_Z,1549.3134,0,none
2025-01-02 02:45:20,REACTION_WHEEL_SPD_Z,436.9051,0,none
2025-01-02 02:53:40,REACTION_WHEEL_SPD_Z,1215.8609,0,none
2025-01-02 03:02:00,REACTION_WHEEL_SPD_Z,664.0187,0,none
2025-01-02 03:10:20,REACTION_WHEEL_SPD_Z,679.3974,0,none
2025-01-02 03:18:40,REACTION_WHEEL_SPD_Z,1566.8171,0,none
2025-01-02 03:27:00,REACTION_WHEEL_SPD_Z,1361.1594,0,none
2025-01-02 03:35:20,REACTION_WHEEL_SPD_Z,545.6096,0,none
2025-01-02 03:43:40,REACTION_WHEEL_SPD_Z,1097.9782,0,none
2025-01-01 00:06:30,RF_NOISE_FLOOR,-87.0943,0,none
2025-01-01 00:14:50,RF_NOISE_FLOOR,-93.3478,0,none
2025-01-01 00:23:10,RF_NOISE_FLOOR,-91.5062,0,none
2025-01-01 00:31:30,RF_NOISE_FLOOR,-95.2207,0,none
2025-01-01 00:39:50,RF_NOISE_FLOOR,-93.8167,0,none
2025-01-01 00:48:10,RF_NOISE_FLOOR,-93.3123,0,none
2025-01-01 00:56:30,RF_NOISE_FLOOR,-85.4859,0,none
2025-01-01 01:04:50,RF_NOISE_FLOOR,-88.5463,0,none
2025-01-01 01:13:10,RF_NOISE_FLOOR,-89.8324,0,none
2025-01-01 01:21:30,RF_NOISE_FLOOR,-92.6168,0,none
2025-01-01 01:29:50,RF_NOISE_FLOOR,-88.811,0,none
2025-01-01 01:38:10,RF_NOISE_FLOOR,-87.1199,0,none
2025-01-01 01:46:30,RF_NOISE_FLOOR,-91.3561,0,none
2025-01-01 01:54:50,RF_NOISE_FLOOR,-88.3555,0,none
2025-01-01 02:03:10,RF_NOISE_FLOOR,-98.3253,0,none
2025-01-01 02:11:30,RF_NOISE_FLOOR,-87.0695,0,none
2025-01-01 02:19:50,RF_NOISE_FLOOR,-87.7671,0,none
2025-01-01 02:28:10,RF_NOISE_FLOOR,-88.7124,0,none
2025-01-01 02:36:30,RF_NOISE_FLOOR,-88.4542,0,none
2025-01-01 02:44:50,RF_NOISE_FLOOR,-90.3942,0,none
2025-01-01 02:53:10,RF_NOISE_FLOOR,-87.7725,0,none
2025-01-01 03:01:30,RF_NOISE_FLOOR,-93.8961,0,none
2025-01-01 03:09:50,RF_NOISE_FLOOR,-85.6099,0,none
2025-01-01 03:18:10,RF_NOISE_FLOOR,-88.7562,0,none
2025-01-01 03:26:30,RF_NOISE_FLOOR,-89.0823,0,none
2025-01-01 03:34:50,RF_NOISE_FLOOR,-87.8206,0,none
2025-01-01 03:43:10,RF_NOISE_FLOOR,-87.139,0,none
2025-01-01 03:51:30,RF_NOISE_FLOOR,-91.918,0,none
2025-01-01 03:59:50,RF_NOISE_FLOOR,-89.0235,0,none
2025-01-01 04:08:10,RF_NOISE_FLOOR,-88.2962,0,none
2025-01-01 04:16:30,RF_NOISE_FLOOR,-87.726,0,none
2025-01-01 04:24:50,RF_NOISE_FLOOR,-87.0951,0,none
2025-01-01 04:33:10,RF_NOISE_FLOOR,-90.5562,0,none
2025-01-01 04:41:30,RF_NOISE_FLOOR,-95.2385,0,none
2025-01-01 04:49:50,RF_NOISE_FLOOR,-100.3203,0,none
2025-01-01 04:58:10,RF_NOISE_FLOOR,-94.7326,0,none
2025-01-01 05:06:30,RF_NOISE_FLOOR,-93.3486,0,none
2025-01-01 05:14:50,RF_NOISE_FLOOR,-87.6298,0,none
2025-01-01 05:23:10,RF_NOISE_FLOOR,-87.8052,0,none
2025-01-01 05:31:30,RF_NOISE_FLOOR,-101.7407,0,none
2025-01-01 05:39:50,RF_NOISE_FLOOR,-96.2299,0,none
2025-01-01 05:48:10,RF_NOISE_FLOOR,-94.0145,0,none
2025-01-01 05:56:30,RF_NOISE_FLOOR,-101.4727,0,none
2025-01-01 06:04:50,RF_NOISE_FLOOR,-102.157,0,none
2025-01-01 06:13:10,RF_NOISE_FLOOR,-88.4746,0,none
2025-01-01 06:21:30,RF_NOISE_FLOOR,-103.6777,0,none
2025-01-01 06:29:50,RF_NOISE_FLOOR,-88.9183,0,none
2025-01-01 06:38:10,RF_NOISE_FLOOR,-100.5052,0,none
2025-01-01 06:46:30,RF_NOISE_FLOOR,-100.8478,0,none
2025-01-01 06:54:50,RF_NOISE_FLOOR,-87.3337,0,none
2025-01-01 07:03:10,RF_NOISE_FLOOR,-98.8624,0,none
2025-01-01 07:11:30,RF_NOISE_FLOOR,-94.873,0,none
2025-01-01 07:19:50,RF_NOISE_FLOOR,-90.0892,0,none
2025-01-01 07:28:10,RF_NOISE_FLOOR,-97.1636,0,none
2025-01-01 07:36:30,RF_NOISE_FLOOR,-99.2684,0,none
2025-01-01 07:44:50,RF_NOISE_FLOOR,-90.8329,0,none
2025-01-01 07:53:10,RF_NOISE_FLOOR,-87.5244,0,none
2025-01-01 08:01:30,RF_NOISE_FLOOR,-99.1684,0,none
2025-01-01 08:09:50,RF_NOISE_FLOOR,-88.638,0,none
2025-01-01 08:18:10,RF_NOISE_FLOOR,-97.4427,0,none
2025-01-01 08:26:30,RF_NOISE_FLOOR,-87.4774,0,none
2025-01-01 08:34:50,RF_NOISE_FLOOR,-104.1574,0,none
2025-01-01 08:43:10,RF_NOISE_FLOOR,-92.855,0,none
2025-01-01 08:51:30,RF_NOISE_FLOOR,-96.9093,0,none
2025-01-01 08:59:50,RF_NOISE_FLOOR,-99.7682,0,none
2025-01-01 09:08:10,RF_NOISE_FLOOR,-101.0329,0,none
2025-01-01 09:16:30,RF_NOISE_FLOOR,-100.1878,0,none
2025-01-01 09:24:50,RF_NOISE_FLOOR,-97.8936,0,none
2025-01-01 09:33:10,RF_NOISE_FLOOR,-90.9064,0,none
2025-01-01 09:41:30,RF_NOISE_FLOOR,-92.3052,0,none
2025-01-01 09:49:50,RF_NOISE_FLOOR,-104.3498,0,none
2025-01-01 09:58:10,RF_NOISE_FLOOR,-100.6042,0,none
2025-01-01 10:06:30,RF_NOISE_FLOOR,-91.4641,0,none
2025-01-01 10:14:50,RF_NOISE_FLOOR,-99.1654,0,none
2025-01-01 10:23:10,RF_NOISE_FLOOR,-101.9381,0,none
2025-01-01 10:31:30,RF_NOISE_FLOOR,-103.3936,0,none
2025-01-01 10:39:50,RF_NOISE_FLOOR,-100.1024,0,none
2025-01-01 10:48:10,RF_NOISE_FLOOR,-100.6883,0,none
2025-01-01 10:56:30,RF_NOISE_FLOOR,-101.1869,0,none
2025-01-01 11:04:50,RF_NOISE_FLOOR,-98.5933,0,none
2025-01-01 11:13:10,RF_NOISE_FLOOR,-95.604,0,none
2025-01-01 11:21:30,RF_NOISE_FLOOR,-92.6051,0,none
2025-01-01 11:29:50,RF_NOISE_FLOOR,-100.0708,0,none
2025-01-01 11:38:10,RF_NOISE_FLOOR,-103.3473,0,none
2025-01-01 11:46:30,RF_NOISE_FLOOR,-94.7231,0,none
2025-01-01 11:54:50,RF_NOISE_FLOOR,-98.4374,0,none
2025-01-01 12:03:10,RF_NOISE_FLOOR,-104.0042,0,none
2025-01-01 12:11:30,RF_NOISE_FLOOR,-95.8802,0,none
2025-01-01 12:19:50,RF_NOISE_FLOOR,-98.2259,0,none
2025-01-01 12:28:10,RF_NOISE_FLOOR,-97.2629,0,none
2025-01-01 12:36:30,RF_NOISE_FLOOR,-98.4616,0,none
2025-01-01 12:44:50,RF_NOISE_FLOOR,-94.7192,0,none
2025-01-01 12:53:10,RF_NOISE_FLOOR,-102.8783,0,none
2025-01-01 13:01:30,RF_NOISE_FLOOR,-98.3862,0,none
2025-01-01 13:09:50,RF_NOISE_FLOOR,-96.2812,0,none
2025-01-01 13:18:10,RF_NOISE_FLOOR,-96.572,0,none
2025-01-01 13:26:30,RF_NOISE_FLOOR,-104.4206,0,none
2025-01-01 13:34:50,RF_NOISE_FLOOR,-103.4986,0,none
2025-01-01 13:43:10,RF_NOISE_FLOOR,-99.32,0,none
2025-01-01 13:51:30,RF_NOISE_FLOOR,-101.9424,0,none
2025-01-01 13:59:50,RF_NOISE_FLOOR,-97.276,0,none
2025-01-01 14:08:10,RF_NOISE_FLOOR,-97.6838,0,none
2025-01-01 14:16:30,RF_NOISE_FLOOR,-101.0622,0,none
2025-01-01 14:24:50,RF_NOISE_FLOOR,-97.7779,0,none
2025-01-01 14:33:10,RF_NOISE_FLOOR,-99.4592,0,none
2025-01-01 14:41:30,RF_NOISE_FLOOR,-102.9529,0,none
2025-01-01 14:49:50,RF_NOISE_FLOOR,-100.6731,0,none
2025-01-01 14:58:10,RF_NOISE_FLOOR,-101.2886,0,none
2025-01-01 15:06:30,RF_NOISE_FLOOR,-95.6875,0,none
2025-01-01 15:14:50,RF_NOISE_FLOOR,-102.3681,0,none
2025-01-01 15:23:10,RF_NOISE_FLOOR,-94.8504,0,none
2025-01-01 15:31:30,RF_NOISE_FLOOR,-100.8054,0,none
2025-01-01 15:39:50,RF_NOISE_FLOOR,-102.1893,0,none
2025-01-01 15:48:10,RF_NOISE_FLOOR,-100.1403,0,none
2025-01-01 15:56:30,RF_NOISE_FLOOR,-100.8384,0,none
2025-01-01 16:04:50,RF_NOISE_FLOOR,-100.9185,0,none
2025-01-01 16:13:10,RF_NOISE_FLOOR,-101.755,0,none
2025-01-01 16:21:30,RF_NOISE_FLOOR,-92.7751,0,none
2025-01-01 16:29:50,RF_NOISE_FLOOR,-95.8371,0,none
2025-01-01 16:38:10,RF_NOISE_FLOOR,-89.5496,0,none
2025-01-01 16:46:30,RF_NOISE_FLOOR,-99.4287,0,none
2025-01-01 16:54:50,RF_NOISE_FLOOR,-101.8988,0,none
2025-01-01 17:03:10,RF_NOISE_FLOOR,-87.3352,0,none
2025-01-01 17:11:30,RF_NOISE_FLOOR,-97.1405,0,none
2025-01-01 17:19:50,RF_NOISE_FLOOR,-102.1064,0,none
2025-01-01 17:28:10,RF_NOISE_FLOOR,-91.0125,0,none
2025-01-01 17:36:30,RF_NOISE_FLOOR,-92.7359,0,none
2025-01-01 17:44:50,RF_NOISE_FLOOR,-102.6637,0,none
2025-01-01 17:53:10,RF_NOISE_FLOOR,-102.3131,0,none
2025-01-01 18:01:30,RF_NOISE_FLOOR,-100.5938,0,none
2025-01-01 18:09:50,RF_NOISE_FLOOR,-92.1373,0,none
2025-01-01 18:18:10,RF_NOISE_FLOOR,-90.3842,0,none
2025-01-01 18:26:30,RF_NOISE_FLOOR,-97.2427,0,none
2025-01-01 18:34:50,RF_NOISE_FLOOR,-95.9502,0,none
2025-01-01 18:43:10,RF_NOISE_FLOOR,-102.9392,0,none
2025-01-01 18:51:30,RF_NOISE_FLOOR,-100.2789,0,none
2025-01-01 18:59:50,RF_NOISE_FLOOR,-99.1146,0,none
2025-01-01 19:08:10,RF_NOISE_FLOOR,-97.8386,0,none
2025-01-01 19:16:30,RF_NOISE_FLOOR,-94.0939,0,none
2025-01-01 19:24:50,RF_NOISE_FLOOR,-91.6223,0,none
2025-01-01 19:33:10,RF_NOISE_FLOOR,-103.407,0,none
2025-01-01 19:41:30,RF_NOISE_FLOOR,-93.1666,0,none
2025-01-01 19:49:50,RF_NOISE_FLOOR,-91.4745,0,none
2025-01-01 19:58:10,RF_NOISE_FLOOR,-93.9532,0,none
2025-01-01 20:06:30,RF_NOISE_FLOOR,-89.6422,0,none
2025-01-01 20:14:50,RF_NOISE_FLOOR,-89.9466,0,none
2025-01-01 20:23:10,RF_NOISE_FLOOR,-93.7432,0,none
2025-01-01 20:31:30,RF_NOISE_FLOOR,-101.6965,0,none
2025-01-01 20:39:50,RF_NOISE_FLOOR,-96.9253,0,none
2025-01-01 20:48:10,RF_NOISE_FLOOR,-102.7421,0,none
2025-01-01 20:56:30,RF_NOISE_FLOOR,-89.1296,0,none
2025-01-01 21:04:50,RF_NOISE_FLOOR,-86.9976,0,none
2025-01-01 21:13:10,RF_NOISE_FLOOR,-95.0461,0,none
2025-01-01 21:21:30,RF_NOISE_FLOOR,-87.1168,0,none
2025-01-01 21:29:50,RF_NOISE_FLOOR,-89.6804,0,none
2025-01-01 21:38:10,RF_NOISE_FLOOR,-97.1435,0,none
2025-01-01 21:46:30,RF_NOISE_FLOOR,-90.3719,0,none
2025-01-01 21:54:50,RF_NOISE_FLOOR,-88.5558,0,none
2025-01-01 22:03:10,RF_NOISE_FLOOR,-100.0133,0,none
2025-01-01 22:11:30,RF_NOISE_FLOOR,-87.8506,0,none
2025-01-01 22:19:50,RF_NOISE_FLOOR,-88.2596,0,none
2025-01-01 22:28:10,RF_NOISE_FLOOR,-102.0216,0,none
2025-01-01 22:36:30,RF_NOISE_FLOOR,-87.4694,0,none
2025-01-01 22:44:50,RF_NOISE_FLOOR,-92.8534,0,none
2025-01-01 22:53:10,RF_NOISE_FLOOR,-97.6315,0,none
2025-01-01 23:01:30,RF_NOISE_FLOOR,-96.7167,0,none
2025-01-01 23:09:50,RF_NOISE_FLOOR,-102.2775,0,none
2025-01-01 23:18:10,RF_NOISE_FLOOR,-98.2881,0,none
2025-01-01 23:26:30,RF_NOISE_FLOOR,-92.4485,0,none
2025-01-01 23:34:50,RF_NOISE_FLOOR,-88.0186,0,none
2025-01-01 23:43:10,RF_NOISE_FLOOR,-100.7298,0,none
2025-01-01 23:51:30,RF_NOISE_FLOOR,-97.041,0,none
2025-01-01 23:59:50,RF_NOISE_FLOOR,-90.0418,0,none
2025-01-02 00:08:10,RF_NOISE_FLOOR,-93.5152,0,none
2025-01-02 00:16:30,RF_NOISE_FLOOR,-88.0776,0,none
2025-01-02 00:24:50,RF_NOISE_FLOOR,-89.1154,0,none
2025-01-02 00:33:10,RF_NOISE_FLOOR,-98.7703,0,none
2025-01-02 00:41:30,RF_NOISE_FLOOR,-89.0997,0,none
2025-01-02 00:49:50,RF_NOISE_FLOOR,-91.324,0,none
2025-01-02 00:58:10,RF_NOISE_FLOOR,-92.4039,0,none
2025-01-02 01:06:30,RF_NOISE_FLOOR,-95.0149,0,none
2025-01-02 01:14:50,RF_NOISE_FLOOR,-92.1865,0,none
2025-01-02 01:23:10,RF_NOISE_FLOOR,-91.7397,0,none
2025-01-02 01:31:30,RF_NOISE_FLOOR,-87.2049,0,none
2025-01-02 01:39:50,RF_NOISE_FLOOR,-93.9667,0,none
2025-01-02 01:48:10,RF_NOISE_FLOOR,-95.6385,0,none
2025-01-02 01:56:30,RF_NOISE_FLOOR,-87.2718,0,none
2025-01-02 02:04:50,RF_NOISE_FLOOR,-97.829,0,none
2025-01-02 02:13:10,RF_NOISE_FLOOR,-88.1312,0,none
2025-01-02 02:21:30,RF_NOISE_FLOOR,-89.4695,0,none
2025-01-02 02:29:50,RF_NOISE_FLOOR,-92.1536,0,none
2025-01-02 02:38:10,RF_NOISE_FLOOR,-96.1255,0,none
2025-01-02 02:46:30,RF_NOISE_FLOOR,-90.5239,0,none
2025-01-02 02:54:50,RF_NOISE_FLOOR,-85.5814,0,none
2025-01-02 03:03:10,RF_NOISE_FLOOR,-89.2957,0,none
2025-01-02 03:11:30,RF_NOISE_FLOOR,-85.2536,0,none
2025-01-02 03:19:50,RF_NOISE_FLOOR,-90.2252,0,none
2025-01-02 03:28:10,RF_NOISE_FLOOR,-88.0533,0,none
2025-01-02 03:36:30,RF_NOISE_FLOOR,-85.9019,0,none
2025-01-02 03:44:50,RF_NOISE_FLOOR,-92.629,0,none
2025-01-01 00:06:20,RF_SIGNAL_STRENGTH,-55.9562,0,none
2025-01-01 00:14:40,RF_SIGNAL_STRENGTH,-59.3001,0,none
2025-01-01 00:23:00,RF_SIGNAL_STRENGTH,-59.0267,0,none
2025-01-01 00:31:20,RF_SIGNAL_STRENGTH,-55.9465,0,none
2025-01-01 00:39:40,RF_SIGNAL_STRENGTH,-63.17,0,none
2025-01-01 00:48:00,RF_SIGNAL_STRENGTH,-59.2949,0,none
2025-01-01 00:56:20,RF_SIGNAL_STRENGTH,-54.7544,0,none
2025-01-01 01:04:40,RF_SIGNAL_STRENGTH,-32.91323327560738,1,contextual
2025-01-01 01:13:00,RF_SIGNAL_STRENGTH,-57.6748,0,none
2025-01-01 01:21:20,RF_SIGNAL_STRENGTH,-62.7303,0,none
2025-01-01 01:29:40,RF_SIGNAL_STRENGTH,-57.9478,0,none
2025-01-01 01:38:00,RF_SIGNAL_STRENGTH,-56.8754,0,none
2025-01-01 01:46:20,RF_SIGNAL_STRENGTH,-55.75,0,none
2025-01-01 01:54:40,RF_SIGNAL_STRENGTH,-57.143,0,none
2025-01-01 02:03:00,RF_SIGNAL_STRENGTH,-58.0186,0,none
2025-01-01 02:11:20,RF_SIGNAL_STRENGTH,-65.4052,0,none
2025-01-01 02:19:40,RF_SIGNAL_STRENGTH,-68.0665,0,none
2025-01-01 02:28:00,RF_SIGNAL_STRENGTH,-61.0083,0,none
2025-01-01 02:36:20,RF_SIGNAL_STRENGTH,-59.0921,0,none
2025-01-01 02:44:40,RF_SIGNAL_STRENGTH,-56.7464,0,none
2025-01-01 02:53:00,RF_SIGNAL_STRENGTH,-62.8164,0,none
2025-01-01 03:01:20,RF_SIGNAL_STRENGTH,-57.167,0,none
2025-01-01 03:09:40,RF_SIGNAL_STRENGTH,-55.6432,0,none
2025-01-01 03:18:00,RF_SIGNAL_STRENGTH,-56.5812,0,none
2025-01-01 03:26:20,RF_SIGNAL_STRENGTH,-58.5405,0,none
2025-01-01 03:34:40,RF_SIGNAL_STRENGTH,-74.8225,0,none
2025-01-01 03:43:00,RF_SIGNAL_STRENGTH,-65.4028,0,none
2025-01-01 03:51:20,RF_SIGNAL_STRENGTH,-57.1906,0,none
2025-01-01 03:59:40,RF_SIGNAL_STRENGTH,-62.0914,0,none
2025-01-01 04:08:00,RF_SIGNAL_STRENGTH,-69.8523,0,none
2025-01-01 04:16:20,RF_SIGNAL_STRENGTH,-56.6288,0,none
2025-01-01 04:24:40,RF_SIGNAL_STRENGTH,-55.6402,0,none
2025-01-01 04:33:00,RF_SIGNAL_STRENGTH,-61.1276,0,none
2025-01-01 04:41:20,RF_SIGNAL_STRENGTH,-61.2982,0,none
2025-01-01 04:49:40,RF_SIGNAL_STRENGTH,-56.4041,0,none
2025-01-01 04:58:00,RF_SIGNAL_STRENGTH,-72.1754,0,none
2025-01-01 05:06:20,RF_SIGNAL_STRENGTH,-31.43061427723783,1,point
2025-01-01 05:14:40,RF_SIGNAL_STRENGTH,-63.5596,0,none
2025-01-01 05:23:00,RF_SIGNAL_STRENGTH,-59.6437,0,none
2025-01-01 05:31:20,RF_SIGNAL_STRENGTH,-68.5793,0,none
2025-01-01 05:39:40,RF_SIGNAL_STRENGTH,-71.3352,0,none
2025-01-01 05:48:00,RF_SIGNAL_STRENGTH,-55.081,0,none
2025-01-01 05:56:20,RF_SIGNAL_STRENGTH,-58.2361,0,none
2025-01-01 06:04:40,RF_SIGNAL_STRENGTH,-53.9791,0,none
2025-01-01 06:13:00,RF_SIGNAL_STRENGTH,-105.03260584302676,1,point
2025-01-01 06:21:20,RF_SIGNAL_STRENGTH,-35.47771188530744,1,contextual
2025-01-01 06:29:40,RF_SIGNAL_STRENGTH,-58.2306,0,none
2025-01-01 06:38:00,RF_SIGNAL_STRENGTH,-68.6149,0,none
2025-01-01 06:46:20,RF_SIGNAL_STRENGTH,-27.737221884549044,1,point
2025-01-01 06:54:40,RF_SIGNAL_STRENGTH,-76.7567,0,none
2025-01-01 07:03:00,RF_SIGNAL_STRENGTH,-70.8143,0,none
2025-01-01 07:11:20,RF_SIGNAL_STRENGTH,-61.2236,0,none
2025-01-01 07:19:40,RF_SIGNAL_STRENGTH,-64.7541,0,none
2025-01-01 07:28:00,RF_SIGNAL_STRENGTH,-56.4854,0,none
2025-01-01 07:36:20,RF_SIGNAL_STRENGTH,-58.9661,0,none
2025-01-01 07:44:40,RF_SIGNAL_STRENGTH,-57.3433,0,none
2025-01-01 07:53:00,RF_SIGNAL_STRENGTH,-71.4637,0,none
2025-01-01 08:01:20,RF_SIGNAL_STRENGTH,-34.05781062353266,1,contextual
2025-01-01 08:09:40,RF_SIGNAL_STRENGTH,-63.5544,0,none
2025-01-01 08:18:00,RF_SIGNAL_STRENGTH,-74.8835,0,none
2025-01-01 08:26:20,RF_SIGNAL_STRENGTH,-58.1277,0,none
2025-01-01 08:34:40,RF_SIGNAL_STRENGTH,-61.7978,0,none
2025-01-01 08:43:00,RF_SIGNAL_STRENGTH,-67.4217,0,none
2025-01-01 08:51:20,RF_SIGNAL_STRENGTH,-59.8501,0,none
2025-01-01 08:59:40,RF_SIGNAL_STRENGTH,-70.3496,0,none
2025-01-01 09:08:00,RF_SIGNAL_STRENGTH,-73.3672,0,none
2025-01-01 09:16:20,RF_SIGNAL_STRENGTH,-58.6457,0,none
2025-01-01 09:24:40,RF_SIGNAL_STRENGTH,-71.024,0,none
2025-01-01 09:33:00,RF_SIGNAL_STRENGTH,-58.5523,0,none
2025-01-01 09:41:20,RF_SIGNAL_STRENGTH,-55.6422,0,none
2025-01-01 09:49:40,RF_SIGNAL_STRENGTH,-74.7215,0,none
2025-01-01 09:58:00,RF_SIGNAL_STRENGTH,-69.0239,0,none
2025-01-01 10:06:20,RF_SIGNAL_STRENGTH,-74.7562,0,none
2025-01-01 10:14:40,RF_SIGNAL_STRENGTH,-75.2316,0,none
2025-01-01 10:23:00,RF_SIGNAL_STRENGTH,-71.9257,0,none
2025-01-01 10:31:20,RF_SIGNAL_STRENGTH,-73.6845,0,none
2025-01-01 10:39:40,RF_SIGNAL_STRENGTH,-71.8352,0,none
2025-01-01 10:48:00,RF_SIGNAL_STRENGTH,-71.3861,0,none
2025-01-01 10:56:20,RF_SIGNAL_STRENGTH,-70.4643,0,none
2025-01-01 11:04:40,RF_SIGNAL_STRENGTH,-72.0456,0,none
2025-01-01 11:13:00,RF_SIGNAL_STRENGTH,-60.4693,0,none
2025-01-01 11:21:20,RF_SIGNAL_STRENGTH,-71.603,0,none
2025-01-01 11:29:40,RF_SIGNAL_STRENGTH,-74.1678,0,none
2025-01-01 11:38:00,RF_SIGNAL_STRENGTH,-68.5946,0,none
2025-01-01 11:46:20,RF_SIGNAL_STRENGTH,-75.1595,0,none
2025-01-01 11:54:40,RF_SIGNAL_STRENGTH,-75.7733,0,none
2025-01-01 12:03:00,RF_SIGNAL_STRENGTH,-70.8598,0,none
2025-01-01 12:11:20,RF_SIGNAL_STRENGTH,-74.0997,0,none
2025-01-01 12:19:40,RF_SIGNAL_STRENGTH,-72.0864,0,none
2025-01-01 12:28:00,RF_SIGNAL_STRENGTH,-75.504,0,none
2025-01-01 12:36:20,RF_SIGNAL_STRENGTH,-73.1947,0,none
2025-01-01 12:44:40,RF_SIGNAL_STRENGTH,-66.0732,0,none
2025-01-01 12:53:00,RF_SIGNAL_STRENGTH,-71.8336,0,none
2025-01-01 13:01:20,RF_SIGNAL_STRENGTH,-71.1954,0,none
2025-01-01 13:09:40,RF_SIGNAL_STRENGTH,-75.6337,0,none
2025-01-01 13:18:00,RF_SIGNAL_STRENGTH,-64.0558,0,none
2025-01-01 13:26:20,RF_SIGNAL_STRENGTH,-39.78940717245011,1,contextual
2025-01-01 13:34:40,RF_SIGNAL_STRENGTH,-73.4802,0,none
2025-01-01 13:43:00,RF_SIGNAL_STRENGTH,-75.1541,0,none
2025-01-01 13:51:20,RF_SIGNAL_STRENGTH,-68.1138,0,none
2025-01-01 13:59:40,RF_SIGNAL_STRENGTH,-70.9365,0,none
2025-01-01 14:08:00,RF_SIGNAL_STRENGTH,-70.2431,0,none
2025-01-01 14:16:20,RF_SIGNAL_STRENGTH,-76.0703,0,none
2025-01-01 14:24:40,RF_SIGNAL_STRENGTH,-63.4393,0,none
2025-01-01 14:33:00,RF_SIGNAL_STRENGTH,-73.5954,0,none
2025-01-01 14:41:20,RF_SIGNAL_STRENGTH,-75.6918,0,none
2025-01-01 14:49:40,RF_SIGNAL_STRENGTH,-31.037455402368458,1,point
2025-01-01 14:58:00,RF_SIGNAL_STRENGTH,-67.7592,0,none
2025-01-01 15:06:20,RF_SIGNAL_STRENGTH,-62.1724,0,none
2025-01-01 15:14:40,RF_SIGNAL_STRENGTH,-69.8541,0,none
2025-01-01 15:23:00,RF_SIGNAL_STRENGTH,-68.3997,0,none
2025-01-01 15:31:20,RF_SIGNAL_STRENGTH,-66.7915,0,none
2025-01-01 15:39:40,RF_SIGNAL_STRENGTH,-73.7451,0,none
2025-01-01 15:48:00,RF_SIGNAL_STRENGTH,-73.1329,0,none
2025-01-01 15:56:20,RF_SIGNAL_STRENGTH,-75.2665,0,none
2025-01-01 16:04:40,RF_SIGNAL_STRENGTH,-75.4482,0,none
2025-01-01 16:13:00,RF_SIGNAL_STRENGTH,-65.0261,0,none
2025-01-01 16:21:20,RF_SIGNAL_STRENGTH,-75.98,0,none
2025-01-01 16:29:40,RF_SIGNAL_STRENGTH,-64.795,0,none
2025-01-01 16:38:00,RF_SIGNAL_STRENGTH,-35.404575036937956,1,contextual
2025-01-01 16:46:20,RF_SIGNAL_STRENGTH,-73.7572,0,none
2025-01-01 16:54:40,RF_SIGNAL_STRENGTH,-69.6774,0,none
2025-01-01 17:03:00,RF_SIGNAL_STRENGTH,-74.314,0,none
2025-01-01 17:11:20,RF_SIGNAL_STRENGTH,-66.3755,0,none
2025-01-01 17:19:40,RF_SIGNAL_STRENGTH,-60.864,0,none
2025-01-01 17:28:00,RF_SIGNAL_STRENGTH,-59.9225,0,none
2025-01-01 17:36:20,RF_SIGNAL_STRENGTH,-74.5612,0,none
2025-01-01 17:44:40,RF_SIGNAL_STRENGTH,-59.3481,0,none
2025-01-01 17:53:00,RF_SIGNAL_STRENGTH,-75.0449,0,none
2025-01-01 18:01:20,RF_SIGNAL_STRENGTH,-69.8788,0,none
2025-01-01 18:09:40,RF_SIGNAL_STRENGTH,-74.9481,0,none
2025-01-01 18:18:00,RF_SIGNAL_STRENGTH,-59.5422,0,none
2025-01-01 18:26:20,RF_SIGNAL_STRENGTH,-39.88330095333578,1,contextual
2025-01-01 18:34:40,RF_SIGNAL_STRENGTH,-70.5178,0,none
2025-01-01 18:43:00,RF_SIGNAL_STRENGTH,-57.9679,0,none
2025-01-01 18:51:20,RF_SIGNAL_STRENGTH,-58.3298,0,none
2025-01-01 18:59:40,RF_SIGNAL_STRENGTH,-60.2641,0,none
2025-01-01 19:08:00,RF_SIGNAL_STRENGTH,-75.3578,0,none
2025-01-01 19:16:20,RF_SIGNAL_STRENGTH,-76.979,0,none
2025-01-01 19:24:40,RF_SIGNAL_STRENGTH,-33.50064376680379,1,contextual
2025-01-01 19:33:00,RF_SIGNAL_STRENGTH,-56.6808,0,none
2025-01-01 19:41:20,RF_SIGNAL_STRENGTH,-70.1828,0,none
2025-01-01 19:49:40,RF_SIGNAL_STRENGTH,-68.7238,0,none
2025-01-01 19:58:00,RF_SIGNAL_STRENGTH,-64.2738,0,none
2025-01-01 20:06:20,RF_SIGNAL_STRENGTH,-35.09670648940394,1,contextual
2025-01-01 20:14:40,RF_SIGNAL_STRENGTH,-57.5547,0,none
2025-01-01 20:23:00,RF_SIGNAL_STRENGTH,-56.8794,0,none
2025-01-01 20:31:20,RF_SIGNAL_STRENGTH,-60.742,0,none
2025-01-01 20:39:40,RF_SIGNAL_STRENGTH,-63.0681,0,none
2025-01-01 20:48:00,RF_SIGNAL_STRENGTH,-60.3762,0,none
2025-01-01 20:56:20,RF_SIGNAL_STRENGTH,-73.1901,0,none
2025-01-01 21:04:40,RF_SIGNAL_STRENGTH,-67.0688,0,none
2025-01-01 21:13:00,RF_SIGNAL_STRENGTH,-71.9682,0,none
2025-01-01 21:21:20,RF_SIGNAL_STRENGTH,-69.9031,0,none
2025-01-01 21:29:40,RF_SIGNAL_STRENGTH,-74.8728,0,none
2025-01-01 21:38:00,RF_SIGNAL_STRENGTH,-56.0476,0,none
2025-01-01 21:46:20,RF_SIGNAL_STRENGTH,-62.5633,0,none
2025-01-01 21:54:40,RF_SIGNAL_STRENGTH,-38.49107033388264,1,contextual
2025-01-01 22:03:00,RF_SIGNAL_STRENGTH,-60.9851,0,none
2025-01-01 22:11:20,RF_SIGNAL_STRENGTH,-57.4373,0,none
2025-01-01 22:19:40,RF_SIGNAL_STRENGTH,-71.7716,0,none
2025-01-01 22:28:00,RF_SIGNAL_STRENGTH,-42.88091315082112,1,contextual
2025-01-01 22:36:20,RF_SIGNAL_STRENGTH,-58.2211,0,none
2025-01-01 22:44:40,RF_SIGNAL_STRENGTH,-55.0956,0,none
2025-01-01 22:53:00,RF_SIGNAL_STRENGTH,-56.4036,0,none
2025-01-01 23:01:20,RF_SIGNAL_STRENGTH,-53.1966,0,none
2025-01-01 23:09:40,RF_SIGNAL_STRENGTH,-62.3423,0,none
2025-01-01 23:18:00,RF_SIGNAL_STRENGTH,-58.2407,0,none
2025-01-01 23:26:20,RF_SIGNAL_STRENGTH,-68.2574,0,none
2025-01-01 23:34:40,RF_SIGNAL_STRENGTH,-70.625,0,none
2025-01-01 23:43:00,RF_SIGNAL_STRENGTH,-57.7521,0,none
2025-01-01 23:51:20,RF_SIGNAL_STRENGTH,-57.6392,0,none
2025-01-01 23:59:40,RF_SIGNAL_STRENGTH,-71.0445,0,none
2025-01-02 00:08:00,RF_SIGNAL_STRENGTH,-54.3775,0,none
2025-01-02 00:16:20,RF_SIGNAL_STRENGTH,-56.2095,0,none
2025-01-02 00:24:40,RF_SIGNAL_STRENGTH,-64.2009,0,none
2025-01-02 00:33:00,RF_SIGNAL_STRENGTH,-63.2237,0,none
2025-01-02 00:41:20,RF_SIGNAL_STRENGTH,-59.7362,0,none
2025-01-02 00:49:40,RF_SIGNAL_STRENGTH,-67.6615,0,none
2025-01-02 00:58:00,RF_SIGNAL_STRENGTH,-53.9866,0,none
2025-01-02 01:06:20,RF_SIGNAL_STRENGTH,-57.8718,0,none
2025-01-02 01:14:40,RF_SIGNAL_STRENGTH,-101.37956282283446,1,point
2025-01-02 01:23:00,RF_SIGNAL_STRENGTH,-100.15826758210692,1,point
2025-01-02 01:31:20,RF_SIGNAL_STRENGTH,-65.925,0,none
2025-01-02 01:39:40,RF_SIGNAL_STRENGTH,-59.1777,0,none
2025-01-02 01:48:00,RF_SIGNAL_STRENGTH,-55.7837,0,none
2025-01-02 01:56:20,RF_SIGNAL_STRENGTH,-59.3933,0,none
2025-01-02 02:04:40,RF_SIGNAL_STRENGTH,-54.3822,0,none
2025-01-02 02:13:00,RF_SIGNAL_STRENGTH,-56.3189,0,none
2025-01-02 02:21:20,RF_SIGNAL_STRENGTH,-57.31,0,none
2025-01-02 02:29:40,RF_SIGNAL_STRENGTH,-63.8474,0,none
2025-01-02 02:38:00,RF_SIGNAL_STRENGTH,-55.7493,0,none
2025-01-02 02:46:20,RF_SIGNAL_STRENGTH,-62.2085,0,none
2025-01-02 02:54:40,RF_SIGNAL_STRENGTH,-56.5851,0,none
2025-01-02 03:03:00,RF_SIGNAL_STRENGTH,-56.5423,0,none
2025-01-02 03:11:20,RF_SIGNAL_STRENGTH,-53.5805,0,none
2025-01-02 03:19:40,RF_SIGNAL_STRENGTH,-101.51333091070506,1,point
2025-01-02 03:28:00,RF_SIGNAL_STRENGTH,-53.8737,0,none
2025-01-02 03:36:20,RF_SIGNAL_STRENGTH,-60.7196,0,none
2025-01-02 03:44:40,RF_SIGNAL_STRENGTH,-32.77329744434455,1,point
2025-01-01 00:01:30,SOLAR_PANEL_CURR_A,6.4958,0,none
2025-01-01 00:09:50,SOLAR_PANEL_CURR_A,5.8452,0,none
2025-01-01 00:18:10,SOLAR_PANEL_CURR_A,6.6095,0,none
2025-01-01 00:26:30,SOLAR_PANEL_CURR_A,6.6567,0,none
2025-01-01 00:34:50,SOLAR_PANEL_CURR_A,6.4118,0,none
2025-01-01 00:43:10,SOLAR_PANEL_CURR_A,6.1105,0,none
2025-01-01 00:51:30,SOLAR_PANEL_CURR_A,6.1887,0,none
2025-01-01 00:59:50,SOLAR_PANEL_CURR_A,5.4745,0,none
2025-01-01 01:08:10,SOLAR_PANEL_CURR_A,6.5846,0,none
2025-01-01 01:16:30,SOLAR_PANEL_CURR_A,5.4489,0,none
2025-01-01 01:24:50,SOLAR_PANEL_CURR_A,5.6301,0,none
2025-01-01 01:33:10,SOLAR_PANEL_CURR_A,5.6392,0,none
2025-01-01 01:41:30,SOLAR_PANEL_CURR_A,5.6309,0,none
2025-01-01 01:49:50,SOLAR_PANEL_CURR_A,6.7113,0,none
2025-01-01 01:58:10,SOLAR_PANEL_CURR_A,5.9423,0,none
2025-01-01 02:06:30,SOLAR_PANEL_CURR_A,6.7386,0,none
2025-01-01 02:14:50,SOLAR_PANEL_CURR_A,6.7907,0,none
2025-01-01 02:23:10,SOLAR_PANEL_CURR_A,6.733,0,none
2025-01-01 02:31:30,SOLAR_PANEL_CURR_A,5.9921,0,none
2025-01-01 02:39:50,SOLAR_PANEL_CURR_A,6.6403,0,none
2025-01-01 02:48:10,SOLAR_PANEL_CURR_A,6.2773,0,none
2025-01-01 02:56:30,SOLAR_PANEL_CURR_A,4.6631,0,none
2025-01-01 03:04:50,SOLAR_PANEL_CURR_A,5.7776,0,none
2025-01-01 03:13:10,SOLAR_PANEL_CURR_A,6.5685,0,none
2025-01-01 03:21:30,SOLAR_PANEL_CURR_A,6.8164,0,none
2025-01-01 03:29:50,SOLAR_PANEL_CURR_A,6.1529,0,none
2025-01-01 03:38:10,SOLAR_PANEL_CURR_A,5.2914,0,none
2025-01-01 03:46:30,SOLAR_PANEL_CURR_A,5.2238,0,none
2025-01-01 03:54:50,SOLAR_PANEL_CURR_A,5.1193,0,none
2025-01-01 04:03:10,SOLAR_PANEL_CURR_A,5.2244,0,none
2025-01-01 04:11:30,SOLAR_PANEL_CURR_A,5.4612,0,none
2025-01-01 04:19:50,SOLAR_PANEL_CURR_A,4.8914,0,none
2025-01-01 04:28:10,SOLAR_PANEL_CURR_A,6.2533,0,none
2025-01-01 04:36:30,SOLAR_PANEL_CURR_A,4.8348,0,none
2025-01-01 04:44:50,SOLAR_PANEL_CURR_A,4.4955,0,none
2025-01-01 04:53:10,SOLAR_PANEL_CURR_A,6.2588,0,none
2025-01-01 05:01:30,SOLAR_PANEL_CURR_A,6.3453,0,none
2025-01-01 05:09:50,SOLAR_PANEL_CURR_A,5.5953,0,none
2025-01-01 05:18:10,SOLAR_PANEL_CURR_A,6.6665,0,none
2025-01-01 05:26:30,SOLAR_PANEL_CURR_A,6.6705,0,none
2025-01-01 05:34:50,SOLAR_PANEL_CURR_A,5.4319,0,none
2025-01-01 05:43:10,SOLAR_PANEL_CURR_A,6.0731,0,none
2025-01-01 05:51:30,SOLAR_PANEL_CURR_A,5.3362,0,none
2025-01-01 05:59:50,SOLAR_PANEL_CURR_A,7.1343,0,none
2025-01-01 06:08:10,SOLAR_PANEL_CURR_A,6.7885,0,none
2025-01-01 06:16:30,SOLAR_PANEL_CURR_A,6.7505,0,none
2025-01-01 06:24:50,SOLAR_PANEL_CURR_A,4.5056,0,none
2025-01-01 06:33:10,SOLAR_PANEL_CURR_A,4.2242,0,none
2025-01-01 06:41:30,SOLAR_PANEL_CURR_A,6.1918,0,none
2025-01-01 06:49:50,SOLAR_PANEL_CURR_A,4.2665,0,none
2025-01-01 06:58:10,SOLAR_PANEL_CURR_A,5.9812,0,none
2025-01-01 07:06:30,SOLAR_PANEL_CURR_A,5.4938,0,none
2025-01-01 07:14:50,SOLAR_PANEL_CURR_A,4.6078,0,none
2025-01-01 07:23:10,SOLAR_PANEL_CURR_A,4.2616,0,none
2025-01-01 07:31:30,SOLAR_PANEL_CURR_A,4.424,0,none
2025-01-01 07:39:50,SOLAR_PANEL_CURR_A,6.6154,0,none
2025-01-01 07:48:10,SOLAR_PANEL_CURR_A,4.0688,0,none
2025-01-01 07:56:30,SOLAR_PANEL_CURR_A,5.6721,0,none
2025-01-01 08:04:50,SOLAR_PANEL_CURR_A,5.9351,0,none
2025-01-01 08:13:10,SOLAR_PANEL_CURR_A,4.3626,0,none
2025-01-01 08:21:30,SOLAR_PANEL_CURR_A,6.2929,0,none
2025-01-01 08:29:50,SOLAR_PANEL_CURR_A,6.5856,0,none
2025-01-01 08:38:10,SOLAR_PANEL_CURR_A,4.2061,0,none
2025-01-01 08:46:30,SOLAR_PANEL_CURR_A,5.9245,0,none
2025-01-01 08:54:50,SOLAR_PANEL_CURR_A,6.9118,0,none
2025-01-01 09:03:10,SOLAR_PANEL_CURR_A,6.3735,0,none
2025-01-01 09:11:30,SOLAR_PANEL_CURR_A,4.5202,0,none
2025-01-01 09:19:50,SOLAR_PANEL_CURR_A,4.9232,0,none
2025-01-01 09:28:10,SOLAR_PANEL_CURR_A,5.9674,0,none
2025-01-01 09:36:30,SOLAR_PANEL_CURR_A,6.4953,0,none
2025-01-01 09:44:50,SOLAR_PANEL_CURR_A,4.7856,0,none
2025-01-01 09:53:10,SOLAR_PANEL_CURR_A,6.0866,0,none
2025-01-01 10:01:30,SOLAR_PANEL_CURR_A,4.1833,0,none
2025-01-01 10:09:50,SOLAR_PANEL_CURR_A,4.9843,0,none
2025-01-01 10:18:10,SOLAR_PANEL_CURR_A,4.3573,0,none
2025-01-01 10:26:30,SOLAR_PANEL_CURR_A,5.0327,0,none
2025-01-01 10:34:50,SOLAR_PANEL_CURR_A,4.9692,0,none
2025-01-01 10:43:10,SOLAR_PANEL_CURR_A,6.0093,0,none
2025-01-01 10:51:30,SOLAR_PANEL_CURR_A,5.2178,0,none
2025-01-01 10:59:50,SOLAR_PANEL_CURR_A,4.2565,0,none
2025-01-01 11:08:10,SOLAR_PANEL_CURR_A,4.3796,0,none
2025-01-01 11:16:30,SOLAR_PANEL_CURR_A,5.6813,0,none
2025-01-01 11:24:50,SOLAR_PANEL_CURR_A,4.1331,0,none
2025-01-01 11:33:10,SOLAR_PANEL_CURR_A,5.5083,0,none
2025-01-01 11:41:30,SOLAR_PANEL_CURR_A,4.6843,0,none
2025-01-01 11:49:50,SOLAR_PANEL_CURR_A,5.742,0,none
2025-01-01 11:58:10,SOLAR_PANEL_CURR_A,4.3579,0,none
2025-01-01 12:06:30,SOLAR_PANEL_CURR_A,5.7958,0,none
2025-01-01 12:14:50,SOLAR_PANEL_CURR_A,4.9126,0,none
2025-01-01 12:23:10,SOLAR_PANEL_CURR_A,4.1188,0,none
2025-01-01 12:31:30,SOLAR_PANEL_CURR_A,4.4064,0,none
2025-01-01 12:39:50,SOLAR_PANEL_CURR_A,4.4544,0,none
2025-01-01 12:48:10,SOLAR_PANEL_CURR_A,4.4142,0,none
2025-01-01 12:56:30,SOLAR_PANEL_CURR_A,4.6271,0,none
2025-01-01 13:04:50,SOLAR_PANEL_CURR_A,4.5022,0,none
2025-01-01 13:13:10,SOLAR_PANEL_CURR_A,4.114,0,none
2025-01-01 13:21:30,SOLAR_PANEL_CURR_A,4.3043,0,none
2025-01-01 13:29:50,SOLAR_PANEL_CURR_A,4.8105,0,none
2025-01-01 13:38:10,SOLAR_PANEL_CURR_A,4.9425,0,none
2025-01-01 13:46:30,SOLAR_PANEL_CURR_A,4.8272,0,none
2025-01-01 13:54:50,SOLAR_PANEL_CURR_A,4.261,0,none
2025-01-01 14:03:10,SOLAR_PANEL_CURR_A,4.3785,0,none
2025-01-01 14:11:30,SOLAR_PANEL_CURR_A,4.2327,0,none
2025-01-01 14:19:50,SOLAR_PANEL_CURR_A,4.3302,0,none
2025-01-01 14:28:10,SOLAR_PANEL_CURR_A,5.2007,0,none
2025-01-01 14:36:30,SOLAR_PANEL_CURR_A,4.5989,0,none
2025-01-01 14:44:50,SOLAR_PANEL_CURR_A,4.5486,0,none
2025-01-01 14:53:10,SOLAR_PANEL_CURR_A,4.9393,0,none
2025-01-01 15:01:30,SOLAR_PANEL_CURR_A,5.0875,0,none
2025-01-01 15:09:50,SOLAR_PANEL_CURR_A,4.4786,0,none
2025-01-01 15:18:10,SOLAR_PANEL_CURR_A,4.6732,0,none
2025-01-01 15:26:30,SOLAR_PANEL_CURR_A,4.8649,0,none
2025-01-01 15:34:50,SOLAR_PANEL_CURR_A,4.3944,0,none
2025-01-01 15:43:10,SOLAR_PANEL_CURR_A,5.0978,0,none
2025-01-01 15:51:30,SOLAR_PANEL_CURR_A,5.6098,0,none
2025-01-01 15:59:50,SOLAR_PANEL_CURR_A,4.3832,0,none
2025-01-01 16:08:10,SOLAR_PANEL_CURR_A,5.073,0,none
2025-01-01 16:16:30,SOLAR_PANEL_CURR_A,4.7383,0,none
2025-01-01 16:24:50,SOLAR_PANEL_CURR_A,4.3274,0,none
2025-01-01 16:33:10,SOLAR_PANEL_CURR_A,5.2616,0,none
2025-01-01 16:41:30,SOLAR_PANEL_CURR_A,4.2739,0,none
2025-01-01 16:49:50,SOLAR_PANEL_CURR_A,4.0153,0,none
2025-01-01 16:58:10,SOLAR_PANEL_CURR_A,6.1714,0,none
2025-01-01 17:06:30,SOLAR_PANEL_CURR_A,5.9537,0,none
2025-01-01 17:14:50,SOLAR_PANEL_CURR_A,5.8756,0,none
2025-01-01 17:23:10,SOLAR_PANEL_CURR_A,5.9695,0,none
2025-01-01 17:31:30,SOLAR_PANEL_CURR_A,4.5022,0,none
2025-01-01 17:39:50,SOLAR_PANEL_CURR_A,4.4549,0,none
2025-01-01 17:48:10,SOLAR_PANEL_CURR_A,4.4372,0,none
2025-01-01 17:56:30,SOLAR_PANEL_CURR_A,5.4305,0,none
2025-01-01 18:04:50,SOLAR_PANEL_CURR_A,5.3937,0,none
2025-01-01 18:13:10,SOLAR_PANEL_CURR_A,4.5721,0,none
2025-01-01 18:21:30,SOLAR_PANEL_CURR_A,4.9659,0,none
2025-01-01 18:29:50,SOLAR_PANEL_CURR_A,4.364,0,none
2025-01-01 18:38:10,SOLAR_PANEL_CURR_A,6.5373,0,none
2025-01-01 18:46:30,SOLAR_PANEL_CURR_A,3.9084,0,none
2025-01-01 18:54:50,SOLAR_PANEL_CURR_A,4.4698,0,none
2025-01-01 19:03:10,SOLAR_PANEL_CURR_A,4.2098,0,none
2025-01-01 19:11:30,SOLAR_PANEL_CURR_A,4.8504,0,none
2025-01-01 19:19:50,SOLAR_PANEL_CURR_A,4.2416,0,none
2025-01-01 19:28:10,SOLAR_PANEL_CURR_A,4.5556,0,none
2025-01-01 19:36:30,SOLAR_PANEL_CURR_A,4.8809,0,none
2025-01-01 19:44:50,SOLAR_PANEL_CURR_A,5.2094,0,none
2025-01-01 19:53:10,SOLAR_PANEL_CURR_A,6.8221,0,none
2025-01-01 20:01:30,SOLAR_PANEL_CURR_A,6.0972,0,none
2025-01-01 20:09:50,SOLAR_PANEL_CURR_A,6.7805,0,none
2025-01-01 20:18:10,SOLAR_PANEL_CURR_A,5.4483,0,none
2025-01-01 20:26:30,SOLAR_PANEL_CURR_A,4.5869,0,none
2025-01-01 20:34:50,SOLAR_PANEL_CURR_A,4.6503,0,none
2025-01-01 20:43:10,SOLAR_PANEL_CURR_A,6.2219,0,none
2025-01-01 20:51:30,SOLAR_PANEL_CURR_A,4.3346,0,none
2025-01-01 20:59:50,SOLAR_PANEL_CURR_A,6.3179,0,none
2025-01-01 21:08:10,SOLAR_PANEL_CURR_A,4.8302,0,none
2025-01-01 21:16:30,SOLAR_PANEL_CURR_A,4.1126,0,none
2025-01-01 21:24:50,SOLAR_PANEL_CURR_A,4.4199,0,none
2025-01-01 21:33:10,SOLAR_PANEL_CURR_A,4.6224,0,none
2025-01-01 21:41:30,SOLAR_PANEL_CURR_A,5.5543,0,none
2025-01-01 21:49:50,SOLAR_PANEL_CURR_A,4.2555,0,none
2025-01-01 21:58:10,SOLAR_PANEL_CURR_A,6.873,0,none
2025-01-01 22:06:30,SOLAR_PANEL_CURR_A,5.5777,0,none
2025-01-01 22:14:50,SOLAR_PANEL_CURR_A,5.0082,0,none
2025-01-01 22:23:10,SOLAR_PANEL_CURR_A,6.5668,0,none
2025-01-01 22:31:30,SOLAR_PANEL_CURR_A,5.9511,0,none
2025-01-01 22:39:50,SOLAR_PANEL_CURR_A,5.2666,0,none
2025-01-01 22:48:10,SOLAR_PANEL_CURR_A,4.8641,0,none
2025-01-01 22:56:30,SOLAR_PANEL_CURR_A,6.6469,0,none
2025-01-01 23:04:50,SOLAR_PANEL_CURR_A,4.4153,0,none
2025-01-01 23:13:10,SOLAR_PANEL_CURR_A,6.1952,0,none
2025-01-01 23:21:30,SOLAR_PANEL_CURR_A,4.829,0,none
2025-01-01 23:29:50,SOLAR_PANEL_CURR_A,6.6577,0,none
2025-01-01 23:38:10,SOLAR_PANEL_CURR_A,6.835,0,none
2025-01-01 23:46:30,SOLAR_PANEL_CURR_A,5.775,0,none
2025-01-01 23:54:50,SOLAR_PANEL_CURR_A,6.6171,0,none
2025-01-02 00:03:10,SOLAR_PANEL_CURR_A,6.6535,0,none
2025-01-02 00:11:30,SOLAR_PANEL_CURR_A,6.7609,0,none
2025-01-02 00:19:50,SOLAR_PANEL_CURR_A,6.5923,0,none
2025-01-02 00:28:10,SOLAR_PANEL_CURR_A,5.5301,0,none
2025-01-02 00:36:30,SOLAR_PANEL_CURR_A,5.3593,0,none
2025-01-02 00:44:50,SOLAR_PANEL_CURR_A,5.7709,0,none
2025-01-02 00:53:10,SOLAR_PANEL_CURR_A,6.7967,0,none
2025-01-02 01:01:30,SOLAR_PANEL_CURR_A,6.6625,0,none
2025-01-02 01:09:50,SOLAR_PANEL_CURR_A,5.9784,0,none
2025-01-02 01:18:10,SOLAR_PANEL_CURR_A,6.826,0,none
2025-01-02 01:26:30,SOLAR_PANEL_CURR_A,6.0983,0,none
2025-01-02 01:34:50,SOLAR_PANEL_CURR_A,5.2161,0,none
2025-01-02 01:43:10,SOLAR_PANEL_CURR_A,6.4459,0,none
2025-01-02 01:51:30,SOLAR_PANEL_CURR_A,5.6365,0,none
2025-01-02 01:59:50,SOLAR_PANEL_CURR_A,6.3185,0,none
2025-01-02 02:08:10,SOLAR_PANEL_CURR_A,6.2012,0,none
2025-01-02 02:16:30,SOLAR_PANEL_CURR_A,6.3572,0,none
2025-01-02 02:24:50,SOLAR_PANEL_CURR_A,5.8751,0,none
2025-01-02 02:33:10,SOLAR_PANEL_CURR_A,5.914,0,none
2025-01-02 02:41:30,SOLAR_PANEL_CURR_A,6.4038,0,none
2025-01-02 02:49:50,SOLAR_PANEL_CURR_A,5.9135,0,none
2025-01-02 02:58:10,SOLAR_PANEL_CURR_A,6.548,0,none
2025-01-02 03:06:30,SOLAR_PANEL_CURR_A,6.4265,0,none
2025-01-02 03:14:50,SOLAR_PANEL_CURR_A,5.959,0,none
2025-01-02 03:23:10,SOLAR_PANEL_CURR_A,6.1044,0,none
2025-01-02 03:31:30,SOLAR_PANEL_CURR_A,6.8608,0,none
2025-01-02 03:39:50,SOLAR_PANEL_CURR_A,6.33,0,none
2025-01-01 00:01:40,SOLAR_PANEL_CURR_B,6.6133,0,none
2025-01-01 00:10:00,SOLAR_PANEL_CURR_B,5.5965,0,none
2025-01-01 00:18:20,SOLAR_PANEL_CURR_B,5.7899,0,none
2025-01-01 00:26:40,SOLAR_PANEL_CURR_B,5.8471,0,none
2025-01-01 00:35:00,SOLAR_PANEL_CURR_B,6.2713,0,none
2025-01-01 00:43:20,SOLAR_PANEL_CURR_B,6.2362,0,none
2025-01-01 00:51:40,SOLAR_PANEL_CURR_B,6.1214,0,none
2025-01-01 01:00:00,SOLAR_PANEL_CURR_B,6.139,0,none
2025-01-01 01:08:20,SOLAR_PANEL_CURR_B,6.2658,0,none
2025-01-01 01:16:40,SOLAR_PANEL_CURR_B,5.818,0,none
2025-01-01 01:25:00,SOLAR_PANEL_CURR_B,5.2797,0,none
2025-01-01 01:33:20,SOLAR_PANEL_CURR_B,6.0336,0,none
2025-01-01 01:41:40,SOLAR_PANEL_CURR_B,6.2937,0,none
2025-01-01 01:50:00,SOLAR_PANEL_CURR_B,6.1307,0,none
2025-01-01 01:58:20,SOLAR_PANEL_CURR_B,6.5376,0,none
2025-01-01 02:06:40,SOLAR_PANEL_CURR_B,5.4653,0,none
2025-01-01 02:15:00,SOLAR_PANEL_CURR_B,7.1022,0,none
2025-01-01 02:23:20,SOLAR_PANEL_CURR_B,6.3691,0,none
2025-01-01 02:31:40,SOLAR_PANEL_CURR_B,5.7638,0,none
2025-01-01 02:40:00,SOLAR_PANEL_CURR_B,5.3154,0,none
2025-01-01 02:48:20,SOLAR_PANEL_CURR_B,6.866,0,none
2025-01-01 02:56:40,SOLAR_PANEL_CURR_B,6.5198,0,none
2025-01-01 03:05:00,SOLAR_PANEL_CURR_B,6.4111,0,none
2025-01-01 03:13:20,SOLAR_PANEL_CURR_B,4.8561,0,none
2025-01-01 03:21:40,SOLAR_PANEL_CURR_B,6.4142,0,none
2025-01-01 03:30:00,SOLAR_PANEL_CURR_B,6.8001,0,none
2025-01-01 03:38:20,SOLAR_PANEL_CURR_B,7.0986,0,none
2025-01-01 03:46:40,SOLAR_PANEL_CURR_B,4.4703,0,none
2025-01-01 03:55:00,SOLAR_PANEL_CURR_B,5.5623,0,none
2025-01-01 04:03:20,SOLAR_PANEL_CURR_B,6.5996,0,none
2025-01-01 04:11:40,SOLAR_PANEL_CURR_B,5.692,0,none
2025-01-01 04:20:00,SOLAR_PANEL_CURR_B,6.163,0,none
2025-01-01 04:28:20,SOLAR_PANEL_CURR_B,4.5831,0,none
2025-01-01 04:36:40,SOLAR_PANEL_CURR_B,6.527,0,none
2025-01-01 04:45:00,SOLAR_PANEL_CURR_B,4.8671,0,none
2025-01-01 04:53:20,SOLAR_PANEL_CURR_B,6.0035,0,none
2025-01-01 05:01:40,SOLAR_PANEL_CURR_B,4.3252,0,none
2025-01-01 05:10:00,SOLAR_PANEL_CURR_B,6.3612,0,none
2025-01-01 05:18:20,SOLAR_PANEL_CURR_B,5.0781,0,none
2025-01-01 05:26:40,SOLAR_PANEL_CURR_B,5.7677,0,none
2025-01-01 05:35:00,SOLAR_PANEL_CURR_B,6.7876,0,none
2025-01-01 05:43:20,SOLAR_PANEL_CURR_B,6.7386,0,none
2025-01-01 05:51:40,SOLAR_PANEL_CURR_B,6.8341,0,none
2025-01-01 06:00:00,SOLAR_PANEL_CURR_B,6.6417,0,none
2025-01-01 06:08:20,SOLAR_PANEL_CURR_B,4.7968,0,none
2025-01-01 06:16:40,SOLAR_PANEL_CURR_B,4.5676,0,none
2025-01-01 06:25:00,SOLAR_PANEL_CURR_B,5.3436,0,none
2025-01-01 06:33:20,SOLAR_PANEL_CURR_B,5.7427,0,none
2025-01-01 06:41:40,SOLAR_PANEL_CURR_B,5.9655,0,none
2025-01-01 06:50:00,SOLAR_PANEL_CURR_B,5.6221,0,none
2025-01-01 06:58:20,SOLAR_PANEL_CURR_B,4.3914,0,none
2025-01-01 07:06:40,SOLAR_PANEL_CURR_B,4.7328,0,none
2025-01-01 07:15:00,SOLAR_PANEL_CURR_B,6.4532,0,none
2025-01-01 07:23:20,SOLAR_PANEL_CURR_B,5.3319,0,none
2025-01-01 07:31:40,SOLAR_PANEL_CURR_B,6.3093,0,none
2025-01-01 07:40:00,SOLAR_PANEL_CURR_B,5.7712,0,none
2025-01-01 07:48:20,SOLAR_PANEL_CURR_B,4.7869,0,none
2025-01-01 07:56:40,SOLAR_PANEL_CURR_B,5.664,0,none
2025-01-01 08:05:00,SOLAR_PANEL_CURR_B,4.1096,0,none
2025-01-01 08:13:20,SOLAR_PANEL_CURR_B,6.6855,0,none
2025-01-01 08:21:40,SOLAR_PANEL_CURR_B,4.679,0,none
2025-01-01 08:30:00,SOLAR_PANEL_CURR_B,3.8374,0,none
2025-01-01 08:38:20,SOLAR_PANEL_CURR_B,4.6798,0,none
2025-01-01 08:46:40,SOLAR_PANEL_CURR_B,5.0032,0,none
2025-01-01 08:55:00,SOLAR_PANEL_CURR_B,6.04,0,none
2025-01-01 09:03:20,SOLAR_PANEL_CURR_B,3.9059,0,none
2025-01-01 09:11:40,SOLAR_PANEL_CURR_B,4.7825,0,none
2025-01-01 09:20:00,SOLAR_PANEL_CURR_B,5.7492,0,none
2025-01-01 09:28:20,SOLAR_PANEL_CURR_B,4.4272,0,none
2025-01-01 09:36:40,SOLAR_PANEL_CURR_B,5.715,0,none
2025-01-01 09:45:00,SOLAR_PANEL_CURR_B,4.4725,0,none
2025-01-01 09:53:20,SOLAR_PANEL_CURR_B,4.3965,0,none
2025-01-01 10:01:40,SOLAR_PANEL_CURR_B,6.0028,0,none
2025-01-01 10:10:00,SOLAR_PANEL_CURR_B,6.2163,0,none
2025-01-01 10:18:20,SOLAR_PANEL_CURR_B,6.1525,0,none
2025-01-01 10:26:40,SOLAR_PANEL_CURR_B,5.0182,0,none
2025-01-01 10:35:00,SOLAR_PANEL_CURR_B,4.3968,0,none
2025-01-01 10:43:20,SOLAR_PANEL_CURR_B,4.7562,0,none
2025-01-01 10:51:40,SOLAR_PANEL_CURR_B,4.2574,0,none
2025-01-01 11:00:00,SOLAR_PANEL_CURR_B,4.568,0,none
2025-01-01 11:08:20,SOLAR_PANEL_CURR_B,5.1047,0,none
2025-01-01 11:16:40,SOLAR_PANEL_CURR_B,4.4836,0,none
2025-01-01 11:25:00,SOLAR_PANEL_CURR_B,4.1846,0,none
2025-01-01 11:33:20,SOLAR_PANEL_CURR_B,4.5801,0,none
2025-01-01 11:41:40,SOLAR_PANEL_CURR_B,6.0855,0,none
2025-01-01 11:50:00,SOLAR_PANEL_CURR_B,5.049,0,none
2025-01-01 11:58:20,SOLAR_PANEL_CURR_B,4.0025,0,none
2025-01-01 12:06:40,SOLAR_PANEL_CURR_B,4.4865,0,none
2025-01-01 12:15:00,SOLAR_PANEL_CURR_B,5.3296,0,none
2025-01-01 12:23:20,SOLAR_PANEL_CURR_B,5.9408,0,none
2025-01-01 12:31:40,SOLAR_PANEL_CURR_B,5.0002,0,none
2025-01-01 12:40:00,SOLAR_PANEL_CURR_B,3.9264,0,none
2025-01-01 12:48:20,SOLAR_PANEL_CURR_B,5.059,0,none
2025-01-01 12:56:40,SOLAR_PANEL_CURR_B,5.1315,0,none
2025-01-01 13:05:00,SOLAR_PANEL_CURR_B,4.345,0,none
2025-01-01 13:13:20,SOLAR_PANEL_CURR_B,5.277,0,none
2025-01-01 13:21:40,SOLAR_PANEL_CURR_B,4.3272,0,none
2025-01-01 13:30:00,SOLAR_PANEL_CURR_B,5.1635,0,none
2025-01-01 13:38:20,SOLAR_PANEL_CURR_B,4.8864,0,none
2025-01-01 13:46:40,SOLAR_PANEL_CURR_B,5.1872,0,none
2025-01-01 13:55:00,SOLAR_PANEL_CURR_B,4.6477,0,none
2025-01-01 14:03:20,SOLAR_PANEL_CURR_B,4.3384,0,none
2025-01-01 14:11:40,SOLAR_PANEL_CURR_B,5.359,0,none
2025-01-01 14:20:00,SOLAR_PANEL_CURR_B,4.6657,0,none
2025-01-01 14:28:20,SOLAR_PANEL_CURR_B,4.519,0,none
2025-01-01 14:36:40,SOLAR_PANEL_CURR_B,4.7869,0,none
2025-01-01 14:45:00,SOLAR_PANEL_CURR_B,4.8384,0,none
2025-01-01 14:53:20,SOLAR_PANEL_CURR_B,4.6014,0,none
2025-01-01 15:01:40,SOLAR_PANEL_CURR_B,5.079,0,none
2025-01-01 15:10:00,SOLAR_PANEL_CURR_B,4.7249,0,none
2025-01-01 15:18:20,SOLAR_PANEL_CURR_B,4.8908,0,none
2025-01-01 15:26:40,SOLAR_PANEL_CURR_B,4.4709,0,none
2025-01-01 15:35:00,SOLAR_PANEL_CURR_B,4.3701,0,none
2025-01-01 15:43:20,SOLAR_PANEL_CURR_B,4.252,0,none
2025-01-01 15:51:40,SOLAR_PANEL_CURR_B,4.3032,0,none
2025-01-01 16:00:00,SOLAR_PANEL_CURR_B,4.5982,0,none
2025-01-01 16:08:20,SOLAR_PANEL_CURR_B,4.309,0,none
2025-01-01 16:16:40,SOLAR_PANEL_CURR_B,4.5819,0,none
2025-01-01 16:25:00,SOLAR_PANEL_CURR_B,4.4152,0,none
2025-01-01 16:33:20,SOLAR_PANEL_CURR_B,4.0974,0,none
2025-01-01 16:41:40,SOLAR_PANEL_CURR_B,6.2604,0,none
2025-01-01 16:50:00,SOLAR_PANEL_CURR_B,4.689,0,none
2025-01-01 16:58:20,SOLAR_PANEL_CURR_B,4.5172,0,none
2025-01-01 17:06:40,SOLAR_PANEL_CURR_B,4.3689,0,none
2025-01-01 17:15:00,SOLAR_PANEL_CURR_B,4.5394,0,none
2025-01-01 17:23:20,SOLAR_PANEL_CURR_B,5.7761,0,none
2025-01-01 17:31:40,SOLAR_PANEL_CURR_B,5.2997,0,none
2025-01-01 17:40:00,SOLAR_PANEL_CURR_B,5.0613,0,none
2025-01-01 17:48:20,SOLAR_PANEL_CURR_B,6.3453,0,none
2025-01-01 17:56:40,SOLAR_PANEL_CURR_B,5.5736,0,none
2025-01-01 18:05:00,SOLAR_PANEL_CURR_B,5.7387,0,none
2025-01-01 18:13:20,SOLAR_PANEL_CURR_B,6.7833,0,none
2025-01-01 18:21:40,SOLAR_PANEL_CURR_B,4.7836,0,none
2025-01-01 18:30:00,SOLAR_PANEL_CURR_B,6.5847,0,none
2025-01-01 18:38:20,SOLAR_PANEL_CURR_B,4.2996,0,none
2025-01-01 18:46:40,SOLAR_PANEL_CURR_B,6.3162,0,none
2025-01-01 18:55:00,SOLAR_PANEL_CURR_B,5.9632,0,none
2025-01-01 19:03:20,SOLAR_PANEL_CURR_B,5.2541,0,none
2025-01-01 19:11:40,SOLAR_PANEL_CURR_B,5.2937,0,none
2025-01-01 19:20:00,SOLAR_PANEL_CURR_B,4.2696,0,none
2025-01-01 19:28:20,SOLAR_PANEL_CURR_B,4.803,0,none
2025-01-01 19:36:40,SOLAR_PANEL_CURR_B,5.3834,0,none
2025-01-01 19:45:00,SOLAR_PANEL_CURR_B,4.2394,0,none
2025-01-01 19:53:20,SOLAR_PANEL_CURR_B,3.8895,0,none
2025-01-01 20:01:40,SOLAR_PANEL_CURR_B,4.4105,0,none
2025-01-01 20:10:00,SOLAR_PANEL_CURR_B,6.5637,0,none
2025-01-01 20:18:20,SOLAR_PANEL_CURR_B,5.8907,0,none
2025-01-01 20:26:40,SOLAR_PANEL_CURR_B,4.3499,0,none
2025-01-01 20:35:00,SOLAR_PANEL_CURR_B,6.0978,0,none
2025-01-01 20:43:20,SOLAR_PANEL_CURR_B,6.8044,0,none
2025-01-01 20:51:40,SOLAR_PANEL_CURR_B,4.2893,0,none
2025-01-01 21:00:00,SOLAR_PANEL_CURR_B,5.6809,0,none
2025-01-01 21:08:20,SOLAR_PANEL_CURR_B,5.221,0,none
2025-01-01 21:16:40,SOLAR_PANEL_CURR_B,5.0673,0,none
2025-01-01 21:25:00,SOLAR_PANEL_CURR_B,5.5062,0,none
2025-01-01 21:33:20,SOLAR_PANEL_CURR_B,6.1339,0,none
2025-01-01 21:41:40,SOLAR_PANEL_CURR_B,5.4125,0,none
2025-01-01 21:50:00,SOLAR_PANEL_CURR_B,5.6498,0,none
2025-01-01 21:58:20,SOLAR_PANEL_CURR_B,5.8506,0,none
2025-01-01 22:06:40,SOLAR_PANEL_CURR_B,5.4478,0,none
2025-01-01 22:15:00,SOLAR_PANEL_CURR_B,4.2845,0,none
2025-01-01 22:23:20,SOLAR_PANEL_CURR_B,6.4688,0,none
2025-01-01 22:31:40,SOLAR_PANEL_CURR_B,7.0773,0,none
2025-01-01 22:40:00,SOLAR_PANEL_CURR_B,5.1802,0,none
2025-01-01 22:48:20,SOLAR_PANEL_CURR_B,4.6942,0,none
2025-01-01 22:56:40,SOLAR_PANEL_CURR_B,6.7239,0,none
2025-01-01 23:05:00,SOLAR_PANEL_CURR_B,5.4202,0,none
2025-01-01 23:13:20,SOLAR_PANEL_CURR_B,6.4912,0,none
2025-01-01 23:21:40,SOLAR_PANEL_CURR_B,4.9344,0,none
2025-01-01 23:30:00,SOLAR_PANEL_CURR_B,6.8221,0,none
2025-01-01 23:38:20,SOLAR_PANEL_CURR_B,5.9869,0,none
2025-01-01 23:46:40,SOLAR_PANEL_CURR_B,6.8256,0,none
2025-01-01 23:55:00,SOLAR_PANEL_CURR_B,6.3868,0,none
2025-01-02 00:03:20,SOLAR_PANEL_CURR_B,5.918,0,none
2025-01-02 00:11:40,SOLAR_PANEL_CURR_B,6.5551,0,none
2025-01-02 00:20:00,SOLAR_PANEL_CURR_B,6.569,0,none
2025-01-02 00:28:20,SOLAR_PANEL_CURR_B,6.5282,0,none
2025-01-02 00:36:40,SOLAR_PANEL_CURR_B,7.0707,0,none
2025-01-02 00:45:00,SOLAR_PANEL_CURR_B,6.4552,0,none
2025-01-02 00:53:20,SOLAR_PANEL_CURR_B,6.83,0,none
2025-01-02 01:01:40,SOLAR_PANEL_CURR_B,6.2317,0,none
2025-01-02 01:10:00,SOLAR_PANEL_CURR_B,4.9434,0,none
2025-01-02 01:18:20,SOLAR_PANEL_CURR_B,6.6253,0,none
2025-01-02 01:26:40,SOLAR_PANEL_CURR_B,6.4143,0,none
2025-01-02 01:35:00,SOLAR_PANEL_CURR_B,6.9753,0,none
2025-01-02 01:43:20,SOLAR_PANEL_CURR_B,6.3386,0,none
2025-01-02 01:51:40,SOLAR_PANEL_CURR_B,6.6598,0,none
2025-01-02 02:00:00,SOLAR_PANEL_CURR_B,6.6287,0,none
2025-01-02 02:08:20,SOLAR_PANEL_CURR_B,6.1898,0,none
2025-01-02 02:16:40,SOLAR_PANEL_CURR_B,6.5733,0,none
2025-01-02 02:25:00,SOLAR_PANEL_CURR_B,6.8138,0,none
2025-01-02 02:33:20,SOLAR_PANEL_CURR_B,5.0618,0,none
2025-01-02 02:41:40,SOLAR_PANEL_CURR_B,6.7051,0,none
2025-01-02 02:50:00,SOLAR_PANEL_CURR_B,5.7889,0,none
2025-01-02 02:58:20,SOLAR_PANEL_CURR_B,6.8997,0,none
2025-01-02 03:06:40,SOLAR_PANEL_CURR_B,5.9996,0,none
2025-01-02 03:15:00,SOLAR_PANEL_CURR_B,6.4576,0,none
2025-01-02 03:23:20,SOLAR_PANEL_CURR_B,6.759,0,none
2025-01-02 03:31:40,SOLAR_PANEL_CURR_B,6.8087,0,none
2025-01-02 03:40:00,SOLAR_PANEL_CURR_B,6.1145,0,none
2025-01-01 00:01:10,SOLAR_PANEL_VOLT_A,32.4209,0,none
2025-01-01 00:09:30,SOLAR_PANEL_VOLT_A,32.2622,0,none
2025-01-01 00:17:50,SOLAR_PANEL_VOLT_A,32.6222,0,none
2025-01-01 00:26:10,SOLAR_PANEL_VOLT_A,32.4669,0,none
2025-01-01 00:34:30,SOLAR_PANEL_VOLT_A,32.5453,0,none
2025-01-01 00:42:50,SOLAR_PANEL_VOLT_A,31.6877,0,none
2025-01-01 00:51:10,SOLAR_PANEL_VOLT_A,32.0573,0,none
2025-01-01 00:59:30,SOLAR_PANEL_VOLT_A,32.4299,0,none
2025-01-01 01:07:50,SOLAR_PANEL_VOLT_A,32.6843,0,none
2025-01-01 01:16:10,SOLAR_PANEL_VOLT_A,31.6985,0,none
2025-01-01 01:24:30,SOLAR_PANEL_VOLT_A,32.2993,0,none
2025-01-01 01:32:50,SOLAR_PANEL_VOLT_A,31.6205,0,none
2025-01-01 01:41:10,SOLAR_PANEL_VOLT_A,32.1266,0,none
2025-01-01 01:49:30,SOLAR_PANEL_VOLT_A,31.6907,0,none
2025-01-01 01:57:50,SOLAR_PANEL_VOLT_A,31.2653,0,none
2025-01-01 02:06:10,SOLAR_PANEL_VOLT_A,32.2079,0,none
2025-01-01 02:14:30,SOLAR_PANEL_VOLT_A,30.632,0,none
2025-01-01 02:22:50,SOLAR_PANEL_VOLT_A,32.2054,0,none
2025-01-01 02:31:10,SOLAR_PANEL_VOLT_A,32.5847,0,none
2025-01-01 02:39:30,SOLAR_PANEL_VOLT_A,31.0935,0,none
2025-01-01 02:47:50,SOLAR_PANEL_VOLT_A,31.3695,0,none
2025-01-01 02:56:10,SOLAR_PANEL_VOLT_A,32.7933,0,none
2025-01-01 03:04:30,SOLAR_PANEL_VOLT_A,32.6428,0,none
2025-01-01 03:12:50,SOLAR_PANEL_VOLT_A,32.6781,0,none
2025-01-01 03:21:10,SOLAR_PANEL_VOLT_A,32.587,0,none
2025-01-01 03:29:30,SOLAR_PANEL_VOLT_A,30.5175,0,none
2025-01-01 03:37:50,SOLAR_PANEL_VOLT_A,32.0694,0,none
2025-01-01 03:46:10,SOLAR_PANEL_VOLT_A,31.4882,0,none
2025-01-01 03:54:30,SOLAR_PANEL_VOLT_A,31.8365,0,none
2025-01-01 04:02:50,SOLAR_PANEL_VOLT_A,31.6694,0,none
2025-01-01 04:11:10,SOLAR_PANEL_VOLT_A,31.0541,0,none
2025-01-01 04:19:30,SOLAR_PANEL_VOLT_A,30.2935,0,none
2025-01-01 04:27:50,SOLAR_PANEL_VOLT_A,32.0059,0,none
2025-01-01 04:36:10,SOLAR_PANEL_VOLT_A,30.1974,0,none
2025-01-01 04:44:30,SOLAR_PANEL_VOLT_A,30.2812,0,none
2025-01-01 04:52:50,SOLAR_PANEL_VOLT_A,32.2444,0,none
2025-01-01 05:01:10,SOLAR_PANEL_VOLT_A,32.0998,0,none
2025-01-01 05:09:30,SOLAR_PANEL_VOLT_A,31.2696,0,none
2025-01-01 05:17:50,SOLAR_PANEL_VOLT_A,32.6236,0,none
2025-01-01 05:26:10,SOLAR_PANEL_VOLT_A,30.2032,0,none
2025-01-01 05:34:30,SOLAR_PANEL_VOLT_A,32.4993,0,none
2025-01-01 05:42:50,SOLAR_PANEL_VOLT_A,30.844,0,none
2025-01-01 05:51:10,SOLAR_PANEL_VOLT_A,31.8336,0,none
2025-01-01 05:59:30,SOLAR_PANEL_VOLT_A,30.9095,0,none
2025-01-01 06:07:50,SOLAR_PANEL_VOLT_A,30.2546,0,none
2025-01-01 06:16:10,SOLAR_PANEL_VOLT_A,29.4818,0,none
2025-01-01 06:24:30,SOLAR_PANEL_VOLT_A,28.9697,0,none
2025-01-01 06:32:50,SOLAR_PANEL_VOLT_A,32.2071,0,none
2025-01-01 06:41:10,SOLAR_PANEL_VOLT_A,29.9973,0,none
2025-01-01 06:49:30,SOLAR_PANEL_VOLT_A,30.3801,0,none
2025-01-01 06:57:50,SOLAR_PANEL_VOLT_A,31.895,0,none
2025-01-01 07:06:10,SOLAR_PANEL_VOLT_A,32.4246,0,none
2025-01-01 07:14:30,SOLAR_PANEL_VOLT_A,30.1523,0,none
2025-01-01 07:22:50,SOLAR_PANEL_VOLT_A,29.6122,0,none
2025-01-01 07:31:10,SOLAR_PANEL_VOLT_A,32.4338,0,none
2025-01-01 07:39:30,SOLAR_PANEL_VOLT_A,29.5502,0,none
2025-01-01 07:47:50,SOLAR_PANEL_VOLT_A,29.9441,0,none
2025-01-01 07:56:10,SOLAR_PANEL_VOLT_A,30.5084,0,none
2025-01-01 08:04:30,SOLAR_PANEL_VOLT_A,29.8862,0,none
2025-01-01 08:12:50,SOLAR_PANEL_VOLT_A,29.1121,0,none
2025-01-01 08:21:10,SOLAR_PANEL_VOLT_A,30.8851,0,none
2025-01-01 08:29:30,SOLAR_PANEL_VOLT_A,29.4738,0,none
2025-01-01 08:37:50,SOLAR_PANEL_VOLT_A,31.3408,0,none
2025-01-01 08:46:10,SOLAR_PANEL_VOLT_A,29.4139,0,none
2025-01-01 08:54:30,SOLAR_PANEL_VOLT_A,32.2783,0,none
2025-01-01 09:02:50,SOLAR_PANEL_VOLT_A,31.2528,0,none
2025-01-01 09:11:10,SOLAR_PANEL_VOLT_A,29.7553,0,none
2025-01-01 09:19:30,SOLAR_PANEL_VOLT_A,31.8151,0,none
2025-01-01 09:27:50,SOLAR_PANEL_VOLT_A,30.0008,0,none
2025-01-01 09:36:10,SOLAR_PANEL_VOLT_A,29.7355,0,none
2025-01-01 09:44:30,SOLAR_PANEL_VOLT_A,29.594,0,none
2025-01-01 09:52:50,SOLAR_PANEL_VOLT_A,30.4119,0,none
2025-01-01 10:01:10,SOLAR_PANEL_VOLT_A,31.8675,0,none
2025-01-01 10:09:30,SOLAR_PANEL_VOLT_A,30.1229,0,none
2025-01-01 10:17:50,SOLAR_PANEL_VOLT_A,29.782,0,none
2025-01-01 10:26:10,SOLAR_PANEL_VOLT_A,29.7009,0,none
2025-01-01 10:34:30,SOLAR_PANEL_VOLT_A,30.0791,0,none
2025-01-01 10:42:50,SOLAR_PANEL_VOLT_A,29.5226,0,none
2025-01-01 10:51:10,SOLAR_PANEL_VOLT_A,31.3378,0,none
2025-01-01 10:59:30,SOLAR_PANEL_VOLT_A,29.3413,0,none
2025-01-01 11:07:50,SOLAR_PANEL_VOLT_A,30.6688,0,none
2025-01-01 11:16:10,SOLAR_PANEL_VOLT_A,30.3419,0,none
2025-01-01 11:24:30,SOLAR_PANEL_VOLT_A,30.1537,0,none
2025-01-01 11:32:50,SOLAR_PANEL_VOLT_A,31.4291,0,none
2025-01-01 11:41:10,SOLAR_PANEL_VOLT_A,29.9784,0,none
2025-01-01 11:49:30,SOLAR_PANEL_VOLT_A,29.4311,0,none
2025-01-01 11:57:50,SOLAR_PANEL_VOLT_A,29.9591,0,none
2025-01-01 12:06:10,SOLAR_PANEL_VOLT_A,30.9716,0,none
2025-01-01 12:14:30,SOLAR_PANEL_VOLT_A,30.1048,0,none
2025-01-01 12:22:50,SOLAR_PANEL_VOLT_A,30.2199,0,none
2025-01-01 12:31:10,SOLAR_PANEL_VOLT_A,30.0943,0,none
2025-01-01 12:39:30,SOLAR_PANEL_VOLT_A,29.4554,0,none
2025-01-01 12:47:50,SOLAR_PANEL_VOLT_A,29.4825,0,none
2025-01-01 12:56:10,SOLAR_PANEL_VOLT_A,30.5957,0,none
2025-01-01 13:04:30,SOLAR_PANEL_VOLT_A,30.5925,0,none
2025-01-01 13:12:50,SOLAR_PANEL_VOLT_A,29.7572,0,none
2025-01-01 13:21:10,SOLAR_PANEL_VOLT_A,29.7652,0,none
2025-01-01 13:29:30,SOLAR_PANEL_VOLT_A,29.8098,0,none
2025-01-01 13:37:50,SOLAR_PANEL_VOLT_A,29.7772,0,none
2025-01-01 13:46:10,SOLAR_PANEL_VOLT_A,29.3325,0,none
2025-01-01 13:54:30,SOLAR_PANEL_VOLT_A,29.8001,0,none
2025-01-01 14:02:50,SOLAR_PANEL_VOLT_A,29.4386,0,none
2025-01-01 14:11:10,SOLAR_PANEL_VOLT_A,29.5316,0,none
2025-01-01 14:19:30,SOLAR_PANEL_VOLT_A,29.8324,0,none
2025-01-01 14:27:50,SOLAR_PANEL_VOLT_A,31.3022,0,none
2025-01-01 14:36:10,SOLAR_PANEL_VOLT_A,30.6822,0,none
2025-01-01 14:44:30,SOLAR_PANEL_VOLT_A,29.2734,0,none
2025-01-01 14:52:50,SOLAR_PANEL_VOLT_A,29.7455,0,none
2025-01-01 15:01:10,SOLAR_PANEL_VOLT_A,31.3457,0,none
2025-01-01 15:09:30,SOLAR_PANEL_VOLT_A,29.5667,0,none
2025-01-01 15:17:50,SOLAR_PANEL_VOLT_A,30.2608,0,none
2025-01-01 15:26:10,SOLAR_PANEL_VOLT_A,30.5059,0,none
2025-01-01 15:34:30,SOLAR_PANEL_VOLT_A,31.4504,0,none
2025-01-01 15:42:50,SOLAR_PANEL_VOLT_A,29.8565,0,none
2025-01-01 15:51:10,SOLAR_PANEL_VOLT_A,29.9421,0,none
2025-01-01 15:59:30,SOLAR_PANEL_VOLT_A,29.3478,0,none
2025-01-01 16:07:50,SOLAR_PANEL_VOLT_A,30.1107,0,none
2025-01-01 16:16:10,SOLAR_PANEL_VOLT_A,29.3932,0,none
2025-01-01 16:24:30,SOLAR_PANEL_VOLT_A,29.9869,0,none
2025-01-01 16:32:50,SOLAR_PANEL_VOLT_A,30.3718,0,none
2025-01-01 16:41:10,SOLAR_PANEL_VOLT_A,29.5639,0,none
2025-01-01 16:49:30,SOLAR_PANEL_VOLT_A,29.452,0,none
2025-01-01 16:57:50,SOLAR_PANEL_VOLT_A,29.2946,0,none
2025-01-01 17:06:10,SOLAR_PANEL_VOLT_A,29.9464,0,none
2025-01-01 17:14:30,SOLAR_PANEL_VOLT_A,29.6332,0,none
2025-01-01 17:22:50,SOLAR_PANEL_VOLT_A,30.8675,0,none
2025-01-01 17:31:10,SOLAR_PANEL_VOLT_A,29.8926,0,none
2025-01-01 17:39:30,SOLAR_PANEL_VOLT_A,29.2511,0,none
2025-01-01 17:47:50,SOLAR_PANEL_VOLT_A,31.7577,0,none
2025-01-01 17:56:10,SOLAR_PANEL_VOLT_A,29.892,0,none
2025-01-01 18:04:30,SOLAR_PANEL_VOLT_A,29.794,0,none
2025-01-01 18:12:50,SOLAR_PANEL_VOLT_A,30.0312,0,none
2025-01-01 18:21:10,SOLAR_PANEL_VOLT_A,29.4483,0,none
2025-01-01 18:29:30,SOLAR_PANEL_VOLT_A,29.5494,0,none
2025-01-01 18:37:50,SOLAR_PANEL_VOLT_A,32.1473,0,none
2025-01-01 18:46:10,SOLAR_PANEL_VOLT_A,29.1931,0,none
2025-01-01 18:54:30,SOLAR_PANEL_VOLT_A,31.6214,0,none
2025-01-01 19:02:50,SOLAR_PANEL_VOLT_A,31.6154,0,none
2025-01-01 19:11:10,SOLAR_PANEL_VOLT_A,31.1698,0,none
2025-01-01 19:19:30,SOLAR_PANEL_VOLT_A,31.94,0,none
2025-01-01 19:27:50,SOLAR_PANEL_VOLT_A,29.1458,0,none
2025-01-01 19:36:10,SOLAR_PANEL_VOLT_A,29.4129,0,none
2025-01-01 19:44:30,SOLAR_PANEL_VOLT_A,29.5867,0,none
2025-01-01 19:52:50,SOLAR_PANEL_VOLT_A,29.6051,0,none
2025-01-01 20:01:10,SOLAR_PANEL_VOLT_A,31.7265,0,none
2025-01-01 20:09:30,SOLAR_PANEL_VOLT_A,29.3446,0,none
2025-01-01 20:17:50,SOLAR_PANEL_VOLT_A,32.3808,0,none
2025-01-01 20:26:10,SOLAR_PANEL_VOLT_A,32.5274,0,none
2025-01-01 20:34:30,SOLAR_PANEL_VOLT_A,32.2798,0,none
2025-01-01 20:42:50,SOLAR_PANEL_VOLT_A,32.3221,0,none
2025-01-01 20:51:10,SOLAR_PANEL_VOLT_A,30.7105,0,none
2025-01-01 20:59:30,SOLAR_PANEL_VOLT_A,31.5153,0,none
2025-01-01 21:07:50,SOLAR_PANEL_VOLT_A,29.3552,0,none
2025-01-01 21:16:10,SOLAR_PANEL_VOLT_A,30.8208,0,none
2025-01-01 21:24:30,SOLAR_PANEL_VOLT_A,32.3291,0,none
2025-01-01 21:32:50,SOLAR_PANEL_VOLT_A,30.0717,0,none
2025-01-01 21:41:10,SOLAR_PANEL_VOLT_A,31.7742,0,none
2025-01-01 21:49:30,SOLAR_PANEL_VOLT_A,31.056,0,none
2025-01-01 21:57:50,SOLAR_PANEL_VOLT_A,32.2169,0,none
2025-01-01 22:06:10,SOLAR_PANEL_VOLT_A,32.2967,0,none
2025-01-01 22:14:30,SOLAR_PANEL_VOLT_A,30.2561,0,none
2025-01-01 22:22:50,SOLAR_PANEL_VOLT_A,32.5582,0,none
2025-01-01 22:31:10,SOLAR_PANEL_VOLT_A,30.1774,0,none
2025-01-01 22:39:30,SOLAR_PANEL_VOLT_A,32.4193,0,none
2025-01-01 22:47:50,SOLAR_PANEL_VOLT_A,32.5545,0,none
2025-01-01 22:56:10,SOLAR_PANEL_VOLT_A,32.5991,0,none
2025-01-01 23:04:30,SOLAR_PANEL_VOLT_A,32.6517,0,none
2025-01-01 23:12:50,SOLAR_PANEL_VOLT_A,31.0483,0,none
2025-01-01 23:21:10,SOLAR_PANEL_VOLT_A,32.6174,0,none
2025-01-01 23:29:30,SOLAR_PANEL_VOLT_A,31.4786,0,none
2025-01-01 23:37:50,SOLAR_PANEL_VOLT_A,32.3159,0,none
2025-01-01 23:46:10,SOLAR_PANEL_VOLT_A,31.2135,0,none
2025-01-01 23:54:30,SOLAR_PANEL_VOLT_A,30.3391,0,none
2025-01-02 00:02:50,SOLAR_PANEL_VOLT_A,32.3567,0,none
2025-01-02 00:11:10,SOLAR_PANEL_VOLT_A,31.2941,0,none
2025-01-02 00:19:30,SOLAR_PANEL_VOLT_A,32.1342,0,none
2025-01-02 00:27:50,SOLAR_PANEL_VOLT_A,32.2826,0,none
2025-01-02 00:36:10,SOLAR_PANEL_VOLT_A,32.1434,0,none
2025-01-02 00:44:30,SOLAR_PANEL_VOLT_A,29.8901,0,none
2025-01-02 00:52:50,SOLAR_PANEL_VOLT_A,32.0645,0,none
2025-01-02 01:01:10,SOLAR_PANEL_VOLT_A,30.7884,0,none
2025-01-02 01:09:30,SOLAR_PANEL_VOLT_A,31.7134,0,none
2025-01-02 01:17:50,SOLAR_PANEL_VOLT_A,31.894,0,none
2025-01-02 01:26:10,SOLAR_PANEL_VOLT_A,32.4539,0,none
2025-01-02 01:34:30,SOLAR_PANEL_VOLT_A,32.3006,0,none
2025-01-02 01:42:50,SOLAR_PANEL_VOLT_A,32.7581,0,none
2025-01-02 01:51:10,SOLAR_PANEL_VOLT_A,32.3833,0,none
2025-01-02 01:59:30,SOLAR_PANEL_VOLT_A,31.4031,0,none
2025-01-02 02:07:50,SOLAR_PANEL_VOLT_A,32.2798,0,none
2025-01-02 02:16:10,SOLAR_PANEL_VOLT_A,31.3841,0,none
2025-01-02 02:24:30,SOLAR_PANEL_VOLT_A,30.8491,0,none
2025-01-02 02:32:50,SOLAR_PANEL_VOLT_A,31.9512,0,none
2025-01-02 02:41:10,SOLAR_PANEL_VOLT_A,31.5808,0,none
2025-01-02 02:49:30,SOLAR_PANEL_VOLT_A,31.3564,0,none
2025-01-02 02:57:50,SOLAR_PANEL_VOLT_A,32.2258,0,none
2025-01-02 03:06:10,SOLAR_PANEL_VOLT_A,32.2333,0,none
2025-01-02 03:14:30,SOLAR_PANEL_VOLT_A,31.5593,0,none
2025-01-02 03:22:50,SOLAR_PANEL_VOLT_A,32.3378,0,none
2025-01-02 03:31:10,SOLAR_PANEL_VOLT_A,30.7339,0,none
2025-01-02 03:39:30,SOLAR_PANEL_VOLT_A,32.3152,0,none
2025-01-01 00:01:20,SOLAR_PANEL_VOLT_B,32.303,0,none
2025-01-01 00:09:40,SOLAR_PANEL_VOLT_B,32.2668,0,none
2025-01-01 00:18:00,SOLAR_PANEL_VOLT_B,31.3616,0,none
2025-01-01 00:26:20,SOLAR_PANEL_VOLT_B,30.9172,0,none
2025-01-01 00:34:40,SOLAR_PANEL_VOLT_B,32.2261,0,none
2025-01-01 00:43:00,SOLAR_PANEL_VOLT_B,32.4721,0,none
2025-01-01 00:51:20,SOLAR_PANEL_VOLT_B,31.7046,0,none
2025-01-01 00:59:40,SOLAR_PANEL_VOLT_B,32.0877,0,none
2025-01-01 01:08:00,SOLAR_PANEL_VOLT_B,32.3423,0,none
2025-01-01 01:16:20,SOLAR_PANEL_VOLT_B,32.2005,0,none
2025-01-01 01:24:40,SOLAR_PANEL_VOLT_B,32.3644,0,none
2025-01-01 01:33:00,SOLAR_PANEL_VOLT_B,32.0871,0,none
2025-01-01 01:41:20,SOLAR_PANEL_VOLT_B,30.5332,0,none
2025-01-01 01:49:40,SOLAR_PANEL_VOLT_B,32.0152,0,none
2025-01-01 01:58:00,SOLAR_PANEL_VOLT_B,32.1288,0,none
2025-01-01 02:06:20,SOLAR_PANEL_VOLT_B,32.1313,0,none
2025-01-01 02:14:40,SOLAR_PANEL_VOLT_B,32.0406,0,none
2025-01-01 02:23:00,SOLAR_PANEL_VOLT_B,32.6298,0,none
2025-01-01 02:31:20,SOLAR_PANEL_VOLT_B,30.2587,0,none
2025-01-01 02:39:40,SOLAR_PANEL_VOLT_B,32.1312,0,none
2025-01-01 02:48:00,SOLAR_PANEL_VOLT_B,32.0568,0,none
2025-01-01 02:56:20,SOLAR_PANEL_VOLT_B,32.191,0,none
2025-01-01 03:04:40,SOLAR_PANEL_VOLT_B,32.5585,0,none
2025-01-01 03:13:00,SOLAR_PANEL_VOLT_B,31.9393,0,none
2025-01-01 03:21:20,SOLAR_PANEL_VOLT_B,30.1214,0,none
2025-01-01 03:29:40,SOLAR_PANEL_VOLT_B,31.7793,0,none
2025-01-01 03:38:00,SOLAR_PANEL_VOLT_B,30.8624,0,none
2025-01-01 03:46:20,SOLAR_PANEL_VOLT_B,31.3582,0,none
2025-01-01 03:54:40,SOLAR_PANEL_VOLT_B,32.5428,0,none
2025-01-01 04:03:00,SOLAR_PANEL_VOLT_B,31.3326,0,none
2025-01-01 04:11:20,SOLAR_PANEL_VOLT_B,31.4711,0,none
2025-01-01 04:19:40,SOLAR_PANEL_VOLT_B,32.0894,0,none
2025-01-01 04:28:00,SOLAR_PANEL_VOLT_B,32.3936,0,none
2025-01-01 04:36:20,SOLAR_PANEL_VOLT_B,30.7665,0,none
2025-01-01 04:44:40,SOLAR_PANEL_VOLT_B,29.8721,0,none
2025-01-01 04:53:00,SOLAR_PANEL_VOLT_B,31.2418,0,none
2025-01-01 05:01:20,SOLAR_PANEL_VOLT_B,32.512,0,none
2025-01-01 05:09:40,SOLAR_PANEL_VOLT_B,31.8755,0,none
2025-01-01 05:18:00,SOLAR_PANEL_VOLT_B,31.8653,0,none
2025-01-01 05:26:20,SOLAR_PANEL_VOLT_B,29.9513,0,none
2025-01-01 05:34:40,SOLAR_PANEL_VOLT_B,32.4884,0,none
2025-01-01 05:43:00,SOLAR_PANEL_VOLT_B,32.5002,0,none
2025-01-01 05:51:20,SOLAR_PANEL_VOLT_B,32.3534,0,none
2025-01-01 05:59:40,SOLAR_PANEL_VOLT_B,30.1144,0,none
2025-01-01 06:08:00,SOLAR_PANEL_VOLT_B,29.2146,0,none
2025-01-01 06:16:20,SOLAR_PANEL_VOLT_B,30.7233,0,none
2025-01-01 06:24:40,SOLAR_PANEL_VOLT_B,30.5219,0,none
2025-01-01 06:33:00,SOLAR_PANEL_VOLT_B,31.4509,0,none
2025-01-01 06:41:20,SOLAR_PANEL_VOLT_B,30.1714,0,none
2025-01-01 06:49:40,SOLAR_PANEL_VOLT_B,31.6899,0,none
2025-01-01 06:58:00,SOLAR_PANEL_VOLT_B,32.1037,0,none
2025-01-01 07:06:20,SOLAR_PANEL_VOLT_B,32.547,0,none
2025-01-01 07:14:40,SOLAR_PANEL_VOLT_B,30.0387,0,none
2025-01-01 07:23:00,SOLAR_PANEL_VOLT_B,32.689,0,none
2025-01-01 07:31:20,SOLAR_PANEL_VOLT_B,31.9659,0,none
2025-01-01 07:39:40,SOLAR_PANEL_VOLT_B,29.6756,0,none
2025-01-01 07:48:00,SOLAR_PANEL_VOLT_B,31.3838,0,none
2025-01-01 07:56:20,SOLAR_PANEL_VOLT_B,30.2955,0,none
2025-01-01 08:04:40,SOLAR_PANEL_VOLT_B,30.6885,0,none
2025-01-01 08:13:00,SOLAR_PANEL_VOLT_B,29.9867,0,none
2025-01-01 08:21:20,SOLAR_PANEL_VOLT_B,29.4177,0,none
2025-01-01 08:29:40,SOLAR_PANEL_VOLT_B,32.1661,0,none
2025-01-01 08:38:00,SOLAR_PANEL_VOLT_B,29.6378,0,none
2025-01-01 08:46:20,SOLAR_PANEL_VOLT_B,29.2758,0,none
2025-01-01 08:54:40,SOLAR_PANEL_VOLT_B,29.8838,0,none
2025-01-01 09:03:00,SOLAR_PANEL_VOLT_B,32.5195,0,none
2025-01-01 09:11:20,SOLAR_PANEL_VOLT_B,29.4082,0,none
2025-01-01 09:19:40,SOLAR_PANEL_VOLT_B,30.7272,0,none
2025-01-01 09:28:00,SOLAR_PANEL_VOLT_B,30.2537,0,none
2025-01-01 09:36:20,SOLAR_PANEL_VOLT_B,29.2547,0,none
2025-01-01 09:44:40,SOLAR_PANEL_VOLT_B,31.4871,0,none
2025-01-01 09:53:00,SOLAR_PANEL_VOLT_B,30.7923,0,none
2025-01-01 10:01:20,SOLAR_PANEL_VOLT_B,30.7945,0,none
2025-01-01 10:09:40,SOLAR_PANEL_VOLT_B,31.3927,0,none
2025-01-01 10:18:00,SOLAR_PANEL_VOLT_B,30.698,0,none
2025-01-01 10:26:20,SOLAR_PANEL_VOLT_B,30.6594,0,none
2025-01-01 10:34:40,SOLAR_PANEL_VOLT_B,30.6131,0,none
2025-01-01 10:43:00,SOLAR_PANEL_VOLT_B,29.9385,0,none
2025-01-01 10:51:20,SOLAR_PANEL_VOLT_B,29.246,0,none
2025-01-01 10:59:40,SOLAR_PANEL_VOLT_B,29.4747,0,none
2025-01-01 11:08:00,SOLAR_PANEL_VOLT_B,31.1156,0,none
2025-01-01 11:16:20,SOLAR_PANEL_VOLT_B,29.8763,0,none
2025-01-01 11:24:40,SOLAR_PANEL_VOLT_B,30.8334,0,none
2025-01-01 11:33:00,SOLAR_PANEL_VOLT_B,30.5649,0,none
2025-01-01 11:41:20,SOLAR_PANEL_VOLT_B,31.5344,0,none
2025-01-01 11:49:40,SOLAR_PANEL_VOLT_B,29.3506,0,none
2025-01-01 11:58:00,SOLAR_PANEL_VOLT_B,31.1519,0,none
2025-01-01 12:06:20,SOLAR_PANEL_VOLT_B,29.9767,0,none
2025-01-01 12:14:40,SOLAR_PANEL_VOLT_B,29.5086,0,none
2025-01-01 12:23:00,SOLAR_PANEL_VOLT_B,29.647,0,none
2025-01-01 12:31:20,SOLAR_PANEL_VOLT_B,29.4897,0,none
2025-01-01 12:39:40,SOLAR_PANEL_VOLT_B,30.3658,0,none
2025-01-01 12:48:00,SOLAR_PANEL_VOLT_B,30.0531,0,none
2025-01-01 12:56:20,SOLAR_PANEL_VOLT_B,30.1905,0,none
2025-01-01 13:04:40,SOLAR_PANEL_VOLT_B,31.2468,0,none
2025-01-01 13:13:00,SOLAR_PANEL_VOLT_B,29.6155,0,none
2025-01-01 13:21:20,SOLAR_PANEL_VOLT_B,29.5932,0,none
2025-01-01 13:29:40,SOLAR_PANEL_VOLT_B,31.0725,0,none
2025-01-01 13:38:00,SOLAR_PANEL_VOLT_B,30.7795,0,none
2025-01-01 13:46:20,SOLAR_PANEL_VOLT_B,29.9601,0,none
2025-01-01 13:54:40,SOLAR_PANEL_VOLT_B,30.5683,0,none
2025-01-01 14:03:00,SOLAR_PANEL_VOLT_B,31.0043,0,none
2025-01-01 14:11:20,SOLAR_PANEL_VOLT_B,30.0827,0,none
2025-01-01 14:19:40,SOLAR_PANEL_VOLT_B,29.0523,0,none
2025-01-01 14:28:00,SOLAR_PANEL_VOLT_B,29.8014,0,none
2025-01-01 14:36:20,SOLAR_PANEL_VOLT_B,29.4844,0,none
2025-01-01 14:44:40,SOLAR_PANEL_VOLT_B,29.3072,0,none
2025-01-01 14:53:00,SOLAR_PANEL_VOLT_B,29.5019,0,none
2025-01-01 15:01:20,SOLAR_PANEL_VOLT_B,29.72,0,none
2025-01-01 15:09:40,SOLAR_PANEL_VOLT_B,30.8286,0,none
2025-01-01 15:18:00,SOLAR_PANEL_VOLT_B,29.8511,0,none
2025-01-01 15:26:20,SOLAR_PANEL_VOLT_B,30.0033,0,none
2025-01-01 15:34:40,SOLAR_PANEL_VOLT_B,29.8729,0,none
2025-01-01 15:43:00,SOLAR_PANEL_VOLT_B,29.8855,0,none
2025-01-01 15:51:20,SOLAR_PANEL_VOLT_B,29.5429,0,none
2025-01-01 15:59:40,SOLAR_PANEL_VOLT_B,29.6389,0,none
2025-01-01 16:08:00,SOLAR_PANEL_VOLT_B,30.5179,0,none
2025-01-01 16:16:20,SOLAR_PANEL_VOLT_B,31.4855,0,none
2025-01-01 16:24:40,SOLAR_PANEL_VOLT_B,29.4486,0,none
2025-01-01 16:33:00,SOLAR_PANEL_VOLT_B,29.6001,0,none
2025-01-01 16:41:20,SOLAR_PANEL_VOLT_B,31.4408,0,none
2025-01-01 16:49:40,SOLAR_PANEL_VOLT_B,31.1612,0,none
2025-01-01 16:58:00,SOLAR_PANEL_VOLT_B,29.4844,0,none
2025-01-01 17:06:20,SOLAR_PANEL_VOLT_B,29.5082,0,none
2025-01-01 17:14:40,SOLAR_PANEL_VOLT_B,29.4343,0,none
2025-01-01 17:23:00,SOLAR_PANEL_VOLT_B,29.6803,0,none
2025-01-01 17:31:20,SOLAR_PANEL_VOLT_B,30.2922,0,none
2025-01-01 17:39:40,SOLAR_PANEL_VOLT_B,29.971,0,none
2025-01-01 17:48:00,SOLAR_PANEL_VOLT_B,31.4926,0,none
2025-01-01 17:56:20,SOLAR_PANEL_VOLT_B,29.9021,0,none
2025-01-01 18:04:40,SOLAR_PANEL_VOLT_B,29.0666,0,none
2025-01-01 18:13:00,SOLAR_PANEL_VOLT_B,30.8226,0,none
2025-01-01 18:21:20,SOLAR_PANEL_VOLT_B,29.3598,0,none
2025-01-01 18:29:40,SOLAR_PANEL_VOLT_B,31.4584,0,none
2025-01-01 18:38:00,SOLAR_PANEL_VOLT_B,30.7205,0,none
2025-01-01 18:46:20,SOLAR_PANEL_VOLT_B,30.2998,0,none
2025-01-01 18:54:40,SOLAR_PANEL_VOLT_B,32.1711,0,none
2025-01-01 19:03:00,SOLAR_PANEL_VOLT_B,30.6303,0,none
2025-01-01 19:11:20,SOLAR_PANEL_VOLT_B,29.2841,0,none
2025-01-01 19:19:40,SOLAR_PANEL_VOLT_B,29.483,0,none
2025-01-01 19:28:00,SOLAR_PANEL_VOLT_B,30.53,0,none
2025-01-01 19:36:20,SOLAR_PANEL_VOLT_B,31.7668,0,none
2025-01-01 19:44:40,SOLAR_PANEL_VOLT_B,31.8774,0,none
2025-01-01 19:53:00,SOLAR_PANEL_VOLT_B,30.9766,0,none
2025-01-01 20:01:20,SOLAR_PANEL_VOLT_B,29.4219,0,none
2025-01-01 20:09:40,SOLAR_PANEL_VOLT_B,32.2195,0,none
2025-01-01 20:18:00,SOLAR_PANEL_VOLT_B,29.682,0,none
2025-01-01 20:26:20,SOLAR_PANEL_VOLT_B,31.0193,0,none
2025-01-01 20:34:40,SOLAR_PANEL_VOLT_B,29.9553,0,none
2025-01-01 20:43:00,SOLAR_PANEL_VOLT_B,30.8249,0,none
2025-01-01 20:51:20,SOLAR_PANEL_VOLT_B,29.6437,0,none
2025-01-01 20:59:40,SOLAR_PANEL_VOLT_B,32.5466,0,none
2025-01-01 21:08:00,SOLAR_PANEL_VOLT_B,32.3124,0,none
2025-01-01 21:16:20,SOLAR_PANEL_VOLT_B,32.533,0,none
2025-01-01 21:24:40,SOLAR_PANEL_VOLT_B,32.4993,0,none
2025-01-01 21:33:00,SOLAR_PANEL_VOLT_B,31.4524,0,none
2025-01-01 21:41:20,SOLAR_PANEL_VOLT_B,30.2606,0,none
2025-01-01 21:49:40,SOLAR_PANEL_VOLT_B,29.8124,0,none
2025-01-01 21:58:00,SOLAR_PANEL_VOLT_B,32.2429,0,none
2025-01-01 22:06:20,SOLAR_PANEL_VOLT_B,30.9366,0,none
2025-01-01 22:14:40,SOLAR_PANEL_VOLT_B,30.1389,0,none
2025-01-01 22:23:00,SOLAR_PANEL_VOLT_B,32.2472,0,none
2025-01-01 22:31:20,SOLAR_PANEL_VOLT_B,31.5822,0,none
2025-01-01 22:39:40,SOLAR_PANEL_VOLT_B,32.0109,0,none
2025-01-01 22:48:00,SOLAR_PANEL_VOLT_B,30.3757,0,none
2025-01-01 22:56:20,SOLAR_PANEL_VOLT_B,30.9962,0,none
2025-01-01 23:04:40,SOLAR_PANEL_VOLT_B,31.5939,0,none
2025-01-01 23:13:00,SOLAR_PANEL_VOLT_B,31.3795,0,none
2025-01-01 23:21:20,SOLAR_PANEL_VOLT_B,29.8697,0,none
2025-01-01 23:29:40,SOLAR_PANEL_VOLT_B,31.5218,0,none
2025-01-01 23:38:00,SOLAR_PANEL_VOLT_B,32.5443,0,none
2025-01-01 23:46:20,SOLAR_PANEL_VOLT_B,31.4168,0,none
2025-01-01 23:54:40,SOLAR_PANEL_VOLT_B,32.505,0,none
2025-01-02 00:03:00,SOLAR_PANEL_VOLT_B,30.3487,0,none
2025-01-02 00:11:20,SOLAR_PANEL_VOLT_B,30.893,0,none
2025-01-02 00:19:40,SOLAR_PANEL_VOLT_B,32.4417,0,none
2025-01-02 00:28:00,SOLAR_PANEL_VOLT_B,31.4269,0,none
2025-01-02 00:36:20,SOLAR_PANEL_VOLT_B,31.9551,0,none
2025-01-02 00:44:40,SOLAR_PANEL_VOLT_B,32.2088,0,none
2025-01-02 00:53:00,SOLAR_PANEL_VOLT_B,31.2465,0,none
2025-01-02 01:01:20,SOLAR_PANEL_VOLT_B,31.5667,0,none
2025-01-02 01:09:40,SOLAR_PANEL_VOLT_B,32.2027,0,none
2025-01-02 01:18:00,SOLAR_PANEL_VOLT_B,31.7427,0,none
2025-01-02 01:26:20,SOLAR_PANEL_VOLT_B,30.4976,0,none
2025-01-02 01:34:40,SOLAR_PANEL_VOLT_B,30.9659,0,none
2025-01-02 01:43:00,SOLAR_PANEL_VOLT_B,32.3637,0,none
2025-01-02 01:51:20,SOLAR_PANEL_VOLT_B,32.5706,0,none
2025-01-02 01:59:40,SOLAR_PANEL_VOLT_B,32.5837,0,none
2025-01-02 02:08:00,SOLAR_PANEL_VOLT_B,31.9867,0,none
2025-01-02 02:16:20,SOLAR_PANEL_VOLT_B,31.2767,0,none
2025-01-02 02:24:40,SOLAR_PANEL_VOLT_B,31.0951,0,none
2025-01-02 02:33:00,SOLAR_PANEL_VOLT_B,32.1872,0,none
2025-01-02 02:41:20,SOLAR_PANEL_VOLT_B,32.0087,0,none
2025-01-02 02:49:40,SOLAR_PANEL_VOLT_B,32.8259,0,none
2025-01-02 02:58:00,SOLAR_PANEL_VOLT_B,31.1501,0,none
2025-01-02 03:06:20,SOLAR_PANEL_VOLT_B,31.0703,0,none
2025-01-02 03:14:40,SOLAR_PANEL_VOLT_B,32.6076,0,none
2025-01-02 03:23:00,SOLAR_PANEL_VOLT_B,31.6254,0,none
2025-01-02 03:31:20,SOLAR_PANEL_VOLT_B,31.6622,0,none
2025-01-02 03:39:40,SOLAR_PANEL_VOLT_B,31.4407,0,none
2025-01-01 00:01:50,SOLAR_POWER_TOTAL,118.6788,0,none
2025-01-01 00:10:10,SOLAR_POWER_TOTAL,112.059,0,none
2025-01-01 00:18:30,SOLAR_POWER_TOTAL,113.1047,0,none
2025-01-01 00:26:50,SOLAR_POWER_TOTAL,113.693,0,none
2025-01-01 00:35:10,SOLAR_POWER_TOTAL,111.1891,0,none
2025-01-01 00:43:30,SOLAR_POWER_TOTAL,114.9608,0,none
2025-01-01 00:51:50,SOLAR_POWER_TOTAL,114.3203,0,none
2025-01-01 01:00:10,SOLAR_POWER_TOTAL,101.9796,0,none
2025-01-01 01:08:30,SOLAR_POWER_TOTAL,115.6658,0,none
2025-01-01 01:16:50,SOLAR_POWER_TOTAL,112.7637,0,none
2025-01-01 01:25:10,SOLAR_POWER_TOTAL,108.7967,0,none
2025-01-01 01:33:30,SOLAR_POWER_TOTAL,110.0187,0,none
2025-01-01 01:41:50,SOLAR_POWER_TOTAL,118.5658,0,none
2025-01-01 01:50:10,SOLAR_POWER_TOTAL,114.87,0,none
2025-01-01 01:58:30,SOLAR_POWER_TOTAL,111.8066,0,none
2025-01-01 02:06:50,SOLAR_POWER_TOTAL,116.476,0,none
2025-01-01 02:15:10,SOLAR_POWER_TOTAL,104.855,0,none
2025-01-01 02:23:30,SOLAR_POWER_TOTAL,110.2447,0,none
2025-01-01 02:31:50,SOLAR_POWER_TOTAL,100.7196,0,none
2025-01-01 02:40:10,SOLAR_POWER_TOTAL,113.0092,0,none
2025-01-01 02:48:30,SOLAR_POWER_TOTAL,113.4773,0,none
2025-01-01 02:56:50,SOLAR_POWER_TOTAL,112.5129,0,none
2025-01-01 03:05:10,SOLAR_POWER_TOTAL,116.062,0,none
2025-01-01 03:13:30,SOLAR_POWER_TOTAL,112.0589,0,none
2025-01-01 03:21:50,SOLAR_POWER_TOTAL,110.4744,0,none
2025-01-01 03:30:10,SOLAR_POWER_TOTAL,110.1514,0,none
2025-01-01 03:38:30,SOLAR_POWER_TOTAL,115.6365,0,none
2025-01-01 03:46:50,SOLAR_POWER_TOTAL,109.6853,0,none
2025-01-01 03:55:10,SOLAR_POWER_TOTAL,112.6515,0,none
2025-01-01 04:03:30,SOLAR_POWER_TOTAL,115.4139,0,none
2025-01-01 04:11:50,SOLAR_POWER_TOTAL,117.1221,0,none
2025-01-01 04:20:10,SOLAR_POWER_TOTAL,99.8522,0,none
2025-01-01 04:28:30,SOLAR_POWER_TOTAL,115.897,0,none
2025-01-01 04:36:50,SOLAR_POWER_TOTAL,118.266,0,none
2025-01-01 04:45:10,SOLAR_POWER_TOTAL,116.8243,0,none
2025-01-01 04:53:30,SOLAR_POWER_TOTAL,96.6876,0,none
2025-01-01 05:01:50,SOLAR_POWER_TOTAL,101.4496,0,none
2025-01-01 05:10:10,SOLAR_POWER_TOTAL,99.4119,0,none
2025-01-01 05:18:30,SOLAR_POWER_TOTAL,104.8897,0,none
2025-01-01 05:26:50,SOLAR_POWER_TOTAL,110.6272,0,none
2025-01-01 05:35:10,SOLAR_POWER_TOTAL,116.332,0,none
2025-01-01 05:43:30,SOLAR_POWER_TOTAL,92.7378,0,none
2025-01-01 05:51:50,SOLAR_POWER_TOTAL,105.3645,0,none
2025-01-01 06:00:10,SOLAR_POWER_TOTAL,113.402,0,none
2025-01-01 06:08:30,SOLAR_POWER_TOTAL,104.584,0,none
2025-01-01 06:16:50,SOLAR_POWER_TOTAL,114.1715,0,none
2025-01-01 06:25:10,SOLAR_POWER_TOTAL,91.7806,0,none
2025-01-01 06:33:30,SOLAR_POWER_TOTAL,114.6192,0,none
2025-01-01 06:41:50,SOLAR_POWER_TOTAL,94.7504,0,none
2025-01-01 06:50:10,SOLAR_POWER_TOTAL,97.8082,0,none
2025-01-01 06:58:30,SOLAR_POWER_TOTAL,116.2288,0,none
2025-01-01 07:06:50,SOLAR_POWER_TOTAL,95.4057,0,none
2025-01-01 07:15:10,SOLAR_POWER_TOTAL,90.9291,0,none
2025-01-01 07:23:30,SOLAR_POWER_TOTAL,109.136,0,none
2025-01-01 07:31:50,SOLAR_POWER_TOTAL,2.9514420004499704,1,contextual
2025-01-01 07:40:10,SOLAR_POWER_TOTAL,95.09,0,none
2025-01-01 07:48:30,SOLAR_POWER_TOTAL,92.163,0,none
2025-01-01 07:56:50,SOLAR_POWER_TOTAL,113.0224,0,none
2025-01-01 08:05:10,SOLAR_POWER_TOTAL,118.2649,0,none
2025-01-01 08:13:30,SOLAR_POWER_TOTAL,90.9724,0,none
2025-01-01 08:21:50,SOLAR_POWER_TOTAL,115.0094,0,none
2025-01-01 08:30:10,SOLAR_POWER_TOTAL,114.0513,0,none
2025-01-01 08:38:30,SOLAR_POWER_TOTAL,93.5642,0,none
2025-01-01 08:46:50,SOLAR_POWER_TOTAL,2.3975896138471247,1,contextual
2025-01-01 08:55:10,SOLAR_POWER_TOTAL,2.3102583231828464,1,contextual
2025-01-01 09:03:30,SOLAR_POWER_TOTAL,115.3666,0,none
2025-01-01 09:11:50,SOLAR_POWER_TOTAL,2.232938028642312,1,contextual
2025-01-01 09:20:10,SOLAR_POWER_TOTAL,96.1213,0,none
2025-01-01 09:28:30,SOLAR_POWER_TOTAL,109.3472,0,none
2025-01-01 09:36:50,SOLAR_POWER_TOTAL,106.8118,0,none
2025-01-01 09:45:10,SOLAR_POWER_TOTAL,92.1672,0,none
2025-01-01 09:53:30,SOLAR_POWER_TOTAL,92.9901,0,none
2025-01-01 10:01:50,SOLAR_POWER_TOTAL,98.7572,0,none
2025-01-01 10:10:10,SOLAR_POWER_TOTAL,93.8554,0,none
2025-01-01 10:18:30,SOLAR_POWER_TOTAL,110.2408,0,none
2025-01-01 10:26:50,SOLAR_POWER_TOTAL,97.3898,0,none
2025-01-01 10:35:10,SOLAR_POWER_TOTAL,92.9259,0,none
2025-01-01 10:43:30,SOLAR_POWER_TOTAL,102.1902,0,none
2025-01-01 10:51:50,SOLAR_POWER_TOTAL,0.6289895166467749,1,contextual
2025-01-01 11:00:10,SOLAR_POWER_TOTAL,106.2303,0,none
2025-01-01 11:08:30,SOLAR_POWER_TOTAL,2.0973734633356544,1,contextual
2025-01-01 11:16:50,SOLAR_POWER_TOTAL,96.3604,0,none
2025-01-01 11:25:10,SOLAR_POWER_TOTAL,2.1166622977929084,1,contextual
2025-01-01 11:33:30,SOLAR_POWER_TOTAL,101.6569,0,none
2025-01-01 11:41:50,SOLAR_POWER_TOTAL,92.9025,0,none
2025-01-01 11:50:10,SOLAR_POWER_TOTAL,91.667,0,none
2025-01-01 11:58:30,SOLAR_POWER_TOTAL,98.6722,0,none
2025-01-01 12:06:50,SOLAR_POWER_TOTAL,109.3606,0,none
2025-01-01 12:15:10,SOLAR_POWER_TOTAL,94.2175,0,none
2025-01-01 12:23:30,SOLAR_POWER_TOTAL,96.5375,0,none
2025-01-01 12:31:50,SOLAR_POWER_TOTAL,108.0429,0,none
2025-01-01 12:40:10,SOLAR_POWER_TOTAL,100.7503,0,none
2025-01-01 12:48:30,SOLAR_POWER_TOTAL,100.2354,0,none
2025-01-01 12:56:50,SOLAR_POWER_TOTAL,99.4203,0,none
2025-01-01 13:05:10,SOLAR_POWER_TOTAL,94.7543,0,none
2025-01-01 13:13:30,SOLAR_POWER_TOTAL,102.405,0,none
2025-01-01 13:21:50,SOLAR_POWER_TOTAL,91.1802,0,none
2025-01-01 13:30:10,SOLAR_POWER_TOTAL,104.2544,0,none
2025-01-01 13:38:30,SOLAR_POWER_TOTAL,94.5445,0,none
2025-01-01 13:46:50,SOLAR_POWER_TOTAL,90.9708,0,none
2025-01-01 13:55:10,SOLAR_POWER_TOTAL,2.093078949473717,1,contextual
2025-01-01 14:03:30,SOLAR_POWER_TOTAL,102.1218,0,none
2025-01-01 14:11:50,SOLAR_POWER_TOTAL,102.3642,0,none
2025-01-01 14:20:10,SOLAR_POWER_TOTAL,96.1643,0,none
2025-01-01 14:28:30,SOLAR_POWER_TOTAL,96.5096,0,none
2025-01-01 14:36:50,SOLAR_POWER_TOTAL,98.7063,0,none
2025-01-01 14:45:10,SOLAR_POWER_TOTAL,98.2978,0,none
2025-01-01 14:53:30,SOLAR_POWER_TOTAL,2.174793661375098,1,contextual
2025-01-01 15:01:50,SOLAR_POWER_TOTAL,105.1867,0,none
2025-01-01 15:10:10,SOLAR_POWER_TOTAL,108.0661,0,none
2025-01-01 15:18:30,SOLAR_POWER_TOTAL,95.2435,0,none
2025-01-01 15:26:50,SOLAR_POWER_TOTAL,99.1442,0,none
2025-01-01 15:35:10,SOLAR_POWER_TOTAL,88.0867,0,none
2025-01-01 15:43:30,SOLAR_POWER_TOTAL,97.089,0,none
2025-01-01 15:51:50,SOLAR_POWER_TOTAL,94.4495,0,none
2025-01-01 16:00:10,SOLAR_POWER_TOTAL,98.7319,0,none
2025-01-01 16:08:30,SOLAR_POWER_TOTAL,91.3765,0,none
2025-01-01 16:16:50,SOLAR_POWER_TOTAL,90.9405,0,none
2025-01-01 16:25:10,SOLAR_POWER_TOTAL,2.7584095315900625,1,contextual
2025-01-01 16:33:30,SOLAR_POWER_TOTAL,91.7727,0,none
2025-01-01 16:41:50,SOLAR_POWER_TOTAL,96.6775,0,none
2025-01-01 16:50:10,SOLAR_POWER_TOTAL,93.84,0,none
2025-01-01 16:58:30,SOLAR_POWER_TOTAL,93.4649,0,none
2025-01-01 17:06:50,SOLAR_POWER_TOTAL,96.0832,0,none
2025-01-01 17:15:10,SOLAR_POWER_TOTAL,94.2513,0,none
2025-01-01 17:23:30,SOLAR_POWER_TOTAL,94.2452,0,none
2025-01-01 17:31:50,SOLAR_POWER_TOTAL,102.0336,0,none
2025-01-01 17:40:10,SOLAR_POWER_TOTAL,92.7245,0,none
2025-01-01 17:48:30,SOLAR_POWER_TOTAL,99.4126,0,none
2025-01-01 17:56:50,SOLAR_POWER_TOTAL,110.7826,0,none
2025-01-01 18:05:10,SOLAR_POWER_TOTAL,113.4904,0,none
2025-01-01 18:13:30,SOLAR_POWER_TOTAL,95.3012,0,none
2025-01-01 18:21:50,SOLAR_POWER_TOTAL,100.273,0,none
2025-01-01 18:30:10,SOLAR_POWER_TOTAL,93.4612,0,none
2025-01-01 18:38:30,SOLAR_POWER_TOTAL,89.4447,0,none
2025-01-01 18:46:50,SOLAR_POWER_TOTAL,98.6202,0,none
2025-01-01 18:55:10,SOLAR_POWER_TOTAL,91.3472,0,none
2025-01-01 19:03:30,SOLAR_POWER_TOTAL,113.3016,0,none
2025-01-01 19:11:50,SOLAR_POWER_TOTAL,94.481,0,none
2025-01-01 19:20:10,SOLAR_POWER_TOTAL,91.3474,0,none
2025-01-01 19:28:30,SOLAR_POWER_TOTAL,112.2161,0,none
2025-01-01 19:36:50,SOLAR_POWER_TOTAL,97.5689,0,none
2025-01-01 19:45:10,SOLAR_POWER_TOTAL,112.3929,0,none
2025-01-01 19:53:30,SOLAR_POWER_TOTAL,116.5244,0,none
2025-01-01 20:01:50,SOLAR_POWER_TOTAL,91.7303,0,none
2025-01-01 20:10:10,SOLAR_POWER_TOTAL,104.9054,0,none
2025-01-01 20:18:30,SOLAR_POWER_TOTAL,96.8502,0,none
2025-01-01 20:26:50,SOLAR_POWER_TOTAL,113.2711,0,none
2025-01-01 20:35:10,SOLAR_POWER_TOTAL,93.2651,0,none
2025-01-01 20:43:30,SOLAR_POWER_TOTAL,95.7522,0,none
2025-01-01 20:51:50,SOLAR_POWER_TOTAL,115.3848,0,none
2025-01-01 21:00:10,SOLAR_POWER_TOTAL,108.0775,0,none
2025-01-01 21:08:30,SOLAR_POWER_TOTAL,116.8376,0,none
2025-01-01 21:16:50,SOLAR_POWER_TOTAL,102.1039,0,none
2025-01-01 21:25:10,SOLAR_POWER_TOTAL,105.0686,0,none
2025-01-01 21:33:30,SOLAR_POWER_TOTAL,117.2573,0,none
2025-01-01 21:41:50,SOLAR_POWER_TOTAL,93.4693,0,none
2025-01-01 21:50:10,SOLAR_POWER_TOTAL,106.3567,0,none
2025-01-01 21:58:30,SOLAR_POWER_TOTAL,95.2408,0,none
2025-01-01 22:06:50,SOLAR_POWER_TOTAL,118.1849,0,none
2025-01-01 22:15:10,SOLAR_POWER_TOTAL,113.0641,0,none
2025-01-01 22:23:30,SOLAR_POWER_TOTAL,110.1756,0,none
2025-01-01 22:31:50,SOLAR_POWER_TOTAL,104.3686,0,none
2025-01-01 22:40:10,SOLAR_POWER_TOTAL,118.0942,0,none
2025-01-01 22:48:30,SOLAR_POWER_TOTAL,96.04,0,none
2025-01-01 22:56:50,SOLAR_POWER_TOTAL,119.0774,0,none
2025-01-01 23:05:10,SOLAR_POWER_TOTAL,109.3144,0,none
2025-01-01 23:13:30,SOLAR_POWER_TOTAL,110.7182,0,none
2025-01-01 23:21:50,SOLAR_POWER_TOTAL,107.7326,0,none
2025-01-01 23:30:10,SOLAR_POWER_TOTAL,104.7909,0,none
2025-01-01 23:38:30,SOLAR_POWER_TOTAL,110.8019,0,none
2025-01-01 23:46:50,SOLAR_POWER_TOTAL,118.5109,0,none
2025-01-01 23:55:10,SOLAR_POWER_TOTAL,117.8569,0,none
2025-01-02 00:03:30,SOLAR_POWER_TOTAL,110.9297,0,none
2025-01-02 00:11:50,SOLAR_POWER_TOTAL,101.1889,0,none
2025-01-02 00:20:10,SOLAR_POWER_TOTAL,114.0935,0,none
2025-01-02 00:28:30,SOLAR_POWER_TOTAL,115.2499,0,none
2025-01-02 00:36:50,SOLAR_POWER_TOTAL,119.7183,0,none
2025-01-02 00:45:10,SOLAR_POWER_TOTAL,108.2369,0,none
2025-01-02 00:53:30,SOLAR_POWER_TOTAL,112.8792,0,none
2025-01-02 01:01:50,SOLAR_POWER_TOTAL,114.6962,0,none
2025-01-02 01:10:10,SOLAR_POWER_TOTAL,115.6752,0,none
2025-01-02 01:18:30,SOLAR_POWER_TOTAL,111.9203,0,none
2025-01-02 01:26:50,SOLAR_POWER_TOTAL,107.8813,0,none
2025-01-02 01:35:10,SOLAR_POWER_TOTAL,116.9628,0,none
2025-01-02 01:43:30,SOLAR_POWER_TOTAL,116.1041,0,none
2025-01-02 01:51:50,SOLAR_POWER_TOTAL,118.1846,0,none
2025-01-02 02:00:10,SOLAR_POWER_TOTAL,110.6212,0,none
2025-01-02 02:08:30,SOLAR_POWER_TOTAL,100.3436,0,none
2025-01-02 02:16:50,SOLAR_POWER_TOTAL,102.7976,0,none
2025-01-02 02:25:10,SOLAR_POWER_TOTAL,115.8781,0,none
2025-01-02 02:33:30,SOLAR_POWER_TOTAL,100.5253,0,none
2025-01-02 02:41:50,SOLAR_POWER_TOTAL,112.0298,0,none
2025-01-02 02:50:10,SOLAR_POWER_TOTAL,109.898,0,none
2025-01-02 02:58:30,SOLAR_POWER_TOTAL,114.5034,0,none
2025-01-02 03:06:50,SOLAR_POWER_TOTAL,104.32,0,none
2025-01-02 03:15:10,SOLAR_POWER_TOTAL,107.236,0,none
2025-01-02 03:23:30,SOLAR_POWER_TOTAL,113.842,0,none
2025-01-02 03:31:50,SOLAR_POWER_TOTAL,109.4644,0,none
2025-01-02 03:40:10,SOLAR_POWER_TOTAL,113.6674,0,none
2025-01-01 00:06:00,STAR_TRACKER_VALID,0.5399,0,none
2025-01-01 00:14:20,STAR_TRACKER_VALID,0.7052,0,none
2025-01-01 00:22:40,STAR_TRACKER_VALID,0.5102,0,none
2025-01-01 00:31:00,STAR_TRACKER_VALID,0.5757,0,none
2025-01-01 00:39:20,STAR_TRACKER_VALID,0.5671,0,none
2025-01-01 00:47:40,STAR_TRACKER_VALID,0.5045,0,none
2025-01-01 00:56:00,STAR_TRACKER_VALID,0.6829,0,none
2025-01-01 01:04:20,STAR_TRACKER_VALID,0.5031,0,none
2025-01-01 01:12:40,STAR_TRACKER_VALID,0.5205,0,none
2025-01-01 01:21:00,STAR_TRACKER_VALID,0.7372,0,none
2025-01-01 01:29:20,STAR_TRACKER_VALID,0.6771,0,none
2025-01-01 01:37:40,STAR_TRACKER_VALID,0.7214,0,none
2025-01-01 01:46:00,STAR_TRACKER_VALID,0.6876,0,none
2025-01-01 01:54:20,STAR_TRACKER_VALID,0.6973,0,none
2025-01-01 02:02:40,STAR_TRACKER_VALID,0.6761,0,none
2025-01-01 02:11:00,STAR_TRACKER_VALID,0.5927,0,none
2025-01-01 02:19:20,STAR_TRACKER_VALID,0.7616,0,none
2025-01-01 02:27:40,STAR_TRACKER_VALID,0.7023,0,none
2025-01-01 02:36:00,STAR_TRACKER_VALID,0.7439,0,none
2025-01-01 02:44:20,STAR_TRACKER_VALID,0.6222,0,none
2025-01-01 02:52:40,STAR_TRACKER_VALID,0.3862,0,none
2025-01-01 03:01:00,STAR_TRACKER_VALID,0.687,0,none
2025-01-01 03:09:20,STAR_TRACKER_VALID,0.481,0,none
2025-01-01 03:17:40,STAR_TRACKER_VALID,0.7214,0,none
2025-01-01 03:26:00,STAR_TRACKER_VALID,0.546,0,none
2025-01-01 03:34:20,STAR_TRACKER_VALID,0.7818,0,none
2025-01-01 03:42:40,STAR_TRACKER_VALID,0.3357,0,none
2025-01-01 03:51:00,STAR_TRACKER_VALID,0.7701,0,none
2025-01-01 03:59:20,STAR_TRACKER_VALID,0.7063,0,none
2025-01-01 04:07:40,STAR_TRACKER_VALID,0.7741,0,none
2025-01-01 04:16:00,STAR_TRACKER_VALID,0.3198,0,none
2025-01-01 04:24:20,STAR_TRACKER_VALID,0.4338,0,none
2025-01-01 04:32:40,STAR_TRACKER_VALID,0.6911,0,none
2025-01-01 04:41:00,STAR_TRACKER_VALID,0.326,0,none
2025-01-01 04:49:20,STAR_TRACKER_VALID,0.4477,0,none
2025-01-01 04:57:40,STAR_TRACKER_VALID,0.4224,0,none
2025-01-01 05:06:00,STAR_TRACKER_VALID,0.7136,0,none
2025-01-01 05:14:20,STAR_TRACKER_VALID,0.6987,0,none
2025-01-01 05:22:40,STAR_TRACKER_VALID,0.2813,0,none
2025-01-01 05:31:00,STAR_TRACKER_VALID,0.7767,0,none
2025-01-01 05:39:20,STAR_TRACKER_VALID,0.4168,0,none
2025-01-01 05:47:40,STAR_TRACKER_VALID,0.743,0,none
2025-01-01 05:56:00,STAR_TRACKER_VALID,0.7,0,none
2025-01-01 06:04:20,STAR_TRACKER_VALID,0.489,0,none
2025-01-01 06:12:40,STAR_TRACKER_VALID,0.2765,0,none
2025-01-01 06:21:00,STAR_TRACKER_VALID,0.3651,0,none
2025-01-01 06:29:20,STAR_TRACKER_VALID,0.449,0,none
2025-01-01 06:37:40,STAR_TRACKER_VALID,0.4449,0,none
2025-01-01 06:46:00,STAR_TRACKER_VALID,0.7317,0,none
2025-01-01 06:54:20,STAR_TRACKER_VALID,0.7468,0,none
2025-01-01 07:02:40,STAR_TRACKER_VALID,0.666,0,none
2025-01-01 07:11:00,STAR_TRACKER_VALID,0.4693,0,none
2025-01-01 07:19:20,STAR_TRACKER_VALID,0.7393,0,none
2025-01-01 07:27:40,STAR_TRACKER_VALID,0.7165,0,none
2025-01-01 07:36:00,STAR_TRACKER_VALID,0.577,0,none
2025-01-01 07:44:20,STAR_TRACKER_VALID,0.4898,0,none
2025-01-01 07:52:40,STAR_TRACKER_VALID,0.3649,0,none
2025-01-01 08:01:00,STAR_TRACKER_VALID,0.2463,0,none
2025-01-01 08:09:20,STAR_TRACKER_VALID,0.57,0,none
2025-01-01 08:17:40,STAR_TRACKER_VALID,0.5188,0,none
2025-01-01 08:26:00,STAR_TRACKER_VALID,0.2008,0,none
2025-01-01 08:34:20,STAR_TRACKER_VALID,0.3592,0,none
2025-01-01 08:42:40,STAR_TRACKER_VALID,0.2553,0,none
2025-01-01 08:51:00,STAR_TRACKER_VALID,0.2448,0,none
2025-01-01 08:59:20,STAR_TRACKER_VALID,0.3241,0,none
2025-01-01 09:07:40,STAR_TRACKER_VALID,0.3753,0,none
2025-01-01 09:16:00,STAR_TRACKER_VALID,0.3799,0,none
2025-01-01 09:24:20,STAR_TRACKER_VALID,0.3251,0,none
2025-01-01 09:32:40,STAR_TRACKER_VALID,0.2492,0,none
2025-01-01 09:41:00,STAR_TRACKER_VALID,0.2982,0,none
2025-01-01 09:49:20,STAR_TRACKER_VALID,0.193,0,none
2025-01-01 09:57:40,STAR_TRACKER_VALID,0.3453,0,none
2025-01-01 10:06:00,STAR_TRACKER_VALID,0.4693,0,none
2025-01-01 10:14:20,STAR_TRACKER_VALID,0.3129,0,none
2025-01-01 10:22:40,STAR_TRACKER_VALID,0.2932,0,none
2025-01-01 10:31:00,STAR_TRACKER_VALID,0.2604,0,none
2025-01-01 10:39:20,STAR_TRACKER_VALID,0.2938,0,none
2025-01-01 10:47:40,STAR_TRACKER_VALID,0.6461,0,none
2025-01-01 10:56:00,STAR_TRACKER_VALID,0.5858,0,none
2025-01-01 11:04:20,STAR_TRACKER_VALID,0.2411,0,none
2025-01-01 11:12:40,STAR_TRACKER_VALID,0.3993,0,none
2025-01-01 11:21:00,STAR_TRACKER_VALID,0.4003,0,none
2025-01-01 11:29:20,STAR_TRACKER_VALID,0.587,0,none
2025-01-01 11:37:40,STAR_TRACKER_VALID,0.3088,0,none
2025-01-01 11:46:00,STAR_TRACKER_VALID,0.3404,0,none
2025-01-01 11:54:20,STAR_TRACKER_VALID,0.5164,0,none
2025-01-01 12:02:40,STAR_TRACKER_VALID,0.285,0,none
2025-01-01 12:11:00,STAR_TRACKER_VALID,0.2537,0,none
2025-01-01 12:19:20,STAR_TRACKER_VALID,0.2317,0,none
2025-01-01 12:27:40,STAR_TRACKER_VALID,0.555,0,none
2025-01-01 12:36:00,STAR_TRACKER_VALID,0.3671,0,none
2025-01-01 12:44:20,STAR_TRACKER_VALID,0.2779,0,none
2025-01-01 12:52:40,STAR_TRACKER_VALID,0.3965,0,none
2025-01-01 13:01:00,STAR_TRACKER_VALID,0.1785,0,none
2025-01-01 13:09:20,STAR_TRACKER_VALID,0.241,0,none
2025-01-01 13:17:40,STAR_TRACKER_VALID,0.2929,0,none
2025-01-01 13:26:00,STAR_TRACKER_VALID,0.4906,0,none
2025-01-01 13:34:20,STAR_TRACKER_VALID,0.4919,0,none
2025-01-01 13:42:40,STAR_TRACKER_VALID,0.3781,0,none
2025-01-01 13:51:00,STAR_TRACKER_VALID,0.3165,0,none
2025-01-01 13:59:20,STAR_TRACKER_VALID,0.322,0,none
2025-01-01 14:07:40,STAR_TRACKER_VALID,0.2671,0,none
2025-01-01 14:16:00,STAR_TRACKER_VALID,0.2233,0,none
2025-01-01 14:24:20,STAR_TRACKER_VALID,0.29,0,none
2025-01-01 14:32:40,STAR_TRACKER_VALID,0.3884,0,none
2025-01-01 14:41:00,STAR_TRACKER_VALID,0.4928,0,none
2025-01-01 14:49:20,STAR_TRACKER_VALID,0.3871,0,none
2025-01-01 14:57:40,STAR_TRACKER_VALID,0.2522,0,none
2025-01-01 15:06:00,STAR_TRACKER_VALID,0.2785,0,none
2025-01-01 15:14:20,STAR_TRACKER_VALID,0.3142,0,none
2025-01-01 15:22:40,STAR_TRACKER_VALID,0.29,0,none
2025-01-01 15:31:00,STAR_TRACKER_VALID,0.2989,0,none
2025-01-01 15:39:20,STAR_TRACKER_VALID,0.2332,0,none
2025-01-01 15:47:40,STAR_TRACKER_VALID,0.3499,0,none
2025-01-01 15:56:00,STAR_TRACKER_VALID,0.3605,0,none
2025-01-01 16:04:20,STAR_TRACKER_VALID,0.3138,0,none
2025-01-01 16:12:40,STAR_TRACKER_VALID,0.3689,0,none
2025-01-01 16:21:00,STAR_TRACKER_VALID,0.5134,0,none
2025-01-01 16:29:20,STAR_TRACKER_VALID,0.2489,0,none
2025-01-01 16:37:40,STAR_TRACKER_VALID,0.2847,0,none
2025-01-01 16:46:00,STAR_TRACKER_VALID,0.2518,0,none
2025-01-01 16:54:20,STAR_TRACKER_VALID,0.3666,0,none
2025-01-01 17:02:40,STAR_TRACKER_VALID,0.4662,0,none
2025-01-01 17:11:00,STAR_TRACKER_VALID,0.6637,0,none
2025-01-01 17:19:20,STAR_TRACKER_VALID,0.6342,0,none
2025-01-01 17:27:40,STAR_TRACKER_VALID,0.2887,0,none
2025-01-01 17:36:00,STAR_TRACKER_VALID,0.6242,0,none
2025-01-01 17:44:20,STAR_TRACKER_VALID,0.4776,0,none
2025-01-01 17:52:40,STAR_TRACKER_VALID,0.7713,0,none
2025-01-01 18:01:00,STAR_TRACKER_VALID,0.3954,0,none
2025-01-01 18:09:20,STAR_TRACKER_VALID,0.3711,0,none
2025-01-01 18:17:40,STAR_TRACKER_VALID,0.1709,0,none
2025-01-01 18:26:00,STAR_TRACKER_VALID,0.1975,0,none
2025-01-01 18:34:20,STAR_TRACKER_VALID,0.2013,0,none
2025-01-01 18:42:40,STAR_TRACKER_VALID,0.4456,0,none
2025-01-01 18:51:00,STAR_TRACKER_VALID,0.3532,0,none
2025-01-01 18:59:20,STAR_TRACKER_VALID,0.3567,0,none
2025-01-01 19:07:40,STAR_TRACKER_VALID,0.707,0,none
2025-01-01 19:16:00,STAR_TRACKER_VALID,0.3193,0,none
2025-01-01 19:24:20,STAR_TRACKER_VALID,0.2765,0,none
2025-01-01 19:32:40,STAR_TRACKER_VALID,0.2466,0,none
2025-01-01 19:41:00,STAR_TRACKER_VALID,0.4914,0,none
2025-01-01 19:49:20,STAR_TRACKER_VALID,0.2462,0,none
2025-01-01 19:57:40,STAR_TRACKER_VALID,0.3812,0,none
2025-01-01 20:06:00,STAR_TRACKER_VALID,0.6465,0,none
2025-01-01 20:14:20,STAR_TRACKER_VALID,0.4496,0,none
2025-01-01 20:22:40,STAR_TRACKER_VALID,0.3402,0,none
2025-01-01 20:31:00,STAR_TRACKER_VALID,0.6325,0,none
2025-01-01 20:39:20,STAR_TRACKER_VALID,0.7038,0,none
2025-01-01 20:47:40,STAR_TRACKER_VALID,0.6577,0,none
2025-01-01 20:56:00,STAR_TRACKER_VALID,0.6638,0,none
2025-01-01 21:04:20,STAR_TRACKER_VALID,0.638,0,none
2025-01-01 21:12:40,STAR_TRACKER_VALID,0.6962,0,none
2025-01-01 21:21:00,STAR_TRACKER_VALID,0.5129,0,none
2025-01-01 21:29:20,STAR_TRACKER_VALID,0.4803,0,none
2025-01-01 21:37:40,STAR_TRACKER_VALID,0.6461,0,none
2025-01-01 21:46:00,STAR_TRACKER_VALID,0.5993,0,none
2025-01-01 21:54:20,STAR_TRACKER_VALID,0.6083,0,none
2025-01-01 22:02:40,STAR_TRACKER_VALID,0.2284,0,none
2025-01-01 22:11:00,STAR_TRACKER_VALID,0.4278,0,none
2025-01-01 22:19:20,STAR_TRACKER_VALID,0.3555,0,none
2025-01-01 22:27:40,STAR_TRACKER_VALID,0.6141,0,none
2025-01-01 22:36:00,STAR_TRACKER_VALID,0.2759,0,none
2025-01-01 22:44:20,STAR_TRACKER_VALID,0.7366,0,none
2025-01-01 22:52:40,STAR_TRACKER_VALID,0.225,0,none
2025-01-01 23:01:00,STAR_TRACKER_VALID,0.4017,0,none
2025-01-01 23:09:20,STAR_TRACKER_VALID,0.7511,0,none
2025-01-01 23:17:40,STAR_TRACKER_VALID,0.3678,0,none
2025-01-01 23:26:00,STAR_TRACKER_VALID,0.6957,0,none
2025-01-01 23:34:20,STAR_TRACKER_VALID,0.4905,0,none
2025-01-01 23:42:40,STAR_TRACKER_VALID,0.5308,0,none
2025-01-01 23:51:00,STAR_TRACKER_VALID,0.7067,0,none
2025-01-01 23:59:20,STAR_TRACKER_VALID,0.5158,0,none
2025-01-02 00:07:40,STAR_TRACKER_VALID,0.6739,0,none
2025-01-02 00:16:00,STAR_TRACKER_VALID,0.7396,0,none
2025-01-02 00:24:20,STAR_TRACKER_VALID,0.7531,0,none
2025-01-02 00:32:40,STAR_TRACKER_VALID,0.7411,0,none
2025-01-02 00:41:00,STAR_TRACKER_VALID,0.7807,0,none
2025-01-02 00:49:20,STAR_TRACKER_VALID,0.6222,0,none
2025-01-02 00:57:40,STAR_TRACKER_VALID,0.6826,0,none
2025-01-02 01:06:00,STAR_TRACKER_VALID,0.8336,0,none
2025-01-02 01:14:20,STAR_TRACKER_VALID,0.6703,0,none
2025-01-02 01:22:40,STAR_TRACKER_VALID,0.6929,0,none
2025-01-02 01:31:00,STAR_TRACKER_VALID,0.7377,0,none
2025-01-02 01:39:20,STAR_TRACKER_VALID,0.6008,0,none
2025-01-02 01:47:40,STAR_TRACKER_VALID,0.7486,0,none
2025-01-02 01:56:00,STAR_TRACKER_VALID,0.6883,0,none
2025-01-02 02:04:20,STAR_TRACKER_VALID,0.787,0,none
2025-01-02 02:12:40,STAR_TRACKER_VALID,0.5407,0,none
2025-01-02 02:21:00,STAR_TRACKER_VALID,0.7573,0,none
2025-01-02 02:29:20,STAR_TRACKER_VALID,0.6098,0,none
2025-01-02 02:37:40,STAR_TRACKER_VALID,0.7496,0,none
2025-01-02 02:46:00,STAR_TRACKER_VALID,0.687,0,none
2025-01-02 02:54:20,STAR_TRACKER_VALID,0.7097,0,none
2025-01-02 03:02:40,STAR_TRACKER_VALID,0.7415,0,none
2025-01-02 03:11:00,STAR_TRACKER_VALID,0.7886,0,none
2025-01-02 03:19:20,STAR_TRACKER_VALID,0.716,0,none
2025-01-02 03:27:40,STAR_TRACKER_VALID,0.726,0,none
2025-01-02 03:36:00,STAR_TRACKER_VALID,0.6276,0,none
2025-01-02 03:44:20,STAR_TRACKER_VALID,0.8122,0,none
2025-01-01 00:03:20,STRUCT_TEMP_PANEL_X,39.2234,0,none
2025-01-01 00:11:40,STRUCT_TEMP_PANEL_X,37.3499,0,none
2025-01-01 00:20:00,STRUCT_TEMP_PANEL_X,31.934,0,none
2025-01-01 00:28:20,STRUCT_TEMP_PANEL_X,26.2929,0,none
2025-01-01 00:36:40,STRUCT_TEMP_PANEL_X,34.6139,0,none
2025-01-01 00:45:00,STRUCT_TEMP_PANEL_X,20.9121,0,none
2025-01-01 00:53:20,STRUCT_TEMP_PANEL_X,36.9412,0,none
2025-01-01 01:01:40,STRUCT_TEMP_PANEL_X,32.1268,0,none
2025-01-01 01:10:00,STRUCT_TEMP_PANEL_X,28.8862,0,none
2025-01-01 01:18:20,STRUCT_TEMP_PANEL_X,30.0175,0,none
2025-01-01 01:26:40,STRUCT_TEMP_PANEL_X,16.8936,0,none
2025-01-01 01:35:00,STRUCT_TEMP_PANEL_X,30.4932,0,none
2025-01-01 01:43:20,STRUCT_TEMP_PANEL_X,19.2569,0,none
2025-01-01 01:51:40,STRUCT_TEMP_PANEL_X,36.7815,0,none
2025-01-01 02:00:00,STRUCT_TEMP_PANEL_X,32.3658,0,none
2025-01-01 02:08:20,STRUCT_TEMP_PANEL_X,26.7259,0,none
2025-01-01 02:16:40,STRUCT_TEMP_PANEL_X,35.6394,0,none
2025-01-01 02:25:00,STRUCT_TEMP_PANEL_X,35.5593,0,none
2025-01-01 02:33:20,STRUCT_TEMP_PANEL_X,25.2366,0,none
2025-01-01 02:41:40,STRUCT_TEMP_PANEL_X,27.9157,0,none
2025-01-01 02:50:00,STRUCT_TEMP_PANEL_X,25.3316,0,none
2025-01-01 02:58:20,STRUCT_TEMP_PANEL_X,14.9652,0,none
2025-01-01 03:06:40,STRUCT_TEMP_PANEL_X,36.592,0,none
2025-01-01 03:15:00,STRUCT_TEMP_PANEL_X,16.1218,0,none
2025-01-01 03:23:20,STRUCT_TEMP_PANEL_X,28.4516,0,none
2025-01-01 03:31:40,STRUCT_TEMP_PANEL_X,20.6605,0,none
2025-01-01 03:40:00,STRUCT_TEMP_PANEL_X,37.532,0,none
2025-01-01 03:48:20,STRUCT_TEMP_PANEL_X,17.0903,0,none
2025-01-01 03:56:40,STRUCT_TEMP_PANEL_X,16.3081,0,none
2025-01-01 04:05:00,STRUCT_TEMP_PANEL_X,32.0105,0,none
2025-01-01 04:13:20,STRUCT_TEMP_PANEL_X,11.1689,0,none
2025-01-01 04:21:40,STRUCT_TEMP_PANEL_X,28.8108,0,none
2025-01-01 04:30:00,STRUCT_TEMP_PANEL_X,37.7971,0,none
2025-01-01 04:38:20,STRUCT_TEMP_PANEL_X,12.917,0,none
2025-01-01 04:46:40,STRUCT_TEMP_PANEL_X,28.0828,0,none
2025-01-01 04:55:00,STRUCT_TEMP_PANEL_X,32.2115,0,none
2025-01-01 05:03:20,STRUCT_TEMP_PANEL_X,30.1217,0,none
2025-01-01 05:11:40,STRUCT_TEMP_PANEL_X,29.9487,0,none
2025-01-01 05:20:00,STRUCT_TEMP_PANEL_X,33.593,0,none
2025-01-01 05:28:20,STRUCT_TEMP_PANEL_X,37.0961,0,none
2025-01-01 05:36:40,STRUCT_TEMP_PANEL_X,30.6727,0,none
2025-01-01 05:45:00,STRUCT_TEMP_PANEL_X,7.5419,0,none
2025-01-01 05:53:20,STRUCT_TEMP_PANEL_X,13.4572,0,none
2025-01-01 06:01:40,STRUCT_TEMP_PANEL_X,10.4077,0,none
2025-01-01 06:10:00,STRUCT_TEMP_PANEL_X,32.2884,0,none
2025-01-01 06:18:20,STRUCT_TEMP_PANEL_X,33.2196,0,none
2025-01-01 06:26:40,STRUCT_TEMP_PANEL_X,29.8374,0,none
2025-01-01 06:35:00,STRUCT_TEMP_PANEL_X,25.1085,0,none
2025-01-01 06:43:20,STRUCT_TEMP_PANEL_X,26.9333,0,none
2025-01-01 06:51:40,STRUCT_TEMP_PANEL_X,24.6905,0,none
2025-01-01 07:00:00,STRUCT_TEMP_PANEL_X,36.1227,0,none
2025-01-01 07:08:20,STRUCT_TEMP_PANEL_X,21.4487,0,none
2025-01-01 07:16:40,STRUCT_TEMP_PANEL_X,6.3251,0,none
2025-01-01 07:25:00,STRUCT_TEMP_PANEL_X,2.8979,0,none
2025-01-01 07:33:20,STRUCT_TEMP_PANEL_X,34.539,0,none
2025-01-01 07:41:40,STRUCT_TEMP_PANEL_X,2.3091,0,none
2025-01-01 07:50:00,STRUCT_TEMP_PANEL_X,5.1852,0,none
2025-01-01 07:58:20,STRUCT_TEMP_PANEL_X,5.5745,0,none
2025-01-01 08:06:40,STRUCT_TEMP_PANEL_X,21.1442,0,none
2025-01-01 08:15:00,STRUCT_TEMP_PANEL_X,2.6931,0,none
2025-01-01 08:23:20,STRUCT_TEMP_PANEL_X,5.4309,0,none
2025-01-01 08:31:40,STRUCT_TEMP_PANEL_X,26.8138,0,none
2025-01-01 08:40:00,STRUCT_TEMP_PANEL_X,20.9818,0,none
2025-01-01 08:48:20,STRUCT_TEMP_PANEL_X,14.4994,0,none
2025-01-01 08:56:40,STRUCT_TEMP_PANEL_X,34.8675,0,none
2025-01-01 09:05:00,STRUCT_TEMP_PANEL_X,24.1262,0,none
2025-01-01 09:13:20,STRUCT_TEMP_PANEL_X,22.3703,0,none
2025-01-01 09:21:40,STRUCT_TEMP_PANEL_X,31.1368,0,none
2025-01-01 09:30:00,STRUCT_TEMP_PANEL_X,6.533,0,none
2025-01-01 09:38:20,STRUCT_TEMP_PANEL_X,10.4744,0,none
2025-01-01 09:46:40,STRUCT_TEMP_PANEL_X,6.0846,0,none
2025-01-01 09:55:00,STRUCT_TEMP_PANEL_X,5.2054,0,none
2025-01-01 10:03:20,STRUCT_TEMP_PANEL_X,32.371,0,none
2025-01-01 10:11:40,STRUCT_TEMP_PANEL_X,9.6716,0,none
2025-01-01 10:20:00,STRUCT_TEMP_PANEL_X,7.0575,0,none
2025-01-01 10:28:20,STRUCT_TEMP_PANEL_X,9.6797,0,none
2025-01-01 10:36:40,STRUCT_TEMP_PANEL_X,6.7642,0,none
2025-01-01 10:45:00,STRUCT_TEMP_PANEL_X,28.0259,0,none
2025-01-01 10:53:20,STRUCT_TEMP_PANEL_X,13.3543,0,none
2025-01-01 11:01:40,STRUCT_TEMP_PANEL_X,22.5946,0,none
2025-01-01 11:10:00,STRUCT_TEMP_PANEL_X,10.2306,0,none
2025-01-01 11:18:20,STRUCT_TEMP_PANEL_X,7.6327,0,none
2025-01-01 11:26:40,STRUCT_TEMP_PANEL_X,25.8107,0,none
2025-01-01 11:35:00,STRUCT_TEMP_PANEL_X,9.7883,0,none
2025-01-01 11:43:20,STRUCT_TEMP_PANEL_X,3.5433,0,none
2025-01-01 11:51:40,STRUCT_TEMP_PANEL_X,11.5344,0,none
2025-01-01 12:00:00,STRUCT_TEMP_PANEL_X,7.6486,0,none
2025-01-01 12:08:20,STRUCT_TEMP_PANEL_X,6.5843,0,none
2025-01-01 12:16:40,STRUCT_TEMP_PANEL_X,8.6342,0,none
2025-01-01 12:25:00,STRUCT_TEMP_PANEL_X,11.4839,0,none
2025-01-01 12:33:20,STRUCT_TEMP_PANEL_X,20.1972,0,none
2025-01-01 12:41:40,STRUCT_TEMP_PANEL_X,15.5577,0,none
2025-01-01 12:50:00,STRUCT_TEMP_PANEL_X,10.5268,0,none
2025-01-01 12:58:20,STRUCT_TEMP_PANEL_X,15.6835,0,none
2025-01-01 13:06:40,STRUCT_TEMP_PANEL_X,9.2007,0,none
2025-01-01 13:15:00,STRUCT_TEMP_PANEL_X,15.0035,0,none
2025-01-01 13:23:20,STRUCT_TEMP_PANEL_X,19.1798,0,none
2025-01-01 13:31:40,STRUCT_TEMP_PANEL_X,9.6076,0,none
2025-01-01 13:40:00,STRUCT_TEMP_PANEL_X,16.5791,0,none
2025-01-01 13:48:20,STRUCT_TEMP_PANEL_X,7.7286,0,none
2025-01-01 13:56:40,STRUCT_TEMP_PANEL_X,11.8482,0,none
2025-01-01 14:05:00,STRUCT_TEMP_PANEL_X,22.4662,0,none
2025-01-01 14:13:20,STRUCT_TEMP_PANEL_X,4.2177,0,none
2025-01-01 14:21:40,STRUCT_TEMP_PANEL_X,4.7073,0,none
2025-01-01 14:30:00,STRUCT_TEMP_PANEL_X,9.1049,0,none
2025-01-01 14:38:20,STRUCT_TEMP_PANEL_X,6.8075,0,none
2025-01-01 14:46:40,STRUCT_TEMP_PANEL_X,22.6689,0,none
2025-01-01 14:55:00,STRUCT_TEMP_PANEL_X,5.841,0,none
2025-01-01 15:03:20,STRUCT_TEMP_PANEL_X,14.6014,0,none
2025-01-01 15:11:40,STRUCT_TEMP_PANEL_X,7.9234,0,none
2025-01-01 15:20:00,STRUCT_TEMP_PANEL_X,5.3986,0,none
2025-01-01 15:28:20,STRUCT_TEMP_PANEL_X,10.7723,0,none
2025-01-01 15:36:40,STRUCT_TEMP_PANEL_X,9.9933,0,none
2025-01-01 15:45:00,STRUCT_TEMP_PANEL_X,16.5983,0,none
2025-01-01 15:53:20,STRUCT_TEMP_PANEL_X,2.6689,0,none
2025-01-01 16:01:40,STRUCT_TEMP_PANEL_X,12.1385,0,none
2025-01-01 16:10:00,STRUCT_TEMP_PANEL_X,11.3217,0,none
2025-01-01 16:18:20,STRUCT_TEMP_PANEL_X,10.3349,0,none
2025-01-01 16:26:40,STRUCT_TEMP_PANEL_X,2.8931,0,none
2025-01-01 16:35:00,STRUCT_TEMP_PANEL_X,4.9516,0,none
2025-01-01 16:43:20,STRUCT_TEMP_PANEL_X,5.1132,0,none
2025-01-01 16:51:40,STRUCT_TEMP_PANEL_X,4.3862,0,none
2025-01-01 17:00:00,STRUCT_TEMP_PANEL_X,10.935,0,none
2025-01-01 17:08:20,STRUCT_TEMP_PANEL_X,27.6043,0,none
2025-01-01 17:16:40,STRUCT_TEMP_PANEL_X,10.7315,0,none
2025-01-01 17:25:00,STRUCT_TEMP_PANEL_X,8.9704,0,none
2025-01-01 17:33:20,STRUCT_TEMP_PANEL_X,4.4777,0,none
2025-01-01 17:41:40,STRUCT_TEMP_PANEL_X,20.5489,0,none
2025-01-01 17:50:00,STRUCT_TEMP_PANEL_X,16.7748,0,none
2025-01-01 17:58:20,STRUCT_TEMP_PANEL_X,19.5201,0,none
2025-01-01 18:06:40,STRUCT_TEMP_PANEL_X,4.9812,0,none
2025-01-01 18:15:00,STRUCT_TEMP_PANEL_X,12.6172,0,none
2025-01-01 18:23:20,STRUCT_TEMP_PANEL_X,6.3456,0,none
2025-01-01 18:31:40,STRUCT_TEMP_PANEL_X,0.0304,0,none
2025-01-01 18:40:00,STRUCT_TEMP_PANEL_X,10.8659,0,none
2025-01-01 18:48:20,STRUCT_TEMP_PANEL_X,14.2055,0,none
2025-01-01 18:56:40,STRUCT_TEMP_PANEL_X,2.8217,0,none
2025-01-01 19:05:00,STRUCT_TEMP_PANEL_X,5.9836,0,none
2025-01-01 19:13:20,STRUCT_TEMP_PANEL_X,4.0425,0,none
2025-01-01 19:21:40,STRUCT_TEMP_PANEL_X,5.6457,0,none
2025-01-01 19:30:00,STRUCT_TEMP_PANEL_X,21.7928,0,none
2025-01-01 19:38:20,STRUCT_TEMP_PANEL_X,26.3837,0,none
2025-01-01 19:46:40,STRUCT_TEMP_PANEL_X,30.3429,0,none
2025-01-01 19:55:00,STRUCT_TEMP_PANEL_X,12.2306,0,none
2025-01-01 20:03:20,STRUCT_TEMP_PANEL_X,35.1873,0,none
2025-01-01 20:11:40,STRUCT_TEMP_PANEL_X,15.7518,0,none
2025-01-01 20:20:00,STRUCT_TEMP_PANEL_X,28.8266,0,none
2025-01-01 20:28:20,STRUCT_TEMP_PANEL_X,3.8997,0,none
2025-01-01 20:36:40,STRUCT_TEMP_PANEL_X,6.226,0,none
2025-01-01 20:45:00,STRUCT_TEMP_PANEL_X,12.3451,0,none
2025-01-01 20:53:20,STRUCT_TEMP_PANEL_X,27.0549,0,none
2025-01-01 21:01:40,STRUCT_TEMP_PANEL_X,4.1994,0,none
2025-01-01 21:10:00,STRUCT_TEMP_PANEL_X,31.0848,0,none
2025-01-01 21:18:20,STRUCT_TEMP_PANEL_X,15.8937,0,none
2025-01-01 21:26:40,STRUCT_TEMP_PANEL_X,32.3257,0,none
2025-01-01 21:35:00,STRUCT_TEMP_PANEL_X,33.3666,0,none
2025-01-01 21:43:20,STRUCT_TEMP_PANEL_X,24.134,0,none
2025-01-01 21:51:40,STRUCT_TEMP_PANEL_X,19.6045,0,none
2025-01-01 22:00:00,STRUCT_TEMP_PANEL_X,24.8349,0,none
2025-01-01 22:08:20,STRUCT_TEMP_PANEL_X,20.0432,0,none
2025-01-01 22:16:40,STRUCT_TEMP_PANEL_X,28.4158,0,none
2025-01-01 22:25:00,STRUCT_TEMP_PANEL_X,1.73,0,none
2025-01-01 22:33:20,STRUCT_TEMP_PANEL_X,27.3541,0,none
2025-01-01 22:41:40,STRUCT_TEMP_PANEL_X,5.6337,0,none
2025-01-01 22:50:00,STRUCT_TEMP_PANEL_X,3.7989,0,none
2025-01-01 22:58:20,STRUCT_TEMP_PANEL_X,36.8683,0,none
2025-01-01 23:06:40,STRUCT_TEMP_PANEL_X,9.9321,0,none
2025-01-01 23:15:00,STRUCT_TEMP_PANEL_X,33.1416,0,none
2025-01-01 23:23:20,STRUCT_TEMP_PANEL_X,37.2969,0,none
2025-01-01 23:31:40,STRUCT_TEMP_PANEL_X,23.2039,0,none
2025-01-01 23:40:00,STRUCT_TEMP_PANEL_X,16.1094,0,none
2025-01-01 23:48:20,STRUCT_TEMP_PANEL_X,2.8391,0,none
2025-01-01 23:56:40,STRUCT_TEMP_PANEL_X,18.6915,0,none
2025-01-02 00:05:00,STRUCT_TEMP_PANEL_X,11.3516,0,none
2025-01-02 00:13:20,STRUCT_TEMP_PANEL_X,20.7481,0,none
2025-01-02 00:21:40,STRUCT_TEMP_PANEL_X,36.3324,0,none
2025-01-02 00:30:00,STRUCT_TEMP_PANEL_X,39.2214,0,none
2025-01-02 00:38:20,STRUCT_TEMP_PANEL_X,23.1118,0,none
2025-01-02 00:46:40,STRUCT_TEMP_PANEL_X,30.7598,0,none
2025-01-02 00:55:00,STRUCT_TEMP_PANEL_X,15.9064,0,none
2025-01-02 01:03:20,STRUCT_TEMP_PANEL_X,27.5397,0,none
2025-01-02 01:11:40,STRUCT_TEMP_PANEL_X,34.8374,0,none
2025-01-02 01:20:00,STRUCT_TEMP_PANEL_X,37.2791,0,none
2025-01-02 01:28:20,STRUCT_TEMP_PANEL_X,25.7153,0,none
2025-01-02 01:36:40,STRUCT_TEMP_PANEL_X,15.7851,0,none
2025-01-02 01:45:00,STRUCT_TEMP_PANEL_X,23.1987,0,none
2025-01-02 01:53:20,STRUCT_TEMP_PANEL_X,14.2329,0,none
2025-01-02 02:01:40,STRUCT_TEMP_PANEL_X,26.7228,0,none
2025-01-02 02:10:00,STRUCT_TEMP_PANEL_X,37.046,0,none
2025-01-02 02:18:20,STRUCT_TEMP_PANEL_X,21.3086,0,none
2025-01-02 02:26:40,STRUCT_TEMP_PANEL_X,35.2088,0,none
2025-01-02 02:35:00,STRUCT_TEMP_PANEL_X,27.3869,0,none
2025-01-02 02:43:20,STRUCT_TEMP_PANEL_X,39.1755,0,none
2025-01-02 02:51:40,STRUCT_TEMP_PANEL_X,33.3373,0,none
2025-01-02 03:00:00,STRUCT_TEMP_PANEL_X,26.9592,0,none
2025-01-02 03:08:20,STRUCT_TEMP_PANEL_X,30.288,0,none
2025-01-02 03:16:40,STRUCT_TEMP_PANEL_X,33.1526,0,none
2025-01-02 03:25:00,STRUCT_TEMP_PANEL_X,34.3722,0,none
2025-01-02 03:33:20,STRUCT_TEMP_PANEL_X,32.3717,0,none
2025-01-02 03:41:40,STRUCT_TEMP_PANEL_X,20.6809,0,none
2025-01-01 00:03:30,STRUCT_TEMP_PANEL_Y,31.2591,0,none
2025-01-01 00:11:50,STRUCT_TEMP_PANEL_Y,38.1571,0,none
2025-01-01 00:20:10,STRUCT_TEMP_PANEL_Y,34.039,0,none
2025-01-01 00:28:30,STRUCT_TEMP_PANEL_Y,28.5929,0,none
2025-01-01 00:36:50,STRUCT_TEMP_PANEL_Y,24.1004,0,none
2025-01-01 00:45:10,STRUCT_TEMP_PANEL_Y,32.4054,0,none
2025-01-01 00:53:30,STRUCT_TEMP_PANEL_Y,32.6769,0,none
2025-01-01 01:01:50,STRUCT_TEMP_PANEL_Y,31.2977,0,none
2025-01-01 01:10:10,STRUCT_TEMP_PANEL_Y,33.7287,0,none
2025-01-01 01:18:30,STRUCT_TEMP_PANEL_Y,31.7268,0,none
2025-01-01 01:26:50,STRUCT_TEMP_PANEL_Y,15.0025,0,none
2025-01-01 01:35:10,STRUCT_TEMP_PANEL_Y,30.3821,0,none
2025-01-01 01:43:30,STRUCT_TEMP_PANEL_Y,17.5762,0,none
2025-01-01 01:51:50,STRUCT_TEMP_PANEL_Y,32.7093,0,none
2025-01-01 02:00:10,STRUCT_TEMP_PANEL_Y,21.755,0,none
2025-01-01 02:08:30,STRUCT_TEMP_PANEL_Y,25.159,0,none
2025-01-01 02:16:50,STRUCT_TEMP_PANEL_Y,31.104,0,none
2025-01-01 02:25:10,STRUCT_TEMP_PANEL_Y,31.3241,0,none
2025-01-01 02:33:30,STRUCT_TEMP_PANEL_Y,28.082,0,none
2025-01-01 02:41:50,STRUCT_TEMP_PANEL_Y,18.8827,0,none
2025-01-01 02:50:10,STRUCT_TEMP_PANEL_Y,30.8515,0,none
2025-01-01 02:58:30,STRUCT_TEMP_PANEL_Y,20.3256,0,none
2025-01-01 03:06:50,STRUCT_TEMP_PANEL_Y,23.7556,0,none
2025-01-01 03:15:10,STRUCT_TEMP_PANEL_Y,35.3624,0,none
2025-01-01 03:23:30,STRUCT_TEMP_PANEL_Y,34.564,0,none
2025-01-01 03:31:50,STRUCT_TEMP_PANEL_Y,19.8201,0,none
2025-01-01 03:40:10,STRUCT_TEMP_PANEL_Y,19.998,0,none
2025-01-01 03:48:30,STRUCT_TEMP_PANEL_Y,18.6841,0,none
2025-01-01 03:56:50,STRUCT_TEMP_PANEL_Y,25.188,0,none
2025-01-01 04:05:10,STRUCT_TEMP_PANEL_Y,19.0628,0,none
2025-01-01 04:13:30,STRUCT_TEMP_PANEL_Y,39.3131,0,none
2025-01-01 04:21:50,STRUCT_TEMP_PANEL_Y,35.8195,0,none
2025-01-01 04:30:10,STRUCT_TEMP_PANEL_Y,35.0771,0,none
2025-01-01 04:38:30,STRUCT_TEMP_PANEL_Y,33.7029,0,none
2025-01-01 04:46:50,STRUCT_TEMP_PANEL_Y,28.6902,0,none
2025-01-01 04:55:10,STRUCT_TEMP_PANEL_Y,30.9131,0,none
2025-01-01 05:03:30,STRUCT_TEMP_PANEL_Y,30.7415,0,none
2025-01-01 05:11:50,STRUCT_TEMP_PANEL_Y,28.0988,0,none
2025-01-01 05:20:10,STRUCT_TEMP_PANEL_Y,28.572,0,none
2025-01-01 05:28:30,STRUCT_TEMP_PANEL_Y,20.4713,0,none
2025-01-01 05:36:50,STRUCT_TEMP_PANEL_Y,35.4771,0,none
2025-01-01 05:45:10,STRUCT_TEMP_PANEL_Y,30.2461,0,none
2025-01-01 05:53:30,STRUCT_TEMP_PANEL_Y,21.2298,0,none
2025-01-01 06:01:50,STRUCT_TEMP_PANEL_Y,10.4826,0,none
2025-01-01 06:10:10,STRUCT_TEMP_PANEL_Y,36.1536,0,none
2025-01-01 06:18:30,STRUCT_TEMP_PANEL_Y,36.5528,0,none
2025-01-01 06:26:50,STRUCT_TEMP_PANEL_Y,35.9813,0,none
2025-01-01 06:35:10,STRUCT_TEMP_PANEL_Y,6.5686,0,none
2025-01-01 06:43:30,STRUCT_TEMP_PANEL_Y,32.808,0,none
2025-01-01 06:51:50,STRUCT_TEMP_PANEL_Y,28.7043,0,none
2025-01-01 07:00:10,STRUCT_TEMP_PANEL_Y,15.0241,0,none
2025-01-01 07:08:30,STRUCT_TEMP_PANEL_Y,7.778,0,none
2025-01-01 07:16:50,STRUCT_TEMP_PANEL_Y,13.6239,0,none
2025-01-01 07:25:10,STRUCT_TEMP_PANEL_Y,18.9922,0,none
2025-01-01 07:33:30,STRUCT_TEMP_PANEL_Y,28.6411,0,none
2025-01-01 07:41:50,STRUCT_TEMP_PANEL_Y,22.2781,0,none
2025-01-01 07:50:10,STRUCT_TEMP_PANEL_Y,20.5917,0,none
2025-01-01 07:58:30,STRUCT_TEMP_PANEL_Y,31.9821,0,none
2025-01-01 08:06:50,STRUCT_TEMP_PANEL_Y,12.8823,0,none
2025-01-01 08:15:10,STRUCT_TEMP_PANEL_Y,11.7997,0,none
2025-01-01 08:23:30,STRUCT_TEMP_PANEL_Y,22.345,0,none
2025-01-01 08:31:50,STRUCT_TEMP_PANEL_Y,19.0516,0,none
2025-01-01 08:40:10,STRUCT_TEMP_PANEL_Y,18.6045,0,none
2025-01-01 08:48:30,STRUCT_TEMP_PANEL_Y,19.9141,0,none
2025-01-01 08:56:50,STRUCT_TEMP_PANEL_Y,31.1562,0,none
2025-01-01 09:05:10,STRUCT_TEMP_PANEL_Y,14.4167,0,none
2025-01-01 09:13:30,STRUCT_TEMP_PANEL_Y,15.0389,0,none
2025-01-01 09:21:50,STRUCT_TEMP_PANEL_Y,18.68,0,none
2025-01-01 09:30:10,STRUCT_TEMP_PANEL_Y,26.8935,0,none
2025-01-01 09:38:30,STRUCT_TEMP_PANEL_Y,28.0588,0,none
2025-01-01 09:46:50,STRUCT_TEMP_PANEL_Y,25.5218,0,none
2025-01-01 09:55:10,STRUCT_TEMP_PANEL_Y,24.3976,0,none
2025-01-01 10:03:30,STRUCT_TEMP_PANEL_Y,6.0563,0,none
2025-01-01 10:11:50,STRUCT_TEMP_PANEL_Y,31.4465,0,none
2025-01-01 10:20:10,STRUCT_TEMP_PANEL_Y,16.2469,0,none
2025-01-01 10:28:30,STRUCT_TEMP_PANEL_Y,17.0162,0,none
2025-01-01 10:36:50,STRUCT_TEMP_PANEL_Y,7.3335,0,none
2025-01-01 10:45:10,STRUCT_TEMP_PANEL_Y,28.2835,0,none
2025-01-01 10:53:30,STRUCT_TEMP_PANEL_Y,5.301,0,none
2025-01-01 11:01:50,STRUCT_TEMP_PANEL_Y,9.0979,0,none
2025-01-01 11:10:10,STRUCT_TEMP_PANEL_Y,15.7101,0,none
2025-01-01 11:18:30,STRUCT_TEMP_PANEL_Y,10.9934,0,none
2025-01-01 11:26:50,STRUCT_TEMP_PANEL_Y,21.7152,0,none
2025-01-01 11:35:10,STRUCT_TEMP_PANEL_Y,13.5449,0,none
2025-01-01 11:43:30,STRUCT_TEMP_PANEL_Y,3.7088,0,none
2025-01-01 11:51:50,STRUCT_TEMP_PANEL_Y,3.9612,0,none
2025-01-01 12:00:10,STRUCT_TEMP_PANEL_Y,4.4424,0,none
2025-01-01 12:08:30,STRUCT_TEMP_PANEL_Y,27.1438,0,none
2025-01-01 12:16:50,STRUCT_TEMP_PANEL_Y,7.8165,0,none
2025-01-01 12:25:10,STRUCT_TEMP_PANEL_Y,7.9716,0,none
2025-01-01 12:33:30,STRUCT_TEMP_PANEL_Y,7.9954,0,none
2025-01-01 12:41:50,STRUCT_TEMP_PANEL_Y,6.5544,0,none
2025-01-01 12:50:10,STRUCT_TEMP_PANEL_Y,11.5384,0,none
2025-01-01 12:58:30,STRUCT_TEMP_PANEL_Y,7.7039,0,none
2025-01-01 13:06:50,STRUCT_TEMP_PANEL_Y,3.7174,0,none
2025-01-01 13:15:10,STRUCT_TEMP_PANEL_Y,5.4922,0,none
2025-01-01 13:23:30,STRUCT_TEMP_PANEL_Y,14.979,0,none
2025-01-01 13:31:50,STRUCT_TEMP_PANEL_Y,4.5669,0,none
2025-01-01 13:40:10,STRUCT_TEMP_PANEL_Y,6.3277,0,none
2025-01-01 13:48:30,STRUCT_TEMP_PANEL_Y,19.3623,0,none
2025-01-01 13:56:50,STRUCT_TEMP_PANEL_Y,5.9957,0,none
2025-01-01 14:05:10,STRUCT_TEMP_PANEL_Y,8.9319,0,none
2025-01-01 14:13:30,STRUCT_TEMP_PANEL_Y,11.55,0,none
2025-01-01 14:21:50,STRUCT_TEMP_PANEL_Y,3.306,0,none
2025-01-01 14:30:10,STRUCT_TEMP_PANEL_Y,5.7397,0,none
2025-01-01 14:38:30,STRUCT_TEMP_PANEL_Y,14.646,0,none
2025-01-01 14:46:50,STRUCT_TEMP_PANEL_Y,11.9398,0,none
2025-01-01 14:55:10,STRUCT_TEMP_PANEL_Y,4.7523,0,none
2025-01-01 15:03:30,STRUCT_TEMP_PANEL_Y,14.5291,0,none
2025-01-01 15:11:50,STRUCT_TEMP_PANEL_Y,5.2096,0,none
2025-01-01 15:20:10,STRUCT_TEMP_PANEL_Y,17.2095,0,none
2025-01-01 15:28:30,STRUCT_TEMP_PANEL_Y,2.8758,0,none
2025-01-01 15:36:50,STRUCT_TEMP_PANEL_Y,4.7263,0,none
2025-01-01 15:45:10,STRUCT_TEMP_PANEL_Y,27.044,0,none
2025-01-01 15:53:30,STRUCT_TEMP_PANEL_Y,5.1827,0,none
2025-01-01 16:01:50,STRUCT_TEMP_PANEL_Y,13.3011,0,none
2025-01-01 16:10:10,STRUCT_TEMP_PANEL_Y,5.4703,0,none
2025-01-01 16:18:30,STRUCT_TEMP_PANEL_Y,4.0737,0,none
2025-01-01 16:26:50,STRUCT_TEMP_PANEL_Y,14.5748,0,none
2025-01-01 16:35:10,STRUCT_TEMP_PANEL_Y,14.5591,0,none
2025-01-01 16:43:30,STRUCT_TEMP_PANEL_Y,7.1542,0,none
2025-01-01 16:51:50,STRUCT_TEMP_PANEL_Y,3.9014,0,none
2025-01-01 17:00:10,STRUCT_TEMP_PANEL_Y,9.1801,0,none
2025-01-01 17:08:30,STRUCT_TEMP_PANEL_Y,6.254,0,none
2025-01-01 17:16:50,STRUCT_TEMP_PANEL_Y,13.7559,0,none
2025-01-01 17:25:10,STRUCT_TEMP_PANEL_Y,4.9654,0,none
2025-01-01 17:33:30,STRUCT_TEMP_PANEL_Y,9.4145,0,none
2025-01-01 17:41:50,STRUCT_TEMP_PANEL_Y,8.9386,0,none
2025-01-01 17:50:10,STRUCT_TEMP_PANEL_Y,21.3111,0,none
2025-01-01 17:58:30,STRUCT_TEMP_PANEL_Y,29.763,0,none
2025-01-01 18:06:50,STRUCT_TEMP_PANEL_Y,4.548,0,none
2025-01-01 18:15:10,STRUCT_TEMP_PANEL_Y,12.4726,0,none
2025-01-01 18:23:30,STRUCT_TEMP_PANEL_Y,31.8563,0,none
2025-01-01 18:31:50,STRUCT_TEMP_PANEL_Y,14.1136,0,none
2025-01-01 18:40:10,STRUCT_TEMP_PANEL_Y,5.0273,0,none
2025-01-01 18:48:30,STRUCT_TEMP_PANEL_Y,14.5432,0,none
2025-01-01 18:56:50,STRUCT_TEMP_PANEL_Y,8.1494,0,none
2025-01-01 19:05:10,STRUCT_TEMP_PANEL_Y,9.858,0,none
2025-01-01 19:13:30,STRUCT_TEMP_PANEL_Y,4.598,0,none
2025-01-01 19:21:50,STRUCT_TEMP_PANEL_Y,31.2622,0,none
2025-01-01 19:30:10,STRUCT_TEMP_PANEL_Y,31.458,0,none
2025-01-01 19:38:30,STRUCT_TEMP_PANEL_Y,35.4436,0,none
2025-01-01 19:46:50,STRUCT_TEMP_PANEL_Y,30.0006,0,none
2025-01-01 19:55:10,STRUCT_TEMP_PANEL_Y,29.8365,0,none
2025-01-01 20:03:30,STRUCT_TEMP_PANEL_Y,9.2924,0,none
2025-01-01 20:11:50,STRUCT_TEMP_PANEL_Y,37.2414,0,none
2025-01-01 20:20:10,STRUCT_TEMP_PANEL_Y,28.995,0,none
2025-01-01 20:28:30,STRUCT_TEMP_PANEL_Y,5.9811,0,none
2025-01-01 20:36:50,STRUCT_TEMP_PANEL_Y,31.3182,0,none
2025-01-01 20:45:10,STRUCT_TEMP_PANEL_Y,35.7171,0,none
2025-01-01 20:53:30,STRUCT_TEMP_PANEL_Y,28.7372,0,none
2025-01-01 21:01:50,STRUCT_TEMP_PANEL_Y,17.6837,0,none
2025-01-01 21:10:10,STRUCT_TEMP_PANEL_Y,11.6563,0,none
2025-01-01 21:18:30,STRUCT_TEMP_PANEL_Y,8.9542,0,none
2025-01-01 21:26:50,STRUCT_TEMP_PANEL_Y,31.5695,0,none
2025-01-01 21:35:10,STRUCT_TEMP_PANEL_Y,25.1875,0,none
2025-01-01 21:43:30,STRUCT_TEMP_PANEL_Y,11.857,0,none
2025-01-01 21:51:50,STRUCT_TEMP_PANEL_Y,25.6874,0,none
2025-01-01 22:00:10,STRUCT_TEMP_PANEL_Y,32.6285,0,none
2025-01-01 22:08:30,STRUCT_TEMP_PANEL_Y,4.5457,0,none
2025-01-01 22:16:50,STRUCT_TEMP_PANEL_Y,28.1796,0,none
2025-01-01 22:25:10,STRUCT_TEMP_PANEL_Y,35.4106,0,none
2025-01-01 22:33:30,STRUCT_TEMP_PANEL_Y,17.9527,0,none
2025-01-01 22:41:50,STRUCT_TEMP_PANEL_Y,33.8617,0,none
2025-01-01 22:50:10,STRUCT_TEMP_PANEL_Y,32.1339,0,none
2025-01-01 22:58:30,STRUCT_TEMP_PANEL_Y,29.126,0,none
2025-01-01 23:06:50,STRUCT_TEMP_PANEL_Y,31.359,0,none
2025-01-01 23:15:10,STRUCT_TEMP_PANEL_Y,13.5494,0,none
2025-01-01 23:23:30,STRUCT_TEMP_PANEL_Y,18.3333,0,none
2025-01-01 23:31:50,STRUCT_TEMP_PANEL_Y,31.097,0,none
2025-01-01 23:40:10,STRUCT_TEMP_PANEL_Y,30.8982,0,none
2025-01-01 23:48:30,STRUCT_TEMP_PANEL_Y,39.6471,0,none
2025-01-01 23:56:50,STRUCT_TEMP_PANEL_Y,31.4459,0,none
2025-01-02 00:05:10,STRUCT_TEMP_PANEL_Y,26.9961,0,none
2025-01-02 00:13:30,STRUCT_TEMP_PANEL_Y,15.0576,0,none
2025-01-02 00:21:50,STRUCT_TEMP_PANEL_Y,23.5296,0,none
2025-01-02 00:30:10,STRUCT_TEMP_PANEL_Y,30.2679,0,none
2025-01-02 00:38:30,STRUCT_TEMP_PANEL_Y,25.2898,0,none
2025-01-02 00:46:50,STRUCT_TEMP_PANEL_Y,35.9234,0,none
2025-01-02 00:55:10,STRUCT_TEMP_PANEL_Y,32.5546,0,none
2025-01-02 01:03:30,STRUCT_TEMP_PANEL_Y,17.7829,0,none
2025-01-02 01:11:50,STRUCT_TEMP_PANEL_Y,26.7572,0,none
2025-01-02 01:20:10,STRUCT_TEMP_PANEL_Y,29.2831,0,none
2025-01-02 01:28:30,STRUCT_TEMP_PANEL_Y,19.1717,0,none
2025-01-02 01:36:50,STRUCT_TEMP_PANEL_Y,27.9557,0,none
2025-01-02 01:45:10,STRUCT_TEMP_PANEL_Y,28.3729,0,none
2025-01-02 01:53:30,STRUCT_TEMP_PANEL_Y,23.0049,0,none
2025-01-02 02:01:50,STRUCT_TEMP_PANEL_Y,19.1515,0,none
2025-01-02 02:10:10,STRUCT_TEMP_PANEL_Y,36.581,0,none
2025-01-02 02:18:30,STRUCT_TEMP_PANEL_Y,34.7704,0,none
2025-01-02 02:26:50,STRUCT_TEMP_PANEL_Y,16.9031,0,none
2025-01-02 02:35:10,STRUCT_TEMP_PANEL_Y,30.844,0,none
2025-01-02 02:43:30,STRUCT_TEMP_PANEL_Y,36.568,0,none
2025-01-02 02:51:50,STRUCT_TEMP_PANEL_Y,24.4212,0,none
2025-01-02 03:00:10,STRUCT_TEMP_PANEL_Y,19.7604,0,none
2025-01-02 03:08:30,STRUCT_TEMP_PANEL_Y,28.859,0,none
2025-01-02 03:16:50,STRUCT_TEMP_PANEL_Y,26.706,0,none
2025-01-02 03:25:10,STRUCT_TEMP_PANEL_Y,29.6896,0,none
2025-01-02 03:33:30,STRUCT_TEMP_PANEL_Y,35.3297,0,none
2025-01-02 03:41:50,STRUCT_TEMP_PANEL_Y,26.3005,0,none
2025-01-01 00:03:40,STRUCT_TEMP_PANEL_Z,21.7493,0,none
2025-01-01 00:12:00,STRUCT_TEMP_PANEL_Z,23.6607,0,none
2025-01-01 00:20:20,STRUCT_TEMP_PANEL_Z,34.6617,0,none
2025-01-01 00:28:40,STRUCT_TEMP_PANEL_Z,32.8848,0,none
2025-01-01 00:37:00,STRUCT_TEMP_PANEL_Z,30.1405,0,none
2025-01-01 00:45:20,STRUCT_TEMP_PANEL_Z,28.3275,0,none
2025-01-01 00:53:40,STRUCT_TEMP_PANEL_Z,28.4854,0,none
2025-01-01 01:02:00,STRUCT_TEMP_PANEL_Z,22.6274,0,none
2025-01-01 01:10:20,STRUCT_TEMP_PANEL_Z,26.0811,0,none
2025-01-01 01:18:40,STRUCT_TEMP_PANEL_Z,38.2774,0,none
2025-01-01 01:27:00,STRUCT_TEMP_PANEL_Z,32.0115,0,none
2025-01-01 01:35:20,STRUCT_TEMP_PANEL_Z,30.9167,0,none
2025-01-01 01:43:40,STRUCT_TEMP_PANEL_Z,25.6936,0,none
2025-01-01 01:52:00,STRUCT_TEMP_PANEL_Z,26.3865,0,none
2025-01-01 02:00:20,STRUCT_TEMP_PANEL_Z,20.7774,0,none
2025-01-01 02:08:40,STRUCT_TEMP_PANEL_Z,32.4419,0,none
2025-01-01 02:17:00,STRUCT_TEMP_PANEL_Z,20.0041,0,none
2025-01-01 02:25:20,STRUCT_TEMP_PANEL_Z,14.6018,0,none
2025-01-01 02:33:40,STRUCT_TEMP_PANEL_Z,35.1026,0,none
2025-01-01 02:42:00,STRUCT_TEMP_PANEL_Z,29.7037,0,none
2025-01-01 02:50:20,STRUCT_TEMP_PANEL_Z,24.8006,0,none
2025-01-01 02:58:40,STRUCT_TEMP_PANEL_Z,32.3894,0,none
2025-01-01 03:07:00,STRUCT_TEMP_PANEL_Z,29.3756,0,none
2025-01-01 03:15:20,STRUCT_TEMP_PANEL_Z,19.8944,0,none
2025-01-01 03:23:40,STRUCT_TEMP_PANEL_Z,32.2049,0,none
2025-01-01 03:32:00,STRUCT_TEMP_PANEL_Z,37.3043,0,none
2025-01-01 03:40:20,STRUCT_TEMP_PANEL_Z,29.8219,0,none
2025-01-01 03:48:40,STRUCT_TEMP_PANEL_Z,9.6313,0,none
2025-01-01 03:57:00,STRUCT_TEMP_PANEL_Z,21.4254,0,none
2025-01-01 04:05:20,STRUCT_TEMP_PANEL_Z,31.325,0,none
2025-01-01 04:13:40,STRUCT_TEMP_PANEL_Z,30.8988,0,none
2025-01-01 04:22:00,STRUCT_TEMP_PANEL_Z,9.5075,0,none
2025-01-01 04:30:20,STRUCT_TEMP_PANEL_Z,34.1365,0,none
2025-01-01 04:38:40,STRUCT_TEMP_PANEL_Z,34.3383,0,none
2025-01-01 04:47:00,STRUCT_TEMP_PANEL_Z,37.6277,0,none
2025-01-01 04:55:20,STRUCT_TEMP_PANEL_Z,19.979,0,none
2025-01-01 05:03:40,STRUCT_TEMP_PANEL_Z,14.7581,0,none
2025-01-01 05:12:00,STRUCT_TEMP_PANEL_Z,34.4799,0,none
2025-01-01 05:20:20,STRUCT_TEMP_PANEL_Z,35.3804,0,none
2025-01-01 05:28:40,STRUCT_TEMP_PANEL_Z,34.7197,0,none
2025-01-01 05:37:00,STRUCT_TEMP_PANEL_Z,26.442,0,none
2025-01-01 05:45:20,STRUCT_TEMP_PANEL_Z,33.0883,0,none
2025-01-01 05:53:40,STRUCT_TEMP_PANEL_Z,12.3051,0,none
2025-01-01 06:02:00,STRUCT_TEMP_PANEL_Z,32.4596,0,none
2025-01-01 06:10:20,STRUCT_TEMP_PANEL_Z,23.6689,0,none
2025-01-01 06:18:40,STRUCT_TEMP_PANEL_Z,16.4577,0,none
2025-01-01 06:27:00,STRUCT_TEMP_PANEL_Z,34.8588,0,none
2025-01-01 06:35:20,STRUCT_TEMP_PANEL_Z,3.5348,0,none
2025-01-01 06:43:40,STRUCT_TEMP_PANEL_Z,17.7713,0,none
2025-01-01 06:52:00,STRUCT_TEMP_PANEL_Z,33.8091,0,none
2025-01-01 07:00:20,STRUCT_TEMP_PANEL_Z,14.3834,0,none
2025-01-01 07:08:40,STRUCT_TEMP_PANEL_Z,24.4475,0,none
2025-01-01 07:17:00,STRUCT_TEMP_PANEL_Z,30.5856,0,none
2025-01-01 07:25:20,STRUCT_TEMP_PANEL_Z,27.0403,0,none
2025-01-01 07:33:40,STRUCT_TEMP_PANEL_Z,33.7325,0,none
2025-01-01 07:42:00,STRUCT_TEMP_PANEL_Z,6.9246,0,none
2025-01-01 07:50:20,STRUCT_TEMP_PANEL_Z,20.7943,0,none
2025-01-01 07:58:40,STRUCT_TEMP_PANEL_Z,4.4072,0,none
2025-01-01 08:07:00,STRUCT_TEMP_PANEL_Z,11.9258,0,none
2025-01-01 08:15:20,STRUCT_TEMP_PANEL_Z,5.5282,0,none
2025-01-01 08:23:40,STRUCT_TEMP_PANEL_Z,20.8635,0,none
2025-01-01 08:32:00,STRUCT_TEMP_PANEL_Z,16.5269,0,none
2025-01-01 08:40:20,STRUCT_TEMP_PANEL_Z,5.0221,0,none
2025-01-01 08:48:40,STRUCT_TEMP_PANEL_Z,2.6042,0,none
2025-01-01 08:57:00,STRUCT_TEMP_PANEL_Z,1.3353,0,none
2025-01-01 09:05:20,STRUCT_TEMP_PANEL_Z,19.7823,0,none
2025-01-01 09:13:40,STRUCT_TEMP_PANEL_Z,6.8913,0,none
2025-01-01 09:22:00,STRUCT_TEMP_PANEL_Z,13.0623,0,none
2025-01-01 09:30:20,STRUCT_TEMP_PANEL_Z,18.736,0,none
2025-01-01 09:38:40,STRUCT_TEMP_PANEL_Z,35.8416,0,none
2025-01-01 09:47:00,STRUCT_TEMP_PANEL_Z,19.2816,0,none
2025-01-01 09:55:20,STRUCT_TEMP_PANEL_Z,3.6155,0,none
2025-01-01 10:03:40,STRUCT_TEMP_PANEL_Z,7.6946,0,none
2025-01-01 10:12:00,STRUCT_TEMP_PANEL_Z,13.5994,0,none
2025-01-01 10:20:20,STRUCT_TEMP_PANEL_Z,7.3845,0,none
2025-01-01 10:28:40,STRUCT_TEMP_PANEL_Z,6.4669,0,none
2025-01-01 10:37:00,STRUCT_TEMP_PANEL_Z,11.1735,0,none
2025-01-01 10:45:20,STRUCT_TEMP_PANEL_Z,22.7646,0,none
2025-01-01 10:53:40,STRUCT_TEMP_PANEL_Z,9.3707,0,none
2025-01-01 11:02:00,STRUCT_TEMP_PANEL_Z,8.8812,0,none
2025-01-01 11:10:20,STRUCT_TEMP_PANEL_Z,4.9675,0,none
2025-01-01 11:18:40,STRUCT_TEMP_PANEL_Z,18.9768,0,none
2025-01-01 11:27:00,STRUCT_TEMP_PANEL_Z,7.8113,0,none
2025-01-01 11:35:20,STRUCT_TEMP_PANEL_Z,9.5721,0,none
2025-01-01 11:43:40,STRUCT_TEMP_PANEL_Z,19.2912,0,none
2025-01-01 11:52:00,STRUCT_TEMP_PANEL_Z,7.1,0,none
2025-01-01 12:00:20,STRUCT_TEMP_PANEL_Z,7.0569,0,none
2025-01-01 12:08:40,STRUCT_TEMP_PANEL_Z,6.8225,0,none
2025-01-01 12:17:00,STRUCT_TEMP_PANEL_Z,-0.874,0,none
2025-01-01 12:25:20,STRUCT_TEMP_PANEL_Z,8.0702,0,none
2025-01-01 12:33:40,STRUCT_TEMP_PANEL_Z,4.2852,0,none
2025-01-01 12:42:00,STRUCT_TEMP_PANEL_Z,21.7055,0,none
2025-01-01 12:50:20,STRUCT_TEMP_PANEL_Z,13.2484,0,none
2025-01-01 12:58:40,STRUCT_TEMP_PANEL_Z,7.5615,0,none
2025-01-01 13:07:00,STRUCT_TEMP_PANEL_Z,11.2794,0,none
2025-01-01 13:15:20,STRUCT_TEMP_PANEL_Z,3.873,0,none
2025-01-01 13:23:40,STRUCT_TEMP_PANEL_Z,9.3978,0,none
2025-01-01 13:32:00,STRUCT_TEMP_PANEL_Z,6.4303,0,none
2025-01-01 13:40:20,STRUCT_TEMP_PANEL_Z,8.6788,0,none
2025-01-01 13:48:40,STRUCT_TEMP_PANEL_Z,18.3396,0,none
2025-01-01 13:57:00,STRUCT_TEMP_PANEL_Z,22.4302,0,none
2025-01-01 14:05:20,STRUCT_TEMP_PANEL_Z,13.5189,0,none
2025-01-01 14:13:40,STRUCT_TEMP_PANEL_Z,17.2906,0,none
2025-01-01 14:22:00,STRUCT_TEMP_PANEL_Z,7.4296,0,none
2025-01-01 14:30:20,STRUCT_TEMP_PANEL_Z,9.7479,0,none
2025-01-01 14:38:40,STRUCT_TEMP_PANEL_Z,7.33,0,none
2025-01-01 14:47:00,STRUCT_TEMP_PANEL_Z,11.612,0,none
2025-01-01 14:55:20,STRUCT_TEMP_PANEL_Z,7.2456,0,none
2025-01-01 15:03:40,STRUCT_TEMP_PANEL_Z,7.9502,0,none
2025-01-01 15:12:00,STRUCT_TEMP_PANEL_Z,8.3761,0,none
2025-01-01 15:20:20,STRUCT_TEMP_PANEL_Z,5.316,0,none
2025-01-01 15:28:40,STRUCT_TEMP_PANEL_Z,8.2972,0,none
2025-01-01 15:37:00,STRUCT_TEMP_PANEL_Z,7.7706,0,none
2025-01-01 15:45:20,STRUCT_TEMP_PANEL_Z,20.1173,0,none
2025-01-01 15:53:40,STRUCT_TEMP_PANEL_Z,12.7194,0,none
2025-01-01 16:02:00,STRUCT_TEMP_PANEL_Z,9.9437,0,none
2025-01-01 16:10:20,STRUCT_TEMP_PANEL_Z,10.6899,0,none
2025-01-01 16:18:40,STRUCT_TEMP_PANEL_Z,8.1907,0,none
2025-01-01 16:27:00,STRUCT_TEMP_PANEL_Z,6.882,0,none
2025-01-01 16:35:20,STRUCT_TEMP_PANEL_Z,7.0106,0,none
2025-01-01 16:43:40,STRUCT_TEMP_PANEL_Z,25.6354,0,none
2025-01-01 16:52:00,STRUCT_TEMP_PANEL_Z,20.1258,0,none
2025-01-01 17:00:20,STRUCT_TEMP_PANEL_Z,23.6772,0,none
2025-01-01 17:08:40,STRUCT_TEMP_PANEL_Z,20.568,0,none
2025-01-01 17:17:00,STRUCT_TEMP_PANEL_Z,8.8871,0,none
2025-01-01 17:25:20,STRUCT_TEMP_PANEL_Z,19.8602,0,none
2025-01-01 17:33:40,STRUCT_TEMP_PANEL_Z,34.6105,0,none
2025-01-01 17:42:00,STRUCT_TEMP_PANEL_Z,15.1609,0,none
2025-01-01 17:50:20,STRUCT_TEMP_PANEL_Z,4.5545,0,none
2025-01-01 17:58:40,STRUCT_TEMP_PANEL_Z,12.6568,0,none
2025-01-01 18:07:00,STRUCT_TEMP_PANEL_Z,7.6177,0,none
2025-01-01 18:15:20,STRUCT_TEMP_PANEL_Z,14.5374,0,none
2025-01-01 18:23:40,STRUCT_TEMP_PANEL_Z,9.3616,0,none
2025-01-01 18:32:00,STRUCT_TEMP_PANEL_Z,6.4304,0,none
2025-01-01 18:40:20,STRUCT_TEMP_PANEL_Z,4.7538,0,none
2025-01-01 18:48:40,STRUCT_TEMP_PANEL_Z,33.3193,0,none
2025-01-01 18:57:00,STRUCT_TEMP_PANEL_Z,5.2154,0,none
2025-01-01 19:05:20,STRUCT_TEMP_PANEL_Z,9.6759,0,none
2025-01-01 19:13:40,STRUCT_TEMP_PANEL_Z,17.6243,0,none
2025-01-01 19:22:00,STRUCT_TEMP_PANEL_Z,4.2078,0,none
2025-01-01 19:30:20,STRUCT_TEMP_PANEL_Z,17.3596,0,none
2025-01-01 19:38:40,STRUCT_TEMP_PANEL_Z,38.8728,0,none
2025-01-01 19:47:00,STRUCT_TEMP_PANEL_Z,38.1673,0,none
2025-01-01 19:55:20,STRUCT_TEMP_PANEL_Z,6.5501,0,none
2025-01-01 20:03:40,STRUCT_TEMP_PANEL_Z,4.1886,0,none
2025-01-01 20:12:00,STRUCT_TEMP_PANEL_Z,12.2793,0,none
2025-01-01 20:20:20,STRUCT_TEMP_PANEL_Z,34.1765,0,none
2025-01-01 20:28:40,STRUCT_TEMP_PANEL_Z,19.6915,0,none
2025-01-01 20:37:00,STRUCT_TEMP_PANEL_Z,22.7474,0,none
2025-01-01 20:45:20,STRUCT_TEMP_PANEL_Z,6.4278,0,none
2025-01-01 20:53:40,STRUCT_TEMP_PANEL_Z,28.6583,0,none
2025-01-01 21:02:00,STRUCT_TEMP_PANEL_Z,25.6971,0,none
2025-01-01 21:10:20,STRUCT_TEMP_PANEL_Z,2.3241,0,none
2025-01-01 21:18:40,STRUCT_TEMP_PANEL_Z,26.5421,0,none
2025-01-01 21:27:00,STRUCT_TEMP_PANEL_Z,6.118,0,none
2025-01-01 21:35:20,STRUCT_TEMP_PANEL_Z,9.7253,0,none
2025-01-01 21:43:40,STRUCT_TEMP_PANEL_Z,35.7643,0,none
2025-01-01 21:52:00,STRUCT_TEMP_PANEL_Z,28.1623,0,none
2025-01-01 22:00:20,STRUCT_TEMP_PANEL_Z,25.6973,0,none
2025-01-01 22:08:40,STRUCT_TEMP_PANEL_Z,17.4483,0,none
2025-01-01 22:17:00,STRUCT_TEMP_PANEL_Z,5.3024,0,none
2025-01-01 22:25:20,STRUCT_TEMP_PANEL_Z,24.5565,0,none
2025-01-01 22:33:40,STRUCT_TEMP_PANEL_Z,37.6569,0,none
2025-01-01 22:42:00,STRUCT_TEMP_PANEL_Z,36.8695,0,none
2025-01-01 22:50:20,STRUCT_TEMP_PANEL_Z,37.1933,0,none
2025-01-01 22:58:40,STRUCT_TEMP_PANEL_Z,17.0754,0,none
2025-01-01 23:07:00,STRUCT_TEMP_PANEL_Z,31.046,0,none
2025-01-01 23:15:20,STRUCT_TEMP_PANEL_Z,8.223,0,none
2025-01-01 23:23:40,STRUCT_TEMP_PANEL_Z,35.9509,0,none
2025-01-01 23:32:00,STRUCT_TEMP_PANEL_Z,13.3142,0,none
2025-01-01 23:40:20,STRUCT_TEMP_PANEL_Z,34.4766,0,none
2025-01-01 23:48:40,STRUCT_TEMP_PANEL_Z,17.6164,0,none
2025-01-01 23:57:00,STRUCT_TEMP_PANEL_Z,35.1715,0,none
2025-01-02 00:05:20,STRUCT_TEMP_PANEL_Z,22.6955,0,none
2025-01-02 00:13:40,STRUCT_TEMP_PANEL_Z,14.354,0,none
2025-01-02 00:22:00,STRUCT_TEMP_PANEL_Z,23.952,0,none
2025-01-02 00:30:20,STRUCT_TEMP_PANEL_Z,29.6679,0,none
2025-01-02 00:38:40,STRUCT_TEMP_PANEL_Z,38.3894,0,none
2025-01-02 00:47:00,STRUCT_TEMP_PANEL_Z,37.5825,0,none
2025-01-02 00:55:20,STRUCT_TEMP_PANEL_Z,19.0776,0,none
2025-01-02 01:03:40,STRUCT_TEMP_PANEL_Z,17.5112,0,none
2025-01-02 01:12:00,STRUCT_TEMP_PANEL_Z,18.78,0,none
2025-01-02 01:20:20,STRUCT_TEMP_PANEL_Z,33.5334,0,none
2025-01-02 01:28:40,STRUCT_TEMP_PANEL_Z,35.7361,0,none
2025-01-02 01:37:00,STRUCT_TEMP_PANEL_Z,35.1339,0,none
2025-01-02 01:45:20,STRUCT_TEMP_PANEL_Z,34.9486,0,none
2025-01-02 01:53:40,STRUCT_TEMP_PANEL_Z,27.4946,0,none
2025-01-02 02:02:00,STRUCT_TEMP_PANEL_Z,32.5267,0,none
2025-01-02 02:10:20,STRUCT_TEMP_PANEL_Z,29.9119,0,none
2025-01-02 02:18:40,STRUCT_TEMP_PANEL_Z,35.9151,0,none
2025-01-02 02:27:00,STRUCT_TEMP_PANEL_Z,30.8986,0,none
2025-01-02 02:35:20,STRUCT_TEMP_PANEL_Z,32.6138,0,none
2025-01-02 02:43:40,STRUCT_TEMP_PANEL_Z,35.7478,0,none
2025-01-02 02:52:00,STRUCT_TEMP_PANEL_Z,31.0216,0,none
2025-01-02 03:00:20,STRUCT_TEMP_PANEL_Z,28.1269,0,none
2025-01-02 03:08:40,STRUCT_TEMP_PANEL_Z,31.3212,0,none
2025-01-02 03:17:00,STRUCT_TEMP_PANEL_Z,32.1248,0,none
2025-01-02 03:25:20,STRUCT_TEMP_PANEL_Z,31.119,0,none
2025-01-02 03:33:40,STRUCT_TEMP_PANEL_Z,30.2742,0,none
2025-01-02 03:42:00,STRUCT_TEMP_PANEL_Z,31.8275,0,none
2025-01-01 00:06:10,SUN_SENSOR_ANGLE,124.0691,0,none
2025-01-01 00:14:30,SUN_SENSOR_ANGLE,112.8756,0,none
2025-01-01 00:22:50,SUN_SENSOR_ANGLE,128.4911,0,none
2025-01-01 00:31:10,SUN_SENSOR_ANGLE,110.7222,0,none
2025-01-01 00:39:30,SUN_SENSOR_ANGLE,145.3484,0,none
2025-01-01 00:47:50,SUN_SENSOR_ANGLE,89.3205,0,none
2025-01-01 00:56:10,SUN_SENSOR_ANGLE,140.7924,0,none
2025-01-01 01:04:30,SUN_SENSOR_ANGLE,106.9305,0,none
2025-01-01 01:12:50,SUN_SENSOR_ANGLE,98.9683,0,none
2025-01-01 01:21:10,SUN_SENSOR_ANGLE,123.4295,0,none
2025-01-01 01:29:30,SUN_SENSOR_ANGLE,129.2314,0,none
2025-01-01 01:37:50,SUN_SENSOR_ANGLE,138.8228,0,none
2025-01-01 01:46:10,SUN_SENSOR_ANGLE,132.8144,0,none
2025-01-01 01:54:30,SUN_SENSOR_ANGLE,121.2038,0,none
2025-01-01 02:02:50,SUN_SENSOR_ANGLE,107.49,0,none
2025-01-01 02:11:10,SUN_SENSOR_ANGLE,116.1226,0,none
2025-01-01 02:19:30,SUN_SENSOR_ANGLE,102.5355,0,none
2025-01-01 02:27:50,SUN_SENSOR_ANGLE,147.718,0,none
2025-01-01 02:36:10,SUN_SENSOR_ANGLE,76.3408,0,none
2025-01-01 02:44:30,SUN_SENSOR_ANGLE,132.8952,0,none
2025-01-01 02:52:50,SUN_SENSOR_ANGLE,116.9627,0,none
2025-01-01 03:01:10,SUN_SENSOR_ANGLE,131.1825,0,none
2025-01-01 03:09:30,SUN_SENSOR_ANGLE,77.9842,0,none
2025-01-01 03:17:50,SUN_SENSOR_ANGLE,127.8275,0,none
2025-01-01 03:26:10,SUN_SENSOR_ANGLE,63.3224,0,none
2025-01-01 03:34:30,SUN_SENSOR_ANGLE,120.9255,0,none
2025-01-01 03:42:50,SUN_SENSOR_ANGLE,111.792,0,none
2025-01-01 03:51:10,SUN_SENSOR_ANGLE,77.2794,0,none
2025-01-01 03:59:30,SUN_SENSOR_ANGLE,64.6101,0,none
2025-01-01 04:07:50,SUN_SENSOR_ANGLE,69.7078,0,none
2025-01-01 04:16:10,SUN_SENSOR_ANGLE,60.8677,0,none
2025-01-01 04:24:30,SUN_SENSOR_ANGLE,127.6409,0,none
2025-01-01 04:32:50,SUN_SENSOR_ANGLE,56.1222,0,none
2025-01-01 04:41:10,SUN_SENSOR_ANGLE,145.3939,0,none
2025-01-01 04:49:30,SUN_SENSOR_ANGLE,136.0226,0,none
2025-01-01 04:57:50,SUN_SENSOR_ANGLE,127.1046,0,none
2025-01-01 05:06:10,SUN_SENSOR_ANGLE,136.0149,0,none
2025-01-01 05:14:30,SUN_SENSOR_ANGLE,144.5972,0,none
2025-01-01 05:22:50,SUN_SENSOR_ANGLE,135.7442,0,none
2025-01-01 05:31:10,SUN_SENSOR_ANGLE,92.13,0,none
2025-01-01 05:39:30,SUN_SENSOR_ANGLE,124.9309,0,none
2025-01-01 05:47:50,SUN_SENSOR_ANGLE,58.0702,0,none
2025-01-01 05:56:10,SUN_SENSOR_ANGLE,73.1679,0,none
2025-01-01 06:04:30,SUN_SENSOR_ANGLE,112.1269,0,none
2025-01-01 06:12:50,SUN_SENSOR_ANGLE,92.3253,0,none
2025-01-01 06:21:10,SUN_SENSOR_ANGLE,140.7409,0,none
2025-01-01 06:29:30,SUN_SENSOR_ANGLE,43.5285,0,none
2025-01-01 06:37:50,SUN_SENSOR_ANGLE,130.2266,0,none
2025-01-01 06:46:10,SUN_SENSOR_ANGLE,103.9762,0,none
2025-01-01 06:54:30,SUN_SENSOR_ANGLE,43.7325,0,none
2025-01-01 07:02:50,SUN_SENSOR_ANGLE,44.7159,0,none
2025-01-01 07:11:10,SUN_SENSOR_ANGLE,69.8778,0,none
2025-01-01 07:19:30,SUN_SENSOR_ANGLE,68.6006,0,none
2025-01-01 07:27:50,SUN_SENSOR_ANGLE,122.3091,0,none
2025-01-01 07:36:10,SUN_SENSOR_ANGLE,54.5173,0,none
2025-01-01 07:44:30,SUN_SENSOR_ANGLE,106.1369,0,none
2025-01-01 07:52:50,SUN_SENSOR_ANGLE,72.8022,0,none
2025-01-01 08:01:10,SUN_SENSOR_ANGLE,141.3901,0,none
2025-01-01 08:09:30,SUN_SENSOR_ANGLE,52.3641,0,none
2025-01-01 08:17:50,SUN_SENSOR_ANGLE,76.3797,0,none
2025-01-01 08:26:10,SUN_SENSOR_ANGLE,112.6112,0,none
2025-01-01 08:34:30,SUN_SENSOR_ANGLE,40.6747,0,none
2025-01-01 08:42:50,SUN_SENSOR_ANGLE,37.463,0,none
2025-01-01 08:51:10,SUN_SENSOR_ANGLE,78.6547,0,none
2025-01-01 08:59:30,SUN_SENSOR_ANGLE,65.1027,0,none
2025-01-01 09:07:50,SUN_SENSOR_ANGLE,110.2369,0,none
2025-01-01 09:16:10,SUN_SENSOR_ANGLE,56.9065,0,none
2025-01-01 09:24:30,SUN_SENSOR_ANGLE,77.7166,0,none
2025-01-01 09:32:50,SUN_SENSOR_ANGLE,92.4843,0,none
2025-01-01 09:41:10,SUN_SENSOR_ANGLE,105.0934,0,none
2025-01-01 09:49:30,SUN_SENSOR_ANGLE,70.89,0,none
2025-01-01 09:57:50,SUN_SENSOR_ANGLE,69.5814,0,none
2025-01-01 10:06:10,SUN_SENSOR_ANGLE,63.4959,0,none
2025-01-01 10:14:30,SUN_SENSOR_ANGLE,83.5504,0,none
2025-01-01 10:22:50,SUN_SENSOR_ANGLE,82.5995,0,none
2025-01-01 10:31:10,SUN_SENSOR_ANGLE,59.0918,0,none
2025-01-01 10:39:30,SUN_SENSOR_ANGLE,46.4983,0,none
2025-01-01 10:47:50,SUN_SENSOR_ANGLE,65.6482,0,none
2025-01-01 10:56:10,SUN_SENSOR_ANGLE,82.2107,0,none
2025-01-01 11:04:30,SUN_SENSOR_ANGLE,85.2037,0,none
2025-01-01 11:12:50,SUN_SENSOR_ANGLE,44.0424,0,none
2025-01-01 11:21:10,SUN_SENSOR_ANGLE,104.5459,0,none
2025-01-01 11:29:30,SUN_SENSOR_ANGLE,88.6088,0,none
2025-01-01 11:37:50,SUN_SENSOR_ANGLE,45.0831,0,none
2025-01-01 11:46:10,SUN_SENSOR_ANGLE,67.8071,0,none
2025-01-01 11:54:30,SUN_SENSOR_ANGLE,57.4909,0,none
2025-01-01 12:02:50,SUN_SENSOR_ANGLE,58.3608,0,none
2025-01-01 12:11:10,SUN_SENSOR_ANGLE,67.2248,0,none
2025-01-01 12:19:30,SUN_SENSOR_ANGLE,44.9764,0,none
2025-01-01 12:27:50,SUN_SENSOR_ANGLE,69.3588,0,none
2025-01-01 12:36:10,SUN_SENSOR_ANGLE,44.2696,0,none
2025-01-01 12:44:30,SUN_SENSOR_ANGLE,65.3789,0,none
2025-01-01 12:52:50,SUN_SENSOR_ANGLE,61.9434,0,none
2025-01-01 13:01:10,SUN_SENSOR_ANGLE,56.9602,0,none
2025-01-01 13:09:30,SUN_SENSOR_ANGLE,29.6465,0,none
2025-01-01 13:17:50,SUN_SENSOR_ANGLE,68.068,0,none
2025-01-01 13:26:10,SUN_SENSOR_ANGLE,72.2484,0,none
2025-01-01 13:34:30,SUN_SENSOR_ANGLE,47.8628,0,none
2025-01-01 13:42:50,SUN_SENSOR_ANGLE,48.3997,0,none
2025-01-01 13:51:10,SUN_SENSOR_ANGLE,75.064,0,none
2025-01-01 13:59:30,SUN_SENSOR_ANGLE,75.865,0,none
2025-01-01 14:07:50,SUN_SENSOR_ANGLE,52.4292,0,none
2025-01-01 14:16:10,SUN_SENSOR_ANGLE,58.4434,0,none
2025-01-01 14:24:30,SUN_SENSOR_ANGLE,83.8192,0,none
2025-01-01 14:32:50,SUN_SENSOR_ANGLE,51.8943,0,none
2025-01-01 14:41:10,SUN_SENSOR_ANGLE,66.647,0,none
2025-01-01 14:49:30,SUN_SENSOR_ANGLE,61.2837,0,none
2025-01-01 14:57:50,SUN_SENSOR_ANGLE,54.0054,0,none
2025-01-01 15:06:10,SUN_SENSOR_ANGLE,39.9119,0,none
2025-01-01 15:14:30,SUN_SENSOR_ANGLE,108.0607,0,none
2025-01-01 15:22:50,SUN_SENSOR_ANGLE,57.0158,0,none
2025-01-01 15:31:10,SUN_SENSOR_ANGLE,100.2192,0,none
2025-01-01 15:39:30,SUN_SENSOR_ANGLE,37.4359,0,none
2025-01-01 15:47:50,SUN_SENSOR_ANGLE,52.0235,0,none
2025-01-01 15:56:10,SUN_SENSOR_ANGLE,66.981,0,none
2025-01-01 16:04:30,SUN_SENSOR_ANGLE,81.0656,0,none
2025-01-01 16:12:50,SUN_SENSOR_ANGLE,118.7222,0,none
2025-01-01 16:21:10,SUN_SENSOR_ANGLE,91.3294,0,none
2025-01-01 16:29:30,SUN_SENSOR_ANGLE,78.3603,0,none
2025-01-01 16:37:50,SUN_SENSOR_ANGLE,59.5183,0,none
2025-01-01 16:46:10,SUN_SENSOR_ANGLE,52.5433,0,none
2025-01-01 16:54:30,SUN_SENSOR_ANGLE,104.2817,0,none
2025-01-01 17:02:50,SUN_SENSOR_ANGLE,109.152,0,none
2025-01-01 17:11:10,SUN_SENSOR_ANGLE,46.3527,0,none
2025-01-01 17:19:30,SUN_SENSOR_ANGLE,33.5777,0,none
2025-01-01 17:27:50,SUN_SENSOR_ANGLE,46.3191,0,none
2025-01-01 17:36:10,SUN_SENSOR_ANGLE,52.2061,0,none
2025-01-01 17:44:30,SUN_SENSOR_ANGLE,125.97,0,none
2025-01-01 17:52:50,SUN_SENSOR_ANGLE,62.1525,0,none
2025-01-01 18:01:10,SUN_SENSOR_ANGLE,114.5025,0,none
2025-01-01 18:09:30,SUN_SENSOR_ANGLE,50.4596,0,none
2025-01-01 18:17:50,SUN_SENSOR_ANGLE,59.5687,0,none
2025-01-01 18:26:10,SUN_SENSOR_ANGLE,55.0515,0,none
2025-01-01 18:34:30,SUN_SENSOR_ANGLE,85.527,0,none
2025-01-01 18:42:50,SUN_SENSOR_ANGLE,55.8118,0,none
2025-01-01 18:51:10,SUN_SENSOR_ANGLE,102.1931,0,none
2025-01-01 18:59:30,SUN_SENSOR_ANGLE,105.2341,0,none
2025-01-01 19:07:50,SUN_SENSOR_ANGLE,40.2651,0,none
2025-01-01 19:16:10,SUN_SENSOR_ANGLE,116.4043,0,none
2025-01-01 19:24:30,SUN_SENSOR_ANGLE,78.7497,0,none
2025-01-01 19:32:50,SUN_SENSOR_ANGLE,85.7672,0,none
2025-01-01 19:41:10,SUN_SENSOR_ANGLE,127.4303,0,none
2025-01-01 19:49:30,SUN_SENSOR_ANGLE,123.7672,0,none
2025-01-01 19:57:50,SUN_SENSOR_ANGLE,125.1675,0,none
2025-01-01 20:06:10,SUN_SENSOR_ANGLE,92.2427,0,none
2025-01-01 20:14:30,SUN_SENSOR_ANGLE,80.1428,0,none
2025-01-01 20:22:50,SUN_SENSOR_ANGLE,46.9899,0,none
2025-01-01 20:31:10,SUN_SENSOR_ANGLE,135.2895,0,none
2025-01-01 20:39:30,SUN_SENSOR_ANGLE,116.8265,0,none
2025-01-01 20:47:50,SUN_SENSOR_ANGLE,104.2702,0,none
2025-01-01 20:56:10,SUN_SENSOR_ANGLE,80.3912,0,none
2025-01-01 21:04:30,SUN_SENSOR_ANGLE,92.2838,0,none
2025-01-01 21:12:50,SUN_SENSOR_ANGLE,121.5614,0,none
2025-01-01 21:21:10,SUN_SENSOR_ANGLE,143.7615,0,none
2025-01-01 21:29:30,SUN_SENSOR_ANGLE,105.9414,0,none
2025-01-01 21:37:50,SUN_SENSOR_ANGLE,54.4901,0,none
2025-01-01 21:46:10,SUN_SENSOR_ANGLE,133.5274,0,none
2025-01-01 21:54:30,SUN_SENSOR_ANGLE,89.9398,0,none
2025-01-01 22:02:50,SUN_SENSOR_ANGLE,106.451,0,none
2025-01-01 22:11:10,SUN_SENSOR_ANGLE,73.0579,0,none
2025-01-01 22:19:30,SUN_SENSOR_ANGLE,72.5399,0,none
2025-01-01 22:27:50,SUN_SENSOR_ANGLE,96.6619,0,none
2025-01-01 22:36:10,SUN_SENSOR_ANGLE,73.3882,0,none
2025-01-01 22:44:30,SUN_SENSOR_ANGLE,134.265,0,none
2025-01-01 22:52:50,SUN_SENSOR_ANGLE,64.7995,0,none
2025-01-01 23:01:10,SUN_SENSOR_ANGLE,90.2265,0,none
2025-01-01 23:09:30,SUN_SENSOR_ANGLE,67.2092,0,none
2025-01-01 23:17:50,SUN_SENSOR_ANGLE,69.7209,0,none
2025-01-01 23:26:10,SUN_SENSOR_ANGLE,58.492,0,none
2025-01-01 23:34:30,SUN_SENSOR_ANGLE,132.7692,0,none
2025-01-01 23:42:50,SUN_SENSOR_ANGLE,118.6153,0,none
2025-01-01 23:51:10,SUN_SENSOR_ANGLE,75.7222,0,none
2025-01-01 23:59:30,SUN_SENSOR_ANGLE,118.6201,0,none
2025-01-02 00:07:50,SUN_SENSOR_ANGLE,130.1107,0,none
2025-01-02 00:16:10,SUN_SENSOR_ANGLE,80.2375,0,none
2025-01-02 00:24:30,SUN_SENSOR_ANGLE,92.5376,0,none
2025-01-02 00:32:50,SUN_SENSOR_ANGLE,131.5065,0,none
2025-01-02 00:41:10,SUN_SENSOR_ANGLE,102.3304,0,none
2025-01-02 00:49:30,SUN_SENSOR_ANGLE,110.4331,0,none
2025-01-02 00:57:50,SUN_SENSOR_ANGLE,112.5706,0,none
2025-01-02 01:06:10,SUN_SENSOR_ANGLE,138.0303,0,none
2025-01-02 01:14:30,SUN_SENSOR_ANGLE,119.0032,0,none
2025-01-02 01:22:50,SUN_SENSOR_ANGLE,81.648,0,none
2025-01-02 01:31:10,SUN_SENSOR_ANGLE,83.2089,0,none
2025-01-02 01:39:30,SUN_SENSOR_ANGLE,142.7021,0,none
2025-01-02 01:47:50,SUN_SENSOR_ANGLE,87.0912,0,none
2025-01-02 01:56:10,SUN_SENSOR_ANGLE,103.7056,0,none
2025-01-02 02:04:30,SUN_SENSOR_ANGLE,71.1477,0,none
2025-01-02 02:12:50,SUN_SENSOR_ANGLE,96.894,0,none
2025-01-02 02:21:10,SUN_SENSOR_ANGLE,109.2463,0,none
2025-01-02 02:29:30,SUN_SENSOR_ANGLE,111.6714,0,none
2025-01-02 02:37:50,SUN_SENSOR_ANGLE,123.5084,0,none
2025-01-02 02:46:10,SUN_SENSOR_ANGLE,116.3063,0,none
2025-01-02 02:54:30,SUN_SENSOR_ANGLE,127.2134,0,none
2025-01-02 03:02:50,SUN_SENSOR_ANGLE,122.9943,0,none
2025-01-02 03:11:10,SUN_SENSOR_ANGLE,106.0252,0,none
2025-01-02 03:19:30,SUN_SENSOR_ANGLE,140.4492,0,none
2025-01-02 03:27:50,SUN_SENSOR_ANGLE,126.3253,0,none
2025-01-02 03:36:10,SUN_SENSOR_ANGLE,119.4787,0,none
2025-01-02 03:44:30,SUN_SENSOR_ANGLE,123.6778,0,none
2025-01-01 00:08:00,TANK_PRESSURE,302.6978,0,none
2025-01-01 00:16:20,TANK_PRESSURE,309.2063,0,none
2025-01-01 00:24:40,TANK_PRESSURE,312.2149,0,none
2025-01-01 00:33:00,TANK_PRESSURE,297.6313,0,none
2025-01-01 00:41:20,TANK_PRESSURE,303.5337,0,none
2025-01-01 00:49:40,TANK_PRESSURE,307.0621,0,none
2025-01-01 00:58:00,TANK_PRESSURE,305.5219,0,none
2025-01-01 01:06:20,TANK_PRESSURE,304.2874,0,none
2025-01-01 01:14:40,TANK_PRESSURE,299.2416,0,none
2025-01-01 01:23:00,TANK_PRESSURE,308.677,0,none
2025-01-01 01:31:20,TANK_PRESSURE,312.7767,0,none
2025-01-01 01:39:40,TANK_PRESSURE,309.1918,0,none
2025-01-01 01:48:00,TANK_PRESSURE,296.9532,0,none
2025-01-01 01:56:20,TANK_PRESSURE,309.6171,0,none
2025-01-01 02:04:40,TANK_PRESSURE,268.77112414705897,1,point
2025-01-01 02:13:00,TANK_PRESSURE,298.8981,0,none
2025-01-01 02:21:20,TANK_PRESSURE,306.7102,0,none
2025-01-01 02:29:40,TANK_PRESSURE,294.9589,0,none
2025-01-01 02:38:00,TANK_PRESSURE,310.3126,0,none
2025-01-01 02:46:20,TANK_PRESSURE,307.929,0,none
2025-01-01 02:54:40,TANK_PRESSURE,298.1859,0,none
2025-01-01 03:03:00,TANK_PRESSURE,301.9617,0,none
2025-01-01 03:11:20,TANK_PRESSURE,307.5665,0,none
2025-01-01 03:19:40,TANK_PRESSURE,307.6329,0,none
2025-01-01 03:28:00,TANK_PRESSURE,307.7888,0,none
2025-01-01 03:36:20,TANK_PRESSURE,310.2059,0,none
2025-01-01 03:44:40,TANK_PRESSURE,300.2437,0,none
2025-01-01 03:53:00,TANK_PRESSURE,310.1752,0,none
2025-01-01 04:01:20,TANK_PRESSURE,300.4808,0,none
2025-01-01 04:09:40,TANK_PRESSURE,297.6861,1,collective
2025-01-01 04:18:00,TANK_PRESSURE,309.373,1,collective
2025-01-01 04:26:20,TANK_PRESSURE,307.86222425486056,1,collective
2025-01-01 04:34:40,TANK_PRESSURE,306.9545485097212,1,collective
2025-01-01 04:43:00,TANK_PRESSURE,304.48747276458175,1,collective
2025-01-01 04:51:20,TANK_PRESSURE,304.12879701944235,1,collective
2025-01-01 04:59:40,TANK_PRESSURE,292.2883212743029,1,collective
2025-01-01 05:08:00,TANK_PRESSURE,308.84174552916346,1,collective
2025-01-01 05:16:20,TANK_PRESSURE,304.3742697840241,1,collective
2025-01-01 05:24:40,TANK_PRESSURE,295.72659403888457,1,collective
2025-01-01 05:33:00,TANK_PRESSURE,300.18751829374514,1,collective
2025-01-01 05:41:20,TANK_PRESSURE,300.9661425486057,1,collective
2025-01-01 05:49:40,TANK_PRESSURE,295.6414668034663,1,collective
2025-01-01 05:58:00,TANK_PRESSURE,264.1638608941448,1,point
2025-01-01 06:06:20,TANK_PRESSURE,281.4554910583269,1,collective
2025-01-01 06:14:40,TANK_PRESSURE,336.98728410891584,1,point
2025-01-01 06:23:00,TANK_PRESSURE,296.0414153131875,1,collective
2025-01-01 06:31:20,TANK_PRESSURE,292.0654395680481,1,collective
2025-01-01 06:39:40,TANK_PRESSURE,292.06096382290866,1,collective
2025-01-01 06:48:00,TANK_PRESSURE,281.7744880777692,1,collective
2025-01-01 06:56:20,TANK_PRESSURE,293.9860123326298,1,collective
2025-01-01 07:04:40,TANK_PRESSURE,274.3770365874904,1,collective
2025-01-01 07:13:00,TANK_PRESSURE,291.32216084235097,1,collective
2025-01-01 07:21:20,TANK_PRESSURE,285.1712850972115,1,collective
2025-01-01 07:29:40,TANK_PRESSURE,278.94430935207214,1,collective
2025-01-01 07:38:00,TANK_PRESSURE,270.82623360693265,1,collective
2025-01-01 07:46:20,TANK_PRESSURE,285.07915786179325,1,collective
2025-01-01 07:54:40,TANK_PRESSURE,284.5759821166538,1,collective
2025-01-01 08:03:00,TANK_PRESSURE,291.10772425486056,1,collective
2025-01-01 08:11:20,TANK_PRESSURE,300.41834850972117,1,collective
2025-01-01 08:19:40,TANK_PRESSURE,305.82427276458174,1,collective
2025-01-01 08:28:00,TANK_PRESSURE,298.2631970194423,1,collective
2025-01-01 08:36:20,TANK_PRESSURE,292.7949212743029,1,collective
2025-01-01 08:44:40,TANK_PRESSURE,286.5008455291635,1,collective
2025-01-01 08:53:00,TANK_PRESSURE,294.14996978402405,1,collective
2025-01-01 09:01:20,TANK_PRESSURE,286.6343940388846,1,collective
2025-01-01 09:09:40,TANK_PRESSURE,278.21741829374514,1,collective
2025-01-01 09:18:00,TANK_PRESSURE,288.86224254860576,1,collective
2025-01-01 09:26:20,TANK_PRESSURE,298.0429668034663,1,collective
2025-01-01 09:34:40,TANK_PRESSURE,281.5649910583269,1,collective
2025-01-01 09:43:00,TANK_PRESSURE,330.07861172676564,1,point
2025-01-01 09:51:20,TANK_PRESSURE,287.0656153131875,1,collective
2025-01-01 09:59:40,TANK_PRESSURE,282.4218395680481,1,collective
2025-01-01 10:08:00,TANK_PRESSURE,291.4213,1,collective
2025-01-01 10:16:20,TANK_PRESSURE,293.50102425486057,1,collective
2025-01-01 10:24:40,TANK_PRESSURE,290.34214850972114,1,collective
2025-01-01 10:33:00,TANK_PRESSURE,270.039869826703,1,point
2025-01-01 10:41:20,TANK_PRESSURE,295.25987276458176,1,collective
2025-01-01 10:49:40,TANK_PRESSURE,289.4107970194423,1,collective
2025-01-01 10:58:00,TANK_PRESSURE,289.4980212743029,1,collective
2025-01-01 11:06:20,TANK_PRESSURE,289.5520455291635,1,collective
2025-01-01 11:14:40,TANK_PRESSURE,284.15796978402403,1,collective
2025-01-01 11:23:00,TANK_PRESSURE,287.0482940388846,1,collective
2025-01-01 11:31:20,TANK_PRESSURE,288.7193182937452,1,collective
2025-01-01 11:39:40,TANK_PRESSURE,285.86904254860576,1,collective
2025-01-01 11:48:00,TANK_PRESSURE,278.5209668034663,1,collective
2025-01-01 11:56:20,TANK_PRESSURE,280.3645910583269,1,collective
2025-01-01 12:04:40,TANK_PRESSURE,285.3543153131875,1,collective
2025-01-01 12:13:00,TANK_PRESSURE,278.59653956804806,1,collective
2025-01-01 12:21:20,TANK_PRESSURE,280.00116382290867,1,collective
2025-01-01 12:29:40,TANK_PRESSURE,276.79718807776925,1,collective
2025-01-01 12:38:00,TANK_PRESSURE,282.2998123326298,1,collective
2025-01-01 12:46:20,TANK_PRESSURE,272.2530365874904,1,collective
2025-01-01 12:54:40,TANK_PRESSURE,278.096560842351,1,collective
2025-01-01 13:03:00,TANK_PRESSURE,276.36068509721156,1,collective
2025-01-01 13:11:20,TANK_PRESSURE,274.66170935207214,1,collective
2025-01-01 13:19:40,TANK_PRESSURE,273.21023360693266,1,collective
2025-01-01 13:28:00,TANK_PRESSURE,274.44035786179325,1,collective
2025-01-01 13:36:20,TANK_PRESSURE,271.3869821166538,1,collective
2025-01-01 13:44:40,TANK_PRESSURE,287.81576382290865,1,collective
2025-01-01 13:53:00,TANK_PRESSURE,278.9924880777692,1,collective
2025-01-01 14:01:20,TANK_PRESSURE,279.7471123326298,1,collective
2025-01-01 14:09:40,TANK_PRESSURE,273.8803365874904,1,collective
2025-01-01 14:18:00,TANK_PRESSURE,273.61506084235094,1,collective
2025-01-01 14:26:20,TANK_PRESSURE,276.51678509721154,1,collective
2025-01-01 14:34:40,TANK_PRESSURE,274.2091093520721,1,collective
2025-01-01 14:43:00,TANK_PRESSURE,277.81443360693265,1,collective
2025-01-01 14:51:20,TANK_PRESSURE,269.63515786179323,1,collective
2025-01-01 14:59:40,TANK_PRESSURE,274.7841821166538,1,collective
2025-01-01 15:08:00,TANK_PRESSURE,295.6141,0,none
2025-01-01 15:16:20,TANK_PRESSURE,294.0123,0,none
2025-01-01 15:24:40,TANK_PRESSURE,291.7893,0,none
2025-01-01 15:33:00,TANK_PRESSURE,291.5343,0,none
2025-01-01 15:41:20,TANK_PRESSURE,296.8898,0,none
2025-01-01 15:49:40,TANK_PRESSURE,298.0703,0,none
2025-01-01 15:58:00,TANK_PRESSURE,291.3177,0,none
2025-01-01 16:06:20,TANK_PRESSURE,288.0151,0,none
2025-01-01 16:14:40,TANK_PRESSURE,290.1661,0,none
2025-01-01 16:23:00,TANK_PRESSURE,301.2355,0,none
2025-01-01 16:31:20,TANK_PRESSURE,291.105,0,none
2025-01-01 16:39:40,TANK_PRESSURE,288.8248,0,none
2025-01-01 16:48:00,TANK_PRESSURE,297.796,0,none
2025-01-01 16:56:20,TANK_PRESSURE,295.2258,0,none
2025-01-01 17:04:40,TANK_PRESSURE,304.3279,0,none
2025-01-01 17:13:00,TANK_PRESSURE,295.3777,0,none
2025-01-01 17:21:20,TANK_PRESSURE,293.2133,0,none
2025-01-01 17:29:40,TANK_PRESSURE,303.0857,0,none
2025-01-01 17:38:00,TANK_PRESSURE,305.6222,0,none
2025-01-01 17:46:20,TANK_PRESSURE,303.0825,0,none
2025-01-01 17:54:40,TANK_PRESSURE,308.0018,0,none
2025-01-01 18:03:00,TANK_PRESSURE,305.5851,0,none
2025-01-01 18:11:20,TANK_PRESSURE,297.562,0,none
2025-01-01 18:19:40,TANK_PRESSURE,308.0181,0,none
2025-01-01 18:28:00,TANK_PRESSURE,289.9657,0,none
2025-01-01 18:36:20,TANK_PRESSURE,300.0741,0,none
2025-01-01 18:44:40,TANK_PRESSURE,311.0112,0,none
2025-01-01 18:53:00,TANK_PRESSURE,290.2824,0,none
2025-01-01 19:01:20,TANK_PRESSURE,304.5562,0,none
2025-01-01 19:09:40,TANK_PRESSURE,300.4958,0,none
2025-01-01 19:18:00,TANK_PRESSURE,297.6561,0,none
2025-01-01 19:26:20,TANK_PRESSURE,302.4033,0,none
2025-01-01 19:34:40,TANK_PRESSURE,296.0404,0,none
2025-01-01 19:43:00,TANK_PRESSURE,309.3717,0,none
2025-01-01 19:51:20,TANK_PRESSURE,308.7202,0,none
2025-01-01 19:59:40,TANK_PRESSURE,294.7509,0,none
2025-01-01 20:08:00,TANK_PRESSURE,296.4372,0,none
2025-01-01 20:16:20,TANK_PRESSURE,289.495,0,none
2025-01-01 20:24:40,TANK_PRESSURE,309.0018,0,none
2025-01-01 20:33:00,TANK_PRESSURE,300.437,0,none
2025-01-01 20:41:20,TANK_PRESSURE,294.7118,0,none
2025-01-01 20:49:40,TANK_PRESSURE,266.8393382440853,1,point
2025-01-01 20:58:00,TANK_PRESSURE,293.3917,0,none
2025-01-01 21:06:20,TANK_PRESSURE,301.928,0,none
2025-01-01 21:14:40,TANK_PRESSURE,292.1152,0,none
2025-01-01 21:23:00,TANK_PRESSURE,298.0924,0,none
2025-01-01 21:31:20,TANK_PRESSURE,290.8001,0,none
2025-01-01 21:39:40,TANK_PRESSURE,289.4851,0,none
2025-01-01 21:48:00,TANK_PRESSURE,295.6318,0,none
2025-01-01 21:56:20,TANK_PRESSURE,298.9439,0,none
2025-01-01 22:04:40,TANK_PRESSURE,300.2666,0,none
2025-01-01 22:13:00,TANK_PRESSURE,304.7119,0,none
2025-01-01 22:21:20,TANK_PRESSURE,307.797,0,none
2025-01-01 22:29:40,TANK_PRESSURE,296.6405,0,none
2025-01-01 22:38:00,TANK_PRESSURE,302.4524,0,none
2025-01-01 22:46:20,TANK_PRESSURE,294.7267,0,none
2025-01-01 22:54:40,TANK_PRESSURE,296.6685,0,none
2025-01-01 23:03:00,TANK_PRESSURE,301.8149,0,none
2025-01-01 23:11:20,TANK_PRESSURE,308.447,0,none
2025-01-01 23:19:40,TANK_PRESSURE,307.0964,0,none
2025-01-01 23:28:00,TANK_PRESSURE,298.4288,0,none
2025-01-01 23:36:20,TANK_PRESSURE,302.4981,0,none
2025-01-01 23:44:40,TANK_PRESSURE,295.1897,0,none
2025-01-01 23:53:00,TANK_PRESSURE,310.4031,0,none
2025-01-02 00:01:20,TANK_PRESSURE,306.355,0,none
2025-01-02 00:09:40,TANK_PRESSURE,309.675,0,none
2025-01-02 00:18:00,TANK_PRESSURE,311.2188,0,none
2025-01-02 00:26:20,TANK_PRESSURE,300.1202,0,none
2025-01-02 00:34:40,TANK_PRESSURE,304.3268,0,none
2025-01-02 00:43:00,TANK_PRESSURE,309.6751,0,none
2025-01-02 00:51:20,TANK_PRESSURE,309.1576,0,none
2025-01-02 00:59:40,TANK_PRESSURE,307.9893,0,none
2025-01-02 01:08:00,TANK_PRESSURE,305.4894,0,none
2025-01-02 01:16:20,TANK_PRESSURE,306.7939,0,none
2025-01-02 01:24:40,TANK_PRESSURE,304.1489,0,none
2025-01-02 01:33:00,TANK_PRESSURE,309.4697,0,none
2025-01-02 01:41:20,TANK_PRESSURE,303.3913,0,none
2025-01-02 01:49:40,TANK_PRESSURE,310.7857,0,none
2025-01-02 01:58:00,TANK_PRESSURE,308.1318,0,none
2025-01-02 02:06:20,TANK_PRESSURE,308.2449,0,none
2025-01-02 02:14:40,TANK_PRESSURE,302.2601,0,none
2025-01-02 02:23:00,TANK_PRESSURE,308.3519,0,none
2025-01-02 02:31:20,TANK_PRESSURE,270.9976555410467,1,point
2025-01-02 02:39:40,TANK_PRESSURE,299.9151,0,none
2025-01-02 02:48:00,TANK_PRESSURE,309.9554,0,none
2025-01-02 02:56:20,TANK_PRESSURE,307.5804,0,none
2025-01-02 03:04:40,TANK_PRESSURE,304.3417,0,none
2025-01-02 03:13:00,TANK_PRESSURE,300.3658,0,none
2025-01-02 03:21:20,TANK_PRESSURE,301.9429,0,none
2025-01-02 03:29:40,TANK_PRESSURE,339.72511792148947,1,point
2025-01-02 03:38:00,TANK_PRESSURE,307.0098,0,none
2025-01-02 03:46:20,TANK_PRESSURE,303.0511,0,none
2025-01-01 00:02:20,THRUSTER_TEMP_1,22.9332,0,none
2025-01-01 00:10:40,THRUSTER_TEMP_1,23.5388,0,none
2025-01-01 00:19:00,THRUSTER_TEMP_1,24.8154,0,none
2025-01-01 00:27:20,THRUSTER_TEMP_1,25.9642,0,none
2025-01-01 00:35:40,THRUSTER_TEMP_1,22.7438,0,none
2025-01-01 00:44:00,THRUSTER_TEMP_1,24.0512,0,none
2025-01-01 00:52:20,THRUSTER_TEMP_1,25.9748,0,none
2025-01-01 01:00:40,THRUSTER_TEMP_1,25.3407,0,none
2025-01-01 01:09:00,THRUSTER_TEMP_1,25.2381,0,none
2025-01-01 01:17:20,THRUSTER_TEMP_1,25.3774,0,none
2025-01-01 01:25:40,THRUSTER_TEMP_1,23.814,0,none
2025-01-01 01:34:00,THRUSTER_TEMP_1,26.4126,0,none
2025-01-01 01:42:20,THRUSTER_TEMP_1,21.5891,0,none
2025-01-01 01:50:40,THRUSTER_TEMP_1,24.7547,0,none
2025-01-01 01:59:00,THRUSTER_TEMP_1,25.0361,0,none
2025-01-01 02:07:20,THRUSTER_TEMP_1,23.8915,0,none
2025-01-01 02:15:40,THRUSTER_TEMP_1,24.9276,0,none
2025-01-01 02:24:00,THRUSTER_TEMP_1,21.074,0,none
2025-01-01 02:32:20,THRUSTER_TEMP_1,24.2168,0,none
2025-01-01 02:40:40,THRUSTER_TEMP_1,26.8782,0,none
2025-01-01 02:49:00,THRUSTER_TEMP_1,24.5701,0,none
2025-01-01 02:57:20,THRUSTER_TEMP_1,20.408,0,none
2025-01-01 03:05:40,THRUSTER_TEMP_1,25.7843,0,none
2025-01-01 03:14:00,THRUSTER_TEMP_1,24.2155,0,none
2025-01-01 03:22:20,THRUSTER_TEMP_1,20.4424,0,none
2025-01-01 03:30:40,THRUSTER_TEMP_1,26.9752,0,none
2025-01-01 03:39:00,THRUSTER_TEMP_1,22.5575,0,none
2025-01-01 03:47:20,THRUSTER_TEMP_1,25.9655,0,none
2025-01-01 03:55:40,THRUSTER_TEMP_1,23.5861,0,none
2025-01-01 04:04:00,THRUSTER_TEMP_1,26.3765,0,none
2025-01-01 04:12:20,THRUSTER_TEMP_1,26.3802,0,none
2025-01-01 04:20:40,THRUSTER_TEMP_1,19.5631,0,none
2025-01-01 04:29:00,THRUSTER_TEMP_1,26.9825,0,none
2025-01-01 04:37:20,THRUSTER_TEMP_1,26.2977,0,none
2025-01-01 04:45:40,THRUSTER_TEMP_1,21.4535,0,none
2025-01-01 04:54:00,THRUSTER_TEMP_1,26.4537,0,none
2025-01-01 05:02:20,THRUSTER_TEMP_1,21.4547,0,none
2025-01-01 05:10:40,THRUSTER_TEMP_1,19.6672,0,none
2025-01-01 05:19:00,THRUSTER_TEMP_1,22.5814,0,none
2025-01-01 05:27:20,THRUSTER_TEMP_1,27.0585,0,none
2025-01-01 05:35:40,THRUSTER_TEMP_1,20.9003,0,none
2025-01-01 05:44:00,THRUSTER_TEMP_1,24.1751,0,none
2025-01-01 05:52:20,THRUSTER_TEMP_1,27.1164,0,none
2025-01-01 06:00:40,THRUSTER_TEMP_1,22.0002,0,none
2025-01-01 06:09:00,THRUSTER_TEMP_1,21.8436,0,none
2025-01-01 06:17:20,THRUSTER_TEMP_1,21.7934,0,none
2025-01-01 06:25:40,THRUSTER_TEMP_1,23.731,0,none
2025-01-01 06:34:00,THRUSTER_TEMP_1,23.5416,0,none
2025-01-01 06:42:20,THRUSTER_TEMP_1,26.1506,0,none
2025-01-01 06:50:40,THRUSTER_TEMP_1,25.8019,0,none
2025-01-01 06:59:00,THRUSTER_TEMP_1,19.9377,0,none
2025-01-01 07:07:20,THRUSTER_TEMP_1,24.028,0,none
2025-01-01 07:15:40,THRUSTER_TEMP_1,24.6602,0,none
2025-01-01 07:24:00,THRUSTER_TEMP_1,18.8117,0,none
2025-01-01 07:32:20,THRUSTER_TEMP_1,25.7505,0,none
2025-01-01 07:40:40,THRUSTER_TEMP_1,25.237,0,none
2025-01-01 07:49:00,THRUSTER_TEMP_1,25.9447,0,none
2025-01-01 07:57:20,THRUSTER_TEMP_1,24.3653,0,none
2025-01-01 08:05:40,THRUSTER_TEMP_1,21.1715,0,none
2025-01-01 08:14:00,THRUSTER_TEMP_1,25.0584,0,none
2025-01-01 08:22:20,THRUSTER_TEMP_1,24.8351,0,none
2025-01-01 08:30:40,THRUSTER_TEMP_1,19.3876,0,none
2025-01-01 08:39:00,THRUSTER_TEMP_1,24.625,0,none
2025-01-01 08:47:20,THRUSTER_TEMP_1,23.3199,0,none
2025-01-01 08:55:40,THRUSTER_TEMP_1,18.3345,0,none
2025-01-01 09:04:00,THRUSTER_TEMP_1,25.805,0,none
2025-01-01 09:12:20,THRUSTER_TEMP_1,18.9022,0,none
2025-01-01 09:20:40,THRUSTER_TEMP_1,19.3651,0,none
2025-01-01 09:29:00,THRUSTER_TEMP_1,23.6383,0,none
2025-01-01 09:37:20,THRUSTER_TEMP_1,23.5321,0,none
2025-01-01 09:45:40,THRUSTER_TEMP_1,20.6047,0,none
2025-01-01 09:54:00,THRUSTER_TEMP_1,19.7356,0,none
2025-01-01 10:02:20,THRUSTER_TEMP_1,18.742,0,none
2025-01-01 10:10:40,THRUSTER_TEMP_1,19.6248,0,none
2025-01-01 10:19:00,THRUSTER_TEMP_1,18.2,0,none
2025-01-01 10:27:20,THRUSTER_TEMP_1,18.5326,0,none
2025-01-01 10:35:40,THRUSTER_TEMP_1,20.4128,0,none
2025-01-01 10:44:00,THRUSTER_TEMP_1,20.2593,0,none
2025-01-01 10:52:20,THRUSTER_TEMP_1,21.241,0,none
2025-01-01 11:00:40,THRUSTER_TEMP_1,24.053,0,none
2025-01-01 11:09:00,THRUSTER_TEMP_1,21.0236,0,none
2025-01-01 11:17:20,THRUSTER_TEMP_1,20.7843,0,none
2025-01-01 11:25:40,THRUSTER_TEMP_1,22.1629,0,none
2025-01-01 11:34:00,THRUSTER_TEMP_1,18.9998,0,none
2025-01-01 11:42:20,THRUSTER_TEMP_1,20.7844,0,none
2025-01-01 11:50:40,THRUSTER_TEMP_1,20.2027,0,none
2025-01-01 11:59:00,THRUSTER_TEMP_1,23.0698,0,none
2025-01-01 12:07:20,THRUSTER_TEMP_1,20.8546,0,none
2025-01-01 12:15:40,THRUSTER_TEMP_1,20.3928,0,none
2025-01-01 12:24:00,THRUSTER_TEMP_1,19.1626,0,none
2025-01-01 12:32:20,THRUSTER_TEMP_1,19.5705,0,none
2025-01-01 12:40:40,THRUSTER_TEMP_1,22.2572,0,none
2025-01-01 12:49:00,THRUSTER_TEMP_1,20.785,0,none
2025-01-01 12:57:20,THRUSTER_TEMP_1,19.0967,0,none
2025-01-01 13:05:40,THRUSTER_TEMP_1,18.9955,0,none
2025-01-01 13:14:00,THRUSTER_TEMP_1,18.9474,0,none
2025-01-01 13:22:20,THRUSTER_TEMP_1,20.5003,0,none
2025-01-01 13:30:40,THRUSTER_TEMP_1,19.7893,0,none
2025-01-01 13:39:00,THRUSTER_TEMP_1,20.0933,0,none
2025-01-01 13:47:20,THRUSTER_TEMP_1,22.0728,0,none
2025-01-01 13:55:40,THRUSTER_TEMP_1,21.5085,0,none
2025-01-01 14:04:00,THRUSTER_TEMP_1,20.1002,0,none
2025-01-01 14:12:20,THRUSTER_TEMP_1,18.8527,0,none
2025-01-01 14:20:40,THRUSTER_TEMP_1,20.8168,0,none
2025-01-01 14:29:00,THRUSTER_TEMP_1,21.8583,0,none
2025-01-01 14:37:20,THRUSTER_TEMP_1,20.7934,0,none
2025-01-01 14:45:40,THRUSTER_TEMP_1,18.381,0,none
2025-01-01 14:54:00,THRUSTER_TEMP_1,19.2512,0,none
2025-01-01 15:02:20,THRUSTER_TEMP_1,20.5548,0,none
2025-01-01 15:10:40,THRUSTER_TEMP_1,20.9057,0,none
2025-01-01 15:19:00,THRUSTER_TEMP_1,19.1868,0,none
2025-01-01 15:27:20,THRUSTER_TEMP_1,18.3022,0,none
2025-01-01 15:35:40,THRUSTER_TEMP_1,20.49,0,none
2025-01-01 15:44:00,THRUSTER_TEMP_1,19.4633,0,none
2025-01-01 15:52:20,THRUSTER_TEMP_1,18.8466,0,none
2025-01-01 16:00:40,THRUSTER_TEMP_1,20.7546,0,none
2025-01-01 16:09:00,THRUSTER_TEMP_1,18.7716,0,none
2025-01-01 16:17:20,THRUSTER_TEMP_1,19.4436,0,none
2025-01-01 16:25:40,THRUSTER_TEMP_1,18.908,0,none
2025-01-01 16:34:00,THRUSTER_TEMP_1,19.7529,0,none
2025-01-01 16:42:20,THRUSTER_TEMP_1,24.2745,0,none
2025-01-01 16:50:40,THRUSTER_TEMP_1,18.061,0,none
2025-01-01 16:59:00,THRUSTER_TEMP_1,18.7489,0,none
2025-01-01 17:07:20,THRUSTER_TEMP_1,19.7923,0,none
2025-01-01 17:15:40,THRUSTER_TEMP_1,19.0882,0,none
2025-01-01 17:24:00,THRUSTER_TEMP_1,19.3973,0,none
2025-01-01 17:32:20,THRUSTER_TEMP_1,19.5785,0,none
2025-01-01 17:40:40,THRUSTER_TEMP_1,18.2052,0,none
2025-01-01 17:49:00,THRUSTER_TEMP_1,20.2147,0,none
2025-01-01 17:57:20,THRUSTER_TEMP_1,19.8113,0,none
2025-01-01 18:05:40,THRUSTER_TEMP_1,19.5379,0,none
2025-01-01 18:14:00,THRUSTER_TEMP_1,24.2794,0,none
2025-01-01 18:22:20,THRUSTER_TEMP_1,19.3979,0,none
2025-01-01 18:30:40,THRUSTER_TEMP_1,19.4649,0,none
2025-01-01 18:39:00,THRUSTER_TEMP_1,23.0181,0,none
2025-01-01 18:47:20,THRUSTER_TEMP_1,20.1361,0,none
2025-01-01 18:55:40,THRUSTER_TEMP_1,25.6422,0,none
2025-01-01 19:04:00,THRUSTER_TEMP_1,26.0283,0,none
2025-01-01 19:12:20,THRUSTER_TEMP_1,18.4417,0,none
2025-01-01 19:20:40,THRUSTER_TEMP_1,26.1591,0,none
2025-01-01 19:29:00,THRUSTER_TEMP_1,19.5557,0,none
2025-01-01 19:37:20,THRUSTER_TEMP_1,24.0871,0,none
2025-01-01 19:45:40,THRUSTER_TEMP_1,20.8521,0,none
2025-01-01 19:54:00,THRUSTER_TEMP_1,19.7606,0,none
2025-01-01 20:02:20,THRUSTER_TEMP_1,20.3691,0,none
2025-01-01 20:10:40,THRUSTER_TEMP_1,18.1933,0,none
2025-01-01 20:19:00,THRUSTER_TEMP_1,25.406,0,none
2025-01-01 20:27:20,THRUSTER_TEMP_1,21.5987,0,none
2025-01-01 20:35:40,THRUSTER_TEMP_1,16.9949,0,none
2025-01-01 20:44:00,THRUSTER_TEMP_1,19.9216,0,none
2025-01-01 20:52:20,THRUSTER_TEMP_1,21.8392,0,none
2025-01-01 21:00:40,THRUSTER_TEMP_1,20.5071,0,none
2025-01-01 21:09:00,THRUSTER_TEMP_1,24.2079,0,none
2025-01-01 21:17:20,THRUSTER_TEMP_1,24.1751,0,none
2025-01-01 21:25:40,THRUSTER_TEMP_1,23.4463,0,none
2025-01-01 21:34:00,THRUSTER_TEMP_1,18.4131,0,none
2025-01-01 21:42:20,THRUSTER_TEMP_1,25.3642,0,none
2025-01-01 21:50:40,THRUSTER_TEMP_1,24.2033,0,none
2025-01-01 21:59:00,THRUSTER_TEMP_1,25.2699,0,none
2025-01-01 22:07:20,THRUSTER_TEMP_1,25.4908,0,none
2025-01-01 22:15:40,THRUSTER_TEMP_1,20.1827,0,none
2025-01-01 22:24:00,THRUSTER_TEMP_1,21.0595,0,none
2025-01-01 22:32:20,THRUSTER_TEMP_1,26.3964,0,none
2025-01-01 22:40:40,THRUSTER_TEMP_1,25.743,0,none
2025-01-01 22:49:00,THRUSTER_TEMP_1,23.9545,0,none
2025-01-01 22:57:20,THRUSTER_TEMP_1,21.3132,0,none
2025-01-01 23:05:40,THRUSTER_TEMP_1,23.7564,0,none
2025-01-01 23:14:00,THRUSTER_TEMP_1,22.9366,0,none
2025-01-01 23:22:20,THRUSTER_TEMP_1,19.1079,0,none
2025-01-01 23:30:40,THRUSTER_TEMP_1,26.2449,0,none
2025-01-01 23:39:00,THRUSTER_TEMP_1,20.8339,0,none
2025-01-01 23:47:20,THRUSTER_TEMP_1,24.7504,0,none
2025-01-01 23:55:40,THRUSTER_TEMP_1,25.5015,0,none
2025-01-02 00:04:00,THRUSTER_TEMP_1,24.5493,0,none
2025-01-02 00:12:20,THRUSTER_TEMP_1,20.4475,0,none
2025-01-02 00:20:40,THRUSTER_TEMP_1,25.3279,0,none
2025-01-02 00:29:00,THRUSTER_TEMP_1,25.2462,0,none
2025-01-02 00:37:20,THRUSTER_TEMP_1,25.9911,0,none
2025-01-02 00:45:40,THRUSTER_TEMP_1,25.7364,0,none
2025-01-02 00:54:00,THRUSTER_TEMP_1,26.4854,0,none
2025-01-02 01:02:20,THRUSTER_TEMP_1,25.0394,0,none
2025-01-02 01:10:40,THRUSTER_TEMP_1,24.985,0,none
2025-01-02 01:19:00,THRUSTER_TEMP_1,25.0489,0,none
2025-01-02 01:27:20,THRUSTER_TEMP_1,25.5626,0,none
2025-01-02 01:35:40,THRUSTER_TEMP_1,25.4684,0,none
2025-01-02 01:44:00,THRUSTER_TEMP_1,21.7863,0,none
2025-01-02 01:52:20,THRUSTER_TEMP_1,25.1272,0,none
2025-01-02 02:00:40,THRUSTER_TEMP_1,25.3629,0,none
2025-01-02 02:09:00,THRUSTER_TEMP_1,25.3608,0,none
2025-01-02 02:17:20,THRUSTER_TEMP_1,25.8035,0,none
2025-01-02 02:25:40,THRUSTER_TEMP_1,25.9573,0,none
2025-01-02 02:34:00,THRUSTER_TEMP_1,23.1858,0,none
2025-01-02 02:42:20,THRUSTER_TEMP_1,26.5379,0,none
2025-01-02 02:50:40,THRUSTER_TEMP_1,26.6066,0,none
2025-01-02 02:59:00,THRUSTER_TEMP_1,25.6573,0,none
2025-01-02 03:07:20,THRUSTER_TEMP_1,27.3358,0,none
2025-01-02 03:15:40,THRUSTER_TEMP_1,21.5166,0,none
2025-01-02 03:24:00,THRUSTER_TEMP_1,22.8927,0,none
2025-01-02 03:32:20,THRUSTER_TEMP_1,25.0917,0,none
2025-01-02 03:40:40,THRUSTER_TEMP_1,25.6317,0,none
2025-01-01 00:02:30,THRUSTER_TEMP_2,24.2348,0,none
2025-01-01 00:10:50,THRUSTER_TEMP_2,25.0175,0,none
2025-01-01 00:19:10,THRUSTER_TEMP_2,26.4737,0,none
2025-01-01 00:27:30,THRUSTER_TEMP_2,23.8822,0,none
2025-01-01 00:35:50,THRUSTER_TEMP_2,23.9957,0,none
2025-01-01 00:44:10,THRUSTER_TEMP_2,22.5147,0,none
2025-01-01 00:52:30,THRUSTER_TEMP_2,24.4534,0,none
2025-01-01 01:00:50,THRUSTER_TEMP_2,25.3562,0,none
2025-01-01 01:09:10,THRUSTER_TEMP_2,25.6269,0,none
2025-01-01 01:17:30,THRUSTER_TEMP_2,25.0258,0,none
2025-01-01 01:25:50,THRUSTER_TEMP_2,21.0959,0,none
2025-01-01 01:34:10,THRUSTER_TEMP_2,25.5685,0,none
2025-01-01 01:42:30,THRUSTER_TEMP_2,25.7774,0,none
2025-01-01 01:50:50,THRUSTER_TEMP_2,25.3602,0,none
2025-01-01 01:59:10,THRUSTER_TEMP_2,26.6259,0,none
2025-01-01 02:07:30,THRUSTER_TEMP_2,25.4266,0,none
2025-01-01 02:15:50,THRUSTER_TEMP_2,20.1912,0,none
2025-01-01 02:24:10,THRUSTER_TEMP_2,22.7367,0,none
2025-01-01 02:32:30,THRUSTER_TEMP_2,24.0225,0,none
2025-01-01 02:40:50,THRUSTER_TEMP_2,24.5585,0,none
2025-01-01 02:49:10,THRUSTER_TEMP_2,23.787,0,none
2025-01-01 02:57:30,THRUSTER_TEMP_2,25.4084,0,none
2025-01-01 03:05:50,THRUSTER_TEMP_2,25.9177,0,none
2025-01-01 03:14:10,THRUSTER_TEMP_2,24.4907,0,none
2025-01-01 03:22:30,THRUSTER_TEMP_2,20.4501,0,none
2025-01-01 03:30:50,THRUSTER_TEMP_2,21.8176,0,none
2025-01-01 03:39:10,THRUSTER_TEMP_2,25.9704,0,none
2025-01-01 03:47:30,THRUSTER_TEMP_2,25.0547,0,none
2025-01-01 03:55:50,THRUSTER_TEMP_2,25.675,0,none
2025-01-01 04:04:10,THRUSTER_TEMP_2,25.4049,0,none
2025-01-01 04:12:30,THRUSTER_TEMP_2,23.0198,0,none
2025-01-01 04:20:50,THRUSTER_TEMP_2,24.3817,0,none
2025-01-01 04:29:10,THRUSTER_TEMP_2,25.1336,0,none
2025-01-01 04:37:30,THRUSTER_TEMP_2,21.2529,0,none
2025-01-01 04:45:50,THRUSTER_TEMP_2,20.6957,0,none
2025-01-01 04:54:10,THRUSTER_TEMP_2,25.581,0,none
2025-01-01 05:02:30,THRUSTER_TEMP_2,20.102,0,none
2025-01-01 05:10:50,THRUSTER_TEMP_2,18.7065,0,none
2025-01-01 05:19:10,THRUSTER_TEMP_2,22.7013,0,none
2025-01-01 05:27:30,THRUSTER_TEMP_2,23.2142,0,none
2025-01-01 05:35:50,THRUSTER_TEMP_2,19.6975,0,none
2025-01-01 05:44:10,THRUSTER_TEMP_2,24.0526,0,none
2025-01-01 05:52:30,THRUSTER_TEMP_2,19.1592,0,none
2025-01-01 06:00:50,THRUSTER_TEMP_2,24.7844,0,none
2025-01-01 06:09:10,THRUSTER_TEMP_2,22.1663,0,none
2025-01-01 06:17:30,THRUSTER_TEMP_2,20.1113,0,none
2025-01-01 06:25:50,THRUSTER_TEMP_2,19.7321,0,none
2025-01-01 06:34:10,THRUSTER_TEMP_2,19.1713,0,none
2025-01-01 06:42:30,THRUSTER_TEMP_2,26.0212,0,none
2025-01-01 06:50:50,THRUSTER_TEMP_2,21.5113,0,none
2025-01-01 06:59:10,THRUSTER_TEMP_2,24.2851,0,none
2025-01-01 07:07:30,THRUSTER_TEMP_2,22.6528,0,none
2025-01-01 07:15:50,THRUSTER_TEMP_2,24.1269,0,none
2025-01-01 07:24:10,THRUSTER_TEMP_2,24.7293,0,none
2025-01-01 07:32:30,THRUSTER_TEMP_2,19.1063,0,none
2025-01-01 07:40:50,THRUSTER_TEMP_2,24.9267,0,none
2025-01-01 07:49:10,THRUSTER_TEMP_2,19.4095,0,none
2025-01-01 07:57:30,THRUSTER_TEMP_2,26.191,0,none
2025-01-01 08:05:50,THRUSTER_TEMP_2,22.8262,0,none
2025-01-01 08:14:10,THRUSTER_TEMP_2,25.2885,0,none
2025-01-01 08:22:30,THRUSTER_TEMP_2,21.1121,0,none
2025-01-01 08:30:50,THRUSTER_TEMP_2,22.7089,0,none
2025-01-01 08:39:10,THRUSTER_TEMP_2,21.1766,0,none
2025-01-01 08:47:30,THRUSTER_TEMP_2,22.0052,0,none
2025-01-01 08:55:50,THRUSTER_TEMP_2,19.003,0,none
2025-01-01 09:04:10,THRUSTER_TEMP_2,22.8885,0,none
2025-01-01 09:12:30,THRUSTER_TEMP_2,18.2166,0,none
2025-01-01 09:20:50,THRUSTER_TEMP_2,18.7767,0,none
2025-01-01 09:29:10,THRUSTER_TEMP_2,19.8221,0,none
2025-01-01 09:37:30,THRUSTER_TEMP_2,19.8628,0,none
2025-01-01 09:45:50,THRUSTER_TEMP_2,19.4322,0,none
2025-01-01 09:54:10,THRUSTER_TEMP_2,18.6795,0,none
2025-01-01 10:02:30,THRUSTER_TEMP_2,20.1057,0,none
2025-01-01 10:10:50,THRUSTER_TEMP_2,20.1363,0,none
2025-01-01 10:19:10,THRUSTER_TEMP_2,18.64,0,none
2025-01-01 10:27:30,THRUSTER_TEMP_2,19.3889,0,none
2025-01-01 10:35:50,THRUSTER_TEMP_2,23.4983,0,none
2025-01-01 10:44:10,THRUSTER_TEMP_2,20.7736,0,none
2025-01-01 10:52:30,THRUSTER_TEMP_2,18.6918,0,none
2025-01-01 11:00:50,THRUSTER_TEMP_2,20.1482,0,none
2025-01-01 11:09:10,THRUSTER_TEMP_2,19.1971,0,none
2025-01-01 11:17:30,THRUSTER_TEMP_2,20.2908,0,none
2025-01-01 11:25:50,THRUSTER_TEMP_2,18.8179,0,none
2025-01-01 11:34:10,THRUSTER_TEMP_2,18.6547,0,none
2025-01-01 11:42:30,THRUSTER_TEMP_2,18.8031,0,none
2025-01-01 11:50:50,THRUSTER_TEMP_2,23.4772,0,none
2025-01-01 11:59:10,THRUSTER_TEMP_2,22.9585,0,none
2025-01-01 12:07:30,THRUSTER_TEMP_2,23.7492,0,none
2025-01-01 12:15:50,THRUSTER_TEMP_2,21.6555,0,none
2025-01-01 12:24:10,THRUSTER_TEMP_2,19.2924,0,none
2025-01-01 12:32:30,THRUSTER_TEMP_2,21.4834,0,none
2025-01-01 12:40:50,THRUSTER_TEMP_2,19.4315,0,none
2025-01-01 12:49:10,THRUSTER_TEMP_2,20.8562,0,none
2025-01-01 12:57:30,THRUSTER_TEMP_2,20.6478,0,none
2025-01-01 13:05:50,THRUSTER_TEMP_2,19.6328,0,none
2025-01-01 13:14:10,THRUSTER_TEMP_2,19.3182,0,none
2025-01-01 13:22:30,THRUSTER_TEMP_2,19.8766,0,none
2025-01-01 13:30:50,THRUSTER_TEMP_2,22.718,0,none
2025-01-01 13:39:10,THRUSTER_TEMP_2,22.7024,0,none
2025-01-01 13:47:30,THRUSTER_TEMP_2,20.902,0,none
2025-01-01 13:55:50,THRUSTER_TEMP_2,18.8858,0,none
2025-01-01 14:04:10,THRUSTER_TEMP_2,19.578,0,none
2025-01-01 14:12:30,THRUSTER_TEMP_2,20.7152,0,none
2025-01-01 14:20:50,THRUSTER_TEMP_2,20.6361,0,none
2025-01-01 14:29:10,THRUSTER_TEMP_2,18.6556,0,none
2025-01-01 14:37:30,THRUSTER_TEMP_2,18.9588,0,none
2025-01-01 14:45:50,THRUSTER_TEMP_2,22.039,0,none
2025-01-01 14:54:10,THRUSTER_TEMP_2,18.1526,0,none
2025-01-01 15:02:30,THRUSTER_TEMP_2,19.9938,0,none
2025-01-01 15:10:50,THRUSTER_TEMP_2,20.4562,0,none
2025-01-01 15:19:10,THRUSTER_TEMP_2,21.2067,0,none
2025-01-01 15:27:30,THRUSTER_TEMP_2,21.6879,0,none
2025-01-01 15:35:50,THRUSTER_TEMP_2,20.6148,0,none
2025-01-01 15:44:10,THRUSTER_TEMP_2,23.8269,0,none
2025-01-01 15:52:30,THRUSTER_TEMP_2,22.8282,0,none
2025-01-01 16:00:50,THRUSTER_TEMP_2,18.1185,0,none
2025-01-01 16:09:10,THRUSTER_TEMP_2,18.5974,0,none
2025-01-01 16:17:30,THRUSTER_TEMP_2,19.3918,0,none
2025-01-01 16:25:50,THRUSTER_TEMP_2,19.4738,0,none
2025-01-01 16:34:10,THRUSTER_TEMP_2,18.5171,0,none
2025-01-01 16:42:30,THRUSTER_TEMP_2,19.9344,0,none
2025-01-01 16:50:50,THRUSTER_TEMP_2,18.7188,0,none
2025-01-01 16:59:10,THRUSTER_TEMP_2,18.6711,0,none
2025-01-01 17:07:30,THRUSTER_TEMP_2,23.7166,0,none
2025-01-01 17:15:50,THRUSTER_TEMP_2,18.6663,0,none
2025-01-01 17:24:10,THRUSTER_TEMP_2,21.6607,0,none
2025-01-01 17:32:30,THRUSTER_TEMP_2,20.0363,0,none
2025-01-01 17:40:50,THRUSTER_TEMP_2,19.04,0,none
2025-01-01 17:49:10,THRUSTER_TEMP_2,22.6728,0,none
2025-01-01 17:57:30,THRUSTER_TEMP_2,21.0231,0,none
2025-01-01 18:05:50,THRUSTER_TEMP_2,19.5967,0,none
2025-01-01 18:14:10,THRUSTER_TEMP_2,19.8196,0,none
2025-01-01 18:22:30,THRUSTER_TEMP_2,24.866,0,none
2025-01-01 18:30:50,THRUSTER_TEMP_2,25.1701,0,none
2025-01-01 18:39:10,THRUSTER_TEMP_2,22.1062,0,none
2025-01-01 18:47:30,THRUSTER_TEMP_2,22.0779,0,none
2025-01-01 18:55:50,THRUSTER_TEMP_2,18.9265,0,none
2025-01-01 19:04:10,THRUSTER_TEMP_2,18.6763,0,none
2025-01-01 19:12:30,THRUSTER_TEMP_2,24.5305,0,none
2025-01-01 19:20:50,THRUSTER_TEMP_2,19.1532,0,none
2025-01-01 19:29:10,THRUSTER_TEMP_2,21.2821,0,none
2025-01-01 19:37:30,THRUSTER_TEMP_2,22.5982,0,none
2025-01-01 19:45:50,THRUSTER_TEMP_2,22.934,0,none
2025-01-01 19:54:10,THRUSTER_TEMP_2,18.6968,0,none
2025-01-01 20:02:30,THRUSTER_TEMP_2,18.7526,0,none
2025-01-01 20:10:50,THRUSTER_TEMP_2,24.3144,0,none
2025-01-01 20:19:10,THRUSTER_TEMP_2,18.6463,0,none
2025-01-01 20:27:30,THRUSTER_TEMP_2,24.0114,0,none
2025-01-01 20:35:50,THRUSTER_TEMP_2,20.0147,0,none
2025-01-01 20:44:10,THRUSTER_TEMP_2,17.6332,0,none
2025-01-01 20:52:30,THRUSTER_TEMP_2,20.0583,0,none
2025-01-01 21:00:50,THRUSTER_TEMP_2,25.941,0,none
2025-01-01 21:09:10,THRUSTER_TEMP_2,21.0959,0,none
2025-01-01 21:17:30,THRUSTER_TEMP_2,23.6729,0,none
2025-01-01 21:25:50,THRUSTER_TEMP_2,25.0732,0,none
2025-01-01 21:34:10,THRUSTER_TEMP_2,25.9953,0,none
2025-01-01 21:42:30,THRUSTER_TEMP_2,25.1903,0,none
2025-01-01 21:50:50,THRUSTER_TEMP_2,25.2548,0,none
2025-01-01 21:59:10,THRUSTER_TEMP_2,26.4602,0,none
2025-01-01 22:07:30,THRUSTER_TEMP_2,22.032,0,none
2025-01-01 22:15:50,THRUSTER_TEMP_2,22.9781,0,none
2025-01-01 22:24:10,THRUSTER_TEMP_2,25.4638,0,none
2025-01-01 22:32:30,THRUSTER_TEMP_2,24.4715,0,none
2025-01-01 22:40:50,THRUSTER_TEMP_2,20.7802,0,none
2025-01-01 22:49:10,THRUSTER_TEMP_2,23.7447,0,none
2025-01-01 22:57:30,THRUSTER_TEMP_2,19.6645,0,none
2025-01-01 23:05:50,THRUSTER_TEMP_2,26.5706,0,none
2025-01-01 23:14:10,THRUSTER_TEMP_2,19.0503,0,none
2025-01-01 23:22:30,THRUSTER_TEMP_2,26.1335,0,none
2025-01-01 23:30:50,THRUSTER_TEMP_2,24.6206,0,none
2025-01-01 23:39:10,THRUSTER_TEMP_2,21.908,0,none
2025-01-01 23:47:30,THRUSTER_TEMP_2,25.7451,0,none
2025-01-01 23:55:50,THRUSTER_TEMP_2,21.6001,0,none
2025-01-02 00:04:10,THRUSTER_TEMP_2,23.2399,0,none
2025-01-02 00:12:30,THRUSTER_TEMP_2,26.2354,0,none
2025-01-02 00:20:50,THRUSTER_TEMP_2,26.8724,0,none
2025-01-02 00:29:10,THRUSTER_TEMP_2,26.2126,0,none
2025-01-02 00:37:30,THRUSTER_TEMP_2,20.0916,0,none
2025-01-02 00:45:50,THRUSTER_TEMP_2,25.2328,0,none
2025-01-02 00:54:10,THRUSTER_TEMP_2,25.7742,0,none
2025-01-02 01:02:30,THRUSTER_TEMP_2,25.9337,0,none
2025-01-02 01:10:50,THRUSTER_TEMP_2,25.4327,0,none
2025-01-02 01:19:10,THRUSTER_TEMP_2,23.9637,0,none
2025-01-02 01:27:30,THRUSTER_TEMP_2,24.9069,0,none
2025-01-02 01:35:50,THRUSTER_TEMP_2,24.1863,0,none
2025-01-02 01:44:10,THRUSTER_TEMP_2,25.4455,0,none
2025-01-02 01:52:30,THRUSTER_TEMP_2,23.1802,0,none
2025-01-02 02:00:50,THRUSTER_TEMP_2,26.3365,0,none
2025-01-02 02:09:10,THRUSTER_TEMP_2,25.8466,0,none
2025-01-02 02:17:30,THRUSTER_TEMP_2,21.6181,0,none
2025-01-02 02:25:50,THRUSTER_TEMP_2,25.4857,0,none
2025-01-02 02:34:10,THRUSTER_TEMP_2,22.9191,0,none
2025-01-02 02:42:30,THRUSTER_TEMP_2,24.4717,0,none
2025-01-02 02:50:50,THRUSTER_TEMP_2,26.5265,0,none
2025-01-02 02:59:10,THRUSTER_TEMP_2,24.2598,0,none
2025-01-02 03:07:30,THRUSTER_TEMP_2,24.328,0,none
2025-01-02 03:15:50,THRUSTER_TEMP_2,24.8178,0,none
2025-01-02 03:24:10,THRUSTER_TEMP_2,22.3886,0,none
2025-01-02 03:32:30,THRUSTER_TEMP_2,24.8369,0,none
2025-01-02 03:40:50,THRUSTER_TEMP_2,23.6897,0,none
2025-01-01 00:08:10,THRUSTER_VALVE_TEMP,19.5616,0,none
2025-01-01 00:16:30,THRUSTER_VALVE_TEMP,20.6925,0,none
2025-01-01 00:24:50,THRUSTER_VALVE_TEMP,19.1706,0,none
2025-01-01 00:33:10,THRUSTER_VALVE_TEMP,18.0578,0,none
2025-01-01 00:41:30,THRUSTER_VALVE_TEMP,21.3422,0,none
2025-01-01 00:49:50,THRUSTER_VALVE_TEMP,21.3797,0,none
2025-01-01 00:58:10,THRUSTER_VALVE_TEMP,18.0192,0,none
2025-01-01 01:06:30,THRUSTER_VALVE_TEMP,20.913,0,none
2025-01-01 01:14:50,THRUSTER_VALVE_TEMP,20.8387,0,none
2025-01-01 01:23:10,THRUSTER_VALVE_TEMP,20.084,0,none
2025-01-01 01:31:30,THRUSTER_VALVE_TEMP,19.5721,0,none
2025-01-01 01:39:50,THRUSTER_VALVE_TEMP,21.8197,0,none
2025-01-01 01:48:10,THRUSTER_VALVE_TEMP,17.0692,0,none
2025-01-01 01:56:30,THRUSTER_VALVE_TEMP,15.9615,0,none
2025-01-01 02:04:50,THRUSTER_VALVE_TEMP,20.472,0,none
2025-01-01 02:13:10,THRUSTER_VALVE_TEMP,20.497,0,none
2025-01-01 02:21:30,THRUSTER_VALVE_TEMP,18.9612,0,none
2025-01-01 02:29:50,THRUSTER_VALVE_TEMP,16.0234,0,none
2025-01-01 02:38:10,THRUSTER_VALVE_TEMP,20.5399,0,none
2025-01-01 02:46:30,THRUSTER_VALVE_TEMP,19.2814,0,none
2025-01-01 02:54:50,THRUSTER_VALVE_TEMP,16.018,0,none
2025-01-01 03:03:10,THRUSTER_VALVE_TEMP,18.3753,0,none
2025-01-01 03:11:30,THRUSTER_VALVE_TEMP,19.5556,0,none
2025-01-01 03:19:50,THRUSTER_VALVE_TEMP,15.224,0,none
2025-01-01 03:28:10,THRUSTER_VALVE_TEMP,20.379,0,none
2025-01-01 03:36:30,THRUSTER_VALVE_TEMP,21.6387,0,none
2025-01-01 03:44:50,THRUSTER_VALVE_TEMP,18.7945,0,none
2025-01-01 03:53:10,THRUSTER_VALVE_TEMP,22.2329,0,none
2025-01-01 04:01:30,THRUSTER_VALVE_TEMP,17.2607,0,none
2025-01-01 04:09:50,THRUSTER_VALVE_TEMP,15.5863,0,none
2025-01-01 04:18:10,THRUSTER_VALVE_TEMP,21.0273,0,none
2025-01-01 04:26:30,THRUSTER_VALVE_TEMP,21.1143,0,none
2025-01-01 04:34:50,THRUSTER_VALVE_TEMP,20.4206,0,none
2025-01-01 04:43:10,THRUSTER_VALVE_TEMP,20.3968,0,none
2025-01-01 04:51:30,THRUSTER_VALVE_TEMP,15.3755,0,none
2025-01-01 04:59:50,THRUSTER_VALVE_TEMP,13.2777,0,none
2025-01-01 05:08:10,THRUSTER_VALVE_TEMP,18.1476,0,none
2025-01-01 05:16:30,THRUSTER_VALVE_TEMP,14.68,0,none
2025-01-01 05:24:50,THRUSTER_VALVE_TEMP,14.7813,0,none
2025-01-01 05:33:10,THRUSTER_VALVE_TEMP,16.0201,0,none
2025-01-01 05:41:30,THRUSTER_VALVE_TEMP,18.4177,0,none
2025-01-01 05:49:50,THRUSTER_VALVE_TEMP,20.3492,0,none
2025-01-01 05:58:10,THRUSTER_VALVE_TEMP,21.9344,0,none
2025-01-01 06:06:30,THRUSTER_VALVE_TEMP,14.4696,0,none
2025-01-01 06:14:50,THRUSTER_VALVE_TEMP,16.4002,0,none
2025-01-01 06:23:10,THRUSTER_VALVE_TEMP,20.2356,0,none
2025-01-01 06:31:30,THRUSTER_VALVE_TEMP,14.3144,0,none
2025-01-01 06:39:50,THRUSTER_VALVE_TEMP,13.7889,0,none
2025-01-01 06:48:10,THRUSTER_VALVE_TEMP,14.0804,0,none
2025-01-01 06:56:30,THRUSTER_VALVE_TEMP,20.4451,0,none
2025-01-01 07:04:50,THRUSTER_VALVE_TEMP,14.9478,0,none
2025-01-01 07:13:10,THRUSTER_VALVE_TEMP,15.7459,0,none
2025-01-01 07:21:30,THRUSTER_VALVE_TEMP,20.5714,0,none
2025-01-01 07:29:50,THRUSTER_VALVE_TEMP,13.2344,0,none
2025-01-01 07:38:10,THRUSTER_VALVE_TEMP,14.3924,0,none
2025-01-01 07:46:30,THRUSTER_VALVE_TEMP,14.8616,0,none
2025-01-01 07:54:50,THRUSTER_VALVE_TEMP,19.4067,0,none
2025-01-01 08:03:10,THRUSTER_VALVE_TEMP,17.2435,0,none
2025-01-01 08:11:30,THRUSTER_VALVE_TEMP,19.5239,0,none
2025-01-01 08:19:50,THRUSTER_VALVE_TEMP,16.5527,0,none
2025-01-01 08:28:10,THRUSTER_VALVE_TEMP,15.4701,0,none
2025-01-01 08:36:30,THRUSTER_VALVE_TEMP,17.1377,0,none
2025-01-01 08:44:50,THRUSTER_VALVE_TEMP,19.7102,0,none
2025-01-01 08:53:10,THRUSTER_VALVE_TEMP,20.6866,0,none
2025-01-01 09:01:30,THRUSTER_VALVE_TEMP,13.9946,0,none
2025-01-01 09:09:50,THRUSTER_VALVE_TEMP,15.9126,0,none
2025-01-01 09:18:10,THRUSTER_VALVE_TEMP,21.249,0,none
2025-01-01 09:26:30,THRUSTER_VALVE_TEMP,13.5266,0,none
2025-01-01 09:34:50,THRUSTER_VALVE_TEMP,18.6926,0,none
2025-01-01 09:43:10,THRUSTER_VALVE_TEMP,16.1949,0,none
2025-01-01 09:51:30,THRUSTER_VALVE_TEMP,13.8031,0,none
2025-01-01 09:59:50,THRUSTER_VALVE_TEMP,15.9807,0,none
2025-01-01 10:08:10,THRUSTER_VALVE_TEMP,17.5401,0,none
2025-01-01 10:16:30,THRUSTER_VALVE_TEMP,15.1487,0,none
2025-01-01 10:24:50,THRUSTER_VALVE_TEMP,13.5318,0,none
2025-01-01 10:33:10,THRUSTER_VALVE_TEMP,13.4185,0,none
2025-01-01 10:41:30,THRUSTER_VALVE_TEMP,16.3334,0,none
2025-01-01 10:49:50,THRUSTER_VALVE_TEMP,13.7489,0,none
2025-01-01 10:58:10,THRUSTER_VALVE_TEMP,20.3493,0,none
2025-01-01 11:06:30,THRUSTER_VALVE_TEMP,18.9224,0,none
2025-01-01 11:14:50,THRUSTER_VALVE_TEMP,14.1411,0,none
2025-01-01 11:23:10,THRUSTER_VALVE_TEMP,18.0054,0,none
2025-01-01 11:31:30,THRUSTER_VALVE_TEMP,15.7909,0,none
2025-01-01 11:39:50,THRUSTER_VALVE_TEMP,14.716,0,none
2025-01-01 11:48:10,THRUSTER_VALVE_TEMP,17.7195,0,none
2025-01-01 11:56:30,THRUSTER_VALVE_TEMP,18.2243,0,none
2025-01-01 12:04:50,THRUSTER_VALVE_TEMP,17.1907,0,none
2025-01-01 12:13:10,THRUSTER_VALVE_TEMP,14.8417,0,none
2025-01-01 12:21:30,THRUSTER_VALVE_TEMP,17.9294,0,none
2025-01-01 12:29:50,THRUSTER_VALVE_TEMP,16.4531,0,none
2025-01-01 12:38:10,THRUSTER_VALVE_TEMP,14.1124,0,none
2025-01-01 12:46:30,THRUSTER_VALVE_TEMP,14.3746,0,none
2025-01-01 12:54:50,THRUSTER_VALVE_TEMP,15.443,0,none
2025-01-01 13:03:10,THRUSTER_VALVE_TEMP,15.9495,0,none
2025-01-01 13:11:30,THRUSTER_VALVE_TEMP,16.5299,0,none
2025-01-01 13:19:50,THRUSTER_VALVE_TEMP,16.1424,0,none
2025-01-01 13:28:10,THRUSTER_VALVE_TEMP,16.8993,0,none
2025-01-01 13:36:30,THRUSTER_VALVE_TEMP,15.5081,0,none
2025-01-01 13:44:50,THRUSTER_VALVE_TEMP,14.5765,0,none
2025-01-01 13:53:10,THRUSTER_VALVE_TEMP,14.0869,0,none
2025-01-01 14:01:30,THRUSTER_VALVE_TEMP,14.4254,0,none
2025-01-01 14:09:50,THRUSTER_VALVE_TEMP,14.0584,0,none
2025-01-01 14:18:10,THRUSTER_VALVE_TEMP,13.5861,0,none
2025-01-01 14:26:30,THRUSTER_VALVE_TEMP,15.3598,0,none
2025-01-01 14:34:50,THRUSTER_VALVE_TEMP,17.4443,0,none
2025-01-01 14:43:10,THRUSTER_VALVE_TEMP,12.5754,0,none
2025-01-01 14:51:30,THRUSTER_VALVE_TEMP,16.7009,0,none
2025-01-01 14:59:50,THRUSTER_VALVE_TEMP,14.1791,0,none
2025-01-01 15:08:10,THRUSTER_VALVE_TEMP,14.0079,0,none
2025-01-01 15:16:30,THRUSTER_VALVE_TEMP,14.063,0,none
2025-01-01 15:24:50,THRUSTER_VALVE_TEMP,19.1291,0,none
2025-01-01 15:33:10,THRUSTER_VALVE_TEMP,14.7444,0,none
2025-01-01 15:41:30,THRUSTER_VALVE_TEMP,15.5281,0,none
2025-01-01 15:49:50,THRUSTER_VALVE_TEMP,15.6319,0,none
2025-01-01 15:58:10,THRUSTER_VALVE_TEMP,13.7338,0,none
2025-01-01 16:06:30,THRUSTER_VALVE_TEMP,15.3071,0,none
2025-01-01 16:14:50,THRUSTER_VALVE_TEMP,16.7041,0,none
2025-01-01 16:23:10,THRUSTER_VALVE_TEMP,14.7081,0,none
2025-01-01 16:31:30,THRUSTER_VALVE_TEMP,13.8044,0,none
2025-01-01 16:39:50,THRUSTER_VALVE_TEMP,19.0976,0,none
2025-01-01 16:48:10,THRUSTER_VALVE_TEMP,16.1701,0,none
2025-01-01 16:56:30,THRUSTER_VALVE_TEMP,14.6707,0,none
2025-01-01 17:04:50,THRUSTER_VALVE_TEMP,16.5626,0,none
2025-01-01 17:13:10,THRUSTER_VALVE_TEMP,14.2186,0,none
2025-01-01 17:21:30,THRUSTER_VALVE_TEMP,14.2418,0,none
2025-01-01 17:29:50,THRUSTER_VALVE_TEMP,14.3297,0,none
2025-01-01 17:38:10,THRUSTER_VALVE_TEMP,16.2322,0,none
2025-01-01 17:46:30,THRUSTER_VALVE_TEMP,18.5231,0,none
2025-01-01 17:54:50,THRUSTER_VALVE_TEMP,15.586,0,none
2025-01-01 18:03:10,THRUSTER_VALVE_TEMP,14.2573,0,none
2025-01-01 18:11:30,THRUSTER_VALVE_TEMP,16.9472,0,none
2025-01-01 18:19:50,THRUSTER_VALVE_TEMP,13.3722,0,none
2025-01-01 18:28:10,THRUSTER_VALVE_TEMP,16.782,0,none
2025-01-01 18:36:30,THRUSTER_VALVE_TEMP,19.8909,0,none
2025-01-01 18:44:50,THRUSTER_VALVE_TEMP,14.5767,0,none
2025-01-01 18:53:10,THRUSTER_VALVE_TEMP,17.9811,0,none
2025-01-01 19:01:30,THRUSTER_VALVE_TEMP,14.0575,0,none
2025-01-01 19:09:50,THRUSTER_VALVE_TEMP,13.7429,0,none
2025-01-01 19:18:10,THRUSTER_VALVE_TEMP,21.6842,0,none
2025-01-01 19:26:30,THRUSTER_VALVE_TEMP,16.0074,0,none
2025-01-01 19:34:50,THRUSTER_VALVE_TEMP,18.8361,0,none
2025-01-01 19:43:10,THRUSTER_VALVE_TEMP,15.2034,0,none
2025-01-01 19:51:30,THRUSTER_VALVE_TEMP,14.3369,0,none
2025-01-01 19:59:50,THRUSTER_VALVE_TEMP,19.7672,0,none
2025-01-01 20:08:10,THRUSTER_VALVE_TEMP,20.8947,0,none
2025-01-01 20:16:30,THRUSTER_VALVE_TEMP,14.396,0,none
2025-01-01 20:24:50,THRUSTER_VALVE_TEMP,20.1216,0,none
2025-01-01 20:33:10,THRUSTER_VALVE_TEMP,18.7834,0,none
2025-01-01 20:41:30,THRUSTER_VALVE_TEMP,21.0194,0,none
2025-01-01 20:49:50,THRUSTER_VALVE_TEMP,14.7399,0,none
2025-01-01 20:58:10,THRUSTER_VALVE_TEMP,18.9816,0,none
2025-01-01 21:06:30,THRUSTER_VALVE_TEMP,16.7204,0,none
2025-01-01 21:14:50,THRUSTER_VALVE_TEMP,21.1194,0,none
2025-01-01 21:23:10,THRUSTER_VALVE_TEMP,19.8146,0,none
2025-01-01 21:31:30,THRUSTER_VALVE_TEMP,17.9952,0,none
2025-01-01 21:39:50,THRUSTER_VALVE_TEMP,21.8103,0,none
2025-01-01 21:48:10,THRUSTER_VALVE_TEMP,20.7658,0,none
2025-01-01 21:56:30,THRUSTER_VALVE_TEMP,19.9247,0,none
2025-01-01 22:04:50,THRUSTER_VALVE_TEMP,13.5593,0,none
2025-01-01 22:13:10,THRUSTER_VALVE_TEMP,21.1796,0,none
2025-01-01 22:21:30,THRUSTER_VALVE_TEMP,19.1934,0,none
2025-01-01 22:29:50,THRUSTER_VALVE_TEMP,14.766,0,none
2025-01-01 22:38:10,THRUSTER_VALVE_TEMP,21.6811,0,none
2025-01-01 22:46:30,THRUSTER_VALVE_TEMP,19.7537,0,none
2025-01-01 22:54:50,THRUSTER_VALVE_TEMP,21.5894,0,none
2025-01-01 23:03:10,THRUSTER_VALVE_TEMP,19.0897,0,none
2025-01-01 23:11:30,THRUSTER_VALVE_TEMP,15.6936,0,none
2025-01-01 23:19:50,THRUSTER_VALVE_TEMP,20.1753,0,none
2025-01-01 23:28:10,THRUSTER_VALVE_TEMP,17.9774,0,none
2025-01-01 23:36:30,THRUSTER_VALVE_TEMP,20.6384,0,none
2025-01-01 23:44:50,THRUSTER_VALVE_TEMP,16.1451,0,none
2025-01-01 23:53:10,THRUSTER_VALVE_TEMP,20.8085,0,none
2025-01-02 00:01:30,THRUSTER_VALVE_TEMP,20.5837,0,none
2025-01-02 00:09:50,THRUSTER_VALVE_TEMP,21.5706,0,none
2025-01-02 00:18:10,THRUSTER_VALVE_TEMP,20.5963,0,none
2025-01-02 00:26:30,THRUSTER_VALVE_TEMP,18.6759,0,none
2025-01-02 00:34:50,THRUSTER_VALVE_TEMP,18.7046,0,none
2025-01-02 00:43:10,THRUSTER_VALVE_TEMP,18.0242,0,none
2025-01-02 00:51:30,THRUSTER_VALVE_TEMP,15.7383,0,none
2025-01-02 00:59:50,THRUSTER_VALVE_TEMP,18.1295,0,none
2025-01-02 01:08:10,THRUSTER_VALVE_TEMP,19.4128,0,none
2025-01-02 01:16:30,THRUSTER_VALVE_TEMP,20.6983,0,none
2025-01-02 01:24:50,THRUSTER_VALVE_TEMP,17.2303,0,none
2025-01-02 01:33:10,THRUSTER_VALVE_TEMP,19.4837,0,none
2025-01-02 01:41:30,THRUSTER_VALVE_TEMP,18.8701,0,none
2025-01-02 01:49:50,THRUSTER_VALVE_TEMP,18.248,0,none
2025-01-02 01:58:10,THRUSTER_VALVE_TEMP,20.7754,0,none
2025-01-02 02:06:30,THRUSTER_VALVE_TEMP,20.4729,0,none
2025-01-02 02:14:50,THRUSTER_VALVE_TEMP,17.3242,0,none
2025-01-02 02:23:10,THRUSTER_VALVE_TEMP,20.3691,0,none
2025-01-02 02:31:30,THRUSTER_VALVE_TEMP,16.7621,0,none
2025-01-02 02:39:50,THRUSTER_VALVE_TEMP,18.5324,0,none
2025-01-02 02:48:10,THRUSTER_VALVE_TEMP,20.8362,0,none
2025-01-02 02:56:30,THRUSTER_VALVE_TEMP,18.1902,0,none
2025-01-02 03:04:50,THRUSTER_VALVE_TEMP,19.2501,0,none
2025-01-02 03:13:10,THRUSTER_VALVE_TEMP,20.0735,0,none
2025-01-02 03:21:30,THRUSTER_VALVE_TEMP,21.1337,0,none
2025-01-02 03:29:50,THRUSTER_VALVE_TEMP,22.3872,0,none
2025-01-02 03:38:10,THRUSTER_VALVE_TEMP,19.1444,0,none
2025-01-02 03:46:30,THRUSTER_VALVE_TEMP,22.3558,0,none
2025-01-01 00:03:10,TRANS_TEMP,43.3054,0,none
2025-01-01 00:11:30,TRANS_TEMP,42.802,0,none
2025-01-01 00:19:50,TRANS_TEMP,42.8489,0,none
2025-01-01 00:28:10,TRANS_TEMP,40.9168,0,none
2025-01-01 00:36:30,TRANS_TEMP,44.0239,0,none
2025-01-01 00:44:50,TRANS_TEMP,42.6995,0,none
2025-01-01 00:53:10,TRANS_TEMP,38.2336,0,none
2025-01-01 01:01:30,TRANS_TEMP,41.0841,0,none
2025-01-01 01:09:50,TRANS_TEMP,41.2418,0,none
2025-01-01 01:18:10,TRANS_TEMP,39.1281,0,none
2025-01-01 01:26:30,TRANS_TEMP,44.6001,0,none
2025-01-01 01:34:50,TRANS_TEMP,40.534,0,none
2025-01-01 01:43:10,TRANS_TEMP,44.0373,0,none
2025-01-01 01:51:30,TRANS_TEMP,36.5362,0,none
2025-01-01 01:59:50,TRANS_TEMP,37.5922,0,none
2025-01-01 02:08:10,TRANS_TEMP,42.466,0,none
2025-01-01 02:16:30,TRANS_TEMP,44.5315,0,none
2025-01-01 02:24:50,TRANS_TEMP,42.398,0,none
2025-01-01 02:33:10,TRANS_TEMP,40.2623,0,none
2025-01-01 02:41:30,TRANS_TEMP,40.9613,0,none
2025-01-01 02:49:50,TRANS_TEMP,42.2873,0,none
2025-01-01 02:58:10,TRANS_TEMP,34.4281,0,none
2025-01-01 03:06:30,TRANS_TEMP,35.6726,0,none
2025-01-01 03:14:50,TRANS_TEMP,42.5956,0,none
2025-01-01 03:23:10,TRANS_TEMP,44.6576,0,none
2025-01-01 03:31:30,TRANS_TEMP,33.4271,0,none
2025-01-01 03:39:50,TRANS_TEMP,33.3788,0,none
2025-01-01 03:48:10,TRANS_TEMP,42.9842,0,none
2025-01-01 03:56:30,TRANS_TEMP,42.838,0,none
2025-01-01 04:04:50,TRANS_TEMP,38.8072,0,none
2025-01-01 04:13:10,TRANS_TEMP,38.7633,0,none
2025-01-01 04:21:30,TRANS_TEMP,44.1925,0,none
2025-01-01 04:29:50,TRANS_TEMP,42.5388,0,none
2025-01-01 04:38:10,TRANS_TEMP,33.3667,0,none
2025-01-01 04:46:30,TRANS_TEMP,40.245,0,none
2025-01-01 04:54:50,TRANS_TEMP,32.7621,0,none
2025-01-01 05:03:10,TRANS_TEMP,37.8015,0,none
2025-01-01 05:11:30,TRANS_TEMP,39.3113,0,none
2025-01-01 05:19:50,TRANS_TEMP,40.99,0,none
2025-01-01 05:28:10,TRANS_TEMP,36.8454,0,none
2025-01-01 05:36:30,TRANS_TEMP,40.9046,0,none
2025-01-01 05:44:50,TRANS_TEMP,43.0018,0,none
2025-01-01 05:53:10,TRANS_TEMP,41.302,0,none
2025-01-01 06:01:30,TRANS_TEMP,38.501,0,none
2025-01-01 06:09:50,TRANS_TEMP,38.5789,0,none
2025-01-01 06:18:10,TRANS_TEMP,42.9801,0,none
2025-01-01 06:26:30,TRANS_TEMP,42.882,0,none
2025-01-01 06:34:50,TRANS_TEMP,38.5931,0,none
2025-01-01 06:43:10,TRANS_TEMP,45.9906,0,none
2025-01-01 06:51:30,TRANS_TEMP,42.6061,0,none
2025-01-01 06:59:50,TRANS_TEMP,43.9771,0,none
2025-01-01 07:08:10,TRANS_TEMP,33.2942,0,none
2025-01-01 07:16:30,TRANS_TEMP,43.0111,0,none
2025-01-01 07:24:50,TRANS_TEMP,41.2846,0,none
2025-01-01 07:33:10,TRANS_TEMP,40.1813,0,none
2025-01-01 07:41:30,TRANS_TEMP,37.9746,0,none
2025-01-01 07:49:50,TRANS_TEMP,32.4613,0,none
2025-01-01 07:58:10,TRANS_TEMP,32.0111,0,none
2025-01-01 08:06:30,TRANS_TEMP,34.4777,0,none
2025-01-01 08:14:50,TRANS_TEMP,42.2633,0,none
2025-01-01 08:23:10,TRANS_TEMP,31.4518,0,none
2025-01-01 08:31:30,TRANS_TEMP,34.6495,0,none
2025-01-01 08:39:50,TRANS_TEMP,33.8636,0,none
2025-01-01 08:48:10,TRANS_TEMP,30.8495,0,none
2025-01-01 08:56:30,TRANS_TEMP,30.7684,0,none
2025-01-01 09:04:50,TRANS_TEMP,37.4254,0,none
2025-01-01 09:13:10,TRANS_TEMP,31.882,0,none
2025-01-01 09:21:30,TRANS_TEMP,32.1857,0,none
2025-01-01 09:29:50,TRANS_TEMP,32.2652,0,none
2025-01-01 09:38:10,TRANS_TEMP,34.2329,0,none
2025-01-01 09:46:30,TRANS_TEMP,35.2047,0,none
2025-01-01 09:54:50,TRANS_TEMP,38.6949,0,none
2025-01-01 10:03:10,TRANS_TEMP,32.0565,0,none
2025-01-01 10:11:30,TRANS_TEMP,34.022,0,none
2025-01-01 10:19:50,TRANS_TEMP,39.6161,0,none
2025-01-01 10:28:10,TRANS_TEMP,37.8665,0,none
2025-01-01 10:36:30,TRANS_TEMP,30.8482,0,none
2025-01-01 10:44:50,TRANS_TEMP,27.9036,0,none
2025-01-01 10:53:10,TRANS_TEMP,32.914,0,none
2025-01-01 11:01:30,TRANS_TEMP,35.0957,0,none
2025-01-01 11:09:50,TRANS_TEMP,37.765,0,none
2025-01-01 11:18:10,TRANS_TEMP,32.3322,0,none
2025-01-01 11:26:30,TRANS_TEMP,36.6586,0,none
2025-01-01 11:34:50,TRANS_TEMP,33.5885,0,none
2025-01-01 11:43:10,TRANS_TEMP,33.6087,0,none
2025-01-01 11:51:30,TRANS_TEMP,33.6908,0,none
2025-01-01 11:59:50,TRANS_TEMP,31.3821,0,none
2025-01-01 12:08:10,TRANS_TEMP,32.4942,0,none
2025-01-01 12:16:30,TRANS_TEMP,40.3085,0,none
2025-01-01 12:24:50,TRANS_TEMP,34.6562,0,none
2025-01-01 12:33:10,TRANS_TEMP,31.1494,0,none
2025-01-01 12:41:30,TRANS_TEMP,35.1122,0,none
2025-01-01 12:49:50,TRANS_TEMP,31.2519,0,none
2025-01-01 12:58:10,TRANS_TEMP,33.9767,0,none
2025-01-01 13:06:30,TRANS_TEMP,31.9398,0,none
2025-01-01 13:14:50,TRANS_TEMP,35.6241,0,none
2025-01-01 13:23:10,TRANS_TEMP,34.7273,0,none
2025-01-01 13:31:30,TRANS_TEMP,29.9679,0,none
2025-01-01 13:39:50,TRANS_TEMP,31.1153,0,none
2025-01-01 13:48:10,TRANS_TEMP,35.545,0,none
2025-01-01 13:56:30,TRANS_TEMP,31.8885,0,none
2025-01-01 14:04:50,TRANS_TEMP,33.9685,0,none
2025-01-01 14:13:10,TRANS_TEMP,34.4185,0,none
2025-01-01 14:21:30,TRANS_TEMP,34.8322,0,none
2025-01-01 14:29:50,TRANS_TEMP,36.1543,0,none
2025-01-01 14:38:10,TRANS_TEMP,36.7576,0,none
2025-01-01 14:46:30,TRANS_TEMP,36.1878,0,none
2025-01-01 14:54:50,TRANS_TEMP,31.2806,0,none
2025-01-01 15:03:10,TRANS_TEMP,35.4502,0,none
2025-01-01 15:11:30,TRANS_TEMP,33.0193,0,none
2025-01-01 15:19:50,TRANS_TEMP,31.8025,0,none
2025-01-01 15:28:10,TRANS_TEMP,36.7192,0,none
2025-01-01 15:36:30,TRANS_TEMP,38.493,0,none
2025-01-01 15:44:50,TRANS_TEMP,38.3434,0,none
2025-01-01 15:53:10,TRANS_TEMP,31.0443,0,none
2025-01-01 16:01:30,TRANS_TEMP,33.3309,0,none
2025-01-01 16:09:50,TRANS_TEMP,41.4896,0,none
2025-01-01 16:18:10,TRANS_TEMP,36.5772,0,none
2025-01-01 16:26:30,TRANS_TEMP,32.5166,0,none
2025-01-01 16:34:50,TRANS_TEMP,37.0393,0,none
2025-01-01 16:43:10,TRANS_TEMP,33.6154,0,none
2025-01-01 16:51:30,TRANS_TEMP,33.1397,0,none
2025-01-01 16:59:50,TRANS_TEMP,31.9566,0,none
2025-01-01 17:08:10,TRANS_TEMP,38.4391,0,none
2025-01-01 17:16:30,TRANS_TEMP,34.244,0,none
2025-01-01 17:24:50,TRANS_TEMP,30.6933,0,none
2025-01-01 17:33:10,TRANS_TEMP,31.161,0,none
2025-01-01 17:41:30,TRANS_TEMP,32.607,0,none
2025-01-01 17:49:50,TRANS_TEMP,34.5606,0,none
2025-01-01 17:58:10,TRANS_TEMP,40.9413,0,none
2025-01-01 18:06:30,TRANS_TEMP,30.5344,0,none
2025-01-01 18:14:50,TRANS_TEMP,37.0114,0,none
2025-01-01 18:23:10,TRANS_TEMP,32.3485,0,none
2025-01-01 18:31:30,TRANS_TEMP,33.9943,0,none
2025-01-01 18:39:50,TRANS_TEMP,43.6163,0,none
2025-01-01 18:48:10,TRANS_TEMP,32.7585,0,none
2025-01-01 18:56:30,TRANS_TEMP,35.3937,0,none
2025-01-01 19:04:50,TRANS_TEMP,41.8549,0,none
2025-01-01 19:13:10,TRANS_TEMP,29.6408,0,none
2025-01-01 19:21:30,TRANS_TEMP,43.0363,0,none
2025-01-01 19:29:50,TRANS_TEMP,33.8501,0,none
2025-01-01 19:38:10,TRANS_TEMP,31.7975,0,none
2025-01-01 19:46:30,TRANS_TEMP,43.0499,0,none
2025-01-01 19:54:50,TRANS_TEMP,31.6502,0,none
2025-01-01 20:03:10,TRANS_TEMP,38.1257,0,none
2025-01-01 20:11:30,TRANS_TEMP,42.9171,0,none
2025-01-01 20:19:50,TRANS_TEMP,36.7633,0,none
2025-01-01 20:28:10,TRANS_TEMP,41.7285,0,none
2025-01-01 20:36:30,TRANS_TEMP,45.1255,0,none
2025-01-01 20:44:50,TRANS_TEMP,34.267,0,none
2025-01-01 20:53:10,TRANS_TEMP,44.7737,0,none
2025-01-01 21:01:30,TRANS_TEMP,44.2671,0,none
2025-01-01 21:09:50,TRANS_TEMP,32.6058,0,none
2025-01-01 21:18:10,TRANS_TEMP,30.2173,0,none
2025-01-01 21:26:30,TRANS_TEMP,32.5993,0,none
2025-01-01 21:34:50,TRANS_TEMP,45.157,0,none
2025-01-01 21:43:10,TRANS_TEMP,30.8049,0,none
2025-01-01 21:51:30,TRANS_TEMP,32.1839,0,none
2025-01-01 21:59:50,TRANS_TEMP,43.1119,0,none
2025-01-01 22:08:10,TRANS_TEMP,34.1416,0,none
2025-01-01 22:16:30,TRANS_TEMP,43.4598,0,none
2025-01-01 22:24:50,TRANS_TEMP,43.0491,0,none
2025-01-01 22:33:10,TRANS_TEMP,41.0145,0,none
2025-01-01 22:41:30,TRANS_TEMP,39.627,0,none
2025-01-01 22:49:50,TRANS_TEMP,43.9357,0,none
2025-01-01 22:58:10,TRANS_TEMP,44.6011,0,none
2025-01-01 23:06:30,TRANS_TEMP,43.74,0,none
2025-01-01 23:14:50,TRANS_TEMP,44.4478,0,none
2025-01-01 23:23:10,TRANS_TEMP,30.6226,0,none
2025-01-01 23:31:30,TRANS_TEMP,40.9533,0,none
2025-01-01 23:39:50,TRANS_TEMP,42.7975,0,none
2025-01-01 23:48:10,TRANS_TEMP,42.3605,0,none
2025-01-01 23:56:30,TRANS_TEMP,35.5244,0,none
2025-01-02 00:04:50,TRANS_TEMP,35.5238,0,none
2025-01-02 00:13:10,TRANS_TEMP,35.1273,0,none
2025-01-02 00:21:30,TRANS_TEMP,40.9143,0,none
2025-01-02 00:29:50,TRANS_TEMP,43.7438,0,none
2025-01-02 00:38:10,TRANS_TEMP,33.5335,0,none
2025-01-02 00:46:30,TRANS_TEMP,43.3223,0,none
2025-01-02 00:54:50,TRANS_TEMP,44.0864,0,none
2025-01-02 01:03:10,TRANS_TEMP,44.9597,0,none
2025-01-02 01:11:30,TRANS_TEMP,40.0686,0,none
2025-01-02 01:19:50,TRANS_TEMP,35.48,0,none
2025-01-02 01:28:10,TRANS_TEMP,35.7434,0,none
2025-01-02 01:36:30,TRANS_TEMP,35.9926,0,none
2025-01-02 01:44:50,TRANS_TEMP,41.883,0,none
2025-01-02 01:53:10,TRANS_TEMP,41.6324,0,none
2025-01-02 02:01:30,TRANS_TEMP,43.9094,0,none
2025-01-02 02:09:50,TRANS_TEMP,44.4199,0,none
2025-01-02 02:18:10,TRANS_TEMP,44.1501,0,none
2025-01-02 02:26:30,TRANS_TEMP,39.7446,0,none
2025-01-02 02:34:50,TRANS_TEMP,40.3862,0,none
2025-01-02 02:43:10,TRANS_TEMP,42.844,0,none
2025-01-02 02:51:30,TRANS_TEMP,38.7747,0,none
2025-01-02 02:59:50,TRANS_TEMP,43.4416,0,none
2025-01-02 03:08:10,TRANS_TEMP,41.1692,0,none
2025-01-02 03:16:30,TRANS_TEMP,38.077,0,none
2025-01-02 03:24:50,TRANS_TEMP,42.8365,0,none
2025-01-02 03:33:10,TRANS_TEMP,42.7544,0,none
2025-01-02 03:41:30,TRANS_TEMP,40.1229,0,none
2025-01-01 00:06:40,TX_POWER,3.9316,0,none
2025-01-01 00:15:00,TX_POWER,3.3946,0,none
2025-01-01 00:23:20,TX_POWER,3.8906,0,none
2025-01-01 00:31:40,TX_POWER,2.8184,0,none
2025-01-01 00:40:00,TX_POWER,4.1419,0,none
2025-01-01 00:48:20,TX_POWER,3.2666,0,none
2025-01-01 00:56:40,TX_POWER,3.5524,0,none
2025-01-01 01:05:00,TX_POWER,3.9845,0,none
2025-01-01 01:13:20,TX_POWER,3.3285,0,none
2025-01-01 01:21:40,TX_POWER,3.7606,0,none
2025-01-01 01:30:00,TX_POWER,3.8247,0,none
2025-01-01 01:38:20,TX_POWER,2.858,0,none
2025-01-01 01:46:40,TX_POWER,3.3528,0,none
2025-01-01 01:55:00,TX_POWER,3.485,0,none
2025-01-01 02:03:20,TX_POWER,3.5122,0,none
2025-01-01 02:11:40,TX_POWER,2.6377,0,none
2025-01-01 02:20:00,TX_POWER,3.865,0,none
2025-01-01 02:28:20,TX_POWER,2.9454,0,none
2025-01-01 02:36:40,TX_POWER,3.3203,0,none
2025-01-01 02:45:00,TX_POWER,3.4222,0,none
2025-01-01 02:53:20,TX_POWER,4.1101,0,none
2025-01-01 03:01:40,TX_POWER,3.2118,0,none
2025-01-01 03:10:00,TX_POWER,3.5073,0,none
2025-01-01 03:18:20,TX_POWER,3.4875,0,none
2025-01-01 03:26:40,TX_POWER,3.8127,0,none
2025-01-01 03:35:00,TX_POWER,2.7476,0,none
2025-01-01 03:43:20,TX_POWER,3.3991,0,none
2025-01-01 03:51:40,TX_POWER,2.5351,0,none
2025-01-01 04:00:00,TX_POWER,3.8456,0,none
2025-01-01 04:08:20,TX_POWER,4.0394,0,none
2025-01-01 04:16:40,TX_POWER,3.7163,0,none
2025-01-01 04:25:00,TX_POWER,3.8894,0,none
2025-01-01 04:33:20,TX_POWER,3.1636,0,none
2025-01-01 04:41:40,TX_POWER,2.4502,0,none
2025-01-01 04:50:00,TX_POWER,2.1457,0,none
2025-01-01 04:58:20,TX_POWER,3.4092,0,none
2025-01-01 05:06:40,TX_POWER,2.9739,0,none
2025-01-01 05:15:00,TX_POWER,3.9623,0,none
2025-01-01 05:23:20,TX_POWER,2.6393,0,none
2025-01-01 05:31:40,TX_POWER,3.0022,0,none
2025-01-01 05:40:00,TX_POWER,2.6494,0,none
2025-01-01 05:48:20,TX_POWER,2.1966,0,none
2025-01-01 05:56:40,TX_POWER,3.5173,0,none
2025-01-01 06:05:00,TX_POWER,3.1114,0,none
2025-01-01 06:13:20,TX_POWER,4.1872,0,none
2025-01-01 06:21:40,TX_POWER,2.8826,0,none
2025-01-01 06:30:00,TX_POWER,3.2616,0,none
2025-01-01 06:38:20,TX_POWER,3.9774,0,none
2025-01-01 06:46:40,TX_POWER,2.5843,0,none
2025-01-01 06:55:00,TX_POWER,2.4702,0,none
2025-01-01 07:03:20,TX_POWER,4.2255,0,none
2025-01-01 07:11:40,TX_POWER,3.0194,0,none
2025-01-01 07:20:00,TX_POWER,1.8751,0,none
2025-01-01 07:28:20,TX_POWER,3.729,0,none
2025-01-01 07:36:40,TX_POWER,4.0749,0,none
2025-01-01 07:45:00,TX_POWER,4.0053,0,none
2025-01-01 07:53:20,TX_POWER,2.2221,0,none
2025-01-01 08:01:40,TX_POWER,3.9632,0,none
2025-01-01 08:10:00,TX_POWER,3.1102,0,none
2025-01-01 08:18:20,TX_POWER,2.8694,0,none
2025-01-01 08:26:40,TX_POWER,3.5515,0,none
2025-01-01 08:35:00,TX_POWER,3.3925,0,none
2025-01-01 08:43:20,TX_POWER,3.1351,0,none
2025-01-01 08:51:40,TX_POWER,2.3501,0,none
2025-01-01 09:00:00,TX_POWER,2.075,0,none
2025-01-01 09:08:20,TX_POWER,1.7817,0,none
2025-01-01 09:16:40,TX_POWER,2.0205,0,none
2025-01-01 09:25:00,TX_POWER,3.7793,0,none
2025-01-01 09:33:20,TX_POWER,1.9716,0,none
2025-01-01 09:41:40,TX_POWER,3.8402,0,none
2025-01-01 09:50:00,TX_POWER,2.6028,0,none
2025-01-01 09:58:20,TX_POWER,2.6295,0,none
2025-01-01 10:06:40,TX_POWER,2.9449,0,none
2025-01-01 10:15:00,TX_POWER,2.3717,0,none
2025-01-01 10:23:20,TX_POWER,3.4289,0,none
2025-01-01 10:31:40,TX_POWER,2.4345,0,none
2025-01-01 10:40:00,TX_POWER,2.622,0,none
2025-01-01 10:48:20,TX_POWER,2.1106,0,none
2025-01-01 10:56:40,TX_POWER,2.7731,0,none
2025-01-01 11:05:00,TX_POWER,1.9223,0,none
2025-01-01 11:13:20,TX_POWER,2.9218,0,none
2025-01-01 11:21:40,TX_POWER,2.2427,0,none
2025-01-01 11:30:00,TX_POWER,2.7874,0,none
2025-01-01 11:38:20,TX_POWER,3.4151,0,none
2025-01-01 11:46:40,TX_POWER,2.213,0,none
2025-01-01 11:55:00,TX_POWER,2.0643,0,none
2025-01-01 12:03:20,TX_POWER,2.1726,0,none
2025-01-01 12:11:40,TX_POWER,3.1589,0,none
2025-01-01 12:20:00,TX_POWER,2.5991,0,none
2025-01-01 12:28:20,TX_POWER,1.947,0,none
2025-01-01 12:36:40,TX_POWER,1.9285,0,none
2025-01-01 12:45:00,TX_POWER,2.1608,0,none
2025-01-01 12:53:20,TX_POWER,2.243,0,none
2025-01-01 13:01:40,TX_POWER,3.3138,0,none
2025-01-01 13:10:00,TX_POWER,2.6376,0,none
2025-01-01 13:18:20,TX_POWER,2.6506,0,none
2025-01-01 13:26:40,TX_POWER,2.8645,0,none
2025-01-01 13:35:00,TX_POWER,3.1362,0,none
2025-01-01 13:43:20,TX_POWER,2.3527,0,none
2025-01-01 13:51:40,TX_POWER,2.5757,0,none
2025-01-01 14:00:00,TX_POWER,3.0725,0,none
2025-01-01 14:08:20,TX_POWER,2.1803,0,none
2025-01-01 14:16:40,TX_POWER,2.3906,0,none
2025-01-01 14:25:00,TX_POWER,2.7097,0,none
2025-01-01 14:33:20,TX_POWER,2.1052,0,none
2025-01-01 14:41:40,TX_POWER,2.3354,0,none
2025-01-01 14:50:00,TX_POWER,2.141,0,none
2025-01-01 14:58:20,TX_POWER,1.7544,0,none
2025-01-01 15:06:40,TX_POWER,2.3172,0,none
2025-01-01 15:15:00,TX_POWER,2.0153,0,none
2025-01-01 15:23:20,TX_POWER,3.051,0,none
2025-01-01 15:31:40,TX_POWER,2.3054,0,none
2025-01-01 15:40:00,TX_POWER,2.2659,0,none
2025-01-01 15:48:20,TX_POWER,2.089,0,none
2025-01-01 15:56:40,TX_POWER,3.4889,0,none
2025-01-01 16:05:00,TX_POWER,1.8771,0,none
2025-01-01 16:13:20,TX_POWER,2.1028,0,none
2025-01-01 16:21:40,TX_POWER,1.6186,0,none
2025-01-01 16:30:00,TX_POWER,2.276,0,none
2025-01-01 16:38:20,TX_POWER,1.8134,0,none
2025-01-01 16:46:40,TX_POWER,2.9423,0,none
2025-01-01 16:55:00,TX_POWER,2.0422,0,none
2025-01-01 17:03:20,TX_POWER,3.151,0,none
2025-01-01 17:11:40,TX_POWER,2.8289,0,none
2025-01-01 17:20:00,TX_POWER,2.1409,0,none
2025-01-01 17:28:20,TX_POWER,2.1773,0,none
2025-01-01 17:36:40,TX_POWER,2.1334,0,none
2025-01-01 17:45:00,TX_POWER,3.2083,0,none
2025-01-01 17:53:20,TX_POWER,2.5674,0,none
2025-01-01 18:01:40,TX_POWER,2.6859,0,none
2025-01-01 18:10:00,TX_POWER,2.3449,0,none
2025-01-01 18:18:20,TX_POWER,2.2875,0,none
2025-01-01 18:26:40,TX_POWER,2.1347,0,none
2025-01-01 18:35:00,TX_POWER,3.1592,0,none
2025-01-01 18:43:20,TX_POWER,2.3068,0,none
2025-01-01 18:51:40,TX_POWER,1.933,0,none
2025-01-01 19:00:00,TX_POWER,2.8994,0,none
2025-01-01 19:08:20,TX_POWER,2.439,0,none
2025-01-01 19:16:40,TX_POWER,1.9802,0,none
2025-01-01 19:25:00,TX_POWER,3.0495,0,none
2025-01-01 19:33:20,TX_POWER,3.5686,0,none
2025-01-01 19:41:40,TX_POWER,2.2929,0,none
2025-01-01 19:50:00,TX_POWER,2.6399,0,none
2025-01-01 19:58:20,TX_POWER,3.708,0,none
2025-01-01 20:06:40,TX_POWER,1.7835,0,none
2025-01-01 20:15:00,TX_POWER,3.4542,0,none
2025-01-01 20:23:20,TX_POWER,2.4423,0,none
2025-01-01 20:31:40,TX_POWER,1.9704,0,none
2025-01-01 20:40:00,TX_POWER,2.4693,0,none
2025-01-01 20:48:20,TX_POWER,2.319,0,none
2025-01-01 20:56:40,TX_POWER,1.9144,0,none
2025-01-01 21:05:00,TX_POWER,3.3984,0,none
2025-01-01 21:13:20,TX_POWER,2.1824,0,none
2025-01-01 21:21:40,TX_POWER,4.327,0,none
2025-01-01 21:30:00,TX_POWER,2.141,0,none
2025-01-01 21:38:20,TX_POWER,3.9016,0,none
2025-01-01 21:46:40,TX_POWER,3.9164,0,none
2025-01-01 21:55:00,TX_POWER,3.389,0,none
2025-01-01 22:03:20,TX_POWER,2.7111,0,none
2025-01-01 22:11:40,TX_POWER,3.9023,0,none
2025-01-01 22:20:00,TX_POWER,3.3191,0,none
2025-01-01 22:28:20,TX_POWER,4.107,0,none
2025-01-01 22:36:40,TX_POWER,2.8937,0,none
2025-01-01 22:45:00,TX_POWER,3.7321,0,none
2025-01-01 22:53:20,TX_POWER,3.607,0,none
2025-01-01 23:01:40,TX_POWER,3.8541,0,none
2025-01-01 23:10:00,TX_POWER,4.1683,0,none
2025-01-01 23:18:20,TX_POWER,3.1029,0,none
2025-01-01 23:26:40,TX_POWER,2.455,0,none
2025-01-01 23:35:00,TX_POWER,3.9304,0,none
2025-01-01 23:43:20,TX_POWER,2.8298,0,none
2025-01-01 23:51:40,TX_POWER,4.2457,0,none
2025-01-02 00:00:00,TX_POWER,1.9769,0,none
2025-01-02 00:08:20,TX_POWER,3.8326,0,none
2025-01-02 00:16:40,TX_POWER,3.335,0,none
2025-01-02 00:25:00,TX_POWER,3.6203,0,none
2025-01-02 00:33:20,TX_POWER,3.1469,0,none
2025-01-02 00:41:40,TX_POWER,4.0923,0,none
2025-01-02 00:50:00,TX_POWER,2.9081,0,none
2025-01-02 00:58:20,TX_POWER,3.5424,0,none
2025-01-02 01:06:40,TX_POWER,3.704,0,none
2025-01-02 01:15:00,TX_POWER,3.8501,0,none
2025-01-02 01:23:20,TX_POWER,3.7059,0,none
2025-01-02 01:31:40,TX_POWER,4.078,0,none
2025-01-02 01:40:00,TX_POWER,4.3489,0,none
2025-01-02 01:48:20,TX_POWER,3.8611,0,none
2025-01-02 01:56:40,TX_POWER,3.5257,0,none
2025-01-02 02:05:00,TX_POWER,3.8424,0,none
2025-01-02 02:13:20,TX_POWER,3.898,0,none
2025-01-02 02:21:40,TX_POWER,3.8701,0,none
2025-01-02 02:30:00,TX_POWER,3.8319,0,none
2025-01-02 02:38:20,TX_POWER,3.9683,0,none
2025-01-02 02:46:40,TX_POWER,3.7501,0,none
2025-01-02 02:55:00,TX_POWER,3.8367,0,none
2025-01-02 03:03:20,TX_POWER,3.6565,0,none
2025-01-02 03:11:40,TX_POWER,3.9143,0,none
2025-01-02 03:20:00,TX_POWER,3.3007,0,none
2025-01-02 03:28:20,TX_POWER,3.4518,0,none
2025-01-02 03:36:40,TX_POWER,4.0316,0,none
2025-01-02 03:45:00,TX_POWER,3.9192,0,none
2025-01-01 00:07:50,WATCHDOG_COUNTER,61.0605,0,none
2025-01-01 00:16:10,WATCHDOG_COUNTER,74.0278,0,none
2025-01-01 00:24:30,WATCHDOG_COUNTER,74.4131,0,none
2025-01-01 00:32:50,WATCHDOG_COUNTER,76.2469,0,none
2025-01-01 00:41:10,WATCHDOG_COUNTER,62.9802,0,none
2025-01-01 00:49:30,WATCHDOG_COUNTER,70.2909,0,none
2025-01-01 00:57:50,WATCHDOG_COUNTER,76.9727,0,none
2025-01-01 01:06:10,WATCHDOG_COUNTER,74.4933,0,none
2025-01-01 01:14:30,WATCHDOG_COUNTER,58.7906,0,none
2025-01-01 01:22:50,WATCHDOG_COUNTER,37.7806,0,none
2025-01-01 01:31:10,WATCHDOG_COUNTER,63.306,0,none
2025-01-01 01:39:30,WATCHDOG_COUNTER,57.4156,0,none
2025-01-01 01:47:50,WATCHDOG_COUNTER,63.8246,0,none
2025-01-01 01:56:10,WATCHDOG_COUNTER,67.7112,0,none
2025-01-01 02:04:30,WATCHDOG_COUNTER,46.3424,0,none
2025-01-01 02:12:50,WATCHDOG_COUNTER,50.5991,0,none
2025-01-01 02:21:10,WATCHDOG_COUNTER,59.5256,0,none
2025-01-01 02:29:30,WATCHDOG_COUNTER,74.9695,0,none
2025-01-01 02:37:50,WATCHDOG_COUNTER,63.7117,0,none
2025-01-01 02:46:10,WATCHDOG_COUNTER,75.8294,0,none
2025-01-01 02:54:30,WATCHDOG_COUNTER,65.2471,0,none
2025-01-01 03:02:50,WATCHDOG_COUNTER,75.558,0,none
2025-01-01 03:11:10,WATCHDOG_COUNTER,70.8718,0,none
2025-01-01 03:19:30,WATCHDOG_COUNTER,72.7789,0,none
2025-01-01 03:27:50,WATCHDOG_COUNTER,67.3509,0,none
2025-01-01 03:36:10,WATCHDOG_COUNTER,40.8078,0,none
2025-01-01 03:44:30,WATCHDOG_COUNTER,68.2924,0,none
2025-01-01 03:52:50,WATCHDOG_COUNTER,54.2298,0,none
2025-01-01 04:01:10,WATCHDOG_COUNTER,78.5325,0,none
2025-01-01 04:09:30,WATCHDOG_COUNTER,63.9916,0,none
2025-01-01 04:17:50,WATCHDOG_COUNTER,68.4504,0,none
2025-01-01 04:26:10,WATCHDOG_COUNTER,30.6636,0,none
2025-01-01 04:34:30,WATCHDOG_COUNTER,50.7702,0,none
2025-01-01 04:42:50,WATCHDOG_COUNTER,55.5258,0,none
2025-01-01 04:51:10,WATCHDOG_COUNTER,57.9045,0,none
2025-01-01 04:59:30,WATCHDOG_COUNTER,75.1826,0,none
2025-01-01 05:07:50,WATCHDOG_COUNTER,27.4066,0,none
2025-01-01 05:16:10,WATCHDOG_COUNTER,70.9543,0,none
2025-01-01 05:24:30,WATCHDOG_COUNTER,59.1282,0,none
2025-01-01 05:32:50,WATCHDOG_COUNTER,71.371,0,none
2025-01-01 05:41:10,WATCHDOG_COUNTER,51.9285,0,none
2025-01-01 05:49:30,WATCHDOG_COUNTER,30.9171,0,none
2025-01-01 05:57:50,WATCHDOG_COUNTER,44.4947,0,none
2025-01-01 06:06:10,WATCHDOG_COUNTER,65.6226,0,none
2025-01-01 06:14:30,WATCHDOG_COUNTER,24.5657,0,none
2025-01-01 06:22:50,WATCHDOG_COUNTER,53.8867,0,none
2025-01-01 06:31:10,WATCHDOG_COUNTER,69.0052,0,none
2025-01-01 06:39:30,WATCHDOG_COUNTER,67.4958,0,none
2025-01-01 06:47:50,WATCHDOG_COUNTER,74.3174,0,none
2025-01-01 06:56:10,WATCHDOG_COUNTER,68.0324,0,none
2025-01-01 07:04:30,WATCHDOG_COUNTER,33.7479,0,none
2025-01-01 07:12:50,WATCHDOG_COUNTER,58.5797,0,none
2025-01-01 07:21:10,WATCHDOG_COUNTER,81.3878,0,none
2025-01-01 07:29:30,WATCHDOG_COUNTER,24.1778,0,none
2025-01-01 07:37:50,WATCHDOG_COUNTER,26.6544,0,none
2025-01-01 07:46:10,WATCHDOG_COUNTER,77.7769,0,none
2025-01-01 07:54:30,WATCHDOG_COUNTER,56.0581,0,none
2025-01-01 08:02:50,WATCHDOG_COUNTER,25.7723,0,none
2025-01-01 08:11:10,WATCHDOG_COUNTER,69.2663,0,none
2025-01-01 08:19:30,WATCHDOG_COUNTER,39.1741,0,none
2025-01-01 08:27:50,WATCHDOG_COUNTER,76.8721,0,none
2025-01-01 08:36:10,WATCHDOG_COUNTER,28.4047,0,none
2025-01-01 08:44:30,WATCHDOG_COUNTER,56.2759,0,none
2025-01-01 08:52:50,WATCHDOG_COUNTER,26.7686,0,none
2025-01-01 09:01:10,WATCHDOG_COUNTER,52.9929,0,none
2025-01-01 09:09:30,WATCHDOG_COUNTER,68.1944,0,none
2025-01-01 09:17:50,WATCHDOG_COUNTER,23.7777,0,none
2025-01-01 09:26:10,WATCHDOG_COUNTER,52.4022,0,none
2025-01-01 09:34:30,WATCHDOG_COUNTER,32.1065,0,none
2025-01-01 09:42:50,WATCHDOG_COUNTER,59.9498,0,none
2025-01-01 09:51:10,WATCHDOG_COUNTER,44.2466,0,none
2025-01-01 09:59:30,WATCHDOG_COUNTER,25.5435,0,none
2025-01-01 10:07:50,WATCHDOG_COUNTER,25.6854,0,none
2025-01-01 10:16:10,WATCHDOG_COUNTER,33.6693,0,none
2025-01-01 10:24:30,WATCHDOG_COUNTER,35.8618,0,none
2025-01-01 10:32:50,WATCHDOG_COUNTER,56.2943,0,none
2025-01-01 10:41:10,WATCHDOG_COUNTER,28.8743,0,none
2025-01-01 10:49:30,WATCHDOG_COUNTER,25.9882,0,none
2025-01-01 10:57:50,WATCHDOG_COUNTER,31.6948,0,none
2025-01-01 11:06:10,WATCHDOG_COUNTER,26.8805,0,none
2025-01-01 11:14:30,WATCHDOG_COUNTER,59.1292,0,none
2025-01-01 11:22:50,WATCHDOG_COUNTER,27.2725,0,none
2025-01-01 11:31:10,WATCHDOG_COUNTER,20.9767,0,none
2025-01-01 11:39:30,WATCHDOG_COUNTER,54.7638,0,none
2025-01-01 11:47:50,WATCHDOG_COUNTER,58.4926,0,none
2025-01-01 11:56:10,WATCHDOG_COUNTER,28.8258,0,none
2025-01-01 12:04:30,WATCHDOG_COUNTER,23.2381,0,none
2025-01-01 12:12:50,WATCHDOG_COUNTER,40.3041,0,none
2025-01-01 12:21:10,WATCHDOG_COUNTER,22.8061,0,none
2025-01-01 12:29:30,WATCHDOG_COUNTER,29.638,0,none
2025-01-01 12:37:50,WATCHDOG_COUNTER,29.3423,0,none
2025-01-01 12:46:10,WATCHDOG_COUNTER,32.2858,0,none
2025-01-01 12:54:30,WATCHDOG_COUNTER,38.6474,0,none
2025-01-01 13:02:50,WATCHDOG_COUNTER,34.5267,0,none
2025-01-01 13:11:10,WATCHDOG_COUNTER,29.5223,0,none
2025-01-01 13:19:30,WATCHDOG_COUNTER,16.9582,0,none
2025-01-01 13:27:50,WATCHDOG_COUNTER,50.7132,0,none
2025-01-01 13:36:10,WATCHDOG_COUNTER,49.8269,0,none
2025-01-01 13:44:30,WATCHDOG_COUNTER,48.1628,0,none
2025-01-01 13:52:50,WATCHDOG_COUNTER,23.8046,0,none
2025-01-01 14:01:10,WATCHDOG_COUNTER,21.7688,0,none
2025-01-01 14:09:30,WATCHDOG_COUNTER,34.8164,0,none
2025-01-01 14:17:50,WATCHDOG_COUNTER,40.047,0,none
2025-01-01 14:26:10,WATCHDOG_COUNTER,42.9855,0,none
2025-01-01 14:34:30,WATCHDOG_COUNTER,44.024,0,none
2025-01-01 14:42:50,WATCHDOG_COUNTER,49.7361,0,none
2025-01-01 14:51:10,WATCHDOG_COUNTER,28.9347,0,none
2025-01-01 14:59:30,WATCHDOG_COUNTER,32.7913,0,none
2025-01-01 15:07:50,WATCHDOG_COUNTER,56.2223,0,none
2025-01-01 15:16:10,WATCHDOG_COUNTER,30.3995,0,none
2025-01-01 15:24:30,WATCHDOG_COUNTER,44.1484,0,none
2025-01-01 15:32:50,WATCHDOG_COUNTER,39.179,0,none
2025-01-01 15:41:10,WATCHDOG_COUNTER,29.5634,0,none
2025-01-01 15:49:30,WATCHDOG_COUNTER,48.6937,0,none
2025-01-01 15:57:50,WATCHDOG_COUNTER,23.3868,0,none
2025-01-01 16:06:10,WATCHDOG_COUNTER,31.9584,0,none
2025-01-01 16:14:30,WATCHDOG_COUNTER,22.5368,0,none
2025-01-01 16:22:50,WATCHDOG_COUNTER,36.1806,0,none
2025-01-01 16:31:10,WATCHDOG_COUNTER,44.3627,0,none
2025-01-01 16:39:30,WATCHDOG_COUNTER,34.4097,0,none
2025-01-01 16:47:50,WATCHDOG_COUNTER,21.9886,0,none
2025-01-01 16:56:10,WATCHDOG_COUNTER,50.4071,0,none
2025-01-01 17:04:30,WATCHDOG_COUNTER,49.9339,0,none
2025-01-01 17:12:50,WATCHDOG_COUNTER,49.1281,0,none
2025-01-01 17:21:10,WATCHDOG_COUNTER,52.8287,0,none
2025-01-01 17:29:30,WATCHDOG_COUNTER,34.2821,0,none
2025-01-01 17:37:50,WATCHDOG_COUNTER,31.7649,0,none
2025-01-01 17:46:10,WATCHDOG_COUNTER,31.3588,0,none
2025-01-01 17:54:30,WATCHDOG_COUNTER,66.1912,0,none
2025-01-01 18:02:50,WATCHDOG_COUNTER,30.254,0,none
2025-01-01 18:11:10,WATCHDOG_COUNTER,62.3381,0,none
2025-01-01 18:19:30,WATCHDOG_COUNTER,69.7846,0,none
2025-01-01 18:27:50,WATCHDOG_COUNTER,35.7189,0,none
2025-01-01 18:36:10,WATCHDOG_COUNTER,30.3162,0,none
2025-01-01 18:44:30,WATCHDOG_COUNTER,57.3183,0,none
2025-01-01 18:52:50,WATCHDOG_COUNTER,26.2917,0,none
2025-01-01 19:01:10,WATCHDOG_COUNTER,67.2701,0,none
2025-01-01 19:09:30,WATCHDOG_COUNTER,64.8364,0,none
2025-01-01 19:17:50,WATCHDOG_COUNTER,21.0314,0,none
2025-01-01 19:26:10,WATCHDOG_COUNTER,26.977,0,none
2025-01-01 19:34:30,WATCHDOG_COUNTER,72.4439,0,none
2025-01-01 19:42:50,WATCHDOG_COUNTER,28.2578,0,none
2025-01-01 19:51:10,WATCHDOG_COUNTER,55.1174,0,none
2025-01-01 19:59:30,WATCHDOG_COUNTER,32.2231,0,none
2025-01-01 20:07:50,WATCHDOG_COUNTER,25.0361,0,none
2025-01-01 20:16:10,WATCHDOG_COUNTER,27.1136,0,none
2025-01-01 20:24:30,WATCHDOG_COUNTER,49.5015,0,none
2025-01-01 20:32:50,WATCHDOG_COUNTER,29.9794,0,none
2025-01-01 20:41:10,WATCHDOG_COUNTER,28.1433,0,none
2025-01-01 20:49:30,WATCHDOG_COUNTER,35.5251,0,none
2025-01-01 20:57:50,WATCHDOG_COUNTER,48.0688,0,none
2025-01-01 21:06:10,WATCHDOG_COUNTER,75.7043,0,none
2025-01-01 21:14:30,WATCHDOG_COUNTER,26.2548,0,none
2025-01-01 21:22:50,WATCHDOG_COUNTER,56.5621,0,none
2025-01-01 21:31:10,WATCHDOG_COUNTER,75.4569,0,none
2025-01-01 21:39:30,WATCHDOG_COUNTER,41.4932,0,none
2025-01-01 21:47:50,WATCHDOG_COUNTER,42.2196,0,none
2025-01-01 21:56:10,WATCHDOG_COUNTER,29.6294,0,none
2025-01-01 22:04:30,WATCHDOG_COUNTER,43.5722,0,none
2025-01-01 22:12:50,WATCHDOG_COUNTER,46.9627,0,none
2025-01-01 22:21:10,WATCHDOG_COUNTER,40.1149,0,none
2025-01-01 22:29:30,WATCHDOG_COUNTER,54.3916,0,none
2025-01-01 22:37:50,WATCHDOG_COUNTER,63.9104,0,none
2025-01-01 22:46:10,WATCHDOG_COUNTER,79.5024,0,none
2025-01-01 22:54:30,WATCHDOG_COUNTER,76.3814,0,none
2025-01-01 23:02:50,WATCHDOG_COUNTER,61.157,0,none
2025-01-01 23:11:10,WATCHDOG_COUNTER,37.7133,0,none
2025-01-01 23:19:30,WATCHDOG_COUNTER,60.1682,0,none
2025-01-01 23:27:50,WATCHDOG_COUNTER,59.3361,0,none
2025-01-01 23:36:10,WATCHDOG_COUNTER,74.4304,0,none
2025-01-01 23:44:30,WATCHDOG_COUNTER,29.7931,0,none
2025-01-01 23:52:50,WATCHDOG_COUNTER,62.2642,0,none
2025-01-02 00:01:10,WATCHDOG_COUNTER,74.897,0,none
2025-01-02 00:09:30,WATCHDOG_COUNTER,47.0891,0,none
2025-01-02 00:17:50,WATCHDOG_COUNTER,78.116,0,none
2025-01-02 00:26:10,WATCHDOG_COUNTER,34.5943,0,none
2025-01-02 00:34:30,WATCHDOG_COUNTER,49.8406,0,none
2025-01-02 00:42:50,WATCHDOG_COUNTER,55.2442,0,none
2025-01-02 00:51:10,WATCHDOG_COUNTER,45.6134,0,none
2025-01-02 00:59:30,WATCHDOG_COUNTER,69.4509,0,none
2025-01-02 01:07:50,WATCHDOG_COUNTER,74.5775,0,none
2025-01-02 01:16:10,WATCHDOG_COUNTER,56.1731,0,none
2025-01-02 01:24:30,WATCHDOG_COUNTER,70.2646,0,none
2025-01-02 01:32:50,WATCHDOG_COUNTER,64.3925,0,none
2025-01-02 01:41:10,WATCHDOG_COUNTER,69.1197,0,none
2025-01-02 01:49:30,WATCHDOG_COUNTER,67.6472,0,none
2025-01-02 01:57:50,WATCHDOG_COUNTER,60.4322,0,none
2025-01-02 02:06:10,WATCHDOG_COUNTER,66.7762,0,none
2025-01-02 02:14:30,WATCHDOG_COUNTER,58.9033,0,none
2025-01-02 02:22:50,WATCHDOG_COUNTER,45.8802,0,none
2025-01-02 02:31:10,WATCHDOG_COUNTER,74.2809,0,none
2025-01-02 02:39:30,WATCHDOG_COUNTER,75.7174,0,none
2025-01-02 02:47:50,WATCHDOG_COUNTER,78.7226,0,none
2025-01-02 02:56:10,WATCHDOG_COUNTER,67.3618,0,none
2025-01-02 03:04:30,WATCHDOG_COUNTER,59.8245,0,none
2025-01-02 03:12:50,WATCHDOG_COUNTER,51.8872,0,none
2025-01-02 03:21:10,WATCHDOG_COUNTER,72.4192,0,none
2025-01-02 03:29:30,WATCHDOG_COUNTER,73.9483,0,none
2025-01-02 03:37:50,WATCHDOG_COUNTER,50.3977,0,none
2025-01-02 03:46:10,WATCHDOG_COUNTER,76.5183,0,none
