timestamp,parameter,value,hour,minute,second,day,month,weekday,is_weekend,minute_of_day,elapsed_sec
2025-01-01 00:00:00,BATT_VOLTAGE_1,28.5591,0,0,0,1,1,2,0,0,0.0
2025-01-01 00:00:10,BATT_VOLTAGE_2,28.3917,0,0,10,1,1,2,0,0,10.0
2025-01-01 00:00:20,BATT_CURRENT_1,2.6705,0,0,20,1,1,2,0,0,20.0
2025-01-01 00:00:30,BATT_CURRENT_2,3.2158,0,0,30,1,1,2,0,0,30.0
2025-01-01 00:00:40,BATT_TEMP_1,24.871,0,0,40,1,1,2,0,0,40.0
2025-01-01 00:00:50,BATT_TEMP_2,27.3172,0,0,50,1,1,2,0,0,50.0
2025-01-01 00:01:00,BATT_SOC,84.0094,0,1,0,1,1,2,0,1,60.0
2025-01-01 00:01:10,SOLAR_PANEL_VOLT_A,32.4209,0,1,10,1,1,2,0,1,70.0
2025-01-01 00:01:20,SOLAR_PANEL_VOLT_B,32.303,0,1,20,1,1,2,0,1,80.0
2025-01-01 00:01:30,SOLAR_PANEL_CURR_A,6.4958,0,1,30,1,1,2,0,1,90.0
2025-01-01 00:01:40,SOLAR_PANEL_CURR_B,6.6133,0,1,40,1,1,2,0,1,100.0
2025-01-01 00:01:50,SOLAR_POWER_TOTAL,118.6788,0,1,50,1,1,2,0,1,110.0
2025-01-01 00:02:00,BUS_VOLTAGE,28.9878,0,2,0,1,1,2,0,2,120.0
2025-01-01 00:02:10,BUS_CURRENT,9.2612,0,2,10,1,1,2,0,2,130.0
2025-01-01 00:02:20,THRUSTER_TEMP_1,22.9332,0,2,20,1,1,2,0,2,140.0
2025-01-01 00:02:30,THRUSTER_TEMP_2,24.2348,0,2,30,1,1,2,0,2,150.0
2025-01-01 00:02:40,PAYLOAD_TEMP_CAM,24.6703,0,2,40,1,1,2,0,2,160.0
2025-01-01 00:02:50,PAYLOAD_TEMP_SENSOR,25.4353,0,2,50,1,1,2,0,2,170.0
2025-01-01 00:03:00,OBC_TEMP,43.0147,0,3,0,1,1,2,0,3,180.0
2025-01-01 00:03:10,TRANS_TEMP,43.3054,0,3,10,1,1,2,0,3,190.0
2025-01-01 00:03:20,STRUCT_TEMP_PANEL_X,39.2234,0,3,20,1,1,2,0,3,200.0
2025-01-01 00:03:30,STRUCT_TEMP_PANEL_Y,31.2591,0,3,30,1,1,2,0,3,210.0
2025-01-01 00:03:40,STRUCT_TEMP_PANEL_Z,21.7493,0,3,40,1,1,2,0,3,220.0
2025-01-01 00:03:50,RADIATOR_TEMP,-6.2998,0,3,50,1,1,2,0,3,230.0
2025-01-01 00:04:00,GYRO_X,0.0051,0,4,0,1,1,2,0,4,240.0
2025-01-01 00:04:10,GYRO_Y,0.0204,0,4,10,1,1,2,0,4,250.0
2025-01-01 00:04:20,GYRO_Z,0.0113,0,4,20,1,1,2,0,4,260.0
2025-01-01 00:04:30,MAGNETOMETER_X,25.4314,0,4,30,1,1,2,0,4,270.0
2025-01-01 00:04:40,MAGNETOMETER_Y,16.1212,0,4,40,1,1,2,0,4,280.0
2025-01-01 00:04:50,MAGNETOMETER_Z,26.4624,0,4,50,1,1,2,0,4,290.0
2025-01-01 00:05:00,REACTION_WHEEL_SPD_X,916.2922,0,5,0,1,1,2,0,5,300.0
2025-01-01 00:05:10,REACTION_WHEEL_SPD_Y,411.606,0,5,10,1,1,2,0,5,310.0
2025-01-01 00:05:20,REACTION_WHEEL_SPD_Z,235.9119,0,5,20,1,1,2,0,5,320.0
2025-01-01 00:05:30,ATTITUDE_ROLL,0.5919,0,5,30,1,1,2,0,5,330.0
2025-01-01 00:05:40,ATTITUDE_PITCH,1.544,0,5,40,1,1,2,0,5,340.0
2025-01-01 00:05:50,ATTITUDE_YAW,1.8873,0,5,50,1,1,2,0,5,350.0
2025-01-01 00:06:00,STAR_TRACKER_VALID,0.5399,0,6,0,1,1,2,0,6,360.0
2025-01-01 00:06:10,SUN_SENSOR_ANGLE,124.0691,0,6,10,1,1,2,0,6,370.0
2025-01-01 00:06:20,RF_SIGNAL_STRENGTH,-55.9562,0,6,20,1,1,2,0,6,380.0
2025-01-01 00:06:30,RF_NOISE_FLOOR,-87.0943,0,6,30,1,1,2,0,6,390.0
2025-01-01 00:06:40,TX_POWER,3.9316,0,6,40,1,1,2,0,6,400.0
2025-01-01 00:06:50,LINK_MARGIN,16.7347,0,6,50,1,1,2,0,6,410.0
2025-01-01 00:07:00,DATA_RATE_KBPS,121.1675,0,7,0,1,1,2,0,7,420.0
2025-01-01 00:07:10,PACKET_LOSS_RATE,1.5827,0,7,10,1,1,2,0,7,430.0
2025-01-01 00:07:20,CPU_USAGE,37.1778,0,7,20,1,1,2,0,7,440.0
2025-01-01 00:07:30,MEMORY_USAGE,57.392,0,7,30,1,1,2,0,7,450.0
2025-01-01 00:07:40,FLASH_WRITE_RATE,3.3075,0,7,40,1,1,2,0,7,460.0
2025-01-01 00:07:50,WATCHDOG_COUNTER,61.0605,0,7,50,1,1,2,0,7,470.0
2025-01-01 00:08:00,TANK_PRESSURE,302.6978,0,8,0,1,1,2,0,8,480.0
2025-01-01 00:08:10,THRUSTER_VALVE_TEMP,19.5616,0,8,10,1,1,2,0,8,490.0
2025-01-01 00:08:20,BATT_VOLTAGE_1,28.579,0,8,20,1,1,2,0,8,500.0
2025-01-01 00:08:30,BATT_VOLTAGE_2,28.2387,0,8,30,1,1,2,0,8,510.0
2025-01-01 00:08:40,BATT_CURRENT_1,3.1128,0,8,40,1,1,2,0,8,520.0
2025-01-01 00:08:50,BATT_CURRENT_2,3.1915,0,8,50,1,1,2,0,8,530.0
2025-01-01 00:09:00,BATT_TEMP_1,25.4371,0,9,0,1,1,2,0,9,540.0
2025-01-01 00:09:10,BATT_TEMP_2,28.6194,0,9,10,1,1,2,0,9,550.0
2025-01-01 00:09:20,BATT_SOC,84.7269,0,9,20,1,1,2,0,9,560.0
2025-01-01 00:09:30,SOLAR_PANEL_VOLT_A,32.2622,0,9,30,1,1,2,0,9,570.0
2025-01-01 00:09:40,SOLAR_PANEL_VOLT_B,32.2668,0,9,40,1,1,2,0,9,580.0
2025-01-01 00:09:50,SOLAR_PANEL_CURR_A,5.8452,0,9,50,1,1,2,0,9,590.0
2025-01-01 00:10:00,SOLAR_PANEL_CURR_B,5.5965,0,10,0,1,1,2,0,10,600.0
2025-01-01 00:10:10,SOLAR_POWER_TOTAL,112.059,0,10,10,1,1,2,0,10,610.0
2025-01-01 00:10:20,BUS_VOLTAGE,28.9101,0,10,20,1,1,2,0,10,620.0
2025-01-01 00:10:30,BUS_CURRENT,10.1269,0,10,30,1,1,2,0,10,630.0
2025-01-01 00:10:40,THRUSTER_TEMP_1,23.5388,0,10,40,1,1,2,0,10,640.0
2025-01-01 00:10:50,THRUSTER_TEMP_2,25.0175,0,10,50,1,1,2,0,10,650.0
2025-01-01 00:11:00,PAYLOAD_TEMP_CAM,24.3272,0,11,0,1,1,2,0,11,660.0
2025-01-01 00:11:10,PAYLOAD_TEMP_SENSOR,24.7949,0,11,10,1,1,2,0,11,670.0
2025-01-01 00:11:20,OBC_TEMP,46.9405,0,11,20,1,1,2,0,11,680.0
2025-01-01 00:11:30,TRANS_TEMP,42.802,0,11,30,1,1,2,0,11,690.0
2025-01-01 00:11:40,STRUCT_TEMP_PANEL_X,37.3499,0,11,40,1,1,2,0,11,700.0
2025-01-01 00:11:50,STRUCT_TEMP_PANEL_Y,38.1571,0,11,50,1,1,2,0,11,710.0
2025-01-01 00:12:00,STRUCT_TEMP_PANEL_Z,23.6607,0,12,0,1,1,2,0,12,720.0
2025-01-01 00:12:10,RADIATOR_TEMP,-2.6167,0,12,10,1,1,2,0,12,730.0
2025-01-01 00:12:20,GYRO_X,0.0179,0,12,20,1,1,2,0,12,740.0
2025-01-01 00:12:30,GYRO_Y,0.0096,0,12,30,1,1,2,0,12,750.0
2025-01-01 00:12:40,GYRO_Z,0.044,0,12,40,1,1,2,0,12,760.0
2025-01-01 00:12:50,MAGNETOMETER_X,10.9745,0,12,50,1,1,2,0,12,770.0
2025-01-01 00:13:00,MAGNETOMETER_Y,26.8819,0,13,0,1,1,2,0,13,780.0
2025-01-01 00:13:10,MAGNETOMETER_Z,13.1253,0,13,10,1,1,2,0,13,790.0
2025-01-01 00:13:20,REACTION_WHEEL_SPD_X,1265.678,0,13,20,1,1,2,0,13,800.0
2025-01-01 00:13:30,REACTION_WHEEL_SPD_Y,1409.5053,0,13,30,1,1,2,0,13,810.0
2025-01-01 00:13:40,REACTION_WHEEL_SPD_Z,1076.1536,0,13,40,1,1,2,0,13,820.0
2025-01-01 00:13:50,ATTITUDE_ROLL,1.6978,0,13,50,1,1,2,0,13,830.0
2025-01-01 00:14:00,ATTITUDE_PITCH,0.1621,0,14,0,1,1,2,0,14,840.0
2025-01-01 00:14:10,ATTITUDE_YAW,2.7587,0,14,10,1,1,2,0,14,850.0
2025-01-01 00:14:20,STAR_TRACKER_VALID,0.7052,0,14,20,1,1,2,0,14,860.0
2025-01-01 00:14:30,SUN_SENSOR_ANGLE,112.8756,0,14,30,1,1,2,0,14,870.0
2025-01-01 00:14:40,RF_SIGNAL_STRENGTH,-59.3001,0,14,40,1,1,2,0,14,880.0
2025-01-01 00:14:50,RF_NOISE_FLOOR,-93.3478,0,14,50,1,1,2,0,14,890.0
2025-01-01 00:15:00,TX_POWER,3.3946,0,15,0,1,1,2,0,15,900.0
2025-01-01 00:15:10,LINK_MARGIN,17.9764,0,15,10,1,1,2,0,15,910.0
2025-01-01 00:15:20,DATA_RATE_KBPS,161.6631,0,15,20,1,1,2,0,15,920.0
2025-01-01 00:15:30,PACKET_LOSS_RATE,1.2836,0,15,30,1,1,2,0,15,930.0
2025-01-01 00:15:40,CPU_USAGE,47.5723,0,15,40,1,1,2,0,15,940.0
2025-01-01 00:15:50,MEMORY_USAGE,59.3086,0,15,50,1,1,2,0,15,950.0
2025-01-01 00:16:00,FLASH_WRITE_RATE,3.3885,0,16,0,1,1,2,0,16,960.0
2025-01-01 00:16:10,WATCHDOG_COUNTER,74.0278,0,16,10,1,1,2,0,16,970.0
2025-01-01 00:16:20,TANK_PRESSURE,309.2063,0,16,20,1,1,2,0,16,980.0
2025-01-01 00:16:30,THRUSTER_VALVE_TEMP,20.6925,0,16,30,1,1,2,0,16,990.0
2025-01-01 00:16:40,BATT_VOLTAGE_1,28.7403,0,16,40,1,1,2,0,16,1000.0
2025-01-01 00:16:50,BATT_VOLTAGE_2,28.7607,0,16,50,1,1,2,0,16,1010.0
2025-01-01 00:17:00,BATT_CURRENT_1,2.8546,0,17,0,1,1,2,0,17,1020.0
2025-01-01 00:17:10,BATT_CURRENT_2,2.7227,0,17,10,1,1,2,0,17,1030.0
2025-01-01 00:17:20,BATT_TEMP_1,29.2339,0,17,20,1,1,2,0,17,1040.0
2025-01-01 00:17:30,BATT_TEMP_2,25.7861,0,17,30,1,1,2,0,17,1050.0
2025-01-01 00:17:40,BATT_SOC,79.7528,0,17,40,1,1,2,0,17,1060.0
2025-01-01 00:17:50,SOLAR_PANEL_VOLT_A,32.6222,0,17,50,1,1,2,0,17,1070.0
2025-01-01 00:18:00,SOLAR_PANEL_VOLT_B,31.3616,0,18,0,1,1,2,0,18,1080.0
2025-01-01 00:18:10,SOLAR_PANEL_CURR_A,6.6095,0,18,10,1,1,2,0,18,1090.0
2025-01-01 00:18:20,SOLAR_PANEL_CURR_B,5.7899,0,18,20,1,1,2,0,18,1100.0
2025-01-01 00:18:30,SOLAR_POWER_TOTAL,113.1047,0,18,30,1,1,2,0,18,1110.0
2025-01-01 00:18:40,BUS_VOLTAGE,29.0387,0,18,40,1,1,2,0,18,1120.0
2025-01-01 00:18:50,BUS_CURRENT,9.6988,0,18,50,1,1,2,0,18,1130.0
2025-01-01 00:19:00,THRUSTER_TEMP_1,24.8154,0,19,0,1,1,2,0,19,1140.0
2025-01-01 00:19:10,THRUSTER_TEMP_2,26.4737,0,19,10,1,1,2,0,19,1150.0
2025-01-01 00:19:20,PAYLOAD_TEMP_CAM,24.377,0,19,20,1,1,2,0,19,1160.0
2025-01-01 00:19:30,PAYLOAD_TEMP_SENSOR,23.5972,0,19,30,1,1,2,0,19,1170.0
2025-01-01 00:19:40,OBC_TEMP,50.1497,0,19,40,1,1,2,0,19,1180.0
2025-01-01 00:19:50,TRANS_TEMP,42.8489,0,19,50,1,1,2,0,19,1190.0
2025-01-01 00:20:00,STRUCT_TEMP_PANEL_X,31.934,0,20,0,1,1,2,0,20,1200.0
2025-01-01 00:20:10,STRUCT_TEMP_PANEL_Y,34.039,0,20,10,1,1,2,0,20,1210.0
2025-01-01 00:20:20,STRUCT_TEMP_PANEL_Z,34.6617,0,20,20,1,1,2,0,20,1220.0
2025-01-01 00:20:30,RADIATOR_TEMP,-9.4789,0,20,30,1,1,2,0,20,1230.0
2025-01-01 00:20:40,GYRO_X,0.0285,0,20,40,1,1,2,0,20,1240.0
2025-01-01 00:20:50,GYRO_Y,0.0397,0,20,50,1,1,2,0,20,1250.0
2025-01-01 00:21:00,GYRO_Z,0.0012,0,21,0,1,1,2,0,21,1260.0
2025-01-01 00:21:10,MAGNETOMETER_X,28.0575,0,21,10,1,1,2,0,21,1270.0
2025-01-01 00:21:20,MAGNETOMETER_Y,20.6058,0,21,20,1,1,2,0,21,1280.0
2025-01-01 00:21:30,MAGNETOMETER_Z,4.1636,0,21,30,1,1,2,0,21,1290.0
2025-01-01 00:21:40,REACTION_WHEEL_SPD_X,935.8122,0,21,40,1,1,2,0,21,1300.0
2025-01-01 00:21:50,REACTION_WHEEL_SPD_Y,1748.5534,0,21,50,1,1,2,0,21,1310.0
2025-01-01 00:22:00,REACTION_WHEEL_SPD_Z,1055.9606,0,22,0,1,1,2,0,22,1320.0
2025-01-01 00:22:10,ATTITUDE_ROLL,1.4417,0,22,10,1,1,2,0,22,1330.0
2025-01-01 00:22:20,ATTITUDE_PITCH,0.6891,0,22,20,1,1,2,0,22,1340.0
2025-01-01 00:22:30,ATTITUDE_YAW,0.1455,0,22,30,1,1,2,0,22,1350.0
2025-01-01 00:22:40,STAR_TRACKER_VALID,0.5102,0,22,40,1,1,2,0,22,1360.0
2025-01-01 00:22:50,SUN_SENSOR_ANGLE,128.4911,0,22,50,1,1,2,0,22,1370.0
2025-01-01 00:23:00,RF_SIGNAL_STRENGTH,-59.0267,0,23,0,1,1,2,0,23,1380.0
2025-01-01 00:23:10,RF_NOISE_FLOOR,-91.5062,0,23,10,1,1,2,0,23,1390.0
2025-01-01 00:23:20,TX_POWER,3.8906,0,23,20,1,1,2,0,23,1400.0
2025-01-01 00:23:30,LINK_MARGIN,20.8457,0,23,30,1,1,2,0,23,1410.0
2025-01-01 00:23:40,DATA_RATE_KBPS,157.6163,0,23,40,1,1,2,0,23,1420.0
2025-01-01 00:23:50,PACKET_LOSS_RATE,1.2085,0,23,50,1,1,2,0,23,1430.0
2025-01-01 00:24:00,CPU_USAGE,36.2162,0,24,0,1,1,2,0,24,1440.0
2025-01-01 00:24:10,MEMORY_USAGE,60.2346,0,24,10,1,1,2,0,24,1450.0
2025-01-01 00:24:20,FLASH_WRITE_RATE,3.4883,0,24,20,1,1,2,0,24,1460.0
2025-01-01 00:24:30,WATCHDOG_COUNTER,74.4131,0,24,30,1,1,2,0,24,1470.0
2025-01-01 00:24:40,TANK_PRESSURE,312.2149,0,24,40,1,1,2,0,24,1480.0
2025-01-01 00:24:50,THRUSTER_VALVE_TEMP,19.1706,0,24,50,1,1,2,0,24,1490.0
2025-01-01 00:25:00,BATT_VOLTAGE_1,28.7236,0,25,0,1,1,2,0,25,1500.0
2025-01-01 00:25:10,BATT_VOLTAGE_2,28.5431,0,25,10,1,1,2,0,25,1510.0
2025-01-01 00:25:20,BATT_CURRENT_1,3.0972,0,25,20,1,1,2,0,25,1520.0
2025-01-01 00:25:30,BATT_CURRENT_2,3.2077,0,25,30,1,1,2,0,25,1530.0
2025-01-01 00:25:40,BATT_TEMP_1,23.9365,0,25,40,1,1,2,0,25,1540.0
2025-01-01 00:25:50,BATT_TEMP_2,30.2935,0,25,50,1,1,2,0,25,1550.0
2025-01-01 00:26:00,BATT_SOC,91.0935,0,26,0,1,1,2,0,26,1560.0
2025-01-01 00:26:10,SOLAR_PANEL_VOLT_A,32.4669,0,26,10,1,1,2,0,26,1570.0
2025-01-01 00:26:20,SOLAR_PANEL_VOLT_B,30.9172,0,26,20,1,1,2,0,26,1580.0
2025-01-01 00:26:30,SOLAR_PANEL_CURR_A,6.6567,0,26,30,1,1,2,0,26,1590.0
2025-01-01 00:26:40,SOLAR_PANEL_CURR_B,5.8471,0,26,40,1,1,2,0,26,1600.0
2025-01-01 00:26:50,SOLAR_POWER_TOTAL,113.693,0,26,50,1,1,2,0,26,1610.0
2025-01-01 00:27:00,BUS_VOLTAGE,28.9661,0,27,0,1,1,2,0,27,1620.0
2025-01-01 00:27:10,BUS_CURRENT,9.5247,0,27,10,1,1,2,0,27,1630.0
2025-01-01 00:27:20,THRUSTER_TEMP_1,25.9642,0,27,20,1,1,2,0,27,1640.0
2025-01-01 00:27:30,THRUSTER_TEMP_2,23.8822,0,27,30,1,1,2,0,27,1650.0
2025-01-01 00:27:40,PAYLOAD_TEMP_CAM,22.0989,0,27,40,1,1,2,0,27,1660.0
2025-01-01 00:27:50,PAYLOAD_TEMP_SENSOR,23.9182,0,27,50,1,1,2,0,27,1670.0
2025-01-01 00:28:00,OBC_TEMP,49.8226,0,28,0,1,1,2,0,28,1680.0
2025-01-01 00:28:10,TRANS_TEMP,40.9168,0,28,10,1,1,2,0,28,1690.0
2025-01-01 00:28:20,STRUCT_TEMP_PANEL_X,26.2929,0,28,20,1,1,2,0,28,1700.0
2025-01-01 00:28:30,STRUCT_TEMP_PANEL_Y,28.5929,0,28,30,1,1,2,0,28,1710.0
2025-01-01 00:28:40,STRUCT_TEMP_PANEL_Z,32.8848,0,28,40,1,1,2,0,28,1720.0
2025-01-01 00:28:50,RADIATOR_TEMP,-7.211,0,28,50,1,1,2,0,28,1730.0
2025-01-01 00:29:00,GYRO_X,0.0057,0,29,0,1,1,2,0,29,1740.0
2025-01-01 00:29:10,GYRO_Y,-0.002,0,29,10,1,1,2,0,29,1750.0
2025-01-01 00:29:20,GYRO_Z,0.014,0,29,20,1,1,2,0,29,1760.0
2025-01-01 00:29:30,MAGNETOMETER_X,35.0745,0,29,30,1,1,2,0,29,1770.0
2025-01-01 00:29:40,MAGNETOMETER_Y,31.5487,0,29,40,1,1,2,0,29,1780.0
2025-01-01 00:29:50,MAGNETOMETER_Z,12.7789,0,29,50,1,1,2,0,29,1790.0
2025-01-01 00:30:00,REACTION_WHEEL_SPD_X,605.5645,0,30,0,1,1,2,0,30,1800.0
2025-01-01 00:30:10,REACTION_WHEEL_SPD_Y,1443.8099,0,30,10,1,1,2,0,30,1810.0
2025-01-01 00:30:20,REACTION_WHEEL_SPD_Z,1422.2139,0,30,20,1,1,2,0,30,1820.0
2025-01-01 00:30:30,ATTITUDE_ROLL,0.8893,0,30,30,1,1,2,0,30,1830.0
2025-01-01 00:30:40,ATTITUDE_PITCH,0.9502,0,30,40,1,1,2,0,30,1840.0
2025-01-01 00:30:50,ATTITUDE_YAW,1.5942,0,30,50,1,1,2,0,30,1850.0
2025-01-01 00:31:00,STAR_TRACKER_VALID,0.5757,0,31,0,1,1,2,0,31,1860.0
2025-01-01 00:31:10,SUN_SENSOR_ANGLE,110.7222,0,31,10,1,1,2,0,31,1870.0
2025-01-01 00:31:20,RF_SIGNAL_STRENGTH,-55.9465,0,31,20,1,1,2,0,31,1880.0
2025-01-01 00:31:30,RF_NOISE_FLOOR,-95.2207,0,31,30,1,1,2,0,31,1890.0
2025-01-01 00:31:40,TX_POWER,2.8184,0,31,40,1,1,2,0,31,1900.0
2025-01-01 00:31:50,LINK_MARGIN,17.9535,0,31,50,1,1,2,0,31,1910.0
2025-01-01 00:32:00,DATA_RATE_KBPS,133.312,0,32,0,1,1,2,0,32,1920.0
2025-01-01 00:32:10,PACKET_LOSS_RATE,1.2116,0,32,10,1,1,2,0,32,1930.0
2025-01-01 00:32:20,CPU_USAGE,40.0701,0,32,20,1,1,2,0,32,1940.0
2025-01-01 00:32:30,MEMORY_USAGE,63.7385,0,32,30,1,1,2,0,32,1950.0
2025-01-01 00:32:40,FLASH_WRITE_RATE,3.1237,0,32,40,1,1,2,0,32,1960.0
2025-01-01 00:32:50,WATCHDOG_COUNTER,76.2469,0,32,50,1,1,2,0,32,1970.0
2025-01-01 00:33:00,TANK_PRESSURE,297.6313,0,33,0,1,1,2,0,33,1980.0
2025-01-01 00:33:10,THRUSTER_VALVE_TEMP,18.0578,0,33,10,1,1,2,0,33,1990.0
2025-01-01 00:33:20,BATT_VOLTAGE_1,28.5608,0,33,20,1,1,2,0,33,2000.0
2025-01-01 00:33:30,BATT_VOLTAGE_2,28.04,0,33,30,1,1,2,0,33,2010.0
2025-01-01 00:33:40,BATT_CURRENT_1,2.8202,0,33,40,1,1,2,0,33,2020.0
2025-01-01 00:33:50,BATT_CURRENT_2,3.2416,0,33,50,1,1,2,0,33,2030.0
2025-01-01 00:34:00,BATT_TEMP_1,28.9566,0,34,0,1,1,2,0,34,2040.0
2025-01-01 00:34:10,BATT_TEMP_2,30.8032,0,34,10,1,1,2,0,34,2050.0
2025-01-01 00:34:20,BATT_SOC,89.0551,0,34,20,1,1,2,0,34,2060.0
2025-01-01 00:34:30,SOLAR_PANEL_VOLT_A,32.5453,0,34,30,1,1,2,0,34,2070.0
2025-01-01 00:34:40,SOLAR_PANEL_VOLT_B,32.2261,0,34,40,1,1,2,0,34,2080.0
2025-01-01 00:34:50,SOLAR_PANEL_CURR_A,6.4118,0,34,50,1,1,2,0,34,2090.0
2025-01-01 00:35:00,SOLAR_PANEL_CURR_B,6.2713,0,35,0,1,1,2,0,35,2100.0
2025-01-01 00:35:10,SOLAR_POWER_TOTAL,111.1891,0,35,10,1,1,2,0,35,2110.0
2025-01-01 00:35:20,BUS_VOLTAGE,28.9374,0,35,20,1,1,2,0,35,2120.0
2025-01-01 00:35:30,BUS_CURRENT,10.6502,0,35,30,1,1,2,0,35,2130.0
2025-01-01 00:35:40,THRUSTER_TEMP_1,22.7438,0,35,40,1,1,2,0,35,2140.0
2025-01-01 00:35:50,THRUSTER_TEMP_2,23.9957,0,35,50,1,1,2,0,35,2150.0
2025-01-01 00:36:00,PAYLOAD_TEMP_CAM,22.8792,0,36,0,1,1,2,0,36,2160.0
2025-01-01 00:36:10,PAYLOAD_TEMP_SENSOR,24.9907,0,36,10,1,1,2,0,36,2170.0
2025-01-01 00:36:20,OBC_TEMP,42.5104,0,36,20,1,1,2,0,36,2180.0
2025-01-01 00:36:30,TRANS_TEMP,44.0239,0,36,30,1,1,2,0,36,2190.0
2025-01-01 00:36:40,STRUCT_TEMP_PANEL_X,34.6139,0,36,40,1,1,2,0,36,2200.0
2025-01-01 00:36:50,STRUCT_TEMP_PANEL_Y,24.1004,0,36,50,1,1,2,0,36,2210.0
2025-01-01 00:37:00,STRUCT_TEMP_PANEL_Z,30.1405,0,37,0,1,1,2,0,37,2220.0
2025-01-01 00:37:10,RADIATOR_TEMP,-9.166,0,37,10,1,1,2,0,37,2230.0
2025-01-01 00:37:20,GYRO_X,0.011,0,37,20,1,1,2,0,37,2240.0
2025-01-01 00:37:30,GYRO_Y,0.0106,0,37,30,1,1,2,0,37,2250.0
2025-01-01 00:37:40,GYRO_Z,-0.0087,0,37,40,1,1,2,0,37,2260.0
2025-01-01 00:37:50,MAGNETOMETER_X,25.859,0,37,50,1,1,2,0,37,2270.0
2025-01-01 00:38:00,MAGNETOMETER_Y,22.1442,0,38,0,1,1,2,0,38,2280.0
2025-01-01 00:38:10,MAGNETOMETER_Z,21.8139,0,38,10,1,1,2,0,38,2290.0
2025-01-01 00:38:20,REACTION_WHEEL_SPD_X,1495.1389,0,38,20,1,1,2,0,38,2300.0
2025-01-01 00:38:30,REACTION_WHEEL_SPD_Y,843.0763,0,38,30,1,1,2,0,38,2310.0
2025-01-01 00:38:40,REACTION_WHEEL_SPD_Z,1675.4093,0,38,40,1,1,2,0,38,2320.0
2025-01-01 00:38:50,ATTITUDE_ROLL,1.5215,0,38,50,1,1,2,0,38,2330.0
2025-01-01 00:39:00,ATTITUDE_PITCH,1.1644,0,39,0,1,1,2,0,39,2340.0
2025-01-01 00:39:10,ATTITUDE_YAW,2.1734,0,39,10,1,1,2,0,39,2350.0
2025-01-01 00:39:20,STAR_TRACKER_VALID,0.5671,0,39,20,1,1,2,0,39,2360.0
2025-01-01 00:39:30,SUN_SENSOR_ANGLE,145.3484,0,39,30,1,1,2,0,39,2370.0
2025-01-01 00:39:40,RF_SIGNAL_STRENGTH,-63.17,0,39,40,1,1,2,0,39,2380.0
2025-01-01 00:39:50,RF_NOISE_FLOOR,-93.8167,0,39,50,1,1,2,0,39,2390.0
2025-01-01 00:40:00,TX_POWER,4.1419,0,40,0,1,1,2,0,40,2400.0
2025-01-01 00:40:10,LINK_MARGIN,15.3004,0,40,10,1,1,2,0,40,2410.0
2025-01-01 00:40:20,DATA_RATE_KBPS,146.52,0,40,20,1,1,2,0,40,2420.0
2025-01-01 00:40:30,PACKET_LOSS_RATE,1.4744,0,40,30,1,1,2,0,40,2430.0
2025-01-01 00:40:40,CPU_USAGE,47.4837,0,40,40,1,1,2,0,40,2440.0
2025-01-01 00:40:50,MEMORY_USAGE,63.6561,0,40,50,1,1,2,0,40,2450.0
2025-01-01 00:41:00,FLASH_WRITE_RATE,3.5253,0,41,0,1,1,2,0,41,2460.0
2025-01-01 00:41:10,WATCHDOG_COUNTER,62.9802,0,41,10,1,1,2,0,41,2470.0
2025-01-01 00:41:20,TANK_PRESSURE,303.5337,0,41,20,1,1,2,0,41,2480.0
2025-01-01 00:41:30,THRUSTER_VALVE_TEMP,21.3422,0,41,30,1,1,2,0,41,2490.0
2025-01-01 00:41:40,BATT_VOLTAGE_1,28.3714,0,41,40,1,1,2,0,41,2500.0
2025-01-01 00:41:50,BATT_VOLTAGE_2,28.4443,0,41,50,1,1,2,0,41,2510.0
2025-01-01 00:42:00,BATT_CURRENT_1,2.9202,0,42,0,1,1,2,0,42,2520.0
2025-01-01 00:42:10,BATT_CURRENT_2,2.7508,0,42,10,1,1,2,0,42,2530.0
2025-01-01 00:42:20,BATT_TEMP_1,26.4173,0,42,20,1,1,2,0,42,2540.0
2025-01-01 00:42:30,BATT_TEMP_2,29.6707,0,42,30,1,1,2,0,42,2550.0
2025-01-01 00:42:40,BATT_SOC,89.69,0,42,40,1,1,2,0,42,2560.0
2025-01-01 00:42:50,SOLAR_PANEL_VOLT_A,31.6877,0,42,50,1,1,2,0,42,2570.0
2025-01-01 00:43:00,SOLAR_PANEL_VOLT_B,32.4721,0,43,0,1,1,2,0,43,2580.0
2025-01-01 00:43:10,SOLAR_PANEL_CURR_A,6.1105,0,43,10,1,1,2,0,43,2590.0
2025-01-01 00:43:20,SOLAR_PANEL_CURR_B,6.2362,0,43,20,1,1,2,0,43,2600.0
2025-01-01 00:43:30,SOLAR_POWER_TOTAL,114.9608,0,43,30,1,1,2,0,43,2610.0
2025-01-01 00:43:40,BUS_VOLTAGE,28.8797,0,43,40,1,1,2,0,43,2620.0
2025-01-01 00:43:50,BUS_CURRENT,8.9145,0,43,50,1,1,2,0,43,2630.0
2025-01-01 00:44:00,THRUSTER_TEMP_1,24.0512,0,44,0,1,1,2,0,44,2640.0
2025-01-01 00:44:10,THRUSTER_TEMP_2,22.5147,0,44,10,1,1,2,0,44,2650.0
2025-01-01 00:44:20,PAYLOAD_TEMP_CAM,25.0593,0,44,20,1,1,2,0,44,2660.0
2025-01-01 00:44:30,PAYLOAD_TEMP_SENSOR,25.5318,0,44,30,1,1,2,0,44,2670.0
2025-01-01 00:44:40,OBC_TEMP,47.7116,0,44,40,1,1,2,0,44,2680.0
2025-01-01 00:44:50,TRANS_TEMP,42.6995,0,44,50,1,1,2,0,44,2690.0
2025-01-01 00:45:00,STRUCT_TEMP_PANEL_X,20.9121,0,45,0,1,1,2,0,45,2700.0
2025-01-01 00:45:10,STRUCT_TEMP_PANEL_Y,32.4054,0,45,10,1,1,2,0,45,2710.0
2025-01-01 00:45:20,STRUCT_TEMP_PANEL_Z,28.3275,0,45,20,1,1,2,0,45,2720.0
2025-01-01 00:45:30,RADIATOR_TEMP,-1.1194,0,45,30,1,1,2,0,45,2730.0
2025-01-01 00:45:40,GYRO_X,0.0132,0,45,40,1,1,2,0,45,2740.0
2025-01-01 00:45:50,GYRO_Y,0.0383,0,45,50,1,1,2,0,45,2750.0
2025-01-01 00:46:00,GYRO_Z,0.0333,0,46,0,1,1,2,0,46,2760.0
2025-01-01 00:46:10,MAGNETOMETER_X,23.905,0,46,10,1,1,2,0,46,2770.0
2025-01-01 00:46:20,MAGNETOMETER_Y,32.9603,0,46,20,1,1,2,0,46,2780.0
2025-01-01 00:46:30,MAGNETOMETER_Z,21.3728,0,46,30,1,1,2,0,46,2790.0
2025-01-01 00:46:40,REACTION_WHEEL_SPD_X,1449.8117,0,46,40,1,1,2,0,46,2800.0
2025-01-01 00:46:50,REACTION_WHEEL_SPD_Y,1225.6288,0,46,50,1,1,2,0,46,2810.0
2025-01-01 00:47:00,REACTION_WHEEL_SPD_Z,605.1669,0,47,0,1,1,2,0,47,2820.0
2025-01-01 00:47:10,ATTITUDE_ROLL,0.796,0,47,10,1,1,2,0,47,2830.0
2025-01-01 00:47:20,ATTITUDE_PITCH,0.8395,0,47,20,1,1,2,0,47,2840.0
2025-01-01 00:47:30,ATTITUDE_YAW,0.1438,0,47,30,1,1,2,0,47,2850.0
2025-01-01 00:47:40,STAR_TRACKER_VALID,0.5045,0,47,40,1,1,2,0,47,2860.0
2025-01-01 00:47:50,SUN_SENSOR_ANGLE,89.3205,0,47,50,1,1,2,0,47,2870.0
2025-01-01 00:48:00,RF_SIGNAL_STRENGTH,-59.2949,0,48,0,1,1,2,0,48,2880.0
2025-01-01 00:48:10,RF_NOISE_FLOOR,-93.3123,0,48,10,1,1,2,0,48,2890.0
2025-01-01 00:48:20,TX_POWER,3.2666,0,48,20,1,1,2,0,48,2900.0
2025-01-01 00:48:30,LINK_MARGIN,18.3571,0,48,30,1,1,2,0,48,2910.0
2025-01-01 00:48:40,DATA_RATE_KBPS,138.6997,0,48,40,1,1,2,0,48,2920.0
2025-01-01 00:48:50,PACKET_LOSS_RATE,1.5666,0,48,50,1,1,2,0,48,2930.0
2025-01-01 00:49:00,CPU_USAGE,40.2915,0,49,0,1,1,2,0,49,2940.0
2025-01-01 00:49:10,MEMORY_USAGE,61.9329,0,49,10,1,1,2,0,49,2950.0
2025-01-01 00:49:20,FLASH_WRITE_RATE,3.6308,0,49,20,1,1,2,0,49,2960.0
2025-01-01 00:49:30,WATCHDOG_COUNTER,70.2909,0,49,30,1,1,2,0,49,2970.0
2025-01-01 00:49:40,TANK_PRESSURE,307.0621,0,49,40,1,1,2,0,49,2980.0
2025-01-01 00:49:50,THRUSTER_VALVE_TEMP,21.3797,0,49,50,1,1,2,0,49,2990.0
2025-01-01 00:50:00,BATT_VOLTAGE_1,28.7007,0,50,0,1,1,2,0,50,3000.0
2025-01-01 00:50:10,BATT_VOLTAGE_2,28.3816,0,50,10,1,1,2,0,50,3010.0
2025-01-01 00:50:20,BATT_CURRENT_1,2.7121,0,50,20,1,1,2,0,50,3020.0
2025-01-01 00:50:30,BATT_CURRENT_2,3.1346,0,50,30,1,1,2,0,50,3030.0
2025-01-01 00:50:40,BATT_TEMP_1,27.0868,0,50,40,1,1,2,0,50,3040.0
2025-01-01 00:50:50,BATT_TEMP_2,31.9289,0,50,50,1,1,2,0,50,3050.0
2025-01-01 00:51:00,BATT_SOC,89.8751,0,51,0,1,1,2,0,51,3060.0
2025-01-01 00:51:10,SOLAR_PANEL_VOLT_A,32.0573,0,51,10,1,1,2,0,51,3070.0
2025-01-01 00:51:20,SOLAR_PANEL_VOLT_B,31.7046,0,51,20,1,1,2,0,51,3080.0
2025-01-01 00:51:30,SOLAR_PANEL_CURR_A,6.1887,0,51,30,1,1,2,0,51,3090.0
2025-01-01 00:51:40,SOLAR_PANEL_CURR_B,6.1214,0,51,40,1,1,2,0,51,3100.0
2025-01-01 00:51:50,SOLAR_POWER_TOTAL,114.3203,0,51,50,1,1,2,0,51,3110.0
2025-01-01 00:52:00,BUS_VOLTAGE,28.8702,0,52,0,1,1,2,0,52,3120.0
2025-01-01 00:52:10,BUS_CURRENT,10.4768,0,52,10,1,1,2,0,52,3130.0
2025-01-01 00:52:20,THRUSTER_TEMP_1,25.9748,0,52,20,1,1,2,0,52,3140.0
2025-01-01 00:52:30,THRUSTER_TEMP_2,24.4534,0,52,30,1,1,2,0,52,3150.0
2025-01-01 00:52:40,PAYLOAD_TEMP_CAM,25.2294,0,52,40,1,1,2,0,52,3160.0
2025-01-01 00:52:50,PAYLOAD_TEMP_SENSOR,24.3857,0,52,50,1,1,2,0,52,3170.0
2025-01-01 00:53:00,OBC_TEMP,44.4131,0,53,0,1,1,2,0,53,3180.0
2025-01-01 00:53:10,TRANS_TEMP,38.2336,0,53,10,1,1,2,0,53,3190.0
2025-01-01 00:53:20,STRUCT_TEMP_PANEL_X,36.9412,0,53,20,1,1,2,0,53,3200.0
2025-01-01 00:53:30,STRUCT_TEMP_PANEL_Y,32.6769,0,53,30,1,1,2,0,53,3210.0
2025-01-01 00:53:40,STRUCT_TEMP_PANEL_Z,28.4854,0,53,40,1,1,2,0,53,3220.0
2025-01-01 00:53:50,RADIATOR_TEMP,0.4161,0,53,50,1,1,2,0,53,3230.0
2025-01-01 00:54:00,GYRO_X,0.0272,0,54,0,1,1,2,0,54,3240.0
2025-01-01 00:54:10,GYRO_Y,0.0461,0,54,10,1,1,2,0,54,3250.0
2025-01-01 00:54:20,GYRO_Z,0.002,0,54,20,1,1,2,0,54,3260.0
2025-01-01 00:54:30,MAGNETOMETER_X,29.7306,0,54,30,1,1,2,0,54,3270.0
2025-01-01 00:54:40,MAGNETOMETER_Y,32.2739,0,54,40,1,1,2,0,54,3280.0
2025-01-01 00:54:50,MAGNETOMETER_Z,7.3135,0,54,50,1,1,2,0,54,3290.0
2025-01-01 00:55:00,REACTION_WHEEL_SPD_X,1746.7664,0,55,0,1,1,2,0,55,3300.0
2025-01-01 00:55:10,REACTION_WHEEL_SPD_Y,835.2547,0,55,10,1,1,2,0,55,3310.0
2025-01-01 00:55:20,REACTION_WHEEL_SPD_Z,1432.6916,0,55,20,1,1,2,0,55,3320.0
2025-01-01 00:55:30,ATTITUDE_ROLL,1.4254,0,55,30,1,1,2,0,55,3330.0
2025-01-01 00:55:40,ATTITUDE_PITCH,0.6325,0,55,40,1,1,2,0,55,3340.0
2025-01-01 00:55:50,ATTITUDE_YAW,2.5189,0,55,50,1,1,2,0,55,3350.0
2025-01-01 00:56:00,STAR_TRACKER_VALID,0.6829,0,56,0,1,1,2,0,56,3360.0
2025-01-01 00:56:10,SUN_SENSOR_ANGLE,140.7924,0,56,10,1,1,2,0,56,3370.0
2025-01-01 00:56:20,RF_SIGNAL_STRENGTH,-54.7544,0,56,20,1,1,2,0,56,3380.0
2025-01-01 00:56:30,RF_NOISE_FLOOR,-85.4859,0,56,30,1,1,2,0,56,3390.0
2025-01-01 00:56:40,TX_POWER,3.5524,0,56,40,1,1,2,0,56,3400.0
2025-01-01 00:56:50,LINK_MARGIN,15.6183,0,56,50,1,1,2,0,56,3410.0
2025-01-01 00:57:00,DATA_RATE_KBPS,150.7985,0,57,0,1,1,2,0,57,3420.0
2025-01-01 00:57:10,PACKET_LOSS_RATE,1.3349,0,57,10,1,1,2,0,57,3430.0
2025-01-01 00:57:20,CPU_USAGE,47.8647,0,57,20,1,1,2,0,57,3440.0
2025-01-01 00:57:30,MEMORY_USAGE,52.8721,0,57,30,1,1,2,0,57,3450.0
2025-01-01 00:57:40,FLASH_WRITE_RATE,4.2553,0,57,40,1,1,2,0,57,3460.0
2025-01-01 00:57:50,WATCHDOG_COUNTER,76.9727,0,57,50,1,1,2,0,57,3470.0
2025-01-01 00:58:00,TANK_PRESSURE,305.5219,0,58,0,1,1,2,0,58,3480.0
2025-01-01 00:58:10,THRUSTER_VALVE_TEMP,18.0192,0,58,10,1,1,2,0,58,3490.0
2025-01-01 00:58:20,BATT_VOLTAGE_1,28.8181,0,58,20,1,1,2,0,58,3500.0
2025-01-01 00:58:30,BATT_VOLTAGE_2,27.7449,0,58,30,1,1,2,0,58,3510.0
2025-01-01 00:58:40,BATT_CURRENT_1,3.3769,0,58,40,1,1,2,0,58,3520.0
2025-01-01 00:58:50,BATT_CURRENT_2,3.1499,0,58,50,1,1,2,0,58,3530.0
2025-01-01 00:59:00,BATT_TEMP_1,28.1019,0,59,0,1,1,2,0,59,3540.0
2025-01-01 00:59:10,BATT_TEMP_2,28.3872,0,59,10,1,1,2,0,59,3550.0
2025-01-01 00:59:20,BATT_SOC,91.0492,0,59,20,1,1,2,0,59,3560.0
2025-01-01 00:59:30,SOLAR_PANEL_VOLT_A,32.4299,0,59,30,1,1,2,0,59,3570.0
2025-01-01 00:59:40,SOLAR_PANEL_VOLT_B,32.0877,0,59,40,1,1,2,0,59,3580.0
2025-01-01 00:59:50,SOLAR_PANEL_CURR_A,5.4745,0,59,50,1,1,2,0,59,3590.0
2025-01-01 01:00:00,SOLAR_PANEL_CURR_B,6.139,1,0,0,1,1,2,0,60,3600.0
2025-01-01 01:00:10,SOLAR_POWER_TOTAL,101.9796,1,0,10,1,1,2,0,60,3610.0
2025-01-01 01:00:20,BUS_VOLTAGE,28.9321,1,0,20,1,1,2,0,60,3620.0
2025-01-01 01:00:30,BUS_CURRENT,9.4676,1,0,30,1,1,2,0,60,3630.0
2025-01-01 01:00:40,THRUSTER_TEMP_1,25.3407,1,0,40,1,1,2,0,60,3640.0
2025-01-01 01:00:50,THRUSTER_TEMP_2,25.3562,1,0,50,1,1,2,0,60,3650.0
2025-01-01 01:01:00,PAYLOAD_TEMP_CAM,24.873,1,1,0,1,1,2,0,61,3660.0
2025-01-01 01:01:10,PAYLOAD_TEMP_SENSOR,23.6153,1,1,10,1,1,2,0,61,3670.0
2025-01-01 01:01:20,OBC_TEMP,46.7413,1,1,20,1,1,2,0,61,3680.0
2025-01-01 01:01:30,TRANS_TEMP,41.0841,1,1,30,1,1,2,0,61,3690.0
2025-01-01 01:01:40,STRUCT_TEMP_PANEL_X,32.1268,1,1,40,1,1,2,0,61,3700.0
2025-01-01 01:01:50,STRUCT_TEMP_PANEL_Y,31.2977,1,1,50,1,1,2,0,61,3710.0
2025-01-01 01:02:00,STRUCT_TEMP_PANEL_Z,22.6274,1,2,0,1,1,2,0,62,3720.0
2025-01-01 01:02:10,RADIATOR_TEMP,-0.3129,1,2,10,1,1,2,0,62,3730.0
2025-01-01 01:02:20,GYRO_X,0.0286,1,2,20,1,1,2,0,62,3740.0
2025-01-01 01:02:30,GYRO_Y,0.0261,1,2,30,1,1,2,0,62,3750.0
2025-01-01 01:02:40,GYRO_Z,0.0238,1,2,40,1,1,2,0,62,3760.0
2025-01-01 01:02:50,MAGNETOMETER_X,24.268,1,2,50,1,1,2,0,62,3770.0
2025-01-01 01:03:00,MAGNETOMETER_Y,25.1089,1,3,0,1,1,2,0,63,3780.0
2025-01-01 01:03:10,MAGNETOMETER_Z,20.8751,1,3,10,1,1,2,0,63,3790.0
2025-01-01 01:03:20,REACTION_WHEEL_SPD_X,1044.9019,1,3,20,1,1,2,0,63,3800.0
2025-01-01 01:03:30,REACTION_WHEEL_SPD_Y,1209.8923,1,3,30,1,1,2,0,63,3810.0
2025-01-01 01:03:40,REACTION_WHEEL_SPD_Z,943.0688,1,3,40,1,1,2,0,63,3820.0
2025-01-01 01:03:50,ATTITUDE_ROLL,1.5556,1,3,50,1,1,2,0,63,3830.0
2025-01-01 01:04:00,ATTITUDE_PITCH,0.9198,1,4,0,1,1,2,0,64,3840.0
2025-01-01 01:04:10,ATTITUDE_YAW,-0.1658,1,4,10,1,1,2,0,64,3850.0
2025-01-01 01:04:20,STAR_TRACKER_VALID,0.5031,1,4,20,1,1,2,0,64,3860.0
2025-01-01 01:04:30,SUN_SENSOR_ANGLE,106.9305,1,4,30,1,1,2,0,64,3870.0
2025-01-01 01:04:40,RF_SIGNAL_STRENGTH,-63.7485,1,4,40,1,1,2,0,64,3880.0
2025-01-01 01:04:50,RF_NOISE_FLOOR,-88.5463,1,4,50,1,1,2,0,64,3890.0
2025-01-01 01:05:00,TX_POWER,3.9845,1,5,0,1,1,2,0,65,3900.0
2025-01-01 01:05:10,LINK_MARGIN,18.8658,1,5,10,1,1,2,0,65,3910.0
2025-01-01 01:05:20,DATA_RATE_KBPS,148.874,1,5,20,1,1,2,0,65,3920.0
2025-01-01 01:05:30,PACKET_LOSS_RATE,0.914,1,5,30,1,1,2,0,65,3930.0
2025-01-01 01:05:40,CPU_USAGE,42.8826,1,5,40,1,1,2,0,65,3940.0
2025-01-01 01:05:50,MEMORY_USAGE,56.6233,1,5,50,1,1,2,0,65,3950.0
2025-01-01 01:06:00,FLASH_WRITE_RATE,4.1809,1,6,0,1,1,2,0,66,3960.0
2025-01-01 01:06:10,WATCHDOG_COUNTER,74.4933,1,6,10,1,1,2,0,66,3970.0
2025-01-01 01:06:20,TANK_PRESSURE,304.2874,1,6,20,1,1,2,0,66,3980.0
2025-01-01 01:06:30,THRUSTER_VALVE_TEMP,20.913,1,6,30,1,1,2,0,66,3990.0
2025-01-01 01:06:40,BATT_VOLTAGE_1,28.0326,1,6,40,1,1,2,0,66,4000.0
2025-01-01 01:06:50,BATT_VOLTAGE_2,28.7504,1,6,50,1,1,2,0,66,4010.0
2025-01-01 01:07:00,BATT_CURRENT_1,3.0034,1,7,0,1,1,2,0,67,4020.0
2025-01-01 01:07:10,BATT_CURRENT_2,2.7761,1,7,10,1,1,2,0,67,4030.0
2025-01-01 01:07:20,BATT_TEMP_1,29.4555,1,7,20,1,1,2,0,67,4040.0
2025-01-01 01:07:30,BATT_TEMP_2,29.8357,1,7,30,1,1,2,0,67,4050.0
2025-01-01 01:07:40,BATT_SOC,86.9626,1,7,40,1,1,2,0,67,4060.0
2025-01-01 01:07:50,SOLAR_PANEL_VOLT_A,32.6843,1,7,50,1,1,2,0,67,4070.0
2025-01-01 01:08:00,SOLAR_PANEL_VOLT_B,32.3423,1,8,0,1,1,2,0,68,4080.0
2025-01-01 01:08:10,SOLAR_PANEL_CURR_A,6.5846,1,8,10,1,1,2,0,68,4090.0
2025-01-01 01:08:20,SOLAR_PANEL_CURR_B,6.2658,1,8,20,1,1,2,0,68,4100.0
2025-01-01 01:08:30,SOLAR_POWER_TOTAL,115.6658,1,8,30,1,1,2,0,68,4110.0
2025-01-01 01:08:40,BUS_VOLTAGE,28.838,1,8,40,1,1,2,0,68,4120.0
2025-01-01 01:08:50,BUS_CURRENT,9.7294,1,8,50,1,1,2,0,68,4130.0
2025-01-01 01:09:00,THRUSTER_TEMP_1,25.2381,1,9,0,1,1,2,0,69,4140.0
2025-01-01 01:09:10,THRUSTER_TEMP_2,25.6269,1,9,10,1,1,2,0,69,4150.0
2025-01-01 01:09:20,PAYLOAD_TEMP_CAM,24.1222,1,9,20,1,1,2,0,69,4160.0
2025-01-01 01:09:30,PAYLOAD_TEMP_SENSOR,23.4199,1,9,30,1,1,2,0,69,4170.0
2025-01-01 01:09:40,OBC_TEMP,46.8643,1,9,40,1,1,2,0,69,4180.0
2025-01-01 01:09:50,TRANS_TEMP,41.2418,1,9,50,1,1,2,0,69,4190.0
2025-01-01 01:10:00,STRUCT_TEMP_PANEL_X,28.8862,1,10,0,1,1,2,0,70,4200.0
2025-01-01 01:10:10,STRUCT_TEMP_PANEL_Y,33.7287,1,10,10,1,1,2,0,70,4210.0
2025-01-01 01:10:20,STRUCT_TEMP_PANEL_Z,26.0811,1,10,20,1,1,2,0,70,4220.0
2025-01-01 01:10:30,RADIATOR_TEMP,-7.6613,1,10,30,1,1,2,0,70,4230.0
2025-01-01 01:10:40,GYRO_X,0.0073,1,10,40,1,1,2,0,70,4240.0
2025-01-01 01:10:50,GYRO_Y,0.04,1,10,50,1,1,2,0,70,4250.0
2025-01-01 01:11:00,GYRO_Z,0.031,1,11,0,1,1,2,0,71,4260.0
2025-01-01 01:11:10,MAGNETOMETER_X,26.5467,1,11,10,1,1,2,0,71,4270.0
2025-01-01 01:11:20,MAGNETOMETER_Y,7.8161,1,11,20,1,1,2,0,71,4280.0
2025-01-01 01:11:30,MAGNETOMETER_Z,24.5407,1,11,30,1,1,2,0,71,4290.0
2025-01-01 01:11:40,REACTION_WHEEL_SPD_X,853.481,1,11,40,1,1,2,0,71,4300.0
2025-01-01 01:11:50,REACTION_WHEEL_SPD_Y,1609.7705,1,11,50,1,1,2,0,71,4310.0
2025-01-01 01:12:00,REACTION_WHEEL_SPD_Z,1430.6903,1,12,0,1,1,2,0,72,4320.0
2025-01-01 01:12:10,ATTITUDE_ROLL,0.5867,1,12,10,1,1,2,0,72,4330.0
2025-01-01 01:12:20,ATTITUDE_PITCH,1.0479,1,12,20,1,1,2,0,72,4340.0
2025-01-01 01:12:30,ATTITUDE_YAW,-0.5388,1,12,30,1,1,2,0,72,4350.0
2025-01-01 01:12:40,STAR_TRACKER_VALID,0.5205,1,12,40,1,1,2,0,72,4360.0
2025-01-01 01:12:50,SUN_SENSOR_ANGLE,98.9683,1,12,50,1,1,2,0,72,4370.0
2025-01-01 01:13:00,RF_SIGNAL_STRENGTH,-57.6748,1,13,0,1,1,2,0,73,4380.0
2025-01-01 01:13:10,RF_NOISE_FLOOR,-89.8324,1,13,10,1,1,2,0,73,4390.0
2025-01-01 01:13:20,TX_POWER,3.3285,1,13,20,1,1,2,0,73,4400.0
2025-01-01 01:13:30,LINK_MARGIN,18.7941,1,13,30,1,1,2,0,73,4410.0
2025-01-01 01:13:40,DATA_RATE_KBPS,144.8932,1,13,40,1,1,2,0,73,4420.0
2025-01-01 01:13:50,PACKET_LOSS_RATE,1.0307,1,13,50,1,1,2,0,73,4430.0
2025-01-01 01:14:00,CPU_USAGE,48.712,1,14,0,1,1,2,0,74,4440.0
2025-01-01 01:14:10,MEMORY_USAGE,62.0088,1,14,10,1,1,2,0,74,4450.0
2025-01-01 01:14:20,FLASH_WRITE_RATE,3.7026,1,14,20,1,1,2,0,74,4460.0
2025-01-01 01:14:30,WATCHDOG_COUNTER,58.7906,1,14,30,1,1,2,0,74,4470.0
2025-01-01 01:14:40,TANK_PRESSURE,299.2416,1,14,40,1,1,2,0,74,4480.0
2025-01-01 01:14:50,THRUSTER_VALVE_TEMP,20.8387,1,14,50,1,1,2,0,74,4490.0
2025-01-01 01:15:00,BATT_VOLTAGE_1,28.8424,1,15,0,1,1,2,0,75,4500.0
2025-01-01 01:15:10,BATT_VOLTAGE_2,27.8642,1,15,10,1,1,2,0,75,4510.0
2025-01-01 01:15:20,BATT_CURRENT_1,2.6203,1,15,20,1,1,2,0,75,4520.0
2025-01-01 01:15:30,BATT_CURRENT_2,2.6744,1,15,30,1,1,2,0,75,4530.0
2025-01-01 01:15:40,BATT_TEMP_1,29.06,1,15,40,1,1,2,0,75,4540.0
2025-01-01 01:15:50,BATT_TEMP_2,28.9948,1,15,50,1,1,2,0,75,4550.0
2025-01-01 01:16:00,BATT_SOC,86.2881,1,16,0,1,1,2,0,76,4560.0
2025-01-01 01:16:10,SOLAR_PANEL_VOLT_A,31.6985,1,16,10,1,1,2,0,76,4570.0
2025-01-01 01:16:20,SOLAR_PANEL_VOLT_B,32.2005,1,16,20,1,1,2,0,76,4580.0
2025-01-01 01:16:30,SOLAR_PANEL_CURR_A,5.4489,1,16,30,1,1,2,0,76,4590.0
2025-01-01 01:16:40,SOLAR_PANEL_CURR_B,5.818,1,16,40,1,1,2,0,76,4600.0
2025-01-01 01:16:50,SOLAR_POWER_TOTAL,112.7637,1,16,50,1,1,2,0,76,4610.0
2025-01-01 01:17:00,BUS_VOLTAGE,28.4636,1,17,0,1,1,2,0,77,4620.0
2025-01-01 01:17:10,BUS_CURRENT,10.609,1,17,10,1,1,2,0,77,4630.0
2025-01-01 01:17:20,THRUSTER_TEMP_1,25.3774,1,17,20,1,1,2,0,77,4640.0
2025-01-01 01:17:30,THRUSTER_TEMP_2,25.0258,1,17,30,1,1,2,0,77,4650.0
2025-01-01 01:17:40,PAYLOAD_TEMP_CAM,23.7744,1,17,40,1,1,2,0,77,4660.0
2025-01-01 01:17:50,PAYLOAD_TEMP_SENSOR,22.445,1,17,50,1,1,2,0,77,4670.0
2025-01-01 01:18:00,OBC_TEMP,42.5703,1,18,0,1,1,2,0,78,4680.0
2025-01-01 01:18:10,TRANS_TEMP,39.1281,1,18,10,1,1,2,0,78,4690.0
2025-01-01 01:18:20,STRUCT_TEMP_PANEL_X,30.0175,1,18,20,1,1,2,0,78,4700.0
2025-01-01 01:18:30,STRUCT_TEMP_PANEL_Y,31.7268,1,18,30,1,1,2,0,78,4710.0
2025-01-01 01:18:40,STRUCT_TEMP_PANEL_Z,38.2774,1,18,40,1,1,2,0,78,4720.0
2025-01-01 01:18:50,RADIATOR_TEMP,0.0321,1,18,50,1,1,2,0,78,4730.0
2025-01-01 01:19:00,GYRO_X,0.0198,1,19,0,1,1,2,0,79,4740.0
2025-01-01 01:19:10,GYRO_Y,0.0297,1,19,10,1,1,2,0,79,4750.0
2025-01-01 01:19:20,GYRO_Z,0.0055,1,19,20,1,1,2,0,79,4760.0
2025-01-01 01:19:30,MAGNETOMETER_X,32.0898,1,19,30,1,1,2,0,79,4770.0
2025-01-01 01:19:40,MAGNETOMETER_Y,7.8871,1,19,40,1,1,2,0,79,4780.0
2025-01-01 01:19:50,MAGNETOMETER_Z,20.9285,1,19,50,1,1,2,0,79,4790.0
2025-01-01 01:20:00,REACTION_WHEEL_SPD_X,604.228,1,20,0,1,1,2,0,80,4800.0
2025-01-01 01:20:10,REACTION_WHEEL_SPD_Y,1255.2911,1,20,10,1,1,2,0,80,4810.0
2025-01-01 01:20:20,REACTION_WHEEL_SPD_Z,121.9803,1,20,20,1,1,2,0,80,4820.0
2025-01-01 01:20:30,ATTITUDE_ROLL,1.0344,1,20,30,1,1,2,0,80,4830.0
2025-01-01 01:20:40,ATTITUDE_PITCH,0.684,1,20,40,1,1,2,0,80,4840.0
2025-01-01 01:20:50,ATTITUDE_YAW,1.7276,1,20,50,1,1,2,0,80,4850.0
2025-01-01 01:21:00,STAR_TRACKER_VALID,0.7372,1,21,0,1,1,2,0,81,4860.0
2025-01-01 01:21:10,SUN_SENSOR_ANGLE,123.4295,1,21,10,1,1,2,0,81,4870.0
2025-01-01 01:21:20,RF_SIGNAL_STRENGTH,-62.7303,1,21,20,1,1,2,0,81,4880.0
2025-01-01 01:21:30,RF_NOISE_FLOOR,-92.6168,1,21,30,1,1,2,0,81,4890.0
2025-01-01 01:21:40,TX_POWER,3.7606,1,21,40,1,1,2,0,81,4900.0
2025-01-01 01:21:50,LINK_MARGIN,18.4825,1,21,50,1,1,2,0,81,4910.0
2025-01-01 01:22:00,DATA_RATE_KBPS,149.8716,1,22,0,1,1,2,0,82,4920.0
2025-01-01 01:22:10,PACKET_LOSS_RATE,1.1713,1,22,10,1,1,2,0,82,4930.0
2025-01-01 01:22:20,CPU_USAGE,44.9368,1,22,20,1,1,2,0,82,4940.0
2025-01-01 01:22:30,MEMORY_USAGE,63.8473,1,22,30,1,1,2,0,82,4950.0
2025-01-01 01:22:40,FLASH_WRITE_RATE,3.0706,1,22,40,1,1,2,0,82,4960.0
2025-01-01 01:22:50,WATCHDOG_COUNTER,37.7806,1,22,50,1,1,2,0,82,4970.0
2025-01-01 01:23:00,TANK_PRESSURE,308.677,1,23,0,1,1,2,0,83,4980.0
2025-01-01 01:23:10,THRUSTER_VALVE_TEMP,20.084,1,23,10,1,1,2,0,83,4990.0
2025-01-01 01:23:20,BATT_VOLTAGE_1,28.3084,1,23,20,1,1,2,0,83,5000.0
2025-01-01 01:23:30,BATT_VOLTAGE_2,28.629,1,23,30,1,1,2,0,83,5010.0
2025-01-01 01:23:40,BATT_CURRENT_1,2.4967,1,23,40,1,1,2,0,83,5020.0
2025-01-01 01:23:50,BATT_CURRENT_2,2.2503,1,23,50,1,1,2,0,83,5030.0
2025-01-01 01:24:00,BATT_TEMP_1,28.1213,1,24,0,1,1,2,0,84,5040.0
2025-01-01 01:24:10,BATT_TEMP_2,27.8563,1,24,10,1,1,2,0,84,5050.0
2025-01-01 01:24:20,BATT_SOC,88.9506,1,24,20,1,1,2,0,84,5060.0
2025-01-01 01:24:30,SOLAR_PANEL_VOLT_A,32.2993,1,24,30,1,1,2,0,84,5070.0
2025-01-01 01:24:40,SOLAR_PANEL_VOLT_B,32.3644,1,24,40,1,1,2,0,84,5080.0
2025-01-01 01:24:50,SOLAR_PANEL_CURR_A,5.6301,1,24,50,1,1,2,0,84,5090.0
2025-01-01 01:25:00,SOLAR_PANEL_CURR_B,5.2797,1,25,0,1,1,2,0,85,5100.0
2025-01-01 01:25:10,SOLAR_POWER_TOTAL,108.7967,1,25,10,1,1,2,0,85,5110.0
2025-01-01 01:25:20,BUS_VOLTAGE,28.6802,1,25,20,1,1,2,0,85,5120.0
2025-01-01 01:25:30,BUS_CURRENT,8.6099,1,25,30,1,1,2,0,85,5130.0
2025-01-01 01:25:40,THRUSTER_TEMP_1,23.814,1,25,40,1,1,2,0,85,5140.0
2025-01-01 01:25:50,THRUSTER_TEMP_2,21.0959,1,25,50,1,1,2,0,85,5150.0
2025-01-01 01:26:00,PAYLOAD_TEMP_CAM,24.9974,1,26,0,1,1,2,0,86,5160.0
2025-01-01 01:26:10,PAYLOAD_TEMP_SENSOR,23.7148,1,26,10,1,1,2,0,86,5170.0
2025-01-01 01:26:20,OBC_TEMP,47.3385,1,26,20,1,1,2,0,86,5180.0
2025-01-01 01:26:30,TRANS_TEMP,44.6001,1,26,30,1,1,2,0,86,5190.0
2025-01-01 01:26:40,STRUCT_TEMP_PANEL_X,16.8936,1,26,40,1,1,2,0,86,5200.0
2025-01-01 01:26:50,STRUCT_TEMP_PANEL_Y,15.0025,1,26,50,1,1,2,0,86,5210.0
2025-01-01 01:27:00,STRUCT_TEMP_PANEL_Z,32.0115,1,27,0,1,1,2,0,87,5220.0
2025-01-01 01:27:10,RADIATOR_TEMP,1.9402,1,27,10,1,1,2,0,87,5230.0
2025-01-01 01:27:20,GYRO_X,-0.0053,1,27,20,1,1,2,0,87,5240.0
2025-01-01 01:27:30,GYRO_Y,0.0334,1,27,30,1,1,2,0,87,5250.0
2025-01-01 01:27:40,GYRO_Z,0.0341,1,27,40,1,1,2,0,87,5260.0
2025-01-01 01:27:50,MAGNETOMETER_X,28.7983,1,27,50,1,1,2,0,87,5270.0
2025-01-01 01:28:00,MAGNETOMETER_Y,5.2536,1,28,0,1,1,2,0,88,5280.0
2025-01-01 01:28:10,MAGNETOMETER_Z,23.6422,1,28,10,1,1,2,0,88,5290.0
2025-01-01 01:28:20,REACTION_WHEEL_SPD_X,289.3106,1,28,20,1,1,2,0,88,5300.0
2025-01-01 01:28:30,REACTION_WHEEL_SPD_Y,403.4839,1,28,30,1,1,2,0,88,5310.0
2025-01-01 01:28:40,REACTION_WHEEL_SPD_Z,380.1945,1,28,40,1,1,2,0,88,5320.0
2025-01-01 01:28:50,ATTITUDE_ROLL,0.7125,1,28,50,1,1,2,0,88,5330.0
2025-01-01 01:29:00,ATTITUDE_PITCH,0.1697,1,29,0,1,1,2,0,89,5340.0
2025-01-01 01:29:10,ATTITUDE_YAW,2.6005,1,29,10,1,1,2,0,89,5350.0
2025-01-01 01:29:20,STAR_TRACKER_VALID,0.6771,1,29,20,1,1,2,0,89,5360.0
2025-01-01 01:29:30,SUN_SENSOR_ANGLE,129.2314,1,29,30,1,1,2,0,89,5370.0
2025-01-01 01:29:40,RF_SIGNAL_STRENGTH,-57.9478,1,29,40,1,1,2,0,89,5380.0
2025-01-01 01:29:50,RF_NOISE_FLOOR,-88.811,1,29,50,1,1,2,0,89,5390.0
2025-01-01 01:30:00,TX_POWER,3.8247,1,30,0,1,1,2,0,90,5400.0
2025-01-01 01:30:10,LINK_MARGIN,20.6977,1,30,10,1,1,2,0,90,5410.0
2025-01-01 01:30:20,DATA_RATE_KBPS,137.7687,1,30,20,1,1,2,0,90,5420.0
2025-01-01 01:30:30,PACKET_LOSS_RATE,1.4257,1,30,30,1,1,2,0,90,5430.0
2025-01-01 01:30:40,CPU_USAGE,46.9523,1,30,40,1,1,2,0,90,5440.0
2025-01-01 01:30:50,MEMORY_USAGE,51.6211,1,30,50,1,1,2,0,90,5450.0
2025-01-01 01:31:00,FLASH_WRITE_RATE,2.9221,1,31,0,1,1,2,0,91,5460.0
2025-01-01 01:31:10,WATCHDOG_COUNTER,63.306,1,31,10,1,1,2,0,91,5470.0
2025-01-01 01:31:20,TANK_PRESSURE,312.7767,1,31,20,1,1,2,0,91,5480.0
2025-01-01 01:31:30,THRUSTER_VALVE_TEMP,19.5721,1,31,30,1,1,2,0,91,5490.0
2025-01-01 01:31:40,BATT_VOLTAGE_1,28.5408,1,31,40,1,1,2,0,91,5500.0
2025-01-01 01:31:50,BATT_VOLTAGE_2,28.7488,1,31,50,1,1,2,0,91,5510.0
2025-01-01 01:32:00,BATT_CURRENT_1,2.8055,1,32,0,1,1,2,0,92,5520.0
2025-01-01 01:32:10,BATT_CURRENT_2,2.9313,1,32,10,1,1,2,0,92,5530.0
2025-01-01 01:32:20,BATT_TEMP_1,30.0267,1,32,20,1,1,2,0,92,5540.0
2025-01-01 01:32:30,BATT_TEMP_2,29.6442,1,32,30,1,1,2,0,92,5550.0
2025-01-01 01:32:40,BATT_SOC,88.1195,1,32,40,1,1,2,0,92,5560.0
2025-01-01 01:32:50,SOLAR_PANEL_VOLT_A,31.6205,1,32,50,1,1,2,0,92,5570.0
2025-01-01 01:33:00,SOLAR_PANEL_VOLT_B,32.0871,1,33,0,1,1,2,0,93,5580.0
2025-01-01 01:33:10,SOLAR_PANEL_CURR_A,5.6392,1,33,10,1,1,2,0,93,5590.0
2025-01-01 01:33:20,SOLAR_PANEL_CURR_B,6.0336,1,33,20,1,1,2,0,93,5600.0
2025-01-01 01:33:30,SOLAR_POWER_TOTAL,110.0187,1,33,30,1,1,2,0,93,5610.0
2025-01-01 01:33:40,BUS_VOLTAGE,28.7935,1,33,40,1,1,2,0,93,5620.0
2025-01-01 01:33:50,BUS_CURRENT,9.1483,1,33,50,1,1,2,0,93,5630.0
2025-01-01 01:34:00,THRUSTER_TEMP_1,26.4126,1,34,0,1,1,2,0,94,5640.0
2025-01-01 01:34:10,THRUSTER_TEMP_2,25.5685,1,34,10,1,1,2,0,94,5650.0
2025-01-01 01:34:20,PAYLOAD_TEMP_CAM,24.0238,1,34,20,1,1,2,0,94,5660.0
2025-01-01 01:34:30,PAYLOAD_TEMP_SENSOR,23.5376,1,34,30,1,1,2,0,94,5670.0
2025-01-01 01:34:40,OBC_TEMP,49.5641,1,34,40,1,1,2,0,94,5680.0
2025-01-01 01:34:50,TRANS_TEMP,40.534,1,34,50,1,1,2,0,94,5690.0
2025-01-01 01:35:00,STRUCT_TEMP_PANEL_X,30.4932,1,35,0,1,1,2,0,95,5700.0
2025-01-01 01:35:10,STRUCT_TEMP_PANEL_Y,30.3821,1,35,10,1,1,2,0,95,5710.0
2025-01-01 01:35:20,STRUCT_TEMP_PANEL_Z,30.9167,1,35,20,1,1,2,0,95,5720.0
2025-01-01 01:35:30,RADIATOR_TEMP,-5.4084,1,35,30,1,1,2,0,95,5730.0
2025-01-01 01:35:40,GYRO_X,0.0054,1,35,40,1,1,2,0,95,5740.0
2025-01-01 01:35:50,GYRO_Y,0.0342,1,35,50,1,1,2,0,95,5750.0
2025-01-01 01:36:00,GYRO_Z,-0.0227,1,36,0,1,1,2,0,96,5760.0
2025-01-01 01:36:10,MAGNETOMETER_X,24.0066,1,36,10,1,1,2,0,96,5770.0
2025-01-01 01:36:20,MAGNETOMETER_Y,20.6267,1,36,20,1,1,2,0,96,5780.0
2025-01-01 01:36:30,MAGNETOMETER_Z,21.0618,1,36,30,1,1,2,0,96,5790.0
2025-01-01 01:36:40,REACTION_WHEEL_SPD_X,-5.5959,1,36,40,1,1,2,0,96,5800.0
2025-01-01 01:36:50,REACTION_WHEEL_SPD_Y,767.1832,1,36,50,1,1,2,0,96,5810.0
2025-01-01 01:37:00,REACTION_WHEEL_SPD_Z,779.4198,1,37,0,1,1,2,0,97,5820.0
2025-01-01 01:37:10,ATTITUDE_ROLL,-0.2852,1,37,10,1,1,2,0,97,5830.0
2025-01-01 01:37:20,ATTITUDE_PITCH,1.2814,1,37,20,1,1,2,0,97,5840.0
2025-01-01 01:37:30,ATTITUDE_YAW,2.2375,1,37,30,1,1,2,0,97,5850.0
2025-01-01 01:37:40,STAR_TRACKER_VALID,0.7214,1,37,40,1,1,2,0,97,5860.0
2025-01-01 01:37:50,SUN_SENSOR_ANGLE,138.8228,1,37,50,1,1,2,0,97,5870.0
2025-01-01 01:38:00,RF_SIGNAL_STRENGTH,-56.8754,1,38,0,1,1,2,0,98,5880.0
2025-01-01 01:38:10,RF_NOISE_FLOOR,-87.1199,1,38,10,1,1,2,0,98,5890.0
2025-01-01 01:38:20,TX_POWER,2.858,1,38,20,1,1,2,0,98,5900.0
2025-01-01 01:38:30,LINK_MARGIN,18.9245,1,38,30,1,1,2,0,98,5910.0
2025-01-01 01:38:40,DATA_RATE_KBPS,128.1594,1,38,40,1,1,2,0,98,5920.0
2025-01-01 01:38:50,PACKET_LOSS_RATE,1.262,1,38,50,1,1,2,0,98,5930.0
2025-01-01 01:39:00,CPU_USAGE,40.6518,1,39,0,1,1,2,0,99,5940.0
2025-01-01 01:39:10,MEMORY_USAGE,54.7912,1,39,10,1,1,2,0,99,5950.0
2025-01-01 01:39:20,FLASH_WRITE_RATE,3.8643,1,39,20,1,1,2,0,99,5960.0
2025-01-01 01:39:30,WATCHDOG_COUNTER,57.4156,1,39,30,1,1,2,0,99,5970.0
2025-01-01 01:39:40,TANK_PRESSURE,309.1918,1,39,40,1,1,2,0,99,5980.0
2025-01-01 01:39:50,THRUSTER_VALVE_TEMP,21.8197,1,39,50,1,1,2,0,99,5990.0
2025-01-01 01:40:00,BATT_VOLTAGE_1,28.1278,1,40,0,1,1,2,0,100,6000.0
2025-01-01 01:40:10,BATT_VOLTAGE_2,28.183,1,40,10,1,1,2,0,100,6010.0
2025-01-01 01:40:20,BATT_CURRENT_1,3.1018,1,40,20,1,1,2,0,100,6020.0
2025-01-01 01:40:30,BATT_CURRENT_2,2.8311,1,40,30,1,1,2,0,100,6030.0
2025-01-01 01:40:40,BATT_TEMP_1,29.3362,1,40,40,1,1,2,0,100,6040.0
2025-01-01 01:40:50,BATT_TEMP_2,23.3143,1,40,50,1,1,2,0,100,6050.0
2025-01-01 01:41:00,BATT_SOC,88.8649,1,41,0,1,1,2,0,101,6060.0
2025-01-01 01:41:10,SOLAR_PANEL_VOLT_A,32.1266,1,41,10,1,1,2,0,101,6070.0
2025-01-01 01:41:20,SOLAR_PANEL_VOLT_B,30.5332,1,41,20,1,1,2,0,101,6080.0
2025-01-01 01:41:30,SOLAR_PANEL_CURR_A,5.6309,1,41,30,1,1,2,0,101,6090.0
2025-01-01 01:41:40,SOLAR_PANEL_CURR_B,6.2937,1,41,40,1,1,2,0,101,6100.0
2025-01-01 01:41:50,SOLAR_POWER_TOTAL,118.5658,1,41,50,1,1,2,0,101,6110.0
2025-01-01 01:42:00,BUS_VOLTAGE,28.7916,1,42,0,1,1,2,0,102,6120.0
2025-01-01 01:42:10,BUS_CURRENT,9.7266,1,42,10,1,1,2,0,102,6130.0
2025-01-01 01:42:20,THRUSTER_TEMP_1,21.5891,1,42,20,1,1,2,0,102,6140.0
2025-01-01 01:42:30,THRUSTER_TEMP_2,25.7774,1,42,30,1,1,2,0,102,6150.0
2025-01-01 01:42:40,PAYLOAD_TEMP_CAM,23.2869,1,42,40,1,1,2,0,102,6160.0
2025-01-01 01:42:50,PAYLOAD_TEMP_SENSOR,22.9347,1,42,50,1,1,2,0,102,6170.0
2025-01-01 01:43:00,OBC_TEMP,41.14,1,43,0,1,1,2,0,103,6180.0
2025-01-01 01:43:10,TRANS_TEMP,44.0373,1,43,10,1,1,2,0,103,6190.0
2025-01-01 01:43:20,STRUCT_TEMP_PANEL_X,19.2569,1,43,20,1,1,2,0,103,6200.0
2025-01-01 01:43:30,STRUCT_TEMP_PANEL_Y,17.5762,1,43,30,1,1,2,0,103,6210.0
2025-01-01 01:43:40,STRUCT_TEMP_PANEL_Z,25.6936,1,43,40,1,1,2,0,103,6220.0
2025-01-01 01:43:50,RADIATOR_TEMP,-2.6411,1,43,50,1,1,2,0,103,6230.0
2025-01-01 01:44:00,GYRO_X,0.035,1,44,0,1,1,2,0,104,6240.0
2025-01-01 01:44:10,GYRO_Y,0.0271,1,44,10,1,1,2,0,104,6250.0
2025-01-01 01:44:20,GYRO_Z,-0.0088,1,44,20,1,1,2,0,104,6260.0
2025-01-01 01:44:30,MAGNETOMETER_X,7.3585,1,44,30,1,1,2,0,104,6270.0
2025-01-01 01:44:40,MAGNETOMETER_Y,27.3821,1,44,40,1,1,2,0,104,6280.0
2025-01-01 01:44:50,MAGNETOMETER_Z,31.574,1,44,50,1,1,2,0,104,6290.0
2025-01-01 01:45:00,REACTION_WHEEL_SPD_X,1734.962,1,45,0,1,1,2,0,105,6300.0
2025-01-01 01:45:10,REACTION_WHEEL_SPD_Y,651.6058,1,45,10,1,1,2,0,105,6310.0
2025-01-01 01:45:20,REACTION_WHEEL_SPD_Z,663.3117,1,45,20,1,1,2,0,105,6320.0
2025-01-01 01:45:30,ATTITUDE_ROLL,0.9872,1,45,30,1,1,2,0,105,6330.0
2025-01-01 01:45:40,ATTITUDE_PITCH,0.9813,1,45,40,1,1,2,0,105,6340.0
2025-01-01 01:45:50,ATTITUDE_YAW,0.6657,1,45,50,1,1,2,0,105,6350.0
2025-01-01 01:46:00,STAR_TRACKER_VALID,0.6876,1,46,0,1,1,2,0,106,6360.0
2025-01-01 01:46:10,SUN_SENSOR_ANGLE,132.8144,1,46,10,1,1,2,0,106,6370.0
2025-01-01 01:46:20,RF_SIGNAL_STRENGTH,-55.75,1,46,20,1,1,2,0,106,6380.0
2025-01-01 01:46:30,RF_NOISE_FLOOR,-91.3561,1,46,30,1,1,2,0,106,6390.0
2025-01-01 01:46:40,TX_POWER,3.3528,1,46,40,1,1,2,0,106,6400.0
2025-01-01 01:46:50,LINK_MARGIN,14.5866,1,46,50,1,1,2,0,106,6410.0
2025-01-01 01:47:00,DATA_RATE_KBPS,155.8209,1,47,0,1,1,2,0,107,6420.0
2025-01-01 01:47:10,PACKET_LOSS_RATE,1.4962,1,47,10,1,1,2,0,107,6430.0
2025-01-01 01:47:20,CPU_USAGE,50.3858,1,47,20,1,1,2,0,107,6440.0
2025-01-01 01:47:30,MEMORY_USAGE,59.0305,1,47,30,1,1,2,0,107,6450.0
2025-01-01 01:47:40,FLASH_WRITE_RATE,3.5549,1,47,40,1,1,2,0,107,6460.0
2025-01-01 01:47:50,WATCHDOG_COUNTER,63.8246,1,47,50,1,1,2,0,107,6470.0
2025-01-01 01:48:00,TANK_PRESSURE,296.9532,1,48,0,1,1,2,0,108,6480.0
2025-01-01 01:48:10,THRUSTER_VALVE_TEMP,17.0692,1,48,10,1,1,2,0,108,6490.0
2025-01-01 01:48:20,BATT_VOLTAGE_1,28.3994,1,48,20,1,1,2,0,108,6500.0
2025-01-01 01:48:30,BATT_VOLTAGE_2,28.5652,1,48,30,1,1,2,0,108,6510.0
2025-01-01 01:48:40,BATT_CURRENT_1,3.096,1,48,40,1,1,2,0,108,6520.0
2025-01-01 01:48:50,BATT_CURRENT_2,3.1177,1,48,50,1,1,2,0,108,6530.0
2025-01-01 01:49:00,BATT_TEMP_1,24.5023,1,49,0,1,1,2,0,109,6540.0
2025-01-01 01:49:10,BATT_TEMP_2,28.9479,1,49,10,1,1,2,0,109,6550.0
2025-01-01 01:49:20,BATT_SOC,83.6486,1,49,20,1,1,2,0,109,6560.0
2025-01-01 01:49:30,SOLAR_PANEL_VOLT_A,31.6907,1,49,30,1,1,2,0,109,6570.0
2025-01-01 01:49:40,SOLAR_PANEL_VOLT_B,32.0152,1,49,40,1,1,2,0,109,6580.0
2025-01-01 01:49:50,SOLAR_PANEL_CURR_A,6.7113,1,49,50,1,1,2,0,109,6590.0
2025-01-01 01:50:00,SOLAR_PANEL_CURR_B,6.1307,1,50,0,1,1,2,0,110,6600.0
2025-01-01 01:50:10,SOLAR_POWER_TOTAL,114.87,1,50,10,1,1,2,0,110,6610.0
2025-01-01 01:50:20,BUS_VOLTAGE,28.4643,1,50,20,1,1,2,0,110,6620.0
2025-01-01 01:50:30,BUS_CURRENT,9.9481,1,50,30,1,1,2,0,110,6630.0
2025-01-01 01:50:40,THRUSTER_TEMP_1,24.7547,1,50,40,1,1,2,0,110,6640.0
2025-01-01 01:50:50,THRUSTER_TEMP_2,25.3602,1,50,50,1,1,2,0,110,6650.0
2025-01-01 01:51:00,PAYLOAD_TEMP_CAM,23.259,1,51,0,1,1,2,0,111,6660.0
2025-01-01 01:51:10,PAYLOAD_TEMP_SENSOR,25.3715,1,51,10,1,1,2,0,111,6670.0
2025-01-01 01:51:20,OBC_TEMP,48.1434,1,51,20,1,1,2,0,111,6680.0
2025-01-01 01:51:30,TRANS_TEMP,36.5362,1,51,30,1,1,2,0,111,6690.0
2025-01-01 01:51:40,STRUCT_TEMP_PANEL_X,36.7815,1,51,40,1,1,2,0,111,6700.0
2025-01-01 01:51:50,STRUCT_TEMP_PANEL_Y,32.7093,1,51,50,1,1,2,0,111,6710.0
2025-01-01 01:52:00,STRUCT_TEMP_PANEL_Z,26.3865,1,52,0,1,1,2,0,112,6720.0
2025-01-01 01:52:10,RADIATOR_TEMP,-4.7088,1,52,10,1,1,2,0,112,6730.0
2025-01-01 01:52:20,GYRO_X,0.0417,1,52,20,1,1,2,0,112,6740.0
2025-01-01 01:52:30,GYRO_Y,0.0247,1,52,30,1,1,2,0,112,6750.0
2025-01-01 01:52:40,GYRO_Z,0.0134,1,52,40,1,1,2,0,112,6760.0
2025-01-01 01:52:50,MAGNETOMETER_X,22.095,1,52,50,1,1,2,0,112,6770.0
2025-01-01 01:53:00,MAGNETOMETER_Y,20.2677,1,53,0,1,1,2,0,113,6780.0
2025-01-01 01:53:10,MAGNETOMETER_Z,32.9952,1,53,10,1,1,2,0,113,6790.0
2025-01-01 01:53:20,REACTION_WHEEL_SPD_X,1723.0398,1,53,20,1,1,2,0,113,6800.0
2025-01-01 01:53:30,REACTION_WHEEL_SPD_Y,966.5451,1,53,30,1,1,2,0,113,6810.0
2025-01-01 01:53:40,REACTION_WHEEL_SPD_Z,-470.9873,1,53,40,1,1,2,0,113,6820.0
2025-01-01 01:53:50,ATTITUDE_ROLL,1.3023,1,53,50,1,1,2,0,113,6830.0
2025-01-01 01:54:00,ATTITUDE_PITCH,1.7032,1,54,0,1,1,2,0,114,6840.0
2025-01-01 01:54:10,ATTITUDE_YAW,-0.5387,1,54,10,1,1,2,0,114,6850.0
2025-01-01 01:54:20,STAR_TRACKER_VALID,0.6973,1,54,20,1,1,2,0,114,6860.0
2025-01-01 01:54:30,SUN_SENSOR_ANGLE,121.2038,1,54,30,1,1,2,0,114,6870.0
2025-01-01 01:54:40,RF_SIGNAL_STRENGTH,-57.143,1,54,40,1,1,2,0,114,6880.0
2025-01-01 01:54:50,RF_NOISE_FLOOR,-88.3555,1,54,50,1,1,2,0,114,6890.0
2025-01-01 01:55:00,TX_POWER,3.485,1,55,0,1,1,2,0,115,6900.0
2025-01-01 01:55:10,LINK_MARGIN,15.9859,1,55,10,1,1,2,0,115,6910.0
2025-01-01 01:55:20,DATA_RATE_KBPS,165.7002,1,55,20,1,1,2,0,115,6920.0
2025-01-01 01:55:30,PACKET_LOSS_RATE,1.3158,1,55,30,1,1,2,0,115,6930.0
2025-01-01 01:55:40,CPU_USAGE,43.3788,1,55,40,1,1,2,0,115,6940.0
2025-01-01 01:55:50,MEMORY_USAGE,56.6474,1,55,50,1,1,2,0,115,6950.0
2025-01-01 01:56:00,FLASH_WRITE_RATE,2.1306,1,56,0,1,1,2,0,116,6960.0
2025-01-01 01:56:10,WATCHDOG_COUNTER,67.7112,1,56,10,1,1,2,0,116,6970.0
2025-01-01 01:56:20,TANK_PRESSURE,309.6171,1,56,20,1,1,2,0,116,6980.0
2025-01-01 01:56:30,THRUSTER_VALVE_TEMP,15.9615,1,56,30,1,1,2,0,116,6990.0
2025-01-01 01:56:40,BATT_VOLTAGE_1,28.5084,1,56,40,1,1,2,0,116,7000.0
2025-01-01 01:56:50,BATT_VOLTAGE_2,28.7137,1,56,50,1,1,2,0,116,7010.0
2025-01-01 01:57:00,BATT_CURRENT_1,3.1984,1,57,0,1,1,2,0,117,7020.0
2025-01-01 01:57:10,BATT_CURRENT_2,3.2127,1,57,10,1,1,2,0,117,7030.0
2025-01-01 01:57:20,BATT_TEMP_1,27.4387,1,57,20,1,1,2,0,117,7040.0
2025-01-01 01:57:30,BATT_TEMP_2,27.8577,1,57,30,1,1,2,0,117,7050.0
2025-01-01 01:57:40,BATT_SOC,76.0394,1,57,40,1,1,2,0,117,7060.0
2025-01-01 01:57:50,SOLAR_PANEL_VOLT_A,31.2653,1,57,50,1,1,2,0,117,7070.0
2025-01-01 01:58:00,SOLAR_PANEL_VOLT_B,32.1288,1,58,0,1,1,2,0,118,7080.0
2025-01-01 01:58:10,SOLAR_PANEL_CURR_A,5.9423,1,58,10,1,1,2,0,118,7090.0
2025-01-01 01:58:20,SOLAR_PANEL_CURR_B,6.5376,1,58,20,1,1,2,0,118,7100.0
2025-01-01 01:58:30,SOLAR_POWER_TOTAL,111.8066,1,58,30,1,1,2,0,118,7110.0
2025-01-01 01:58:40,BUS_VOLTAGE,28.6804,1,58,40,1,1,2,0,118,7120.0
2025-01-01 01:58:50,BUS_CURRENT,10.0008,1,58,50,1,1,2,0,118,7130.0
2025-01-01 01:59:00,THRUSTER_TEMP_1,25.0361,1,59,0,1,1,2,0,119,7140.0
2025-01-01 01:59:10,THRUSTER_TEMP_2,26.6259,1,59,10,1,1,2,0,119,7150.0
2025-01-01 01:59:20,PAYLOAD_TEMP_CAM,26.3424,1,59,20,1,1,2,0,119,7160.0
2025-01-01 01:59:30,PAYLOAD_TEMP_SENSOR,24.7417,1,59,30,1,1,2,0,119,7170.0
2025-01-01 01:59:40,OBC_TEMP,41.5225,1,59,40,1,1,2,0,119,7180.0
2025-01-01 01:59:50,TRANS_TEMP,37.5922,1,59,50,1,1,2,0,119,7190.0
2025-01-01 02:00:00,STRUCT_TEMP_PANEL_X,32.3658,2,0,0,1,1,2,0,120,7200.0
2025-01-01 02:00:10,STRUCT_TEMP_PANEL_Y,21.755,2,0,10,1,1,2,0,120,7210.0
2025-01-01 02:00:20,STRUCT_TEMP_PANEL_Z,20.7774,2,0,20,1,1,2,0,120,7220.0
2025-01-01 02:00:30,RADIATOR_TEMP,0.8327,2,0,30,1,1,2,0,120,7230.0
2025-01-01 02:00:40,GYRO_X,0.0184,2,0,40,1,1,2,0,120,7240.0
2025-01-01 02:00:50,GYRO_Y,0.017,2,0,50,1,1,2,0,120,7250.0
2025-01-01 02:01:00,GYRO_Z,0.0403,2,1,0,1,1,2,0,121,7260.0
2025-01-01 02:01:10,MAGNETOMETER_X,3.8404,2,1,10,1,1,2,0,121,7270.0
2025-01-01 02:01:20,MAGNETOMETER_Y,34.8337,2,1,20,1,1,2,0,121,7280.0
2025-01-01 02:01:30,MAGNETOMETER_Z,6.8739,2,1,30,1,1,2,0,121,7290.0
2025-01-01 02:01:40,REACTION_WHEEL_SPD_X,662.4326,2,1,40,1,1,2,0,121,7300.0
2025-01-01 02:01:50,REACTION_WHEEL_SPD_Y,1207.9777,2,1,50,1,1,2,0,121,7310.0
2025-01-01 02:02:00,REACTION_WHEEL_SPD_Z,1620.4248,2,2,0,1,1,2,0,122,7320.0
2025-01-01 02:02:10,ATTITUDE_ROLL,1.4669,2,2,10,1,1,2,0,122,7330.0
2025-01-01 02:02:20,ATTITUDE_PITCH,0.7942,2,2,20,1,1,2,0,122,7340.0
2025-01-01 02:02:30,ATTITUDE_YAW,1.8998,2,2,30,1,1,2,0,122,7350.0
2025-01-01 02:02:40,STAR_TRACKER_VALID,0.6761,2,2,40,1,1,2,0,122,7360.0
2025-01-01 02:02:50,SUN_SENSOR_ANGLE,107.49,2,2,50,1,1,2,0,122,7370.0
2025-01-01 02:03:00,RF_SIGNAL_STRENGTH,-58.0186,2,3,0,1,1,2,0,123,7380.0
2025-01-01 02:03:10,RF_NOISE_FLOOR,-98.3253,2,3,10,1,1,2,0,123,7390.0
2025-01-01 02:03:20,TX_POWER,3.5122,2,3,20,1,1,2,0,123,7400.0
2025-01-01 02:03:30,LINK_MARGIN,18.4175,2,3,30,1,1,2,0,123,7410.0
2025-01-01 02:03:40,DATA_RATE_KBPS,163.8834,2,3,40,1,1,2,0,123,7420.0
2025-01-01 02:03:50,PACKET_LOSS_RATE,1.2573,2,3,50,1,1,2,0,123,7430.0
2025-01-01 02:04:00,CPU_USAGE,42.9187,2,4,0,1,1,2,0,124,7440.0
2025-01-01 02:04:10,MEMORY_USAGE,61.5051,2,4,10,1,1,2,0,124,7450.0
2025-01-01 02:04:20,FLASH_WRITE_RATE,3.3545,2,4,20,1,1,2,0,124,7460.0
2025-01-01 02:04:30,WATCHDOG_COUNTER,46.3424,2,4,30,1,1,2,0,124,7470.0
2025-01-01 02:04:40,TANK_PRESSURE,308.7051,2,4,40,1,1,2,0,124,7480.0
2025-01-01 02:04:50,THRUSTER_VALVE_TEMP,20.472,2,4,50,1,1,2,0,124,7490.0
2025-01-01 02:05:00,BATT_VOLTAGE_1,28.1583,2,5,0,1,1,2,0,125,7500.0
2025-01-01 02:05:10,BATT_VOLTAGE_2,28.4553,2,5,10,1,1,2,0,125,7510.0
2025-01-01 02:05:20,BATT_CURRENT_1,3.1867,2,5,20,1,1,2,0,125,7520.0
2025-01-01 02:05:30,BATT_CURRENT_2,3.2187,2,5,30,1,1,2,0,125,7530.0
2025-01-01 02:05:40,BATT_TEMP_1,26.4656,2,5,40,1,1,2,0,125,7540.0
2025-01-01 02:05:50,BATT_TEMP_2,28.6698,2,5,50,1,1,2,0,125,7550.0
2025-01-01 02:06:00,BATT_SOC,83.3181,2,6,0,1,1,2,0,126,7560.0
2025-01-01 02:06:10,SOLAR_PANEL_VOLT_A,32.2079,2,6,10,1,1,2,0,126,7570.0
2025-01-01 02:06:20,SOLAR_PANEL_VOLT_B,32.1313,2,6,20,1,1,2,0,126,7580.0
2025-01-01 02:06:30,SOLAR_PANEL_CURR_A,6.7386,2,6,30,1,1,2,0,126,7590.0
2025-01-01 02:06:40,SOLAR_PANEL_CURR_B,5.4653,2,6,40,1,1,2,0,126,7600.0
2025-01-01 02:06:50,SOLAR_POWER_TOTAL,116.476,2,6,50,1,1,2,0,126,7610.0
2025-01-01 02:07:00,BUS_VOLTAGE,28.9922,2,7,0,1,1,2,0,127,7620.0
2025-01-01 02:07:10,BUS_CURRENT,7.9759,2,7,10,1,1,2,0,127,7630.0
2025-01-01 02:07:20,THRUSTER_TEMP_1,23.8915,2,7,20,1,1,2,0,127,7640.0
2025-01-01 02:07:30,THRUSTER_TEMP_2,25.4266,2,7,30,1,1,2,0,127,7650.0
2025-01-01 02:07:40,PAYLOAD_TEMP_CAM,25.3607,2,7,40,1,1,2,0,127,7660.0
2025-01-01 02:07:50,PAYLOAD_TEMP_SENSOR,24.8971,2,7,50,1,1,2,0,127,7670.0
2025-01-01 02:08:00,OBC_TEMP,46.2414,2,8,0,1,1,2,0,128,7680.0
2025-01-01 02:08:10,TRANS_TEMP,42.466,2,8,10,1,1,2,0,128,7690.0
2025-01-01 02:08:20,STRUCT_TEMP_PANEL_X,26.7259,2,8,20,1,1,2,0,128,7700.0
2025-01-01 02:08:30,STRUCT_TEMP_PANEL_Y,25.159,2,8,30,1,1,2,0,128,7710.0
2025-01-01 02:08:40,STRUCT_TEMP_PANEL_Z,32.4419,2,8,40,1,1,2,0,128,7720.0
2025-01-01 02:08:50,RADIATOR_TEMP,-3.0244,2,8,50,1,1,2,0,128,7730.0
2025-01-01 02:09:00,GYRO_X,0.0106,2,9,0,1,1,2,0,129,7740.0
2025-01-01 02:09:10,GYRO_Y,0.0478,2,9,10,1,1,2,0,129,7750.0
2025-01-01 02:09:20,GYRO_Z,0.0443,2,9,20,1,1,2,0,129,7760.0
2025-01-01 02:09:30,MAGNETOMETER_X,31.8737,2,9,30,1,1,2,0,129,7770.0
2025-01-01 02:09:40,MAGNETOMETER_Y,27.1645,2,9,40,1,1,2,0,129,7780.0
2025-01-01 02:09:50,MAGNETOMETER_Z,4.0472,2,9,50,1,1,2,0,129,7790.0
2025-01-01 02:10:00,REACTION_WHEEL_SPD_X,1599.8047,2,10,0,1,1,2,0,130,7800.0
2025-01-01 02:10:10,REACTION_WHEEL_SPD_Y,1803.9235,2,10,10,1,1,2,0,130,7810.0
2025-01-01 02:10:20,REACTION_WHEEL_SPD_Z,1428.8824,2,10,20,1,1,2,0,130,7820.0
2025-01-01 02:10:30,ATTITUDE_ROLL,0.0994,2,10,30,1,1,2,0,130,7830.0
2025-01-01 02:10:40,ATTITUDE_PITCH,0.739,2,10,40,1,1,2,0,130,7840.0
2025-01-01 02:10:50,ATTITUDE_YAW,-0.9448,2,10,50,1,1,2,0,130,7850.0
2025-01-01 02:11:00,STAR_TRACKER_VALID,0.5927,2,11,0,1,1,2,0,131,7860.0
2025-01-01 02:11:10,SUN_SENSOR_ANGLE,116.1226,2,11,10,1,1,2,0,131,7870.0
2025-01-01 02:11:20,RF_SIGNAL_STRENGTH,-65.4052,2,11,20,1,1,2,0,131,7880.0
2025-01-01 02:11:30,RF_NOISE_FLOOR,-87.0695,2,11,30,1,1,2,0,131,7890.0
2025-01-01 02:11:40,TX_POWER,2.6377,2,11,40,1,1,2,0,131,7900.0
2025-01-01 02:11:50,LINK_MARGIN,18.7752,2,11,50,1,1,2,0,131,7910.0
2025-01-01 02:12:00,DATA_RATE_KBPS,164.2203,2,12,0,1,1,2,0,132,7920.0
2025-01-01 02:12:10,PACKET_LOSS_RATE,1.487,2,12,10,1,1,2,0,132,7930.0
2025-01-01 02:12:20,CPU_USAGE,45.0599,2,12,20,1,1,2,0,132,7940.0
2025-01-01 02:12:30,MEMORY_USAGE,58.6781,2,12,30,1,1,2,0,132,7950.0
2025-01-01 02:12:40,FLASH_WRITE_RATE,3.7923,2,12,40,1,1,2,0,132,7960.0
2025-01-01 02:12:50,WATCHDOG_COUNTER,50.5991,2,12,50,1,1,2,0,132,7970.0
2025-01-01 02:13:00,TANK_PRESSURE,298.8981,2,13,0,1,1,2,0,133,7980.0
2025-01-01 02:13:10,THRUSTER_VALVE_TEMP,20.497,2,13,10,1,1,2,0,133,7990.0
2025-01-01 02:13:20,BATT_VOLTAGE_1,28.1019,2,13,20,1,1,2,0,133,8000.0
2025-01-01 02:13:30,BATT_VOLTAGE_2,28.4972,2,13,30,1,1,2,0,133,8010.0
2025-01-01 02:13:40,BATT_CURRENT_1,3.1939,2,13,40,1,1,2,0,133,8020.0
2025-01-01 02:13:50,BATT_CURRENT_2,2.2764,2,13,50,1,1,2,0,133,8030.0
2025-01-01 02:14:00,BATT_TEMP_1,27.9137,2,14,0,1,1,2,0,134,8040.0
2025-01-01 02:14:10,BATT_TEMP_2,26.6695,2,14,10,1,1,2,0,134,8050.0
2025-01-01 02:14:20,BATT_SOC,80.7085,2,14,20,1,1,2,0,134,8060.0
2025-01-01 02:14:30,SOLAR_PANEL_VOLT_A,30.632,2,14,30,1,1,2,0,134,8070.0
2025-01-01 02:14:40,SOLAR_PANEL_VOLT_B,32.0406,2,14,40,1,1,2,0,134,8080.0
2025-01-01 02:14:50,SOLAR_PANEL_CURR_A,6.7907,2,14,50,1,1,2,0,134,8090.0
2025-01-01 02:15:00,SOLAR_PANEL_CURR_B,7.1022,2,15,0,1,1,2,0,135,8100.0
2025-01-01 02:15:10,SOLAR_POWER_TOTAL,104.855,2,15,10,1,1,2,0,135,8110.0
2025-01-01 02:15:20,BUS_VOLTAGE,28.7458,2,15,20,1,1,2,0,135,8120.0
2025-01-01 02:15:30,BUS_CURRENT,10.2524,2,15,30,1,1,2,0,135,8130.0
2025-01-01 02:15:40,THRUSTER_TEMP_1,24.9276,2,15,40,1,1,2,0,135,8140.0
2025-01-01 02:15:50,THRUSTER_TEMP_2,20.1912,2,15,50,1,1,2,0,135,8150.0
2025-01-01 02:16:00,PAYLOAD_TEMP_CAM,25.3503,2,16,0,1,1,2,0,136,8160.0
2025-01-01 02:16:10,PAYLOAD_TEMP_SENSOR,25.1172,2,16,10,1,1,2,0,136,8170.0
2025-01-01 02:16:20,OBC_TEMP,48.052,2,16,20,1,1,2,0,136,8180.0
2025-01-01 02:16:30,TRANS_TEMP,44.5315,2,16,30,1,1,2,0,136,8190.0
2025-01-01 02:16:40,STRUCT_TEMP_PANEL_X,35.6394,2,16,40,1,1,2,0,136,8200.0
2025-01-01 02:16:50,STRUCT_TEMP_PANEL_Y,31.104,2,16,50,1,1,2,0,136,8210.0
2025-01-01 02:17:00,STRUCT_TEMP_PANEL_Z,20.0041,2,17,0,1,1,2,0,137,8220.0
2025-01-01 02:17:10,RADIATOR_TEMP,-3.4382,2,17,10,1,1,2,0,137,8230.0
2025-01-01 02:17:20,GYRO_X,0.0346,2,17,20,1,1,2,0,137,8240.0
2025-01-01 02:17:30,GYRO_Y,0.0005,2,17,30,1,1,2,0,137,8250.0
2025-01-01 02:17:40,GYRO_Z,-0.0173,2,17,40,1,1,2,0,137,8260.0
2025-01-01 02:17:50,MAGNETOMETER_X,36.0978,2,17,50,1,1,2,0,137,8270.0
2025-01-01 02:18:00,MAGNETOMETER_Y,18.2688,2,18,0,1,1,2,0,138,8280.0
2025-01-01 02:18:10,MAGNETOMETER_Z,19.0405,2,18,10,1,1,2,0,138,8290.0
2025-01-01 02:18:20,REACTION_WHEEL_SPD_X,1577.9859,2,18,20,1,1,2,0,138,8300.0
2025-01-01 02:18:30,REACTION_WHEEL_SPD_Y,924.6425,2,18,30,1,1,2,0,138,8310.0
2025-01-01 02:18:40,REACTION_WHEEL_SPD_Z,1519.357,2,18,40,1,1,2,0,138,8320.0
2025-01-01 02:18:50,ATTITUDE_ROLL,1.4444,2,18,50,1,1,2,0,138,8330.0
2025-01-01 02:19:00,ATTITUDE_PITCH,0.5591,2,19,0,1,1,2,0,139,8340.0
2025-01-01 02:19:10,ATTITUDE_YAW,0.3936,2,19,10,1,1,2,0,139,8350.0
2025-01-01 02:19:20,STAR_TRACKER_VALID,0.7616,2,19,20,1,1,2,0,139,8360.0
2025-01-01 02:19:30,SUN_SENSOR_ANGLE,102.5355,2,19,30,1,1,2,0,139,8370.0
2025-01-01 02:19:40,RF_SIGNAL_STRENGTH,-68.0665,2,19,40,1,1,2,0,139,8380.0
2025-01-01 02:19:50,RF_NOISE_FLOOR,-87.7671,2,19,50,1,1,2,0,139,8390.0
2025-01-01 02:20:00,TX_POWER,3.865,2,20,0,1,1,2,0,140,8400.0
2025-01-01 02:20:10,LINK_MARGIN,19.5899,2,20,10,1,1,2,0,140,8410.0
2025-01-01 02:20:20,DATA_RATE_KBPS,151.2351,2,20,20,1,1,2,0,140,8420.0
2025-01-01 02:20:30,PACKET_LOSS_RATE,1.5264,2,20,30,1,1,2,0,140,8430.0
2025-01-01 02:20:40,CPU_USAGE,41.4891,2,20,40,1,1,2,0,140,8440.0
2025-01-01 02:20:50,MEMORY_USAGE,63.8771,2,20,50,1,1,2,0,140,8450.0
2025-01-01 02:21:00,FLASH_WRITE_RATE,2.7044,2,21,0,1,1,2,0,141,8460.0
2025-01-01 02:21:10,WATCHDOG_COUNTER,59.5256,2,21,10,1,1,2,0,141,8470.0
2025-01-01 02:21:20,TANK_PRESSURE,306.7102,2,21,20,1,1,2,0,141,8480.0
2025-01-01 02:21:30,THRUSTER_VALVE_TEMP,18.9612,2,21,30,1,1,2,0,141,8490.0
2025-01-01 02:21:40,BATT_VOLTAGE_1,28.3664,2,21,40,1,1,2,0,141,8500.0
2025-01-01 02:21:50,BATT_VOLTAGE_2,28.7152,2,21,50,1,1,2,0,141,8510.0
2025-01-01 02:22:00,BATT_CURRENT_1,3.3704,2,22,0,1,1,2,0,142,8520.0
2025-01-01 02:22:10,BATT_CURRENT_2,2.4471,2,22,10,1,1,2,0,142,8530.0
2025-01-01 02:22:20,BATT_TEMP_1,29.3495,2,22,20,1,1,2,0,142,8540.0
2025-01-01 02:22:30,BATT_TEMP_2,30.5388,2,22,30,1,1,2,0,142,8550.0
2025-01-01 02:22:40,BATT_SOC,88.5048,2,22,40,1,1,2,0,142,8560.0
2025-01-01 02:22:50,SOLAR_PANEL_VOLT_A,32.2054,2,22,50,1,1,2,0,142,8570.0
2025-01-01 02:23:00,SOLAR_PANEL_VOLT_B,32.6298,2,23,0,1,1,2,0,143,8580.0
2025-01-01 02:23:10,SOLAR_PANEL_CURR_A,6.733,2,23,10,1,1,2,0,143,8590.0
2025-01-01 02:23:20,SOLAR_PANEL_CURR_B,6.3691,2,23,20,1,1,2,0,143,8600.0
2025-01-01 02:23:30,SOLAR_POWER_TOTAL,110.2447,2,23,30,1,1,2,0,143,8610.0
2025-01-01 02:23:40,BUS_VOLTAGE,28.2247,2,23,40,1,1,2,0,143,8620.0
2025-01-01 02:23:50,BUS_CURRENT,9.9446,2,23,50,1,1,2,0,143,8630.0
2025-01-01 02:24:00,THRUSTER_TEMP_1,21.074,2,24,0,1,1,2,0,144,8640.0
2025-01-01 02:24:10,THRUSTER_TEMP_2,22.7367,2,24,10,1,1,2,0,144,8650.0
2025-01-01 02:24:20,PAYLOAD_TEMP_CAM,25.1054,2,24,20,1,1,2,0,144,8660.0
2025-01-01 02:24:30,PAYLOAD_TEMP_SENSOR,24.683,2,24,30,1,1,2,0,144,8670.0
2025-01-01 02:24:40,OBC_TEMP,41.0466,2,24,40,1,1,2,0,144,8680.0
2025-01-01 02:24:50,TRANS_TEMP,42.398,2,24,50,1,1,2,0,144,8690.0
2025-01-01 02:25:00,STRUCT_TEMP_PANEL_X,35.5593,2,25,0,1,1,2,0,145,8700.0
2025-01-01 02:25:10,STRUCT_TEMP_PANEL_Y,31.3241,2,25,10,1,1,2,0,145,8710.0
2025-01-01 02:25:20,STRUCT_TEMP_PANEL_Z,14.6018,2,25,20,1,1,2,0,145,8720.0
2025-01-01 02:25:30,RADIATOR_TEMP,-1.1757,2,25,30,1,1,2,0,145,8730.0
2025-01-01 02:25:40,GYRO_X,0.0046,2,25,40,1,1,2,0,145,8740.0
2025-01-01 02:25:50,GYRO_Y,0.0328,2,25,50,1,1,2,0,145,8750.0
2025-01-01 02:26:00,GYRO_Z,0.0368,2,26,0,1,1,2,0,146,8760.0
2025-01-01 02:26:10,MAGNETOMETER_X,31.5782,2,26,10,1,1,2,0,146,8770.0
2025-01-01 02:26:20,MAGNETOMETER_Y,21.6386,2,26,20,1,1,2,0,146,8780.0
2025-01-01 02:26:30,MAGNETOMETER_Z,26.6087,2,26,30,1,1,2,0,146,8790.0
2025-01-01 02:26:40,REACTION_WHEEL_SPD_X,118.9212,2,26,40,1,1,2,0,146,8800.0
2025-01-01 02:26:50,REACTION_WHEEL_SPD_Y,1827.1891,2,26,50,1,1,2,0,146,8810.0
2025-01-01 02:27:00,REACTION_WHEEL_SPD_Z,-242.7412,2,27,0,1,1,2,0,147,8820.0
2025-01-01 02:27:10,ATTITUDE_ROLL,0.5693,2,27,10,1,1,2,0,147,8830.0
2025-01-01 02:27:20,ATTITUDE_PITCH,1.1349,2,27,20,1,1,2,0,147,8840.0
2025-01-01 02:27:30,ATTITUDE_YAW,1.8527,2,27,30,1,1,2,0,147,8850.0
2025-01-01 02:27:40,STAR_TRACKER_VALID,0.7023,2,27,40,1,1,2,0,147,8860.0
2025-01-01 02:27:50,SUN_SENSOR_ANGLE,147.718,2,27,50,1,1,2,0,147,8870.0
2025-01-01 02:28:00,RF_SIGNAL_STRENGTH,-61.0083,2,28,0,1,1,2,0,148,8880.0
2025-01-01 02:28:10,RF_NOISE_FLOOR,-88.7124,2,28,10,1,1,2,0,148,8890.0
2025-01-01 02:28:20,TX_POWER,2.9454,2,28,20,1,1,2,0,148,8900.0
2025-01-01 02:28:30,LINK_MARGIN,15.5097,2,28,30,1,1,2,0,148,8910.0
2025-01-01 02:28:40,DATA_RATE_KBPS,155.6022,2,28,40,1,1,2,0,148,8920.0
2025-01-01 02:28:50,PACKET_LOSS_RATE,1.459,2,28,50,1,1,2,0,148,8930.0
2025-01-01 02:29:00,CPU_USAGE,34.6214,2,29,0,1,1,2,0,149,8940.0
2025-01-01 02:29:10,MEMORY_USAGE,50.6731,2,29,10,1,1,2,0,149,8950.0
2025-01-01 02:29:20,FLASH_WRITE_RATE,2.1984,2,29,20,1,1,2,0,149,8960.0
2025-01-01 02:29:30,WATCHDOG_COUNTER,74.9695,2,29,30,1,1,2,0,149,8970.0
2025-01-01 02:29:40,TANK_PRESSURE,294.9589,2,29,40,1,1,2,0,149,8980.0
2025-01-01 02:29:50,THRUSTER_VALVE_TEMP,16.0234,2,29,50,1,1,2,0,149,8990.0
2025-01-01 02:30:00,BATT_VOLTAGE_1,28.463,2,30,0,1,1,2,0,150,9000.0
2025-01-01 02:30:10,BATT_VOLTAGE_2,28.3669,2,30,10,1,1,2,0,150,9010.0
2025-01-01 02:30:20,BATT_CURRENT_1,2.6512,2,30,20,1,1,2,0,150,9020.0
2025-01-01 02:30:30,BATT_CURRENT_2,2.1017,2,30,30,1,1,2,0,150,9030.0
2025-01-01 02:30:40,BATT_TEMP_1,28.2102,2,30,40,1,1,2,0,150,9040.0
2025-01-01 02:30:50,BATT_TEMP_2,25.5708,2,30,50,1,1,2,0,150,9050.0
2025-01-01 02:31:00,BATT_SOC,88.7741,2,31,0,1,1,2,0,151,9060.0
2025-01-01 02:31:10,SOLAR_PANEL_VOLT_A,32.5847,2,31,10,1,1,2,0,151,9070.0
2025-01-01 02:31:20,SOLAR_PANEL_VOLT_B,30.2587,2,31,20,1,1,2,0,151,9080.0
2025-01-01 02:31:30,SOLAR_PANEL_CURR_A,5.9921,2,31,30,1,1,2,0,151,9090.0
2025-01-01 02:31:40,SOLAR_PANEL_CURR_B,5.7638,2,31,40,1,1,2,0,151,9100.0
2025-01-01 02:31:50,SOLAR_POWER_TOTAL,100.7196,2,31,50,1,1,2,0,151,9110.0
2025-01-01 02:32:00,BUS_VOLTAGE,28.9522,2,32,0,1,1,2,0,152,9120.0
2025-01-01 02:32:10,BUS_CURRENT,7.9386,2,32,10,1,1,2,0,152,9130.0
2025-01-01 02:32:20,THRUSTER_TEMP_1,24.2168,2,32,20,1,1,2,0,152,9140.0
2025-01-01 02:32:30,THRUSTER_TEMP_2,24.0225,2,32,30,1,1,2,0,152,9150.0
2025-01-01 02:32:40,PAYLOAD_TEMP_CAM,24.9345,2,32,40,1,1,2,0,152,9160.0
2025-01-01 02:32:50,PAYLOAD_TEMP_SENSOR,25.1703,2,32,50,1,1,2,0,152,9170.0
2025-01-01 02:33:00,OBC_TEMP,39.9149,2,33,0,1,1,2,0,153,9180.0
2025-01-01 02:33:10,TRANS_TEMP,40.2623,2,33,10,1,1,2,0,153,9190.0
2025-01-01 02:33:20,STRUCT_TEMP_PANEL_X,25.2366,2,33,20,1,1,2,0,153,9200.0
2025-01-01 02:33:30,STRUCT_TEMP_PANEL_Y,28.082,2,33,30,1,1,2,0,153,9210.0
2025-01-01 02:33:40,STRUCT_TEMP_PANEL_Z,35.1026,2,33,40,1,1,2,0,153,9220.0
2025-01-01 02:33:50,RADIATOR_TEMP,-11.9718,2,33,50,1,1,2,0,153,9230.0
2025-01-01 02:34:00,GYRO_X,0.0244,2,34,0,1,1,2,0,154,9240.0
2025-01-01 02:34:10,GYRO_Y,-0.0016,2,34,10,1,1,2,0,154,9250.0
2025-01-01 02:34:20,GYRO_Z,0.011,2,34,20,1,1,2,0,154,9260.0
2025-01-01 02:34:30,MAGNETOMETER_X,31.6838,2,34,30,1,1,2,0,154,9270.0
2025-01-01 02:34:40,MAGNETOMETER_Y,25.6407,2,34,40,1,1,2,0,154,9280.0
2025-01-01 02:34:50,MAGNETOMETER_Z,35.9877,2,34,50,1,1,2,0,154,9290.0
2025-01-01 02:35:00,REACTION_WHEEL_SPD_X,1146.3482,2,35,0,1,1,2,0,155,9300.0
2025-01-01 02:35:10,REACTION_WHEEL_SPD_Y,1595.4088,2,35,10,1,1,2,0,155,9310.0
2025-01-01 02:35:20,REACTION_WHEEL_SPD_Z,334.9593,2,35,20,1,1,2,0,155,9320.0
2025-01-01 02:35:30,ATTITUDE_ROLL,1.3926,2,35,30,1,1,2,0,155,9330.0
2025-01-01 02:35:40,ATTITUDE_PITCH,1.5462,2,35,40,1,1,2,0,155,9340.0
2025-01-01 02:35:50,ATTITUDE_YAW,1.9215,2,35,50,1,1,2,0,155,9350.0
2025-01-01 02:36:00,STAR_TRACKER_VALID,0.7439,2,36,0,1,1,2,0,156,9360.0
2025-01-01 02:36:10,SUN_SENSOR_ANGLE,76.3408,2,36,10,1,1,2,0,156,9370.0
2025-01-01 02:36:20,RF_SIGNAL_STRENGTH,-59.0921,2,36,20,1,1,2,0,156,9380.0
2025-01-01 02:36:30,RF_NOISE_FLOOR,-88.4542,2,36,30,1,1,2,0,156,9390.0
2025-01-01 02:36:40,TX_POWER,3.3203,2,36,40,1,1,2,0,156,9400.0
2025-01-01 02:36:50,LINK_MARGIN,15.0233,2,36,50,1,1,2,0,156,9410.0
2025-01-01 02:37:00,DATA_RATE_KBPS,170.562,2,37,0,1,1,2,0,157,9420.0
2025-01-01 02:37:10,PACKET_LOSS_RATE,1.4844,2,37,10,1,1,2,0,157,9430.0
2025-01-01 02:37:20,CPU_USAGE,49.5552,2,37,20,1,1,2,0,157,9440.0
2025-01-01 02:37:30,MEMORY_USAGE,45.7495,2,37,30,1,1,2,0,157,9450.0
2025-01-01 02:37:40,FLASH_WRITE_RATE,2.4089,2,37,40,1,1,2,0,157,9460.0
2025-01-01 02:37:50,WATCHDOG_COUNTER,63.7117,2,37,50,1,1,2,0,157,9470.0
2025-01-01 02:38:00,TANK_PRESSURE,310.3126,2,38,0,1,1,2,0,158,9480.0
2025-01-01 02:38:10,THRUSTER_VALVE_TEMP,20.5399,2,38,10,1,1,2,0,158,9490.0
2025-01-01 02:38:20,BATT_VOLTAGE_1,28.4035,2,38,20,1,1,2,0,158,9500.0
2025-01-01 02:38:30,BATT_VOLTAGE_2,27.5984,2,38,30,1,1,2,0,158,9510.0
2025-01-01 02:38:40,BATT_CURRENT_1,3.0818,2,38,40,1,1,2,0,158,9520.0
2025-01-01 02:38:50,BATT_CURRENT_2,3.101,2,38,50,1,1,2,0,158,9530.0
2025-01-01 02:39:00,BATT_TEMP_1,29.5088,2,39,0,1,1,2,0,159,9540.0
2025-01-01 02:39:10,BATT_TEMP_2,24.5654,2,39,10,1,1,2,0,159,9550.0
2025-01-01 02:39:20,BATT_SOC,90.3,2,39,20,1,1,2,0,159,9560.0
2025-01-01 02:39:30,SOLAR_PANEL_VOLT_A,31.0935,2,39,30,1,1,2,0,159,9570.0
2025-01-01 02:39:40,SOLAR_PANEL_VOLT_B,32.1312,2,39,40,1,1,2,0,159,9580.0
2025-01-01 02:39:50,SOLAR_PANEL_CURR_A,6.6403,2,39,50,1,1,2,0,159,9590.0
2025-01-01 02:40:00,SOLAR_PANEL_CURR_B,5.3154,2,40,0,1,1,2,0,160,9600.0
2025-01-01 02:40:10,SOLAR_POWER_TOTAL,113.0092,2,40,10,1,1,2,0,160,9610.0
2025-01-01 02:40:20,BUS_VOLTAGE,28.7432,2,40,20,1,1,2,0,160,9620.0
2025-01-01 02:40:30,BUS_CURRENT,9.4855,2,40,30,1,1,2,0,160,9630.0
2025-01-01 02:40:40,THRUSTER_TEMP_1,26.8782,2,40,40,1,1,2,0,160,9640.0
2025-01-01 02:40:50,THRUSTER_TEMP_2,24.5585,2,40,50,1,1,2,0,160,9650.0
2025-01-01 02:41:00,PAYLOAD_TEMP_CAM,22.428,2,41,0,1,1,2,0,161,9660.0
2025-01-01 02:41:10,PAYLOAD_TEMP_SENSOR,24.9128,2,41,10,1,1,2,0,161,9670.0
2025-01-01 02:41:20,OBC_TEMP,41.568,2,41,20,1,1,2,0,161,9680.0
2025-01-01 02:41:30,TRANS_TEMP,40.9613,2,41,30,1,1,2,0,161,9690.0
2025-01-01 02:41:40,STRUCT_TEMP_PANEL_X,27.9157,2,41,40,1,1,2,0,161,9700.0
2025-01-01 02:41:50,STRUCT_TEMP_PANEL_Y,18.8827,2,41,50,1,1,2,0,161,9710.0
2025-01-01 02:42:00,STRUCT_TEMP_PANEL_Z,29.7037,2,42,0,1,1,2,0,162,9720.0
2025-01-01 02:42:10,RADIATOR_TEMP,-9.7226,2,42,10,1,1,2,0,162,9730.0
2025-01-01 02:42:20,GYRO_X,-0.005,2,42,20,1,1,2,0,162,9740.0
2025-01-01 02:42:30,GYRO_Y,0.0541,2,42,30,1,1,2,0,162,9750.0
2025-01-01 02:42:40,GYRO_Z,0.0494,2,42,40,1,1,2,0,162,9760.0
2025-01-01 02:42:50,MAGNETOMETER_X,16.1474,2,42,50,1,1,2,0,162,9770.0
2025-01-01 02:43:00,MAGNETOMETER_Y,1.9052,2,43,0,1,1,2,0,163,9780.0
2025-01-01 02:43:10,MAGNETOMETER_Z,10.1626,2,43,10,1,1,2,0,163,9790.0
2025-01-01 02:43:20,REACTION_WHEEL_SPD_X,684.4506,2,43,20,1,1,2,0,163,9800.0
2025-01-01 02:43:30,REACTION_WHEEL_SPD_Y,1377.2575,2,43,30,1,1,2,0,163,9810.0
2025-01-01 02:43:40,REACTION_WHEEL_SPD_Z,1153.6727,2,43,40,1,1,2,0,163,9820.0
2025-01-01 02:43:50,ATTITUDE_ROLL,0.1093,2,43,50,1,1,2,0,163,9830.0
2025-01-01 02:44:00,ATTITUDE_PITCH,-0.3148,2,44,0,1,1,2,0,164,9840.0
2025-01-01 02:44:10,ATTITUDE_YAW,2.2518,2,44,10,1,1,2,0,164,9850.0
2025-01-01 02:44:20,STAR_TRACKER_VALID,0.6222,2,44,20,1,1,2,0,164,9860.0
2025-01-01 02:44:30,SUN_SENSOR_ANGLE,132.8952,2,44,30,1,1,2,0,164,9870.0
2025-01-01 02:44:40,RF_SIGNAL_STRENGTH,-56.7464,2,44,40,1,1,2,0,164,9880.0
2025-01-01 02:44:50,RF_NOISE_FLOOR,-90.3942,2,44,50,1,1,2,0,164,9890.0
2025-01-01 02:45:00,TX_POWER,3.4222,2,45,0,1,1,2,0,165,9900.0
2025-01-01 02:45:10,LINK_MARGIN,18.3689,2,45,10,1,1,2,0,165,9910.0
2025-01-01 02:45:20,DATA_RATE_KBPS,153.9194,2,45,20,1,1,2,0,165,9920.0
2025-01-01 02:45:30,PACKET_LOSS_RATE,1.2837,2,45,30,1,1,2,0,165,9930.0
2025-01-01 02:45:40,CPU_USAGE,45.5962,2,45,40,1,1,2,0,165,9940.0
2025-01-01 02:45:50,MEMORY_USAGE,62.9172,2,45,50,1,1,2,0,165,9950.0
2025-01-01 02:46:00,FLASH_WRITE_RATE,3.3015,2,46,0,1,1,2,0,166,9960.0
2025-01-01 02:46:10,WATCHDOG_COUNTER,75.8294,2,46,10,1,1,2,0,166,9970.0
2025-01-01 02:46:20,TANK_PRESSURE,307.929,2,46,20,1,1,2,0,166,9980.0
2025-01-01 02:46:30,THRUSTER_VALVE_TEMP,19.2814,2,46,30,1,1,2,0,166,9990.0
2025-01-01 02:46:40,BATT_VOLTAGE_1,27.5251,2,46,40,1,1,2,0,166,10000.0
2025-01-01 02:46:50,BATT_VOLTAGE_2,28.6387,2,46,50,1,1,2,0,166,10010.0
2025-01-01 02:47:00,BATT_CURRENT_1,3.2951,2,47,0,1,1,2,0,167,10020.0
2025-01-01 02:47:10,BATT_CURRENT_2,2.677,2,47,10,1,1,2,0,167,10030.0
2025-01-01 02:47:20,BATT_TEMP_1,28.5642,2,47,20,1,1,2,0,167,10040.0
2025-01-01 02:47:30,BATT_TEMP_2,22.2117,2,47,30,1,1,2,0,167,10050.0
2025-01-01 02:47:40,BATT_SOC,79.5287,2,47,40,1,1,2,0,167,10060.0
2025-01-01 02:47:50,SOLAR_PANEL_VOLT_A,31.3695,2,47,50,1,1,2,0,167,10070.0
2025-01-01 02:48:00,SOLAR_PANEL_VOLT_B,32.0568,2,48,0,1,1,2,0,168,10080.0
2025-01-01 02:48:10,SOLAR_PANEL_CURR_A,6.2773,2,48,10,1,1,2,0,168,10090.0
2025-01-01 02:48:20,SOLAR_PANEL_CURR_B,6.866,2,48,20,1,1,2,0,168,10100.0
2025-01-01 02:48:30,SOLAR_POWER_TOTAL,113.4773,2,48,30,1,1,2,0,168,10110.0
2025-01-01 02:48:40,BUS_VOLTAGE,28.9288,2,48,40,1,1,2,0,168,10120.0
2025-01-01 02:48:50,BUS_CURRENT,9.142,2,48,50,1,1,2,0,168,10130.0
2025-01-01 02:49:00,THRUSTER_TEMP_1,24.5701,2,49,0,1,1,2,0,169,10140.0
2025-01-01 02:49:10,THRUSTER_TEMP_2,23.787,2,49,10,1,1,2,0,169,10150.0
2025-01-01 02:49:20,PAYLOAD_TEMP_CAM,24.2919,2,49,20,1,1,2,0,169,10160.0
2025-01-01 02:49:30,PAYLOAD_TEMP_SENSOR,22.7039,2,49,30,1,1,2,0,169,10170.0
2025-01-01 02:49:40,OBC_TEMP,43.9682,2,49,40,1,1,2,0,169,10180.0
2025-01-01 02:49:50,TRANS_TEMP,42.2873,2,49,50,1,1,2,0,169,10190.0
2025-01-01 02:50:00,STRUCT_TEMP_PANEL_X,25.3316,2,50,0,1,1,2,0,170,10200.0
2025-01-01 02:50:10,STRUCT_TEMP_PANEL_Y,30.8515,2,50,10,1,1,2,0,170,10210.0
2025-01-01 02:50:20,STRUCT_TEMP_PANEL_Z,24.8006,2,50,20,1,1,2,0,170,10220.0
2025-01-01 02:50:30,RADIATOR_TEMP,-6.7622,2,50,30,1,1,2,0,170,10230.0
2025-01-01 02:50:40,GYRO_X,0.0204,2,50,40,1,1,2,0,170,10240.0
2025-01-01 02:50:50,GYRO_Y,0.0419,2,50,50,1,1,2,0,170,10250.0
2025-01-01 02:51:00,GYRO_Z,0.0089,2,51,0,1,1,2,0,171,10260.0
2025-01-01 02:51:10,MAGNETOMETER_X,-4.7249,2,51,10,1,1,2,0,171,10270.0
2025-01-01 02:51:20,MAGNETOMETER_Y,29.178,2,51,20,1,1,2,0,171,10280.0
2025-01-01 02:51:30,MAGNETOMETER_Z,-3.5867,2,51,30,1,1,2,0,171,10290.0
2025-01-01 02:51:40,REACTION_WHEEL_SPD_X,-1000.3479,2,51,40,1,1,2,0,171,10300.0
2025-01-01 02:51:50,REACTION_WHEEL_SPD_Y,758.9464,2,51,50,1,1,2,0,171,10310.0
2025-01-01 02:52:00,REACTION_WHEEL_SPD_Z,1836.2326,2,52,0,1,1,2,0,172,10320.0
2025-01-01 02:52:10,ATTITUDE_ROLL,0.6729,2,52,10,1,1,2,0,172,10330.0
2025-01-01 02:52:20,ATTITUDE_PITCH,1.3905,2,52,20,1,1,2,0,172,10340.0
2025-01-01 02:52:30,ATTITUDE_YAW,1.7403,2,52,30,1,1,2,0,172,10350.0
2025-01-01 02:52:40,STAR_TRACKER_VALID,0.3862,2,52,40,1,1,2,0,172,10360.0
2025-01-01 02:52:50,SUN_SENSOR_ANGLE,116.9627,2,52,50,1,1,2,0,172,10370.0
2025-01-01 02:53:00,RF_SIGNAL_STRENGTH,-62.8164,2,53,0,1,1,2,0,173,10380.0
2025-01-01 02:53:10,RF_NOISE_FLOOR,-87.7725,2,53,10,1,1,2,0,173,10390.0
2025-01-01 02:53:20,TX_POWER,4.1101,2,53,20,1,1,2,0,173,10400.0
2025-01-01 02:53:30,LINK_MARGIN,16.8118,2,53,30,1,1,2,0,173,10410.0
2025-01-01 02:53:40,DATA_RATE_KBPS,172.8667,2,53,40,1,1,2,0,173,10420.0
2025-01-01 02:53:50,PACKET_LOSS_RATE,1.4079,2,53,50,1,1,2,0,173,10430.0
2025-01-01 02:54:00,CPU_USAGE,45.2516,2,54,0,1,1,2,0,174,10440.0
2025-01-01 02:54:10,MEMORY_USAGE,45.8255,2,54,10,1,1,2,0,174,10450.0
2025-01-01 02:54:20,FLASH_WRITE_RATE,3.4769,2,54,20,1,1,2,0,174,10460.0
2025-01-01 02:54:30,WATCHDOG_COUNTER,65.2471,2,54,30,1,1,2,0,174,10470.0
2025-01-01 02:54:40,TANK_PRESSURE,298.1859,2,54,40,1,1,2,0,174,10480.0
2025-01-01 02:54:50,THRUSTER_VALVE_TEMP,16.018,2,54,50,1,1,2,0,174,10490.0
2025-01-01 02:55:00,BATT_VOLTAGE_1,28.6297,2,55,0,1,1,2,0,175,10500.0
2025-01-01 02:55:10,BATT_VOLTAGE_2,27.7988,2,55,10,1,1,2,0,175,10510.0
2025-01-01 02:55:20,BATT_CURRENT_1,2.7303,2,55,20,1,1,2,0,175,10520.0
2025-01-01 02:55:30,BATT_CURRENT_2,3.062,2,55,30,1,1,2,0,175,10530.0
2025-01-01 02:55:40,BATT_TEMP_1,28.6576,2,55,40,1,1,2,0,175,10540.0
2025-01-01 02:55:50,BATT_TEMP_2,27.5611,2,55,50,1,1,2,0,175,10550.0
2025-01-01 02:56:00,BATT_SOC,80.4934,2,56,0,1,1,2,0,176,10560.0
2025-01-01 02:56:10,SOLAR_PANEL_VOLT_A,32.7933,2,56,10,1,1,2,0,176,10570.0
2025-01-01 02:56:20,SOLAR_PANEL_VOLT_B,32.191,2,56,20,1,1,2,0,176,10580.0
2025-01-01 02:56:30,SOLAR_PANEL_CURR_A,4.6631,2,56,30,1,1,2,0,176,10590.0
2025-01-01 02:56:40,SOLAR_PANEL_CURR_B,6.5198,2,56,40,1,1,2,0,176,10600.0
2025-01-01 02:56:50,SOLAR_POWER_TOTAL,112.5129,2,56,50,1,1,2,0,176,10610.0
2025-01-01 02:57:00,BUS_VOLTAGE,28.9244,2,57,0,1,1,2,0,177,10620.0
2025-01-01 02:57:10,BUS_CURRENT,10.7918,2,57,10,1,1,2,0,177,10630.0
2025-01-01 02:57:20,THRUSTER_TEMP_1,20.408,2,57,20,1,1,2,0,177,10640.0
2025-01-01 02:57:30,THRUSTER_TEMP_2,25.4084,2,57,30,1,1,2,0,177,10650.0
2025-01-01 02:57:40,PAYLOAD_TEMP_CAM,24.0672,2,57,40,1,1,2,0,177,10660.0
2025-01-01 02:57:50,PAYLOAD_TEMP_SENSOR,24.2732,2,57,50,1,1,2,0,177,10670.0
2025-01-01 02:58:00,OBC_TEMP,46.1541,2,58,0,1,1,2,0,178,10680.0
2025-01-01 02:58:10,TRANS_TEMP,34.4281,2,58,10,1,1,2,0,178,10690.0
2025-01-01 02:58:20,STRUCT_TEMP_PANEL_X,14.9652,2,58,20,1,1,2,0,178,10700.0
2025-01-01 02:58:30,STRUCT_TEMP_PANEL_Y,20.3256,2,58,30,1,1,2,0,178,10710.0
2025-01-01 02:58:40,STRUCT_TEMP_PANEL_Z,32.3894,2,58,40,1,1,2,0,178,10720.0
2025-01-01 02:58:50,RADIATOR_TEMP,-9.8286,2,58,50,1,1,2,0,178,10730.0
2025-01-01 02:59:00,GYRO_X,0.0392,2,59,0,1,1,2,0,179,10740.0
2025-01-01 02:59:10,GYRO_Y,-0.0306,2,59,10,1,1,2,0,179,10750.0
2025-01-01 02:59:20,GYRO_Z,0.0341,2,59,20,1,1,2,0,179,10760.0
2025-01-01 02:59:30,MAGNETOMETER_X,33.8098,2,59,30,1,1,2,0,179,10770.0
2025-01-01 02:59:40,MAGNETOMETER_Y,33.0707,2,59,40,1,1,2,0,179,10780.0
2025-01-01 02:59:50,MAGNETOMETER_Z,24.9815,2,59,50,1,1,2,0,179,10790.0
2025-01-01 03:00:00,REACTION_WHEEL_SPD_X,1785.4431,3,0,0,1,1,2,0,180,10800.0
2025-01-01 03:00:10,REACTION_WHEEL_SPD_Y,-445.8729,3,0,10,1,1,2,0,180,10810.0
2025-01-01 03:00:20,REACTION_WHEEL_SPD_Z,-584.1869,3,0,20,1,1,2,0,180,10820.0
2025-01-01 03:00:30,ATTITUDE_ROLL,0.008,3,0,30,1,1,2,0,180,10830.0
2025-01-01 03:00:40,ATTITUDE_PITCH,1.1979,3,0,40,1,1,2,0,180,10840.0
2025-01-01 03:00:50,ATTITUDE_YAW,-0.9293,3,0,50,1,1,2,0,180,10850.0
2025-01-01 03:01:00,STAR_TRACKER_VALID,0.687,3,1,0,1,1,2,0,181,10860.0
2025-01-01 03:01:10,SUN_SENSOR_ANGLE,131.1825,3,1,10,1,1,2,0,181,10870.0
2025-01-01 03:01:20,RF_SIGNAL_STRENGTH,-57.167,3,1,20,1,1,2,0,181,10880.0
2025-01-01 03:01:30,RF_NOISE_FLOOR,-93.8961,3,1,30,1,1,2,0,181,10890.0
2025-01-01 03:01:40,TX_POWER,3.2118,3,1,40,1,1,2,0,181,10900.0
2025-01-01 03:01:50,LINK_MARGIN,19.2571,3,1,50,1,1,2,0,181,10910.0
2025-01-01 03:02:00,DATA_RATE_KBPS,116.9458,3,2,0,1,1,2,0,182,10920.0
2025-01-01 03:02:10,PACKET_LOSS_RATE,0.6826,3,2,10,1,1,2,0,182,10930.0
2025-01-01 03:02:20,CPU_USAGE,42.1261,3,2,20,1,1,2,0,182,10940.0
2025-01-01 03:02:30,MEMORY_USAGE,61.5692,3,2,30,1,1,2,0,182,10950.0
2025-01-01 03:02:40,FLASH_WRITE_RATE,2.7711,3,2,40,1,1,2,0,182,10960.0
2025-01-01 03:02:50,WATCHDOG_COUNTER,75.558,3,2,50,1,1,2,0,182,10970.0
2025-01-01 03:03:00,TANK_PRESSURE,301.9617,3,3,0,1,1,2,0,183,10980.0
2025-01-01 03:03:10,THRUSTER_VALVE_TEMP,18.3753,3,3,10,1,1,2,0,183,10990.0
2025-01-01 03:03:20,BATT_VOLTAGE_1,27.7537,3,3,20,1,1,2,0,183,11000.0
2025-01-01 03:03:30,BATT_VOLTAGE_2,28.6212,3,3,30,1,1,2,0,183,11010.0
2025-01-01 03:03:40,BATT_CURRENT_1,2.9072,3,3,40,1,1,2,0,183,11020.0
2025-01-01 03:03:50,BATT_CURRENT_2,2.8918,3,3,50,1,1,2,0,183,11030.0
2025-01-01 03:04:00,BATT_TEMP_1,29.9663,3,4,0,1,1,2,0,184,11040.0
2025-01-01 03:04:10,BATT_TEMP_2,22.3647,3,4,10,1,1,2,0,184,11050.0
2025-01-01 03:04:20,BATT_SOC,88.0171,3,4,20,1,1,2,0,184,11060.0
2025-01-01 03:04:30,SOLAR_PANEL_VOLT_A,32.6428,3,4,30,1,1,2,0,184,11070.0
2025-01-01 03:04:40,SOLAR_PANEL_VOLT_B,32.5585,3,4,40,1,1,2,0,184,11080.0
2025-01-01 03:04:50,SOLAR_PANEL_CURR_A,5.7776,3,4,50,1,1,2,0,184,11090.0
2025-01-01 03:05:00,SOLAR_PANEL_CURR_B,6.4111,3,5,0,1,1,2,0,185,11100.0
2025-01-01 03:05:10,SOLAR_POWER_TOTAL,116.062,3,5,10,1,1,2,0,185,11110.0
2025-01-01 03:05:20,BUS_VOLTAGE,29.0648,3,5,20,1,1,2,0,185,11120.0
2025-01-01 03:05:30,BUS_CURRENT,7.5202,3,5,30,1,1,2,0,185,11130.0
2025-01-01 03:05:40,THRUSTER_TEMP_1,25.7843,3,5,40,1,1,2,0,185,11140.0
2025-01-01 03:05:50,THRUSTER_TEMP_2,25.9177,3,5,50,1,1,2,0,185,11150.0
2025-01-01 03:06:00,PAYLOAD_TEMP_CAM,25.4998,3,6,0,1,1,2,0,186,11160.0
2025-01-01 03:06:10,PAYLOAD_TEMP_SENSOR,24.3028,3,6,10,1,1,2,0,186,11170.0
2025-01-01 03:06:20,OBC_TEMP,47.692,3,6,20,1,1,2,0,186,11180.0
2025-01-01 03:06:30,TRANS_TEMP,35.6726,3,6,30,1,1,2,0,186,11190.0
2025-01-01 03:06:40,STRUCT_TEMP_PANEL_X,36.592,3,6,40,1,1,2,0,186,11200.0
2025-01-01 03:06:50,STRUCT_TEMP_PANEL_Y,23.7556,3,6,50,1,1,2,0,186,11210.0
2025-01-01 03:07:00,STRUCT_TEMP_PANEL_Z,29.3756,3,7,0,1,1,2,0,187,11220.0
2025-01-01 03:07:10,RADIATOR_TEMP,-6.83,3,7,10,1,1,2,0,187,11230.0
2025-01-01 03:07:20,GYRO_X,-0.0044,3,7,20,1,1,2,0,187,11240.0
2025-01-01 03:07:30,GYRO_Y,0.0375,3,7,30,1,1,2,0,187,11250.0
2025-01-01 03:07:40,GYRO_Z,0.0319,3,7,40,1,1,2,0,187,11260.0
2025-01-01 03:07:50,MAGNETOMETER_X,27.2606,3,7,50,1,1,2,0,187,11270.0
2025-01-01 03:08:00,MAGNETOMETER_Y,31.5947,3,8,0,1,1,2,0,188,11280.0
2025-01-01 03:08:10,MAGNETOMETER_Z,18.5754,3,8,10,1,1,2,0,188,11290.0
2025-01-01 03:08:20,REACTION_WHEEL_SPD_X,-30.9304,3,8,20,1,1,2,0,188,11300.0
2025-01-01 03:08:30,REACTION_WHEEL_SPD_Y,1503.6494,3,8,30,1,1,2,0,188,11310.0
2025-01-01 03:08:40,REACTION_WHEEL_SPD_Z,105.6406,3,8,40,1,1,2,0,188,11320.0
2025-01-01 03:08:50,ATTITUDE_ROLL,1.5576,3,8,50,1,1,2,0,188,11330.0
2025-01-01 03:09:00,ATTITUDE_PITCH,1.6192,3,9,0,1,1,2,0,189,11340.0
2025-01-01 03:09:10,ATTITUDE_YAW,2.2847,3,9,10,1,1,2,0,189,11350.0
2025-01-01 03:09:20,STAR_TRACKER_VALID,0.481,3,9,20,1,1,2,0,189,11360.0
2025-01-01 03:09:30,SUN_SENSOR_ANGLE,77.9842,3,9,30,1,1,2,0,189,11370.0
2025-01-01 03:09:40,RF_SIGNAL_STRENGTH,-55.6432,3,9,40,1,1,2,0,189,11380.0
2025-01-01 03:09:50,RF_NOISE_FLOOR,-85.6099,3,9,50,1,1,2,0,189,11390.0
2025-01-01 03:10:00,TX_POWER,3.5073,3,10,0,1,1,2,0,190,11400.0
2025-01-01 03:10:10,LINK_MARGIN,15.9726,3,10,10,1,1,2,0,190,11410.0
2025-01-01 03:10:20,DATA_RATE_KBPS,97.1583,3,10,20,1,1,2,0,190,11420.0
2025-01-01 03:10:30,PACKET_LOSS_RATE,1.5182,3,10,30,1,1,2,0,190,11430.0
2025-01-01 03:10:40,CPU_USAGE,33.7067,3,10,40,1,1,2,0,190,11440.0
2025-01-01 03:10:50,MEMORY_USAGE,63.5642,3,10,50,1,1,2,0,190,11450.0
2025-01-01 03:11:00,FLASH_WRITE_RATE,1.2439,3,11,0,1,1,2,0,191,11460.0
2025-01-01 03:11:10,WATCHDOG_COUNTER,70.8718,3,11,10,1,1,2,0,191,11470.0
2025-01-01 03:11:20,TANK_PRESSURE,307.5665,3,11,20,1,1,2,0,191,11480.0
2025-01-01 03:11:30,THRUSTER_VALVE_TEMP,19.5556,3,11,30,1,1,2,0,191,11490.0
2025-01-01 03:11:40,BATT_VOLTAGE_1,28.1539,3,11,40,1,1,2,0,191,11500.0
2025-01-01 03:11:50,BATT_VOLTAGE_2,27.7738,3,11,50,1,1,2,0,191,11510.0
2025-01-01 03:12:00,BATT_CURRENT_1,3.1933,3,12,0,1,1,2,0,192,11520.0
2025-01-01 03:12:10,BATT_CURRENT_2,2.4967,3,12,10,1,1,2,0,192,11530.0
2025-01-01 03:12:20,BATT_TEMP_1,30.7064,3,12,20,1,1,2,0,192,11540.0
2025-01-01 03:12:30,BATT_TEMP_2,31.2647,3,12,30,1,1,2,0,192,11550.0
2025-01-01 03:12:40,BATT_SOC,91.1892,3,12,40,1,1,2,0,192,11560.0
2025-01-01 03:12:50,SOLAR_PANEL_VOLT_A,32.6781,3,12,50,1,1,2,0,192,11570.0
2025-01-01 03:13:00,SOLAR_PANEL_VOLT_B,31.9393,3,13,0,1,1,2,0,193,11580.0
2025-01-01 03:13:10,SOLAR_PANEL_CURR_A,6.5685,3,13,10,1,1,2,0,193,11590.0
2025-01-01 03:13:20,SOLAR_PANEL_CURR_B,4.8561,3,13,20,1,1,2,0,193,11600.0
2025-01-01 03:13:30,SOLAR_POWER_TOTAL,112.0589,3,13,30,1,1,2,0,193,11610.0
2025-01-01 03:13:40,BUS_VOLTAGE,28.8016,3,13,40,1,1,2,0,193,11620.0
2025-01-01 03:13:50,BUS_CURRENT,8.1619,3,13,50,1,1,2,0,193,11630.0
2025-01-01 03:14:00,THRUSTER_TEMP_1,24.2155,3,14,0,1,1,2,0,194,11640.0
2025-01-01 03:14:10,THRUSTER_TEMP_2,24.4907,3,14,10,1,1,2,0,194,11650.0
2025-01-01 03:14:20,PAYLOAD_TEMP_CAM,25.1667,3,14,20,1,1,2,0,194,11660.0
2025-01-01 03:14:30,PAYLOAD_TEMP_SENSOR,24.2142,3,14,30,1,1,2,0,194,11670.0
2025-01-01 03:14:40,OBC_TEMP,46.6357,3,14,40,1,1,2,0,194,11680.0
2025-01-01 03:14:50,TRANS_TEMP,42.5956,3,14,50,1,1,2,0,194,11690.0
2025-01-01 03:15:00,STRUCT_TEMP_PANEL_X,16.1218,3,15,0,1,1,2,0,195,11700.0
2025-01-01 03:15:10,STRUCT_TEMP_PANEL_Y,35.3624,3,15,10,1,1,2,0,195,11710.0
2025-01-01 03:15:20,STRUCT_TEMP_PANEL_Z,19.8944,3,15,20,1,1,2,0,195,11720.0
2025-01-01 03:15:30,RADIATOR_TEMP,-13.6682,3,15,30,1,1,2,0,195,11730.0
2025-01-01 03:15:40,GYRO_X,0.0347,3,15,40,1,1,2,0,195,11740.0
2025-01-01 03:15:50,GYRO_Y,0.0412,3,15,50,1,1,2,0,195,11750.0
2025-01-01 03:16:00,GYRO_Z,0.0348,3,16,0,1,1,2,0,196,11760.0
2025-01-01 03:16:10,MAGNETOMETER_X,17.4254,3,16,10,1,1,2,0,196,11770.0
2025-01-01 03:16:20,MAGNETOMETER_Y,33.7145,3,16,20,1,1,2,0,196,11780.0
2025-01-01 03:16:30,MAGNETOMETER_Z,-24.8737,3,16,30,1,1,2,0,196,11790.0
2025-01-01 03:16:40,REACTION_WHEEL_SPD_X,-226.1353,3,16,40,1,1,2,0,196,11800.0
2025-01-01 03:16:50,REACTION_WHEEL_SPD_Y,1391.8718,3,16,50,1,1,2,0,196,11810.0
2025-01-01 03:17:00,REACTION_WHEEL_SPD_Z,1273.2569,3,17,0,1,1,2,0,197,11820.0
2025-01-01 03:17:10,ATTITUDE_ROLL,1.4477,3,17,10,1,1,2,0,197,11830.0
2025-01-01 03:17:20,ATTITUDE_PITCH,1.8991,3,17,20,1,1,2,0,197,11840.0
2025-01-01 03:17:30,ATTITUDE_YAW,1.9285,3,17,30,1,1,2,0,197,11850.0
2025-01-01 03:17:40,STAR_TRACKER_VALID,0.7214,3,17,40,1,1,2,0,197,11860.0
2025-01-01 03:17:50,SUN_SENSOR_ANGLE,127.8275,3,17,50,1,1,2,0,197,11870.0
2025-01-01 03:18:00,RF_SIGNAL_STRENGTH,-56.5812,3,18,0,1,1,2,0,198,11880.0
2025-01-01 03:18:10,RF_NOISE_FLOOR,-88.7562,3,18,10,1,1,2,0,198,11890.0
2025-01-01 03:18:20,TX_POWER,3.4875,3,18,20,1,1,2,0,198,11900.0
2025-01-01 03:18:30,LINK_MARGIN,20.8085,3,18,30,1,1,2,0,198,11910.0
2025-01-01 03:18:40,DATA_RATE_KBPS,111.4004,3,18,40,1,1,2,0,198,11920.0
2025-01-01 03:18:50,PACKET_LOSS_RATE,1.2616,3,18,50,1,1,2,0,198,11930.0
2025-01-01 03:19:00,CPU_USAGE,48.7769,3,19,0,1,1,2,0,199,11940.0
2025-01-01 03:19:10,MEMORY_USAGE,63.2755,3,19,10,1,1,2,0,199,11950.0
2025-01-01 03:19:20,FLASH_WRITE_RATE,3.5557,3,19,20,1,1,2,0,199,11960.0
2025-01-01 03:19:30,WATCHDOG_COUNTER,72.7789,3,19,30,1,1,2,0,199,11970.0
2025-01-01 03:19:40,TANK_PRESSURE,307.6329,3,19,40,1,1,2,0,199,11980.0
2025-01-01 03:19:50,THRUSTER_VALVE_TEMP,15.224,3,19,50,1,1,2,0,199,11990.0
2025-01-01 03:20:00,BATT_VOLTAGE_1,28.497,3,20,0,1,1,2,0,200,12000.0
2025-01-01 03:20:10,BATT_VOLTAGE_2,27.9918,3,20,10,1,1,2,0,200,12010.0
2025-01-01 03:20:20,BATT_CURRENT_1,3.23,3,20,20,1,1,2,0,200,12020.0
2025-01-01 03:20:30,BATT_CURRENT_2,3.0323,3,20,30,1,1,2,0,200,12030.0
2025-01-01 03:20:40,BATT_TEMP_1,27.646,3,20,40,1,1,2,0,200,12040.0
2025-01-01 03:20:50,BATT_TEMP_2,29.7205,3,20,50,1,1,2,0,200,12050.0
2025-01-01 03:21:00,BATT_SOC,89.0445,3,21,0,1,1,2,0,201,12060.0
2025-01-01 03:21:10,SOLAR_PANEL_VOLT_A,32.587,3,21,10,1,1,2,0,201,12070.0
2025-01-01 03:21:20,SOLAR_PANEL_VOLT_B,30.1214,3,21,20,1,1,2,0,201,12080.0
2025-01-01 03:21:30,SOLAR_PANEL_CURR_A,6.8164,3,21,30,1,1,2,0,201,12090.0
2025-01-01 03:21:40,SOLAR_PANEL_CURR_B,6.4142,3,21,40,1,1,2,0,201,12100.0
2025-01-01 03:21:50,SOLAR_POWER_TOTAL,110.4744,3,21,50,1,1,2,0,201,12110.0
2025-01-01 03:22:00,BUS_VOLTAGE,28.2209,3,22,0,1,1,2,0,202,12120.0
2025-01-01 03:22:10,BUS_CURRENT,7.5404,3,22,10,1,1,2,0,202,12130.0
2025-01-01 03:22:20,THRUSTER_TEMP_1,20.4424,3,22,20,1,1,2,0,202,12140.0
2025-01-01 03:22:30,THRUSTER_TEMP_2,20.4501,3,22,30,1,1,2,0,202,12150.0
2025-01-01 03:22:40,PAYLOAD_TEMP_CAM,22.962,3,22,40,1,1,2,0,202,12160.0
2025-01-01 03:22:50,PAYLOAD_TEMP_SENSOR,22.8025,3,22,50,1,1,2,0,202,12170.0
2025-01-01 03:23:00,OBC_TEMP,50.1399,3,23,0,1,1,2,0,203,12180.0
2025-01-01 03:23:10,TRANS_TEMP,44.6576,3,23,10,1,1,2,0,203,12190.0
2025-01-01 03:23:20,STRUCT_TEMP_PANEL_X,28.4516,3,23,20,1,1,2,0,203,12200.0
2025-01-01 03:23:30,STRUCT_TEMP_PANEL_Y,34.564,3,23,30,1,1,2,0,203,12210.0
2025-01-01 03:23:40,STRUCT_TEMP_PANEL_Z,32.2049,3,23,40,1,1,2,0,203,12220.0
2025-01-01 03:23:50,RADIATOR_TEMP,-0.3672,3,23,50,1,1,2,0,203,12230.0
2025-01-01 03:24:00,GYRO_X,0.0104,3,24,0,1,1,2,0,204,12240.0
2025-01-01 03:24:10,GYRO_Y,-0.0185,3,24,10,1,1,2,0,204,12250.0
2025-01-01 03:24:20,GYRO_Z,0.0023,3,24,20,1,1,2,0,204,12260.0
2025-01-01 03:24:30,MAGNETOMETER_X,18.5958,3,24,30,1,1,2,0,204,12270.0
2025-01-01 03:24:40,MAGNETOMETER_Y,18.8991,3,24,40,1,1,2,0,204,12280.0
2025-01-01 03:24:50,MAGNETOMETER_Z,31.4492,3,24,50,1,1,2,0,204,12290.0
2025-01-01 03:25:00,REACTION_WHEEL_SPD_X,1026.8568,3,25,0,1,1,2,0,205,12300.0
2025-01-01 03:25:10,REACTION_WHEEL_SPD_Y,-386.9736,3,25,10,1,1,2,0,205,12310.0
2025-01-01 03:25:20,REACTION_WHEEL_SPD_Z,-718.3526,3,25,20,1,1,2,0,205,12320.0
2025-01-01 03:25:30,ATTITUDE_ROLL,1.5621,3,25,30,1,1,2,0,205,12330.0
2025-01-01 03:25:40,ATTITUDE_PITCH,-0.064,3,25,40,1,1,2,0,205,12340.0
2025-01-01 03:25:50,ATTITUDE_YAW,1.7319,3,25,50,1,1,2,0,205,12350.0
2025-01-01 03:26:00,STAR_TRACKER_VALID,0.546,3,26,0,1,1,2,0,206,12360.0
2025-01-01 03:26:10,SUN_SENSOR_ANGLE,63.3224,3,26,10,1,1,2,0,206,12370.0
2025-01-01 03:26:20,RF_SIGNAL_STRENGTH,-58.5405,3,26,20,1,1,2,0,206,12380.0
2025-01-01 03:26:30,RF_NOISE_FLOOR,-89.0823,3,26,30,1,1,2,0,206,12390.0
2025-01-01 03:26:40,TX_POWER,3.8127,3,26,40,1,1,2,0,206,12400.0
2025-01-01 03:26:50,LINK_MARGIN,19.8253,3,26,50,1,1,2,0,206,12410.0
2025-01-01 03:27:00,DATA_RATE_KBPS,93.8254,3,27,0,1,1,2,0,207,12420.0
2025-01-01 03:27:10,PACKET_LOSS_RATE,1.415,3,27,10,1,1,2,0,207,12430.0
2025-01-01 03:27:20,CPU_USAGE,41.788,3,27,20,1,1,2,0,207,12440.0
2025-01-01 03:27:30,MEMORY_USAGE,64.901,3,27,30,1,1,2,0,207,12450.0
2025-01-01 03:27:40,FLASH_WRITE_RATE,2.2383,3,27,40,1,1,2,0,207,12460.0
2025-01-01 03:27:50,WATCHDOG_COUNTER,67.3509,3,27,50,1,1,2,0,207,12470.0
2025-01-01 03:28:00,TANK_PRESSURE,307.7888,3,28,0,1,1,2,0,208,12480.0
2025-01-01 03:28:10,THRUSTER_VALVE_TEMP,20.379,3,28,10,1,1,2,0,208,12490.0
2025-01-01 03:28:20,BATT_VOLTAGE_1,28.6816,3,28,20,1,1,2,0,208,12500.0
2025-01-01 03:28:30,BATT_VOLTAGE_2,28.6882,3,28,30,1,1,2,0,208,12510.0
2025-01-01 03:28:40,BATT_CURRENT_1,3.1338,3,28,40,1,1,2,0,208,12520.0
2025-01-01 03:28:50,BATT_CURRENT_2,3.2424,3,28,50,1,1,2,0,208,12530.0
2025-01-01 03:29:00,BATT_TEMP_1,23.6544,3,29,0,1,1,2,0,209,12540.0
2025-01-01 03:29:10,BATT_TEMP_2,26.6317,3,29,10,1,1,2,0,209,12550.0
2025-01-01 03:29:20,BATT_SOC,77.7758,3,29,20,1,1,2,0,209,12560.0
2025-01-01 03:29:30,SOLAR_PANEL_VOLT_A,30.5175,3,29,30,1,1,2,0,209,12570.0
2025-01-01 03:29:40,SOLAR_PANEL_VOLT_B,31.7793,3,29,40,1,1,2,0,209,12580.0
2025-01-01 03:29:50,SOLAR_PANEL_CURR_A,6.1529,3,29,50,1,1,2,0,209,12590.0
2025-01-01 03:30:00,SOLAR_PANEL_CURR_B,6.8001,3,30,0,1,1,2,0,210,12600.0
2025-01-01 03:30:10,SOLAR_POWER_TOTAL,110.1514,3,30,10,1,1,2,0,210,12610.0
2025-01-01 03:30:20,BUS_VOLTAGE,28.1162,3,30,20,1,1,2,0,210,12620.0
2025-01-01 03:30:30,BUS_CURRENT,9.936,3,30,30,1,1,2,0,210,12630.0
2025-01-01 03:30:40,THRUSTER_TEMP_1,26.9752,3,30,40,1,1,2,0,210,12640.0
2025-01-01 03:30:50,THRUSTER_TEMP_2,21.8176,3,30,50,1,1,2,0,210,12650.0
2025-01-01 03:31:00,PAYLOAD_TEMP_CAM,24.7033,3,31,0,1,1,2,0,211,12660.0
2025-01-01 03:31:10,PAYLOAD_TEMP_SENSOR,22.787,3,31,10,1,1,2,0,211,12670.0
2025-01-01 03:31:20,OBC_TEMP,40.6691,3,31,20,1,1,2,0,211,12680.0
2025-01-01 03:31:30,TRANS_TEMP,33.4271,3,31,30,1,1,2,0,211,12690.0
2025-01-01 03:31:40,STRUCT_TEMP_PANEL_X,20.6605,3,31,40,1,1,2,0,211,12700.0
2025-01-01 03:31:50,STRUCT_TEMP_PANEL_Y,19.8201,3,31,50,1,1,2,0,211,12710.0
2025-01-01 03:32:00,STRUCT_TEMP_PANEL_Z,37.3043,3,32,0,1,1,2,0,212,12720.0
2025-01-01 03:32:10,RADIATOR_TEMP,0.3136,3,32,10,1,1,2,0,212,12730.0
2025-01-01 03:32:20,GYRO_X,-0.0008,3,32,20,1,1,2,0,212,12740.0
2025-01-01 03:32:30,GYRO_Y,0.0328,3,32,30,1,1,2,0,212,12750.0
2025-01-01 03:32:40,GYRO_Z,0.0298,3,32,40,1,1,2,0,212,12760.0
2025-01-01 03:32:50,MAGNETOMETER_X,6.6458,3,32,50,1,1,2,0,212,12770.0
2025-01-01 03:33:00,MAGNETOMETER_Y,-1.2161,3,33,0,1,1,2,0,213,12780.0
2025-01-01 03:33:10,MAGNETOMETER_Z,15.6223,3,33,10,1,1,2,0,213,12790.0
2025-01-01 03:33:20,REACTION_WHEEL_SPD_X,1644.9785,3,33,20,1,1,2,0,213,12800.0
2025-01-01 03:33:30,REACTION_WHEEL_SPD_Y,1400.9323,3,33,30,1,1,2,0,213,12810.0
2025-01-01 03:33:40,REACTION_WHEEL_SPD_Z,-532.3553,3,33,40,1,1,2,0,213,12820.0
2025-01-01 03:33:50,ATTITUDE_ROLL,-0.3229,3,33,50,1,1,2,0,213,12830.0
2025-01-01 03:34:00,ATTITUDE_PITCH,1.3643,3,34,0,1,1,2,0,214,12840.0
2025-01-01 03:34:10,ATTITUDE_YAW,2.5879,3,34,10,1,1,2,0,214,12850.0
2025-01-01 03:34:20,STAR_TRACKER_VALID,0.7818,3,34,20,1,1,2,0,214,12860.0
2025-01-01 03:34:30,SUN_SENSOR_ANGLE,120.9255,3,34,30,1,1,2,0,214,12870.0
2025-01-01 03:34:40,RF_SIGNAL_STRENGTH,-74.8225,3,34,40,1,1,2,0,214,12880.0
2025-01-01 03:34:50,RF_NOISE_FLOOR,-87.8206,3,34,50,1,1,2,0,214,12890.0
2025-01-01 03:35:00,TX_POWER,2.7476,3,35,0,1,1,2,0,215,12900.0
2025-01-01 03:35:10,LINK_MARGIN,20.0419,3,35,10,1,1,2,0,215,12910.0
2025-01-01 03:35:20,DATA_RATE_KBPS,113.3421,3,35,20,1,1,2,0,215,12920.0
2025-01-01 03:35:30,PACKET_LOSS_RATE,1.5363,3,35,30,1,1,2,0,215,12930.0
2025-01-01 03:35:40,CPU_USAGE,36.81,3,35,40,1,1,2,0,215,12940.0
2025-01-01 03:35:50,MEMORY_USAGE,47.5413,3,35,50,1,1,2,0,215,12950.0
2025-01-01 03:36:00,FLASH_WRITE_RATE,3.8996,3,36,0,1,1,2,0,216,12960.0
2025-01-01 03:36:10,WATCHDOG_COUNTER,40.8078,3,36,10,1,1,2,0,216,12970.0
2025-01-01 03:36:20,TANK_PRESSURE,310.2059,3,36,20,1,1,2,0,216,12980.0
2025-01-01 03:36:30,THRUSTER_VALVE_TEMP,21.6387,3,36,30,1,1,2,0,216,12990.0
2025-01-01 03:36:40,BATT_VOLTAGE_1,28.573,3,36,40,1,1,2,0,216,13000.0
2025-01-01 03:36:50,BATT_VOLTAGE_2,27.5772,3,36,50,1,1,2,0,216,13010.0
2025-01-01 03:37:00,BATT_CURRENT_1,2.5785,3,37,0,1,1,2,0,217,13020.0
2025-01-01 03:37:10,BATT_CURRENT_2,2.8567,3,37,10,1,1,2,0,217,13030.0
2025-01-01 03:37:20,BATT_TEMP_1,27.5665,3,37,20,1,1,2,0,217,13040.0
2025-01-01 03:37:30,BATT_TEMP_2,29.4299,3,37,30,1,1,2,0,217,13050.0
2025-01-01 03:37:40,BATT_SOC,91.7725,3,37,40,1,1,2,0,217,13060.0
2025-01-01 03:37:50,SOLAR_PANEL_VOLT_A,32.0694,3,37,50,1,1,2,0,217,13070.0
2025-01-01 03:38:00,SOLAR_PANEL_VOLT_B,30.8624,3,38,0,1,1,2,0,218,13080.0
2025-01-01 03:38:10,SOLAR_PANEL_CURR_A,5.2914,3,38,10,1,1,2,0,218,13090.0
2025-01-01 03:38:20,SOLAR_PANEL_CURR_B,7.0986,3,38,20,1,1,2,0,218,13100.0
2025-01-01 03:38:30,SOLAR_POWER_TOTAL,115.6365,3,38,30,1,1,2,0,218,13110.0
2025-01-01 03:38:40,BUS_VOLTAGE,28.9646,3,38,40,1,1,2,0,218,13120.0
2025-01-01 03:38:50,BUS_CURRENT,8.9751,3,38,50,1,1,2,0,218,13130.0
2025-01-01 03:39:00,THRUSTER_TEMP_1,22.5575,3,39,0,1,1,2,0,219,13140.0
2025-01-01 03:39:10,THRUSTER_TEMP_2,25.9704,3,39,10,1,1,2,0,219,13150.0
2025-01-01 03:39:20,PAYLOAD_TEMP_CAM,22.7713,3,39,20,1,1,2,0,219,13160.0
2025-01-01 03:39:30,PAYLOAD_TEMP_SENSOR,25.2693,3,39,30,1,1,2,0,219,13170.0
2025-01-01 03:39:40,OBC_TEMP,46.2781,3,39,40,1,1,2,0,219,13180.0
2025-01-01 03:39:50,TRANS_TEMP,33.3788,3,39,50,1,1,2,0,219,13190.0
2025-01-01 03:40:00,STRUCT_TEMP_PANEL_X,37.532,3,40,0,1,1,2,0,220,13200.0
2025-01-01 03:40:10,STRUCT_TEMP_PANEL_Y,19.998,3,40,10,1,1,2,0,220,13210.0
2025-01-01 03:40:20,STRUCT_TEMP_PANEL_Z,29.8219,3,40,20,1,1,2,0,220,13220.0
2025-01-01 03:40:30,RADIATOR_TEMP,-2.6991,3,40,30,1,1,2,0,220,13230.0
2025-01-01 03:40:40,GYRO_X,0.0286,3,40,40,1,1,2,0,220,13240.0
2025-01-01 03:40:50,GYRO_Y,0.0386,3,40,50,1,1,2,0,220,13250.0
2025-01-01 03:41:00,GYRO_Z,0.0103,3,41,0,1,1,2,0,221,13260.0
2025-01-01 03:41:10,MAGNETOMETER_X,28.297,3,41,10,1,1,2,0,221,13270.0
2025-01-01 03:41:20,MAGNETOMETER_Y,25.9425,3,41,20,1,1,2,0,221,13280.0
2025-01-01 03:41:30,MAGNETOMETER_Z,27.9499,3,41,30,1,1,2,0,221,13290.0
2025-01-01 03:41:40,REACTION_WHEEL_SPD_X,976.7399,3,41,40,1,1,2,0,221,13300.0
2025-01-01 03:41:50,REACTION_WHEEL_SPD_Y,1791.1116,3,41,50,1,1,2,0,221,13310.0
2025-01-01 03:42:00,REACTION_WHEEL_SPD_Z,1445.8733,3,42,0,1,1,2,0,222,13320.0
2025-01-01 03:42:10,ATTITUDE_ROLL,0.8103,3,42,10,1,1,2,0,222,13330.0
2025-01-01 03:42:20,ATTITUDE_PITCH,1.6106,3,42,20,1,1,2,0,222,13340.0
2025-01-01 03:42:30,ATTITUDE_YAW,-1.6297,3,42,30,1,1,2,0,222,13350.0
2025-01-01 03:42:40,STAR_TRACKER_VALID,0.3357,3,42,40,1,1,2,0,222,13360.0
2025-01-01 03:42:50,SUN_SENSOR_ANGLE,111.792,3,42,50,1,1,2,0,222,13370.0
2025-01-01 03:43:00,RF_SIGNAL_STRENGTH,-65.4028,3,43,0,1,1,2,0,223,13380.0
2025-01-01 03:43:10,RF_NOISE_FLOOR,-87.139,3,43,10,1,1,2,0,223,13390.0
2025-01-01 03:43:20,TX_POWER,3.3991,3,43,20,1,1,2,0,223,13400.0
2025-01-01 03:43:30,LINK_MARGIN,10.4446,3,43,30,1,1,2,0,223,13410.0
2025-01-01 03:43:40,DATA_RATE_KBPS,155.1183,3,43,40,1,1,2,0,223,13420.0
2025-01-01 03:43:50,PACKET_LOSS_RATE,1.1257,3,43,50,1,1,2,0,223,13430.0
2025-01-01 03:44:00,CPU_USAGE,24.5496,3,44,0,1,1,2,0,224,13440.0
2025-01-01 03:44:10,MEMORY_USAGE,51.6322,3,44,10,1,1,2,0,224,13450.0
2025-01-01 03:44:20,FLASH_WRITE_RATE,1.4967,3,44,20,1,1,2,0,224,13460.0
2025-01-01 03:44:30,WATCHDOG_COUNTER,68.2924,3,44,30,1,1,2,0,224,13470.0
2025-01-01 03:44:40,TANK_PRESSURE,300.2437,3,44,40,1,1,2,0,224,13480.0
2025-01-01 03:44:50,THRUSTER_VALVE_TEMP,18.7945,3,44,50,1,1,2,0,224,13490.0
2025-01-01 03:45:00,BATT_VOLTAGE_1,28.3114,3,45,0,1,1,2,0,225,13500.0
2025-01-01 03:45:10,BATT_VOLTAGE_2,28.5634,3,45,10,1,1,2,0,225,13510.0
2025-01-01 03:45:20,BATT_CURRENT_1,3.2897,3,45,20,1,1,2,0,225,13520.0
2025-01-01 03:45:30,BATT_CURRENT_2,3.1525,3,45,30,1,1,2,0,225,13530.0
2025-01-01 03:45:40,BATT_TEMP_1,29.432,3,45,40,1,1,2,0,225,13540.0
2025-01-01 03:45:50,BATT_TEMP_2,29.2951,3,45,50,1,1,2,0,225,13550.0
2025-01-01 03:46:00,BATT_SOC,91.3944,3,46,0,1,1,2,0,226,13560.0
2025-01-01 03:46:10,SOLAR_PANEL_VOLT_A,31.4882,3,46,10,1,1,2,0,226,13570.0
2025-01-01 03:46:20,SOLAR_PANEL_VOLT_B,31.3582,3,46,20,1,1,2,0,226,13580.0
2025-01-01 03:46:30,SOLAR_PANEL_CURR_A,5.2238,3,46,30,1,1,2,0,226,13590.0
2025-01-01 03:46:40,SOLAR_PANEL_CURR_B,4.4703,3,46,40,1,1,2,0,226,13600.0
2025-01-01 03:46:50,SOLAR_POWER_TOTAL,109.6853,3,46,50,1,1,2,0,226,13610.0
2025-01-01 03:47:00,BUS_VOLTAGE,28.4884,3,47,0,1,1,2,0,227,13620.0
2025-01-01 03:47:10,BUS_CURRENT,10.5157,3,47,10,1,1,2,0,227,13630.0
2025-01-01 03:47:20,THRUSTER_TEMP_1,25.9655,3,47,20,1,1,2,0,227,13640.0
2025-01-01 03:47:30,THRUSTER_TEMP_2,25.0547,3,47,30,1,1,2,0,227,13650.0
2025-01-01 03:47:40,PAYLOAD_TEMP_CAM,25.8024,3,47,40,1,1,2,0,227,13660.0
2025-01-01 03:47:50,PAYLOAD_TEMP_SENSOR,23.3617,3,47,50,1,1,2,0,227,13670.0
2025-01-01 03:48:00,OBC_TEMP,43.4512,3,48,0,1,1,2,0,228,13680.0
2025-01-01 03:48:10,TRANS_TEMP,42.9842,3,48,10,1,1,2,0,228,13690.0
2025-01-01 03:48:20,STRUCT_TEMP_PANEL_X,17.0903,3,48,20,1,1,2,0,228,13700.0
2025-01-01 03:48:30,STRUCT_TEMP_PANEL_Y,18.6841,3,48,30,1,1,2,0,228,13710.0
2025-01-01 03:48:40,STRUCT_TEMP_PANEL_Z,9.6313,3,48,40,1,1,2,0,228,13720.0
2025-01-01 03:48:50,RADIATOR_TEMP,-4.8123,3,48,50,1,1,2,0,228,13730.0
2025-01-01 03:49:00,GYRO_X,0.0345,3,49,0,1,1,2,0,229,13740.0
2025-01-01 03:49:10,GYRO_Y,0.0268,3,49,10,1,1,2,0,229,13750.0
2025-01-01 03:49:20,GYRO_Z,-0.0221,3,49,20,1,1,2,0,229,13760.0
2025-01-01 03:49:30,MAGNETOMETER_X,23.2651,3,49,30,1,1,2,0,229,13770.0
2025-01-01 03:49:40,MAGNETOMETER_Y,3.1168,3,49,40,1,1,2,0,229,13780.0
2025-01-01 03:49:50,MAGNETOMETER_Z,27.0373,3,49,50,1,1,2,0,229,13790.0
2025-01-01 03:50:00,REACTION_WHEEL_SPD_X,1459.1728,3,50,0,1,1,2,0,230,13800.0
2025-01-01 03:50:10,REACTION_WHEEL_SPD_Y,-963.2303,3,50,10,1,1,2,0,230,13810.0
2025-01-01 03:50:20,REACTION_WHEEL_SPD_Z,-587.5109,3,50,20,1,1,2,0,230,13820.0
2025-01-01 03:50:30,ATTITUDE_ROLL,1.5473,3,50,30,1,1,2,0,230,13830.0
2025-01-01 03:50:40,ATTITUDE_PITCH,1.4687,3,50,40,1,1,2,0,230,13840.0
2025-01-01 03:50:50,ATTITUDE_YAW,0.7247,3,50,50,1,1,2,0,230,13850.0
2025-01-01 03:51:00,STAR_TRACKER_VALID,0.7701,3,51,0,1,1,2,0,231,13860.0
2025-01-01 03:51:10,SUN_SENSOR_ANGLE,77.2794,3,51,10,1,1,2,0,231,13870.0
2025-01-01 03:51:20,RF_SIGNAL_STRENGTH,-57.1906,3,51,20,1,1,2,0,231,13880.0
2025-01-01 03:51:30,RF_NOISE_FLOOR,-91.918,3,51,30,1,1,2,0,231,13890.0
2025-01-01 03:51:40,TX_POWER,2.5351,3,51,40,1,1,2,0,231,13900.0
2025-01-01 03:51:50,LINK_MARGIN,16.4588,3,51,50,1,1,2,0,231,13910.0
2025-01-01 03:52:00,DATA_RATE_KBPS,164.8638,3,52,0,1,1,2,0,232,13920.0
2025-01-01 03:52:10,PACKET_LOSS_RATE,0.8888,3,52,10,1,1,2,0,232,13930.0
2025-01-01 03:52:20,CPU_USAGE,28.9857,3,52,20,1,1,2,0,232,13940.0
2025-01-01 03:52:30,MEMORY_USAGE,59.1895,3,52,30,1,1,2,0,232,13950.0
2025-01-01 03:52:40,FLASH_WRITE_RATE,3.53,3,52,40,1,1,2,0,232,13960.0
2025-01-01 03:52:50,WATCHDOG_COUNTER,54.2298,3,52,50,1,1,2,0,232,13970.0
2025-01-01 03:53:00,TANK_PRESSURE,310.1752,3,53,0,1,1,2,0,233,13980.0
2025-01-01 03:53:10,THRUSTER_VALVE_TEMP,22.2329,3,53,10,1,1,2,0,233,13990.0
2025-01-01 03:53:20,BATT_VOLTAGE_1,28.6484,3,53,20,1,1,2,0,233,14000.0
2025-01-01 03:53:30,BATT_VOLTAGE_2,28.7351,3,53,30,1,1,2,0,233,14010.0
2025-01-01 03:53:40,BATT_CURRENT_1,3.2149,3,53,40,1,1,2,0,233,14020.0
2025-01-01 03:53:50,BATT_CURRENT_2,2.5744,3,53,50,1,1,2,0,233,14030.0
2025-01-01 03:54:00,BATT_TEMP_1,29.8663,3,54,0,1,1,2,0,234,14040.0
2025-01-01 03:54:10,BATT_TEMP_2,29.52,3,54,10,1,1,2,0,234,14050.0
2025-01-01 03:54:20,BATT_SOC,90.1801,3,54,20,1,1,2,0,234,14060.0
2025-01-01 03:54:30,SOLAR_PANEL_VOLT_A,31.8365,3,54,30,1,1,2,0,234,14070.0
2025-01-01 03:54:40,SOLAR_PANEL_VOLT_B,32.5428,3,54,40,1,1,2,0,234,14080.0
2025-01-01 03:54:50,SOLAR_PANEL_CURR_A,5.1193,3,54,50,1,1,2,0,234,14090.0
2025-01-01 03:55:00,SOLAR_PANEL_CURR_B,5.5623,3,55,0,1,1,2,0,235,14100.0
2025-01-01 03:55:10,SOLAR_POWER_TOTAL,112.6515,3,55,10,1,1,2,0,235,14110.0
2025-01-01 03:55:20,BUS_VOLTAGE,28.3128,3,55,20,1,1,2,0,235,14120.0
2025-01-01 03:55:30,BUS_CURRENT,10.7823,3,55,30,1,1,2,0,235,14130.0
2025-01-01 03:55:40,THRUSTER_TEMP_1,23.5861,3,55,40,1,1,2,0,235,14140.0
2025-01-01 03:55:50,THRUSTER_TEMP_2,25.675,3,55,50,1,1,2,0,235,14150.0
2025-01-01 03:56:00,PAYLOAD_TEMP_CAM,23.0049,3,56,0,1,1,2,0,236,14160.0
2025-01-01 03:56:10,PAYLOAD_TEMP_SENSOR,21.1528,3,56,10,1,1,2,0,236,14170.0
2025-01-01 03:56:20,OBC_TEMP,46.0607,3,56,20,1,1,2,0,236,14180.0
2025-01-01 03:56:30,TRANS_TEMP,42.838,3,56,30,1,1,2,0,236,14190.0
2025-01-01 03:56:40,STRUCT_TEMP_PANEL_X,16.3081,3,56,40,1,1,2,0,236,14200.0
2025-01-01 03:56:50,STRUCT_TEMP_PANEL_Y,25.188,3,56,50,1,1,2,0,236,14210.0
2025-01-01 03:57:00,STRUCT_TEMP_PANEL_Z,21.4254,3,57,0,1,1,2,0,237,14220.0
2025-01-01 03:57:10,RADIATOR_TEMP,-0.6699,3,57,10,1,1,2,0,237,14230.0
2025-01-01 03:57:20,GYRO_X,0.0069,3,57,20,1,1,2,0,237,14240.0
2025-01-01 03:57:30,GYRO_Y,-0.0123,3,57,30,1,1,2,0,237,14250.0
2025-01-01 03:57:40,GYRO_Z,-0.0291,3,57,40,1,1,2,0,237,14260.0
2025-01-01 03:57:50,MAGNETOMETER_X,-8.0797,3,57,50,1,1,2,0,237,14270.0
2025-01-01 03:58:00,MAGNETOMETER_Y,23.6703,3,58,0,1,1,2,0,238,14280.0
2025-01-01 03:58:10,MAGNETOMETER_Z,-16.5665,3,58,10,1,1,2,0,238,14290.0
2025-01-01 03:58:20,REACTION_WHEEL_SPD_X,1008.6355,3,58,20,1,1,2,0,238,14300.0
2025-01-01 03:58:30,REACTION_WHEEL_SPD_Y,-584.8663,3,58,30,1,1,2,0,238,14310.0
2025-01-01 03:58:40,REACTION_WHEEL_SPD_Z,-902.163,3,58,40,1,1,2,0,238,14320.0
2025-01-01 03:58:50,ATTITUDE_ROLL,0.996,3,58,50,1,1,2,0,238,14330.0
2025-01-01 03:59:00,ATTITUDE_PITCH,-1.0308,3,59,0,1,1,2,0,239,14340.0
2025-01-01 03:59:10,ATTITUDE_YAW,2.0419,3,59,10,1,1,2,0,239,14350.0
2025-01-01 03:59:20,STAR_TRACKER_VALID,0.7063,3,59,20,1,1,2,0,239,14360.0
2025-01-01 03:59:30,SUN_SENSOR_ANGLE,64.6101,3,59,30,1,1,2,0,239,14370.0
2025-01-01 03:59:40,RF_SIGNAL_STRENGTH,-62.0914,3,59,40,1,1,2,0,239,14380.0
2025-01-01 03:59:50,RF_NOISE_FLOOR,-89.0235,3,59,50,1,1,2,0,239,14390.0
2025-01-01 04:00:00,TX_POWER,3.8456,4,0,0,1,1,2,0,240,14400.0
2025-01-01 04:00:10,LINK_MARGIN,18.0143,4,0,10,1,1,2,0,240,14410.0
2025-01-01 04:00:20,DATA_RATE_KBPS,131.4245,4,0,20,1,1,2,0,240,14420.0
2025-01-01 04:00:30,PACKET_LOSS_RATE,1.4791,4,0,30,1,1,2,0,240,14430.0
2025-01-01 04:00:40,CPU_USAGE,47.0795,4,0,40,1,1,2,0,240,14440.0
2025-01-01 04:00:50,MEMORY_USAGE,65.2801,4,0,50,1,1,2,0,240,14450.0
2025-01-01 04:01:00,FLASH_WRITE_RATE,2.1911,4,1,0,1,1,2,0,241,14460.0
2025-01-01 04:01:10,WATCHDOG_COUNTER,78.5325,4,1,10,1,1,2,0,241,14470.0
2025-01-01 04:01:20,TANK_PRESSURE,300.4808,4,1,20,1,1,2,0,241,14480.0
2025-01-01 04:01:30,THRUSTER_VALVE_TEMP,17.2607,4,1,30,1,1,2,0,241,14490.0
2025-01-01 04:01:40,BATT_VOLTAGE_1,27.6467,4,1,40,1,1,2,0,241,14500.0
2025-01-01 04:01:50,BATT_VOLTAGE_2,28.0977,4,1,50,1,1,2,0,241,14510.0
2025-01-01 04:02:00,BATT_CURRENT_1,2.6208,4,2,0,1,1,2,0,242,14520.0
2025-01-01 04:02:10,BATT_CURRENT_2,3.3127,4,2,10,1,1,2,0,242,14530.0
2025-01-01 04:02:20,BATT_TEMP_1,22.5896,4,2,20,1,1,2,0,242,14540.0
2025-01-01 04:02:30,BATT_TEMP_2,24.3966,4,2,30,1,1,2,0,242,14550.0
2025-01-01 04:02:40,BATT_SOC,84.6906,4,2,40,1,1,2,0,242,14560.0
2025-01-01 04:02:50,SOLAR_PANEL_VOLT_A,31.6694,4,2,50,1,1,2,0,242,14570.0
2025-01-01 04:03:00,SOLAR_PANEL_VOLT_B,31.3326,4,3,0,1,1,2,0,243,14580.0
2025-01-01 04:03:10,SOLAR_PANEL_CURR_A,5.2244,4,3,10,1,1,2,0,243,14590.0
2025-01-01 04:03:20,SOLAR_PANEL_CURR_B,6.5996,4,3,20,1,1,2,0,243,14600.0
2025-01-01 04:03:30,SOLAR_POWER_TOTAL,115.4139,4,3,30,1,1,2,0,243,14610.0
2025-01-01 04:03:40,BUS_VOLTAGE,29.0679,4,3,40,1,1,2,0,243,14620.0
2025-01-01 04:03:50,BUS_CURRENT,9.4862,4,3,50,1,1,2,0,243,14630.0
2025-01-01 04:04:00,THRUSTER_TEMP_1,26.3765,4,4,0,1,1,2,0,244,14640.0
2025-01-01 04:04:10,THRUSTER_TEMP_2,25.4049,4,4,10,1,1,2,0,244,14650.0
2025-01-01 04:04:20,PAYLOAD_TEMP_CAM,22.5594,4,4,20,1,1,2,0,244,14660.0
2025-01-01 04:04:30,PAYLOAD_TEMP_SENSOR,25.6862,4,4,30,1,1,2,0,244,14670.0
2025-01-01 04:04:40,OBC_TEMP,42.8739,4,4,40,1,1,2,0,244,14680.0
2025-01-01 04:04:50,TRANS_TEMP,38.8072,4,4,50,1,1,2,0,244,14690.0
2025-01-01 04:05:00,STRUCT_TEMP_PANEL_X,32.0105,4,5,0,1,1,2,0,245,14700.0
2025-01-01 04:05:10,STRUCT_TEMP_PANEL_Y,19.0628,4,5,10,1,1,2,0,245,14710.0
2025-01-01 04:05:20,STRUCT_TEMP_PANEL_Z,31.325,4,5,20,1,1,2,0,245,14720.0
2025-01-01 04:05:30,RADIATOR_TEMP,-7.6512,4,5,30,1,1,2,0,245,14730.0
2025-01-01 04:05:40,GYRO_X,-0.009,4,5,40,1,1,2,0,245,14740.0
2025-01-01 04:05:50,GYRO_Y,0.0448,4,5,50,1,1,2,0,245,14750.0
2025-01-01 04:06:00,GYRO_Z,0.0313,4,6,0,1,1,2,0,246,14760.0
2025-01-01 04:06:10,MAGNETOMETER_X,29.53,4,6,10,1,1,2,0,246,14770.0
2025-01-01 04:06:20,MAGNETOMETER_Y,24.0683,4,6,20,1,1,2,0,246,14780.0
2025-01-01 04:06:30,MAGNETOMETER_Z,15.715,4,6,30,1,1,2,0,246,14790.0
2025-01-01 04:06:40,REACTION_WHEEL_SPD_X,1006.4165,4,6,40,1,1,2,0,246,14800.0
2025-01-01 04:06:50,REACTION_WHEEL_SPD_Y,-579.589,4,6,50,1,1,2,0,246,14810.0
2025-01-01 04:07:00,REACTION_WHEEL_SPD_Z,-660.6578,4,7,0,1,1,2,0,247,14820.0
2025-01-01 04:07:10,ATTITUDE_ROLL,-1.2633,4,7,10,1,1,2,0,247,14830.0
2025-01-01 04:07:20,ATTITUDE_PITCH,-0.6745,4,7,20,1,1,2,0,247,14840.0
2025-01-01 04:07:30,ATTITUDE_YAW,1.224,4,7,30,1,1,2,0,247,14850.0
2025-01-01 04:07:40,STAR_TRACKER_VALID,0.7741,4,7,40,1,1,2,0,247,14860.0
2025-01-01 04:07:50,SUN_SENSOR_ANGLE,69.7078,4,7,50,1,1,2,0,247,14870.0
2025-01-01 04:08:00,RF_SIGNAL_STRENGTH,-69.8523,4,8,0,1,1,2,0,248,14880.0
2025-01-01 04:08:10,RF_NOISE_FLOOR,-88.2962,4,8,10,1,1,2,0,248,14890.0
2025-01-01 04:08:20,TX_POWER,4.0394,4,8,20,1,1,2,0,248,14900.0
2025-01-01 04:08:30,LINK_MARGIN,16.5884,4,8,30,1,1,2,0,248,14910.0
2025-01-01 04:08:40,DATA_RATE_KBPS,153.028,4,8,40,1,1,2,0,248,14920.0
2025-01-01 04:08:50,PACKET_LOSS_RATE,1.4715,4,8,50,1,1,2,0,248,14930.0
2025-01-01 04:09:00,CPU_USAGE,35.206,4,9,0,1,1,2,0,249,14940.0
2025-01-01 04:09:10,MEMORY_USAGE,63.4567,4,9,10,1,1,2,0,249,14950.0
2025-01-01 04:09:20,FLASH_WRITE_RATE,2.1952,4,9,20,1,1,2,0,249,14960.0
2025-01-01 04:09:30,WATCHDOG_COUNTER,63.9916,4,9,30,1,1,2,0,249,14970.0
2025-01-01 04:09:40,TANK_PRESSURE,297.6861,4,9,40,1,1,2,0,249,14980.0
2025-01-01 04:09:50,THRUSTER_VALVE_TEMP,15.5863,4,9,50,1,1,2,0,249,14990.0
2025-01-01 04:10:00,BATT_VOLTAGE_1,28.0793,4,10,0,1,1,2,0,250,15000.0
2025-01-01 04:10:10,BATT_VOLTAGE_2,28.562,4,10,10,1,1,2,0,250,15010.0
2025-01-01 04:10:20,BATT_CURRENT_1,3.3313,4,10,20,1,1,2,0,250,15020.0
2025-01-01 04:10:30,BATT_CURRENT_2,2.0236,4,10,30,1,1,2,0,250,15030.0
2025-01-01 04:10:40,BATT_TEMP_1,28.3292,4,10,40,1,1,2,0,250,15040.0
2025-01-01 04:10:50,BATT_TEMP_2,21.0992,4,10,50,1,1,2,0,250,15050.0
2025-01-01 04:11:00,BATT_SOC,74.0382,4,11,0,1,1,2,0,251,15060.0
2025-01-01 04:11:10,SOLAR_PANEL_VOLT_A,31.0541,4,11,10,1,1,2,0,251,15070.0
2025-01-01 04:11:20,SOLAR_PANEL_VOLT_B,31.4711,4,11,20,1,1,2,0,251,15080.0
2025-01-01 04:11:30,SOLAR_PANEL_CURR_A,5.4612,4,11,30,1,1,2,0,251,15090.0
2025-01-01 04:11:40,SOLAR_PANEL_CURR_B,5.692,4,11,40,1,1,2,0,251,15100.0
2025-01-01 04:11:50,SOLAR_POWER_TOTAL,117.1221,4,11,50,1,1,2,0,251,15110.0
2025-01-01 04:12:00,BUS_VOLTAGE,28.8794,4,12,0,1,1,2,0,252,15120.0
2025-01-01 04:12:10,BUS_CURRENT,9.0688,4,12,10,1,1,2,0,252,15130.0
2025-01-01 04:12:20,THRUSTER_TEMP_1,26.3802,4,12,20,1,1,2,0,252,15140.0
2025-01-01 04:12:30,THRUSTER_TEMP_2,23.0198,4,12,30,1,1,2,0,252,15150.0
2025-01-01 04:12:40,PAYLOAD_TEMP_CAM,25.3372,4,12,40,1,1,2,0,252,15160.0
2025-01-01 04:12:50,PAYLOAD_TEMP_SENSOR,23.9542,4,12,50,1,1,2,0,252,15170.0
2025-01-01 04:13:00,OBC_TEMP,40.3448,4,13,0,1,1,2,0,253,15180.0
2025-01-01 04:13:10,TRANS_TEMP,38.7633,4,13,10,1,1,2,0,253,15190.0
2025-01-01 04:13:20,STRUCT_TEMP_PANEL_X,11.1689,4,13,20,1,1,2,0,253,15200.0
2025-01-01 04:13:30,STRUCT_TEMP_PANEL_Y,39.3131,4,13,30,1,1,2,0,253,15210.0
2025-01-01 04:13:40,STRUCT_TEMP_PANEL_Z,30.8988,4,13,40,1,1,2,0,253,15220.0
2025-01-01 04:13:50,RADIATOR_TEMP,-15.6541,4,13,50,1,1,2,0,253,15230.0
2025-01-01 04:14:00,GYRO_X,0.0027,4,14,0,1,1,2,0,254,15240.0
2025-01-01 04:14:10,GYRO_Y,0.0432,4,14,10,1,1,2,0,254,15250.0
2025-01-01 04:14:20,GYRO_Z,0.0297,4,14,20,1,1,2,0,254,15260.0
2025-01-01 04:14:30,MAGNETOMETER_X,7.4509,4,14,30,1,1,2,0,254,15270.0
2025-01-01 04:14:40,MAGNETOMETER_Y,-15.0011,4,14,40,1,1,2,0,254,15280.0
2025-01-01 04:14:50,MAGNETOMETER_Z,33.7931,4,14,50,1,1,2,0,254,15290.0
2025-01-01 04:15:00,REACTION_WHEEL_SPD_X,-799.4419,4,15,0,1,1,2,0,255,15300.0
2025-01-01 04:15:10,REACTION_WHEEL_SPD_Y,-154.0892,4,15,10,1,1,2,0,255,15310.0
2025-01-01 04:15:20,REACTION_WHEEL_SPD_Z,1505.8186,4,15,20,1,1,2,0,255,15320.0
2025-01-01 04:15:30,ATTITUDE_ROLL,1.0042,4,15,30,1,1,2,0,255,15330.0
2025-01-01 04:15:40,ATTITUDE_PITCH,-0.7423,4,15,40,1,1,2,0,255,15340.0
2025-01-01 04:15:50,ATTITUDE_YAW,2.1129,4,15,50,1,1,2,0,255,15350.0
2025-01-01 04:16:00,STAR_TRACKER_VALID,0.3198,4,16,0,1,1,2,0,256,15360.0
2025-01-01 04:16:10,SUN_SENSOR_ANGLE,60.8677,4,16,10,1,1,2,0,256,15370.0
2025-01-01 04:16:20,RF_SIGNAL_STRENGTH,-56.6288,4,16,20,1,1,2,0,256,15380.0
2025-01-01 04:16:30,RF_NOISE_FLOOR,-87.726,4,16,30,1,1,2,0,256,15390.0
2025-01-01 04:16:40,TX_POWER,3.7163,4,16,40,1,1,2,0,256,15400.0
2025-01-01 04:16:50,LINK_MARGIN,19.6131,4,16,50,1,1,2,0,256,15410.0
2025-01-01 04:17:00,DATA_RATE_KBPS,152.1792,4,17,0,1,1,2,0,257,15420.0
2025-01-01 04:17:10,PACKET_LOSS_RATE,0.7982,4,17,10,1,1,2,0,257,15430.0
2025-01-01 04:17:20,CPU_USAGE,44.3618,4,17,20,1,1,2,0,257,15440.0
2025-01-01 04:17:30,MEMORY_USAGE,62.1718,4,17,30,1,1,2,0,257,15450.0
2025-01-01 04:17:40,FLASH_WRITE_RATE,3.9973,4,17,40,1,1,2,0,257,15460.0
2025-01-01 04:17:50,WATCHDOG_COUNTER,68.4504,4,17,50,1,1,2,0,257,15470.0
2025-01-01 04:18:00,TANK_PRESSURE,309.373,4,18,0,1,1,2,0,258,15480.0
2025-01-01 04:18:10,THRUSTER_VALVE_TEMP,21.0273,4,18,10,1,1,2,0,258,15490.0
2025-01-01 04:18:20,BATT_VOLTAGE_1,27.3786,4,18,20,1,1,2,0,258,15500.0
2025-01-01 04:18:30,BATT_VOLTAGE_2,28.272,4,18,30,1,1,2,0,258,15510.0
2025-01-01 04:18:40,BATT_CURRENT_1,2.265,4,18,40,1,1,2,0,258,15520.0
2025-01-01 04:18:50,BATT_CURRENT_2,2.782,4,18,50,1,1,2,0,258,15530.0
2025-01-01 04:19:00,BATT_TEMP_1,28.8087,4,19,0,1,1,2,0,259,15540.0
2025-01-01 04:19:10,BATT_TEMP_2,28.5788,4,19,10,1,1,2,0,259,15550.0
2025-01-01 04:19:20,BATT_SOC,86.428,4,19,20,1,1,2,0,259,15560.0
2025-01-01 04:19:30,SOLAR_PANEL_VOLT_A,30.2935,4,19,30,1,1,2,0,259,15570.0
2025-01-01 04:19:40,SOLAR_PANEL_VOLT_B,32.0894,4,19,40,1,1,2,0,259,15580.0
2025-01-01 04:19:50,SOLAR_PANEL_CURR_A,4.8914,4,19,50,1,1,2,0,259,15590.0
2025-01-01 04:20:00,SOLAR_PANEL_CURR_B,6.163,4,20,0,1,1,2,0,260,15600.0
2025-01-01 04:20:10,SOLAR_POWER_TOTAL,99.8522,4,20,10,1,1,2,0,260,15610.0
2025-01-01 04:20:20,BUS_VOLTAGE,29.0591,4,20,20,1,1,2,0,260,15620.0
2025-01-01 04:20:30,BUS_CURRENT,7.1159,4,20,30,1,1,2,0,260,15630.0
2025-01-01 04:20:40,THRUSTER_TEMP_1,19.5631,4,20,40,1,1,2,0,260,15640.0
2025-01-01 04:20:50,THRUSTER_TEMP_2,24.3817,4,20,50,1,1,2,0,260,15650.0
2025-01-01 04:21:00,PAYLOAD_TEMP_CAM,21.2415,4,21,0,1,1,2,0,261,15660.0
2025-01-01 04:21:10,PAYLOAD_TEMP_SENSOR,21.2661,4,21,10,1,1,2,0,261,15670.0
2025-01-01 04:21:20,OBC_TEMP,47.5558,4,21,20,1,1,2,0,261,15680.0
2025-01-01 04:21:30,TRANS_TEMP,44.1925,4,21,30,1,1,2,0,261,15690.0
2025-01-01 04:21:40,STRUCT_TEMP_PANEL_X,28.8108,4,21,40,1,1,2,0,261,15700.0
2025-01-01 04:21:50,STRUCT_TEMP_PANEL_Y,35.8195,4,21,50,1,1,2,0,261,15710.0
2025-01-01 04:22:00,STRUCT_TEMP_PANEL_Z,9.5075,4,22,0,1,1,2,0,262,15720.0
2025-01-01 04:22:10,RADIATOR_TEMP,-8.7368,4,22,10,1,1,2,0,262,15730.0
2025-01-01 04:22:20,GYRO_X,0.0152,4,22,20,1,1,2,0,262,15740.0
2025-01-01 04:22:30,GYRO_Y,0.0204,4,22,30,1,1,2,0,262,15750.0
2025-01-01 04:22:40,GYRO_Z,0.0276,4,22,40,1,1,2,0,262,15760.0
2025-01-01 04:22:50,MAGNETOMETER_X,12.4216,4,22,50,1,1,2,0,262,15770.0
2025-01-01 04:23:00,MAGNETOMETER_Y,25.6384,4,23,0,1,1,2,0,263,15780.0
2025-01-01 04:23:10,MAGNETOMETER_Z,26.5675,4,23,10,1,1,2,0,263,15790.0
2025-01-01 04:23:20,REACTION_WHEEL_SPD_X,-554.6634,4,23,20,1,1,2,0,263,15800.0
2025-01-01 04:23:30,REACTION_WHEEL_SPD_Y,-1219.7594,4,23,30,1,1,2,0,263,15810.0
2025-01-01 04:23:40,REACTION_WHEEL_SPD_Z,434.4616,4,23,40,1,1,2,0,263,15820.0
2025-01-01 04:23:50,ATTITUDE_ROLL,-0.7663,4,23,50,1,1,2,0,263,15830.0
2025-01-01 04:24:00,ATTITUDE_PITCH,1.2837,4,24,0,1,1,2,0,264,15840.0
2025-01-01 04:24:10,ATTITUDE_YAW,-1.5569,4,24,10,1,1,2,0,264,15850.0
2025-01-01 04:24:20,STAR_TRACKER_VALID,0.4338,4,24,20,1,1,2,0,264,15860.0
2025-01-01 04:24:30,SUN_SENSOR_ANGLE,127.6409,4,24,30,1,1,2,0,264,15870.0
2025-01-01 04:24:40,RF_SIGNAL_STRENGTH,-55.6402,4,24,40,1,1,2,0,264,15880.0
2025-01-01 04:24:50,RF_NOISE_FLOOR,-87.0951,4,24,50,1,1,2,0,264,15890.0
2025-01-01 04:25:00,TX_POWER,3.8894,4,25,0,1,1,2,0,265,15900.0
2025-01-01 04:25:10,LINK_MARGIN,16.1516,4,25,10,1,1,2,0,265,15910.0
2025-01-01 04:25:20,DATA_RATE_KBPS,116.1223,4,25,20,1,1,2,0,265,15920.0
2025-01-01 04:25:30,PACKET_LOSS_RATE,1.3358,4,25,30,1,1,2,0,265,15930.0
2025-01-01 04:25:40,CPU_USAGE,48.6898,4,25,40,1,1,2,0,265,15940.0
2025-01-01 04:25:50,MEMORY_USAGE,62.6159,4,25,50,1,1,2,0,265,15950.0
2025-01-01 04:26:00,FLASH_WRITE_RATE,3.544,4,26,0,1,1,2,0,266,15960.0
2025-01-01 04:26:10,WATCHDOG_COUNTER,30.6636,4,26,10,1,1,2,0,266,15970.0
2025-01-01 04:26:20,TANK_PRESSURE,308.7324,4,26,20,1,1,2,0,266,15980.0
2025-01-01 04:26:30,THRUSTER_VALVE_TEMP,21.1143,4,26,30,1,1,2,0,266,15990.0
2025-01-01 04:26:40,BATT_VOLTAGE_1,28.6596,4,26,40,1,1,2,0,266,16000.0
2025-01-01 04:26:50,BATT_VOLTAGE_2,27.1989,4,26,50,1,1,2,0,266,16010.0
2025-01-01 04:27:00,BATT_CURRENT_1,2.4317,4,27,0,1,1,2,0,267,16020.0
2025-01-01 04:27:10,BATT_CURRENT_2,3.2059,4,27,10,1,1,2,0,267,16030.0
2025-01-01 04:27:20,BATT_TEMP_1,28.9845,4,27,20,1,1,2,0,267,16040.0
2025-01-01 04:27:30,BATT_TEMP_2,26.6358,4,27,30,1,1,2,0,267,16050.0
2025-01-01 04:27:40,BATT_SOC,82.021,4,27,40,1,1,2,0,267,16060.0
2025-01-01 04:27:50,SOLAR_PANEL_VOLT_A,32.0059,4,27,50,1,1,2,0,267,16070.0
2025-01-01 04:28:00,SOLAR_PANEL_VOLT_B,32.3936,4,28,0,1,1,2,0,268,16080.0
2025-01-01 04:28:10,SOLAR_PANEL_CURR_A,6.2533,4,28,10,1,1,2,0,268,16090.0
2025-01-01 04:28:20,SOLAR_PANEL_CURR_B,4.5831,4,28,20,1,1,2,0,268,16100.0
2025-01-01 04:28:30,SOLAR_POWER_TOTAL,115.897,4,28,30,1,1,2,0,268,16110.0
2025-01-01 04:28:40,BUS_VOLTAGE,28.4464,4,28,40,1,1,2,0,268,16120.0
2025-01-01 04:28:50,BUS_CURRENT,9.9079,4,28,50,1,1,2,0,268,16130.0
2025-01-01 04:29:00,THRUSTER_TEMP_1,26.9825,4,29,0,1,1,2,0,269,16140.0
2025-01-01 04:29:10,THRUSTER_TEMP_2,25.1336,4,29,10,1,1,2,0,269,16150.0
2025-01-01 04:29:20,PAYLOAD_TEMP_CAM,22.5543,4,29,20,1,1,2,0,269,16160.0
2025-01-01 04:29:30,PAYLOAD_TEMP_SENSOR,25.2767,4,29,30,1,1,2,0,269,16170.0
2025-01-01 04:29:40,OBC_TEMP,43.2234,4,29,40,1,1,2,0,269,16180.0
2025-01-01 04:29:50,TRANS_TEMP,42.5388,4,29,50,1,1,2,0,269,16190.0
2025-01-01 04:30:00,STRUCT_TEMP_PANEL_X,37.7971,4,30,0,1,1,2,0,270,16200.0
2025-01-01 04:30:10,STRUCT_TEMP_PANEL_Y,35.0771,4,30,10,1,1,2,0,270,16210.0
2025-01-01 04:30:20,STRUCT_TEMP_PANEL_Z,34.1365,4,30,20,1,1,2,0,270,16220.0
2025-01-01 04:30:30,RADIATOR_TEMP,-0.0846,4,30,30,1,1,2,0,270,16230.0
2025-01-01 04:30:40,GYRO_X,0.0005,4,30,40,1,1,2,0,270,16240.0
2025-01-01 04:30:50,GYRO_Y,-0.0134,4,30,50,1,1,2,0,270,16250.0
2025-01-01 04:31:00,GYRO_Z,-0.0281,4,31,0,1,1,2,0,271,16260.0
2025-01-01 04:31:10,MAGNETOMETER_X,31.0074,4,31,10,1,1,2,0,271,16270.0
2025-01-01 04:31:20,MAGNETOMETER_Y,33.0723,4,31,20,1,1,2,0,271,16280.0
2025-01-01 04:31:30,MAGNETOMETER_Z,9.8178,4,31,30,1,1,2,0,271,16290.0
2025-01-01 04:31:40,REACTION_WHEEL_SPD_X,-1517.7689,4,31,40,1,1,2,0,271,16300.0
2025-01-01 04:31:50,REACTION_WHEEL_SPD_Y,1126.8336,4,31,50,1,1,2,0,271,16310.0
2025-01-01 04:32:00,REACTION_WHEEL_SPD_Z,797.9566,4,32,0,1,1,2,0,272,16320.0
2025-01-01 04:32:10,ATTITUDE_ROLL,-1.0278,4,32,10,1,1,2,0,272,16330.0
2025-01-01 04:32:20,ATTITUDE_PITCH,-1.2132,4,32,20,1,1,2,0,272,16340.0
2025-01-01 04:32:30,ATTITUDE_YAW,-2.2606,4,32,30,1,1,2,0,272,16350.0
2025-01-01 04:32:40,STAR_TRACKER_VALID,0.6911,4,32,40,1,1,2,0,272,16360.0
2025-01-01 04:32:50,SUN_SENSOR_ANGLE,56.1222,4,32,50,1,1,2,0,272,16370.0
2025-01-01 04:33:00,RF_SIGNAL_STRENGTH,-61.1276,4,33,0,1,1,2,0,273,16380.0
2025-01-01 04:33:10,RF_NOISE_FLOOR,-90.5562,4,33,10,1,1,2,0,273,16390.0
2025-01-01 04:33:20,TX_POWER,3.1636,4,33,20,1,1,2,0,273,16400.0
2025-01-01 04:33:30,LINK_MARGIN,17.1066,4,33,30,1,1,2,0,273,16410.0
2025-01-01 04:33:40,DATA_RATE_KBPS,103.3544,4,33,40,1,1,2,0,273,16420.0
2025-01-01 04:33:50,PACKET_LOSS_RATE,1.5232,4,33,50,1,1,2,0,273,16430.0
2025-01-01 04:34:00,CPU_USAGE,47.142,4,34,0,1,1,2,0,274,16440.0
2025-01-01 04:34:10,MEMORY_USAGE,58.6848,4,34,10,1,1,2,0,274,16450.0
2025-01-01 04:34:20,FLASH_WRITE_RATE,3.3794,4,34,20,1,1,2,0,274,16460.0
2025-01-01 04:34:30,WATCHDOG_COUNTER,50.7702,4,34,30,1,1,2,0,274,16470.0
2025-01-01 04:34:40,TANK_PRESSURE,308.6949,4,34,40,1,1,2,0,274,16480.0
2025-01-01 04:34:50,THRUSTER_VALVE_TEMP,20.4206,4,34,50,1,1,2,0,274,16490.0
2025-01-01 04:35:00,BATT_VOLTAGE_1,28.541,4,35,0,1,1,2,0,275,16500.0
2025-01-01 04:35:10,BATT_VOLTAGE_2,28.9044,4,35,10,1,1,2,0,275,16510.0
2025-01-01 04:35:20,BATT_CURRENT_1,2.9891,4,35,20,1,1,2,0,275,16520.0
2025-01-01 04:35:30,BATT_CURRENT_2,2.8108,4,35,30,1,1,2,0,275,16530.0
2025-01-01 04:35:40,BATT_TEMP_1,30.0977,4,35,40,1,1,2,0,275,16540.0
2025-01-01 04:35:50,BATT_TEMP_2,20.8465,4,35,50,1,1,2,0,275,16550.0
2025-01-01 04:36:00,BATT_SOC,89.8873,4,36,0,1,1,2,0,276,16560.0
2025-01-01 04:36:10,SOLAR_PANEL_VOLT_A,30.1974,4,36,10,1,1,2,0,276,16570.0
2025-01-01 04:36:20,SOLAR_PANEL_VOLT_B,30.7665,4,36,20,1,1,2,0,276,16580.0
2025-01-01 04:36:30,SOLAR_PANEL_CURR_A,4.8348,4,36,30,1,1,2,0,276,16590.0
2025-01-01 04:36:40,SOLAR_PANEL_CURR_B,6.527,4,36,40,1,1,2,0,276,16600.0
2025-01-01 04:36:50,SOLAR_POWER_TOTAL,118.266,4,36,50,1,1,2,0,276,16610.0
2025-01-01 04:37:00,BUS_VOLTAGE,28.5584,4,37,0,1,1,2,0,277,16620.0
2025-01-01 04:37:10,BUS_CURRENT,7.0157,4,37,10,1,1,2,0,277,16630.0
2025-01-01 04:37:20,THRUSTER_TEMP_1,26.2977,4,37,20,1,1,2,0,277,16640.0
2025-01-01 04:37:30,THRUSTER_TEMP_2,21.2529,4,37,30,1,1,2,0,277,16650.0
2025-01-01 04:37:40,PAYLOAD_TEMP_CAM,25.4499,4,37,40,1,1,2,0,277,16660.0
2025-01-01 04:37:50,PAYLOAD_TEMP_SENSOR,26.283,4,37,50,1,1,2,0,277,16670.0
2025-01-01 04:38:00,OBC_TEMP,47.0045,4,38,0,1,1,2,0,278,16680.0
2025-01-01 04:38:10,TRANS_TEMP,33.3667,4,38,10,1,1,2,0,278,16690.0
2025-01-01 04:38:20,STRUCT_TEMP_PANEL_X,12.917,4,38,20,1,1,2,0,278,16700.0
2025-01-01 04:38:30,STRUCT_TEMP_PANEL_Y,33.7029,4,38,30,1,1,2,0,278,16710.0
2025-01-01 04:38:40,STRUCT_TEMP_PANEL_Z,34.3383,4,38,40,1,1,2,0,278,16720.0
2025-01-01 04:38:50,RADIATOR_TEMP,-4.4165,4,38,50,1,1,2,0,278,16730.0
2025-01-01 04:39:00,GYRO_X,0.0302,4,39,0,1,1,2,0,279,16740.0
2025-01-01 04:39:10,GYRO_Y,0.015,4,39,10,1,1,2,0,279,16750.0
2025-01-01 04:39:20,GYRO_Z,0.0355,4,39,20,1,1,2,0,279,16760.0
2025-01-01 04:39:30,MAGNETOMETER_X,18.7277,4,39,30,1,1,2,0,279,16770.0
2025-01-01 04:39:40,MAGNETOMETER_Y,30.5376,4,39,40,1,1,2,0,279,16780.0
2025-01-01 04:39:50,MAGNETOMETER_Z,23.6171,4,39,50,1,1,2,0,279,16790.0
2025-01-01 04:40:00,REACTION_WHEEL_SPD_X,1468.6094,4,40,0,1,1,2,0,280,16800.0
2025-01-01 04:40:10,REACTION_WHEEL_SPD_Y,606.0365,4,40,10,1,1,2,0,280,16810.0
2025-01-01 04:40:20,REACTION_WHEEL_SPD_Z,-926.3401,4,40,20,1,1,2,0,280,16820.0
2025-01-01 04:40:30,ATTITUDE_ROLL,-0.9723,4,40,30,1,1,2,0,280,16830.0
2025-01-01 04:40:40,ATTITUDE_PITCH,-0.9145,4,40,40,1,1,2,0,280,16840.0
2025-01-01 04:40:50,ATTITUDE_YAW,1.3666,4,40,50,1,1,2,0,280,16850.0
2025-01-01 04:41:00,STAR_TRACKER_VALID,0.326,4,41,0,1,1,2,0,281,16860.0
2025-01-01 04:41:10,SUN_SENSOR_ANGLE,145.3939,4,41,10,1,1,2,0,281,16870.0
2025-01-01 04:41:20,RF_SIGNAL_STRENGTH,-61.2982,4,41,20,1,1,2,0,281,16880.0
2025-01-01 04:41:30,RF_NOISE_FLOOR,-95.2385,4,41,30,1,1,2,0,281,16890.0
2025-01-01 04:41:40,TX_POWER,2.4502,4,41,40,1,1,2,0,281,16900.0
2025-01-01 04:41:50,LINK_MARGIN,20.1858,4,41,50,1,1,2,0,281,16910.0
2025-01-01 04:42:00,DATA_RATE_KBPS,152.6063,4,42,0,1,1,2,0,282,16920.0
2025-01-01 04:42:10,PACKET_LOSS_RATE,0.5451,4,42,10,1,1,2,0,282,16930.0
2025-01-01 04:42:20,CPU_USAGE,34.5444,4,42,20,1,1,2,0,282,16940.0
2025-01-01 04:42:30,MEMORY_USAGE,55.1875,4,42,30,1,1,2,0,282,16950.0
2025-01-01 04:42:40,FLASH_WRITE_RATE,3.4854,4,42,40,1,1,2,0,282,16960.0
2025-01-01 04:42:50,WATCHDOG_COUNTER,55.5258,4,42,50,1,1,2,0,282,16970.0
2025-01-01 04:43:00,TANK_PRESSURE,307.098,4,43,0,1,1,2,0,283,16980.0
2025-01-01 04:43:10,THRUSTER_VALVE_TEMP,20.3968,4,43,10,1,1,2,0,283,16990.0
2025-01-01 04:43:20,BATT_VOLTAGE_1,28.6639,4,43,20,1,1,2,0,283,17000.0
2025-01-01 04:43:30,BATT_VOLTAGE_2,28.8748,4,43,30,1,1,2,0,283,17010.0
2025-01-01 04:43:40,BATT_CURRENT_1,3.0084,4,43,40,1,1,2,0,283,17020.0
2025-01-01 04:43:50,BATT_CURRENT_2,2.0805,4,43,50,1,1,2,0,283,17030.0
2025-01-01 04:44:00,BATT_TEMP_1,28.7045,4,44,0,1,1,2,0,284,17040.0
2025-01-01 04:44:10,BATT_TEMP_2,21.5751,4,44,10,1,1,2,0,284,17050.0
2025-01-01 04:44:20,BATT_SOC,83.1655,4,44,20,1,1,2,0,284,17060.0
2025-01-01 04:44:30,SOLAR_PANEL_VOLT_A,30.2812,4,44,30,1,1,2,0,284,17070.0
2025-01-01 04:44:40,SOLAR_PANEL_VOLT_B,29.8721,4,44,40,1,1,2,0,284,17080.0
2025-01-01 04:44:50,SOLAR_PANEL_CURR_A,4.4955,4,44,50,1,1,2,0,284,17090.0
2025-01-01 04:45:00,SOLAR_PANEL_CURR_B,4.8671,4,45,0,1,1,2,0,285,17100.0
2025-01-01 04:45:10,SOLAR_POWER_TOTAL,116.8243,4,45,10,1,1,2,0,285,17110.0
2025-01-01 04:45:20,BUS_VOLTAGE,28.5125,4,45,20,1,1,2,0,285,17120.0
2025-01-01 04:45:30,BUS_CURRENT,9.7512,4,45,30,1,1,2,0,285,17130.0
2025-01-01 04:45:40,THRUSTER_TEMP_1,21.4535,4,45,40,1,1,2,0,285,17140.0
2025-01-01 04:45:50,THRUSTER_TEMP_2,20.6957,4,45,50,1,1,2,0,285,17150.0
2025-01-01 04:46:00,PAYLOAD_TEMP_CAM,23.8019,4,46,0,1,1,2,0,286,17160.0
2025-01-01 04:46:10,PAYLOAD_TEMP_SENSOR,25.3799,4,46,10,1,1,2,0,286,17170.0
2025-01-01 04:46:20,OBC_TEMP,38.6167,4,46,20,1,1,2,0,286,17180.0
2025-01-01 04:46:30,TRANS_TEMP,40.245,4,46,30,1,1,2,0,286,17190.0
2025-01-01 04:46:40,STRUCT_TEMP_PANEL_X,28.0828,4,46,40,1,1,2,0,286,17200.0
2025-01-01 04:46:50,STRUCT_TEMP_PANEL_Y,28.6902,4,46,50,1,1,2,0,286,17210.0
2025-01-01 04:47:00,STRUCT_TEMP_PANEL_Z,37.6277,4,47,0,1,1,2,0,287,17220.0
2025-01-01 04:47:10,RADIATOR_TEMP,-2.8438,4,47,10,1,1,2,0,287,17230.0
2025-01-01 04:47:20,GYRO_X,0.0066,4,47,20,1,1,2,0,287,17240.0
2025-01-01 04:47:30,GYRO_Y,0.0346,4,47,30,1,1,2,0,287,17250.0
2025-01-01 04:47:40,GYRO_Z,-0.0343,4,47,40,1,1,2,0,287,17260.0
2025-01-01 04:47:50,MAGNETOMETER_X,-2.077,4,47,50,1,1,2,0,287,17270.0
2025-01-01 04:48:00,MAGNETOMETER_Y,-1.0363,4,48,0,1,1,2,0,288,17280.0
2025-01-01 04:48:10,MAGNETOMETER_Z,23.7795,4,48,10,1,1,2,0,288,17290.0
2025-01-01 04:48:20,REACTION_WHEEL_SPD_X,790.0062,4,48,20,1,1,2,0,288,17300.0
2025-01-01 04:48:30,REACTION_WHEEL_SPD_Y,1802.4107,4,48,30,1,1,2,0,288,17310.0
2025-01-01 04:48:40,REACTION_WHEEL_SPD_Z,1856.8403,4,48,40,1,1,2,0,288,17320.0
2025-01-01 04:48:50,ATTITUDE_ROLL,-1.1566,4,48,50,1,1,2,0,288,17330.0
2025-01-01 04:49:00,ATTITUDE_PITCH,1.2631,4,49,0,1,1,2,0,289,17340.0
2025-01-01 04:49:10,ATTITUDE_YAW,2.184,4,49,10,1,1,2,0,289,17350.0
2025-01-01 04:49:20,STAR_TRACKER_VALID,0.4477,4,49,20,1,1,2,0,289,17360.0
2025-01-01 04:49:30,SUN_SENSOR_ANGLE,136.0226,4,49,30,1,1,2,0,289,17370.0
2025-01-01 04:49:40,RF_SIGNAL_STRENGTH,-56.4041,4,49,40,1,1,2,0,289,17380.0
2025-01-01 04:49:50,RF_NOISE_FLOOR,-100.3203,4,49,50,1,1,2,0,289,17390.0
2025-01-01 04:50:00,TX_POWER,2.1457,4,50,0,1,1,2,0,290,17400.0
2025-01-01 04:50:10,LINK_MARGIN,19.6065,4,50,10,1,1,2,0,290,17410.0
2025-01-01 04:50:20,DATA_RATE_KBPS,131.9049,4,50,20,1,1,2,0,290,17420.0
2025-01-01 04:50:30,PACKET_LOSS_RATE,1.0997,4,50,30,1,1,2,0,290,17430.0
2025-01-01 04:50:40,CPU_USAGE,44.9587,4,50,40,1,1,2,0,290,17440.0
2025-01-01 04:50:50,MEMORY_USAGE,64.8843,4,50,50,1,1,2,0,290,17450.0
2025-01-01 04:51:00,FLASH_WRITE_RATE,2.8125,4,51,0,1,1,2,0,291,17460.0
2025-01-01 04:51:10,WATCHDOG_COUNTER,57.9045,4,51,10,1,1,2,0,291,17470.0
2025-01-01 04:51:20,TANK_PRESSURE,307.6095,4,51,20,1,1,2,0,291,17480.0
2025-01-01 04:51:30,THRUSTER_VALVE_TEMP,15.3755,4,51,30,1,1,2,0,291,17490.0
2025-01-01 04:51:40,BATT_VOLTAGE_1,28.4951,4,51,40,1,1,2,0,291,17500.0
2025-01-01 04:51:50,BATT_VOLTAGE_2,28.4931,4,51,50,1,1,2,0,291,17510.0
2025-01-01 04:52:00,BATT_CURRENT_1,2.0217,4,52,0,1,1,2,0,292,17520.0
2025-01-01 04:52:10,BATT_CURRENT_2,3.3069,4,52,10,1,1,2,0,292,17530.0
2025-01-01 04:52:20,BATT_TEMP_1,20.8921,4,52,20,1,1,2,0,292,17540.0
2025-01-01 04:52:30,BATT_TEMP_2,21.3045,4,52,30,1,1,2,0,292,17550.0
2025-01-01 04:52:40,BATT_SOC,90.8742,4,52,40,1,1,2,0,292,17560.0
2025-01-01 04:52:50,SOLAR_PANEL_VOLT_A,32.2444,4,52,50,1,1,2,0,292,17570.0
2025-01-01 04:53:00,SOLAR_PANEL_VOLT_B,31.2418,4,53,0,1,1,2,0,293,17580.0
2025-01-01 04:53:10,SOLAR_PANEL_CURR_A,6.2588,4,53,10,1,1,2,0,293,17590.0
2025-01-01 04:53:20,SOLAR_PANEL_CURR_B,6.0035,4,53,20,1,1,2,0,293,17600.0
2025-01-01 04:53:30,SOLAR_POWER_TOTAL,96.6876,4,53,30,1,1,2,0,293,17610.0
2025-01-01 04:53:40,BUS_VOLTAGE,28.3131,4,53,40,1,1,2,0,293,17620.0
2025-01-01 04:53:50,BUS_CURRENT,10.078,4,53,50,1,1,2,0,293,17630.0
2025-01-01 04:54:00,THRUSTER_TEMP_1,26.4537,4,54,0,1,1,2,0,294,17640.0
2025-01-01 04:54:10,THRUSTER_TEMP_2,25.581,4,54,10,1,1,2,0,294,17650.0
2025-01-01 04:54:20,PAYLOAD_TEMP_CAM,25.9736,4,54,20,1,1,2,0,294,17660.0
2025-01-01 04:54:30,PAYLOAD_TEMP_SENSOR,25.1292,4,54,30,1,1,2,0,294,17670.0
2025-01-01 04:54:40,OBC_TEMP,43.1195,4,54,40,1,1,2,0,294,17680.0
2025-01-01 04:54:50,TRANS_TEMP,32.7621,4,54,50,1,1,2,0,294,17690.0
2025-01-01 04:55:00,STRUCT_TEMP_PANEL_X,32.2115,4,55,0,1,1,2,0,295,17700.0
2025-01-01 04:55:10,STRUCT_TEMP_PANEL_Y,30.9131,4,55,10,1,1,2,0,295,17710.0
2025-01-01 04:55:20,STRUCT_TEMP_PANEL_Z,19.979,4,55,20,1,1,2,0,295,17720.0
2025-01-01 04:55:30,RADIATOR_TEMP,-13.7736,4,55,30,1,1,2,0,295,17730.0
2025-01-01 04:55:40,GYRO_X,0.0312,4,55,40,1,1,2,0,295,17740.0
2025-01-01 04:55:50,GYRO_Y,0.0267,4,55,50,1,1,2,0,295,17750.0
2025-01-01 04:56:00,GYRO_Z,-0.0057,4,56,0,1,1,2,0,296,17760.0
2025-01-01 04:56:10,MAGNETOMETER_X,-27.6336,4,56,10,1,1,2,0,296,17770.0
2025-01-01 04:56:20,MAGNETOMETER_Y,32.8845,4,56,20,1,1,2,0,296,17780.0
2025-01-01 04:56:30,MAGNETOMETER_Z,11.5662,4,56,30,1,1,2,0,296,17790.0
2025-01-01 04:56:40,REACTION_WHEEL_SPD_X,-1031.0103,4,56,40,1,1,2,0,296,17800.0
2025-01-01 04:56:50,REACTION_WHEEL_SPD_Y,-323.3194,4,56,50,1,1,2,0,296,17810.0
2025-01-01 04:57:00,REACTION_WHEEL_SPD_Z,559.7992,4,57,0,1,1,2,0,297,17820.0
2025-01-01 04:57:10,ATTITUDE_ROLL,0.181,4,57,10,1,1,2,0,297,17830.0
2025-01-01 04:57:20,ATTITUDE_PITCH,-0.6868,4,57,20,1,1,2,0,297,17840.0
2025-01-01 04:57:30,ATTITUDE_YAW,0.8905,4,57,30,1,1,2,0,297,17850.0
2025-01-01 04:57:40,STAR_TRACKER_VALID,0.4224,4,57,40,1,1,2,0,297,17860.0
2025-01-01 04:57:50,SUN_SENSOR_ANGLE,127.1046,4,57,50,1,1,2,0,297,17870.0
2025-01-01 04:58:00,RF_SIGNAL_STRENGTH,-72.1754,4,58,0,1,1,2,0,298,17880.0
2025-01-01 04:58:10,RF_NOISE_FLOOR,-94.7326,4,58,10,1,1,2,0,298,17890.0
2025-01-01 04:58:20,TX_POWER,3.4092,4,58,20,1,1,2,0,298,17900.0
2025-01-01 04:58:30,LINK_MARGIN,16.7699,4,58,30,1,1,2,0,298,17910.0
2025-01-01 04:58:40,DATA_RATE_KBPS,153.7273,4,58,40,1,1,2,0,298,17920.0
2025-01-01 04:58:50,PACKET_LOSS_RATE,1.4211,4,58,50,1,1,2,0,298,17930.0
2025-01-01 04:59:00,CPU_USAGE,34.2371,4,59,0,1,1,2,0,299,17940.0
2025-01-01 04:59:10,MEMORY_USAGE,46.4506,4,59,10,1,1,2,0,299,17950.0
2025-01-01 04:59:20,FLASH_WRITE_RATE,3.9273,4,59,20,1,1,2,0,299,17960.0
2025-01-01 04:59:30,WATCHDOG_COUNTER,75.1826,4,59,30,1,1,2,0,299,17970.0
2025-01-01 04:59:40,TANK_PRESSURE,296.6392,4,59,40,1,1,2,0,299,17980.0
2025-01-01 04:59:50,THRUSTER_VALVE_TEMP,13.2777,4,59,50,1,1,2,0,299,17990.0
2025-01-01 05:00:00,BATT_VOLTAGE_1,28.5797,5,0,0,1,1,2,0,300,18000.0
2025-01-01 05:00:10,BATT_VOLTAGE_2,28.7348,5,0,10,1,1,2,0,300,18010.0
2025-01-01 05:00:20,BATT_CURRENT_1,3.2073,5,0,20,1,1,2,0,300,18020.0
2025-01-01 05:00:30,BATT_CURRENT_2,2.9325,5,0,30,1,1,2,0,300,18030.0
2025-01-01 05:00:40,BATT_TEMP_1,25.9742,5,0,40,1,1,2,0,300,18040.0
2025-01-01 05:00:50,BATT_TEMP_2,23.9142,5,0,50,1,1,2,0,300,18050.0
2025-01-01 05:01:00,BATT_SOC,74.0445,5,1,0,1,1,2,0,301,18060.0
2025-01-01 05:01:10,SOLAR_PANEL_VOLT_A,32.0998,5,1,10,1,1,2,0,301,18070.0
2025-01-01 05:01:20,SOLAR_PANEL_VOLT_B,32.512,5,1,20,1,1,2,0,301,18080.0
2025-01-01 05:01:30,SOLAR_PANEL_CURR_A,6.3453,5,1,30,1,1,2,0,301,18090.0
2025-01-01 05:01:40,SOLAR_PANEL_CURR_B,4.3252,5,1,40,1,1,2,0,301,18100.0
2025-01-01 05:01:50,SOLAR_POWER_TOTAL,101.4496,5,1,50,1,1,2,0,301,18110.0
2025-01-01 05:02:00,BUS_VOLTAGE,29.0935,5,2,0,1,1,2,0,302,18120.0
2025-01-01 05:02:10,BUS_CURRENT,7.2821,5,2,10,1,1,2,0,302,18130.0
2025-01-01 05:02:20,THRUSTER_TEMP_1,21.4547,5,2,20,1,1,2,0,302,18140.0
2025-01-01 05:02:30,THRUSTER_TEMP_2,20.102,5,2,30,1,1,2,0,302,18150.0
2025-01-01 05:02:40,PAYLOAD_TEMP_CAM,25.4555,5,2,40,1,1,2,0,302,18160.0
2025-01-01 05:02:50,PAYLOAD_TEMP_SENSOR,22.5676,5,2,50,1,1,2,0,302,18170.0
2025-01-01 05:03:00,OBC_TEMP,44.5056,5,3,0,1,1,2,0,303,18180.0
2025-01-01 05:03:10,TRANS_TEMP,37.8015,5,3,10,1,1,2,0,303,18190.0
2025-01-01 05:03:20,STRUCT_TEMP_PANEL_X,30.1217,5,3,20,1,1,2,0,303,18200.0
2025-01-01 05:03:30,STRUCT_TEMP_PANEL_Y,30.7415,5,3,30,1,1,2,0,303,18210.0
2025-01-01 05:03:40,STRUCT_TEMP_PANEL_Z,14.7581,5,3,40,1,1,2,0,303,18220.0
2025-01-01 05:03:50,RADIATOR_TEMP,-0.448,5,3,50,1,1,2,0,303,18230.0
2025-01-01 05:04:00,GYRO_X,-0.0179,5,4,0,1,1,2,0,304,18240.0
2025-01-01 05:04:10,GYRO_Y,0.0322,5,4,10,1,1,2,0,304,18250.0
2025-01-01 05:04:20,GYRO_Z,0.0156,5,4,20,1,1,2,0,304,18260.0
2025-01-01 05:04:30,MAGNETOMETER_X,42.9141,5,4,30,1,1,2,0,304,18270.0
2025-01-01 05:04:40,MAGNETOMETER_Y,14.7717,5,4,40,1,1,2,0,304,18280.0
2025-01-01 05:04:50,MAGNETOMETER_Z,13.2831,5,4,50,1,1,2,0,304,18290.0
2025-01-01 05:05:00,REACTION_WHEEL_SPD_X,1349.2404,5,5,0,1,1,2,0,305,18300.0
2025-01-01 05:05:10,REACTION_WHEEL_SPD_Y,1341.2154,5,5,10,1,1,2,0,305,18310.0
2025-01-01 05:05:20,REACTION_WHEEL_SPD_Z,1478.5821,5,5,20,1,1,2,0,305,18320.0
2025-01-01 05:05:30,ATTITUDE_ROLL,0.5363,5,5,30,1,1,2,0,305,18330.0
2025-01-01 05:05:40,ATTITUDE_PITCH,-1.1631,5,5,40,1,1,2,0,305,18340.0
2025-01-01 05:05:50,ATTITUDE_YAW,2.5467,5,5,50,1,1,2,0,305,18350.0
2025-01-01 05:06:00,STAR_TRACKER_VALID,0.7136,5,6,0,1,1,2,0,306,18360.0
2025-01-01 05:06:10,SUN_SENSOR_ANGLE,136.0149,5,6,10,1,1,2,0,306,18370.0
2025-01-01 05:06:20,RF_SIGNAL_STRENGTH,-56.4671,5,6,20,1,1,2,0,306,18380.0
2025-01-01 05:06:30,RF_NOISE_FLOOR,-93.3486,5,6,30,1,1,2,0,306,18390.0
2025-01-01 05:06:40,TX_POWER,2.9739,5,6,40,1,1,2,0,306,18400.0
2025-01-01 05:06:50,LINK_MARGIN,12.2209,5,6,50,1,1,2,0,306,18410.0
2025-01-01 05:07:00,DATA_RATE_KBPS,144.5405,5,7,0,1,1,2,0,307,18420.0
2025-01-01 05:07:10,PACKET_LOSS_RATE,1.6076,5,7,10,1,1,2,0,307,18430.0
2025-01-01 05:07:20,CPU_USAGE,45.9005,5,7,20,1,1,2,0,307,18440.0
2025-01-01 05:07:30,MEMORY_USAGE,49.8623,5,7,30,1,1,2,0,307,18450.0
2025-01-01 05:07:40,FLASH_WRITE_RATE,1.6466,5,7,40,1,1,2,0,307,18460.0
2025-01-01 05:07:50,WATCHDOG_COUNTER,27.4066,5,7,50,1,1,2,0,307,18470.0
2025-01-01 05:08:00,TANK_PRESSURE,314.0628,5,8,0,1,1,2,0,308,18480.0
2025-01-01 05:08:10,THRUSTER_VALVE_TEMP,18.1476,5,8,10,1,1,2,0,308,18490.0
2025-01-01 05:08:20,BATT_VOLTAGE_1,28.8845,5,8,20,1,1,2,0,308,18500.0
2025-01-01 05:08:30,BATT_VOLTAGE_2,28.9838,5,8,30,1,1,2,0,308,18510.0
2025-01-01 05:08:40,BATT_CURRENT_1,2.7172,5,8,40,1,1,2,0,308,18520.0
2025-01-01 05:08:50,BATT_CURRENT_2,3.1924,5,8,50,1,1,2,0,308,18530.0
2025-01-01 05:09:00,BATT_TEMP_1,29.9027,5,9,0,1,1,2,0,309,18540.0
2025-01-01 05:09:10,BATT_TEMP_2,22.4997,5,9,10,1,1,2,0,309,18550.0
2025-01-01 05:09:20,BATT_SOC,80.1464,5,9,20,1,1,2,0,309,18560.0
2025-01-01 05:09:30,SOLAR_PANEL_VOLT_A,31.2696,5,9,30,1,1,2,0,309,18570.0
2025-01-01 05:09:40,SOLAR_PANEL_VOLT_B,31.8755,5,9,40,1,1,2,0,309,18580.0
2025-01-01 05:09:50,SOLAR_PANEL_CURR_A,5.5953,5,9,50,1,1,2,0,309,18590.0
2025-01-01 05:10:00,SOLAR_PANEL_CURR_B,6.3612,5,10,0,1,1,2,0,310,18600.0
2025-01-01 05:10:10,SOLAR_POWER_TOTAL,99.4119,5,10,10,1,1,2,0,310,18610.0
2025-01-01 05:10:20,BUS_VOLTAGE,28.4819,5,10,20,1,1,2,0,310,18620.0
2025-01-01 05:10:30,BUS_CURRENT,9.3344,5,10,30,1,1,2,0,310,18630.0
2025-01-01 05:10:40,THRUSTER_TEMP_1,19.6672,5,10,40,1,1,2,0,310,18640.0
2025-01-01 05:10:50,THRUSTER_TEMP_2,18.7065,5,10,50,1,1,2,0,310,18650.0
2025-01-01 05:11:00,PAYLOAD_TEMP_CAM,25.3997,5,11,0,1,1,2,0,311,18660.0
2025-01-01 05:11:10,PAYLOAD_TEMP_SENSOR,20.4075,5,11,10,1,1,2,0,311,18670.0
2025-01-01 05:11:20,OBC_TEMP,46.718,5,11,20,1,1,2,0,311,18680.0
2025-01-01 05:11:30,TRANS_TEMP,39.3113,5,11,30,1,1,2,0,311,18690.0
2025-01-01 05:11:40,STRUCT_TEMP_PANEL_X,29.9487,5,11,40,1,1,2,0,311,18700.0
2025-01-01 05:11:50,STRUCT_TEMP_PANEL_Y,28.0988,5,11,50,1,1,2,0,311,18710.0
2025-01-01 05:12:00,STRUCT_TEMP_PANEL_Z,34.4799,5,12,0,1,1,2,0,312,18720.0
2025-01-01 05:12:10,RADIATOR_TEMP,-1.6616,5,12,10,1,1,2,0,312,18730.0
2025-01-01 05:12:20,GYRO_X,0.0084,5,12,20,1,1,2,0,312,18740.0
2025-01-01 05:12:30,GYRO_Y,0.0342,5,12,30,1,1,2,0,312,18750.0
2025-01-01 05:12:40,GYRO_Z,-0.0213,5,12,40,1,1,2,0,312,18760.0
2025-01-01 05:12:50,MAGNETOMETER_X,-23.3685,5,12,50,1,1,2,0,312,18770.0
2025-01-01 05:13:00,MAGNETOMETER_Y,41.6259,5,13,0,1,1,2,0,313,18780.0
2025-01-01 05:13:10,MAGNETOMETER_Z,1.3873,5,13,10,1,1,2,0,313,18790.0
2025-01-01 05:13:20,REACTION_WHEEL_SPD_X,765.312,5,13,20,1,1,2,0,313,18800.0
2025-01-01 05:13:30,REACTION_WHEEL_SPD_Y,912.4388,5,13,30,1,1,2,0,313,18810.0
2025-01-01 05:13:40,REACTION_WHEEL_SPD_Z,1287.0263,5,13,40,1,1,2,0,313,18820.0
2025-01-01 05:13:50,ATTITUDE_ROLL,1.6313,5,13,50,1,1,2,0,313,18830.0
2025-01-01 05:14:00,ATTITUDE_PITCH,0.5701,5,14,0,1,1,2,0,314,18840.0
2025-01-01 05:14:10,ATTITUDE_YAW,0.4622,5,14,10,1,1,2,0,314,18850.0
2025-01-01 05:14:20,STAR_TRACKER_VALID,0.6987,5,14,20,1,1,2,0,314,18860.0
2025-01-01 05:14:30,SUN_SENSOR_ANGLE,144.5972,5,14,30,1,1,2,0,314,18870.0
2025-01-01 05:14:40,RF_SIGNAL_STRENGTH,-63.5596,5,14,40,1,1,2,0,314,18880.0
2025-01-01 05:14:50,RF_NOISE_FLOOR,-87.6298,5,14,50,1,1,2,0,314,18890.0
2025-01-01 05:15:00,TX_POWER,3.9623,5,15,0,1,1,2,0,315,18900.0
2025-01-01 05:15:10,LINK_MARGIN,14.4903,5,15,10,1,1,2,0,315,18910.0
2025-01-01 05:15:20,DATA_RATE_KBPS,169.4045,5,15,20,1,1,2,0,315,18920.0
2025-01-01 05:15:30,PACKET_LOSS_RATE,1.5212,5,15,30,1,1,2,0,315,18930.0
2025-01-01 05:15:40,CPU_USAGE,42.667,5,15,40,1,1,2,0,315,18940.0
2025-01-01 05:15:50,MEMORY_USAGE,47.7843,5,15,50,1,1,2,0,315,18950.0
2025-01-01 05:16:00,FLASH_WRITE_RATE,3.7143,5,16,0,1,1,2,0,316,18960.0
2025-01-01 05:16:10,WATCHDOG_COUNTER,70.9543,5,16,10,1,1,2,0,316,18970.0
2025-01-01 05:16:20,TANK_PRESSURE,310.4655,5,16,20,1,1,2,0,316,18980.0
2025-01-01 05:16:30,THRUSTER_VALVE_TEMP,14.68,5,16,30,1,1,2,0,316,18990.0
2025-01-01 05:16:40,BATT_VOLTAGE_1,28.0429,5,16,40,1,1,2,0,316,19000.0
2025-01-01 05:16:50,BATT_VOLTAGE_2,27.3436,5,16,50,1,1,2,0,316,19010.0
2025-01-01 05:17:00,BATT_CURRENT_1,3.1443,5,17,0,1,1,2,0,317,19020.0
2025-01-01 05:17:10,BATT_CURRENT_2,3.3507,5,17,10,1,1,2,0,317,19030.0
2025-01-01 05:17:20,BATT_TEMP_1,26.6587,5,17,20,1,1,2,0,317,19040.0
2025-01-01 05:17:30,BATT_TEMP_2,31.1213,5,17,30,1,1,2,0,317,19050.0
2025-01-01 05:17:40,BATT_SOC,80.2322,5,17,40,1,1,2,0,317,19060.0
2025-01-01 05:17:50,SOLAR_PANEL_VOLT_A,32.6236,5,17,50,1,1,2,0,317,19070.0
2025-01-01 05:18:00,SOLAR_PANEL_VOLT_B,31.8653,5,18,0,1,1,2,0,318,19080.0
2025-01-01 05:18:10,SOLAR_PANEL_CURR_A,6.6665,5,18,10,1,1,2,0,318,19090.0
2025-01-01 05:18:20,SOLAR_PANEL_CURR_B,5.0781,5,18,20,1,1,2,0,318,19100.0
2025-01-01 05:18:30,SOLAR_POWER_TOTAL,104.8897,5,18,30,1,1,2,0,318,19110.0
2025-01-01 05:18:40,BUS_VOLTAGE,28.1281,5,18,40,1,1,2,0,318,19120.0
2025-01-01 05:18:50,BUS_CURRENT,7.4541,5,18,50,1,1,2,0,318,19130.0
2025-01-01 05:19:00,THRUSTER_TEMP_1,22.5814,5,19,0,1,1,2,0,319,19140.0
2025-01-01 05:19:10,THRUSTER_TEMP_2,22.7013,5,19,10,1,1,2,0,319,19150.0
2025-01-01 05:19:20,PAYLOAD_TEMP_CAM,23.9139,5,19,20,1,1,2,0,319,19160.0
2025-01-01 05:19:30,PAYLOAD_TEMP_SENSOR,23.9433,5,19,30,1,1,2,0,319,19170.0
2025-01-01 05:19:40,OBC_TEMP,47.7855,5,19,40,1,1,2,0,319,19180.0
2025-01-01 05:19:50,TRANS_TEMP,40.99,5,19,50,1,1,2,0,319,19190.0
2025-01-01 05:20:00,STRUCT_TEMP_PANEL_X,33.593,5,20,0,1,1,2,0,320,19200.0
2025-01-01 05:20:10,STRUCT_TEMP_PANEL_Y,28.572,5,20,10,1,1,2,0,320,19210.0
2025-01-01 05:20:20,STRUCT_TEMP_PANEL_Z,35.3804,5,20,20,1,1,2,0,320,19220.0
2025-01-01 05:20:30,RADIATOR_TEMP,-9.9655,5,20,30,1,1,2,0,320,19230.0
2025-01-01 05:20:40,GYRO_X,0.0254,5,20,40,1,1,2,0,320,19240.0
2025-01-01 05:20:50,GYRO_Y,0.0147,5,20,50,1,1,2,0,320,19250.0
2025-01-01 05:21:00,GYRO_Z,0.0403,5,21,0,1,1,2,0,321,19260.0
2025-01-01 05:21:10,MAGNETOMETER_X,1.0351,5,21,10,1,1,2,0,321,19270.0
2025-01-01 05:21:20,MAGNETOMETER_Y,-19.4766,5,21,20,1,1,2,0,321,19280.0
2025-01-01 05:21:30,MAGNETOMETER_Z,29.6975,5,21,30,1,1,2,0,321,19290.0
2025-01-01 05:21:40,REACTION_WHEEL_SPD_X,2002.9888,5,21,40,1,1,2,0,321,19300.0
2025-01-01 05:21:50,REACTION_WHEEL_SPD_Y,1608.8225,5,21,50,1,1,2,0,321,19310.0
2025-01-01 05:22:00,REACTION_WHEEL_SPD_Z,-1413.8829,5,22,0,1,1,2,0,322,19320.0
2025-01-01 05:22:10,ATTITUDE_ROLL,1.6873,5,22,10,1,1,2,0,322,19330.0
2025-01-01 05:22:20,ATTITUDE_PITCH,1.0833,5,22,20,1,1,2,0,322,19340.0
2025-01-01 05:22:30,ATTITUDE_YAW,1.8424,5,22,30,1,1,2,0,322,19350.0
2025-01-01 05:22:40,STAR_TRACKER_VALID,0.2813,5,22,40,1,1,2,0,322,19360.0
2025-01-01 05:22:50,SUN_SENSOR_ANGLE,135.7442,5,22,50,1,1,2,0,322,19370.0
2025-01-01 05:23:00,RF_SIGNAL_STRENGTH,-59.6437,5,23,0,1,1,2,0,323,19380.0
2025-01-01 05:23:10,RF_NOISE_FLOOR,-87.8052,5,23,10,1,1,2,0,323,19390.0
2025-01-01 05:23:20,TX_POWER,2.6393,5,23,20,1,1,2,0,323,19400.0
2025-01-01 05:23:30,LINK_MARGIN,18.2882,5,23,30,1,1,2,0,323,19410.0
2025-01-01 05:23:40,DATA_RATE_KBPS,147.3364,5,23,40,1,1,2,0,323,19420.0
2025-01-01 05:23:50,PACKET_LOSS_RATE,0.8605,5,23,50,1,1,2,0,323,19430.0
2025-01-01 05:24:00,CPU_USAGE,42.2281,5,24,0,1,1,2,0,324,19440.0
2025-01-01 05:24:10,MEMORY_USAGE,62.72,5,24,10,1,1,2,0,324,19450.0
2025-01-01 05:24:20,FLASH_WRITE_RATE,3.8455,5,24,20,1,1,2,0,324,19460.0
2025-01-01 05:24:30,WATCHDOG_COUNTER,59.1282,5,24,30,1,1,2,0,324,19470.0
2025-01-01 05:24:40,TANK_PRESSURE,302.688,5,24,40,1,1,2,0,324,19480.0
2025-01-01 05:24:50,THRUSTER_VALVE_TEMP,14.7813,5,24,50,1,1,2,0,324,19490.0
2025-01-01 05:25:00,BATT_VOLTAGE_1,27.3608,5,25,0,1,1,2,0,325,19500.0
2025-01-01 05:25:10,BATT_VOLTAGE_2,27.4786,5,25,10,1,1,2,0,325,19510.0
2025-01-01 05:25:20,BATT_CURRENT_1,3.0183,5,25,20,1,1,2,0,325,19520.0
2025-01-01 05:25:30,BATT_CURRENT_2,1.6085,5,25,30,1,1,2,0,325,19530.0
2025-01-01 05:25:40,BATT_TEMP_1,29.3958,5,25,40,1,1,2,0,325,19540.0
2025-01-01 05:25:50,BATT_TEMP_2,23.9944,5,25,50,1,1,2,0,325,19550.0
2025-01-01 05:26:00,BATT_SOC,87.511,5,26,0,1,1,2,0,326,19560.0
2025-01-01 05:26:10,SOLAR_PANEL_VOLT_A,30.2032,5,26,10,1,1,2,0,326,19570.0
2025-01-01 05:26:20,SOLAR_PANEL_VOLT_B,29.9513,5,26,20,1,1,2,0,326,19580.0
2025-01-01 05:26:30,SOLAR_PANEL_CURR_A,6.6705,5,26,30,1,1,2,0,326,19590.0
2025-01-01 05:26:40,SOLAR_PANEL_CURR_B,5.7677,5,26,40,1,1,2,0,326,19600.0
2025-01-01 05:26:50,SOLAR_POWER_TOTAL,110.6272,5,26,50,1,1,2,0,326,19610.0
2025-01-01 05:27:00,BUS_VOLTAGE,28.062,5,27,0,1,1,2,0,327,19620.0
2025-01-01 05:27:10,BUS_CURRENT,9.3467,5,27,10,1,1,2,0,327,19630.0
2025-01-01 05:27:20,THRUSTER_TEMP_1,27.0585,5,27,20,1,1,2,0,327,19640.0
2025-01-01 05:27:30,THRUSTER_TEMP_2,23.2142,5,27,30,1,1,2,0,327,19650.0
2025-01-01 05:27:40,PAYLOAD_TEMP_CAM,24.8519,5,27,40,1,1,2,0,327,19660.0
2025-01-01 05:27:50,PAYLOAD_TEMP_SENSOR,22.5501,5,27,50,1,1,2,0,327,19670.0
2025-01-01 05:28:00,OBC_TEMP,51.2266,5,28,0,1,1,2,0,328,19680.0
2025-01-01 05:28:10,TRANS_TEMP,36.8454,5,28,10,1,1,2,0,328,19690.0
2025-01-01 05:28:20,STRUCT_TEMP_PANEL_X,37.0961,5,28,20,1,1,2,0,328,19700.0
2025-01-01 05:28:30,STRUCT_TEMP_PANEL_Y,20.4713,5,28,30,1,1,2,0,328,19710.0
2025-01-01 05:28:40,STRUCT_TEMP_PANEL_Z,34.7197,5,28,40,1,1,2,0,328,19720.0
2025-01-01 05:28:50,RADIATOR_TEMP,-12.7969,5,28,50,1,1,2,0,328,19730.0
2025-01-01 05:29:00,GYRO_X,-0.0175,5,29,0,1,1,2,0,329,19740.0
2025-01-01 05:29:10,GYRO_Y,0.0555,5,29,10,1,1,2,0,329,19750.0
2025-01-01 05:29:20,GYRO_Z,0.0468,5,29,20,1,1,2,0,329,19760.0
2025-01-01 05:29:30,MAGNETOMETER_X,1.3741,5,29,30,1,1,2,0,329,19770.0
2025-01-01 05:29:40,MAGNETOMETER_Y,25.1286,5,29,40,1,1,2,0,329,19780.0
2025-01-01 05:29:50,MAGNETOMETER_Z,24.1637,5,29,50,1,1,2,0,329,19790.0
2025-01-01 05:30:00,REACTION_WHEEL_SPD_X,-582.9514,5,30,0,1,1,2,0,330,19800.0
2025-01-01 05:30:10,REACTION_WHEEL_SPD_Y,-1395.5704,5,30,10,1,1,2,0,330,19810.0
2025-01-01 05:30:20,REACTION_WHEEL_SPD_Z,1249.1461,5,30,20,1,1,2,0,330,19820.0
2025-01-01 05:30:30,ATTITUDE_ROLL,-0.1198,5,30,30,1,1,2,0,330,19830.0
2025-01-01 05:30:40,ATTITUDE_PITCH,0.3861,5,30,40,1,1,2,0,330,19840.0
2025-01-01 05:30:50,ATTITUDE_YAW,-2.9968,5,30,50,1,1,2,0,330,19850.0
2025-01-01 05:31:00,STAR_TRACKER_VALID,0.7767,5,31,0,1,1,2,0,331,19860.0
2025-01-01 05:31:10,SUN_SENSOR_ANGLE,92.13,5,31,10,1,1,2,0,331,19870.0
2025-01-01 05:31:20,RF_SIGNAL_STRENGTH,-68.5793,5,31,20,1,1,2,0,331,19880.0
2025-01-01 05:31:30,RF_NOISE_FLOOR,-101.7407,5,31,30,1,1,2,0,331,19890.0
2025-01-01 05:31:40,TX_POWER,3.0022,5,31,40,1,1,2,0,331,19900.0
2025-01-01 05:31:50,LINK_MARGIN,19.1384,5,31,50,1,1,2,0,331,19910.0
2025-01-01 05:32:00,DATA_RATE_KBPS,161.7981,5,32,0,1,1,2,0,332,19920.0
2025-01-01 05:32:10,PACKET_LOSS_RATE,0.8743,5,32,10,1,1,2,0,332,19930.0
2025-01-01 05:32:20,CPU_USAGE,40.071,5,32,20,1,1,2,0,332,19940.0
2025-01-01 05:32:30,MEMORY_USAGE,64.1003,5,32,30,1,1,2,0,332,19950.0
2025-01-01 05:32:40,FLASH_WRITE_RATE,3.4212,5,32,40,1,1,2,0,332,19960.0
2025-01-01 05:32:50,WATCHDOG_COUNTER,71.371,5,32,50,1,1,2,0,332,19970.0
2025-01-01 05:33:00,TANK_PRESSURE,308.0191,5,33,0,1,1,2,0,333,19980.0
2025-01-01 05:33:10,THRUSTER_VALVE_TEMP,16.0201,5,33,10,1,1,2,0,333,19990.0
2025-01-01 05:33:20,BATT_VOLTAGE_1,27.3383,5,33,20,1,1,2,0,333,20000.0
2025-01-01 05:33:30,BATT_VOLTAGE_2,28.2027,5,33,30,1,1,2,0,333,20010.0
2025-01-01 05:33:40,BATT_CURRENT_1,2.4091,5,33,40,1,1,2,0,333,20020.0
2025-01-01 05:33:50,BATT_CURRENT_2,1.8124,5,33,50,1,1,2,0,333,20030.0
2025-01-01 05:34:00,BATT_TEMP_1,23.665,5,34,0,1,1,2,0,334,20040.0
2025-01-01 05:34:10,BATT_TEMP_2,29.6478,5,34,10,1,1,2,0,334,20050.0
2025-01-01 05:34:20,BATT_SOC,88.7062,5,34,20,1,1,2,0,334,20060.0
2025-01-01 05:34:30,SOLAR_PANEL_VOLT_A,32.4993,5,34,30,1,1,2,0,334,20070.0
2025-01-01 05:34:40,SOLAR_PANEL_VOLT_B,32.4884,5,34,40,1,1,2,0,334,20080.0
2025-01-01 05:34:50,SOLAR_PANEL_CURR_A,5.4319,5,34,50,1,1,2,0,334,20090.0
2025-01-01 05:35:00,SOLAR_PANEL_CURR_B,6.7876,5,35,0,1,1,2,0,335,20100.0
2025-01-01 05:35:10,SOLAR_POWER_TOTAL,116.332,5,35,10,1,1,2,0,335,20110.0
2025-01-01 05:35:20,BUS_VOLTAGE,28.8218,5,35,20,1,1,2,0,335,20120.0
2025-01-01 05:35:30,BUS_CURRENT,9.9487,5,35,30,1,1,2,0,335,20130.0
2025-01-01 05:35:40,THRUSTER_TEMP_1,20.9003,5,35,40,1,1,2,0,335,20140.0
2025-01-01 05:35:50,THRUSTER_TEMP_2,19.6975,5,35,50,1,1,2,0,335,20150.0
2025-01-01 05:36:00,PAYLOAD_TEMP_CAM,24.6428,5,36,0,1,1,2,0,336,20160.0
2025-01-01 05:36:10,PAYLOAD_TEMP_SENSOR,21.659,5,36,10,1,1,2,0,336,20170.0
2025-01-01 05:36:20,OBC_TEMP,42.9409,5,36,20,1,1,2,0,336,20180.0
2025-01-01 05:36:30,TRANS_TEMP,40.9046,5,36,30,1,1,2,0,336,20190.0
2025-01-01 05:36:40,STRUCT_TEMP_PANEL_X,30.6727,5,36,40,1,1,2,0,336,20200.0
2025-01-01 05:36:50,STRUCT_TEMP_PANEL_Y,35.4771,5,36,50,1,1,2,0,336,20210.0
2025-01-01 05:37:00,STRUCT_TEMP_PANEL_Z,26.442,5,37,0,1,1,2,0,337,20220.0
2025-01-01 05:37:10,RADIATOR_TEMP,-16.5897,5,37,10,1,1,2,0,337,20230.0
2025-01-01 05:37:20,GYRO_X,-0.0248,5,37,20,1,1,2,0,337,20240.0
2025-01-01 05:37:30,GYRO_Y,-0.0369,5,37,30,1,1,2,0,337,20250.0
2025-01-01 05:37:40,GYRO_Z,-0.0381,5,37,40,1,1,2,0,337,20260.0
2025-01-01 05:37:50,MAGNETOMETER_X,24.2934,5,37,50,1,1,2,0,337,20270.0
2025-01-01 05:38:00,MAGNETOMETER_Y,8.6031,5,38,0,1,1,2,0,338,20280.0
2025-01-01 05:38:10,MAGNETOMETER_Z,20.7704,5,38,10,1,1,2,0,338,20290.0
2025-01-01 05:38:20,REACTION_WHEEL_SPD_X,-1027.7872,5,38,20,1,1,2,0,338,20300.0
2025-01-01 05:38:30,REACTION_WHEEL_SPD_Y,-936.9754,5,38,30,1,1,2,0,338,20310.0
2025-01-01 05:38:40,REACTION_WHEEL_SPD_Z,-1240.6901,5,38,40,1,1,2,0,338,20320.0
2025-01-01 05:38:50,ATTITUDE_ROLL,-0.3481,5,38,50,1,1,2,0,338,20330.0
2025-01-01 05:39:00,ATTITUDE_PITCH,-1.6126,5,39,0,1,1,2,0,339,20340.0
2025-01-01 05:39:10,ATTITUDE_YAW,1.2076,5,39,10,1,1,2,0,339,20350.0
2025-01-01 05:39:20,STAR_TRACKER_VALID,0.4168,5,39,20,1,1,2,0,339,20360.0
2025-01-01 05:39:30,SUN_SENSOR_ANGLE,124.9309,5,39,30,1,1,2,0,339,20370.0
2025-01-01 05:39:40,RF_SIGNAL_STRENGTH,-71.3352,5,39,40,1,1,2,0,339,20380.0
2025-01-01 05:39:50,RF_NOISE_FLOOR,-96.2299,5,39,50,1,1,2,0,339,20390.0
2025-01-01 05:40:00,TX_POWER,2.6494,5,40,0,1,1,2,0,340,20400.0
2025-01-01 05:40:10,LINK_MARGIN,19.6198,5,40,10,1,1,2,0,340,20410.0
2025-01-01 05:40:20,DATA_RATE_KBPS,116.9898,5,40,20,1,1,2,0,340,20420.0
2025-01-01 05:40:30,PACKET_LOSS_RATE,1.5296,5,40,30,1,1,2,0,340,20430.0
2025-01-01 05:40:40,CPU_USAGE,24.9152,5,40,40,1,1,2,0,340,20440.0
2025-01-01 05:40:50,MEMORY_USAGE,47.597,5,40,50,1,1,2,0,340,20450.0
2025-01-01 05:41:00,FLASH_WRITE_RATE,3.3258,5,41,0,1,1,2,0,341,20460.0
2025-01-01 05:41:10,WATCHDOG_COUNTER,51.9285,5,41,10,1,1,2,0,341,20470.0
2025-01-01 05:41:20,TANK_PRESSURE,309.6679,5,41,20,1,1,2,0,341,20480.0
2025-01-01 05:41:30,THRUSTER_VALVE_TEMP,18.4177,5,41,30,1,1,2,0,341,20490.0
2025-01-01 05:41:40,BATT_VOLTAGE_1,28.3414,5,41,40,1,1,2,0,341,20500.0
2025-01-01 05:41:50,BATT_VOLTAGE_2,27.7701,5,41,50,1,1,2,0,341,20510.0
2025-01-01 05:42:00,BATT_CURRENT_1,3.3058,5,42,0,1,1,2,0,342,20520.0
2025-01-01 05:42:10,BATT_CURRENT_2,2.3637,5,42,10,1,1,2,0,342,20530.0
2025-01-01 05:42:20,BATT_TEMP_1,28.5509,5,42,20,1,1,2,0,342,20540.0
2025-01-01 05:42:30,BATT_TEMP_2,30.4729,5,42,30,1,1,2,0,342,20550.0
2025-01-01 05:42:40,BATT_SOC,85.5017,5,42,40,1,1,2,0,342,20560.0
2025-01-01 05:42:50,SOLAR_PANEL_VOLT_A,30.844,5,42,50,1,1,2,0,342,20570.0
2025-01-01 05:43:00,SOLAR_PANEL_VOLT_B,32.5002,5,43,0,1,1,2,0,343,20580.0
2025-01-01 05:43:10,SOLAR_PANEL_CURR_A,6.0731,5,43,10,1,1,2,0,343,20590.0
2025-01-01 05:43:20,SOLAR_PANEL_CURR_B,6.7386,5,43,20,1,1,2,0,343,20600.0
2025-01-01 05:43:30,SOLAR_POWER_TOTAL,92.7378,5,43,30,1,1,2,0,343,20610.0
2025-01-01 05:43:40,BUS_VOLTAGE,28.7074,5,43,40,1,1,2,0,343,20620.0
2025-01-01 05:43:50,BUS_CURRENT,8.5139,5,43,50,1,1,2,0,343,20630.0
2025-01-01 05:44:00,THRUSTER_TEMP_1,24.1751,5,44,0,1,1,2,0,344,20640.0
2025-01-01 05:44:10,THRUSTER_TEMP_2,24.0526,5,44,10,1,1,2,0,344,20650.0
2025-01-01 05:44:20,PAYLOAD_TEMP_CAM,25.5532,5,44,20,1,1,2,0,344,20660.0
2025-01-01 05:44:30,PAYLOAD_TEMP_SENSOR,22.7064,5,44,30,1,1,2,0,344,20670.0
2025-01-01 05:44:40,OBC_TEMP,47.102,5,44,40,1,1,2,0,344,20680.0
2025-01-01 05:44:50,TRANS_TEMP,43.0018,5,44,50,1,1,2,0,344,20690.0
2025-01-01 05:45:00,STRUCT_TEMP_PANEL_X,7.5419,5,45,0,1,1,2,0,345,20700.0
2025-01-01 05:45:10,STRUCT_TEMP_PANEL_Y,30.2461,5,45,10,1,1,2,0,345,20710.0
2025-01-01 05:45:20,STRUCT_TEMP_PANEL_Z,33.0883,5,45,20,1,1,2,0,345,20720.0
2025-01-01 05:45:30,RADIATOR_TEMP,0.0287,5,45,30,1,1,2,0,345,20730.0
2025-01-01 05:45:40,GYRO_X,-0.0014,5,45,40,1,1,2,0,345,20740.0
2025-01-01 05:45:50,GYRO_Y,-0.0347,5,45,50,1,1,2,0,345,20750.0
2025-01-01 05:46:00,GYRO_Z,0.0183,5,46,0,1,1,2,0,346,20760.0
2025-01-01 05:46:10,MAGNETOMETER_X,26.9908,5,46,10,1,1,2,0,346,20770.0
2025-01-01 05:46:20,MAGNETOMETER_Y,-23.5527,5,46,20,1,1,2,0,346,20780.0
2025-01-01 05:46:30,MAGNETOMETER_Z,32.2329,5,46,30,1,1,2,0,346,20790.0
2025-01-01 05:46:40,REACTION_WHEEL_SPD_X,1526.0833,5,46,40,1,1,2,0,346,20800.0
2025-01-01 05:46:50,REACTION_WHEEL_SPD_Y,-1394.8801,5,46,50,1,1,2,0,346,20810.0
2025-01-01 05:47:00,REACTION_WHEEL_SPD_Z,701.956,5,47,0,1,1,2,0,347,20820.0
2025-01-01 05:47:10,ATTITUDE_ROLL,0.758,5,47,10,1,1,2,0,347,20830.0
2025-01-01 05:47:20,ATTITUDE_PITCH,1.2626,5,47,20,1,1,2,0,347,20840.0
2025-01-01 05:47:30,ATTITUDE_YAW,2.8136,5,47,30,1,1,2,0,347,20850.0
2025-01-01 05:47:40,STAR_TRACKER_VALID,0.743,5,47,40,1,1,2,0,347,20860.0
2025-01-01 05:47:50,SUN_SENSOR_ANGLE,58.0702,5,47,50,1,1,2,0,347,20870.0
2025-01-01 05:48:00,RF_SIGNAL_STRENGTH,-55.081,5,48,0,1,1,2,0,348,20880.0
2025-01-01 05:48:10,RF_NOISE_FLOOR,-94.0145,5,48,10,1,1,2,0,348,20890.0
2025-01-01 05:48:20,TX_POWER,2.1966,5,48,20,1,1,2,0,348,20900.0
2025-01-01 05:48:30,LINK_MARGIN,11.4151,5,48,30,1,1,2,0,348,20910.0
2025-01-01 05:48:40,DATA_RATE_KBPS,137.8948,5,48,40,1,1,2,0,348,20920.0
2025-01-01 05:48:50,PACKET_LOSS_RATE,0.3895,5,48,50,1,1,2,0,348,20930.0
2025-01-01 05:49:00,CPU_USAGE,26.0379,5,49,0,1,1,2,0,349,20940.0
2025-01-01 05:49:10,MEMORY_USAGE,59.0695,5,49,10,1,1,2,0,349,20950.0
2025-01-01 05:49:20,FLASH_WRITE_RATE,3.4323,5,49,20,1,1,2,0,349,20960.0
2025-01-01 05:49:30,WATCHDOG_COUNTER,30.9171,5,49,30,1,1,2,0,349,20970.0
2025-01-01 05:49:40,TANK_PRESSURE,305.2134,5,49,40,1,1,2,0,349,20980.0
2025-01-01 05:49:50,THRUSTER_VALVE_TEMP,20.3492,5,49,50,1,1,2,0,349,20990.0
2025-01-01 05:50:00,BATT_VOLTAGE_1,28.7777,5,50,0,1,1,2,0,350,21000.0
2025-01-01 05:50:10,BATT_VOLTAGE_2,28.4313,5,50,10,1,1,2,0,350,21010.0
2025-01-01 05:50:20,BATT_CURRENT_1,2.9763,5,50,20,1,1,2,0,350,21020.0
2025-01-01 05:50:30,BATT_CURRENT_2,1.8233,5,50,30,1,1,2,0,350,21030.0
2025-01-01 05:50:40,BATT_TEMP_1,25.7604,5,50,40,1,1,2,0,350,21040.0
2025-01-01 05:50:50,BATT_TEMP_2,20.1346,5,50,50,1,1,2,0,350,21050.0
2025-01-01 05:51:00,BATT_SOC,88.2929,5,51,0,1,1,2,0,351,21060.0
2025-01-01 05:51:10,SOLAR_PANEL_VOLT_A,31.8336,5,51,10,1,1,2,0,351,21070.0
2025-01-01 05:51:20,SOLAR_PANEL_VOLT_B,32.3534,5,51,20,1,1,2,0,351,21080.0
2025-01-01 05:51:30,SOLAR_PANEL_CURR_A,5.3362,5,51,30,1,1,2,0,351,21090.0
2025-01-01 05:51:40,SOLAR_PANEL_CURR_B,6.8341,5,51,40,1,1,2,0,351,21100.0
2025-01-01 05:51:50,SOLAR_POWER_TOTAL,105.3645,5,51,50,1,1,2,0,351,21110.0
2025-01-01 05:52:00,BUS_VOLTAGE,28.9838,5,52,0,1,1,2,0,352,21120.0
2025-01-01 05:52:10,BUS_CURRENT,7.2255,5,52,10,1,1,2,0,352,21130.0
2025-01-01 05:52:20,THRUSTER_TEMP_1,27.1164,5,52,20,1,1,2,0,352,21140.0
2025-01-01 05:52:30,THRUSTER_TEMP_2,19.1592,5,52,30,1,1,2,0,352,21150.0
2025-01-01 05:52:40,PAYLOAD_TEMP_CAM,20.5829,5,52,40,1,1,2,0,352,21160.0
2025-01-01 05:52:50,PAYLOAD_TEMP_SENSOR,24.6076,5,52,50,1,1,2,0,352,21170.0
2025-01-01 05:53:00,OBC_TEMP,47.096,5,53,0,1,1,2,0,353,21180.0
2025-01-01 05:53:10,TRANS_TEMP,41.302,5,53,10,1,1,2,0,353,21190.0
2025-01-01 05:53:20,STRUCT_TEMP_PANEL_X,13.4572,5,53,20,1,1,2,0,353,21200.0
2025-01-01 05:53:30,STRUCT_TEMP_PANEL_Y,21.2298,5,53,30,1,1,2,0,353,21210.0
2025-01-01 05:53:40,STRUCT_TEMP_PANEL_Z,12.3051,5,53,40,1,1,2,0,353,21220.0
2025-01-01 05:53:50,RADIATOR_TEMP,1.7638,5,53,50,1,1,2,0,353,21230.0
2025-01-01 05:54:00,GYRO_X,0.0021,5,54,0,1,1,2,0,354,21240.0
2025-01-01 05:54:10,GYRO_Y,0.0147,5,54,10,1,1,2,0,354,21250.0
2025-01-01 05:54:20,GYRO_Z,0.0389,5,54,20,1,1,2,0,354,21260.0
2025-01-01 05:54:30,MAGNETOMETER_X,31.8313,5,54,30,1,1,2,0,354,21270.0
2025-01-01 05:54:40,MAGNETOMETER_Y,31.0669,5,54,40,1,1,2,0,354,21280.0
2025-01-01 05:54:50,MAGNETOMETER_Z,28.694,5,54,50,1,1,2,0,354,21290.0
2025-01-01 05:55:00,REACTION_WHEEL_SPD_X,-525.6899,5,55,0,1,1,2,0,355,21300.0
2025-01-01 05:55:10,REACTION_WHEEL_SPD_Y,860.5112,5,55,10,1,1,2,0,355,21310.0
2025-01-01 05:55:20,REACTION_WHEEL_SPD_Z,-344.8678,5,55,20,1,1,2,0,355,21320.0
2025-01-01 05:55:30,ATTITUDE_ROLL,-1.4459,5,55,30,1,1,2,0,355,21330.0
2025-01-01 05:55:40,ATTITUDE_PITCH,-1.2575,5,55,40,1,1,2,0,355,21340.0
2025-01-01 05:55:50,ATTITUDE_YAW,-1.3394,5,55,50,1,1,2,0,355,21350.0
2025-01-01 05:56:00,STAR_TRACKER_VALID,0.7,5,56,0,1,1,2,0,356,21360.0
2025-01-01 05:56:10,SUN_SENSOR_ANGLE,73.1679,5,56,10,1,1,2,0,356,21370.0
2025-01-01 05:56:20,RF_SIGNAL_STRENGTH,-58.2361,5,56,20,1,1,2,0,356,21380.0
2025-01-01 05:56:30,RF_NOISE_FLOOR,-101.4727,5,56,30,1,1,2,0,356,21390.0
2025-01-01 05:56:40,TX_POWER,3.5173,5,56,40,1,1,2,0,356,21400.0
2025-01-01 05:56:50,LINK_MARGIN,19.0681,5,56,50,1,1,2,0,356,21410.0
2025-01-01 05:57:00,DATA_RATE_KBPS,160.3613,5,57,0,1,1,2,0,357,21420.0
2025-01-01 05:57:10,PACKET_LOSS_RATE,0.943,5,57,10,1,1,2,0,357,21430.0
2025-01-01 05:57:20,CPU_USAGE,41.6461,5,57,20,1,1,2,0,357,21440.0
2025-01-01 05:57:30,MEMORY_USAGE,57.0028,5,57,30,1,1,2,0,357,21450.0
2025-01-01 05:57:40,FLASH_WRITE_RATE,1.6074,5,57,40,1,1,2,0,357,21460.0
2025-01-01 05:57:50,WATCHDOG_COUNTER,44.4947,5,57,50,1,1,2,0,357,21470.0
2025-01-01 05:58:00,TANK_PRESSURE,308.1241,5,58,0,1,1,2,0,358,21480.0
2025-01-01 05:58:10,THRUSTER_VALVE_TEMP,21.9344,5,58,10,1,1,2,0,358,21490.0
2025-01-01 05:58:20,BATT_VOLTAGE_1,27.8339,5,58,20,1,1,2,0,358,21500.0
2025-01-01 05:58:30,BATT_VOLTAGE_2,28.5836,5,58,30,1,1,2,0,358,21510.0
2025-01-01 05:58:40,BATT_CURRENT_1,3.1635,5,58,40,1,1,2,0,358,21520.0
2025-01-01 05:58:50,BATT_CURRENT_2,1.8095,5,58,50,1,1,2,0,358,21530.0
2025-01-01 05:59:00,BATT_TEMP_1,29.0529,5,59,0,1,1,2,0,359,21540.0
2025-01-01 05:59:10,BATT_TEMP_2,28.6226,5,59,10,1,1,2,0,359,21550.0
2025-01-01 05:59:20,BATT_SOC,72.0491,5,59,20,1,1,2,0,359,21560.0
2025-01-01 05:59:30,SOLAR_PANEL_VOLT_A,30.9095,5,59,30,1,1,2,0,359,21570.0
2025-01-01 05:59:40,SOLAR_PANEL_VOLT_B,30.1144,5,59,40,1,1,2,0,359,21580.0
2025-01-01 05:59:50,SOLAR_PANEL_CURR_A,7.1343,5,59,50,1,1,2,0,359,21590.0
2025-01-01 06:00:00,SOLAR_PANEL_CURR_B,6.6417,6,0,0,1,1,2,0,360,21600.0
2025-01-01 06:00:10,SOLAR_POWER_TOTAL,113.402,6,0,10,1,1,2,0,360,21610.0
2025-01-01 06:00:20,BUS_VOLTAGE,28.2466,6,0,20,1,1,2,0,360,21620.0
2025-01-01 06:00:30,BUS_CURRENT,7.5686,6,0,30,1,1,2,0,360,21630.0
2025-01-01 06:00:40,THRUSTER_TEMP_1,22.0002,6,0,40,1,1,2,0,360,21640.0
2025-01-01 06:00:50,THRUSTER_TEMP_2,24.7844,6,0,50,1,1,2,0,360,21650.0
2025-01-01 06:01:00,PAYLOAD_TEMP_CAM,21.6224,6,1,0,1,1,2,0,361,21660.0
2025-01-01 06:01:10,PAYLOAD_TEMP_SENSOR,24.9352,6,1,10,1,1,2,0,361,21670.0
2025-01-01 06:01:20,OBC_TEMP,36.0101,6,1,20,1,1,2,0,361,21680.0
2025-01-01 06:01:30,TRANS_TEMP,38.501,6,1,30,1,1,2,0,361,21690.0
2025-01-01 06:01:40,STRUCT_TEMP_PANEL_X,10.4077,6,1,40,1,1,2,0,361,21700.0
2025-01-01 06:01:50,STRUCT_TEMP_PANEL_Y,10.4826,6,1,50,1,1,2,0,361,21710.0
2025-01-01 06:02:00,STRUCT_TEMP_PANEL_Z,32.4596,6,2,0,1,1,2,0,362,21720.0
2025-01-01 06:02:10,RADIATOR_TEMP,-4.4182,6,2,10,1,1,2,0,362,21730.0
2025-01-01 06:02:20,GYRO_X,-0.0253,6,2,20,1,1,2,0,362,21740.0
2025-01-01 06:02:30,GYRO_Y,-0.0174,6,2,30,1,1,2,0,362,21750.0
2025-01-01 06:02:40,GYRO_Z,-0.0295,6,2,40,1,1,2,0,362,21760.0
2025-01-01 06:02:50,MAGNETOMETER_X,35.2234,6,2,50,1,1,2,0,362,21770.0
2025-01-01 06:03:00,MAGNETOMETER_Y,11.9998,6,3,0,1,1,2,0,363,21780.0
2025-01-01 06:03:10,MAGNETOMETER_Z,-7.1401,6,3,10,1,1,2,0,363,21790.0
2025-01-01 06:03:20,REACTION_WHEEL_SPD_X,635.7033,6,3,20,1,1,2,0,363,21800.0
2025-01-01 06:03:30,REACTION_WHEEL_SPD_Y,-708.6784,6,3,30,1,1,2,0,363,21810.0
2025-01-01 06:03:40,REACTION_WHEEL_SPD_Z,-72.7302,6,3,40,1,1,2,0,363,21820.0
2025-01-01 06:03:50,ATTITUDE_ROLL,-1.0477,6,3,50,1,1,2,0,363,21830.0
2025-01-01 06:04:00,ATTITUDE_PITCH,0.1636,6,4,0,1,1,2,0,364,21840.0
2025-01-01 06:04:10,ATTITUDE_YAW,-3.2068,6,4,10,1,1,2,0,364,21850.0
2025-01-01 06:04:20,STAR_TRACKER_VALID,0.489,6,4,20,1,1,2,0,364,21860.0
2025-01-01 06:04:30,SUN_SENSOR_ANGLE,112.1269,6,4,30,1,1,2,0,364,21870.0
2025-01-01 06:04:40,RF_SIGNAL_STRENGTH,-53.9791,6,4,40,1,1,2,0,364,21880.0
2025-01-01 06:04:50,RF_NOISE_FLOOR,-102.157,6,4,50,1,1,2,0,364,21890.0
2025-01-01 06:05:00,TX_POWER,3.1114,6,5,0,1,1,2,0,365,21900.0
2025-01-01 06:05:10,LINK_MARGIN,13.821,6,5,10,1,1,2,0,365,21910.0
2025-01-01 06:05:20,DATA_RATE_KBPS,94.7837,6,5,20,1,1,2,0,365,21920.0
2025-01-01 06:05:30,PACKET_LOSS_RATE,0.9341,6,5,30,1,1,2,0,365,21930.0
2025-01-01 06:05:40,CPU_USAGE,49.5128,6,5,40,1,1,2,0,365,21940.0
2025-01-01 06:05:50,MEMORY_USAGE,50.2301,6,5,50,1,1,2,0,365,21950.0
2025-01-01 06:06:00,FLASH_WRITE_RATE,3.3596,6,6,0,1,1,2,0,366,21960.0
2025-01-01 06:06:10,WATCHDOG_COUNTER,65.6226,6,6,10,1,1,2,0,366,21970.0
2025-01-01 06:06:20,TANK_PRESSURE,291.8976,6,6,20,1,1,2,0,366,21980.0
2025-01-01 06:06:30,THRUSTER_VALVE_TEMP,14.4696,6,6,30,1,1,2,0,366,21990.0
2025-01-01 06:06:40,BATT_VOLTAGE_1,28.5508,6,6,40,1,1,2,0,366,22000.0
2025-01-01 06:06:50,BATT_VOLTAGE_2,27.636,6,6,50,1,1,2,0,366,22010.0
2025-01-01 06:07:00,BATT_CURRENT_1,2.417,6,7,0,1,1,2,0,367,22020.0
2025-01-01 06:07:10,BATT_CURRENT_2,3.2282,6,7,10,1,1,2,0,367,22030.0
2025-01-01 06:07:20,BATT_TEMP_1,30.4964,6,7,20,1,1,2,0,367,22040.0
2025-01-01 06:07:30,BATT_TEMP_2,19.4634,6,7,30,1,1,2,0,367,22050.0
2025-01-01 06:07:40,BATT_SOC,77.6099,6,7,40,1,1,2,0,367,22060.0
2025-01-01 06:07:50,SOLAR_PANEL_VOLT_A,30.2546,6,7,50,1,1,2,0,367,22070.0
2025-01-01 06:08:00,SOLAR_PANEL_VOLT_B,29.2146,6,8,0,1,1,2,0,368,22080.0
2025-01-01 06:08:10,SOLAR_PANEL_CURR_A,6.7885,6,8,10,1,1,2,0,368,22090.0
2025-01-01 06:08:20,SOLAR_PANEL_CURR_B,4.7968,6,8,20,1,1,2,0,368,22100.0
2025-01-01 06:08:30,SOLAR_POWER_TOTAL,104.584,6,8,30,1,1,2,0,368,22110.0
2025-01-01 06:08:40,BUS_VOLTAGE,28.3973,6,8,40,1,1,2,0,368,22120.0
2025-01-01 06:08:50,BUS_CURRENT,9.5239,6,8,50,1,1,2,0,368,22130.0
2025-01-01 06:09:00,THRUSTER_TEMP_1,21.8436,6,9,0,1,1,2,0,369,22140.0
2025-01-01 06:09:10,THRUSTER_TEMP_2,22.1663,6,9,10,1,1,2,0,369,22150.0
2025-01-01 06:09:20,PAYLOAD_TEMP_CAM,25.7243,6,9,20,1,1,2,0,369,22160.0
2025-01-01 06:09:30,PAYLOAD_TEMP_SENSOR,23.2442,6,9,30,1,1,2,0,369,22170.0
2025-01-01 06:09:40,OBC_TEMP,41.7405,6,9,40,1,1,2,0,369,22180.0
2025-01-01 06:09:50,TRANS_TEMP,38.5789,6,9,50,1,1,2,0,369,22190.0
2025-01-01 06:10:00,STRUCT_TEMP_PANEL_X,32.2884,6,10,0,1,1,2,0,370,22200.0
2025-01-01 06:10:10,STRUCT_TEMP_PANEL_Y,36.1536,6,10,10,1,1,2,0,370,22210.0
2025-01-01 06:10:20,STRUCT_TEMP_PANEL_Z,23.6689,6,10,20,1,1,2,0,370,22220.0
2025-01-01 06:10:30,RADIATOR_TEMP,0.7699,6,10,30,1,1,2,0,370,22230.0
2025-01-01 06:10:40,GYRO_X,0.0032,6,10,40,1,1,2,0,370,22240.0
2025-01-01 06:10:50,GYRO_Y,-0.0378,6,10,50,1,1,2,0,370,22250.0
2025-01-01 06:11:00,GYRO_Z,0.0141,6,11,0,1,1,2,0,371,22260.0
2025-01-01 06:11:10,MAGNETOMETER_X,25.8303,6,11,10,1,1,2,0,371,22270.0
2025-01-01 06:11:20,MAGNETOMETER_Y,10.2919,6,11,20,1,1,2,0,371,22280.0
2025-01-01 06:11:30,MAGNETOMETER_Z,28.6217,6,11,30,1,1,2,0,371,22290.0
2025-01-01 06:11:40,REACTION_WHEEL_SPD_X,-19.8839,6,11,40,1,1,2,0,371,22300.0
2025-01-01 06:11:50,REACTION_WHEEL_SPD_Y,1901.7294,6,11,50,1,1,2,0,371,22310.0
2025-01-01 06:12:00,REACTION_WHEEL_SPD_Z,-877.7472,6,12,0,1,1,2,0,372,22320.0
2025-01-01 06:12:10,ATTITUDE_ROLL,1.3488,6,12,10,1,1,2,0,372,22330.0
2025-01-01 06:12:20,ATTITUDE_PITCH,0.1433,6,12,20,1,1,2,0,372,22340.0
2025-01-01 06:12:30,ATTITUDE_YAW,2.4145,6,12,30,1,1,2,0,372,22350.0
2025-01-01 06:12:40,STAR_TRACKER_VALID,0.2765,6,12,40,1,1,2,0,372,22360.0
2025-01-01 06:12:50,SUN_SENSOR_ANGLE,92.3253,6,12,50,1,1,2,0,372,22370.0
2025-01-01 06:13:00,RF_SIGNAL_STRENGTH,-71.0963,6,13,0,1,1,2,0,373,22380.0
2025-01-01 06:13:10,RF_NOISE_FLOOR,-88.4746,6,13,10,1,1,2,0,373,22390.0
2025-01-01 06:13:20,TX_POWER,4.1872,6,13,20,1,1,2,0,373,22400.0
2025-01-01 06:13:30,LINK_MARGIN,18.7748,6,13,30,1,1,2,0,373,22410.0
2025-01-01 06:13:40,DATA_RATE_KBPS,139.5143,6,13,40,1,1,2,0,373,22420.0
2025-01-01 06:13:50,PACKET_LOSS_RATE,0.9147,6,13,50,1,1,2,0,373,22430.0
2025-01-01 06:14:00,CPU_USAGE,31.756,6,14,0,1,1,2,0,374,22440.0
2025-01-01 06:14:10,MEMORY_USAGE,61.5588,6,14,10,1,1,2,0,374,22450.0
2025-01-01 06:14:20,FLASH_WRITE_RATE,3.2265,6,14,20,1,1,2,0,374,22460.0
2025-01-01 06:14:30,WATCHDOG_COUNTER,24.5657,6,14,30,1,1,2,0,374,22470.0
2025-01-01 06:14:40,TANK_PRESSURE,290.7656,6,14,40,1,1,2,0,374,22480.0
2025-01-01 06:14:50,THRUSTER_VALVE_TEMP,16.4002,6,14,50,1,1,2,0,374,22490.0
2025-01-01 06:15:00,BATT_VOLTAGE_1,28.467,6,15,0,1,1,2,0,375,22500.0
2025-01-01 06:15:10,BATT_VOLTAGE_2,28.4163,6,15,10,1,1,2,0,375,22510.0
2025-01-01 06:15:20,BATT_CURRENT_1,1.9281,6,15,20,1,1,2,0,375,22520.0
2025-01-01 06:15:30,BATT_CURRENT_2,1.6683,6,15,30,1,1,2,0,375,22530.0
2025-01-01 06:15:40,BATT_TEMP_1,30.6977,6,15,40,1,1,2,0,375,22540.0
2025-01-01 06:15:50,BATT_TEMP_2,24.0177,6,15,50,1,1,2,0,375,22550.0
2025-01-01 06:16:00,BATT_SOC,78.8426,6,16,0,1,1,2,0,376,22560.0
2025-01-01 06:16:10,SOLAR_PANEL_VOLT_A,29.4818,6,16,10,1,1,2,0,376,22570.0
2025-01-01 06:16:20,SOLAR_PANEL_VOLT_B,30.7233,6,16,20,1,1,2,0,376,22580.0
2025-01-01 06:16:30,SOLAR_PANEL_CURR_A,6.7505,6,16,30,1,1,2,0,376,22590.0
2025-01-01 06:16:40,SOLAR_PANEL_CURR_B,4.5676,6,16,40,1,1,2,0,376,22600.0
2025-01-01 06:16:50,SOLAR_POWER_TOTAL,114.1715,6,16,50,1,1,2,0,376,22610.0
2025-01-01 06:17:00,BUS_VOLTAGE,28.3034,6,17,0,1,1,2,0,377,22620.0
2025-01-01 06:17:10,BUS_CURRENT,10.3955,6,17,10,1,1,2,0,377,22630.0
2025-01-01 06:17:20,THRUSTER_TEMP_1,21.7934,6,17,20,1,1,2,0,377,22640.0
2025-01-01 06:17:30,THRUSTER_TEMP_2,20.1113,6,17,30,1,1,2,0,377,22650.0
2025-01-01 06:17:40,PAYLOAD_TEMP_CAM,22.3135,6,17,40,1,1,2,0,377,22660.0
2025-01-01 06:17:50,PAYLOAD_TEMP_SENSOR,25.7357,6,17,50,1,1,2,0,377,22670.0
2025-01-01 06:18:00,OBC_TEMP,47.4948,6,18,0,1,1,2,0,378,22680.0
2025-01-01 06:18:10,TRANS_TEMP,42.9801,6,18,10,1,1,2,0,378,22690.0
2025-01-01 06:18:20,STRUCT_TEMP_PANEL_X,33.2196,6,18,20,1,1,2,0,378,22700.0
2025-01-01 06:18:30,STRUCT_TEMP_PANEL_Y,36.5528,6,18,30,1,1,2,0,378,22710.0
2025-01-01 06:18:40,STRUCT_TEMP_PANEL_Z,16.4577,6,18,40,1,1,2,0,378,22720.0
2025-01-01 06:18:50,RADIATOR_TEMP,-8.0027,6,18,50,1,1,2,0,378,22730.0
2025-01-01 06:19:00,GYRO_X,0.0361,6,19,0,1,1,2,0,379,22740.0
2025-01-01 06:19:10,GYRO_Y,-0.0282,6,19,10,1,1,2,0,379,22750.0
2025-01-01 06:19:20,GYRO_Z,0.0123,6,19,20,1,1,2,0,379,22760.0
2025-01-01 06:19:30,MAGNETOMETER_X,30.2231,6,19,30,1,1,2,0,379,22770.0
2025-01-01 06:19:40,MAGNETOMETER_Y,9.5243,6,19,40,1,1,2,0,379,22780.0
2025-01-01 06:19:50,MAGNETOMETER_Z,30.0466,6,19,50,1,1,2,0,379,22790.0
2025-01-01 06:20:00,REACTION_WHEEL_SPD_X,-22.908,6,20,0,1,1,2,0,380,22800.0
2025-01-01 06:20:10,REACTION_WHEEL_SPD_Y,-990.4214,6,20,10,1,1,2,0,380,22810.0
2025-01-01 06:20:20,REACTION_WHEEL_SPD_Z,1480.4036,6,20,20,1,1,2,0,380,22820.0
2025-01-01 06:20:30,ATTITUDE_ROLL,0.9039,6,20,30,1,1,2,0,380,22830.0
2025-01-01 06:20:40,ATTITUDE_PITCH,-1.6378,6,20,40,1,1,2,0,380,22840.0
2025-01-01 06:20:50,ATTITUDE_YAW,-1.6768,6,20,50,1,1,2,0,380,22850.0
2025-01-01 06:21:00,STAR_TRACKER_VALID,0.3651,6,21,0,1,1,2,0,381,22860.0
2025-01-01 06:21:10,SUN_SENSOR_ANGLE,140.7409,6,21,10,1,1,2,0,381,22870.0
2025-01-01 06:21:20,RF_SIGNAL_STRENGTH,-61.8844,6,21,20,1,1,2,0,381,22880.0
2025-01-01 06:21:30,RF_NOISE_FLOOR,-103.6777,6,21,30,1,1,2,0,381,22890.0
2025-01-01 06:21:40,TX_POWER,2.8826,6,21,40,1,1,2,0,381,22900.0
2025-01-01 06:21:50,LINK_MARGIN,16.2588,6,21,50,1,1,2,0,381,22910.0
2025-01-01 06:22:00,DATA_RATE_KBPS,88.7893,6,22,0,1,1,2,0,382,22920.0
2025-01-01 06:22:10,PACKET_LOSS_RATE,0.6001,6,22,10,1,1,2,0,382,22930.0
2025-01-01 06:22:20,CPU_USAGE,38.4169,6,22,20,1,1,2,0,382,22940.0
2025-01-01 06:22:30,MEMORY_USAGE,49.6585,6,22,30,1,1,2,0,382,22950.0
2025-01-01 06:22:40,FLASH_WRITE_RATE,3.5102,6,22,40,1,1,2,0,382,22960.0
2025-01-01 06:22:50,WATCHDOG_COUNTER,53.8867,6,22,50,1,1,2,0,382,22970.0
2025-01-01 06:23:00,TANK_PRESSURE,307.3537,6,23,0,1,1,2,0,383,22980.0
2025-01-01 06:23:10,THRUSTER_VALVE_TEMP,20.2356,6,23,10,1,1,2,0,383,22990.0
2025-01-01 06:23:20,BATT_VOLTAGE_1,28.1004,6,23,20,1,1,2,0,383,23000.0
2025-01-01 06:23:30,BATT_VOLTAGE_2,28.3971,6,23,30,1,1,2,0,383,23010.0
2025-01-01 06:23:40,BATT_CURRENT_1,2.1519,6,23,40,1,1,2,0,383,23020.0
2025-01-01 06:23:50,BATT_CURRENT_2,2.9317,6,23,50,1,1,2,0,383,23030.0
2025-01-01 06:24:00,BATT_TEMP_1,22.4694,6,24,0,1,1,2,0,384,23040.0
2025-01-01 06:24:10,BATT_TEMP_2,27.6341,6,24,10,1,1,2,0,384,23050.0
2025-01-01 06:24:20,BATT_SOC,70.2823,6,24,20,1,1,2,0,384,23060.0
2025-01-01 06:24:30,SOLAR_PANEL_VOLT_A,28.9697,6,24,30,1,1,2,0,384,23070.0
2025-01-01 06:24:40,SOLAR_PANEL_VOLT_B,30.5219,6,24,40,1,1,2,0,384,23080.0
2025-01-01 06:24:50,SOLAR_PANEL_CURR_A,4.5056,6,24,50,1,1,2,0,384,23090.0
2025-01-01 06:25:00,SOLAR_PANEL_CURR_B,5.3436,6,25,0,1,1,2,0,385,23100.0
2025-01-01 06:25:10,SOLAR_POWER_TOTAL,91.7806,6,25,10,1,1,2,0,385,23110.0
2025-01-01 06:25:20,BUS_VOLTAGE,28.1985,6,25,20,1,1,2,0,385,23120.0
2025-01-01 06:25:30,BUS_CURRENT,8.4226,6,25,30,1,1,2,0,385,23130.0
2025-01-01 06:25:40,THRUSTER_TEMP_1,23.731,6,25,40,1,1,2,0,385,23140.0
2025-01-01 06:25:50,THRUSTER_TEMP_2,19.7321,6,25,50,1,1,2,0,385,23150.0
2025-01-01 06:26:00,PAYLOAD_TEMP_CAM,22.0913,6,26,0,1,1,2,0,386,23160.0
2025-01-01 06:26:10,PAYLOAD_TEMP_SENSOR,23.5688,6,26,10,1,1,2,0,386,23170.0
2025-01-01 06:26:20,OBC_TEMP,36.2564,6,26,20,1,1,2,0,386,23180.0
2025-01-01 06:26:30,TRANS_TEMP,42.882,6,26,30,1,1,2,0,386,23190.0
2025-01-01 06:26:40,STRUCT_TEMP_PANEL_X,29.8374,6,26,40,1,1,2,0,386,23200.0
2025-01-01 06:26:50,STRUCT_TEMP_PANEL_Y,35.9813,6,26,50,1,1,2,0,386,23210.0
2025-01-01 06:27:00,STRUCT_TEMP_PANEL_Z,34.8588,6,27,0,1,1,2,0,387,23220.0
2025-01-01 06:27:10,RADIATOR_TEMP,-4.5974,6,27,10,1,1,2,0,387,23230.0
2025-01-01 06:27:20,GYRO_X,-0.0481,6,27,20,1,1,2,0,387,23240.0
2025-01-01 06:27:30,GYRO_Y,-0.0364,6,27,30,1,1,2,0,387,23250.0
2025-01-01 06:27:40,GYRO_Z,0.003,6,27,40,1,1,2,0,387,23260.0
2025-01-01 06:27:50,MAGNETOMETER_X,31.4581,6,27,50,1,1,2,0,387,23270.0
2025-01-01 06:28:00,MAGNETOMETER_Y,29.5268,6,28,0,1,1,2,0,388,23280.0
2025-01-01 06:28:10,MAGNETOMETER_Z,-12.0184,6,28,10,1,1,2,0,388,23290.0
2025-01-01 06:28:20,REACTION_WHEEL_SPD_X,450.3852,6,28,20,1,1,2,0,388,23300.0
2025-01-01 06:28:30,REACTION_WHEEL_SPD_Y,216.5498,6,28,30,1,1,2,0,388,23310.0
2025-01-01 06:28:40,REACTION_WHEEL_SPD_Z,479.7736,6,28,40,1,1,2,0,388,23320.0
2025-01-01 06:28:50,ATTITUDE_ROLL,-1.4196,6,28,50,1,1,2,0,388,23330.0
2025-01-01 06:29:00,ATTITUDE_PITCH,1.0342,6,29,0,1,1,2,0,389,23340.0
2025-01-01 06:29:10,ATTITUDE_YAW,-2.3652,6,29,10,1,1,2,0,389,23350.0
2025-01-01 06:29:20,STAR_TRACKER_VALID,0.449,6,29,20,1,1,2,0,389,23360.0
2025-01-01 06:29:30,SUN_SENSOR_ANGLE,43.5285,6,29,30,1,1,2,0,389,23370.0
2025-01-01 06:29:40,RF_SIGNAL_STRENGTH,-58.2306,6,29,40,1,1,2,0,389,23380.0
2025-01-01 06:29:50,RF_NOISE_FLOOR,-88.9183,6,29,50,1,1,2,0,389,23390.0
2025-01-01 06:30:00,TX_POWER,3.2616,6,30,0,1,1,2,0,390,23400.0
2025-01-01 06:30:10,LINK_MARGIN,19.7525,6,30,10,1,1,2,0,390,23410.0
2025-01-01 06:30:20,DATA_RATE_KBPS,125.4632,6,30,20,1,1,2,0,390,23420.0
2025-01-01 06:30:30,PACKET_LOSS_RATE,1.3185,6,30,30,1,1,2,0,390,23430.0
2025-01-01 06:30:40,CPU_USAGE,46.9893,6,30,40,1,1,2,0,390,23440.0
2025-01-01 06:30:50,MEMORY_USAGE,51.8692,6,30,50,1,1,2,0,390,23450.0
2025-01-01 06:31:00,FLASH_WRITE_RATE,1.2754,6,31,0,1,1,2,0,391,23460.0
2025-01-01 06:31:10,WATCHDOG_COUNTER,69.0052,6,31,10,1,1,2,0,391,23470.0
2025-01-01 06:31:20,TANK_PRESSURE,304.2479,6,31,20,1,1,2,0,391,23480.0
2025-01-01 06:31:30,THRUSTER_VALVE_TEMP,14.3144,6,31,30,1,1,2,0,391,23490.0
2025-01-01 06:31:40,BATT_VOLTAGE_1,28.7563,6,31,40,1,1,2,0,391,23500.0
2025-01-01 06:31:50,BATT_VOLTAGE_2,28.5588,6,31,50,1,1,2,0,391,23510.0
2025-01-01 06:32:00,BATT_CURRENT_1,3.4804,6,32,0,1,1,2,0,392,23520.0
2025-01-01 06:32:10,BATT_CURRENT_2,3.1048,6,32,10,1,1,2,0,392,23530.0
2025-01-01 06:32:20,BATT_TEMP_1,24.8912,6,32,20,1,1,2,0,392,23540.0
2025-01-01 06:32:30,BATT_TEMP_2,21.5825,6,32,30,1,1,2,0,392,23550.0
2025-01-01 06:32:40,BATT_SOC,79.4944,6,32,40,1,1,2,0,392,23560.0
2025-01-01 06:32:50,SOLAR_PANEL_VOLT_A,32.2071,6,32,50,1,1,2,0,392,23570.0
2025-01-01 06:33:00,SOLAR_PANEL_VOLT_B,31.4509,6,33,0,1,1,2,0,393,23580.0
2025-01-01 06:33:10,SOLAR_PANEL_CURR_A,4.2242,6,33,10,1,1,2,0,393,23590.0
2025-01-01 06:33:20,SOLAR_PANEL_CURR_B,5.7427,6,33,20,1,1,2,0,393,23600.0
2025-01-01 06:33:30,SOLAR_POWER_TOTAL,114.6192,6,33,30,1,1,2,0,393,23610.0
2025-01-01 06:33:40,BUS_VOLTAGE,28.0516,6,33,40,1,1,2,0,393,23620.0
2025-01-01 06:33:50,BUS_CURRENT,8.4238,6,33,50,1,1,2,0,393,23630.0
2025-01-01 06:34:00,THRUSTER_TEMP_1,23.5416,6,34,0,1,1,2,0,394,23640.0
2025-01-01 06:34:10,THRUSTER_TEMP_2,19.1713,6,34,10,1,1,2,0,394,23650.0
2025-01-01 06:34:20,PAYLOAD_TEMP_CAM,23.0752,6,34,20,1,1,2,0,394,23660.0
2025-01-01 06:34:30,PAYLOAD_TEMP_SENSOR,22.638,6,34,30,1,1,2,0,394,23670.0
2025-01-01 06:34:40,OBC_TEMP,38.2037,6,34,40,1,1,2,0,394,23680.0
2025-01-01 06:34:50,TRANS_TEMP,38.5931,6,34,50,1,1,2,0,394,23690.0
2025-01-01 06:35:00,STRUCT_TEMP_PANEL_X,25.1085,6,35,0,1,1,2,0,395,23700.0
2025-01-01 06:35:10,STRUCT_TEMP_PANEL_Y,6.5686,6,35,10,1,1,2,0,395,23710.0
2025-01-01 06:35:20,STRUCT_TEMP_PANEL_Z,3.5348,6,35,20,1,1,2,0,395,23720.0
2025-01-01 06:35:30,RADIATOR_TEMP,-21.1735,6,35,30,1,1,2,0,395,23730.0
2025-01-01 06:35:40,GYRO_X,-0.0514,6,35,40,1,1,2,0,395,23740.0
2025-01-01 06:35:50,GYRO_Y,-0.004,6,35,50,1,1,2,0,395,23750.0
2025-01-01 06:36:00,GYRO_Z,-0.0136,6,36,0,1,1,2,0,396,23760.0
2025-01-01 06:36:10,MAGNETOMETER_X,25.5714,6,36,10,1,1,2,0,396,23770.0
2025-01-01 06:36:20,MAGNETOMETER_Y,22.3557,6,36,20,1,1,2,0,396,23780.0
2025-01-01 06:36:30,MAGNETOMETER_Z,12.4191,6,36,30,1,1,2,0,396,23790.0
2025-01-01 06:36:40,REACTION_WHEEL_SPD_X,-86.4439,6,36,40,1,1,2,0,396,23800.0
2025-01-01 06:36:50,REACTION_WHEEL_SPD_Y,794.673,6,36,50,1,1,2,0,396,23810.0
2025-01-01 06:37:00,REACTION_WHEEL_SPD_Z,-1799.5036,6,37,0,1,1,2,0,397,23820.0
2025-01-01 06:37:10,ATTITUDE_ROLL,-0.759,6,37,10,1,1,2,0,397,23830.0
2025-01-01 06:37:20,ATTITUDE_PITCH,-1.3013,6,37,20,1,1,2,0,397,23840.0
2025-01-01 06:37:30,ATTITUDE_YAW,-1.8687,6,37,30,1,1,2,0,397,23850.0
2025-01-01 06:37:40,STAR_TRACKER_VALID,0.4449,6,37,40,1,1,2,0,397,23860.0
2025-01-01 06:37:50,SUN_SENSOR_ANGLE,130.2266,6,37,50,1,1,2,0,397,23870.0
2025-01-01 06:38:00,RF_SIGNAL_STRENGTH,-68.6149,6,38,0,1,1,2,0,398,23880.0
2025-01-01 06:38:10,RF_NOISE_FLOOR,-100.5052,6,38,10,1,1,2,0,398,23890.0
2025-01-01 06:38:20,TX_POWER,3.9774,6,38,20,1,1,2,0,398,23900.0
2025-01-01 06:38:30,LINK_MARGIN,20.0477,6,38,30,1,1,2,0,398,23910.0
2025-01-01 06:38:40,DATA_RATE_KBPS,156.7962,6,38,40,1,1,2,0,398,23920.0
2025-01-01 06:38:50,PACKET_LOSS_RATE,0.7576,6,38,50,1,1,2,0,398,23930.0
2025-01-01 06:39:00,CPU_USAGE,33.3096,6,39,0,1,1,2,0,399,23940.0
2025-01-01 06:39:10,MEMORY_USAGE,59.9938,6,39,10,1,1,2,0,399,23950.0
2025-01-01 06:39:20,FLASH_WRITE_RATE,3.8577,6,39,20,1,1,2,0,399,23960.0
2025-01-01 06:39:30,WATCHDOG_COUNTER,67.4958,6,39,30,1,1,2,0,399,23970.0
2025-01-01 06:39:40,TANK_PRESSURE,305.1136,6,39,40,1,1,2,0,399,23980.0
2025-01-01 06:39:50,THRUSTER_VALVE_TEMP,13.7889,6,39,50,1,1,2,0,399,23990.0
2025-01-01 06:40:00,BATT_VOLTAGE_1,27.2854,6,40,0,1,1,2,0,400,24000.0
2025-01-01 06:40:10,BATT_VOLTAGE_2,27.9255,6,40,10,1,1,2,0,400,24010.0
2025-01-01 06:40:20,BATT_CURRENT_1,1.9685,6,40,20,1,1,2,0,400,24020.0
2025-01-01 06:40:30,BATT_CURRENT_2,2.8734,6,40,30,1,1,2,0,400,24030.0
2025-01-01 06:40:40,BATT_TEMP_1,22.1643,6,40,40,1,1,2,0,400,24040.0
2025-01-01 06:40:50,BATT_TEMP_2,22.1518,6,40,50,1,1,2,0,400,24050.0
2025-01-01 06:41:00,BATT_SOC,87.2421,6,41,0,1,1,2,0,401,24060.0
2025-01-01 06:41:10,SOLAR_PANEL_VOLT_A,29.9973,6,41,10,1,1,2,0,401,24070.0
2025-01-01 06:41:20,SOLAR_PANEL_VOLT_B,30.1714,6,41,20,1,1,2,0,401,24080.0
2025-01-01 06:41:30,SOLAR_PANEL_CURR_A,6.1918,6,41,30,1,1,2,0,401,24090.0
2025-01-01 06:41:40,SOLAR_PANEL_CURR_B,5.9655,6,41,40,1,1,2,0,401,24100.0
2025-01-01 06:41:50,SOLAR_POWER_TOTAL,94.7504,6,41,50,1,1,2,0,401,24110.0
2025-01-01 06:42:00,BUS_VOLTAGE,28.9841,6,42,0,1,1,2,0,402,24120.0
2025-01-01 06:42:10,BUS_CURRENT,7.2888,6,42,10,1,1,2,0,402,24130.0
2025-01-01 06:42:20,THRUSTER_TEMP_1,26.1506,6,42,20,1,1,2,0,402,24140.0
2025-01-01 06:42:30,THRUSTER_TEMP_2,26.0212,6,42,30,1,1,2,0,402,24150.0
2025-01-01 06:42:40,PAYLOAD_TEMP_CAM,23.676,6,42,40,1,1,2,0,402,24160.0
2025-01-01 06:42:50,PAYLOAD_TEMP_SENSOR,19.9766,6,42,50,1,1,2,0,402,24170.0
2025-01-01 06:43:00,OBC_TEMP,41.7902,6,43,0,1,1,2,0,403,24180.0
2025-01-01 06:43:10,TRANS_TEMP,45.9906,6,43,10,1,1,2,0,403,24190.0
2025-01-01 06:43:20,STRUCT_TEMP_PANEL_X,26.9333,6,43,20,1,1,2,0,403,24200.0
2025-01-01 06:43:30,STRUCT_TEMP_PANEL_Y,32.808,6,43,30,1,1,2,0,403,24210.0
2025-01-01 06:43:40,STRUCT_TEMP_PANEL_Z,17.7713,6,43,40,1,1,2,0,403,24220.0
2025-01-01 06:43:50,RADIATOR_TEMP,-9.744,6,43,50,1,1,2,0,403,24230.0
2025-01-01 06:44:00,GYRO_X,0.0334,6,44,0,1,1,2,0,404,24240.0
2025-01-01 06:44:10,GYRO_Y,-0.0272,6,44,10,1,1,2,0,404,24250.0
2025-01-01 06:44:20,GYRO_Z,-0.0345,6,44,20,1,1,2,0,404,24260.0
2025-01-01 06:44:30,MAGNETOMETER_X,-10.4891,6,44,30,1,1,2,0,404,24270.0
2025-01-01 06:44:40,MAGNETOMETER_Y,-16.4029,6,44,40,1,1,2,0,404,24280.0
2025-01-01 06:44:50,MAGNETOMETER_Z,9.95,6,44,50,1,1,2,0,404,24290.0
2025-01-01 06:45:00,REACTION_WHEEL_SPD_X,-46.0797,6,45,0,1,1,2,0,405,24300.0
2025-01-01 06:45:10,REACTION_WHEEL_SPD_Y,1388.5099,6,45,10,1,1,2,0,405,24310.0
2025-01-01 06:45:20,REACTION_WHEEL_SPD_Z,461.6623,6,45,20,1,1,2,0,405,24320.0
2025-01-01 06:45:30,ATTITUDE_ROLL,0.9606,6,45,30,1,1,2,0,405,24330.0
2025-01-01 06:45:40,ATTITUDE_PITCH,-0.9176,6,45,40,1,1,2,0,405,24340.0
2025-01-01 06:45:50,ATTITUDE_YAW,2.5732,6,45,50,1,1,2,0,405,24350.0
2025-01-01 06:46:00,STAR_TRACKER_VALID,0.7317,6,46,0,1,1,2,0,406,24360.0
2025-01-01 06:46:10,SUN_SENSOR_ANGLE,103.9762,6,46,10,1,1,2,0,406,24370.0
2025-01-01 06:46:20,RF_SIGNAL_STRENGTH,-54.0137,6,46,20,1,1,2,0,406,24380.0
2025-01-01 06:46:30,RF_NOISE_FLOOR,-100.8478,6,46,30,1,1,2,0,406,24390.0
2025-01-01 06:46:40,TX_POWER,2.5843,6,46,40,1,1,2,0,406,24400.0
2025-01-01 06:46:50,LINK_MARGIN,16.4452,6,46,50,1,1,2,0,406,24410.0
2025-01-01 06:47:00,DATA_RATE_KBPS,95.1012,6,47,0,1,1,2,0,407,24420.0
2025-01-01 06:47:10,PACKET_LOSS_RATE,0.737,6,47,10,1,1,2,0,407,24430.0
2025-01-01 06:47:20,CPU_USAGE,45.0669,6,47,20,1,1,2,0,407,24440.0
2025-01-01 06:47:30,MEMORY_USAGE,49.798,6,47,30,1,1,2,0,407,24450.0
2025-01-01 06:47:40,FLASH_WRITE_RATE,3.1999,6,47,40,1,1,2,0,407,24460.0
2025-01-01 06:47:50,WATCHDOG_COUNTER,74.3174,6,47,50,1,1,2,0,407,24470.0
2025-01-01 06:48:00,TANK_PRESSURE,295.6973,6,48,0,1,1,2,0,408,24480.0
2025-01-01 06:48:10,THRUSTER_VALVE_TEMP,14.0804,6,48,10,1,1,2,0,408,24490.0
2025-01-01 06:48:20,BATT_VOLTAGE_1,27.414,6,48,20,1,1,2,0,408,24500.0
2025-01-01 06:48:30,BATT_VOLTAGE_2,28.8571,6,48,30,1,1,2,0,408,24510.0
2025-01-01 06:48:40,BATT_CURRENT_1,2.1144,6,48,40,1,1,2,0,408,24520.0
2025-01-01 06:48:50,BATT_CURRENT_2,2.8258,6,48,50,1,1,2,0,408,24530.0
2025-01-01 06:49:00,BATT_TEMP_1,20.5038,6,49,0,1,1,2,0,409,24540.0
2025-01-01 06:49:10,BATT_TEMP_2,31.4263,6,49,10,1,1,2,0,409,24550.0
2025-01-01 06:49:20,BATT_SOC,83.7875,6,49,20,1,1,2,0,409,24560.0
2025-01-01 06:49:30,SOLAR_PANEL_VOLT_A,30.3801,6,49,30,1,1,2,0,409,24570.0
2025-01-01 06:49:40,SOLAR_PANEL_VOLT_B,31.6899,6,49,40,1,1,2,0,409,24580.0
2025-01-01 06:49:50,SOLAR_PANEL_CURR_A,4.2665,6,49,50,1,1,2,0,409,24590.0
2025-01-01 06:50:00,SOLAR_PANEL_CURR_B,5.6221,6,50,0,1,1,2,0,410,24600.0
2025-01-01 06:50:10,SOLAR_POWER_TOTAL,97.8082,6,50,10,1,1,2,0,410,24610.0
2025-01-01 06:50:20,BUS_VOLTAGE,28.1872,6,50,20,1,1,2,0,410,24620.0
2025-01-01 06:50:30,BUS_CURRENT,9.7493,6,50,30,1,1,2,0,410,24630.0
2025-01-01 06:50:40,THRUSTER_TEMP_1,25.8019,6,50,40,1,1,2,0,410,24640.0
2025-01-01 06:50:50,THRUSTER_TEMP_2,21.5113,6,50,50,1,1,2,0,410,24650.0
2025-01-01 06:51:00,PAYLOAD_TEMP_CAM,20.6779,6,51,0,1,1,2,0,411,24660.0
2025-01-01 06:51:10,PAYLOAD_TEMP_SENSOR,23.757,6,51,10,1,1,2,0,411,24670.0
2025-01-01 06:51:20,OBC_TEMP,49.5928,6,51,20,1,1,2,0,411,24680.0
2025-01-01 06:51:30,TRANS_TEMP,42.6061,6,51,30,1,1,2,0,411,24690.0
2025-01-01 06:51:40,STRUCT_TEMP_PANEL_X,24.6905,6,51,40,1,1,2,0,411,24700.0
2025-01-01 06:51:50,STRUCT_TEMP_PANEL_Y,28.7043,6,51,50,1,1,2,0,411,24710.0
2025-01-01 06:52:00,STRUCT_TEMP_PANEL_Z,33.8091,6,52,0,1,1,2,0,412,24720.0
2025-01-01 06:52:10,RADIATOR_TEMP,-3.2136,6,52,10,1,1,2,0,412,24730.0
2025-01-01 06:52:20,GYRO_X,-0.0039,6,52,20,1,1,2,0,412,24740.0
2025-01-01 06:52:30,GYRO_Y,-0.0117,6,52,30,1,1,2,0,412,24750.0
2025-01-01 06:52:40,GYRO_Z,0.0305,6,52,40,1,1,2,0,412,24760.0
2025-01-01 06:52:50,MAGNETOMETER_X,27.2638,6,52,50,1,1,2,0,412,24770.0
2025-01-01 06:53:00,MAGNETOMETER_Y,-7.311,6,53,0,1,1,2,0,413,24780.0
2025-01-01 06:53:10,MAGNETOMETER_Z,-27.9375,6,53,10,1,1,2,0,413,24790.0
2025-01-01 06:53:20,REACTION_WHEEL_SPD_X,1055.5343,6,53,20,1,1,2,0,413,24800.0
2025-01-01 06:53:30,REACTION_WHEEL_SPD_Y,580.4305,6,53,30,1,1,2,0,413,24810.0
2025-01-01 06:53:40,REACTION_WHEEL_SPD_Z,1675.3806,6,53,40,1,1,2,0,413,24820.0
2025-01-01 06:53:50,ATTITUDE_ROLL,-0.0253,6,53,50,1,1,2,0,413,24830.0
2025-01-01 06:54:00,ATTITUDE_PITCH,-1.2754,6,54,0,1,1,2,0,414,24840.0
2025-01-01 06:54:10,ATTITUDE_YAW,1.3906,6,54,10,1,1,2,0,414,24850.0
2025-01-01 06:54:20,STAR_TRACKER_VALID,0.7468,6,54,20,1,1,2,0,414,24860.0
2025-01-01 06:54:30,SUN_SENSOR_ANGLE,43.7325,6,54,30,1,1,2,0,414,24870.0
2025-01-01 06:54:40,RF_SIGNAL_STRENGTH,-76.7567,6,54,40,1,1,2,0,414,24880.0
2025-01-01 06:54:50,RF_NOISE_FLOOR,-87.3337,6,54,50,1,1,2,0,414,24890.0
2025-01-01 06:55:00,TX_POWER,2.4702,6,55,0,1,1,2,0,415,24900.0
2025-01-01 06:55:10,LINK_MARGIN,12.1454,6,55,10,1,1,2,0,415,24910.0
2025-01-01 06:55:20,DATA_RATE_KBPS,106.6248,6,55,20,1,1,2,0,415,24920.0
2025-01-01 06:55:30,PACKET_LOSS_RATE,1.3489,6,55,30,1,1,2,0,415,24930.0
2025-01-01 06:55:40,CPU_USAGE,30.1035,6,55,40,1,1,2,0,415,24940.0
2025-01-01 06:55:50,MEMORY_USAGE,63.546,6,55,50,1,1,2,0,415,24950.0
2025-01-01 06:56:00,FLASH_WRITE_RATE,2.2971,6,56,0,1,1,2,0,416,24960.0
2025-01-01 06:56:10,WATCHDOG_COUNTER,68.0324,6,56,10,1,1,2,0,416,24970.0
2025-01-01 06:56:20,TANK_PRESSURE,308.779,6,56,20,1,1,2,0,416,24980.0
2025-01-01 06:56:30,THRUSTER_VALVE_TEMP,20.4451,6,56,30,1,1,2,0,416,24990.0
2025-01-01 06:56:40,BATT_VOLTAGE_1,28.6748,6,56,40,1,1,2,0,416,25000.0
2025-01-01 06:56:50,BATT_VOLTAGE_2,27.4731,6,56,50,1,1,2,0,416,25010.0
2025-01-01 06:57:00,BATT_CURRENT_1,3.023,6,57,0,1,1,2,0,417,25020.0
2025-01-01 06:57:10,BATT_CURRENT_2,3.2413,6,57,10,1,1,2,0,417,25030.0
2025-01-01 06:57:20,BATT_TEMP_1,23.4385,6,57,20,1,1,2,0,417,25040.0
2025-01-01 06:57:30,BATT_TEMP_2,28.2358,6,57,30,1,1,2,0,417,25050.0
2025-01-01 06:57:40,BATT_SOC,81.9567,6,57,40,1,1,2,0,417,25060.0
2025-01-01 06:57:50,SOLAR_PANEL_VOLT_A,31.895,6,57,50,1,1,2,0,417,25070.0
2025-01-01 06:58:00,SOLAR_PANEL_VOLT_B,32.1037,6,58,0,1,1,2,0,418,25080.0
2025-01-01 06:58:10,SOLAR_PANEL_CURR_A,5.9812,6,58,10,1,1,2,0,418,25090.0
2025-01-01 06:58:20,SOLAR_PANEL_CURR_B,4.3914,6,58,20,1,1,2,0,418,25100.0
2025-01-01 06:58:30,SOLAR_POWER_TOTAL,116.2288,6,58,30,1,1,2,0,418,25110.0
2025-01-01 06:58:40,BUS_VOLTAGE,28.2566,6,58,40,1,1,2,0,418,25120.0
2025-01-01 06:58:50,BUS_CURRENT,6.91,6,58,50,1,1,2,0,418,25130.0
2025-01-01 06:59:00,THRUSTER_TEMP_1,19.9377,6,59,0,1,1,2,0,419,25140.0
2025-01-01 06:59:10,THRUSTER_TEMP_2,24.2851,6,59,10,1,1,2,0,419,25150.0
2025-01-01 06:59:20,PAYLOAD_TEMP_CAM,25.9301,6,59,20,1,1,2,0,419,25160.0
2025-01-01 06:59:30,PAYLOAD_TEMP_SENSOR,25.1041,6,59,30,1,1,2,0,419,25170.0
2025-01-01 06:59:40,OBC_TEMP,47.0614,6,59,40,1,1,2,0,419,25180.0
2025-01-01 06:59:50,TRANS_TEMP,43.9771,6,59,50,1,1,2,0,419,25190.0
2025-01-01 07:00:00,STRUCT_TEMP_PANEL_X,36.1227,7,0,0,1,1,2,0,420,25200.0
2025-01-01 07:00:10,STRUCT_TEMP_PANEL_Y,15.0241,7,0,10,1,1,2,0,420,25210.0
2025-01-01 07:00:20,STRUCT_TEMP_PANEL_Z,14.3834,7,0,20,1,1,2,0,420,25220.0
2025-01-01 07:00:30,RADIATOR_TEMP,-1.0561,7,0,30,1,1,2,0,420,25230.0
2025-01-01 07:00:40,GYRO_X,0.0458,7,0,40,1,1,2,0,420,25240.0
2025-01-01 07:00:50,GYRO_Y,-0.01,7,0,50,1,1,2,0,420,25250.0
2025-01-01 07:01:00,GYRO_Z,-0.0279,7,1,0,1,1,2,0,421,25260.0
2025-01-01 07:01:10,MAGNETOMETER_X,-24.2089,7,1,10,1,1,2,0,421,25270.0
2025-01-01 07:01:20,MAGNETOMETER_Y,-35.2248,7,1,20,1,1,2,0,421,25280.0
2025-01-01 07:01:30,MAGNETOMETER_Z,-20.6969,7,1,30,1,1,2,0,421,25290.0
2025-01-01 07:01:40,REACTION_WHEEL_SPD_X,1436.9243,7,1,40,1,1,2,0,421,25300.0
2025-01-01 07:01:50,REACTION_WHEEL_SPD_Y,533.2631,7,1,50,1,1,2,0,421,25310.0
2025-01-01 07:02:00,REACTION_WHEEL_SPD_Z,-1039.3626,7,2,0,1,1,2,0,422,25320.0
2025-01-01 07:02:10,ATTITUDE_ROLL,0.3518,7,2,10,1,1,2,0,422,25330.0
2025-01-01 07:02:20,ATTITUDE_PITCH,-1.0901,7,2,20,1,1,2,0,422,25340.0
2025-01-01 07:02:30,ATTITUDE_YAW,-1.7825,7,2,30,1,1,2,0,422,25350.0
2025-01-01 07:02:40,STAR_TRACKER_VALID,0.666,7,2,40,1,1,2,0,422,25360.0
2025-01-01 07:02:50,SUN_SENSOR_ANGLE,44.7159,7,2,50,1,1,2,0,422,25370.0
2025-01-01 07:03:00,RF_SIGNAL_STRENGTH,-70.8143,7,3,0,1,1,2,0,423,25380.0
2025-01-01 07:03:10,RF_NOISE_FLOOR,-98.8624,7,3,10,1,1,2,0,423,25390.0
2025-01-01 07:03:20,TX_POWER,4.2255,7,3,20,1,1,2,0,423,25400.0
2025-01-01 07:03:30,LINK_MARGIN,18.2831,7,3,30,1,1,2,0,423,25410.0
2025-01-01 07:03:40,DATA_RATE_KBPS,96.8337,7,3,40,1,1,2,0,423,25420.0
2025-01-01 07:03:50,PACKET_LOSS_RATE,1.0364,7,3,50,1,1,2,0,423,25430.0
2025-01-01 07:04:00,CPU_USAGE,30.4683,7,4,0,1,1,2,0,424,25440.0
2025-01-01 07:04:10,MEMORY_USAGE,43.6223,7,4,10,1,1,2,0,424,25450.0
2025-01-01 07:04:20,FLASH_WRITE_RATE,1.1132,7,4,20,1,1,2,0,424,25460.0
2025-01-01 07:04:30,WATCHDOG_COUNTER,33.7479,7,4,30,1,1,2,0,424,25470.0
2025-01-01 07:04:40,TANK_PRESSURE,290.0402,7,4,40,1,1,2,0,424,25480.0
2025-01-01 07:04:50,THRUSTER_VALVE_TEMP,14.9478,7,4,50,1,1,2,0,424,25490.0
2025-01-01 07:05:00,BATT_VOLTAGE_1,28.612,7,5,0,1,1,2,0,425,25500.0
2025-01-01 07:05:10,BATT_VOLTAGE_2,28.6035,7,5,10,1,1,2,0,425,25510.0
2025-01-01 07:05:20,BATT_CURRENT_1,2.9204,7,5,20,1,1,2,0,425,25520.0
2025-01-01 07:05:30,BATT_CURRENT_2,3.3539,7,5,30,1,1,2,0,425,25530.0
2025-01-01 07:05:40,BATT_TEMP_1,27.25,7,5,40,1,1,2,0,425,25540.0
2025-01-01 07:05:50,BATT_TEMP_2,26.2176,7,5,50,1,1,2,0,425,25550.0
2025-01-01 07:06:00,BATT_SOC,87.9392,7,6,0,1,1,2,0,426,25560.0
2025-01-01 07:06:10,SOLAR_PANEL_VOLT_A,32.4246,7,6,10,1,1,2,0,426,25570.0
2025-01-01 07:06:20,SOLAR_PANEL_VOLT_B,32.547,7,6,20,1,1,2,0,426,25580.0
2025-01-01 07:06:30,SOLAR_PANEL_CURR_A,5.4938,7,6,30,1,1,2,0,426,25590.0
2025-01-01 07:06:40,SOLAR_PANEL_CURR_B,4.7328,7,6,40,1,1,2,0,426,25600.0
2025-01-01 07:06:50,SOLAR_POWER_TOTAL,95.4057,7,6,50,1,1,2,0,426,25610.0
2025-01-01 07:07:00,BUS_VOLTAGE,29.0259,7,7,0,1,1,2,0,427,25620.0
2025-01-01 07:07:10,BUS_CURRENT,9.8044,7,7,10,1,1,2,0,427,25630.0
2025-01-01 07:07:20,THRUSTER_TEMP_1,24.028,7,7,20,1,1,2,0,427,25640.0
2025-01-01 07:07:30,THRUSTER_TEMP_2,22.6528,7,7,30,1,1,2,0,427,25650.0
2025-01-01 07:07:40,PAYLOAD_TEMP_CAM,21.401,7,7,40,1,1,2,0,427,25660.0
2025-01-01 07:07:50,PAYLOAD_TEMP_SENSOR,22.0359,7,7,50,1,1,2,0,427,25670.0
2025-01-01 07:08:00,OBC_TEMP,38.2846,7,8,0,1,1,2,0,428,25680.0
2025-01-01 07:08:10,TRANS_TEMP,33.2942,7,8,10,1,1,2,0,428,25690.0
2025-01-01 07:08:20,STRUCT_TEMP_PANEL_X,21.4487,7,8,20,1,1,2,0,428,25700.0
2025-01-01 07:08:30,STRUCT_TEMP_PANEL_Y,7.778,7,8,30,1,1,2,0,428,25710.0
2025-01-01 07:08:40,STRUCT_TEMP_PANEL_Z,24.4475,7,8,40,1,1,2,0,428,25720.0
2025-01-01 07:08:50,RADIATOR_TEMP,-19.9316,7,8,50,1,1,2,0,428,25730.0
2025-01-01 07:09:00,GYRO_X,-0.0382,7,9,0,1,1,2,0,429,25740.0
2025-01-01 07:09:10,GYRO_Y,-0.024,7,9,10,1,1,2,0,429,25750.0
2025-01-01 07:09:20,GYRO_Z,0.0276,7,9,20,1,1,2,0,429,25760.0
2025-01-01 07:09:30,MAGNETOMETER_X,7.7714,7,9,30,1,1,2,0,429,25770.0
2025-01-01 07:09:40,MAGNETOMETER_Y,37.8641,7,9,40,1,1,2,0,429,25780.0
2025-01-01 07:09:50,MAGNETOMETER_Z,1.0848,7,9,50,1,1,2,0,429,25790.0
2025-01-01 07:10:00,REACTION_WHEEL_SPD_X,-893.5021,7,10,0,1,1,2,0,430,25800.0
2025-01-01 07:10:10,REACTION_WHEEL_SPD_Y,-621.6753,7,10,10,1,1,2,0,430,25810.0
2025-01-01 07:10:20,REACTION_WHEEL_SPD_Z,1287.5394,7,10,20,1,1,2,0,430,25820.0
2025-01-01 07:10:30,ATTITUDE_ROLL,-1.6448,7,10,30,1,1,2,0,430,25830.0
2025-01-01 07:10:40,ATTITUDE_PITCH,0.4601,7,10,40,1,1,2,0,430,25840.0
2025-01-01 07:10:50,ATTITUDE_YAW,-1.539,7,10,50,1,1,2,0,430,25850.0
2025-01-01 07:11:00,STAR_TRACKER_VALID,0.4693,7,11,0,1,1,2,0,431,25860.0
2025-01-01 07:11:10,SUN_SENSOR_ANGLE,69.8778,7,11,10,1,1,2,0,431,25870.0
2025-01-01 07:11:20,RF_SIGNAL_STRENGTH,-61.2236,7,11,20,1,1,2,0,431,25880.0
2025-01-01 07:11:30,RF_NOISE_FLOOR,-94.873,7,11,30,1,1,2,0,431,25890.0
2025-01-01 07:11:40,TX_POWER,3.0194,7,11,40,1,1,2,0,431,25900.0
2025-01-01 07:11:50,LINK_MARGIN,13.0762,7,11,50,1,1,2,0,431,25910.0
2025-01-01 07:12:00,DATA_RATE_KBPS,122.7652,7,12,0,1,1,2,0,432,25920.0
2025-01-01 07:12:10,PACKET_LOSS_RATE,1.2272,7,12,10,1,1,2,0,432,25930.0
2025-01-01 07:12:20,CPU_USAGE,23.5048,7,12,20,1,1,2,0,432,25940.0
2025-01-01 07:12:30,MEMORY_USAGE,50.4279,7,12,30,1,1,2,0,432,25950.0
2025-01-01 07:12:40,FLASH_WRITE_RATE,1.7149,7,12,40,1,1,2,0,432,25960.0
2025-01-01 07:12:50,WATCHDOG_COUNTER,58.5797,7,12,50,1,1,2,0,432,25970.0
2025-01-01 07:13:00,TANK_PRESSURE,307.8555,7,13,0,1,1,2,0,433,25980.0
2025-01-01 07:13:10,THRUSTER_VALVE_TEMP,15.7459,7,13,10,1,1,2,0,433,25990.0
2025-01-01 07:13:20,BATT_VOLTAGE_1,28.5071,7,13,20,1,1,2,0,433,26000.0
2025-01-01 07:13:30,BATT_VOLTAGE_2,27.1214,7,13,30,1,1,2,0,433,26010.0
2025-01-01 07:13:40,BATT_CURRENT_1,2.0696,7,13,40,1,1,2,0,433,26020.0
2025-01-01 07:13:50,BATT_CURRENT_2,2.895,7,13,50,1,1,2,0,433,26030.0
2025-01-01 07:14:00,BATT_TEMP_1,19.0128,7,14,0,1,1,2,0,434,26040.0
2025-01-01 07:14:10,BATT_TEMP_2,24.1196,7,14,10,1,1,2,0,434,26050.0
2025-01-01 07:14:20,BATT_SOC,87.1562,7,14,20,1,1,2,0,434,26060.0
2025-01-01 07:14:30,SOLAR_PANEL_VOLT_A,30.1523,7,14,30,1,1,2,0,434,26070.0
2025-01-01 07:14:40,SOLAR_PANEL_VOLT_B,30.0387,7,14,40,1,1,2,0,434,26080.0
2025-01-01 07:14:50,SOLAR_PANEL_CURR_A,4.6078,7,14,50,1,1,2,0,434,26090.0
2025-01-01 07:15:00,SOLAR_PANEL_CURR_B,6.4532,7,15,0,1,1,2,0,435,26100.0
2025-01-01 07:15:10,SOLAR_POWER_TOTAL,90.9291,7,15,10,1,1,2,0,435,26110.0
2025-01-01 07:15:20,BUS_VOLTAGE,28.7086,7,15,20,1,1,2,0,435,26120.0
2025-01-01 07:15:30,BUS_CURRENT,10.112,7,15,30,1,1,2,0,435,26130.0
2025-01-01 07:15:40,THRUSTER_TEMP_1,24.6602,7,15,40,1,1,2,0,435,26140.0
2025-01-01 07:15:50,THRUSTER_TEMP_2,24.1269,7,15,50,1,1,2,0,435,26150.0
2025-01-01 07:16:00,PAYLOAD_TEMP_CAM,24.9688,7,16,0,1,1,2,0,436,26160.0
2025-01-01 07:16:10,PAYLOAD_TEMP_SENSOR,24.9896,7,16,10,1,1,2,0,436,26170.0
2025-01-01 07:16:20,OBC_TEMP,38.4713,7,16,20,1,1,2,0,436,26180.0
2025-01-01 07:16:30,TRANS_TEMP,43.0111,7,16,30,1,1,2,0,436,26190.0
2025-01-01 07:16:40,STRUCT_TEMP_PANEL_X,6.3251,7,16,40,1,1,2,0,436,26200.0
2025-01-01 07:16:50,STRUCT_TEMP_PANEL_Y,13.6239,7,16,50,1,1,2,0,436,26210.0
2025-01-01 07:17:00,STRUCT_TEMP_PANEL_Z,30.5856,7,17,0,1,1,2,0,437,26220.0
2025-01-01 07:17:10,RADIATOR_TEMP,-19.6956,7,17,10,1,1,2,0,437,26230.0
2025-01-01 07:17:20,GYRO_X,0.0085,7,17,20,1,1,2,0,437,26240.0
2025-01-01 07:17:30,GYRO_Y,-0.0284,7,17,30,1,1,2,0,437,26250.0
2025-01-01 07:17:40,GYRO_Z,0.002,7,17,40,1,1,2,0,437,26260.0
2025-01-01 07:17:50,MAGNETOMETER_X,25.3605,7,17,50,1,1,2,0,437,26270.0
2025-01-01 07:18:00,MAGNETOMETER_Y,-28.0802,7,18,0,1,1,2,0,438,26280.0
2025-01-01 07:18:10,MAGNETOMETER_Z,-26.2364,7,18,10,1,1,2,0,438,26290.0
2025-01-01 07:18:20,REACTION_WHEEL_SPD_X,1487.9424,7,18,20,1,1,2,0,438,26300.0
2025-01-01 07:18:30,REACTION_WHEEL_SPD_Y,-755.0727,7,18,30,1,1,2,0,438,26310.0
2025-01-01 07:18:40,REACTION_WHEEL_SPD_Z,-760.8101,7,18,40,1,1,2,0,438,26320.0
2025-01-01 07:18:50,ATTITUDE_ROLL,-1.5531,7,18,50,1,1,2,0,438,26330.0
2025-01-01 07:19:00,ATTITUDE_PITCH,-1.3417,7,19,0,1,1,2,0,439,26340.0
2025-01-01 07:19:10,ATTITUDE_YAW,0.6412,7,19,10,1,1,2,0,439,26350.0
2025-01-01 07:19:20,STAR_TRACKER_VALID,0.7393,7,19,20,1,1,2,0,439,26360.0
2025-01-01 07:19:30,SUN_SENSOR_ANGLE,68.6006,7,19,30,1,1,2,0,439,26370.0
2025-01-01 07:19:40,RF_SIGNAL_STRENGTH,-64.7541,7,19,40,1,1,2,0,439,26380.0
2025-01-01 07:19:50,RF_NOISE_FLOOR,-90.0892,7,19,50,1,1,2,0,439,26390.0
2025-01-01 07:20:00,TX_POWER,1.8751,7,20,0,1,1,2,0,440,26400.0
2025-01-01 07:20:10,LINK_MARGIN,10.2884,7,20,10,1,1,2,0,440,26410.0
2025-01-01 07:20:20,DATA_RATE_KBPS,120.6705,7,20,20,1,1,2,0,440,26420.0
2025-01-01 07:20:30,PACKET_LOSS_RATE,1.2644,7,20,30,1,1,2,0,440,26430.0
2025-01-01 07:20:40,CPU_USAGE,17.9919,7,20,40,1,1,2,0,440,26440.0
2025-01-01 07:20:50,MEMORY_USAGE,44.0078,7,20,50,1,1,2,0,440,26450.0
2025-01-01 07:21:00,FLASH_WRITE_RATE,3.992,7,21,0,1,1,2,0,441,26460.0
2025-01-01 07:21:10,WATCHDOG_COUNTER,81.3878,7,21,10,1,1,2,0,441,26470.0
2025-01-01 07:21:20,TANK_PRESSURE,302.5748,7,21,20,1,1,2,0,441,26480.0
2025-01-01 07:21:30,THRUSTER_VALVE_TEMP,20.5714,7,21,30,1,1,2,0,441,26490.0
2025-01-01 07:21:40,BATT_VOLTAGE_1,27.4998,7,21,40,1,1,2,0,441,26500.0
2025-01-01 07:21:50,BATT_VOLTAGE_2,28.1649,7,21,50,1,1,2,0,441,26510.0
2025-01-01 07:22:00,BATT_CURRENT_1,1.947,7,22,0,1,1,2,0,442,26520.0
2025-01-01 07:22:10,BATT_CURRENT_2,2.8507,7,22,10,1,1,2,0,442,26530.0
2025-01-01 07:22:20,BATT_TEMP_1,21.7355,7,22,20,1,1,2,0,442,26540.0
2025-01-01 07:22:30,BATT_TEMP_2,30.2143,7,22,30,1,1,2,0,442,26550.0
2025-01-01 07:22:40,BATT_SOC,82.0874,7,22,40,1,1,2,0,442,26560.0
2025-01-01 07:22:50,SOLAR_PANEL_VOLT_A,29.6122,7,22,50,1,1,2,0,442,26570.0
2025-01-01 07:23:00,SOLAR_PANEL_VOLT_B,32.689,7,23,0,1,1,2,0,443,26580.0
2025-01-01 07:23:10,SOLAR_PANEL_CURR_A,4.2616,7,23,10,1,1,2,0,443,26590.0
2025-01-01 07:23:20,SOLAR_PANEL_CURR_B,5.3319,7,23,20,1,1,2,0,443,26600.0
2025-01-01 07:23:30,SOLAR_POWER_TOTAL,109.136,7,23,30,1,1,2,0,443,26610.0
2025-01-01 07:23:40,BUS_VOLTAGE,27.7728,7,23,40,1,1,2,0,443,26620.0
2025-01-01 07:23:50,BUS_CURRENT,8.1451,7,23,50,1,1,2,0,443,26630.0
2025-01-01 07:24:00,THRUSTER_TEMP_1,18.8117,7,24,0,1,1,2,0,444,26640.0
2025-01-01 07:24:10,THRUSTER_TEMP_2,24.7293,7,24,10,1,1,2,0,444,26650.0
2025-01-01 07:24:20,PAYLOAD_TEMP_CAM,22.2007,7,24,20,1,1,2,0,444,26660.0
2025-01-01 07:24:30,PAYLOAD_TEMP_SENSOR,21.0263,7,24,30,1,1,2,0,444,26670.0
2025-01-01 07:24:40,OBC_TEMP,41.3727,7,24,40,1,1,2,0,444,26680.0
2025-01-01 07:24:50,TRANS_TEMP,41.2846,7,24,50,1,1,2,0,444,26690.0
2025-01-01 07:25:00,STRUCT_TEMP_PANEL_X,2.8979,7,25,0,1,1,2,0,445,26700.0
2025-01-01 07:25:10,STRUCT_TEMP_PANEL_Y,18.9922,7,25,10,1,1,2,0,445,26710.0
2025-01-01 07:25:20,STRUCT_TEMP_PANEL_Z,27.0403,7,25,20,1,1,2,0,445,26720.0
2025-01-01 07:25:30,RADIATOR_TEMP,-12.6657,7,25,30,1,1,2,0,445,26730.0
2025-01-01 07:25:40,GYRO_X,-0.0155,7,25,40,1,1,2,0,445,26740.0
2025-01-01 07:25:50,GYRO_Y,-0.0531,7,25,50,1,1,2,0,445,26750.0
2025-01-01 07:26:00,GYRO_Z,0.0053,7,26,0,1,1,2,0,446,26760.0
2025-01-01 07:26:10,MAGNETOMETER_X,-3.2485,7,26,10,1,1,2,0,446,26770.0
2025-01-01 07:26:20,MAGNETOMETER_Y,-20.8185,7,26,20,1,1,2,0,446,26780.0
2025-01-01 07:26:30,MAGNETOMETER_Z,25.0557,7,26,30,1,1,2,0,446,26790.0
2025-01-01 07:26:40,REACTION_WHEEL_SPD_X,49.5749,7,26,40,1,1,2,0,446,26800.0
2025-01-01 07:26:50,REACTION_WHEEL_SPD_Y,-185.9715,7,26,50,1,1,2,0,446,26810.0
2025-01-01 07:27:00,REACTION_WHEEL_SPD_Z,1003.7643,7,27,0,1,1,2,0,447,26820.0
2025-01-01 07:27:10,ATTITUDE_ROLL,-1.3422,7,27,10,1,1,2,0,447,26830.0
2025-01-01 07:27:20,ATTITUDE_PITCH,0.2856,7,27,20,1,1,2,0,447,26840.0
2025-01-01 07:27:30,ATTITUDE_YAW,-1.9969,7,27,30,1,1,2,0,447,26850.0
2025-01-01 07:27:40,STAR_TRACKER_VALID,0.7165,7,27,40,1,1,2,0,447,26860.0
2025-01-01 07:27:50,SUN_SENSOR_ANGLE,122.3091,7,27,50,1,1,2,0,447,26870.0
2025-01-01 07:28:00,RF_SIGNAL_STRENGTH,-56.4854,7,28,0,1,1,2,0,448,26880.0
2025-01-01 07:28:10,RF_NOISE_FLOOR,-97.1636,7,28,10,1,1,2,0,448,26890.0
2025-01-01 07:28:20,TX_POWER,3.729,7,28,20,1,1,2,0,448,26900.0
2025-01-01 07:28:30,LINK_MARGIN,11.0441,7,28,30,1,1,2,0,448,26910.0
2025-01-01 07:28:40,DATA_RATE_KBPS,144.442,7,28,40,1,1,2,0,448,26920.0
2025-01-01 07:28:50,PACKET_LOSS_RATE,1.4555,7,28,50,1,1,2,0,448,26930.0
2025-01-01 07:29:00,CPU_USAGE,47.4887,7,29,0,1,1,2,0,449,26940.0
2025-01-01 07:29:10,MEMORY_USAGE,60.6302,7,29,10,1,1,2,0,449,26950.0
2025-01-01 07:29:20,FLASH_WRITE_RATE,3.3659,7,29,20,1,1,2,0,449,26960.0
2025-01-01 07:29:30,WATCHDOG_COUNTER,24.1778,7,29,30,1,1,2,0,449,26970.0
2025-01-01 07:29:40,TANK_PRESSURE,297.218,7,29,40,1,1,2,0,449,26980.0
2025-01-01 07:29:50,THRUSTER_VALVE_TEMP,13.2344,7,29,50,1,1,2,0,449,26990.0
2025-01-01 07:30:00,BATT_VOLTAGE_1,27.5845,7,30,0,1,1,2,0,450,27000.0
2025-01-01 07:30:10,BATT_VOLTAGE_2,28.396,7,30,10,1,1,2,0,450,27010.0
2025-01-01 07:30:20,BATT_CURRENT_1,3.2051,7,30,20,1,1,2,0,450,27020.0
2025-01-01 07:30:30,BATT_CURRENT_2,3.1416,7,30,30,1,1,2,0,450,27030.0
2025-01-01 07:30:40,BATT_TEMP_1,26.0408,7,30,40,1,1,2,0,450,27040.0
2025-01-01 07:30:50,BATT_TEMP_2,19.8153,7,30,50,1,1,2,0,450,27050.0
2025-01-01 07:31:00,BATT_SOC,75.272,7,31,0,1,1,2,0,451,27060.0
2025-01-01 07:31:10,SOLAR_PANEL_VOLT_A,32.4338,7,31,10,1,1,2,0,451,27070.0
2025-01-01 07:31:20,SOLAR_PANEL_VOLT_B,31.9659,7,31,20,1,1,2,0,451,27080.0
2025-01-01 07:31:30,SOLAR_PANEL_CURR_A,4.424,7,31,30,1,1,2,0,451,27090.0
2025-01-01 07:31:40,SOLAR_PANEL_CURR_B,6.3093,7,31,40,1,1,2,0,451,27100.0
2025-01-01 07:31:50,SOLAR_POWER_TOTAL,106.6592,7,31,50,1,1,2,0,451,27110.0
2025-01-01 07:32:00,BUS_VOLTAGE,28.5917,7,32,0,1,1,2,0,452,27120.0
2025-01-01 07:32:10,BUS_CURRENT,6.6714,7,32,10,1,1,2,0,452,27130.0
2025-01-01 07:32:20,THRUSTER_TEMP_1,25.7505,7,32,20,1,1,2,0,452,27140.0
2025-01-01 07:32:30,THRUSTER_TEMP_2,19.1063,7,32,30,1,1,2,0,452,27150.0
2025-01-01 07:32:40,PAYLOAD_TEMP_CAM,23.6068,7,32,40,1,1,2,0,452,27160.0
2025-01-01 07:32:50,PAYLOAD_TEMP_SENSOR,25.4099,7,32,50,1,1,2,0,452,27170.0
2025-01-01 07:33:00,OBC_TEMP,47.9073,7,33,0,1,1,2,0,453,27180.0
2025-01-01 07:33:10,TRANS_TEMP,40.1813,7,33,10,1,1,2,0,453,27190.0
2025-01-01 07:33:20,STRUCT_TEMP_PANEL_X,34.539,7,33,20,1,1,2,0,453,27200.0
2025-01-01 07:33:30,STRUCT_TEMP_PANEL_Y,28.6411,7,33,30,1,1,2,0,453,27210.0
2025-01-01 07:33:40,STRUCT_TEMP_PANEL_Z,33.7325,7,33,40,1,1,2,0,453,27220.0
2025-01-01 07:33:50,RADIATOR_TEMP,-16.8315,7,33,50,1,1,2,0,453,27230.0
2025-01-01 07:34:00,GYRO_X,-0.0332,7,34,0,1,1,2,0,454,27240.0
2025-01-01 07:34:10,GYRO_Y,0.0348,7,34,10,1,1,2,0,454,27250.0
2025-01-01 07:34:20,GYRO_Z,0.0219,7,34,20,1,1,2,0,454,27260.0
2025-01-01 07:34:30,MAGNETOMETER_X,30.3646,7,34,30,1,1,2,0,454,27270.0
2025-01-01 07:34:40,MAGNETOMETER_Y,-17.5404,7,34,40,1,1,2,0,454,27280.0
2025-01-01 07:34:50,MAGNETOMETER_Z,-18.1664,7,34,50,1,1,2,0,454,27290.0
2025-01-01 07:35:00,REACTION_WHEEL_SPD_X,1121.2126,7,35,0,1,1,2,0,455,27300.0
2025-01-01 07:35:10,REACTION_WHEEL_SPD_Y,1025.3551,7,35,10,1,1,2,0,455,27310.0
2025-01-01 07:35:20,REACTION_WHEEL_SPD_Z,-262.6191,7,35,20,1,1,2,0,455,27320.0
2025-01-01 07:35:30,ATTITUDE_ROLL,0.2435,7,35,30,1,1,2,0,455,27330.0
2025-01-01 07:35:40,ATTITUDE_PITCH,-1.3693,7,35,40,1,1,2,0,455,27340.0
2025-01-01 07:35:50,ATTITUDE_YAW,0.8218,7,35,50,1,1,2,0,455,27350.0
2025-01-01 07:36:00,STAR_TRACKER_VALID,0.577,7,36,0,1,1,2,0,456,27360.0
2025-01-01 07:36:10,SUN_SENSOR_ANGLE,54.5173,7,36,10,1,1,2,0,456,27370.0
2025-01-01 07:36:20,RF_SIGNAL_STRENGTH,-58.9661,7,36,20,1,1,2,0,456,27380.0
2025-01-01 07:36:30,RF_NOISE_FLOOR,-99.2684,7,36,30,1,1,2,0,456,27390.0
2025-01-01 07:36:40,TX_POWER,4.0749,7,36,40,1,1,2,0,456,27400.0
2025-01-01 07:36:50,LINK_MARGIN,8.5515,7,36,50,1,1,2,0,456,27410.0
2025-01-01 07:37:00,DATA_RATE_KBPS,110.6033,7,37,0,1,1,2,0,457,27420.0
2025-01-01 07:37:10,PACKET_LOSS_RATE,0.4382,7,37,10,1,1,2,0,457,27430.0
2025-01-01 07:37:20,CPU_USAGE,29.6575,7,37,20,1,1,2,0,457,27440.0
2025-01-01 07:37:30,MEMORY_USAGE,42.0887,7,37,30,1,1,2,0,457,27450.0
2025-01-01 07:37:40,FLASH_WRITE_RATE,1.2755,7,37,40,1,1,2,0,457,27460.0
2025-01-01 07:37:50,WATCHDOG_COUNTER,26.6544,7,37,50,1,1,2,0,457,27470.0
2025-01-01 07:38:00,TANK_PRESSURE,289.9701,7,38,0,1,1,2,0,458,27480.0
2025-01-01 07:38:10,THRUSTER_VALVE_TEMP,14.3924,7,38,10,1,1,2,0,458,27490.0
2025-01-01 07:38:20,BATT_VOLTAGE_1,27.4282,7,38,20,1,1,2,0,458,27500.0
2025-01-01 07:38:30,BATT_VOLTAGE_2,28.4687,7,38,30,1,1,2,0,458,27510.0
2025-01-01 07:38:40,BATT_CURRENT_1,2.7526,7,38,40,1,1,2,0,458,27520.0
2025-01-01 07:38:50,BATT_CURRENT_2,2.2375,7,38,50,1,1,2,0,458,27530.0
2025-01-01 07:39:00,BATT_TEMP_1,23.2253,7,39,0,1,1,2,0,459,27540.0
2025-01-01 07:39:10,BATT_TEMP_2,28.7251,7,39,10,1,1,2,0,459,27550.0
2025-01-01 07:39:20,BATT_SOC,88.2862,7,39,20,1,1,2,0,459,27560.0
2025-01-01 07:39:30,SOLAR_PANEL_VOLT_A,29.5502,7,39,30,1,1,2,0,459,27570.0
2025-01-01 07:39:40,SOLAR_PANEL_VOLT_B,29.6756,7,39,40,1,1,2,0,459,27580.0
2025-01-01 07:39:50,SOLAR_PANEL_CURR_A,6.6154,7,39,50,1,1,2,0,459,27590.0
2025-01-01 07:40:00,SOLAR_PANEL_CURR_B,5.7712,7,40,0,1,1,2,0,460,27600.0
2025-01-01 07:40:10,SOLAR_POWER_TOTAL,95.09,7,40,10,1,1,2,0,460,27610.0
2025-01-01 07:40:20,BUS_VOLTAGE,29.1425,7,40,20,1,1,2,0,460,27620.0
2025-01-01 07:40:30,BUS_CURRENT,7.7836,7,40,30,1,1,2,0,460,27630.0
2025-01-01 07:40:40,THRUSTER_TEMP_1,25.237,7,40,40,1,1,2,0,460,27640.0
2025-01-01 07:40:50,THRUSTER_TEMP_2,24.9267,7,40,50,1,1,2,0,460,27650.0
2025-01-01 07:41:00,PAYLOAD_TEMP_CAM,21.2869,7,41,0,1,1,2,0,461,27660.0
2025-01-01 07:41:10,PAYLOAD_TEMP_SENSOR,21.2865,7,41,10,1,1,2,0,461,27670.0
2025-01-01 07:41:20,OBC_TEMP,47.8213,7,41,20,1,1,2,0,461,27680.0
2025-01-01 07:41:30,TRANS_TEMP,37.9746,7,41,30,1,1,2,0,461,27690.0
2025-01-01 07:41:40,STRUCT_TEMP_PANEL_X,2.3091,7,41,40,1,1,2,0,461,27700.0
2025-01-01 07:41:50,STRUCT_TEMP_PANEL_Y,22.2781,7,41,50,1,1,2,0,461,27710.0
2025-01-01 07:42:00,STRUCT_TEMP_PANEL_Z,6.9246,7,42,0,1,1,2,0,462,27720.0
2025-01-01 07:42:10,RADIATOR_TEMP,-20.4251,7,42,10,1,1,2,0,462,27730.0
2025-01-01 07:42:20,GYRO_X,0.0132,7,42,20,1,1,2,0,462,27740.0
2025-01-01 07:42:30,GYRO_Y,0.0137,7,42,30,1,1,2,0,462,27750.0
2025-01-01 07:42:40,GYRO_Z,-0.0396,7,42,40,1,1,2,0,462,27760.0
2025-01-01 07:42:50,MAGNETOMETER_X,-39.561,7,42,50,1,1,2,0,462,27770.0
2025-01-01 07:43:00,MAGNETOMETER_Y,-4.1371,7,43,0,1,1,2,0,463,27780.0
2025-01-01 07:43:10,MAGNETOMETER_Z,2.6044,7,43,10,1,1,2,0,463,27790.0
2025-01-01 07:43:20,REACTION_WHEEL_SPD_X,-504.4803,7,43,20,1,1,2,0,463,27800.0
2025-01-01 07:43:30,REACTION_WHEEL_SPD_Y,-101.3028,7,43,30,1,1,2,0,463,27810.0
2025-01-01 07:43:40,REACTION_WHEEL_SPD_Z,-1204.1253,7,43,40,1,1,2,0,463,27820.0
2025-01-01 07:43:50,ATTITUDE_ROLL,-1.7297,7,43,50,1,1,2,0,463,27830.0
2025-01-01 07:44:00,ATTITUDE_PITCH,-0.7109,7,44,0,1,1,2,0,464,27840.0
2025-01-01 07:44:10,ATTITUDE_YAW,2.797,7,44,10,1,1,2,0,464,27850.0
2025-01-01 07:44:20,STAR_TRACKER_VALID,0.4898,7,44,20,1,1,2,0,464,27860.0
2025-01-01 07:44:30,SUN_SENSOR_ANGLE,106.1369,7,44,30,1,1,2,0,464,27870.0
2025-01-01 07:44:40,RF_SIGNAL_STRENGTH,-57.3433,7,44,40,1,1,2,0,464,27880.0
2025-01-01 07:44:50,RF_NOISE_FLOOR,-90.8329,7,44,50,1,1,2,0,464,27890.0
2025-01-01 07:45:00,TX_POWER,4.0053,7,45,0,1,1,2,0,465,27900.0
2025-01-01 07:45:10,LINK_MARGIN,15.3827,7,45,10,1,1,2,0,465,27910.0
2025-01-01 07:45:20,DATA_RATE_KBPS,142.655,7,45,20,1,1,2,0,465,27920.0
2025-01-01 07:45:30,PACKET_LOSS_RATE,1.3969,7,45,30,1,1,2,0,465,27930.0
2025-01-01 07:45:40,CPU_USAGE,32.272,7,45,40,1,1,2,0,465,27940.0
2025-01-01 07:45:50,MEMORY_USAGE,44.2723,7,45,50,1,1,2,0,465,27950.0
2025-01-01 07:46:00,FLASH_WRITE_RATE,1.6711,7,46,0,1,1,2,0,466,27960.0
2025-01-01 07:46:10,WATCHDOG_COUNTER,77.7769,7,46,10,1,1,2,0,466,27970.0
2025-01-01 07:46:20,TANK_PRESSURE,305.0932,7,46,20,1,1,2,0,466,27980.0
2025-01-01 07:46:30,THRUSTER_VALVE_TEMP,14.8616,7,46,30,1,1,2,0,466,27990.0
2025-01-01 07:46:40,BATT_VOLTAGE_1,28.6666,7,46,40,1,1,2,0,466,28000.0
2025-01-01 07:46:50,BATT_VOLTAGE_2,27.706,7,46,50,1,1,2,0,466,28010.0
2025-01-01 07:47:00,BATT_CURRENT_1,1.7564,7,47,0,1,1,2,0,467,28020.0
2025-01-01 07:47:10,BATT_CURRENT_2,2.515,7,47,10,1,1,2,0,467,28030.0
2025-01-01 07:47:20,BATT_TEMP_1,19.6215,7,47,20,1,1,2,0,467,28040.0
2025-01-01 07:47:30,BATT_TEMP_2,24.7321,7,47,30,1,1,2,0,467,28050.0
2025-01-01 07:47:40,BATT_SOC,81.8866,7,47,40,1,1,2,0,467,28060.0
2025-01-01 07:47:50,SOLAR_PANEL_VOLT_A,29.9441,7,47,50,1,1,2,0,467,28070.0
2025-01-01 07:48:00,SOLAR_PANEL_VOLT_B,31.3838,7,48,0,1,1,2,0,468,28080.0
2025-01-01 07:48:10,SOLAR_PANEL_CURR_A,4.0688,7,48,10,1,1,2,0,468,28090.0
2025-01-01 07:48:20,SOLAR_PANEL_CURR_B,4.7869,7,48,20,1,1,2,0,468,28100.0
2025-01-01 07:48:30,SOLAR_POWER_TOTAL,92.163,7,48,30,1,1,2,0,468,28110.0
2025-01-01 07:48:40,BUS_VOLTAGE,28.8472,7,48,40,1,1,2,0,468,28120.0
2025-01-01 07:48:50,BUS_CURRENT,8.2502,7,48,50,1,1,2,0,468,28130.0
2025-01-01 07:49:00,THRUSTER_TEMP_1,25.9447,7,49,0,1,1,2,0,469,28140.0
2025-01-01 07:49:10,THRUSTER_TEMP_2,19.4095,7,49,10,1,1,2,0,469,28150.0
2025-01-01 07:49:20,PAYLOAD_TEMP_CAM,21.7269,7,49,20,1,1,2,0,469,28160.0
2025-01-01 07:49:30,PAYLOAD_TEMP_SENSOR,22.4041,7,49,30,1,1,2,0,469,28170.0
2025-01-01 07:49:40,OBC_TEMP,49.5612,7,49,40,1,1,2,0,469,28180.0
2025-01-01 07:49:50,TRANS_TEMP,32.4613,7,49,50,1,1,2,0,469,28190.0
2025-01-01 07:50:00,STRUCT_TEMP_PANEL_X,5.1852,7,50,0,1,1,2,0,470,28200.0
2025-01-01 07:50:10,STRUCT_TEMP_PANEL_Y,20.5917,7,50,10,1,1,2,0,470,28210.0
2025-01-01 07:50:20,STRUCT_TEMP_PANEL_Z,20.7943,7,50,20,1,1,2,0,470,28220.0
2025-01-01 07:50:30,RADIATOR_TEMP,-18.5313,7,50,30,1,1,2,0,470,28230.0
2025-01-01 07:50:40,GYRO_X,0.0245,7,50,40,1,1,2,0,470,28240.0
2025-01-01 07:50:50,GYRO_Y,0.0195,7,50,50,1,1,2,0,470,28250.0
2025-01-01 07:51:00,GYRO_Z,-0.0036,7,51,0,1,1,2,0,471,28260.0
2025-01-01 07:51:10,MAGNETOMETER_X,1.7542,7,51,10,1,1,2,0,471,28270.0
2025-01-01 07:51:20,MAGNETOMETER_Y,11.0774,7,51,20,1,1,2,0,471,28280.0
2025-01-01 07:51:30,MAGNETOMETER_Z,-35.9472,7,51,30,1,1,2,0,471,28290.0
2025-01-01 07:51:40,REACTION_WHEEL_SPD_X,-1212.5855,7,51,40,1,1,2,0,471,28300.0
2025-01-01 07:51:50,REACTION_WHEEL_SPD_Y,-147.3224,7,51,50,1,1,2,0,471,28310.0
2025-01-01 07:52:00,REACTION_WHEEL_SPD_Z,1281.5417,7,52,0,1,1,2,0,472,28320.0
2025-01-01 07:52:10,ATTITUDE_ROLL,0.755,7,52,10,1,1,2,0,472,28330.0
2025-01-01 07:52:20,ATTITUDE_PITCH,-1.6839,7,52,20,1,1,2,0,472,28340.0
2025-01-01 07:52:30,ATTITUDE_YAW,-0.8334,7,52,30,1,1,2,0,472,28350.0
2025-01-01 07:52:40,STAR_TRACKER_VALID,0.3649,7,52,40,1,1,2,0,472,28360.0
2025-01-01 07:52:50,SUN_SENSOR_ANGLE,72.8022,7,52,50,1,1,2,0,472,28370.0
2025-01-01 07:53:00,RF_SIGNAL_STRENGTH,-71.4637,7,53,0,1,1,2,0,473,28380.0
2025-01-01 07:53:10,RF_NOISE_FLOOR,-87.5244,7,53,10,1,1,2,0,473,28390.0
2025-01-01 07:53:20,TX_POWER,2.2221,7,53,20,1,1,2,0,473,28400.0
2025-01-01 07:53:30,LINK_MARGIN,13.0056,7,53,30,1,1,2,0,473,28410.0
2025-01-01 07:53:40,DATA_RATE_KBPS,83.3433,7,53,40,1,1,2,0,473,28420.0
2025-01-01 07:53:50,PACKET_LOSS_RATE,0.8134,7,53,50,1,1,2,0,473,28430.0
2025-01-01 07:54:00,CPU_USAGE,24.2514,7,54,0,1,1,2,0,474,28440.0
2025-01-01 07:54:10,MEMORY_USAGE,59.6962,7,54,10,1,1,2,0,474,28450.0
2025-01-01 07:54:20,FLASH_WRITE_RATE,1.715,7,54,20,1,1,2,0,474,28460.0
2025-01-01 07:54:30,WATCHDOG_COUNTER,56.0581,7,54,30,1,1,2,0,474,28470.0
2025-01-01 07:54:40,TANK_PRESSURE,305.4602,7,54,40,1,1,2,0,474,28480.0
2025-01-01 07:54:50,THRUSTER_VALVE_TEMP,19.4067,7,54,50,1,1,2,0,474,28490.0
2025-01-01 07:55:00,BATT_VOLTAGE_1,27.3083,7,55,0,1,1,2,0,475,28500.0
2025-01-01 07:55:10,BATT_VOLTAGE_2,28.5972,7,55,10,1,1,2,0,475,28510.0
2025-01-01 07:55:20,BATT_CURRENT_1,1.8348,7,55,20,1,1,2,0,475,28520.0
2025-01-01 07:55:30,BATT_CURRENT_2,1.9337,7,55,30,1,1,2,0,475,28530.0
2025-01-01 07:55:40,BATT_TEMP_1,21.8593,7,55,40,1,1,2,0,475,28540.0
2025-01-01 07:55:50,BATT_TEMP_2,29.7969,7,55,50,1,1,2,0,475,28550.0
2025-01-01 07:56:00,BATT_SOC,77.3232,7,56,0,1,1,2,0,476,28560.0
2025-01-01 07:56:10,SOLAR_PANEL_VOLT_A,30.5084,7,56,10,1,1,2,0,476,28570.0
2025-01-01 07:56:20,SOLAR_PANEL_VOLT_B,30.2955,7,56,20,1,1,2,0,476,28580.0
2025-01-01 07:56:30,SOLAR_PANEL_CURR_A,5.6721,7,56,30,1,1,2,0,476,28590.0
2025-01-01 07:56:40,SOLAR_PANEL_CURR_B,5.664,7,56,40,1,1,2,0,476,28600.0
2025-01-01 07:56:50,SOLAR_POWER_TOTAL,113.0224,7,56,50,1,1,2,0,476,28610.0
2025-01-01 07:57:00,BUS_VOLTAGE,28.5003,7,57,0,1,1,2,0,477,28620.0
2025-01-01 07:57:10,BUS_CURRENT,9.9046,7,57,10,1,1,2,0,477,28630.0
2025-01-01 07:57:20,THRUSTER_TEMP_1,24.3653,7,57,20,1,1,2,0,477,28640.0
2025-01-01 07:57:30,THRUSTER_TEMP_2,26.191,7,57,30,1,1,2,0,477,28650.0
2025-01-01 07:57:40,PAYLOAD_TEMP_CAM,22.8625,7,57,40,1,1,2,0,477,28660.0
2025-01-01 07:57:50,PAYLOAD_TEMP_SENSOR,20.7684,7,57,50,1,1,2,0,477,28670.0
2025-01-01 07:58:00,OBC_TEMP,36.0716,7,58,0,1,1,2,0,478,28680.0
2025-01-01 07:58:10,TRANS_TEMP,32.0111,7,58,10,1,1,2,0,478,28690.0
2025-01-01 07:58:20,STRUCT_TEMP_PANEL_X,5.5745,7,58,20,1,1,2,0,478,28700.0
2025-01-01 07:58:30,STRUCT_TEMP_PANEL_Y,31.9821,7,58,30,1,1,2,0,478,28710.0
2025-01-01 07:58:40,STRUCT_TEMP_PANEL_Z,4.4072,7,58,40,1,1,2,0,478,28720.0
2025-01-01 07:58:50,RADIATOR_TEMP,-4.6749,7,58,50,1,1,2,0,478,28730.0
2025-01-01 07:59:00,GYRO_X,-0.0393,7,59,0,1,1,2,0,479,28740.0
2025-01-01 07:59:10,GYRO_Y,-0.0319,7,59,10,1,1,2,0,479,28750.0
2025-01-01 07:59:20,GYRO_Z,-0.0108,7,59,20,1,1,2,0,479,28760.0
2025-01-01 07:59:30,MAGNETOMETER_X,-35.4529,7,59,30,1,1,2,0,479,28770.0
2025-01-01 07:59:40,MAGNETOMETER_Y,-9.2092,7,59,40,1,1,2,0,479,28780.0
2025-01-01 07:59:50,MAGNETOMETER_Z,-25.9052,7,59,50,1,1,2,0,479,28790.0
2025-01-01 08:00:00,REACTION_WHEEL_SPD_X,-1495.5419,8,0,0,1,1,2,0,480,28800.0
2025-01-01 08:00:10,REACTION_WHEEL_SPD_Y,888.0179,8,0,10,1,1,2,0,480,28810.0
2025-01-01 08:00:20,REACTION_WHEEL_SPD_Z,-899.812,8,0,20,1,1,2,0,480,28820.0
2025-01-01 08:00:30,ATTITUDE_ROLL,-0.0857,8,0,30,1,1,2,0,480,28830.0
2025-01-01 08:00:40,ATTITUDE_PITCH,1.0267,8,0,40,1,1,2,0,480,28840.0
2025-01-01 08:00:50,ATTITUDE_YAW,2.6705,8,0,50,1,1,2,0,480,28850.0
2025-01-01 08:01:00,STAR_TRACKER_VALID,0.2463,8,1,0,1,1,2,0,481,28860.0
2025-01-01 08:01:10,SUN_SENSOR_ANGLE,141.3901,8,1,10,1,1,2,0,481,28870.0
2025-01-01 08:01:20,RF_SIGNAL_STRENGTH,-75.2349,8,1,20,1,1,2,0,481,28880.0
2025-01-01 08:01:30,RF_NOISE_FLOOR,-99.1684,8,1,30,1,1,2,0,481,28890.0
2025-01-01 08:01:40,TX_POWER,3.9632,8,1,40,1,1,2,0,481,28900.0
2025-01-01 08:01:50,LINK_MARGIN,12.0959,8,1,50,1,1,2,0,481,28910.0
2025-01-01 08:02:00,DATA_RATE_KBPS,138.4539,8,2,0,1,1,2,0,482,28920.0
2025-01-01 08:02:10,PACKET_LOSS_RATE,1.3229,8,2,10,1,1,2,0,482,28930.0
2025-01-01 08:02:20,CPU_USAGE,46.9244,8,2,20,1,1,2,0,482,28940.0
2025-01-01 08:02:30,MEMORY_USAGE,58.0251,8,2,30,1,1,2,0,482,28950.0
2025-01-01 08:02:40,FLASH_WRITE_RATE,2.8951,8,2,40,1,1,2,0,482,28960.0
2025-01-01 08:02:50,WATCHDOG_COUNTER,25.7723,8,2,50,1,1,2,0,482,28970.0
2025-01-01 08:03:00,TANK_PRESSURE,291.9779,8,3,0,1,1,2,0,483,28980.0
2025-01-01 08:03:10,THRUSTER_VALVE_TEMP,17.2435,8,3,10,1,1,2,0,483,28990.0
2025-01-01 08:03:20,BATT_VOLTAGE_1,27.8537,8,3,20,1,1,2,0,483,29000.0
2025-01-01 08:03:30,BATT_VOLTAGE_2,28.4447,8,3,30,1,1,2,0,483,29010.0
2025-01-01 08:03:40,BATT_CURRENT_1,2.6359,8,3,40,1,1,2,0,483,29020.0
2025-01-01 08:03:50,BATT_CURRENT_2,2.9088,8,3,50,1,1,2,0,483,29030.0
2025-01-01 08:04:00,BATT_TEMP_1,29.2718,8,4,0,1,1,2,0,484,29040.0
2025-01-01 08:04:10,BATT_TEMP_2,22.4312,8,4,10,1,1,2,0,484,29050.0
2025-01-01 08:04:20,BATT_SOC,73.74,8,4,20,1,1,2,0,484,29060.0
2025-01-01 08:04:30,SOLAR_PANEL_VOLT_A,29.8862,8,4,30,1,1,2,0,484,29070.0
2025-01-01 08:04:40,SOLAR_PANEL_VOLT_B,30.6885,8,4,40,1,1,2,0,484,29080.0
2025-01-01 08:04:50,SOLAR_PANEL_CURR_A,5.9351,8,4,50,1,1,2,0,484,29090.0
2025-01-01 08:05:00,SOLAR_PANEL_CURR_B,4.1096,8,5,0,1,1,2,0,485,29100.0
2025-01-01 08:05:10,SOLAR_POWER_TOTAL,118.2649,8,5,10,1,1,2,0,485,29110.0
2025-01-01 08:05:20,BUS_VOLTAGE,28.851,8,5,20,1,1,2,0,485,29120.0
2025-01-01 08:05:30,BUS_CURRENT,8.9326,8,5,30,1,1,2,0,485,29130.0
2025-01-01 08:05:40,THRUSTER_TEMP_1,21.1715,8,5,40,1,1,2,0,485,29140.0
2025-01-01 08:05:50,THRUSTER_TEMP_2,22.8262,8,5,50,1,1,2,0,485,29150.0
2025-01-01 08:06:00,PAYLOAD_TEMP_CAM,22.9962,8,6,0,1,1,2,0,486,29160.0
2025-01-01 08:06:10,PAYLOAD_TEMP_SENSOR,24.8071,8,6,10,1,1,2,0,486,29170.0
2025-01-01 08:06:20,OBC_TEMP,37.1415,8,6,20,1,1,2,0,486,29180.0
2025-01-01 08:06:30,TRANS_TEMP,34.4777,8,6,30,1,1,2,0,486,29190.0
2025-01-01 08:06:40,STRUCT_TEMP_PANEL_X,21.1442,8,6,40,1,1,2,0,486,29200.0
2025-01-01 08:06:50,STRUCT_TEMP_PANEL_Y,12.8823,8,6,50,1,1,2,0,486,29210.0
2025-01-01 08:07:00,STRUCT_TEMP_PANEL_Z,11.9258,8,7,0,1,1,2,0,487,29220.0
2025-01-01 08:07:10,RADIATOR_TEMP,-15.5745,8,7,10,1,1,2,0,487,29230.0
2025-01-01 08:07:20,GYRO_X,0.0445,8,7,20,1,1,2,0,487,29240.0
2025-01-01 08:07:30,GYRO_Y,-0.0391,8,7,30,1,1,2,0,487,29250.0
2025-01-01 08:07:40,GYRO_Z,-0.0118,8,7,40,1,1,2,0,487,29260.0
2025-01-01 08:07:50,MAGNETOMETER_X,2.8264,8,7,50,1,1,2,0,487,29270.0
2025-01-01 08:08:00,MAGNETOMETER_Y,-28.4758,8,8,0,1,1,2,0,488,29280.0
2025-01-01 08:08:10,MAGNETOMETER_Z,-26.3764,8,8,10,1,1,2,0,488,29290.0
2025-01-01 08:08:20,REACTION_WHEEL_SPD_X,1183.2985,8,8,20,1,1,2,0,488,29300.0
2025-01-01 08:08:30,REACTION_WHEEL_SPD_Y,1206.9342,8,8,30,1,1,2,0,488,29310.0
2025-01-01 08:08:40,REACTION_WHEEL_SPD_Z,414.1625,8,8,40,1,1,2,0,488,29320.0
2025-01-01 08:08:50,ATTITUDE_ROLL,0.3105,8,8,50,1,1,2,0,488,29330.0
2025-01-01 08:09:00,ATTITUDE_PITCH,1.2973,8,9,0,1,1,2,0,489,29340.0
2025-01-01 08:09:10,ATTITUDE_YAW,-0.9166,8,9,10,1,1,2,0,489,29350.0
2025-01-01 08:09:20,STAR_TRACKER_VALID,0.57,8,9,20,1,1,2,0,489,29360.0
2025-01-01 08:09:30,SUN_SENSOR_ANGLE,52.3641,8,9,30,1,1,2,0,489,29370.0
2025-01-01 08:09:40,RF_SIGNAL_STRENGTH,-63.5544,8,9,40,1,1,2,0,489,29380.0
2025-01-01 08:09:50,RF_NOISE_FLOOR,-88.638,8,9,50,1,1,2,0,489,29390.0
2025-01-01 08:10:00,TX_POWER,3.1102,8,10,0,1,1,2,0,490,29400.0
2025-01-01 08:10:10,LINK_MARGIN,20.0318,8,10,10,1,1,2,0,490,29410.0
2025-01-01 08:10:20,DATA_RATE_KBPS,156.0522,8,10,20,1,1,2,0,490,29420.0
2025-01-01 08:10:30,PACKET_LOSS_RATE,1.3158,8,10,30,1,1,2,0,490,29430.0
2025-01-01 08:10:40,CPU_USAGE,33.7615,8,10,40,1,1,2,0,490,29440.0
2025-01-01 08:10:50,MEMORY_USAGE,59.1379,8,10,50,1,1,2,0,490,29450.0
2025-01-01 08:11:00,FLASH_WRITE_RATE,1.4859,8,11,0,1,1,2,0,491,29460.0
2025-01-01 08:11:10,WATCHDOG_COUNTER,69.2663,8,11,10,1,1,2,0,491,29470.0
2025-01-01 08:11:20,TANK_PRESSURE,302.1587,8,11,20,1,1,2,0,491,29480.0
2025-01-01 08:11:30,THRUSTER_VALVE_TEMP,19.5239,8,11,30,1,1,2,0,491,29490.0
2025-01-01 08:11:40,BATT_VOLTAGE_1,27.3838,8,11,40,1,1,2,0,491,29500.0
2025-01-01 08:11:50,BATT_VOLTAGE_2,27.1621,8,11,50,1,1,2,0,491,29510.0
2025-01-01 08:12:00,BATT_CURRENT_1,2.2535,8,12,0,1,1,2,0,492,29520.0
2025-01-01 08:12:10,BATT_CURRENT_2,2.7732,8,12,10,1,1,2,0,492,29530.0
2025-01-01 08:12:20,BATT_TEMP_1,20.725,8,12,20,1,1,2,0,492,29540.0
2025-01-01 08:12:30,BATT_TEMP_2,19.2661,8,12,30,1,1,2,0,492,29550.0
2025-01-01 08:12:40,BATT_SOC,80.3201,8,12,40,1,1,2,0,492,29560.0
2025-01-01 08:12:50,SOLAR_PANEL_VOLT_A,29.1121,8,12,50,1,1,2,0,492,29570.0
2025-01-01 08:13:00,SOLAR_PANEL_VOLT_B,29.9867,8,13,0,1,1,2,0,493,29580.0
2025-01-01 08:13:10,SOLAR_PANEL_CURR_A,4.3626,8,13,10,1,1,2,0,493,29590.0
2025-01-01 08:13:20,SOLAR_PANEL_CURR_B,6.6855,8,13,20,1,1,2,0,493,29600.0
2025-01-01 08:13:30,SOLAR_POWER_TOTAL,90.9724,8,13,30,1,1,2,0,493,29610.0
2025-01-01 08:13:40,BUS_VOLTAGE,27.9406,8,13,40,1,1,2,0,493,29620.0
2025-01-01 08:13:50,BUS_CURRENT,8.2857,8,13,50,1,1,2,0,493,29630.0
2025-01-01 08:14:00,THRUSTER_TEMP_1,25.0584,8,14,0,1,1,2,0,494,29640.0
2025-01-01 08:14:10,THRUSTER_TEMP_2,25.2885,8,14,10,1,1,2,0,494,29650.0
2025-01-01 08:14:20,PAYLOAD_TEMP_CAM,21.3399,8,14,20,1,1,2,0,494,29660.0
2025-01-01 08:14:30,PAYLOAD_TEMP_SENSOR,24.5234,8,14,30,1,1,2,0,494,29670.0
2025-01-01 08:14:40,OBC_TEMP,43.6648,8,14,40,1,1,2,0,494,29680.0
2025-01-01 08:14:50,TRANS_TEMP,42.2633,8,14,50,1,1,2,0,494,29690.0
2025-01-01 08:15:00,STRUCT_TEMP_PANEL_X,2.6931,8,15,0,1,1,2,0,495,29700.0
2025-01-01 08:15:10,STRUCT_TEMP_PANEL_Y,11.7997,8,15,10,1,1,2,0,495,29710.0
2025-01-01 08:15:20,STRUCT_TEMP_PANEL_Z,5.5282,8,15,20,1,1,2,0,495,29720.0
2025-01-01 08:15:30,RADIATOR_TEMP,-21.451,8,15,30,1,1,2,0,495,29730.0
2025-01-01 08:15:40,GYRO_X,-0.0193,8,15,40,1,1,2,0,495,29740.0
2025-01-01 08:15:50,GYRO_Y,-0.0229,8,15,50,1,1,2,0,495,29750.0
2025-01-01 08:16:00,GYRO_Z,0.0203,8,16,0,1,1,2,0,496,29760.0
2025-01-01 08:16:10,MAGNETOMETER_X,-15.9659,8,16,10,1,1,2,0,496,29770.0
2025-01-01 08:16:20,MAGNETOMETER_Y,-33.5056,8,16,20,1,1,2,0,496,29780.0
2025-01-01 08:16:30,MAGNETOMETER_Z,16.1542,8,16,30,1,1,2,0,496,29790.0
2025-01-01 08:16:40,REACTION_WHEEL_SPD_X,1245.4418,8,16,40,1,1,2,0,496,29800.0
2025-01-01 08:16:50,REACTION_WHEEL_SPD_Y,-1660.5019,8,16,50,1,1,2,0,496,29810.0
2025-01-01 08:17:00,REACTION_WHEEL_SPD_Z,-1357.9116,8,17,0,1,1,2,0,497,29820.0
2025-01-01 08:17:10,ATTITUDE_ROLL,0.2775,8,17,10,1,1,2,0,497,29830.0
2025-01-01 08:17:20,ATTITUDE_PITCH,1.267,8,17,20,1,1,2,0,497,29840.0
2025-01-01 08:17:30,ATTITUDE_YAW,2.0674,8,17,30,1,1,2,0,497,29850.0
2025-01-01 08:17:40,STAR_TRACKER_VALID,0.5188,8,17,40,1,1,2,0,497,29860.0
2025-01-01 08:17:50,SUN_SENSOR_ANGLE,76.3797,8,17,50,1,1,2,0,497,29870.0
2025-01-01 08:18:00,RF_SIGNAL_STRENGTH,-74.8835,8,18,0,1,1,2,0,498,29880.0
2025-01-01 08:18:10,RF_NOISE_FLOOR,-97.4427,8,18,10,1,1,2,0,498,29890.0
2025-01-01 08:18:20,TX_POWER,2.8694,8,18,20,1,1,2,0,498,29900.0
2025-01-01 08:18:30,LINK_MARGIN,9.288,8,18,30,1,1,2,0,498,29910.0
2025-01-01 08:18:40,DATA_RATE_KBPS,90.2024,8,18,40,1,1,2,0,498,29920.0
2025-01-01 08:18:50,PACKET_LOSS_RATE,0.8026,8,18,50,1,1,2,0,498,29930.0
2025-01-01 08:19:00,CPU_USAGE,21.19,8,19,0,1,1,2,0,499,29940.0
2025-01-01 08:19:10,MEMORY_USAGE,52.5489,8,19,10,1,1,2,0,499,29950.0
2025-01-01 08:19:20,FLASH_WRITE_RATE,2.1147,8,19,20,1,1,2,0,499,29960.0
2025-01-01 08:19:30,WATCHDOG_COUNTER,39.1741,8,19,30,1,1,2,0,499,29970.0
2025-01-01 08:19:40,TANK_PRESSURE,308.4348,8,19,40,1,1,2,0,499,29980.0
2025-01-01 08:19:50,THRUSTER_VALVE_TEMP,16.5527,8,19,50,1,1,2,0,499,29990.0
2025-01-01 08:20:00,BATT_VOLTAGE_1,27.9989,8,20,0,1,1,2,0,500,30000.0
2025-01-01 08:20:10,BATT_VOLTAGE_2,28.0341,8,20,10,1,1,2,0,500,30010.0
2025-01-01 08:20:20,BATT_CURRENT_1,2.7828,8,20,20,1,1,2,0,500,30020.0
2025-01-01 08:20:30,BATT_CURRENT_2,3.0792,8,20,30,1,1,2,0,500,30030.0
2025-01-01 08:20:40,BATT_TEMP_1,29.5956,8,20,40,1,1,2,0,500,30040.0
2025-01-01 08:20:50,BATT_TEMP_2,29.8844,8,20,50,1,1,2,0,500,30050.0
2025-01-01 08:21:00,BATT_SOC,84.6551,8,21,0,1,1,2,0,501,30060.0
2025-01-01 08:21:10,SOLAR_PANEL_VOLT_A,30.8851,8,21,10,1,1,2,0,501,30070.0
2025-01-01 08:21:20,SOLAR_PANEL_VOLT_B,29.4177,8,21,20,1,1,2,0,501,30080.0
2025-01-01 08:21:30,SOLAR_PANEL_CURR_A,6.2929,8,21,30,1,1,2,0,501,30090.0
2025-01-01 08:21:40,SOLAR_PANEL_CURR_B,4.679,8,21,40,1,1,2,0,501,30100.0
2025-01-01 08:21:50,SOLAR_POWER_TOTAL,115.0094,8,21,50,1,1,2,0,501,30110.0
2025-01-01 08:22:00,BUS_VOLTAGE,28.2928,8,22,0,1,1,2,0,502,30120.0
2025-01-01 08:22:10,BUS_CURRENT,7.0888,8,22,10,1,1,2,0,502,30130.0
2025-01-01 08:22:20,THRUSTER_TEMP_1,24.8351,8,22,20,1,1,2,0,502,30140.0
2025-01-01 08:22:30,THRUSTER_TEMP_2,21.1121,8,22,30,1,1,2,0,502,30150.0
2025-01-01 08:22:40,PAYLOAD_TEMP_CAM,21.9534,8,22,40,1,1,2,0,502,30160.0
2025-01-01 08:22:50,PAYLOAD_TEMP_SENSOR,23.34,8,22,50,1,1,2,0,502,30170.0
2025-01-01 08:23:00,OBC_TEMP,35.6263,8,23,0,1,1,2,0,503,30180.0
2025-01-01 08:23:10,TRANS_TEMP,31.4518,8,23,10,1,1,2,0,503,30190.0
2025-01-01 08:23:20,STRUCT_TEMP_PANEL_X,5.4309,8,23,20,1,1,2,0,503,30200.0
2025-01-01 08:23:30,STRUCT_TEMP_PANEL_Y,22.345,8,23,30,1,1,2,0,503,30210.0
2025-01-01 08:23:40,STRUCT_TEMP_PANEL_Z,20.8635,8,23,40,1,1,2,0,503,30220.0
2025-01-01 08:23:50,RADIATOR_TEMP,-21.8135,8,23,50,1,1,2,0,503,30230.0
2025-01-01 08:24:00,GYRO_X,-0.012,8,24,0,1,1,2,0,504,30240.0
2025-01-01 08:24:10,GYRO_Y,0.0022,8,24,10,1,1,2,0,504,30250.0
2025-01-01 08:24:20,GYRO_Z,-0.0482,8,24,20,1,1,2,0,504,30260.0
2025-01-01 08:24:30,MAGNETOMETER_X,16.537,8,24,30,1,1,2,0,504,30270.0
2025-01-01 08:24:40,MAGNETOMETER_Y,-23.4781,8,24,40,1,1,2,0,504,30280.0
2025-01-01 08:24:50,MAGNETOMETER_Z,13.0332,8,24,50,1,1,2,0,504,30290.0
2025-01-01 08:25:00,REACTION_WHEEL_SPD_X,501.9366,8,25,0,1,1,2,0,505,30300.0
2025-01-01 08:25:10,REACTION_WHEEL_SPD_Y,-1502.1406,8,25,10,1,1,2,0,505,30310.0
2025-01-01 08:25:20,REACTION_WHEEL_SPD_Z,595.1857,8,25,20,1,1,2,0,505,30320.0
2025-01-01 08:25:30,ATTITUDE_ROLL,-0.6323,8,25,30,1,1,2,0,505,30330.0
2025-01-01 08:25:40,ATTITUDE_PITCH,-0.3561,8,25,40,1,1,2,0,505,30340.0
2025-01-01 08:25:50,ATTITUDE_YAW,-3.4624,8,25,50,1,1,2,0,505,30350.0
2025-01-01 08:26:00,STAR_TRACKER_VALID,0.2008,8,26,0,1,1,2,0,506,30360.0
2025-01-01 08:26:10,SUN_SENSOR_ANGLE,112.6112,8,26,10,1,1,2,0,506,30370.0
2025-01-01 08:26:20,RF_SIGNAL_STRENGTH,-58.1277,8,26,20,1,1,2,0,506,30380.0
2025-01-01 08:26:30,RF_NOISE_FLOOR,-87.4774,8,26,30,1,1,2,0,506,30390.0
2025-01-01 08:26:40,TX_POWER,3.5515,8,26,40,1,1,2,0,506,30400.0
2025-01-01 08:26:50,LINK_MARGIN,13.8736,8,26,50,1,1,2,0,506,30410.0
2025-01-01 08:27:00,DATA_RATE_KBPS,117.9343,8,27,0,1,1,2,0,507,30420.0
2025-01-01 08:27:10,PACKET_LOSS_RATE,1.2407,8,27,10,1,1,2,0,507,30430.0
2025-01-01 08:27:20,CPU_USAGE,35.8951,8,27,20,1,1,2,0,507,30440.0
2025-01-01 08:27:30,MEMORY_USAGE,53.14,8,27,30,1,1,2,0,507,30450.0
2025-01-01 08:27:40,FLASH_WRITE_RATE,1.6616,8,27,40,1,1,2,0,507,30460.0
2025-01-01 08:27:50,WATCHDOG_COUNTER,76.8721,8,27,50,1,1,2,0,507,30470.0
2025-01-01 08:28:00,TANK_PRESSURE,301.7439,8,28,0,1,1,2,0,508,30480.0
2025-01-01 08:28:10,THRUSTER_VALVE_TEMP,15.4701,8,28,10,1,1,2,0,508,30490.0
2025-01-01 08:28:20,BATT_VOLTAGE_1,28.1438,8,28,20,1,1,2,0,508,30500.0
2025-01-01 08:28:30,BATT_VOLTAGE_2,28.4451,8,28,30,1,1,2,0,508,30510.0
2025-01-01 08:28:40,BATT_CURRENT_1,1.5249,8,28,40,1,1,2,0,508,30520.0
2025-01-01 08:28:50,BATT_CURRENT_2,1.7731,8,28,50,1,1,2,0,508,30530.0
2025-01-01 08:29:00,BATT_TEMP_1,24.0906,8,29,0,1,1,2,0,509,30540.0
2025-01-01 08:29:10,BATT_TEMP_2,19.5455,8,29,10,1,1,2,0,509,30550.0
2025-01-01 08:29:20,BATT_SOC,72.3488,8,29,20,1,1,2,0,509,30560.0
2025-01-01 08:29:30,SOLAR_PANEL_VOLT_A,29.4738,8,29,30,1,1,2,0,509,30570.0
2025-01-01 08:29:40,SOLAR_PANEL_VOLT_B,32.1661,8,29,40,1,1,2,0,509,30580.0
2025-01-01 08:29:50,SOLAR_PANEL_CURR_A,6.5856,8,29,50,1,1,2,0,509,30590.0
2025-01-01 08:30:00,SOLAR_PANEL_CURR_B,3.8374,8,30,0,1,1,2,0,510,30600.0
2025-01-01 08:30:10,SOLAR_POWER_TOTAL,114.0513,8,30,10,1,1,2,0,510,30610.0
2025-01-01 08:30:20,BUS_VOLTAGE,28.061,8,30,20,1,1,2,0,510,30620.0
2025-01-01 08:30:30,BUS_CURRENT,6.5209,8,30,30,1,1,2,0,510,30630.0
2025-01-01 08:30:40,THRUSTER_TEMP_1,19.3876,8,30,40,1,1,2,0,510,30640.0
2025-01-01 08:30:50,THRUSTER_TEMP_2,22.7089,8,30,50,1,1,2,0,510,30650.0
2025-01-01 08:31:00,PAYLOAD_TEMP_CAM,20.0055,8,31,0,1,1,2,0,511,30660.0
2025-01-01 08:31:10,PAYLOAD_TEMP_SENSOR,25.2101,8,31,10,1,1,2,0,511,30670.0
2025-01-01 08:31:20,OBC_TEMP,37.7164,8,31,20,1,1,2,0,511,30680.0
2025-01-01 08:31:30,TRANS_TEMP,34.6495,8,31,30,1,1,2,0,511,30690.0
2025-01-01 08:31:40,STRUCT_TEMP_PANEL_X,26.8138,8,31,40,1,1,2,0,511,30700.0
2025-01-01 08:31:50,STRUCT_TEMP_PANEL_Y,19.0516,8,31,50,1,1,2,0,511,30710.0
2025-01-01 08:32:00,STRUCT_TEMP_PANEL_Z,16.5269,8,32,0,1,1,2,0,512,30720.0
2025-01-01 08:32:10,RADIATOR_TEMP,-20.4881,8,32,10,1,1,2,0,512,30730.0
2025-01-01 08:32:20,GYRO_X,-0.0328,8,32,20,1,1,2,0,512,30740.0
2025-01-01 08:32:30,GYRO_Y,-0.0391,8,32,30,1,1,2,0,512,30750.0
2025-01-01 08:32:40,GYRO_Z,-0.0437,8,32,40,1,1,2,0,512,30760.0
2025-01-01 08:32:50,MAGNETOMETER_X,-16.4553,8,32,50,1,1,2,0,512,30770.0
2025-01-01 08:33:00,MAGNETOMETER_Y,15.8517,8,33,0,1,1,2,0,513,30780.0
2025-01-01 08:33:10,MAGNETOMETER_Z,20.5503,8,33,10,1,1,2,0,513,30790.0
2025-01-01 08:33:20,REACTION_WHEEL_SPD_X,-1053.5403,8,33,20,1,1,2,0,513,30800.0
2025-01-01 08:33:30,REACTION_WHEEL_SPD_Y,-1288.1577,8,33,30,1,1,2,0,513,30810.0
2025-01-01 08:33:40,REACTION_WHEEL_SPD_Z,77.6869,8,33,40,1,1,2,0,513,30820.0
2025-01-01 08:33:50,ATTITUDE_ROLL,0.8953,8,33,50,1,1,2,0,513,30830.0
2025-01-01 08:34:00,ATTITUDE_PITCH,-1.6445,8,34,0,1,1,2,0,514,30840.0
2025-01-01 08:34:10,ATTITUDE_YAW,0.5382,8,34,10,1,1,2,0,514,30850.0
2025-01-01 08:34:20,STAR_TRACKER_VALID,0.3592,8,34,20,1,1,2,0,514,30860.0
2025-01-01 08:34:30,SUN_SENSOR_ANGLE,40.6747,8,34,30,1,1,2,0,514,30870.0
2025-01-01 08:34:40,RF_SIGNAL_STRENGTH,-61.7978,8,34,40,1,1,2,0,514,30880.0
2025-01-01 08:34:50,RF_NOISE_FLOOR,-104.1574,8,34,50,1,1,2,0,514,30890.0
2025-01-01 08:35:00,TX_POWER,3.3925,8,35,0,1,1,2,0,515,30900.0
2025-01-01 08:35:10,LINK_MARGIN,9.9218,8,35,10,1,1,2,0,515,30910.0
2025-01-01 08:35:20,DATA_RATE_KBPS,108.7718,8,35,20,1,1,2,0,515,30920.0
2025-01-01 08:35:30,PACKET_LOSS_RATE,0.9318,8,35,30,1,1,2,0,515,30930.0
2025-01-01 08:35:40,CPU_USAGE,45.9181,8,35,40,1,1,2,0,515,30940.0
2025-01-01 08:35:50,MEMORY_USAGE,60.1208,8,35,50,1,1,2,0,515,30950.0
2025-01-01 08:36:00,FLASH_WRITE_RATE,1.6517,8,36,0,1,1,2,0,516,30960.0
2025-01-01 08:36:10,WATCHDOG_COUNTER,28.4047,8,36,10,1,1,2,0,516,30970.0
2025-01-01 08:36:20,TANK_PRESSURE,297.1458,8,36,20,1,1,2,0,516,30980.0
2025-01-01 08:36:30,THRUSTER_VALVE_TEMP,17.1377,8,36,30,1,1,2,0,516,30990.0
2025-01-01 08:36:40,BATT_VOLTAGE_1,27.7786,8,36,40,1,1,2,0,516,31000.0
2025-01-01 08:36:50,BATT_VOLTAGE_2,28.0425,8,36,50,1,1,2,0,516,31010.0
2025-01-01 08:37:00,BATT_CURRENT_1,2.1171,8,37,0,1,1,2,0,517,31020.0
2025-01-01 08:37:10,BATT_CURRENT_2,3.0889,8,37,10,1,1,2,0,517,31030.0
2025-01-01 08:37:20,BATT_TEMP_1,28.4431,8,37,20,1,1,2,0,517,31040.0
2025-01-01 08:37:30,BATT_TEMP_2,22.7257,8,37,30,1,1,2,0,517,31050.0
2025-01-01 08:37:40,BATT_SOC,67.1854,8,37,40,1,1,2,0,517,31060.0
2025-01-01 08:37:50,SOLAR_PANEL_VOLT_A,31.3408,8,37,50,1,1,2,0,517,31070.0
2025-01-01 08:38:00,SOLAR_PANEL_VOLT_B,29.6378,8,38,0,1,1,2,0,518,31080.0
2025-01-01 08:38:10,SOLAR_PANEL_CURR_A,4.2061,8,38,10,1,1,2,0,518,31090.0
2025-01-01 08:38:20,SOLAR_PANEL_CURR_B,4.6798,8,38,20,1,1,2,0,518,31100.0
2025-01-01 08:38:30,SOLAR_POWER_TOTAL,93.5642,8,38,30,1,1,2,0,518,31110.0
2025-01-01 08:38:40,BUS_VOLTAGE,28.8154,8,38,40,1,1,2,0,518,31120.0
2025-01-01 08:38:50,BUS_CURRENT,7.881,8,38,50,1,1,2,0,518,31130.0
2025-01-01 08:39:00,THRUSTER_TEMP_1,24.625,8,39,0,1,1,2,0,519,31140.0
2025-01-01 08:39:10,THRUSTER_TEMP_2,21.1766,8,39,10,1,1,2,0,519,31150.0
2025-01-01 08:39:20,PAYLOAD_TEMP_CAM,21.2553,8,39,20,1,1,2,0,519,31160.0
2025-01-01 08:39:30,PAYLOAD_TEMP_SENSOR,24.1098,8,39,30,1,1,2,0,519,31170.0
2025-01-01 08:39:40,OBC_TEMP,39.7053,8,39,40,1,1,2,0,519,31180.0
2025-01-01 08:39:50,TRANS_TEMP,33.8636,8,39,50,1,1,2,0,519,31190.0
2025-01-01 08:40:00,STRUCT_TEMP_PANEL_X,20.9818,8,40,0,1,1,2,0,520,31200.0
2025-01-01 08:40:10,STRUCT_TEMP_PANEL_Y,18.6045,8,40,10,1,1,2,0,520,31210.0
2025-01-01 08:40:20,STRUCT_TEMP_PANEL_Z,5.0221,8,40,20,1,1,2,0,520,31220.0
2025-01-01 08:40:30,RADIATOR_TEMP,-0.5891,8,40,30,1,1,2,0,520,31230.0
2025-01-01 08:40:40,GYRO_X,0.0326,8,40,40,1,1,2,0,520,31240.0
2025-01-01 08:40:50,GYRO_Y,0.0313,8,40,50,1,1,2,0,520,31250.0
2025-01-01 08:41:00,GYRO_Z,0.0097,8,41,0,1,1,2,0,521,31260.0
2025-01-01 08:41:10,MAGNETOMETER_X,27.4022,8,41,10,1,1,2,0,521,31270.0
2025-01-01 08:41:20,MAGNETOMETER_Y,5.6536,8,41,20,1,1,2,0,521,31280.0
2025-01-01 08:41:30,MAGNETOMETER_Z,27.9606,8,41,30,1,1,2,0,521,31290.0
2025-01-01 08:41:40,REACTION_WHEEL_SPD_X,1444.1078,8,41,40,1,1,2,0,521,31300.0
2025-01-01 08:41:50,REACTION_WHEEL_SPD_Y,-275.9492,8,41,50,1,1,2,0,521,31310.0
2025-01-01 08:42:00,REACTION_WHEEL_SPD_Z,-1370.0077,8,42,0,1,1,2,0,522,31320.0
2025-01-01 08:42:10,ATTITUDE_ROLL,0.9966,8,42,10,1,1,2,0,522,31330.0
2025-01-01 08:42:20,ATTITUDE_PITCH,-0.6112,8,42,20,1,1,2,0,522,31340.0
2025-01-01 08:42:30,ATTITUDE_YAW,-1.6282,8,42,30,1,1,2,0,522,31350.0
2025-01-01 08:42:40,STAR_TRACKER_VALID,0.2553,8,42,40,1,1,2,0,522,31360.0
2025-01-01 08:42:50,SUN_SENSOR_ANGLE,37.463,8,42,50,1,1,2,0,522,31370.0
2025-01-01 08:43:00,RF_SIGNAL_STRENGTH,-67.4217,8,43,0,1,1,2,0,523,31380.0
2025-01-01 08:43:10,RF_NOISE_FLOOR,-92.855,8,43,10,1,1,2,0,523,31390.0
2025-01-01 08:43:20,TX_POWER,3.1351,8,43,20,1,1,2,0,523,31400.0
2025-01-01 08:43:30,LINK_MARGIN,13.7581,8,43,30,1,1,2,0,523,31410.0
2025-01-01 08:43:40,DATA_RATE_KBPS,94.3813,8,43,40,1,1,2,0,523,31420.0
2025-01-01 08:43:50,PACKET_LOSS_RATE,0.4429,8,43,50,1,1,2,0,523,31430.0
2025-01-01 08:44:00,CPU_USAGE,25.478,8,44,0,1,1,2,0,524,31440.0
2025-01-01 08:44:10,MEMORY_USAGE,62.3227,8,44,10,1,1,2,0,524,31450.0
2025-01-01 08:44:20,FLASH_WRITE_RATE,1.3548,8,44,20,1,1,2,0,524,31460.0
2025-01-01 08:44:30,WATCHDOG_COUNTER,56.2759,8,44,30,1,1,2,0,524,31470.0
2025-01-01 08:44:40,TANK_PRESSURE,291.7219,8,44,40,1,1,2,0,524,31480.0
2025-01-01 08:44:50,THRUSTER_VALVE_TEMP,19.7102,8,44,50,1,1,2,0,524,31490.0
2025-01-01 08:45:00,BATT_VOLTAGE_1,27.9894,8,45,0,1,1,2,0,525,31500.0
2025-01-01 08:45:10,BATT_VOLTAGE_2,28.6259,8,45,10,1,1,2,0,525,31510.0
2025-01-01 08:45:20,BATT_CURRENT_1,1.7433,8,45,20,1,1,2,0,525,31520.0
2025-01-01 08:45:30,BATT_CURRENT_2,1.8232,8,45,30,1,1,2,0,525,31530.0
2025-01-01 08:45:40,BATT_TEMP_1,21.1985,8,45,40,1,1,2,0,525,31540.0
2025-01-01 08:45:50,BATT_TEMP_2,21.5933,8,45,50,1,1,2,0,525,31550.0
2025-01-01 08:46:00,BATT_SOC,73.7734,8,46,0,1,1,2,0,526,31560.0
2025-01-01 08:46:10,SOLAR_PANEL_VOLT_A,29.4139,8,46,10,1,1,2,0,526,31570.0
2025-01-01 08:46:20,SOLAR_PANEL_VOLT_B,29.2758,8,46,20,1,1,2,0,526,31580.0
2025-01-01 08:46:30,SOLAR_PANEL_CURR_A,5.9245,8,46,30,1,1,2,0,526,31590.0
2025-01-01 08:46:40,SOLAR_PANEL_CURR_B,5.0032,8,46,40,1,1,2,0,526,31600.0
2025-01-01 08:46:50,SOLAR_POWER_TOTAL,95.0965,8,46,50,1,1,2,0,526,31610.0
2025-01-01 08:47:00,BUS_VOLTAGE,28.8958,8,47,0,1,1,2,0,527,31620.0
2025-01-01 08:47:10,BUS_CURRENT,6.8272,8,47,10,1,1,2,0,527,31630.0
2025-01-01 08:47:20,THRUSTER_TEMP_1,23.3199,8,47,20,1,1,2,0,527,31640.0
2025-01-01 08:47:30,THRUSTER_TEMP_2,22.0052,8,47,30,1,1,2,0,527,31650.0
2025-01-01 08:47:40,PAYLOAD_TEMP_CAM,20.3013,8,47,40,1,1,2,0,527,31660.0
2025-01-01 08:47:50,PAYLOAD_TEMP_SENSOR,20.8283,8,47,50,1,1,2,0,527,31670.0
2025-01-01 08:48:00,OBC_TEMP,38.462,8,48,0,1,1,2,0,528,31680.0
2025-01-01 08:48:10,TRANS_TEMP,30.8495,8,48,10,1,1,2,0,528,31690.0
2025-01-01 08:48:20,STRUCT_TEMP_PANEL_X,14.4994,8,48,20,1,1,2,0,528,31700.0
2025-01-01 08:48:30,STRUCT_TEMP_PANEL_Y,19.9141,8,48,30,1,1,2,0,528,31710.0
2025-01-01 08:48:40,STRUCT_TEMP_PANEL_Z,2.6042,8,48,40,1,1,2,0,528,31720.0
2025-01-01 08:48:50,RADIATOR_TEMP,-19.3215,8,48,50,1,1,2,0,528,31730.0
2025-01-01 08:49:00,GYRO_X,-0.0401,8,49,0,1,1,2,0,529,31740.0
2025-01-01 08:49:10,GYRO_Y,0.0297,8,49,10,1,1,2,0,529,31750.0
2025-01-01 08:49:20,GYRO_Z,-0.0223,8,49,20,1,1,2,0,529,31760.0
2025-01-01 08:49:30,MAGNETOMETER_X,-7.4925,8,49,30,1,1,2,0,529,31770.0
2025-01-01 08:49:40,MAGNETOMETER_Y,-2.7806,8,49,40,1,1,2,0,529,31780.0
2025-01-01 08:49:50,MAGNETOMETER_Z,23.963,8,49,50,1,1,2,0,529,31790.0
2025-01-01 08:50:00,REACTION_WHEEL_SPD_X,165.6074,8,50,0,1,1,2,0,530,31800.0
2025-01-01 08:50:10,REACTION_WHEEL_SPD_Y,-1046.1622,8,50,10,1,1,2,0,530,31810.0
2025-01-01 08:50:20,REACTION_WHEEL_SPD_Z,-821.3483,8,50,20,1,1,2,0,530,31820.0
2025-01-01 08:50:30,ATTITUDE_ROLL,-1.4488,8,50,30,1,1,2,0,530,31830.0
2025-01-01 08:50:40,ATTITUDE_PITCH,-1.5799,8,50,40,1,1,2,0,530,31840.0
2025-01-01 08:50:50,ATTITUDE_YAW,0.3234,8,50,50,1,1,2,0,530,31850.0
2025-01-01 08:51:00,STAR_TRACKER_VALID,0.2448,8,51,0,1,1,2,0,531,31860.0
2025-01-01 08:51:10,SUN_SENSOR_ANGLE,78.6547,8,51,10,1,1,2,0,531,31870.0
2025-01-01 08:51:20,RF_SIGNAL_STRENGTH,-59.8501,8,51,20,1,1,2,0,531,31880.0
2025-01-01 08:51:30,RF_NOISE_FLOOR,-96.9093,8,51,30,1,1,2,0,531,31890.0
2025-01-01 08:51:40,TX_POWER,2.3501,8,51,40,1,1,2,0,531,31900.0
2025-01-01 08:51:50,LINK_MARGIN,14.5561,8,51,50,1,1,2,0,531,31910.0
2025-01-01 08:52:00,DATA_RATE_KBPS,77.0087,8,52,0,1,1,2,0,532,31920.0
2025-01-01 08:52:10,PACKET_LOSS_RATE,1.4387,8,52,10,1,1,2,0,532,31930.0
2025-01-01 08:52:20,CPU_USAGE,24.4534,8,52,20,1,1,2,0,532,31940.0
2025-01-01 08:52:30,MEMORY_USAGE,41.6394,8,52,30,1,1,2,0,532,31950.0
2025-01-01 08:52:40,FLASH_WRITE_RATE,1.2068,8,52,40,1,1,2,0,532,31960.0
2025-01-01 08:52:50,WATCHDOG_COUNTER,26.7686,8,52,50,1,1,2,0,532,31970.0
2025-01-01 08:53:00,TANK_PRESSURE,300.2412,8,53,0,1,1,2,0,533,31980.0
2025-01-01 08:53:10,THRUSTER_VALVE_TEMP,20.6866,8,53,10,1,1,2,0,533,31990.0
2025-01-01 08:53:20,BATT_VOLTAGE_1,27.1262,8,53,20,1,1,2,0,533,32000.0
2025-01-01 08:53:30,BATT_VOLTAGE_2,28.3361,8,53,30,1,1,2,0,533,32010.0
2025-01-01 08:53:40,BATT_CURRENT_1,1.8408,8,53,40,1,1,2,0,533,32020.0
2025-01-01 08:53:50,BATT_CURRENT_2,2.2218,8,53,50,1,1,2,0,533,32030.0
2025-01-01 08:54:00,BATT_TEMP_1,25.6845,8,54,0,1,1,2,0,534,32040.0
2025-01-01 08:54:10,BATT_TEMP_2,29.6143,8,54,10,1,1,2,0,534,32050.0
2025-01-01 08:54:20,BATT_SOC,77.1698,8,54,20,1,1,2,0,534,32060.0
2025-01-01 08:54:30,SOLAR_PANEL_VOLT_A,32.2783,8,54,30,1,1,2,0,534,32070.0
2025-01-01 08:54:40,SOLAR_PANEL_VOLT_B,29.8838,8,54,40,1,1,2,0,534,32080.0
2025-01-01 08:54:50,SOLAR_PANEL_CURR_A,6.9118,8,54,50,1,1,2,0,534,32090.0
2025-01-01 08:55:00,SOLAR_PANEL_CURR_B,6.04,8,55,0,1,1,2,0,535,32100.0
2025-01-01 08:55:10,SOLAR_POWER_TOTAL,100.501,8,55,10,1,1,2,0,535,32110.0
2025-01-01 08:55:20,BUS_VOLTAGE,28.2317,8,55,20,1,1,2,0,535,32120.0
2025-01-01 08:55:30,BUS_CURRENT,6.7363,8,55,30,1,1,2,0,535,32130.0
2025-01-01 08:55:40,THRUSTER_TEMP_1,18.3345,8,55,40,1,1,2,0,535,32140.0
2025-01-01 08:55:50,THRUSTER_TEMP_2,19.003,8,55,50,1,1,2,0,535,32150.0
2025-01-01 08:56:00,PAYLOAD_TEMP_CAM,23.5507,8,56,0,1,1,2,0,536,32160.0
2025-01-01 08:56:10,PAYLOAD_TEMP_SENSOR,20.9761,8,56,10,1,1,2,0,536,32170.0
2025-01-01 08:56:20,OBC_TEMP,44.9378,8,56,20,1,1,2,0,536,32180.0
2025-01-01 08:56:30,TRANS_TEMP,30.7684,8,56,30,1,1,2,0,536,32190.0
2025-01-01 08:56:40,STRUCT_TEMP_PANEL_X,34.8675,8,56,40,1,1,2,0,536,32200.0
2025-01-01 08:56:50,STRUCT_TEMP_PANEL_Y,31.1562,8,56,50,1,1,2,0,536,32210.0
2025-01-01 08:57:00,STRUCT_TEMP_PANEL_Z,1.3353,8,57,0,1,1,2,0,537,32220.0
2025-01-01 08:57:10,RADIATOR_TEMP,-9.8136,8,57,10,1,1,2,0,537,32230.0
2025-01-01 08:57:20,GYRO_X,0.0268,8,57,20,1,1,2,0,537,32240.0
2025-01-01 08:57:30,GYRO_Y,-0.0256,8,57,30,1,1,2,0,537,32250.0
2025-01-01 08:57:40,GYRO_Z,0.0034,8,57,40,1,1,2,0,537,32260.0
2025-01-01 08:57:50,MAGNETOMETER_X,-13.0548,8,57,50,1,1,2,0,537,32270.0
2025-01-01 08:58:00,MAGNETOMETER_Y,20.7356,8,58,0,1,1,2,0,538,32280.0
2025-01-01 08:58:10,MAGNETOMETER_Z,-30.9881,8,58,10,1,1,2,0,538,32290.0
2025-01-01 08:58:20,REACTION_WHEEL_SPD_X,404.0283,8,58,20,1,1,2,0,538,32300.0
2025-01-01 08:58:30,REACTION_WHEEL_SPD_Y,-1412.1607,8,58,30,1,1,2,0,538,32310.0
2025-01-01 08:58:40,REACTION_WHEEL_SPD_Z,-1966.5643,8,58,40,1,1,2,0,538,32320.0
2025-01-01 08:58:50,ATTITUDE_ROLL,0.615,8,58,50,1,1,2,0,538,32330.0
2025-01-01 08:59:00,ATTITUDE_PITCH,1.4267,8,59,0,1,1,2,0,539,32340.0
2025-01-01 08:59:10,ATTITUDE_YAW,-1.8535,8,59,10,1,1,2,0,539,32350.0
2025-01-01 08:59:20,STAR_TRACKER_VALID,0.3241,8,59,20,1,1,2,0,539,32360.0
2025-01-01 08:59:30,SUN_SENSOR_ANGLE,65.1027,8,59,30,1,1,2,0,539,32370.0
2025-01-01 08:59:40,RF_SIGNAL_STRENGTH,-70.3496,8,59,40,1,1,2,0,539,32380.0
2025-01-01 08:59:50,RF_NOISE_FLOOR,-99.7682,8,59,50,1,1,2,0,539,32390.0
2025-01-01 09:00:00,TX_POWER,2.075,9,0,0,1,1,2,0,540,32400.0
2025-01-01 09:00:10,LINK_MARGIN,19.4865,9,0,10,1,1,2,0,540,32410.0
2025-01-01 09:00:20,DATA_RATE_KBPS,100.9947,9,0,20,1,1,2,0,540,32420.0
2025-01-01 09:00:30,PACKET_LOSS_RATE,0.5337,9,0,30,1,1,2,0,540,32430.0
2025-01-01 09:00:40,CPU_USAGE,24.3447,9,0,40,1,1,2,0,540,32440.0
2025-01-01 09:00:50,MEMORY_USAGE,50.1797,9,0,50,1,1,2,0,540,32450.0
2025-01-01 09:01:00,FLASH_WRITE_RATE,1.7845,9,1,0,1,1,2,0,541,32460.0
2025-01-01 09:01:10,WATCHDOG_COUNTER,52.9929,9,1,10,1,1,2,0,541,32470.0
2025-01-01 09:01:20,TANK_PRESSURE,293.5958,9,1,20,1,1,2,0,541,32480.0
2025-01-01 09:01:30,THRUSTER_VALVE_TEMP,13.9946,9,1,30,1,1,2,0,541,32490.0
2025-01-01 09:01:40,BATT_VOLTAGE_1,27.2678,9,1,40,1,1,2,0,541,32500.0
2025-01-01 09:01:50,BATT_VOLTAGE_2,27.4936,9,1,50,1,1,2,0,541,32510.0
2025-01-01 09:02:00,BATT_CURRENT_1,3.0,9,2,0,1,1,2,0,542,32520.0
2025-01-01 09:02:10,BATT_CURRENT_2,2.2763,9,2,10,1,1,2,0,542,32530.0
2025-01-01 09:02:20,BATT_TEMP_1,21.4684,9,2,20,1,1,2,0,542,32540.0
2025-01-01 09:02:30,BATT_TEMP_2,26.9276,9,2,30,1,1,2,0,542,32550.0
2025-01-01 09:02:40,BATT_SOC,73.8638,9,2,40,1,1,2,0,542,32560.0
2025-01-01 09:02:50,SOLAR_PANEL_VOLT_A,31.2528,9,2,50,1,1,2,0,542,32570.0
2025-01-01 09:03:00,SOLAR_PANEL_VOLT_B,32.5195,9,3,0,1,1,2,0,543,32580.0
2025-01-01 09:03:10,SOLAR_PANEL_CURR_A,6.3735,9,3,10,1,1,2,0,543,32590.0
2025-01-01 09:03:20,SOLAR_PANEL_CURR_B,3.9059,9,3,20,1,1,2,0,543,32600.0
2025-01-01 09:03:30,SOLAR_POWER_TOTAL,115.3666,9,3,30,1,1,2,0,543,32610.0
2025-01-01 09:03:40,BUS_VOLTAGE,28.7997,9,3,40,1,1,2,0,543,32620.0
2025-01-01 09:03:50,BUS_CURRENT,9.2142,9,3,50,1,1,2,0,543,32630.0
2025-01-01 09:04:00,THRUSTER_TEMP_1,25.805,9,4,0,1,1,2,0,544,32640.0
2025-01-01 09:04:10,THRUSTER_TEMP_2,22.8885,9,4,10,1,1,2,0,544,32650.0
2025-01-01 09:04:20,PAYLOAD_TEMP_CAM,23.1329,9,4,20,1,1,2,0,544,32660.0
2025-01-01 09:04:30,PAYLOAD_TEMP_SENSOR,20.2453,9,4,30,1,1,2,0,544,32670.0
2025-01-01 09:04:40,OBC_TEMP,44.2365,9,4,40,1,1,2,0,544,32680.0
2025-01-01 09:04:50,TRANS_TEMP,37.4254,9,4,50,1,1,2,0,544,32690.0
2025-01-01 09:05:00,STRUCT_TEMP_PANEL_X,24.1262,9,5,0,1,1,2,0,545,32700.0
2025-01-01 09:05:10,STRUCT_TEMP_PANEL_Y,14.4167,9,5,10,1,1,2,0,545,32710.0
2025-01-01 09:05:20,STRUCT_TEMP_PANEL_Z,19.7823,9,5,20,1,1,2,0,545,32720.0
2025-01-01 09:05:30,RADIATOR_TEMP,-17.8287,9,5,30,1,1,2,0,545,32730.0
2025-01-01 09:05:40,GYRO_X,-0.0114,9,5,40,1,1,2,0,545,32740.0
2025-01-01 09:05:50,GYRO_Y,-0.0186,9,5,50,1,1,2,0,545,32750.0
2025-01-01 09:06:00,GYRO_Z,0.0347,9,6,0,1,1,2,0,546,32760.0
2025-01-01 09:06:10,MAGNETOMETER_X,-31.4299,9,6,10,1,1,2,0,546,32770.0
2025-01-01 09:06:20,MAGNETOMETER_Y,-1.1486,9,6,20,1,1,2,0,546,32780.0
2025-01-01 09:06:30,MAGNETOMETER_Z,11.3855,9,6,30,1,1,2,0,546,32790.0
2025-01-01 09:06:40,REACTION_WHEEL_SPD_X,1230.8161,9,6,40,1,1,2,0,546,32800.0
2025-01-01 09:06:50,REACTION_WHEEL_SPD_Y,588.0084,9,6,50,1,1,2,0,546,32810.0
2025-01-01 09:07:00,REACTION_WHEEL_SPD_Z,379.933,9,7,0,1,1,2,0,547,32820.0
2025-01-01 09:07:10,ATTITUDE_ROLL,0.9047,9,7,10,1,1,2,0,547,32830.0
2025-01-01 09:07:20,ATTITUDE_PITCH,0.5892,9,7,20,1,1,2,0,547,32840.0
2025-01-01 09:07:30,ATTITUDE_YAW,-1.7872,9,7,30,1,1,2,0,547,32850.0
2025-01-01 09:07:40,STAR_TRACKER_VALID,0.3753,9,7,40,1,1,2,0,547,32860.0
2025-01-01 09:07:50,SUN_SENSOR_ANGLE,110.2369,9,7,50,1,1,2,0,547,32870.0
2025-01-01 09:08:00,RF_SIGNAL_STRENGTH,-73.3672,9,8,0,1,1,2,0,548,32880.0
2025-01-01 09:08:10,RF_NOISE_FLOOR,-101.0329,9,8,10,1,1,2,0,548,32890.0
2025-01-01 09:08:20,TX_POWER,1.7817,9,8,20,1,1,2,0,548,32900.0
2025-01-01 09:08:30,LINK_MARGIN,15.929,9,8,30,1,1,2,0,548,32910.0
2025-01-01 09:08:40,DATA_RATE_KBPS,113.5413,9,8,40,1,1,2,0,548,32920.0
2025-01-01 09:08:50,PACKET_LOSS_RATE,0.9395,9,8,50,1,1,2,0,548,32930.0
2025-01-01 09:09:00,CPU_USAGE,35.9373,9,9,0,1,1,2,0,549,32940.0
2025-01-01 09:09:10,MEMORY_USAGE,42.5141,9,9,10,1,1,2,0,549,32950.0
2025-01-01 09:09:20,FLASH_WRITE_RATE,1.7582,9,9,20,1,1,2,0,549,32960.0
2025-01-01 09:09:30,WATCHDOG_COUNTER,68.1944,9,9,30,1,1,2,0,549,32970.0
2025-01-01 09:09:40,TANK_PRESSURE,286.049,9,9,40,1,1,2,0,549,32980.0
2025-01-01 09:09:50,THRUSTER_VALVE_TEMP,15.9126,9,9,50,1,1,2,0,549,32990.0
2025-01-01 09:10:00,BATT_VOLTAGE_1,27.1188,9,10,0,1,1,2,0,550,33000.0
2025-01-01 09:10:10,BATT_VOLTAGE_2,28.3628,9,10,10,1,1,2,0,550,33010.0
2025-01-01 09:10:20,BATT_CURRENT_1,1.9609,9,10,20,1,1,2,0,550,33020.0
2025-01-01 09:10:30,BATT_CURRENT_2,1.8319,9,10,30,1,1,2,0,550,33030.0
2025-01-01 09:10:40,BATT_TEMP_1,23.8116,9,10,40,1,1,2,0,550,33040.0
2025-01-01 09:10:50,BATT_TEMP_2,20.4002,9,10,50,1,1,2,0,550,33050.0
2025-01-01 09:11:00,BATT_SOC,83.9563,9,11,0,1,1,2,0,551,33060.0
2025-01-01 09:11:10,SOLAR_PANEL_VOLT_A,29.7553,9,11,10,1,1,2,0,551,33070.0
2025-01-01 09:11:20,SOLAR_PANEL_VOLT_B,29.4082,9,11,20,1,1,2,0,551,33080.0
2025-01-01 09:11:30,SOLAR_PANEL_CURR_A,4.5202,9,11,30,1,1,2,0,551,33090.0
2025-01-01 09:11:40,SOLAR_PANEL_CURR_B,4.7825,9,11,40,1,1,2,0,551,33100.0
2025-01-01 09:11:50,SOLAR_POWER_TOTAL,91.0952,9,11,50,1,1,2,0,551,33110.0
2025-01-01 09:12:00,BUS_VOLTAGE,28.4593,9,12,0,1,1,2,0,552,33120.0
2025-01-01 09:12:10,BUS_CURRENT,6.372,9,12,10,1,1,2,0,552,33130.0
2025-01-01 09:12:20,THRUSTER_TEMP_1,18.9022,9,12,20,1,1,2,0,552,33140.0
2025-01-01 09:12:30,THRUSTER_TEMP_2,18.2166,9,12,30,1,1,2,0,552,33150.0
2025-01-01 09:12:40,PAYLOAD_TEMP_CAM,23.7016,9,12,40,1,1,2,0,552,33160.0
2025-01-01 09:12:50,PAYLOAD_TEMP_SENSOR,24.6561,9,12,50,1,1,2,0,552,33170.0
2025-01-01 09:13:00,OBC_TEMP,44.7452,9,13,0,1,1,2,0,553,33180.0
2025-01-01 09:13:10,TRANS_TEMP,31.882,9,13,10,1,1,2,0,553,33190.0
2025-01-01 09:13:20,STRUCT_TEMP_PANEL_X,22.3703,9,13,20,1,1,2,0,553,33200.0
2025-01-01 09:13:30,STRUCT_TEMP_PANEL_Y,15.0389,9,13,30,1,1,2,0,553,33210.0
2025-01-01 09:13:40,STRUCT_TEMP_PANEL_Z,6.8913,9,13,40,1,1,2,0,553,33220.0
2025-01-01 09:13:50,RADIATOR_TEMP,-4.0441,9,13,50,1,1,2,0,553,33230.0
2025-01-01 09:14:00,GYRO_X,0.0216,9,14,0,1,1,2,0,554,33240.0
2025-01-01 09:14:10,GYRO_Y,-0.0365,9,14,10,1,1,2,0,554,33250.0
2025-01-01 09:14:20,GYRO_Z,-0.0466,9,14,20,1,1,2,0,554,33260.0
2025-01-01 09:14:30,MAGNETOMETER_X,-13.7789,9,14,30,1,1,2,0,554,33270.0
2025-01-01 09:14:40,MAGNETOMETER_Y,13.6332,9,14,40,1,1,2,0,554,33280.0
2025-01-01 09:14:50,MAGNETOMETER_Z,-29.6241,9,14,50,1,1,2,0,554,33290.0
2025-01-01 09:15:00,REACTION_WHEEL_SPD_X,920.79,9,15,0,1,1,2,0,555,33300.0
2025-01-01 09:15:10,REACTION_WHEEL_SPD_Y,-1503.532,9,15,10,1,1,2,0,555,33310.0
2025-01-01 09:15:20,REACTION_WHEEL_SPD_Z,-991.7174,9,15,20,1,1,2,0,555,33320.0
2025-01-01 09:15:30,ATTITUDE_ROLL,-0.8361,9,15,30,1,1,2,0,555,33330.0
2025-01-01 09:15:40,ATTITUDE_PITCH,-1.5279,9,15,40,1,1,2,0,555,33340.0
2025-01-01 09:15:50,ATTITUDE_YAW,-1.3923,9,15,50,1,1,2,0,555,33350.0
2025-01-01 09:16:00,STAR_TRACKER_VALID,0.3799,9,16,0,1,1,2,0,556,33360.0
2025-01-01 09:16:10,SUN_SENSOR_ANGLE,56.9065,9,16,10,1,1,2,0,556,33370.0
2025-01-01 09:16:20,RF_SIGNAL_STRENGTH,-58.6457,9,16,20,1,1,2,0,556,33380.0
2025-01-01 09:16:30,RF_NOISE_FLOOR,-100.1878,9,16,30,1,1,2,0,556,33390.0
2025-01-01 09:16:40,TX_POWER,2.0205,9,16,40,1,1,2,0,556,33400.0
2025-01-01 09:16:50,LINK_MARGIN,11.6266,9,16,50,1,1,2,0,556,33410.0
2025-01-01 09:17:00,DATA_RATE_KBPS,147.1981,9,17,0,1,1,2,0,557,33420.0
2025-01-01 09:17:10,PACKET_LOSS_RATE,0.4373,9,17,10,1,1,2,0,557,33430.0
2025-01-01 09:17:20,CPU_USAGE,24.9745,9,17,20,1,1,2,0,557,33440.0
2025-01-01 09:17:30,MEMORY_USAGE,52.4583,9,17,30,1,1,2,0,557,33450.0
2025-01-01 09:17:40,FLASH_WRITE_RATE,3.5938,9,17,40,1,1,2,0,557,33460.0
2025-01-01 09:17:50,WATCHDOG_COUNTER,23.7777,9,17,50,1,1,2,0,557,33470.0
2025-01-01 09:18:00,TANK_PRESSURE,297.564,9,18,0,1,1,2,0,558,33480.0
2025-01-01 09:18:10,THRUSTER_VALVE_TEMP,21.249,9,18,10,1,1,2,0,558,33490.0
2025-01-01 09:18:20,BATT_VOLTAGE_1,28.3749,9,18,20,1,1,2,0,558,33500.0
2025-01-01 09:18:30,BATT_VOLTAGE_2,27.356,9,18,30,1,1,2,0,558,33510.0
2025-01-01 09:18:40,BATT_CURRENT_1,3.0761,9,18,40,1,1,2,0,558,33520.0
2025-01-01 09:18:50,BATT_CURRENT_2,2.6994,9,18,50,1,1,2,0,558,33530.0
2025-01-01 09:19:00,BATT_TEMP_1,21.2251,9,19,0,1,1,2,0,559,33540.0
2025-01-01 09:19:10,BATT_TEMP_2,21.1211,9,19,10,1,1,2,0,559,33550.0
2025-01-01 09:19:20,BATT_SOC,81.8859,9,19,20,1,1,2,0,559,33560.0
2025-01-01 09:19:30,SOLAR_PANEL_VOLT_A,31.8151,9,19,30,1,1,2,0,559,33570.0
2025-01-01 09:19:40,SOLAR_PANEL_VOLT_B,30.7272,9,19,40,1,1,2,0,559,33580.0
2025-01-01 09:19:50,SOLAR_PANEL_CURR_A,4.9232,9,19,50,1,1,2,0,559,33590.0
2025-01-01 09:20:00,SOLAR_PANEL_CURR_B,5.7492,9,20,0,1,1,2,0,560,33600.0
2025-01-01 09:20:10,SOLAR_POWER_TOTAL,96.1213,9,20,10,1,1,2,0,560,33610.0
2025-01-01 09:20:20,BUS_VOLTAGE,28.766,9,20,20,1,1,2,0,560,33620.0
2025-01-01 09:20:30,BUS_CURRENT,7.5609,9,20,30,1,1,2,0,560,33630.0
2025-01-01 09:20:40,THRUSTER_TEMP_1,19.3651,9,20,40,1,1,2,0,560,33640.0
2025-01-01 09:20:50,THRUSTER_TEMP_2,18.7767,9,20,50,1,1,2,0,560,33650.0
2025-01-01 09:21:00,PAYLOAD_TEMP_CAM,21.129,9,21,0,1,1,2,0,561,33660.0
2025-01-01 09:21:10,PAYLOAD_TEMP_SENSOR,21.1851,9,21,10,1,1,2,0,561,33670.0
2025-01-01 09:21:20,OBC_TEMP,36.9033,9,21,20,1,1,2,0,561,33680.0
2025-01-01 09:21:30,TRANS_TEMP,32.1857,9,21,30,1,1,2,0,561,33690.0
2025-01-01 09:21:40,STRUCT_TEMP_PANEL_X,31.1368,9,21,40,1,1,2,0,561,33700.0
2025-01-01 09:21:50,STRUCT_TEMP_PANEL_Y,18.68,9,21,50,1,1,2,0,561,33710.0
2025-01-01 09:22:00,STRUCT_TEMP_PANEL_Z,13.0623,9,22,0,1,1,2,0,562,33720.0
2025-01-01 09:22:10,RADIATOR_TEMP,-19.9174,9,22,10,1,1,2,0,562,33730.0
2025-01-01 09:22:20,GYRO_X,-0.0264,9,22,20,1,1,2,0,562,33740.0
2025-01-01 09:22:30,GYRO_Y,-0.0363,9,22,30,1,1,2,0,562,33750.0
2025-01-01 09:22:40,GYRO_Z,0.0323,9,22,40,1,1,2,0,562,33760.0
2025-01-01 09:22:50,MAGNETOMETER_X,-25.7547,9,22,50,1,1,2,0,562,33770.0
2025-01-01 09:23:00,MAGNETOMETER_Y,-29.626,9,23,0,1,1,2,0,563,33780.0
2025-01-01 09:23:10,MAGNETOMETER_Z,-15.3773,9,23,10,1,1,2,0,563,33790.0
2025-01-01 09:23:20,REACTION_WHEEL_SPD_X,1483.5229,9,23,20,1,1,2,0,563,33800.0
2025-01-01 09:23:30,REACTION_WHEEL_SPD_Y,-654.0579,9,23,30,1,1,2,0,563,33810.0
2025-01-01 09:23:40,REACTION_WHEEL_SPD_Z,47.3609,9,23,40,1,1,2,0,563,33820.0
2025-01-01 09:23:50,ATTITUDE_ROLL,-1.6979,9,23,50,1,1,2,0,563,33830.0
2025-01-01 09:24:00,ATTITUDE_PITCH,-1.199,9,24,0,1,1,2,0,564,33840.0
2025-01-01 09:24:10,ATTITUDE_YAW,-1.9787,9,24,10,1,1,2,0,564,33850.0
2025-01-01 09:24:20,STAR_TRACKER_VALID,0.3251,9,24,20,1,1,2,0,564,33860.0
2025-01-01 09:24:30,SUN_SENSOR_ANGLE,77.7166,9,24,30,1,1,2,0,564,33870.0
2025-01-01 09:24:40,RF_SIGNAL_STRENGTH,-71.024,9,24,40,1,1,2,0,564,33880.0
2025-01-01 09:24:50,RF_NOISE_FLOOR,-97.8936,9,24,50,1,1,2,0,564,33890.0
2025-01-01 09:25:00,TX_POWER,3.7793,9,25,0,1,1,2,0,565,33900.0
2025-01-01 09:25:10,LINK_MARGIN,15.8193,9,25,10,1,1,2,0,565,33910.0
2025-01-01 09:25:20,DATA_RATE_KBPS,124.7611,9,25,20,1,1,2,0,565,33920.0
2025-01-01 09:25:30,PACKET_LOSS_RATE,0.6661,9,25,30,1,1,2,0,565,33930.0
2025-01-01 09:25:40,CPU_USAGE,21.6352,9,25,40,1,1,2,0,565,33940.0
2025-01-01 09:25:50,MEMORY_USAGE,45.3224,9,25,50,1,1,2,0,565,33950.0
2025-01-01 09:26:00,FLASH_WRITE_RATE,2.5568,9,26,0,1,1,2,0,566,33960.0
2025-01-01 09:26:10,WATCHDOG_COUNTER,52.4022,9,26,10,1,1,2,0,566,33970.0
2025-01-01 09:26:20,TANK_PRESSURE,307.6149,9,26,20,1,1,2,0,566,33980.0
2025-01-01 09:26:30,THRUSTER_VALVE_TEMP,13.5266,9,26,30,1,1,2,0,566,33990.0
2025-01-01 09:26:40,BATT_VOLTAGE_1,27.3711,9,26,40,1,1,2,0,566,34000.0
2025-01-01 09:26:50,BATT_VOLTAGE_2,27.6287,9,26,50,1,1,2,0,566,34010.0
2025-01-01 09:27:00,BATT_CURRENT_1,3.0094,9,27,0,1,1,2,0,567,34020.0
2025-01-01 09:27:10,BATT_CURRENT_2,1.9425,9,27,10,1,1,2,0,567,34030.0
2025-01-01 09:27:20,BATT_TEMP_1,21.9553,9,27,20,1,1,2,0,567,34040.0
2025-01-01 09:27:30,BATT_TEMP_2,27.8659,9,27,30,1,1,2,0,567,34050.0
2025-01-01 09:27:40,BATT_SOC,87.564,9,27,40,1,1,2,0,567,34060.0
2025-01-01 09:27:50,SOLAR_PANEL_VOLT_A,30.0008,9,27,50,1,1,2,0,567,34070.0
2025-01-01 09:28:00,SOLAR_PANEL_VOLT_B,30.2537,9,28,0,1,1,2,0,568,34080.0
2025-01-01 09:28:10,SOLAR_PANEL_CURR_A,5.9674,9,28,10,1,1,2,0,568,34090.0
2025-01-01 09:28:20,SOLAR_PANEL_CURR_B,4.4272,9,28,20,1,1,2,0,568,34100.0
2025-01-01 09:28:30,SOLAR_POWER_TOTAL,109.3472,9,28,30,1,1,2,0,568,34110.0
2025-01-01 09:28:40,BUS_VOLTAGE,27.9888,9,28,40,1,1,2,0,568,34120.0
2025-01-01 09:28:50,BUS_CURRENT,6.6204,9,28,50,1,1,2,0,568,34130.0
2025-01-01 09:29:00,THRUSTER_TEMP_1,23.6383,9,29,0,1,1,2,0,569,34140.0
2025-01-01 09:29:10,THRUSTER_TEMP_2,19.8221,9,29,10,1,1,2,0,569,34150.0
2025-01-01 09:29:20,PAYLOAD_TEMP_CAM,23.8894,9,29,20,1,1,2,0,569,34160.0
2025-01-01 09:29:30,PAYLOAD_TEMP_SENSOR,22.3165,9,29,30,1,1,2,0,569,34170.0
2025-01-01 09:29:40,OBC_TEMP,43.0017,9,29,40,1,1,2,0,569,34180.0
2025-01-01 09:29:50,TRANS_TEMP,32.2652,9,29,50,1,1,2,0,569,34190.0
2025-01-01 09:30:00,STRUCT_TEMP_PANEL_X,6.533,9,30,0,1,1,2,0,570,34200.0
2025-01-01 09:30:10,STRUCT_TEMP_PANEL_Y,26.8935,9,30,10,1,1,2,0,570,34210.0
2025-01-01 09:30:20,STRUCT_TEMP_PANEL_Z,18.736,9,30,20,1,1,2,0,570,34220.0
2025-01-01 09:30:30,RADIATOR_TEMP,-16.224,9,30,30,1,1,2,0,570,34230.0
2025-01-01 09:30:40,GYRO_X,-0.0012,9,30,40,1,1,2,0,570,34240.0
2025-01-01 09:30:50,GYRO_Y,-0.0398,9,30,50,1,1,2,0,570,34250.0
2025-01-01 09:31:00,GYRO_Z,-0.0288,9,31,0,1,1,2,0,571,34260.0
2025-01-01 09:31:10,MAGNETOMETER_X,3.0797,9,31,10,1,1,2,0,571,34270.0
2025-01-01 09:31:20,MAGNETOMETER_Y,-1.7297,9,31,20,1,1,2,0,571,34280.0
2025-01-01 09:31:30,MAGNETOMETER_Z,-17.8342,9,31,30,1,1,2,0,571,34290.0
2025-01-01 09:31:40,REACTION_WHEEL_SPD_X,-1158.4523,9,31,40,1,1,2,0,571,34300.0
2025-01-01 09:31:50,REACTION_WHEEL_SPD_Y,-1445.677,9,31,50,1,1,2,0,571,34310.0
2025-01-01 09:32:00,REACTION_WHEEL_SPD_Z,1501.572,9,32,0,1,1,2,0,572,34320.0
2025-01-01 09:32:10,ATTITUDE_ROLL,0.9671,9,32,10,1,1,2,0,572,34330.0
2025-01-01 09:32:20,ATTITUDE_PITCH,-0.2235,9,32,20,1,1,2,0,572,34340.0
2025-01-01 09:32:30,ATTITUDE_YAW,2.4238,9,32,30,1,1,2,0,572,34350.0
2025-01-01 09:32:40,STAR_TRACKER_VALID,0.2492,9,32,40,1,1,2,0,572,34360.0
2025-01-01 09:32:50,SUN_SENSOR_ANGLE,92.4843,9,32,50,1,1,2,0,572,34370.0
2025-01-01 09:33:00,RF_SIGNAL_STRENGTH,-58.5523,9,33,0,1,1,2,0,573,34380.0
2025-01-01 09:33:10,RF_NOISE_FLOOR,-90.9064,9,33,10,1,1,2,0,573,34390.0
2025-01-01 09:33:20,TX_POWER,1.9716,9,33,20,1,1,2,0,573,34400.0
2025-01-01 09:33:30,LINK_MARGIN,19.4724,9,33,30,1,1,2,0,573,34410.0
2025-01-01 09:33:40,DATA_RATE_KBPS,126.399,9,33,40,1,1,2,0,573,34420.0
2025-01-01 09:33:50,PACKET_LOSS_RATE,0.6703,9,33,50,1,1,2,0,573,34430.0
2025-01-01 09:34:00,CPU_USAGE,33.3749,9,34,0,1,1,2,0,574,34440.0
2025-01-01 09:34:10,MEMORY_USAGE,51.6428,9,34,10,1,1,2,0,574,34450.0
2025-01-01 09:34:20,FLASH_WRITE_RATE,2.0371,9,34,20,1,1,2,0,574,34460.0
2025-01-01 09:34:30,WATCHDOG_COUNTER,32.1065,9,34,30,1,1,2,0,574,34470.0
2025-01-01 09:34:40,TANK_PRESSURE,292.0071,9,34,40,1,1,2,0,574,34480.0
2025-01-01 09:34:50,THRUSTER_VALVE_TEMP,18.6926,9,34,50,1,1,2,0,574,34490.0
2025-01-01 09:35:00,BATT_VOLTAGE_1,28.0918,9,35,0,1,1,2,0,575,34500.0
2025-01-01 09:35:10,BATT_VOLTAGE_2,27.219,9,35,10,1,1,2,0,575,34510.0
2025-01-01 09:35:20,BATT_CURRENT_1,3.1119,9,35,20,1,1,2,0,575,34520.0
2025-01-01 09:35:30,BATT_CURRENT_2,1.6879,9,35,30,1,1,2,0,575,34530.0
2025-01-01 09:35:40,BATT_TEMP_1,24.006,9,35,40,1,1,2,0,575,34540.0
2025-01-01 09:35:50,BATT_TEMP_2,23.8493,9,35,50,1,1,2,0,575,34550.0
2025-01-01 09:36:00,BATT_SOC,88.9861,9,36,0,1,1,2,0,576,34560.0
2025-01-01 09:36:10,SOLAR_PANEL_VOLT_A,29.7355,9,36,10,1,1,2,0,576,34570.0
2025-01-01 09:36:20,SOLAR_PANEL_VOLT_B,29.2547,9,36,20,1,1,2,0,576,34580.0
2025-01-01 09:36:30,SOLAR_PANEL_CURR_A,6.4953,9,36,30,1,1,2,0,576,34590.0
2025-01-01 09:36:40,SOLAR_PANEL_CURR_B,5.715,9,36,40,1,1,2,0,576,34600.0
2025-01-01 09:36:50,SOLAR_POWER_TOTAL,106.8118,9,36,50,1,1,2,0,576,34610.0
2025-01-01 09:37:00,BUS_VOLTAGE,28.0778,9,37,0,1,1,2,0,577,34620.0
2025-01-01 09:37:10,BUS_CURRENT,8.4708,9,37,10,1,1,2,0,577,34630.0
2025-01-01 09:37:20,THRUSTER_TEMP_1,23.5321,9,37,20,1,1,2,0,577,34640.0
2025-01-01 09:37:30,THRUSTER_TEMP_2,19.8628,9,37,30,1,1,2,0,577,34650.0
2025-01-01 09:37:40,PAYLOAD_TEMP_CAM,23.3641,9,37,40,1,1,2,0,577,34660.0
2025-01-01 09:37:50,PAYLOAD_TEMP_SENSOR,24.4657,9,37,50,1,1,2,0,577,34670.0
2025-01-01 09:38:00,OBC_TEMP,36.3714,9,38,0,1,1,2,0,578,34680.0
2025-01-01 09:38:10,TRANS_TEMP,34.2329,9,38,10,1,1,2,0,578,34690.0
2025-01-01 09:38:20,STRUCT_TEMP_PANEL_X,10.4744,9,38,20,1,1,2,0,578,34700.0
2025-01-01 09:38:30,STRUCT_TEMP_PANEL_Y,28.0588,9,38,30,1,1,2,0,578,34710.0
2025-01-01 09:38:40,STRUCT_TEMP_PANEL_Z,35.8416,9,38,40,1,1,2,0,578,34720.0
2025-01-01 09:38:50,RADIATOR_TEMP,-22.645,9,38,50,1,1,2,0,578,34730.0
2025-01-01 09:39:00,GYRO_X,0.0203,9,39,0,1,1,2,0,579,34740.0
2025-01-01 09:39:10,GYRO_Y,-0.0075,9,39,10,1,1,2,0,579,34750.0
2025-01-01 09:39:20,GYRO_Z,-0.0084,9,39,20,1,1,2,0,579,34760.0
2025-01-01 09:39:30,MAGNETOMETER_X,-19.044,9,39,30,1,1,2,0,579,34770.0
2025-01-01 09:39:40,MAGNETOMETER_Y,-32.2216,9,39,40,1,1,2,0,579,34780.0
2025-01-01 09:39:50,MAGNETOMETER_Z,-43.5512,9,39,50,1,1,2,0,579,34790.0
2025-01-01 09:40:00,REACTION_WHEEL_SPD_X,-1837.5567,9,40,0,1,1,2,0,580,34800.0
2025-01-01 09:40:10,REACTION_WHEEL_SPD_Y,-1467.6185,9,40,10,1,1,2,0,580,34810.0
2025-01-01 09:40:20,REACTION_WHEEL_SPD_Z,-1309.7051,9,40,20,1,1,2,0,580,34820.0
2025-01-01 09:40:30,ATTITUDE_ROLL,-1.7101,9,40,30,1,1,2,0,580,34830.0
2025-01-01 09:40:40,ATTITUDE_PITCH,0.9808,9,40,40,1,1,2,0,580,34840.0
2025-01-01 09:40:50,ATTITUDE_YAW,-0.8863,9,40,50,1,1,2,0,580,34850.0
2025-01-01 09:41:00,STAR_TRACKER_VALID,0.2982,9,41,0,1,1,2,0,581,34860.0
2025-01-01 09:41:10,SUN_SENSOR_ANGLE,105.0934,9,41,10,1,1,2,0,581,34870.0
2025-01-01 09:41:20,RF_SIGNAL_STRENGTH,-55.6422,9,41,20,1,1,2,0,581,34880.0
2025-01-01 09:41:30,RF_NOISE_FLOOR,-92.3052,9,41,30,1,1,2,0,581,34890.0
2025-01-01 09:41:40,TX_POWER,3.8402,9,41,40,1,1,2,0,581,34900.0
2025-01-01 09:41:50,LINK_MARGIN,9.3459,9,41,50,1,1,2,0,581,34910.0
2025-01-01 09:42:00,DATA_RATE_KBPS,143.1027,9,42,0,1,1,2,0,582,34920.0
2025-01-01 09:42:10,PACKET_LOSS_RATE,0.4738,9,42,10,1,1,2,0,582,34930.0
2025-01-01 09:42:20,CPU_USAGE,23.3369,9,42,20,1,1,2,0,582,34940.0
2025-01-01 09:42:30,MEMORY_USAGE,40.5777,9,42,30,1,1,2,0,582,34950.0
2025-01-01 09:42:40,FLASH_WRITE_RATE,1.2531,9,42,40,1,1,2,0,582,34960.0
2025-01-01 09:42:50,WATCHDOG_COUNTER,59.9498,9,42,50,1,1,2,0,582,34970.0
2025-01-01 09:43:00,TANK_PRESSURE,291.0015,9,43,0,1,1,2,0,583,34980.0
2025-01-01 09:43:10,THRUSTER_VALVE_TEMP,16.1949,9,43,10,1,1,2,0,583,34990.0
2025-01-01 09:43:20,BATT_VOLTAGE_1,27.9424,9,43,20,1,1,2,0,583,35000.0
2025-01-01 09:43:30,BATT_VOLTAGE_2,28.3425,9,43,30,1,1,2,0,583,35010.0
2025-01-01 09:43:40,BATT_CURRENT_1,2.3506,9,43,40,1,1,2,0,583,35020.0
2025-01-01 09:43:50,BATT_CURRENT_2,1.6497,9,43,50,1,1,2,0,583,35030.0
2025-01-01 09:44:00,BATT_TEMP_1,20.5491,9,44,0,1,1,2,0,584,35040.0
2025-01-01 09:44:10,BATT_TEMP_2,27.9318,9,44,10,1,1,2,0,584,35050.0
2025-01-01 09:44:20,BATT_SOC,73.6978,9,44,20,1,1,2,0,584,35060.0
2025-01-01 09:44:30,SOLAR_PANEL_VOLT_A,29.594,9,44,30,1,1,2,0,584,35070.0
2025-01-01 09:44:40,SOLAR_PANEL_VOLT_B,31.4871,9,44,40,1,1,2,0,584,35080.0
2025-01-01 09:44:50,SOLAR_PANEL_CURR_A,4.7856,9,44,50,1,1,2,0,584,35090.0
2025-01-01 09:45:00,SOLAR_PANEL_CURR_B,4.4725,9,45,0,1,1,2,0,585,35100.0
2025-01-01 09:45:10,SOLAR_POWER_TOTAL,92.1672,9,45,10,1,1,2,0,585,35110.0
2025-01-01 09:45:20,BUS_VOLTAGE,27.999,9,45,20,1,1,2,0,585,35120.0
2025-01-01 09:45:30,BUS_CURRENT,6.9685,9,45,30,1,1,2,0,585,35130.0
2025-01-01 09:45:40,THRUSTER_TEMP_1,20.6047,9,45,40,1,1,2,0,585,35140.0
2025-01-01 09:45:50,THRUSTER_TEMP_2,19.4322,9,45,50,1,1,2,0,585,35150.0
2025-01-01 09:46:00,PAYLOAD_TEMP_CAM,24.0122,9,46,0,1,1,2,0,586,35160.0
2025-01-01 09:46:10,PAYLOAD_TEMP_SENSOR,23.1895,9,46,10,1,1,2,0,586,35170.0
2025-01-01 09:46:20,OBC_TEMP,40.4682,9,46,20,1,1,2,0,586,35180.0
2025-01-01 09:46:30,TRANS_TEMP,35.2047,9,46,30,1,1,2,0,586,35190.0
2025-01-01 09:46:40,STRUCT_TEMP_PANEL_X,6.0846,9,46,40,1,1,2,0,586,35200.0
2025-01-01 09:46:50,STRUCT_TEMP_PANEL_Y,25.5218,9,46,50,1,1,2,0,586,35210.0
2025-01-01 09:47:00,STRUCT_TEMP_PANEL_Z,19.2816,9,47,0,1,1,2,0,587,35220.0
2025-01-01 09:47:10,RADIATOR_TEMP,-9.8607,9,47,10,1,1,2,0,587,35230.0
2025-01-01 09:47:20,GYRO_X,0.0163,9,47,20,1,1,2,0,587,35240.0
2025-01-01 09:47:30,GYRO_Y,0.0219,9,47,30,1,1,2,0,587,35250.0
2025-01-01 09:47:40,GYRO_Z,-0.0429,9,47,40,1,1,2,0,587,35260.0
2025-01-01 09:47:50,MAGNETOMETER_X,-26.2373,9,47,50,1,1,2,0,587,35270.0
2025-01-01 09:48:00,MAGNETOMETER_Y,-16.5076,9,48,0,1,1,2,0,588,35280.0
2025-01-01 09:48:10,MAGNETOMETER_Z,0.1451,9,48,10,1,1,2,0,588,35290.0
2025-01-01 09:48:20,REACTION_WHEEL_SPD_X,-928.1624,9,48,20,1,1,2,0,588,35300.0
2025-01-01 09:48:30,REACTION_WHEEL_SPD_Y,150.2744,9,48,30,1,1,2,0,588,35310.0
2025-01-01 09:48:40,REACTION_WHEEL_SPD_Z,-1437.1094,9,48,40,1,1,2,0,588,35320.0
2025-01-01 09:48:50,ATTITUDE_ROLL,-0.9063,9,48,50,1,1,2,0,588,35330.0
2025-01-01 09:49:00,ATTITUDE_PITCH,-0.7368,9,49,0,1,1,2,0,589,35340.0
2025-01-01 09:49:10,ATTITUDE_YAW,-2.0804,9,49,10,1,1,2,0,589,35350.0
2025-01-01 09:49:20,STAR_TRACKER_VALID,0.193,9,49,20,1,1,2,0,589,35360.0
2025-01-01 09:49:30,SUN_SENSOR_ANGLE,70.89,9,49,30,1,1,2,0,589,35370.0
2025-01-01 09:49:40,RF_SIGNAL_STRENGTH,-74.7215,9,49,40,1,1,2,0,589,35380.0
2025-01-01 09:49:50,RF_NOISE_FLOOR,-104.3498,9,49,50,1,1,2,0,589,35390.0
2025-01-01 09:50:00,TX_POWER,2.6028,9,50,0,1,1,2,0,590,35400.0
2025-01-01 09:50:10,LINK_MARGIN,18.2861,9,50,10,1,1,2,0,590,35410.0
2025-01-01 09:50:20,DATA_RATE_KBPS,85.8219,9,50,20,1,1,2,0,590,35420.0
2025-01-01 09:50:30,PACKET_LOSS_RATE,0.4707,9,50,30,1,1,2,0,590,35430.0
2025-01-01 09:50:40,CPU_USAGE,31.9764,9,50,40,1,1,2,0,590,35440.0
2025-01-01 09:50:50,MEMORY_USAGE,62.0843,9,50,50,1,1,2,0,590,35450.0
2025-01-01 09:51:00,FLASH_WRITE_RATE,1.4872,9,51,0,1,1,2,0,591,35460.0
2025-01-01 09:51:10,WATCHDOG_COUNTER,44.2466,9,51,10,1,1,2,0,591,35470.0
2025-01-01 09:51:20,TANK_PRESSURE,298.3779,9,51,20,1,1,2,0,591,35480.0
2025-01-01 09:51:30,THRUSTER_VALVE_TEMP,13.8031,9,51,30,1,1,2,0,591,35490.0
2025-01-01 09:51:40,BATT_VOLTAGE_1,27.3392,9,51,40,1,1,2,0,591,35500.0
2025-01-01 09:51:50,BATT_VOLTAGE_2,27.8565,9,51,50,1,1,2,0,591,35510.0
2025-01-01 09:52:00,BATT_CURRENT_1,1.9317,9,52,0,1,1,2,0,592,35520.0
2025-01-01 09:52:10,BATT_CURRENT_2,2.4401,9,52,10,1,1,2,0,592,35530.0
2025-01-01 09:52:20,BATT_TEMP_1,20.8049,9,52,20,1,1,2,0,592,35540.0
2025-01-01 09:52:30,BATT_TEMP_2,26.0169,9,52,30,1,1,2,0,592,35550.0
2025-01-01 09:52:40,BATT_SOC,68.6514,9,52,40,1,1,2,0,592,35560.0
2025-01-01 09:52:50,SOLAR_PANEL_VOLT_A,30.4119,9,52,50,1,1,2,0,592,35570.0
2025-01-01 09:53:00,SOLAR_PANEL_VOLT_B,30.7923,9,53,0,1,1,2,0,593,35580.0
2025-01-01 09:53:10,SOLAR_PANEL_CURR_A,6.0866,9,53,10,1,1,2,0,593,35590.0
2025-01-01 09:53:20,SOLAR_PANEL_CURR_B,4.3965,9,53,20,1,1,2,0,593,35600.0
2025-01-01 09:53:30,SOLAR_POWER_TOTAL,92.9901,9,53,30,1,1,2,0,593,35610.0
2025-01-01 09:53:40,BUS_VOLTAGE,29.005,9,53,40,1,1,2,0,593,35620.0
2025-01-01 09:53:50,BUS_CURRENT,6.6606,9,53,50,1,1,2,0,593,35630.0
2025-01-01 09:54:00,THRUSTER_TEMP_1,19.7356,9,54,0,1,1,2,0,594,35640.0
2025-01-01 09:54:10,THRUSTER_TEMP_2,18.6795,9,54,10,1,1,2,0,594,35650.0
2025-01-01 09:54:20,PAYLOAD_TEMP_CAM,20.0039,9,54,20,1,1,2,0,594,35660.0
2025-01-01 09:54:30,PAYLOAD_TEMP_SENSOR,21.6542,9,54,30,1,1,2,0,594,35670.0
2025-01-01 09:54:40,OBC_TEMP,36.3076,9,54,40,1,1,2,0,594,35680.0
2025-01-01 09:54:50,TRANS_TEMP,38.6949,9,54,50,1,1,2,0,594,35690.0
2025-01-01 09:55:00,STRUCT_TEMP_PANEL_X,5.2054,9,55,0,1,1,2,0,595,35700.0
2025-01-01 09:55:10,STRUCT_TEMP_PANEL_Y,24.3976,9,55,10,1,1,2,0,595,35710.0
2025-01-01 09:55:20,STRUCT_TEMP_PANEL_Z,3.6155,9,55,20,1,1,2,0,595,35720.0
2025-01-01 09:55:30,RADIATOR_TEMP,-17.786,9,55,30,1,1,2,0,595,35730.0
2025-01-01 09:55:40,GYRO_X,-0.0062,9,55,40,1,1,2,0,595,35740.0
2025-01-01 09:55:50,GYRO_Y,-0.0348,9,55,50,1,1,2,0,595,35750.0
2025-01-01 09:56:00,GYRO_Z,0.0049,9,56,0,1,1,2,0,596,35760.0
2025-01-01 09:56:10,MAGNETOMETER_X,-28.9166,9,56,10,1,1,2,0,596,35770.0
2025-01-01 09:56:20,MAGNETOMETER_Y,-17.881,9,56,20,1,1,2,0,596,35780.0
2025-01-01 09:56:30,MAGNETOMETER_Z,14.215,9,56,30,1,1,2,0,596,35790.0
2025-01-01 09:56:40,REACTION_WHEEL_SPD_X,-507.302,9,56,40,1,1,2,0,596,35800.0
2025-01-01 09:56:50,REACTION_WHEEL_SPD_Y,108.762,9,56,50,1,1,2,0,596,35810.0
2025-01-01 09:57:00,REACTION_WHEEL_SPD_Z,968.1878,9,57,0,1,1,2,0,597,35820.0
2025-01-01 09:57:10,ATTITUDE_ROLL,-0.0952,9,57,10,1,1,2,0,597,35830.0
2025-01-01 09:57:20,ATTITUDE_PITCH,-1.3524,9,57,20,1,1,2,0,597,35840.0
2025-01-01 09:57:30,ATTITUDE_YAW,0.4604,9,57,30,1,1,2,0,597,35850.0
2025-01-01 09:57:40,STAR_TRACKER_VALID,0.3453,9,57,40,1,1,2,0,597,35860.0
2025-01-01 09:57:50,SUN_SENSOR_ANGLE,69.5814,9,57,50,1,1,2,0,597,35870.0
2025-01-01 09:58:00,RF_SIGNAL_STRENGTH,-69.0239,9,58,0,1,1,2,0,598,35880.0
2025-01-01 09:58:10,RF_NOISE_FLOOR,-100.6042,9,58,10,1,1,2,0,598,35890.0
2025-01-01 09:58:20,TX_POWER,2.6295,9,58,20,1,1,2,0,598,35900.0
2025-01-01 09:58:30,LINK_MARGIN,10.107,9,58,30,1,1,2,0,598,35910.0
2025-01-01 09:58:40,DATA_RATE_KBPS,110.5968,9,58,40,1,1,2,0,598,35920.0
2025-01-01 09:58:50,PACKET_LOSS_RATE,0.4611,9,58,50,1,1,2,0,598,35930.0
2025-01-01 09:59:00,CPU_USAGE,29.402,9,59,0,1,1,2,0,599,35940.0
2025-01-01 09:59:10,MEMORY_USAGE,49.7341,9,59,10,1,1,2,0,599,35950.0
2025-01-01 09:59:20,FLASH_WRITE_RATE,2.5874,9,59,20,1,1,2,0,599,35960.0
2025-01-01 09:59:30,WATCHDOG_COUNTER,25.5435,9,59,30,1,1,2,0,599,35970.0
2025-01-01 09:59:40,TANK_PRESSURE,294.6043,9,59,40,1,1,2,0,599,35980.0
2025-01-01 09:59:50,THRUSTER_VALVE_TEMP,15.9807,9,59,50,1,1,2,0,599,35990.0
2025-01-01 10:00:00,BATT_VOLTAGE_1,27.8087,10,0,0,1,1,2,0,600,36000.0
2025-01-01 10:00:10,BATT_VOLTAGE_2,27.7639,10,0,10,1,1,2,0,600,36010.0
2025-01-01 10:00:20,BATT_CURRENT_1,1.8624,10,0,20,1,1,2,0,600,36020.0
2025-01-01 10:00:30,BATT_CURRENT_2,2.7644,10,0,30,1,1,2,0,600,36030.0
2025-01-01 10:00:40,BATT_TEMP_1,26.8892,10,0,40,1,1,2,0,600,36040.0
2025-01-01 10:00:50,BATT_TEMP_2,23.3696,10,0,50,1,1,2,0,600,36050.0
2025-01-01 10:01:00,BATT_SOC,69.7399,10,1,0,1,1,2,0,601,36060.0
2025-01-01 10:01:10,SOLAR_PANEL_VOLT_A,31.8675,10,1,10,1,1,2,0,601,36070.0
2025-01-01 10:01:20,SOLAR_PANEL_VOLT_B,30.7945,10,1,20,1,1,2,0,601,36080.0
2025-01-01 10:01:30,SOLAR_PANEL_CURR_A,4.1833,10,1,30,1,1,2,0,601,36090.0
2025-01-01 10:01:40,SOLAR_PANEL_CURR_B,6.0028,10,1,40,1,1,2,0,601,36100.0
2025-01-01 10:01:50,SOLAR_POWER_TOTAL,98.7572,10,1,50,1,1,2,0,601,36110.0
2025-01-01 10:02:00,BUS_VOLTAGE,28.0187,10,2,0,1,1,2,0,602,36120.0
2025-01-01 10:02:10,BUS_CURRENT,6.477,10,2,10,1,1,2,0,602,36130.0
2025-01-01 10:02:20,THRUSTER_TEMP_1,18.742,10,2,20,1,1,2,0,602,36140.0
2025-01-01 10:02:30,THRUSTER_TEMP_2,20.1057,10,2,30,1,1,2,0,602,36150.0
2025-01-01 10:02:40,PAYLOAD_TEMP_CAM,22.4525,10,2,40,1,1,2,0,602,36160.0
2025-01-01 10:02:50,PAYLOAD_TEMP_SENSOR,20.842,10,2,50,1,1,2,0,602,36170.0
2025-01-01 10:03:00,OBC_TEMP,45.3358,10,3,0,1,1,2,0,603,36180.0
2025-01-01 10:03:10,TRANS_TEMP,32.0565,10,3,10,1,1,2,0,603,36190.0
2025-01-01 10:03:20,STRUCT_TEMP_PANEL_X,32.371,10,3,20,1,1,2,0,603,36200.0
2025-01-01 10:03:30,STRUCT_TEMP_PANEL_Y,6.0563,10,3,30,1,1,2,0,603,36210.0
2025-01-01 10:03:40,STRUCT_TEMP_PANEL_Z,7.6946,10,3,40,1,1,2,0,603,36220.0
2025-01-01 10:03:50,RADIATOR_TEMP,-20.7788,10,3,50,1,1,2,0,603,36230.0
2025-01-01 10:04:00,GYRO_X,0.0172,10,4,0,1,1,2,0,604,36240.0
2025-01-01 10:04:10,GYRO_Y,-0.0437,10,4,10,1,1,2,0,604,36250.0
2025-01-01 10:04:20,GYRO_Z,0.0124,10,4,20,1,1,2,0,604,36260.0
2025-01-01 10:04:30,MAGNETOMETER_X,-29.0776,10,4,30,1,1,2,0,604,36270.0
2025-01-01 10:04:40,MAGNETOMETER_Y,-32.9447,10,4,40,1,1,2,0,604,36280.0
2025-01-01 10:04:50,MAGNETOMETER_Z,-20.3447,10,4,50,1,1,2,0,604,36290.0
2025-01-01 10:05:00,REACTION_WHEEL_SPD_X,116.2991,10,5,0,1,1,2,0,605,36300.0
2025-01-01 10:05:10,REACTION_WHEEL_SPD_Y,-1447.038,10,5,10,1,1,2,0,605,36310.0
2025-01-01 10:05:20,REACTION_WHEEL_SPD_Z,971.6793,10,5,20,1,1,2,0,605,36320.0
2025-01-01 10:05:30,ATTITUDE_ROLL,0.8983,10,5,30,1,1,2,0,605,36330.0
2025-01-01 10:05:40,ATTITUDE_PITCH,-1.1726,10,5,40,1,1,2,0,605,36340.0
2025-01-01 10:05:50,ATTITUDE_YAW,-3.0591,10,5,50,1,1,2,0,605,36350.0
2025-01-01 10:06:00,STAR_TRACKER_VALID,0.4693,10,6,0,1,1,2,0,606,36360.0
2025-01-01 10:06:10,SUN_SENSOR_ANGLE,63.4959,10,6,10,1,1,2,0,606,36370.0
2025-01-01 10:06:20,RF_SIGNAL_STRENGTH,-74.7562,10,6,20,1,1,2,0,606,36380.0
2025-01-01 10:06:30,RF_NOISE_FLOOR,-91.4641,10,6,30,1,1,2,0,606,36390.0
2025-01-01 10:06:40,TX_POWER,2.9449,10,6,40,1,1,2,0,606,36400.0
2025-01-01 10:06:50,LINK_MARGIN,8.7477,10,6,50,1,1,2,0,606,36410.0
2025-01-01 10:07:00,DATA_RATE_KBPS,108.951,10,7,0,1,1,2,0,607,36420.0
2025-01-01 10:07:10,PACKET_LOSS_RATE,0.5159,10,7,10,1,1,2,0,607,36430.0
2025-01-01 10:07:20,CPU_USAGE,43.5108,10,7,20,1,1,2,0,607,36440.0
2025-01-01 10:07:30,MEMORY_USAGE,40.3347,10,7,30,1,1,2,0,607,36450.0
2025-01-01 10:07:40,FLASH_WRITE_RATE,1.3473,10,7,40,1,1,2,0,607,36460.0
2025-01-01 10:07:50,WATCHDOG_COUNTER,25.6854,10,7,50,1,1,2,0,607,36470.0
2025-01-01 10:08:00,TANK_PRESSURE,291.4213,10,8,0,1,1,2,0,608,36480.0
2025-01-01 10:08:10,THRUSTER_VALVE_TEMP,17.5401,10,8,10,1,1,2,0,608,36490.0
2025-01-01 10:08:20,BATT_VOLTAGE_1,28.4319,10,8,20,1,1,2,0,608,36500.0
2025-01-01 10:08:30,BATT_VOLTAGE_2,27.7821,10,8,30,1,1,2,0,608,36510.0
2025-01-01 10:08:40,BATT_CURRENT_1,1.7714,10,8,40,1,1,2,0,608,36520.0
2025-01-01 10:08:50,BATT_CURRENT_2,2.6405,10,8,50,1,1,2,0,608,36530.0
2025-01-01 10:09:00,BATT_TEMP_1,27.18,10,9,0,1,1,2,0,609,36540.0
2025-01-01 10:09:10,BATT_TEMP_2,25.7878,10,9,10,1,1,2,0,609,36550.0
2025-01-01 10:09:20,BATT_SOC,71.4578,10,9,20,1,1,2,0,609,36560.0
2025-01-01 10:09:30,SOLAR_PANEL_VOLT_A,30.1229,10,9,30,1,1,2,0,609,36570.0
2025-01-01 10:09:40,SOLAR_PANEL_VOLT_B,31.3927,10,9,40,1,1,2,0,609,36580.0
2025-01-01 10:09:50,SOLAR_PANEL_CURR_A,4.9843,10,9,50,1,1,2,0,609,36590.0
2025-01-01 10:10:00,SOLAR_PANEL_CURR_B,6.2163,10,10,0,1,1,2,0,610,36600.0
2025-01-01 10:10:10,SOLAR_POWER_TOTAL,93.8554,10,10,10,1,1,2,0,610,36610.0
2025-01-01 10:10:20,BUS_VOLTAGE,28.1559,10,10,20,1,1,2,0,610,36620.0
2025-01-01 10:10:30,BUS_CURRENT,6.8682,10,10,30,1,1,2,0,610,36630.0
2025-01-01 10:10:40,THRUSTER_TEMP_1,19.6248,10,10,40,1,1,2,0,610,36640.0
2025-01-01 10:10:50,THRUSTER_TEMP_2,20.1363,10,10,50,1,1,2,0,610,36650.0
2025-01-01 10:11:00,PAYLOAD_TEMP_CAM,19.6692,10,11,0,1,1,2,0,611,36660.0
2025-01-01 10:11:10,PAYLOAD_TEMP_SENSOR,20.0683,10,11,10,1,1,2,0,611,36670.0
2025-01-01 10:11:20,OBC_TEMP,35.0487,10,11,20,1,1,2,0,611,36680.0
2025-01-01 10:11:30,TRANS_TEMP,34.022,10,11,30,1,1,2,0,611,36690.0
2025-01-01 10:11:40,STRUCT_TEMP_PANEL_X,9.6716,10,11,40,1,1,2,0,611,36700.0
2025-01-01 10:11:50,STRUCT_TEMP_PANEL_Y,31.4465,10,11,50,1,1,2,0,611,36710.0
2025-01-01 10:12:00,STRUCT_TEMP_PANEL_Z,13.5994,10,12,0,1,1,2,0,612,36720.0
2025-01-01 10:12:10,RADIATOR_TEMP,-2.9789,10,12,10,1,1,2,0,612,36730.0
2025-01-01 10:12:20,GYRO_X,-0.0473,10,12,20,1,1,2,0,612,36740.0
2025-01-01 10:12:30,GYRO_Y,-0.0051,10,12,30,1,1,2,0,612,36750.0
2025-01-01 10:12:40,GYRO_Z,-0.0063,10,12,40,1,1,2,0,612,36760.0
2025-01-01 10:12:50,MAGNETOMETER_X,10.0277,10,12,50,1,1,2,0,612,36770.0
2025-01-01 10:13:00,MAGNETOMETER_Y,-31.4083,10,13,0,1,1,2,0,613,36780.0
2025-01-01 10:13:10,MAGNETOMETER_Z,-19.2134,10,13,10,1,1,2,0,613,36790.0
2025-01-01 10:13:20,REACTION_WHEEL_SPD_X,-1145.0909,10,13,20,1,1,2,0,613,36800.0
2025-01-01 10:13:30,REACTION_WHEEL_SPD_Y,-1124.1777,10,13,30,1,1,2,0,613,36810.0
2025-01-01 10:13:40,REACTION_WHEEL_SPD_Z,-1834.7347,10,13,40,1,1,2,0,613,36820.0
2025-01-01 10:13:50,ATTITUDE_ROLL,-1.7952,10,13,50,1,1,2,0,613,36830.0
2025-01-01 10:14:00,ATTITUDE_PITCH,-1.5341,10,14,0,1,1,2,0,614,36840.0
2025-01-01 10:14:10,ATTITUDE_YAW,0.1283,10,14,10,1,1,2,0,614,36850.0
2025-01-01 10:14:20,STAR_TRACKER_VALID,0.3129,10,14,20,1,1,2,0,614,36860.0
2025-01-01 10:14:30,SUN_SENSOR_ANGLE,83.5504,10,14,30,1,1,2,0,614,36870.0
2025-01-01 10:14:40,RF_SIGNAL_STRENGTH,-75.2316,10,14,40,1,1,2,0,614,36880.0
2025-01-01 10:14:50,RF_NOISE_FLOOR,-99.1654,10,14,50,1,1,2,0,614,36890.0
2025-01-01 10:15:00,TX_POWER,2.3717,10,15,0,1,1,2,0,615,36900.0
2025-01-01 10:15:10,LINK_MARGIN,16.2067,10,15,10,1,1,2,0,615,36910.0
2025-01-01 10:15:20,DATA_RATE_KBPS,97.3993,10,15,20,1,1,2,0,615,36920.0
2025-01-01 10:15:30,PACKET_LOSS_RATE,0.563,10,15,30,1,1,2,0,615,36930.0
2025-01-01 10:15:40,CPU_USAGE,26.5229,10,15,40,1,1,2,0,615,36940.0
2025-01-01 10:15:50,MEMORY_USAGE,43.0295,10,15,50,1,1,2,0,615,36950.0
2025-01-01 10:16:00,FLASH_WRITE_RATE,1.6766,10,16,0,1,1,2,0,616,36960.0
2025-01-01 10:16:10,WATCHDOG_COUNTER,33.6693,10,16,10,1,1,2,0,616,36970.0
2025-01-01 10:16:20,TANK_PRESSURE,294.3712,10,16,20,1,1,2,0,616,36980.0
2025-01-01 10:16:30,THRUSTER_VALVE_TEMP,15.1487,10,16,30,1,1,2,0,616,36990.0
2025-01-01 10:16:40,BATT_VOLTAGE_1,27.4506,10,16,40,1,1,2,0,616,37000.0
2025-01-01 10:16:50,BATT_VOLTAGE_2,28.446,10,16,50,1,1,2,0,616,37010.0
2025-01-01 10:17:00,BATT_CURRENT_1,1.9327,10,17,0,1,1,2,0,617,37020.0
2025-01-01 10:17:10,BATT_CURRENT_2,2.8023,10,17,10,1,1,2,0,617,37030.0
2025-01-01 10:17:20,BATT_TEMP_1,20.1819,10,17,20,1,1,2,0,617,37040.0
2025-01-01 10:17:30,BATT_TEMP_2,27.9098,10,17,30,1,1,2,0,617,37050.0
2025-01-01 10:17:40,BATT_SOC,82.7972,10,17,40,1,1,2,0,617,37060.0
2025-01-01 10:17:50,SOLAR_PANEL_VOLT_A,29.782,10,17,50,1,1,2,0,617,37070.0
2025-01-01 10:18:00,SOLAR_PANEL_VOLT_B,30.698,10,18,0,1,1,2,0,618,37080.0
2025-01-01 10:18:10,SOLAR_PANEL_CURR_A,4.3573,10,18,10,1,1,2,0,618,37090.0
2025-01-01 10:18:20,SOLAR_PANEL_CURR_B,6.1525,10,18,20,1,1,2,0,618,37100.0
2025-01-01 10:18:30,SOLAR_POWER_TOTAL,110.2408,10,18,30,1,1,2,0,618,37110.0
2025-01-01 10:18:40,BUS_VOLTAGE,27.907,10,18,40,1,1,2,0,618,37120.0
2025-01-01 10:18:50,BUS_CURRENT,8.6113,10,18,50,1,1,2,0,618,37130.0
2025-01-01 10:19:00,THRUSTER_TEMP_1,18.2,10,19,0,1,1,2,0,619,37140.0
2025-01-01 10:19:10,THRUSTER_TEMP_2,18.64,10,19,10,1,1,2,0,619,37150.0
2025-01-01 10:19:20,PAYLOAD_TEMP_CAM,21.2035,10,19,20,1,1,2,0,619,37160.0
2025-01-01 10:19:30,PAYLOAD_TEMP_SENSOR,24.5097,10,19,30,1,1,2,0,619,37170.0
2025-01-01 10:19:40,OBC_TEMP,37.0183,10,19,40,1,1,2,0,619,37180.0
2025-01-01 10:19:50,TRANS_TEMP,39.6161,10,19,50,1,1,2,0,619,37190.0
2025-01-01 10:20:00,STRUCT_TEMP_PANEL_X,7.0575,10,20,0,1,1,2,0,620,37200.0
2025-01-01 10:20:10,STRUCT_TEMP_PANEL_Y,16.2469,10,20,10,1,1,2,0,620,37210.0
2025-01-01 10:20:20,STRUCT_TEMP_PANEL_Z,7.3845,10,20,20,1,1,2,0,620,37220.0
2025-01-01 10:20:30,RADIATOR_TEMP,-19.1103,10,20,30,1,1,2,0,620,37230.0
2025-01-01 10:20:40,GYRO_X,-0.0317,10,20,40,1,1,2,0,620,37240.0
2025-01-01 10:20:50,GYRO_Y,-0.0398,10,20,50,1,1,2,0,620,37250.0
2025-01-01 10:21:00,GYRO_Z,-0.0079,10,21,0,1,1,2,0,621,37260.0
2025-01-01 10:21:10,MAGNETOMETER_X,-0.5202,10,21,10,1,1,2,0,621,37270.0
2025-01-01 10:21:20,MAGNETOMETER_Y,-30.331,10,21,20,1,1,2,0,621,37280.0
2025-01-01 10:21:30,MAGNETOMETER_Z,-27.225,10,21,30,1,1,2,0,621,37290.0
2025-01-01 10:21:40,REACTION_WHEEL_SPD_X,-1391.5802,10,21,40,1,1,2,0,621,37300.0
2025-01-01 10:21:50,REACTION_WHEEL_SPD_Y,-1291.0119,10,21,50,1,1,2,0,621,37310.0
2025-01-01 10:22:00,REACTION_WHEEL_SPD_Z,-1556.3312,10,22,0,1,1,2,0,622,37320.0
2025-01-01 10:22:10,ATTITUDE_ROLL,-1.0531,10,22,10,1,1,2,0,622,37330.0
2025-01-01 10:22:20,ATTITUDE_PITCH,0.2162,10,22,20,1,1,2,0,622,37340.0
2025-01-01 10:22:30,ATTITUDE_YAW,0.7095,10,22,30,1,1,2,0,622,37350.0
2025-01-01 10:22:40,STAR_TRACKER_VALID,0.2932,10,22,40,1,1,2,0,622,37360.0
2025-01-01 10:22:50,SUN_SENSOR_ANGLE,82.5995,10,22,50,1,1,2,0,622,37370.0
2025-01-01 10:23:00,RF_SIGNAL_STRENGTH,-71.9257,10,23,0,1,1,2,0,623,37380.0
2025-01-01 10:23:10,RF_NOISE_FLOOR,-101.9381,10,23,10,1,1,2,0,623,37390.0
2025-01-01 10:23:20,TX_POWER,3.4289,10,23,20,1,1,2,0,623,37400.0
2025-01-01 10:23:30,LINK_MARGIN,14.5769,10,23,30,1,1,2,0,623,37410.0
2025-01-01 10:23:40,DATA_RATE_KBPS,140.6009,10,23,40,1,1,2,0,623,37420.0
2025-01-01 10:23:50,PACKET_LOSS_RATE,0.5848,10,23,50,1,1,2,0,623,37430.0
2025-01-01 10:24:00,CPU_USAGE,32.1842,10,24,0,1,1,2,0,624,37440.0
2025-01-01 10:24:10,MEMORY_USAGE,43.1886,10,24,10,1,1,2,0,624,37450.0
2025-01-01 10:24:20,FLASH_WRITE_RATE,1.5285,10,24,20,1,1,2,0,624,37460.0
2025-01-01 10:24:30,WATCHDOG_COUNTER,35.8618,10,24,30,1,1,2,0,624,37470.0
2025-01-01 10:24:40,TANK_PRESSURE,292.0825,10,24,40,1,1,2,0,624,37480.0
2025-01-01 10:24:50,THRUSTER_VALVE_TEMP,13.5318,10,24,50,1,1,2,0,624,37490.0
2025-01-01 10:25:00,BATT_VOLTAGE_1,27.3557,10,25,0,1,1,2,0,625,37500.0
2025-01-01 10:25:10,BATT_VOLTAGE_2,28.528,10,25,10,1,1,2,0,625,37510.0
2025-01-01 10:25:20,BATT_CURRENT_1,1.9083,10,25,20,1,1,2,0,625,37520.0
2025-01-01 10:25:30,BATT_CURRENT_2,2.5012,10,25,30,1,1,2,0,625,37530.0
2025-01-01 10:25:40,BATT_TEMP_1,26.6768,10,25,40,1,1,2,0,625,37540.0
2025-01-01 10:25:50,BATT_TEMP_2,21.2065,10,25,50,1,1,2,0,625,37550.0
2025-01-01 10:26:00,BATT_SOC,72.9365,10,26,0,1,1,2,0,626,37560.0
2025-01-01 10:26:10,SOLAR_PANEL_VOLT_A,29.7009,10,26,10,1,1,2,0,626,37570.0
2025-01-01 10:26:20,SOLAR_PANEL_VOLT_B,30.6594,10,26,20,1,1,2,0,626,37580.0
2025-01-01 10:26:30,SOLAR_PANEL_CURR_A,5.0327,10,26,30,1,1,2,0,626,37590.0
2025-01-01 10:26:40,SOLAR_PANEL_CURR_B,5.0182,10,26,40,1,1,2,0,626,37600.0
2025-01-01 10:26:50,SOLAR_POWER_TOTAL,97.3898,10,26,50,1,1,2,0,626,37610.0
2025-01-01 10:27:00,BUS_VOLTAGE,28.2243,10,27,0,1,1,2,0,627,37620.0
2025-01-01 10:27:10,BUS_CURRENT,7.0046,10,27,10,1,1,2,0,627,37630.0
2025-01-01 10:27:20,THRUSTER_TEMP_1,18.5326,10,27,20,1,1,2,0,627,37640.0
2025-01-01 10:27:30,THRUSTER_TEMP_2,19.3889,10,27,30,1,1,2,0,627,37650.0
2025-01-01 10:27:40,PAYLOAD_TEMP_CAM,20.5847,10,27,40,1,1,2,0,627,37660.0
2025-01-01 10:27:50,PAYLOAD_TEMP_SENSOR,21.4132,10,27,50,1,1,2,0,627,37670.0
2025-01-01 10:28:00,OBC_TEMP,37.0277,10,28,0,1,1,2,0,628,37680.0
2025-01-01 10:28:10,TRANS_TEMP,37.8665,10,28,10,1,1,2,0,628,37690.0
2025-01-01 10:28:20,STRUCT_TEMP_PANEL_X,9.6797,10,28,20,1,1,2,0,628,37700.0
2025-01-01 10:28:30,STRUCT_TEMP_PANEL_Y,17.0162,10,28,30,1,1,2,0,628,37710.0
2025-01-01 10:28:40,STRUCT_TEMP_PANEL_Z,6.4669,10,28,40,1,1,2,0,628,37720.0
2025-01-01 10:28:50,RADIATOR_TEMP,-8.532,10,28,50,1,1,2,0,628,37730.0
2025-01-01 10:29:00,GYRO_X,-0.0129,10,29,0,1,1,2,0,629,37740.0
2025-01-01 10:29:10,GYRO_Y,-0.041,10,29,10,1,1,2,0,629,37750.0
2025-01-01 10:29:20,GYRO_Z,-0.0374,10,29,20,1,1,2,0,629,37760.0
2025-01-01 10:29:30,MAGNETOMETER_X,-26.7645,10,29,30,1,1,2,0,629,37770.0
2025-01-01 10:29:40,MAGNETOMETER_Y,-27.1811,10,29,40,1,1,2,0,629,37780.0
2025-01-01 10:29:50,MAGNETOMETER_Z,-21.5224,10,29,50,1,1,2,0,629,37790.0
2025-01-01 10:30:00,REACTION_WHEEL_SPD_X,-1422.1734,10,30,0,1,1,2,0,630,37800.0
2025-01-01 10:30:10,REACTION_WHEEL_SPD_Y,-1309.3615,10,30,10,1,1,2,0,630,37810.0
2025-01-01 10:30:20,REACTION_WHEEL_SPD_Z,-1089.1836,10,30,20,1,1,2,0,630,37820.0
2025-01-01 10:30:30,ATTITUDE_ROLL,0.1105,10,30,30,1,1,2,0,630,37830.0
2025-01-01 10:30:40,ATTITUDE_PITCH,-1.3761,10,30,40,1,1,2,0,630,37840.0
2025-01-01 10:30:50,ATTITUDE_YAW,-1.7651,10,30,50,1,1,2,0,630,37850.0
2025-01-01 10:31:00,STAR_TRACKER_VALID,0.2604,10,31,0,1,1,2,0,631,37860.0
2025-01-01 10:31:10,SUN_SENSOR_ANGLE,59.0918,10,31,10,1,1,2,0,631,37870.0
2025-01-01 10:31:20,RF_SIGNAL_STRENGTH,-73.6845,10,31,20,1,1,2,0,631,37880.0
2025-01-01 10:31:30,RF_NOISE_FLOOR,-103.3936,10,31,30,1,1,2,0,631,37890.0
2025-01-01 10:31:40,TX_POWER,2.4345,10,31,40,1,1,2,0,631,37900.0
2025-01-01 10:31:50,LINK_MARGIN,10.7408,10,31,50,1,1,2,0,631,37910.0
2025-01-01 10:32:00,DATA_RATE_KBPS,95.9254,10,32,0,1,1,2,0,632,37920.0
2025-01-01 10:32:10,PACKET_LOSS_RATE,0.4211,10,32,10,1,1,2,0,632,37930.0
2025-01-01 10:32:20,CPU_USAGE,39.9436,10,32,20,1,1,2,0,632,37940.0
2025-01-01 10:32:30,MEMORY_USAGE,43.3431,10,32,30,1,1,2,0,632,37950.0
2025-01-01 10:32:40,FLASH_WRITE_RATE,2.5566,10,32,40,1,1,2,0,632,37960.0
2025-01-01 10:32:50,WATCHDOG_COUNTER,56.2943,10,32,50,1,1,2,0,632,37970.0
2025-01-01 10:33:00,TANK_PRESSURE,303.4257,10,33,0,1,1,2,0,633,37980.0
2025-01-01 10:33:10,THRUSTER_VALVE_TEMP,13.4185,10,33,10,1,1,2,0,633,37990.0
2025-01-01 10:33:20,BATT_VOLTAGE_1,27.5334,10,33,20,1,1,2,0,633,38000.0
2025-01-01 10:33:30,BATT_VOLTAGE_2,27.2081,10,33,30,1,1,2,0,633,38010.0
2025-01-01 10:33:40,BATT_CURRENT_1,1.5814,10,33,40,1,1,2,0,633,38020.0
2025-01-01 10:33:50,BATT_CURRENT_2,2.3739,10,33,50,1,1,2,0,633,38030.0
2025-01-01 10:34:00,BATT_TEMP_1,19.3237,10,34,0,1,1,2,0,634,38040.0
2025-01-01 10:34:10,BATT_TEMP_2,25.831,10,34,10,1,1,2,0,634,38050.0
2025-01-01 10:34:20,BATT_SOC,69.0282,10,34,20,1,1,2,0,634,38060.0
2025-01-01 10:34:30,SOLAR_PANEL_VOLT_A,30.0791,10,34,30,1,1,2,0,634,38070.0
2025-01-01 10:34:40,SOLAR_PANEL_VOLT_B,30.6131,10,34,40,1,1,2,0,634,38080.0
2025-01-01 10:34:50,SOLAR_PANEL_CURR_A,4.9692,10,34,50,1,1,2,0,634,38090.0
2025-01-01 10:35:00,SOLAR_PANEL_CURR_B,4.3968,10,35,0,1,1,2,0,635,38100.0
2025-01-01 10:35:10,SOLAR_POWER_TOTAL,92.9259,10,35,10,1,1,2,0,635,38110.0
2025-01-01 10:35:20,BUS_VOLTAGE,28.1738,10,35,20,1,1,2,0,635,38120.0
2025-01-01 10:35:30,BUS_CURRENT,7.1974,10,35,30,1,1,2,0,635,38130.0
2025-01-01 10:35:40,THRUSTER_TEMP_1,20.4128,10,35,40,1,1,2,0,635,38140.0
2025-01-01 10:35:50,THRUSTER_TEMP_2,23.4983,10,35,50,1,1,2,0,635,38150.0
2025-01-01 10:36:00,PAYLOAD_TEMP_CAM,22.876,10,36,0,1,1,2,0,636,38160.0
2025-01-01 10:36:10,PAYLOAD_TEMP_SENSOR,22.7254,10,36,10,1,1,2,0,636,38170.0
2025-01-01 10:36:20,OBC_TEMP,44.9239,10,36,20,1,1,2,0,636,38180.0
2025-01-01 10:36:30,TRANS_TEMP,30.8482,10,36,30,1,1,2,0,636,38190.0
2025-01-01 10:36:40,STRUCT_TEMP_PANEL_X,6.7642,10,36,40,1,1,2,0,636,38200.0
2025-01-01 10:36:50,STRUCT_TEMP_PANEL_Y,7.3335,10,36,50,1,1,2,0,636,38210.0
2025-01-01 10:37:00,STRUCT_TEMP_PANEL_Z,11.1735,10,37,0,1,1,2,0,637,38220.0
2025-01-01 10:37:10,RADIATOR_TEMP,-4.2258,10,37,10,1,1,2,0,637,38230.0
2025-01-01 10:37:20,GYRO_X,-0.0004,10,37,20,1,1,2,0,637,38240.0
2025-01-01 10:37:30,GYRO_Y,-0.0472,10,37,30,1,1,2,0,637,38250.0
2025-01-01 10:37:40,GYRO_Z,-0.0036,10,37,40,1,1,2,0,637,38260.0
2025-01-01 10:37:50,MAGNETOMETER_X,-29.0521,10,37,50,1,1,2,0,637,38270.0
2025-01-01 10:38:00,MAGNETOMETER_Y,-26.4045,10,38,0,1,1,2,0,638,38280.0
2025-01-01 10:38:10,MAGNETOMETER_Z,-14.4401,10,38,10,1,1,2,0,638,38290.0
2025-01-01 10:38:20,REACTION_WHEEL_SPD_X,-1353.4629,10,38,20,1,1,2,0,638,38300.0
2025-01-01 10:38:30,REACTION_WHEEL_SPD_Y,212.3843,10,38,30,1,1,2,0,638,38310.0
2025-01-01 10:38:40,REACTION_WHEEL_SPD_Z,269.7701,10,38,40,1,1,2,0,638,38320.0
2025-01-01 10:38:50,ATTITUDE_ROLL,-1.1172,10,38,50,1,1,2,0,638,38330.0
2025-01-01 10:39:00,ATTITUDE_PITCH,0.9489,10,39,0,1,1,2,0,639,38340.0
2025-01-01 10:39:10,ATTITUDE_YAW,-0.1929,10,39,10,1,1,2,0,639,38350.0
2025-01-01 10:39:20,STAR_TRACKER_VALID,0.2938,10,39,20,1,1,2,0,639,38360.0
2025-01-01 10:39:30,SUN_SENSOR_ANGLE,46.4983,10,39,30,1,1,2,0,639,38370.0
2025-01-01 10:39:40,RF_SIGNAL_STRENGTH,-71.8352,10,39,40,1,1,2,0,639,38380.0
2025-01-01 10:39:50,RF_NOISE_FLOOR,-100.1024,10,39,50,1,1,2,0,639,38390.0
2025-01-01 10:40:00,TX_POWER,2.622,10,40,0,1,1,2,0,640,38400.0
2025-01-01 10:40:10,LINK_MARGIN,13.2052,10,40,10,1,1,2,0,640,38410.0
2025-01-01 10:40:20,DATA_RATE_KBPS,86.7779,10,40,20,1,1,2,0,640,38420.0
2025-01-01 10:40:30,PACKET_LOSS_RATE,1.1507,10,40,30,1,1,2,0,640,38430.0
2025-01-01 10:40:40,CPU_USAGE,28.5595,10,40,40,1,1,2,0,640,38440.0
2025-01-01 10:40:50,MEMORY_USAGE,40.2594,10,40,50,1,1,2,0,640,38450.0
2025-01-01 10:41:00,FLASH_WRITE_RATE,1.977,10,41,0,1,1,2,0,641,38460.0
2025-01-01 10:41:10,WATCHDOG_COUNTER,28.8743,10,41,10,1,1,2,0,641,38470.0
2025-01-01 10:41:20,TANK_PRESSURE,297.8704,10,41,20,1,1,2,0,641,38480.0
2025-01-01 10:41:30,THRUSTER_VALVE_TEMP,16.3334,10,41,30,1,1,2,0,641,38490.0
2025-01-01 10:41:40,BATT_VOLTAGE_1,27.5587,10,41,40,1,1,2,0,641,38500.0
2025-01-01 10:41:50,BATT_VOLTAGE_2,27.349,10,41,50,1,1,2,0,641,38510.0
2025-01-01 10:42:00,BATT_CURRENT_1,2.7143,10,42,0,1,1,2,0,642,38520.0
2025-01-01 10:42:10,BATT_CURRENT_2,2.4767,10,42,10,1,1,2,0,642,38530.0
2025-01-01 10:42:20,BATT_TEMP_1,24.3219,10,42,20,1,1,2,0,642,38540.0
2025-01-01 10:42:30,BATT_TEMP_2,23.9095,10,42,30,1,1,2,0,642,38550.0
2025-01-01 10:42:40,BATT_SOC,79.9548,10,42,40,1,1,2,0,642,38560.0
2025-01-01 10:42:50,SOLAR_PANEL_VOLT_A,29.5226,10,42,50,1,1,2,0,642,38570.0
2025-01-01 10:43:00,SOLAR_PANEL_VOLT_B,29.9385,10,43,0,1,1,2,0,643,38580.0
2025-01-01 10:43:10,SOLAR_PANEL_CURR_A,6.0093,10,43,10,1,1,2,0,643,38590.0
2025-01-01 10:43:20,SOLAR_PANEL_CURR_B,4.7562,10,43,20,1,1,2,0,643,38600.0
2025-01-01 10:43:30,SOLAR_POWER_TOTAL,102.1902,10,43,30,1,1,2,0,643,38610.0
2025-01-01 10:43:40,BUS_VOLTAGE,28.1181,10,43,40,1,1,2,0,643,38620.0
2025-01-01 10:43:50,BUS_CURRENT,9.0133,10,43,50,1,1,2,0,643,38630.0
2025-01-01 10:44:00,THRUSTER_TEMP_1,20.2593,10,44,0,1,1,2,0,644,38640.0
2025-01-01 10:44:10,THRUSTER_TEMP_2,20.7736,10,44,10,1,1,2,0,644,38650.0
2025-01-01 10:44:20,PAYLOAD_TEMP_CAM,23.4777,10,44,20,1,1,2,0,644,38660.0
2025-01-01 10:44:30,PAYLOAD_TEMP_SENSOR,20.8789,10,44,30,1,1,2,0,644,38670.0
2025-01-01 10:44:40,OBC_TEMP,36.5272,10,44,40,1,1,2,0,644,38680.0
2025-01-01 10:44:50,TRANS_TEMP,27.9036,10,44,50,1,1,2,0,644,38690.0
2025-01-01 10:45:00,STRUCT_TEMP_PANEL_X,28.0259,10,45,0,1,1,2,0,645,38700.0
2025-01-01 10:45:10,STRUCT_TEMP_PANEL_Y,28.2835,10,45,10,1,1,2,0,645,38710.0
2025-01-01 10:45:20,STRUCT_TEMP_PANEL_Z,22.7646,10,45,20,1,1,2,0,645,38720.0
2025-01-01 10:45:30,RADIATOR_TEMP,-12.5664,10,45,30,1,1,2,0,645,38730.0
2025-01-01 10:45:40,GYRO_X,0.004,10,45,40,1,1,2,0,645,38740.0
2025-01-01 10:45:50,GYRO_Y,-0.0283,10,45,50,1,1,2,0,645,38750.0
2025-01-01 10:46:00,GYRO_Z,-0.0406,10,46,0,1,1,2,0,646,38760.0
2025-01-01 10:46:10,MAGNETOMETER_X,-28.162,10,46,10,1,1,2,0,646,38770.0
2025-01-01 10:46:20,MAGNETOMETER_Y,-31.1668,10,46,20,1,1,2,0,646,38780.0
2025-01-01 10:46:30,MAGNETOMETER_Z,-24.1959,10,46,30,1,1,2,0,646,38790.0
2025-01-01 10:46:40,REACTION_WHEEL_SPD_X,757.5242,10,46,40,1,1,2,0,646,38800.0
2025-01-01 10:46:50,REACTION_WHEEL_SPD_Y,-872.6432,10,46,50,1,1,2,0,646,38810.0
2025-01-01 10:47:00,REACTION_WHEEL_SPD_Z,-1080.8194,10,47,0,1,1,2,0,647,38820.0
2025-01-01 10:47:10,ATTITUDE_ROLL,-1.8068,10,47,10,1,1,2,0,647,38830.0
2025-01-01 10:47:20,ATTITUDE_PITCH,-1.1213,10,47,20,1,1,2,0,647,38840.0
2025-01-01 10:47:30,ATTITUDE_YAW,-1.6619,10,47,30,1,1,2,0,647,38850.0
2025-01-01 10:47:40,STAR_TRACKER_VALID,0.6461,10,47,40,1,1,2,0,647,38860.0
2025-01-01 10:47:50,SUN_SENSOR_ANGLE,65.6482,10,47,50,1,1,2,0,647,38870.0
2025-01-01 10:48:00,RF_SIGNAL_STRENGTH,-71.3861,10,48,0,1,1,2,0,648,38880.0
2025-01-01 10:48:10,RF_NOISE_FLOOR,-100.6883,10,48,10,1,1,2,0,648,38890.0
2025-01-01 10:48:20,TX_POWER,2.1106,10,48,20,1,1,2,0,648,38900.0
2025-01-01 10:48:30,LINK_MARGIN,17.6924,10,48,30,1,1,2,0,648,38910.0
2025-01-01 10:48:40,DATA_RATE_KBPS,100.6159,10,48,40,1,1,2,0,648,38920.0
2025-01-01 10:48:50,PACKET_LOSS_RATE,1.2699,10,48,50,1,1,2,0,648,38930.0
2025-01-01 10:49:00,CPU_USAGE,22.9622,10,49,0,1,1,2,0,649,38940.0
2025-01-01 10:49:10,MEMORY_USAGE,43.6225,10,49,10,1,1,2,0,649,38950.0
2025-01-01 10:49:20,FLASH_WRITE_RATE,3.2863,10,49,20,1,1,2,0,649,38960.0
2025-01-01 10:49:30,WATCHDOG_COUNTER,25.9882,10,49,30,1,1,2,0,649,38970.0
2025-01-01 10:49:40,TANK_PRESSURE,292.8915,10,49,40,1,1,2,0,649,38980.0
2025-01-01 10:49:50,THRUSTER_VALVE_TEMP,13.7489,10,49,50,1,1,2,0,649,38990.0
2025-01-01 10:50:00,BATT_VOLTAGE_1,27.4154,10,50,0,1,1,2,0,650,39000.0
2025-01-01 10:50:10,BATT_VOLTAGE_2,28.3057,10,50,10,1,1,2,0,650,39010.0
2025-01-01 10:50:20,BATT_CURRENT_1,1.8402,10,50,20,1,1,2,0,650,39020.0
2025-01-01 10:50:30,BATT_CURRENT_2,2.0696,10,50,30,1,1,2,0,650,39030.0
2025-01-01 10:50:40,BATT_TEMP_1,19.9137,10,50,40,1,1,2,0,650,39040.0
2025-01-01 10:50:50,BATT_TEMP_2,21.9371,10,50,50,1,1,2,0,650,39050.0
2025-01-01 10:51:00,BATT_SOC,71.285,10,51,0,1,1,2,0,651,39060.0
2025-01-01 10:51:10,SOLAR_PANEL_VOLT_A,31.3378,10,51,10,1,1,2,0,651,39070.0
2025-01-01 10:51:20,SOLAR_PANEL_VOLT_B,29.246,10,51,20,1,1,2,0,651,39080.0
2025-01-01 10:51:30,SOLAR_PANEL_CURR_A,5.2178,10,51,30,1,1,2,0,651,39090.0
2025-01-01 10:51:40,SOLAR_PANEL_CURR_B,4.2574,10,51,40,1,1,2,0,651,39100.0
2025-01-01 10:51:50,SOLAR_POWER_TOTAL,100.9457,10,51,50,1,1,2,0,651,39110.0
2025-01-01 10:52:00,BUS_VOLTAGE,28.1102,10,52,0,1,1,2,0,652,39120.0
2025-01-01 10:52:10,BUS_CURRENT,7.0162,10,52,10,1,1,2,0,652,39130.0
2025-01-01 10:52:20,THRUSTER_TEMP_1,21.241,10,52,20,1,1,2,0,652,39140.0
2025-01-01 10:52:30,THRUSTER_TEMP_2,18.6918,10,52,30,1,1,2,0,652,39150.0
2025-01-01 10:52:40,PAYLOAD_TEMP_CAM,21.198,10,52,40,1,1,2,0,652,39160.0
2025-01-01 10:52:50,PAYLOAD_TEMP_SENSOR,23.5941,10,52,50,1,1,2,0,652,39170.0
2025-01-01 10:53:00,OBC_TEMP,39.7116,10,53,0,1,1,2,0,653,39180.0
2025-01-01 10:53:10,TRANS_TEMP,32.914,10,53,10,1,1,2,0,653,39190.0
2025-01-01 10:53:20,STRUCT_TEMP_PANEL_X,13.3543,10,53,20,1,1,2,0,653,39200.0
2025-01-01 10:53:30,STRUCT_TEMP_PANEL_Y,5.301,10,53,30,1,1,2,0,653,39210.0
2025-01-01 10:53:40,STRUCT_TEMP_PANEL_Z,9.3707,10,53,40,1,1,2,0,653,39220.0
2025-01-01 10:53:50,RADIATOR_TEMP,-17.4869,10,53,50,1,1,2,0,653,39230.0
2025-01-01 10:54:00,GYRO_X,-0.0322,10,54,0,1,1,2,0,654,39240.0
2025-01-01 10:54:10,GYRO_Y,0.002,10,54,10,1,1,2,0,654,39250.0
2025-01-01 10:54:20,GYRO_Z,0.0304,10,54,20,1,1,2,0,654,39260.0
2025-01-01 10:54:30,MAGNETOMETER_X,-41.1619,10,54,30,1,1,2,0,654,39270.0
2025-01-01 10:54:40,MAGNETOMETER_Y,-15.0905,10,54,40,1,1,2,0,654,39280.0
2025-01-01 10:54:50,MAGNETOMETER_Z,28.0701,10,54,50,1,1,2,0,654,39290.0
2025-01-01 10:55:00,REACTION_WHEEL_SPD_X,-1508.0439,10,55,0,1,1,2,0,655,39300.0
2025-01-01 10:55:10,REACTION_WHEEL_SPD_Y,-1319.2488,10,55,10,1,1,2,0,655,39310.0
2025-01-01 10:55:20,REACTION_WHEEL_SPD_Z,-1408.1265,10,55,20,1,1,2,0,655,39320.0
2025-01-01 10:55:30,ATTITUDE_ROLL,-0.0053,10,55,30,1,1,2,0,655,39330.0
2025-01-01 10:55:40,ATTITUDE_PITCH,0.4479,10,55,40,1,1,2,0,655,39340.0
2025-01-01 10:55:50,ATTITUDE_YAW,-1.7998,10,55,50,1,1,2,0,655,39350.0
2025-01-01 10:56:00,STAR_TRACKER_VALID,0.5858,10,56,0,1,1,2,0,656,39360.0
2025-01-01 10:56:10,SUN_SENSOR_ANGLE,82.2107,10,56,10,1,1,2,0,656,39370.0
2025-01-01 10:56:20,RF_SIGNAL_STRENGTH,-70.4643,10,56,20,1,1,2,0,656,39380.0
2025-01-01 10:56:30,RF_NOISE_FLOOR,-101.1869,10,56,30,1,1,2,0,656,39390.0
2025-01-01 10:56:40,TX_POWER,2.7731,10,56,40,1,1,2,0,656,39400.0
2025-01-01 10:56:50,LINK_MARGIN,11.5024,10,56,50,1,1,2,0,656,39410.0
2025-01-01 10:57:00,DATA_RATE_KBPS,111.2061,10,57,0,1,1,2,0,657,39420.0
2025-01-01 10:57:10,PACKET_LOSS_RATE,0.5755,10,57,10,1,1,2,0,657,39430.0
2025-01-01 10:57:20,CPU_USAGE,38.7146,10,57,20,1,1,2,0,657,39440.0
2025-01-01 10:57:30,MEMORY_USAGE,50.0185,10,57,30,1,1,2,0,657,39450.0
2025-01-01 10:57:40,FLASH_WRITE_RATE,1.3424,10,57,40,1,1,2,0,657,39460.0
2025-01-01 10:57:50,WATCHDOG_COUNTER,31.6948,10,57,50,1,1,2,0,657,39470.0
2025-01-01 10:58:00,TANK_PRESSURE,293.8489,10,58,0,1,1,2,0,658,39480.0
2025-01-01 10:58:10,THRUSTER_VALVE_TEMP,20.3493,10,58,10,1,1,2,0,658,39490.0
2025-01-01 10:58:20,BATT_VOLTAGE_1,27.4533,10,58,20,1,1,2,0,658,39500.0
2025-01-01 10:58:30,BATT_VOLTAGE_2,27.4601,10,58,30,1,1,2,0,658,39510.0
2025-01-01 10:58:40,BATT_CURRENT_1,1.6333,10,58,40,1,1,2,0,658,39520.0
2025-01-01 10:58:50,BATT_CURRENT_2,2.8772,10,58,50,1,1,2,0,658,39530.0
2025-01-01 10:59:00,BATT_TEMP_1,20.2651,10,59,0,1,1,2,0,659,39540.0
2025-01-01 10:59:10,BATT_TEMP_2,20.4927,10,59,10,1,1,2,0,659,39550.0
2025-01-01 10:59:20,BATT_SOC,72.0903,10,59,20,1,1,2,0,659,39560.0
2025-01-01 10:59:30,SOLAR_PANEL_VOLT_A,29.3413,10,59,30,1,1,2,0,659,39570.0
2025-01-01 10:59:40,SOLAR_PANEL_VOLT_B,29.4747,10,59,40,1,1,2,0,659,39580.0
2025-01-01 10:59:50,SOLAR_PANEL_CURR_A,4.2565,10,59,50,1,1,2,0,659,39590.0
2025-01-01 11:00:00,SOLAR_PANEL_CURR_B,4.568,11,0,0,1,1,2,0,660,39600.0
2025-01-01 11:00:10,SOLAR_POWER_TOTAL,106.2303,11,0,10,1,1,2,0,660,39610.0
2025-01-01 11:00:20,BUS_VOLTAGE,28.1474,11,0,20,1,1,2,0,660,39620.0
2025-01-01 11:00:30,BUS_CURRENT,7.0,11,0,30,1,1,2,0,660,39630.0
2025-01-01 11:00:40,THRUSTER_TEMP_1,24.053,11,0,40,1,1,2,0,660,39640.0
2025-01-01 11:00:50,THRUSTER_TEMP_2,20.1482,11,0,50,1,1,2,0,660,39650.0
2025-01-01 11:01:00,PAYLOAD_TEMP_CAM,20.06,11,1,0,1,1,2,0,661,39660.0
2025-01-01 11:01:10,PAYLOAD_TEMP_SENSOR,20.2898,11,1,10,1,1,2,0,661,39670.0
2025-01-01 11:01:20,OBC_TEMP,35.8787,11,1,20,1,1,2,0,661,39680.0
2025-01-01 11:01:30,TRANS_TEMP,35.0957,11,1,30,1,1,2,0,661,39690.0
2025-01-01 11:01:40,STRUCT_TEMP_PANEL_X,22.5946,11,1,40,1,1,2,0,661,39700.0
2025-01-01 11:01:50,STRUCT_TEMP_PANEL_Y,9.0979,11,1,50,1,1,2,0,661,39710.0
2025-01-01 11:02:00,STRUCT_TEMP_PANEL_Z,8.8812,11,2,0,1,1,2,0,662,39720.0
2025-01-01 11:02:10,RADIATOR_TEMP,-18.3573,11,2,10,1,1,2,0,662,39730.0
2025-01-01 11:02:20,GYRO_X,-0.0481,11,2,20,1,1,2,0,662,39740.0
2025-01-01 11:02:30,GYRO_Y,-0.0459,11,2,30,1,1,2,0,662,39750.0
2025-01-01 11:02:40,GYRO_Z,-0.0203,11,2,40,1,1,2,0,662,39760.0
2025-01-01 11:02:50,MAGNETOMETER_X,-23.9794,11,2,50,1,1,2,0,662,39770.0
2025-01-01 11:03:00,MAGNETOMETER_Y,11.2718,11,3,0,1,1,2,0,663,39780.0
2025-01-01 11:03:10,MAGNETOMETER_Z,2.6327,11,3,10,1,1,2,0,663,39790.0
2025-01-01 11:03:20,REACTION_WHEEL_SPD_X,203.5655,11,3,20,1,1,2,0,663,39800.0
2025-01-01 11:03:30,REACTION_WHEEL_SPD_Y,382.2603,11,3,30,1,1,2,0,663,39810.0
2025-01-01 11:03:40,REACTION_WHEEL_SPD_Z,-717.9909,11,3,40,1,1,2,0,663,39820.0
2025-01-01 11:03:50,ATTITUDE_ROLL,-1.2275,11,3,50,1,1,2,0,663,39830.0
2025-01-01 11:04:00,ATTITUDE_PITCH,-1.5366,11,4,0,1,1,2,0,664,39840.0
2025-01-01 11:04:10,ATTITUDE_YAW,-0.8386,11,4,10,1,1,2,0,664,39850.0
2025-01-01 11:04:20,STAR_TRACKER_VALID,0.2411,11,4,20,1,1,2,0,664,39860.0
2025-01-01 11:04:30,SUN_SENSOR_ANGLE,85.2037,11,4,30,1,1,2,0,664,39870.0
2025-01-01 11:04:40,RF_SIGNAL_STRENGTH,-72.0456,11,4,40,1,1,2,0,664,39880.0
2025-01-01 11:04:50,RF_NOISE_FLOOR,-98.5933,11,4,50,1,1,2,0,664,39890.0
2025-01-01 11:05:00,TX_POWER,1.9223,11,5,0,1,1,2,0,665,39900.0
2025-01-01 11:05:10,LINK_MARGIN,10.7342,11,5,10,1,1,2,0,665,39910.0
2025-01-01 11:05:20,DATA_RATE_KBPS,141.3844,11,5,20,1,1,2,0,665,39920.0
2025-01-01 11:05:30,PACKET_LOSS_RATE,0.704,11,5,30,1,1,2,0,665,39930.0
2025-01-01 11:05:40,CPU_USAGE,30.3336,11,5,40,1,1,2,0,665,39940.0
2025-01-01 11:05:50,MEMORY_USAGE,42.7275,11,5,50,1,1,2,0,665,39950.0
2025-01-01 11:06:00,FLASH_WRITE_RATE,1.1321,11,6,0,1,1,2,0,666,39960.0
2025-01-01 11:06:10,WATCHDOG_COUNTER,26.8805,11,6,10,1,1,2,0,666,39970.0
2025-01-01 11:06:20,TANK_PRESSURE,294.7731,11,6,20,1,1,2,0,666,39980.0
2025-01-01 11:06:30,THRUSTER_VALVE_TEMP,18.9224,11,6,30,1,1,2,0,666,39990.0
2025-01-01 11:06:40,BATT_VOLTAGE_1,27.4184,11,6,40,1,1,2,0,666,40000.0
2025-01-01 11:06:50,BATT_VOLTAGE_2,28.5339,11,6,50,1,1,2,0,666,40010.0
2025-01-01 11:07:00,BATT_CURRENT_1,1.9248,11,7,0,1,1,2,0,667,40020.0
2025-01-01 11:07:10,BATT_CURRENT_2,2.0853,11,7,10,1,1,2,0,667,40030.0
2025-01-01 11:07:20,BATT_TEMP_1,24.5582,11,7,20,1,1,2,0,667,40040.0
2025-01-01 11:07:30,BATT_TEMP_2,18.6988,11,7,30,1,1,2,0,667,40050.0
2025-01-01 11:07:40,BATT_SOC,75.0394,11,7,40,1,1,2,0,667,40060.0
2025-01-01 11:07:50,SOLAR_PANEL_VOLT_A,30.6688,11,7,50,1,1,2,0,667,40070.0
2025-01-01 11:08:00,SOLAR_PANEL_VOLT_B,31.1156,11,8,0,1,1,2,0,668,40080.0
2025-01-01 11:08:10,SOLAR_PANEL_CURR_A,4.3796,11,8,10,1,1,2,0,668,40090.0
2025-01-01 11:08:20,SOLAR_PANEL_CURR_B,5.1047,11,8,20,1,1,2,0,668,40100.0
2025-01-01 11:08:30,SOLAR_POWER_TOTAL,99.2808,11,8,30,1,1,2,0,668,40110.0
2025-01-01 11:08:40,BUS_VOLTAGE,28.498,11,8,40,1,1,2,0,668,40120.0
2025-01-01 11:08:50,BUS_CURRENT,7.2604,11,8,50,1,1,2,0,668,40130.0
2025-01-01 11:09:00,THRUSTER_TEMP_1,21.0236,11,9,0,1,1,2,0,669,40140.0
2025-01-01 11:09:10,THRUSTER_TEMP_2,19.1971,11,9,10,1,1,2,0,669,40150.0
2025-01-01 11:09:20,PAYLOAD_TEMP_CAM,21.519,11,9,20,1,1,2,0,669,40160.0
2025-01-01 11:09:30,PAYLOAD_TEMP_SENSOR,20.8096,11,9,30,1,1,2,0,669,40170.0
2025-01-01 11:09:40,OBC_TEMP,36.3971,11,9,40,1,1,2,0,669,40180.0
2025-01-01 11:09:50,TRANS_TEMP,37.765,11,9,50,1,1,2,0,669,40190.0
2025-01-01 11:10:00,STRUCT_TEMP_PANEL_X,10.2306,11,10,0,1,1,2,0,670,40200.0
2025-01-01 11:10:10,STRUCT_TEMP_PANEL_Y,15.7101,11,10,10,1,1,2,0,670,40210.0
2025-01-01 11:10:20,STRUCT_TEMP_PANEL_Z,4.9675,11,10,20,1,1,2,0,670,40220.0
2025-01-01 11:10:30,RADIATOR_TEMP,-7.3732,11,10,30,1,1,2,0,670,40230.0
2025-01-01 11:10:40,GYRO_X,-0.0157,11,10,40,1,1,2,0,670,40240.0
2025-01-01 11:10:50,GYRO_Y,-0.0246,11,10,50,1,1,2,0,670,40250.0
2025-01-01 11:11:00,GYRO_Z,-0.0297,11,11,0,1,1,2,0,671,40260.0
2025-01-01 11:11:10,MAGNETOMETER_X,-34.6807,11,11,10,1,1,2,0,671,40270.0
2025-01-01 11:11:20,MAGNETOMETER_Y,-32.0703,11,11,20,1,1,2,0,671,40280.0
2025-01-01 11:11:30,MAGNETOMETER_Z,-24.4159,11,11,30,1,1,2,0,671,40290.0
2025-01-01 11:11:40,REACTION_WHEEL_SPD_X,510.6335,11,11,40,1,1,2,0,671,40300.0
2025-01-01 11:11:50,REACTION_WHEEL_SPD_Y,-652.9792,11,11,50,1,1,2,0,671,40310.0
2025-01-01 11:12:00,REACTION_WHEEL_SPD_Z,-866.6504,11,12,0,1,1,2,0,672,40320.0
2025-01-01 11:12:10,ATTITUDE_ROLL,-0.6292,11,12,10,1,1,2,0,672,40330.0
2025-01-01 11:12:20,ATTITUDE_PITCH,-0.9268,11,12,20,1,1,2,0,672,40340.0
2025-01-01 11:12:30,ATTITUDE_YAW,0.2786,11,12,30,1,1,2,0,672,40350.0
2025-01-01 11:12:40,STAR_TRACKER_VALID,0.3993,11,12,40,1,1,2,0,672,40360.0
2025-01-01 11:12:50,SUN_SENSOR_ANGLE,44.0424,11,12,50,1,1,2,0,672,40370.0
2025-01-01 11:13:00,RF_SIGNAL_STRENGTH,-60.4693,11,13,0,1,1,2,0,673,40380.0
2025-01-01 11:13:10,RF_NOISE_FLOOR,-95.604,11,13,10,1,1,2,0,673,40390.0
2025-01-01 11:13:20,TX_POWER,2.9218,11,13,20,1,1,2,0,673,40400.0
2025-01-01 11:13:30,LINK_MARGIN,18.8607,11,13,30,1,1,2,0,673,40410.0
2025-01-01 11:13:40,DATA_RATE_KBPS,93.9164,11,13,40,1,1,2,0,673,40420.0
2025-01-01 11:13:50,PACKET_LOSS_RATE,0.4827,11,13,50,1,1,2,0,673,40430.0
2025-01-01 11:14:00,CPU_USAGE,24.4433,11,14,0,1,1,2,0,674,40440.0
2025-01-01 11:14:10,MEMORY_USAGE,60.5357,11,14,10,1,1,2,0,674,40450.0
2025-01-01 11:14:20,FLASH_WRITE_RATE,1.7406,11,14,20,1,1,2,0,674,40460.0
2025-01-01 11:14:30,WATCHDOG_COUNTER,59.1292,11,14,30,1,1,2,0,674,40470.0
2025-01-01 11:14:40,TANK_PRESSURE,290.2492,11,14,40,1,1,2,0,674,40480.0
2025-01-01 11:14:50,THRUSTER_VALVE_TEMP,14.1411,11,14,50,1,1,2,0,674,40490.0
2025-01-01 11:15:00,BATT_VOLTAGE_1,27.7318,11,15,0,1,1,2,0,675,40500.0
2025-01-01 11:15:10,BATT_VOLTAGE_2,27.2672,11,15,10,1,1,2,0,675,40510.0
2025-01-01 11:15:20,BATT_CURRENT_1,1.9588,11,15,20,1,1,2,0,675,40520.0
2025-01-01 11:15:30,BATT_CURRENT_2,1.6525,11,15,30,1,1,2,0,675,40530.0
2025-01-01 11:15:40,BATT_TEMP_1,20.9249,11,15,40,1,1,2,0,675,40540.0
2025-01-01 11:15:50,BATT_TEMP_2,21.6332,11,15,50,1,1,2,0,675,40550.0
2025-01-01 11:16:00,BATT_SOC,83.2919,11,16,0,1,1,2,0,676,40560.0
2025-01-01 11:16:10,SOLAR_PANEL_VOLT_A,30.3419,11,16,10,1,1,2,0,676,40570.0
2025-01-01 11:16:20,SOLAR_PANEL_VOLT_B,29.8763,11,16,20,1,1,2,0,676,40580.0
2025-01-01 11:16:30,SOLAR_PANEL_CURR_A,5.6813,11,16,30,1,1,2,0,676,40590.0
2025-01-01 11:16:40,SOLAR_PANEL_CURR_B,4.4836,11,16,40,1,1,2,0,676,40600.0
2025-01-01 11:16:50,SOLAR_POWER_TOTAL,96.3604,11,16,50,1,1,2,0,676,40610.0
2025-01-01 11:17:00,BUS_VOLTAGE,28.1968,11,17,0,1,1,2,0,677,40620.0
2025-01-01 11:17:10,BUS_CURRENT,9.3339,11,17,10,1,1,2,0,677,40630.0
2025-01-01 11:17:20,THRUSTER_TEMP_1,20.7843,11,17,20,1,1,2,0,677,40640.0
2025-01-01 11:17:30,THRUSTER_TEMP_2,20.2908,11,17,30,1,1,2,0,677,40650.0
2025-01-01 11:17:40,PAYLOAD_TEMP_CAM,24.2549,11,17,40,1,1,2,0,677,40660.0
2025-01-01 11:17:50,PAYLOAD_TEMP_SENSOR,20.1212,11,17,50,1,1,2,0,677,40670.0
2025-01-01 11:18:00,OBC_TEMP,40.7815,11,18,0,1,1,2,0,678,40680.0
2025-01-01 11:18:10,TRANS_TEMP,32.3322,11,18,10,1,1,2,0,678,40690.0
2025-01-01 11:18:20,STRUCT_TEMP_PANEL_X,7.6327,11,18,20,1,1,2,0,678,40700.0
2025-01-01 11:18:30,STRUCT_TEMP_PANEL_Y,10.9934,11,18,30,1,1,2,0,678,40710.0
2025-01-01 11:18:40,STRUCT_TEMP_PANEL_Z,18.9768,11,18,40,1,1,2,0,678,40720.0
2025-01-01 11:18:50,RADIATOR_TEMP,-19.9723,11,18,50,1,1,2,0,678,40730.0
2025-01-01 11:19:00,GYRO_X,-0.0013,11,19,0,1,1,2,0,679,40740.0
2025-01-01 11:19:10,GYRO_Y,-0.022,11,19,10,1,1,2,0,679,40750.0
2025-01-01 11:19:20,GYRO_Z,-0.004,11,19,20,1,1,2,0,679,40760.0
2025-01-01 11:19:30,MAGNETOMETER_X,2.2843,11,19,30,1,1,2,0,679,40770.0
2025-01-01 11:19:40,MAGNETOMETER_Y,-12.9624,11,19,40,1,1,2,0,679,40780.0
2025-01-01 11:19:50,MAGNETOMETER_Z,-29.2657,11,19,50,1,1,2,0,679,40790.0
2025-01-01 11:20:00,REACTION_WHEEL_SPD_X,-1392.7473,11,20,0,1,1,2,0,680,40800.0
2025-01-01 11:20:10,REACTION_WHEEL_SPD_Y,-469.5445,11,20,10,1,1,2,0,680,40810.0
2025-01-01 11:20:20,REACTION_WHEEL_SPD_Z,-65.1776,11,20,20,1,1,2,0,680,40820.0
2025-01-01 11:20:30,ATTITUDE_ROLL,-1.5791,11,20,30,1,1,2,0,680,40830.0
2025-01-01 11:20:40,ATTITUDE_PITCH,-1.1454,11,20,40,1,1,2,0,680,40840.0
2025-01-01 11:20:50,ATTITUDE_YAW,-1.4747,11,20,50,1,1,2,0,680,40850.0
2025-01-01 11:21:00,STAR_TRACKER_VALID,0.4003,11,21,0,1,1,2,0,681,40860.0
2025-01-01 11:21:10,SUN_SENSOR_ANGLE,104.5459,11,21,10,1,1,2,0,681,40870.0
2025-01-01 11:21:20,RF_SIGNAL_STRENGTH,-71.603,11,21,20,1,1,2,0,681,40880.0
2025-01-01 11:21:30,RF_NOISE_FLOOR,-92.6051,11,21,30,1,1,2,0,681,40890.0
2025-01-01 11:21:40,TX_POWER,2.2427,11,21,40,1,1,2,0,681,40900.0
2025-01-01 11:21:50,LINK_MARGIN,11.6422,11,21,50,1,1,2,0,681,40910.0
2025-01-01 11:22:00,DATA_RATE_KBPS,101.2651,11,22,0,1,1,2,0,682,40920.0
2025-01-01 11:22:10,PACKET_LOSS_RATE,0.4205,11,22,10,1,1,2,0,682,40930.0
2025-01-01 11:22:20,CPU_USAGE,24.9764,11,22,20,1,1,2,0,682,40940.0
2025-01-01 11:22:30,MEMORY_USAGE,44.0215,11,22,30,1,1,2,0,682,40950.0
2025-01-01 11:22:40,FLASH_WRITE_RATE,1.4228,11,22,40,1,1,2,0,682,40960.0
2025-01-01 11:22:50,WATCHDOG_COUNTER,27.2725,11,22,50,1,1,2,0,682,40970.0
2025-01-01 11:23:00,TANK_PRESSURE,294.0097,11,23,0,1,1,2,0,683,40980.0
2025-01-01 11:23:10,THRUSTER_VALVE_TEMP,18.0054,11,23,10,1,1,2,0,683,40990.0
2025-01-01 11:23:20,BATT_VOLTAGE_1,27.7416,11,23,20,1,1,2,0,683,41000.0
2025-01-01 11:23:30,BATT_VOLTAGE_2,27.6768,11,23,30,1,1,2,0,683,41010.0
2025-01-01 11:23:40,BATT_CURRENT_1,2.4604,11,23,40,1,1,2,0,683,41020.0
2025-01-01 11:23:50,BATT_CURRENT_2,1.9669,11,23,50,1,1,2,0,683,41030.0
2025-01-01 11:24:00,BATT_TEMP_1,21.5343,11,24,0,1,1,2,0,684,41040.0
2025-01-01 11:24:10,BATT_TEMP_2,19.0368,11,24,10,1,1,2,0,684,41050.0
2025-01-01 11:24:20,BATT_SOC,79.4646,11,24,20,1,1,2,0,684,41060.0
2025-01-01 11:24:30,SOLAR_PANEL_VOLT_A,30.1537,11,24,30,1,1,2,0,684,41070.0
2025-01-01 11:24:40,SOLAR_PANEL_VOLT_B,30.8334,11,24,40,1,1,2,0,684,41080.0
2025-01-01 11:24:50,SOLAR_PANEL_CURR_A,4.1331,11,24,50,1,1,2,0,684,41090.0
2025-01-01 11:25:00,SOLAR_PANEL_CURR_B,4.1846,11,25,0,1,1,2,0,685,41100.0
2025-01-01 11:25:10,SOLAR_POWER_TOTAL,95.6376,11,25,10,1,1,2,0,685,41110.0
2025-01-01 11:25:20,BUS_VOLTAGE,28.2399,11,25,20,1,1,2,0,685,41120.0
2025-01-01 11:25:30,BUS_CURRENT,7.1226,11,25,30,1,1,2,0,685,41130.0
2025-01-01 11:25:40,THRUSTER_TEMP_1,22.1629,11,25,40,1,1,2,0,685,41140.0
2025-01-01 11:25:50,THRUSTER_TEMP_2,18.8179,11,25,50,1,1,2,0,685,41150.0
2025-01-01 11:26:00,PAYLOAD_TEMP_CAM,20.9846,11,26,0,1,1,2,0,686,41160.0
2025-01-01 11:26:10,PAYLOAD_TEMP_SENSOR,21.2483,11,26,10,1,1,2,0,686,41170.0
2025-01-01 11:26:20,OBC_TEMP,44.5944,11,26,20,1,1,2,0,686,41180.0
2025-01-01 11:26:30,TRANS_TEMP,36.6586,11,26,30,1,1,2,0,686,41190.0
2025-01-01 11:26:40,STRUCT_TEMP_PANEL_X,25.8107,11,26,40,1,1,2,0,686,41200.0
2025-01-01 11:26:50,STRUCT_TEMP_PANEL_Y,21.7152,11,26,50,1,1,2,0,686,41210.0
2025-01-01 11:27:00,STRUCT_TEMP_PANEL_Z,7.8113,11,27,0,1,1,2,0,687,41220.0
2025-01-01 11:27:10,RADIATOR_TEMP,-15.6918,11,27,10,1,1,2,0,687,41230.0
2025-01-01 11:27:20,GYRO_X,-0.0317,11,27,20,1,1,2,0,687,41240.0
2025-01-01 11:27:30,GYRO_Y,-0.0401,11,27,30,1,1,2,0,687,41250.0
2025-01-01 11:27:40,GYRO_Z,-0.0324,11,27,40,1,1,2,0,687,41260.0
2025-01-01 11:27:50,MAGNETOMETER_X,-25.8652,11,27,50,1,1,2,0,687,41270.0
2025-01-01 11:28:00,MAGNETOMETER_Y,-24.4221,11,28,0,1,1,2,0,688,41280.0
2025-01-01 11:28:10,MAGNETOMETER_Z,-25.2888,11,28,10,1,1,2,0,688,41290.0
2025-01-01 11:28:20,REACTION_WHEEL_SPD_X,-1045.8659,11,28,20,1,1,2,0,688,41300.0
2025-01-01 11:28:30,REACTION_WHEEL_SPD_Y,-1301.4391,11,28,30,1,1,2,0,688,41310.0
2025-01-01 11:28:40,REACTION_WHEEL_SPD_Z,-1426.0031,11,28,40,1,1,2,0,688,41320.0
2025-01-01 11:28:50,ATTITUDE_ROLL,-1.7965,11,28,50,1,1,2,0,688,41330.0
2025-01-01 11:29:00,ATTITUDE_PITCH,-1.1559,11,29,0,1,1,2,0,689,41340.0
2025-01-01 11:29:10,ATTITUDE_YAW,1.8117,11,29,10,1,1,2,0,689,41350.0
2025-01-01 11:29:20,STAR_TRACKER_VALID,0.587,11,29,20,1,1,2,0,689,41360.0
2025-01-01 11:29:30,SUN_SENSOR_ANGLE,88.6088,11,29,30,1,1,2,0,689,41370.0
2025-01-01 11:29:40,RF_SIGNAL_STRENGTH,-74.1678,11,29,40,1,1,2,0,689,41380.0
2025-01-01 11:29:50,RF_NOISE_FLOOR,-100.0708,11,29,50,1,1,2,0,689,41390.0
2025-01-01 11:30:00,TX_POWER,2.7874,11,30,0,1,1,2,0,690,41400.0
2025-01-01 11:30:10,LINK_MARGIN,10.061,11,30,10,1,1,2,0,690,41410.0
2025-01-01 11:30:20,DATA_RATE_KBPS,114.4237,11,30,20,1,1,2,0,690,41420.0
2025-01-01 11:30:30,PACKET_LOSS_RATE,0.5024,11,30,30,1,1,2,0,690,41430.0
2025-01-01 11:30:40,CPU_USAGE,22.7565,11,30,40,1,1,2,0,690,41440.0
2025-01-01 11:30:50,MEMORY_USAGE,54.201,11,30,50,1,1,2,0,690,41450.0
2025-01-01 11:31:00,FLASH_WRITE_RATE,1.3226,11,31,0,1,1,2,0,691,41460.0
2025-01-01 11:31:10,WATCHDOG_COUNTER,20.9767,11,31,10,1,1,2,0,691,41470.0
2025-01-01 11:31:20,TANK_PRESSURE,296.5509,11,31,20,1,1,2,0,691,41480.0
2025-01-01 11:31:30,THRUSTER_VALVE_TEMP,15.7909,11,31,30,1,1,2,0,691,41490.0
2025-01-01 11:31:40,BATT_VOLTAGE_1,27.4327,11,31,40,1,1,2,0,691,41500.0
2025-01-01 11:31:50,BATT_VOLTAGE_2,27.4729,11,31,50,1,1,2,0,691,41510.0
2025-01-01 11:32:00,BATT_CURRENT_1,1.9969,11,32,0,1,1,2,0,692,41520.0
2025-01-01 11:32:10,BATT_CURRENT_2,2.5031,11,32,10,1,1,2,0,692,41530.0
2025-01-01 11:32:20,BATT_TEMP_1,19.2074,11,32,20,1,1,2,0,692,41540.0
2025-01-01 11:32:30,BATT_TEMP_2,22.2072,11,32,30,1,1,2,0,692,41550.0
2025-01-01 11:32:40,BATT_SOC,68.8448,11,32,40,1,1,2,0,692,41560.0
2025-01-01 11:32:50,SOLAR_PANEL_VOLT_A,31.4291,11,32,50,1,1,2,0,692,41570.0
2025-01-01 11:33:00,SOLAR_PANEL_VOLT_B,30.5649,11,33,0,1,1,2,0,693,41580.0
2025-01-01 11:33:10,SOLAR_PANEL_CURR_A,5.5083,11,33,10,1,1,2,0,693,41590.0
2025-01-01 11:33:20,SOLAR_PANEL_CURR_B,4.5801,11,33,20,1,1,2,0,693,41600.0
2025-01-01 11:33:30,SOLAR_POWER_TOTAL,101.6569,11,33,30,1,1,2,0,693,41610.0
2025-01-01 11:33:40,BUS_VOLTAGE,28.0332,11,33,40,1,1,2,0,693,41620.0
2025-01-01 11:33:50,BUS_CURRENT,8.4825,11,33,50,1,1,2,0,693,41630.0
2025-01-01 11:34:00,THRUSTER_TEMP_1,18.9998,11,34,0,1,1,2,0,694,41640.0
2025-01-01 11:34:10,THRUSTER_TEMP_2,18.6547,11,34,10,1,1,2,0,694,41650.0
2025-01-01 11:34:20,PAYLOAD_TEMP_CAM,21.0157,11,34,20,1,1,2,0,694,41660.0
2025-01-01 11:34:30,PAYLOAD_TEMP_SENSOR,23.6691,11,34,30,1,1,2,0,694,41670.0
2025-01-01 11:34:40,OBC_TEMP,37.7628,11,34,40,1,1,2,0,694,41680.0
2025-01-01 11:34:50,TRANS_TEMP,33.5885,11,34,50,1,1,2,0,694,41690.0
2025-01-01 11:35:00,STRUCT_TEMP_PANEL_X,9.7883,11,35,0,1,1,2,0,695,41700.0
2025-01-01 11:35:10,STRUCT_TEMP_PANEL_Y,13.5449,11,35,10,1,1,2,0,695,41710.0
2025-01-01 11:35:20,STRUCT_TEMP_PANEL_Z,9.5721,11,35,20,1,1,2,0,695,41720.0
2025-01-01 11:35:30,RADIATOR_TEMP,-10.745,11,35,30,1,1,2,0,695,41730.0
2025-01-01 11:35:40,GYRO_X,-0.0303,11,35,40,1,1,2,0,695,41740.0
2025-01-01 11:35:50,GYRO_Y,0.0114,11,35,50,1,1,2,0,695,41750.0
2025-01-01 11:36:00,GYRO_Z,0.0119,11,36,0,1,1,2,0,696,41760.0
2025-01-01 11:36:10,MAGNETOMETER_X,-34.4137,11,36,10,1,1,2,0,696,41770.0
2025-01-01 11:36:20,MAGNETOMETER_Y,-22.0904,11,36,20,1,1,2,0,696,41780.0
2025-01-01 11:36:30,MAGNETOMETER_Z,0.1818,11,36,30,1,1,2,0,696,41790.0
2025-01-01 11:36:40,REACTION_WHEEL_SPD_X,-703.4189,11,36,40,1,1,2,0,696,41800.0
2025-01-01 11:36:50,REACTION_WHEEL_SPD_Y,-1472.3658,11,36,50,1,1,2,0,696,41810.0
2025-01-01 11:37:00,REACTION_WHEEL_SPD_Z,-1161.4136,11,37,0,1,1,2,0,697,41820.0
2025-01-01 11:37:10,ATTITUDE_ROLL,-0.2621,11,37,10,1,1,2,0,697,41830.0
2025-01-01 11:37:20,ATTITUDE_PITCH,-1.2483,11,37,20,1,1,2,0,697,41840.0
2025-01-01 11:37:30,ATTITUDE_YAW,-1.0155,11,37,30,1,1,2,0,697,41850.0
2025-01-01 11:37:40,STAR_TRACKER_VALID,0.3088,11,37,40,1,1,2,0,697,41860.0
2025-01-01 11:37:50,SUN_SENSOR_ANGLE,45.0831,11,37,50,1,1,2,0,697,41870.0
2025-01-01 11:38:00,RF_SIGNAL_STRENGTH,-68.5946,11,38,0,1,1,2,0,698,41880.0
2025-01-01 11:38:10,RF_NOISE_FLOOR,-103.3473,11,38,10,1,1,2,0,698,41890.0
2025-01-01 11:38:20,TX_POWER,3.4151,11,38,20,1,1,2,0,698,41900.0
2025-01-01 11:38:30,LINK_MARGIN,15.7566,11,38,30,1,1,2,0,698,41910.0
2025-01-01 11:38:40,DATA_RATE_KBPS,95.5594,11,38,40,1,1,2,0,698,41920.0
2025-01-01 11:38:50,PACKET_LOSS_RATE,0.8073,11,38,50,1,1,2,0,698,41930.0
2025-01-01 11:39:00,CPU_USAGE,30.1609,11,39,0,1,1,2,0,699,41940.0
2025-01-01 11:39:10,MEMORY_USAGE,41.5329,11,39,10,1,1,2,0,699,41950.0
2025-01-01 11:39:20,FLASH_WRITE_RATE,3.0293,11,39,20,1,1,2,0,699,41960.0
2025-01-01 11:39:30,WATCHDOG_COUNTER,54.7638,11,39,30,1,1,2,0,699,41970.0
2025-01-01 11:39:40,TANK_PRESSURE,294.5708,11,39,40,1,1,2,0,699,41980.0
2025-01-01 11:39:50,THRUSTER_VALVE_TEMP,14.716,11,39,50,1,1,2,0,699,41990.0
2025-01-01 11:40:00,BATT_VOLTAGE_1,27.6991,11,40,0,1,1,2,0,700,42000.0
2025-01-01 11:40:10,BATT_VOLTAGE_2,27.191,11,40,10,1,1,2,0,700,42010.0
2025-01-01 11:40:20,BATT_CURRENT_1,2.6388,11,40,20,1,1,2,0,700,42020.0
2025-01-01 11:40:30,BATT_CURRENT_2,2.1298,11,40,30,1,1,2,0,700,42030.0
2025-01-01 11:40:40,BATT_TEMP_1,20.5662,11,40,40,1,1,2,0,700,42040.0
2025-01-01 11:40:50,BATT_TEMP_2,25.5018,11,40,50,1,1,2,0,700,42050.0
2025-01-01 11:41:00,BATT_SOC,80.3609,11,41,0,1,1,2,0,701,42060.0
2025-01-01 11:41:10,SOLAR_PANEL_VOLT_A,29.9784,11,41,10,1,1,2,0,701,42070.0
2025-01-01 11:41:20,SOLAR_PANEL_VOLT_B,31.5344,11,41,20,1,1,2,0,701,42080.0
2025-01-01 11:41:30,SOLAR_PANEL_CURR_A,4.6843,11,41,30,1,1,2,0,701,42090.0
2025-01-01 11:41:40,SOLAR_PANEL_CURR_B,6.0855,11,41,40,1,1,2,0,701,42100.0
2025-01-01 11:41:50,SOLAR_POWER_TOTAL,92.9025,11,41,50,1,1,2,0,701,42110.0
2025-01-01 11:42:00,BUS_VOLTAGE,28.0905,11,42,0,1,1,2,0,702,42120.0
2025-01-01 11:42:10,BUS_CURRENT,6.7489,11,42,10,1,1,2,0,702,42130.0
2025-01-01 11:42:20,THRUSTER_TEMP_1,20.7844,11,42,20,1,1,2,0,702,42140.0
2025-01-01 11:42:30,THRUSTER_TEMP_2,18.8031,11,42,30,1,1,2,0,702,42150.0
2025-01-01 11:42:40,PAYLOAD_TEMP_CAM,20.6678,11,42,40,1,1,2,0,702,42160.0
2025-01-01 11:42:50,PAYLOAD_TEMP_SENSOR,23.9009,11,42,50,1,1,2,0,702,42170.0
2025-01-01 11:43:00,OBC_TEMP,44.1955,11,43,0,1,1,2,0,703,42180.0
2025-01-01 11:43:10,TRANS_TEMP,33.6087,11,43,10,1,1,2,0,703,42190.0
2025-01-01 11:43:20,STRUCT_TEMP_PANEL_X,3.5433,11,43,20,1,1,2,0,703,42200.0
2025-01-01 11:43:30,STRUCT_TEMP_PANEL_Y,3.7088,11,43,30,1,1,2,0,703,42210.0
2025-01-01 11:43:40,STRUCT_TEMP_PANEL_Z,19.2912,11,43,40,1,1,2,0,703,42220.0
2025-01-01 11:43:50,RADIATOR_TEMP,-16.3152,11,43,50,1,1,2,0,703,42230.0
2025-01-01 11:44:00,GYRO_X,-0.0232,11,44,0,1,1,2,0,704,42240.0
2025-01-01 11:44:10,GYRO_Y,0.0128,11,44,10,1,1,2,0,704,42250.0
2025-01-01 11:44:20,GYRO_Z,-0.0481,11,44,20,1,1,2,0,704,42260.0
2025-01-01 11:44:30,MAGNETOMETER_X,-22.2976,11,44,30,1,1,2,0,704,42270.0
2025-01-01 11:44:40,MAGNETOMETER_Y,-32.2643,11,44,40,1,1,2,0,704,42280.0
2025-01-01 11:44:50,MAGNETOMETER_Z,-24.3704,11,44,50,1,1,2,0,704,42290.0
2025-01-01 11:45:00,REACTION_WHEEL_SPD_X,469.9205,11,45,0,1,1,2,0,705,42300.0
2025-01-01 11:45:10,REACTION_WHEEL_SPD_Y,629.0526,11,45,10,1,1,2,0,705,42310.0
2025-01-01 11:45:20,REACTION_WHEEL_SPD_Z,-1345.4938,11,45,20,1,1,2,0,705,42320.0
2025-01-01 11:45:30,ATTITUDE_ROLL,-1.1798,11,45,30,1,1,2,0,705,42330.0
2025-01-01 11:45:40,ATTITUDE_PITCH,-0.0311,11,45,40,1,1,2,0,705,42340.0
2025-01-01 11:45:50,ATTITUDE_YAW,-0.2991,11,45,50,1,1,2,0,705,42350.0
2025-01-01 11:46:00,STAR_TRACKER_VALID,0.3404,11,46,0,1,1,2,0,706,42360.0
2025-01-01 11:46:10,SUN_SENSOR_ANGLE,67.8071,11,46,10,1,1,2,0,706,42370.0
2025-01-01 11:46:20,RF_SIGNAL_STRENGTH,-75.1595,11,46,20,1,1,2,0,706,42380.0
2025-01-01 11:46:30,RF_NOISE_FLOOR,-94.7231,11,46,30,1,1,2,0,706,42390.0
2025-01-01 11:46:40,TX_POWER,2.213,11,46,40,1,1,2,0,706,42400.0
2025-01-01 11:46:50,LINK_MARGIN,13.4879,11,46,50,1,1,2,0,706,42410.0
2025-01-01 11:47:00,DATA_RATE_KBPS,81.5746,11,47,0,1,1,2,0,707,42420.0
2025-01-01 11:47:10,PACKET_LOSS_RATE,0.4757,11,47,10,1,1,2,0,707,42430.0
2025-01-01 11:47:20,CPU_USAGE,34.2926,11,47,20,1,1,2,0,707,42440.0
2025-01-01 11:47:30,MEMORY_USAGE,52.5382,11,47,30,1,1,2,0,707,42450.0
2025-01-01 11:47:40,FLASH_WRITE_RATE,1.7113,11,47,40,1,1,2,0,707,42460.0
2025-01-01 11:47:50,WATCHDOG_COUNTER,58.4926,11,47,50,1,1,2,0,707,42470.0
2025-01-01 11:48:00,TANK_PRESSURE,288.0929,11,48,0,1,1,2,0,708,42480.0
2025-01-01 11:48:10,THRUSTER_VALVE_TEMP,17.7195,11,48,10,1,1,2,0,708,42490.0
2025-01-01 11:48:20,BATT_VOLTAGE_1,27.6421,11,48,20,1,1,2,0,708,42500.0
2025-01-01 11:48:30,BATT_VOLTAGE_2,27.3822,11,48,30,1,1,2,0,708,42510.0
2025-01-01 11:48:40,BATT_CURRENT_1,1.686,11,48,40,1,1,2,0,708,42520.0
2025-01-01 11:48:50,BATT_CURRENT_2,2.3619,11,48,50,1,1,2,0,708,42530.0
2025-01-01 11:49:00,BATT_TEMP_1,23.5405,11,49,0,1,1,2,0,709,42540.0
2025-01-01 11:49:10,BATT_TEMP_2,18.9517,11,49,10,1,1,2,0,709,42550.0
2025-01-01 11:49:20,BATT_SOC,74.8766,11,49,20,1,1,2,0,709,42560.0
2025-01-01 11:49:30,SOLAR_PANEL_VOLT_A,29.4311,11,49,30,1,1,2,0,709,42570.0
2025-01-01 11:49:40,SOLAR_PANEL_VOLT_B,29.3506,11,49,40,1,1,2,0,709,42580.0
2025-01-01 11:49:50,SOLAR_PANEL_CURR_A,5.742,11,49,50,1,1,2,0,709,42590.0
2025-01-01 11:50:00,SOLAR_PANEL_CURR_B,5.049,11,50,0,1,1,2,0,710,42600.0
2025-01-01 11:50:10,SOLAR_POWER_TOTAL,91.667,11,50,10,1,1,2,0,710,42610.0
2025-01-01 11:50:20,BUS_VOLTAGE,28.0186,11,50,20,1,1,2,0,710,42620.0
2025-01-01 11:50:30,BUS_CURRENT,8.8637,11,50,30,1,1,2,0,710,42630.0
2025-01-01 11:50:40,THRUSTER_TEMP_1,20.2027,11,50,40,1,1,2,0,710,42640.0
2025-01-01 11:50:50,THRUSTER_TEMP_2,23.4772,11,50,50,1,1,2,0,710,42650.0
2025-01-01 11:51:00,PAYLOAD_TEMP_CAM,20.7761,11,51,0,1,1,2,0,711,42660.0
2025-01-01 11:51:10,PAYLOAD_TEMP_SENSOR,23.1124,11,51,10,1,1,2,0,711,42670.0
2025-01-01 11:51:20,OBC_TEMP,39.5945,11,51,20,1,1,2,0,711,42680.0
2025-01-01 11:51:30,TRANS_TEMP,33.6908,11,51,30,1,1,2,0,711,42690.0
2025-01-01 11:51:40,STRUCT_TEMP_PANEL_X,11.5344,11,51,40,1,1,2,0,711,42700.0
2025-01-01 11:51:50,STRUCT_TEMP_PANEL_Y,3.9612,11,51,50,1,1,2,0,711,42710.0
2025-01-01 11:52:00,STRUCT_TEMP_PANEL_Z,7.1,11,52,0,1,1,2,0,712,42720.0
2025-01-01 11:52:10,RADIATOR_TEMP,-19.9582,11,52,10,1,1,2,0,712,42730.0
2025-01-01 11:52:20,GYRO_X,-0.0407,11,52,20,1,1,2,0,712,42740.0
2025-01-01 11:52:30,GYRO_Y,-0.0362,11,52,30,1,1,2,0,712,42750.0
2025-01-01 11:52:40,GYRO_Z,-0.0339,11,52,40,1,1,2,0,712,42760.0
2025-01-01 11:52:50,MAGNETOMETER_X,-3.5642,11,52,50,1,1,2,0,712,42770.0
2025-01-01 11:53:00,MAGNETOMETER_Y,-32.0014,11,53,0,1,1,2,0,713,42780.0
2025-01-01 11:53:10,MAGNETOMETER_Z,2.687,11,53,10,1,1,2,0,713,42790.0
2025-01-01 11:53:20,REACTION_WHEEL_SPD_X,152.3034,11,53,20,1,1,2,0,713,42800.0
2025-01-01 11:53:30,REACTION_WHEEL_SPD_Y,-1605.6455,11,53,30,1,1,2,0,713,42810.0
2025-01-01 11:53:40,REACTION_WHEEL_SPD_Z,-309.9301,11,53,40,1,1,2,0,713,42820.0
2025-01-01 11:53:50,ATTITUDE_ROLL,-0.2366,11,53,50,1,1,2,0,713,42830.0
2025-01-01 11:54:00,ATTITUDE_PITCH,-1.6687,11,54,0,1,1,2,0,714,42840.0
2025-01-01 11:54:10,ATTITUDE_YAW,-0.9871,11,54,10,1,1,2,0,714,42850.0
2025-01-01 11:54:20,STAR_TRACKER_VALID,0.5164,11,54,20,1,1,2,0,714,42860.0
2025-01-01 11:54:30,SUN_SENSOR_ANGLE,57.4909,11,54,30,1,1,2,0,714,42870.0
2025-01-01 11:54:40,RF_SIGNAL_STRENGTH,-75.7733,11,54,40,1,1,2,0,714,42880.0
2025-01-01 11:54:50,RF_NOISE_FLOOR,-98.4374,11,54,50,1,1,2,0,714,42890.0
2025-01-01 11:55:00,TX_POWER,2.0643,11,55,0,1,1,2,0,715,42900.0
2025-01-01 11:55:10,LINK_MARGIN,14.831,11,55,10,1,1,2,0,715,42910.0
2025-01-01 11:55:20,DATA_RATE_KBPS,124.1669,11,55,20,1,1,2,0,715,42920.0
2025-01-01 11:55:30,PACKET_LOSS_RATE,0.6808,11,55,30,1,1,2,0,715,42930.0
2025-01-01 11:55:40,CPU_USAGE,26.3903,11,55,40,1,1,2,0,715,42940.0
2025-01-01 11:55:50,MEMORY_USAGE,58.3527,11,55,50,1,1,2,0,715,42950.0
2025-01-01 11:56:00,FLASH_WRITE_RATE,1.6341,11,56,0,1,1,2,0,716,42960.0
2025-01-01 11:56:10,WATCHDOG_COUNTER,28.8258,11,56,10,1,1,2,0,716,42970.0
2025-01-01 11:56:20,TANK_PRESSURE,290.8067,11,56,20,1,1,2,0,716,42980.0
2025-01-01 11:56:30,THRUSTER_VALVE_TEMP,18.2243,11,56,30,1,1,2,0,716,42990.0
2025-01-01 11:56:40,BATT_VOLTAGE_1,27.2422,11,56,40,1,1,2,0,716,43000.0
2025-01-01 11:56:50,BATT_VOLTAGE_2,27.7873,11,56,50,1,1,2,0,716,43010.0
2025-01-01 11:57:00,BATT_CURRENT_1,2.3517,11,57,0,1,1,2,0,717,43020.0
2025-01-01 11:57:10,BATT_CURRENT_2,2.4984,11,57,10,1,1,2,0,717,43030.0
2025-01-01 11:57:20,BATT_TEMP_1,22.9389,11,57,20,1,1,2,0,717,43040.0
2025-01-01 11:57:30,BATT_TEMP_2,19.3789,11,57,30,1,1,2,0,717,43050.0
2025-01-01 11:57:40,BATT_SOC,76.2618,11,57,40,1,1,2,0,717,43060.0
2025-01-01 11:57:50,SOLAR_PANEL_VOLT_A,29.9591,11,57,50,1,1,2,0,717,43070.0
2025-01-01 11:58:00,SOLAR_PANEL_VOLT_B,31.1519,11,58,0,1,1,2,0,718,43080.0
2025-01-01 11:58:10,SOLAR_PANEL_CURR_A,4.3579,11,58,10,1,1,2,0,718,43090.0
2025-01-01 11:58:20,SOLAR_PANEL_CURR_B,4.0025,11,58,20,1,1,2,0,718,43100.0
2025-01-01 11:58:30,SOLAR_POWER_TOTAL,98.6722,11,58,30,1,1,2,0,718,43110.0
2025-01-01 11:58:40,BUS_VOLTAGE,28.0138,11,58,40,1,1,2,0,718,43120.0
2025-01-01 11:58:50,BUS_CURRENT,7.0955,11,58,50,1,1,2,0,718,43130.0
2025-01-01 11:59:00,THRUSTER_TEMP_1,23.0698,11,59,0,1,1,2,0,719,43140.0
2025-01-01 11:59:10,THRUSTER_TEMP_2,22.9585,11,59,10,1,1,2,0,719,43150.0
2025-01-01 11:59:20,PAYLOAD_TEMP_CAM,21.9707,11,59,20,1,1,2,0,719,43160.0
2025-01-01 11:59:30,PAYLOAD_TEMP_SENSOR,22.0269,11,59,30,1,1,2,0,719,43170.0
2025-01-01 11:59:40,OBC_TEMP,37.4599,11,59,40,1,1,2,0,719,43180.0
2025-01-01 11:59:50,TRANS_TEMP,31.3821,11,59,50,1,1,2,0,719,43190.0
2025-01-01 12:00:00,STRUCT_TEMP_PANEL_X,7.6486,12,0,0,1,1,2,0,720,43200.0
2025-01-01 12:00:10,STRUCT_TEMP_PANEL_Y,4.4424,12,0,10,1,1,2,0,720,43210.0
2025-01-01 12:00:20,STRUCT_TEMP_PANEL_Z,7.0569,12,0,20,1,1,2,0,720,43220.0
2025-01-01 12:00:30,RADIATOR_TEMP,-18.6731,12,0,30,1,1,2,0,720,43230.0
2025-01-01 12:00:40,GYRO_X,-0.0244,12,0,40,1,1,2,0,720,43240.0
2025-01-01 12:00:50,GYRO_Y,-0.0323,12,0,50,1,1,2,0,720,43250.0
2025-01-01 12:01:00,GYRO_Z,-0.0093,12,1,0,1,1,2,0,721,43260.0
2025-01-01 12:01:10,MAGNETOMETER_X,-17.7783,12,1,10,1,1,2,0,721,43270.0
2025-01-01 12:01:20,MAGNETOMETER_Y,-13.5989,12,1,20,1,1,2,0,721,43280.0
2025-01-01 12:01:30,MAGNETOMETER_Z,-34.721,12,1,30,1,1,2,0,721,43290.0
2025-01-01 12:01:40,REACTION_WHEEL_SPD_X,-1492.156,12,1,40,1,1,2,0,721,43300.0
2025-01-01 12:01:50,REACTION_WHEEL_SPD_Y,-1660.4847,12,1,50,1,1,2,0,721,43310.0
2025-01-01 12:02:00,REACTION_WHEEL_SPD_Z,-949.8438,12,2,0,1,1,2,0,722,43320.0
2025-01-01 12:02:10,ATTITUDE_ROLL,-1.4444,12,2,10,1,1,2,0,722,43330.0
2025-01-01 12:02:20,ATTITUDE_PITCH,-0.9471,12,2,20,1,1,2,0,722,43340.0
2025-01-01 12:02:30,ATTITUDE_YAW,-2.4837,12,2,30,1,1,2,0,722,43350.0
2025-01-01 12:02:40,STAR_TRACKER_VALID,0.285,12,2,40,1,1,2,0,722,43360.0
2025-01-01 12:02:50,SUN_SENSOR_ANGLE,58.3608,12,2,50,1,1,2,0,722,43370.0
2025-01-01 12:03:00,RF_SIGNAL_STRENGTH,-70.8598,12,3,0,1,1,2,0,723,43380.0
2025-01-01 12:03:10,RF_NOISE_FLOOR,-104.0042,12,3,10,1,1,2,0,723,43390.0
2025-01-01 12:03:20,TX_POWER,2.1726,12,3,20,1,1,2,0,723,43400.0
2025-01-01 12:03:30,LINK_MARGIN,10.7228,12,3,30,1,1,2,0,723,43410.0
2025-01-01 12:03:40,DATA_RATE_KBPS,119.7667,12,3,40,1,1,2,0,723,43420.0
2025-01-01 12:03:50,PACKET_LOSS_RATE,1.0181,12,3,50,1,1,2,0,723,43430.0
2025-01-01 12:04:00,CPU_USAGE,26.82,12,4,0,1,1,2,0,724,43440.0
2025-01-01 12:04:10,MEMORY_USAGE,42.9756,12,4,10,1,1,2,0,724,43450.0
2025-01-01 12:04:20,FLASH_WRITE_RATE,1.1639,12,4,20,1,1,2,0,724,43460.0
2025-01-01 12:04:30,WATCHDOG_COUNTER,23.2381,12,4,30,1,1,2,0,724,43470.0
2025-01-01 12:04:40,TANK_PRESSURE,296.6666,12,4,40,1,1,2,0,724,43480.0
2025-01-01 12:04:50,THRUSTER_VALVE_TEMP,17.1907,12,4,50,1,1,2,0,724,43490.0
2025-01-01 12:05:00,BATT_VOLTAGE_1,28.3383,12,5,0,1,1,2,0,725,43500.0
2025-01-01 12:05:10,BATT_VOLTAGE_2,27.172,12,5,10,1,1,2,0,725,43510.0
2025-01-01 12:05:20,BATT_CURRENT_1,1.6659,12,5,20,1,1,2,0,725,43520.0
2025-01-01 12:05:30,BATT_CURRENT_2,2.1878,12,5,30,1,1,2,0,725,43530.0
2025-01-01 12:05:40,BATT_TEMP_1,26.7334,12,5,40,1,1,2,0,725,43540.0
2025-01-01 12:05:50,BATT_TEMP_2,20.9915,12,5,50,1,1,2,0,725,43550.0
2025-01-01 12:06:00,BATT_SOC,79.9508,12,6,0,1,1,2,0,726,43560.0
2025-01-01 12:06:10,SOLAR_PANEL_VOLT_A,30.9716,12,6,10,1,1,2,0,726,43570.0
2025-01-01 12:06:20,SOLAR_PANEL_VOLT_B,29.9767,12,6,20,1,1,2,0,726,43580.0
2025-01-01 12:06:30,SOLAR_PANEL_CURR_A,5.7958,12,6,30,1,1,2,0,726,43590.0
2025-01-01 12:06:40,SOLAR_PANEL_CURR_B,4.4865,12,6,40,1,1,2,0,726,43600.0
2025-01-01 12:06:50,SOLAR_POWER_TOTAL,109.3606,12,6,50,1,1,2,0,726,43610.0
2025-01-01 12:07:00,BUS_VOLTAGE,28.5799,12,7,0,1,1,2,0,727,43620.0
2025-01-01 12:07:10,BUS_CURRENT,6.6881,12,7,10,1,1,2,0,727,43630.0
2025-01-01 12:07:20,THRUSTER_TEMP_1,20.8546,12,7,20,1,1,2,0,727,43640.0
2025-01-01 12:07:30,THRUSTER_TEMP_2,23.7492,12,7,30,1,1,2,0,727,43650.0
2025-01-01 12:07:40,PAYLOAD_TEMP_CAM,22.2734,12,7,40,1,1,2,0,727,43660.0
2025-01-01 12:07:50,PAYLOAD_TEMP_SENSOR,22.4844,12,7,50,1,1,2,0,727,43670.0
2025-01-01 12:08:00,OBC_TEMP,40.8953,12,8,0,1,1,2,0,728,43680.0
2025-01-01 12:08:10,TRANS_TEMP,32.4942,12,8,10,1,1,2,0,728,43690.0
2025-01-01 12:08:20,STRUCT_TEMP_PANEL_X,6.5843,12,8,20,1,1,2,0,728,43700.0
2025-01-01 12:08:30,STRUCT_TEMP_PANEL_Y,27.1438,12,8,30,1,1,2,0,728,43710.0
2025-01-01 12:08:40,STRUCT_TEMP_PANEL_Z,6.8225,12,8,40,1,1,2,0,728,43720.0
2025-01-01 12:08:50,RADIATOR_TEMP,-6.7643,12,8,50,1,1,2,0,728,43730.0
2025-01-01 12:09:00,GYRO_X,-0.0217,12,9,0,1,1,2,0,729,43740.0
2025-01-01 12:09:10,GYRO_Y,-0.0458,12,9,10,1,1,2,0,729,43750.0
2025-01-01 12:09:20,GYRO_Z,-0.0364,12,9,20,1,1,2,0,729,43760.0
2025-01-01 12:09:30,MAGNETOMETER_X,-7.1728,12,9,30,1,1,2,0,729,43770.0
2025-01-01 12:09:40,MAGNETOMETER_Y,-17.7053,12,9,40,1,1,2,0,729,43780.0
2025-01-01 12:09:50,MAGNETOMETER_Z,-33.5608,12,9,50,1,1,2,0,729,43790.0
2025-01-01 12:10:00,REACTION_WHEEL_SPD_X,-1655.8426,12,10,0,1,1,2,0,730,43800.0
2025-01-01 12:10:10,REACTION_WHEEL_SPD_Y,-206.8919,12,10,10,1,1,2,0,730,43810.0
2025-01-01 12:10:20,REACTION_WHEEL_SPD_Z,105.5281,12,10,20,1,1,2,0,730,43820.0
2025-01-01 12:10:30,ATTITUDE_ROLL,-1.5607,12,10,30,1,1,2,0,730,43830.0
2025-01-01 12:10:40,ATTITUDE_PITCH,-1.371,12,10,40,1,1,2,0,730,43840.0
2025-01-01 12:10:50,ATTITUDE_YAW,-3.0443,12,10,50,1,1,2,0,730,43850.0
2025-01-01 12:11:00,STAR_TRACKER_VALID,0.2537,12,11,0,1,1,2,0,731,43860.0
2025-01-01 12:11:10,SUN_SENSOR_ANGLE,67.2248,12,11,10,1,1,2,0,731,43870.0
2025-01-01 12:11:20,RF_SIGNAL_STRENGTH,-74.0997,12,11,20,1,1,2,0,731,43880.0
2025-01-01 12:11:30,RF_NOISE_FLOOR,-95.8802,12,11,30,1,1,2,0,731,43890.0
2025-01-01 12:11:40,TX_POWER,3.1589,12,11,40,1,1,2,0,731,43900.0
2025-01-01 12:11:50,LINK_MARGIN,13.4436,12,11,50,1,1,2,0,731,43910.0
2025-01-01 12:12:00,DATA_RATE_KBPS,82.3889,12,12,0,1,1,2,0,732,43920.0
2025-01-01 12:12:10,PACKET_LOSS_RATE,0.6049,12,12,10,1,1,2,0,732,43930.0
2025-01-01 12:12:20,CPU_USAGE,24.1592,12,12,20,1,1,2,0,732,43940.0
2025-01-01 12:12:30,MEMORY_USAGE,47.8341,12,12,30,1,1,2,0,732,43950.0
2025-01-01 12:12:40,FLASH_WRITE_RATE,2.7973,12,12,40,1,1,2,0,732,43960.0
2025-01-01 12:12:50,WATCHDOG_COUNTER,40.3041,12,12,50,1,1,2,0,732,43970.0
2025-01-01 12:13:00,TANK_PRESSURE,290.779,12,13,0,1,1,2,0,733,43980.0
2025-01-01 12:13:10,THRUSTER_VALVE_TEMP,14.8417,12,13,10,1,1,2,0,733,43990.0
2025-01-01 12:13:20,BATT_VOLTAGE_1,27.5016,12,13,20,1,1,2,0,733,44000.0
2025-01-01 12:13:30,BATT_VOLTAGE_2,27.8432,12,13,30,1,1,2,0,733,44010.0
2025-01-01 12:13:40,BATT_CURRENT_1,1.843,12,13,40,1,1,2,0,733,44020.0
2025-01-01 12:13:50,BATT_CURRENT_2,1.6887,12,13,50,1,1,2,0,733,44030.0
2025-01-01 12:14:00,BATT_TEMP_1,21.4973,12,14,0,1,1,2,0,734,44040.0
2025-01-01 12:14:10,BATT_TEMP_2,21.0285,12,14,10,1,1,2,0,734,44050.0
2025-01-01 12:14:20,BATT_SOC,73.8109,12,14,20,1,1,2,0,734,44060.0
2025-01-01 12:14:30,SOLAR_PANEL_VOLT_A,30.1048,12,14,30,1,1,2,0,734,44070.0
2025-01-01 12:14:40,SOLAR_PANEL_VOLT_B,29.5086,12,14,40,1,1,2,0,734,44080.0
2025-01-01 12:14:50,SOLAR_PANEL_CURR_A,4.9126,12,14,50,1,1,2,0,734,44090.0
2025-01-01 12:15:00,SOLAR_PANEL_CURR_B,5.3296,12,15,0,1,1,2,0,735,44100.0
2025-01-01 12:15:10,SOLAR_POWER_TOTAL,94.2175,12,15,10,1,1,2,0,735,44110.0
2025-01-01 12:15:20,BUS_VOLTAGE,28.6966,12,15,20,1,1,2,0,735,44120.0
2025-01-01 12:15:30,BUS_CURRENT,7.5614,12,15,30,1,1,2,0,735,44130.0
2025-01-01 12:15:40,THRUSTER_TEMP_1,20.3928,12,15,40,1,1,2,0,735,44140.0
2025-01-01 12:15:50,THRUSTER_TEMP_2,21.6555,12,15,50,1,1,2,0,735,44150.0
2025-01-01 12:16:00,PAYLOAD_TEMP_CAM,21.4098,12,16,0,1,1,2,0,736,44160.0
2025-01-01 12:16:10,PAYLOAD_TEMP_SENSOR,20.3413,12,16,10,1,1,2,0,736,44170.0
2025-01-01 12:16:20,OBC_TEMP,35.5763,12,16,20,1,1,2,0,736,44180.0
2025-01-01 12:16:30,TRANS_TEMP,40.3085,12,16,30,1,1,2,0,736,44190.0
2025-01-01 12:16:40,STRUCT_TEMP_PANEL_X,8.6342,12,16,40,1,1,2,0,736,44200.0
2025-01-01 12:16:50,STRUCT_TEMP_PANEL_Y,7.8165,12,16,50,1,1,2,0,736,44210.0
2025-01-01 12:17:00,STRUCT_TEMP_PANEL_Z,-0.874,12,17,0,1,1,2,0,737,44220.0
2025-01-01 12:17:10,RADIATOR_TEMP,-20.6521,12,17,10,1,1,2,0,737,44230.0
2025-01-01 12:17:20,GYRO_X,-0.0457,12,17,20,1,1,2,0,737,44240.0
2025-01-01 12:17:30,GYRO_Y,0.0041,12,17,30,1,1,2,0,737,44250.0
2025-01-01 12:17:40,GYRO_Z,-0.0433,12,17,40,1,1,2,0,737,44260.0
2025-01-01 12:17:50,MAGNETOMETER_X,-31.7955,12,17,50,1,1,2,0,737,44270.0
2025-01-01 12:18:00,MAGNETOMETER_Y,-29.229,12,18,0,1,1,2,0,738,44280.0
2025-01-01 12:18:10,MAGNETOMETER_Z,-11.1918,12,18,10,1,1,2,0,738,44290.0
2025-01-01 12:18:20,REACTION_WHEEL_SPD_X,-672.2304,12,18,20,1,1,2,0,738,44300.0
2025-01-01 12:18:30,REACTION_WHEEL_SPD_Y,-565.8824,12,18,30,1,1,2,0,738,44310.0
2025-01-01 12:18:40,REACTION_WHEEL_SPD_Z,-805.0848,12,18,40,1,1,2,0,738,44320.0
2025-01-01 12:18:50,ATTITUDE_ROLL,-1.445,12,18,50,1,1,2,0,738,44330.0
2025-01-01 12:19:00,ATTITUDE_PITCH,0.2786,12,19,0,1,1,2,0,739,44340.0
2025-01-01 12:19:10,ATTITUDE_YAW,-2.3317,12,19,10,1,1,2,0,739,44350.0
2025-01-01 12:19:20,STAR_TRACKER_VALID,0.2317,12,19,20,1,1,2,0,739,44360.0
2025-01-01 12:19:30,SUN_SENSOR_ANGLE,44.9764,12,19,30,1,1,2,0,739,44370.0
2025-01-01 12:19:40,RF_SIGNAL_STRENGTH,-72.0864,12,19,40,1,1,2,0,739,44380.0
2025-01-01 12:19:50,RF_NOISE_FLOOR,-98.2259,12,19,50,1,1,2,0,739,44390.0
2025-01-01 12:20:00,TX_POWER,2.5991,12,20,0,1,1,2,0,740,44400.0
2025-01-01 12:20:10,LINK_MARGIN,10.4535,12,20,10,1,1,2,0,740,44410.0
2025-01-01 12:20:20,DATA_RATE_KBPS,103.8634,12,20,20,1,1,2,0,740,44420.0
2025-01-01 12:20:30,PACKET_LOSS_RATE,0.3884,12,20,30,1,1,2,0,740,44430.0
2025-01-01 12:20:40,CPU_USAGE,30.4024,12,20,40,1,1,2,0,740,44440.0
2025-01-01 12:20:50,MEMORY_USAGE,45.2273,12,20,50,1,1,2,0,740,44450.0
2025-01-01 12:21:00,FLASH_WRITE_RATE,1.1564,12,21,0,1,1,2,0,741,44460.0
2025-01-01 12:21:10,WATCHDOG_COUNTER,22.8061,12,21,10,1,1,2,0,741,44470.0
2025-01-01 12:21:20,TANK_PRESSURE,293.0538,12,21,20,1,1,2,0,741,44480.0
2025-01-01 12:21:30,THRUSTER_VALVE_TEMP,17.9294,12,21,30,1,1,2,0,741,44490.0
2025-01-01 12:21:40,BATT_VOLTAGE_1,27.1731,12,21,40,1,1,2,0,741,44500.0
2025-01-01 12:21:50,BATT_VOLTAGE_2,27.853,12,21,50,1,1,2,0,741,44510.0
2025-01-01 12:22:00,BATT_CURRENT_1,2.4208,12,22,0,1,1,2,0,742,44520.0
2025-01-01 12:22:10,BATT_CURRENT_2,1.8529,12,22,10,1,1,2,0,742,44530.0
2025-01-01 12:22:20,BATT_TEMP_1,26.7425,12,22,20,1,1,2,0,742,44540.0
2025-01-01 12:22:30,BATT_TEMP_2,20.0574,12,22,30,1,1,2,0,742,44550.0
2025-01-01 12:22:40,BATT_SOC,81.0771,12,22,40,1,1,2,0,742,44560.0
2025-01-01 12:22:50,SOLAR_PANEL_VOLT_A,30.2199,12,22,50,1,1,2,0,742,44570.0
2025-01-01 12:23:00,SOLAR_PANEL_VOLT_B,29.647,12,23,0,1,1,2,0,743,44580.0
2025-01-01 12:23:10,SOLAR_PANEL_CURR_A,4.1188,12,23,10,1,1,2,0,743,44590.0
2025-01-01 12:23:20,SOLAR_PANEL_CURR_B,5.9408,12,23,20,1,1,2,0,743,44600.0
2025-01-01 12:23:30,SOLAR_POWER_TOTAL,96.5375,12,23,30,1,1,2,0,743,44610.0
2025-01-01 12:23:40,BUS_VOLTAGE,28.6819,12,23,40,1,1,2,0,743,44620.0
2025-01-01 12:23:50,BUS_CURRENT,7.1004,12,23,50,1,1,2,0,743,44630.0
2025-01-01 12:24:00,THRUSTER_TEMP_1,19.1626,12,24,0,1,1,2,0,744,44640.0
2025-01-01 12:24:10,THRUSTER_TEMP_2,19.2924,12,24,10,1,1,2,0,744,44650.0
2025-01-01 12:24:20,PAYLOAD_TEMP_CAM,21.5953,12,24,20,1,1,2,0,744,44660.0
2025-01-01 12:24:30,PAYLOAD_TEMP_SENSOR,21.8814,12,24,30,1,1,2,0,744,44670.0
2025-01-01 12:24:40,OBC_TEMP,37.8128,12,24,40,1,1,2,0,744,44680.0
2025-01-01 12:24:50,TRANS_TEMP,34.6562,12,24,50,1,1,2,0,744,44690.0
2025-01-01 12:25:00,STRUCT_TEMP_PANEL_X,11.4839,12,25,0,1,1,2,0,745,44700.0
2025-01-01 12:25:10,STRUCT_TEMP_PANEL_Y,7.9716,12,25,10,1,1,2,0,745,44710.0
2025-01-01 12:25:20,STRUCT_TEMP_PANEL_Z,8.0702,12,25,20,1,1,2,0,745,44720.0
2025-01-01 12:25:30,RADIATOR_TEMP,-10.9497,12,25,30,1,1,2,0,745,44730.0
2025-01-01 12:25:40,GYRO_X,-0.0335,12,25,40,1,1,2,0,745,44740.0
2025-01-01 12:25:50,GYRO_Y,-0.0496,12,25,50,1,1,2,0,745,44750.0
2025-01-01 12:26:00,GYRO_Z,-0.0383,12,26,0,1,1,2,0,746,44760.0
2025-01-01 12:26:10,MAGNETOMETER_X,-18.0782,12,26,10,1,1,2,0,746,44770.0
2025-01-01 12:26:20,MAGNETOMETER_Y,1.7886,12,26,20,1,1,2,0,746,44780.0
2025-01-01 12:26:30,MAGNETOMETER_Z,-33.0696,12,26,30,1,1,2,0,746,44790.0
2025-01-01 12:26:40,REACTION_WHEEL_SPD_X,-2019.4286,12,26,40,1,1,2,0,746,44800.0
2025-01-01 12:26:50,REACTION_WHEEL_SPD_Y,-1279.5564,12,26,50,1,1,2,0,746,44810.0
2025-01-01 12:27:00,REACTION_WHEEL_SPD_Z,-1202.5906,12,27,0,1,1,2,0,747,44820.0
2025-01-01 12:27:10,ATTITUDE_ROLL,-0.9916,12,27,10,1,1,2,0,747,44830.0
2025-01-01 12:27:20,ATTITUDE_PITCH,-0.2328,12,27,20,1,1,2,0,747,44840.0
2025-01-01 12:27:30,ATTITUDE_YAW,-1.8404,12,27,30,1,1,2,0,747,44850.0
2025-01-01 12:27:40,STAR_TRACKER_VALID,0.555,12,27,40,1,1,2,0,747,44860.0
2025-01-01 12:27:50,SUN_SENSOR_ANGLE,69.3588,12,27,50,1,1,2,0,747,44870.0
2025-01-01 12:28:00,RF_SIGNAL_STRENGTH,-75.504,12,28,0,1,1,2,0,748,44880.0
2025-01-01 12:28:10,RF_NOISE_FLOOR,-97.2629,12,28,10,1,1,2,0,748,44890.0
2025-01-01 12:28:20,TX_POWER,1.947,12,28,20,1,1,2,0,748,44900.0
2025-01-01 12:28:30,LINK_MARGIN,11.1006,12,28,30,1,1,2,0,748,44910.0
2025-01-01 12:28:40,DATA_RATE_KBPS,121.8821,12,28,40,1,1,2,0,748,44920.0
2025-01-01 12:28:50,PACKET_LOSS_RATE,0.8472,12,28,50,1,1,2,0,748,44930.0
2025-01-01 12:29:00,CPU_USAGE,38.2819,12,29,0,1,1,2,0,749,44940.0
2025-01-01 12:29:10,MEMORY_USAGE,45.1647,12,29,10,1,1,2,0,749,44950.0
2025-01-01 12:29:20,FLASH_WRITE_RATE,2.6029,12,29,20,1,1,2,0,749,44960.0
2025-01-01 12:29:30,WATCHDOG_COUNTER,29.638,12,29,30,1,1,2,0,749,44970.0
2025-01-01 12:29:40,TANK_PRESSURE,290.72,12,29,40,1,1,2,0,749,44980.0
2025-01-01 12:29:50,THRUSTER_VALVE_TEMP,16.4531,12,29,50,1,1,2,0,749,44990.0
2025-01-01 12:30:00,BATT_VOLTAGE_1,27.4902,12,30,0,1,1,2,0,750,45000.0
2025-01-01 12:30:10,BATT_VOLTAGE_2,27.4284,12,30,10,1,1,2,0,750,45010.0
2025-01-01 12:30:20,BATT_CURRENT_1,2.2923,12,30,20,1,1,2,0,750,45020.0
2025-01-01 12:30:30,BATT_CURRENT_2,1.7957,12,30,30,1,1,2,0,750,45030.0
2025-01-01 12:30:40,BATT_TEMP_1,22.7288,12,30,40,1,1,2,0,750,45040.0
2025-01-01 12:30:50,BATT_TEMP_2,19.9088,12,30,50,1,1,2,0,750,45050.0
2025-01-01 12:31:00,BATT_SOC,73.0206,12,31,0,1,1,2,0,751,45060.0
2025-01-01 12:31:10,SOLAR_PANEL_VOLT_A,30.0943,12,31,10,1,1,2,0,751,45070.0
2025-01-01 12:31:20,SOLAR_PANEL_VOLT_B,29.4897,12,31,20,1,1,2,0,751,45080.0
2025-01-01 12:31:30,SOLAR_PANEL_CURR_A,4.4064,12,31,30,1,1,2,0,751,45090.0
2025-01-01 12:31:40,SOLAR_PANEL_CURR_B,5.0002,12,31,40,1,1,2,0,751,45100.0
2025-01-01 12:31:50,SOLAR_POWER_TOTAL,108.0429,12,31,50,1,1,2,0,751,45110.0
2025-01-01 12:32:00,BUS_VOLTAGE,28.0867,12,32,0,1,1,2,0,752,45120.0
2025-01-01 12:32:10,BUS_CURRENT,8.5748,12,32,10,1,1,2,0,752,45130.0
2025-01-01 12:32:20,THRUSTER_TEMP_1,19.5705,12,32,20,1,1,2,0,752,45140.0
2025-01-01 12:32:30,THRUSTER_TEMP_2,21.4834,12,32,30,1,1,2,0,752,45150.0
2025-01-01 12:32:40,PAYLOAD_TEMP_CAM,21.0908,12,32,40,1,1,2,0,752,45160.0
2025-01-01 12:32:50,PAYLOAD_TEMP_SENSOR,20.7375,12,32,50,1,1,2,0,752,45170.0
2025-01-01 12:33:00,OBC_TEMP,36.4444,12,33,0,1,1,2,0,753,45180.0
2025-01-01 12:33:10,TRANS_TEMP,31.1494,12,33,10,1,1,2,0,753,45190.0
2025-01-01 12:33:20,STRUCT_TEMP_PANEL_X,20.1972,12,33,20,1,1,2,0,753,45200.0
2025-01-01 12:33:30,STRUCT_TEMP_PANEL_Y,7.9954,12,33,30,1,1,2,0,753,45210.0
2025-01-01 12:33:40,STRUCT_TEMP_PANEL_Z,4.2852,12,33,40,1,1,2,0,753,45220.0
2025-01-01 12:33:50,RADIATOR_TEMP,-20.0625,12,33,50,1,1,2,0,753,45230.0
2025-01-01 12:34:00,GYRO_X,-0.0214,12,34,0,1,1,2,0,754,45240.0
2025-01-01 12:34:10,GYRO_Y,-0.0065,12,34,10,1,1,2,0,754,45250.0
2025-01-01 12:34:20,GYRO_Z,-0.0394,12,34,20,1,1,2,0,754,45260.0
2025-01-01 12:34:30,MAGNETOMETER_X,2.5716,12,34,30,1,1,2,0,754,45270.0
2025-01-01 12:34:40,MAGNETOMETER_Y,-20.1573,12,34,40,1,1,2,0,754,45280.0
2025-01-01 12:34:50,MAGNETOMETER_Z,-0.9669,12,34,50,1,1,2,0,754,45290.0
2025-01-01 12:35:00,REACTION_WHEEL_SPD_X,-1057.7436,12,35,0,1,1,2,0,755,45300.0
2025-01-01 12:35:10,REACTION_WHEEL_SPD_Y,-1086.1792,12,35,10,1,1,2,0,755,45310.0
2025-01-01 12:35:20,REACTION_WHEEL_SPD_Z,-861.736,12,35,20,1,1,2,0,755,45320.0
2025-01-01 12:35:30,ATTITUDE_ROLL,-0.4014,12,35,30,1,1,2,0,755,45330.0
2025-01-01 12:35:40,ATTITUDE_PITCH,-0.6324,12,35,40,1,1,2,0,755,45340.0
2025-01-01 12:35:50,ATTITUDE_YAW,-0.9806,12,35,50,1,1,2,0,755,45350.0
2025-01-01 12:36:00,STAR_TRACKER_VALID,0.3671,12,36,0,1,1,2,0,756,45360.0
2025-01-01 12:36:10,SUN_SENSOR_ANGLE,44.2696,12,36,10,1,1,2,0,756,45370.0
2025-01-01 12:36:20,RF_SIGNAL_STRENGTH,-73.1947,12,36,20,1,1,2,0,756,45380.0
2025-01-01 12:36:30,RF_NOISE_FLOOR,-98.4616,12,36,30,1,1,2,0,756,45390.0
2025-01-01 12:36:40,TX_POWER,1.9285,12,36,40,1,1,2,0,756,45400.0
2025-01-01 12:36:50,LINK_MARGIN,11.6723,12,36,50,1,1,2,0,756,45410.0
2025-01-01 12:37:00,DATA_RATE_KBPS,91.6751,12,37,0,1,1,2,0,757,45420.0
2025-01-01 12:37:10,PACKET_LOSS_RATE,0.5549,12,37,10,1,1,2,0,757,45430.0
2025-01-01 12:37:20,CPU_USAGE,33.3263,12,37,20,1,1,2,0,757,45440.0
2025-01-01 12:37:30,MEMORY_USAGE,44.2244,12,37,30,1,1,2,0,757,45450.0
2025-01-01 12:37:40,FLASH_WRITE_RATE,1.538,12,37,40,1,1,2,0,757,45460.0
2025-01-01 12:37:50,WATCHDOG_COUNTER,29.3423,12,37,50,1,1,2,0,757,45470.0
2025-01-01 12:38:00,TANK_PRESSURE,297.0928,12,38,0,1,1,2,0,758,45480.0
2025-01-01 12:38:10,THRUSTER_VALVE_TEMP,14.1124,12,38,10,1,1,2,0,758,45490.0
2025-01-01 12:38:20,BATT_VOLTAGE_1,27.5273,12,38,20,1,1,2,0,758,45500.0
2025-01-01 12:38:30,BATT_VOLTAGE_2,27.2984,12,38,30,1,1,2,0,758,45510.0
2025-01-01 12:38:40,BATT_CURRENT_1,2.089,12,38,40,1,1,2,0,758,45520.0
2025-01-01 12:38:50,BATT_CURRENT_2,1.7357,12,38,50,1,1,2,0,758,45530.0
2025-01-01 12:39:00,BATT_TEMP_1,24.5174,12,39,0,1,1,2,0,759,45540.0
2025-01-01 12:39:10,BATT_TEMP_2,26.2817,12,39,10,1,1,2,0,759,45550.0
2025-01-01 12:39:20,BATT_SOC,70.5687,12,39,20,1,1,2,0,759,45560.0
2025-01-01 12:39:30,SOLAR_PANEL_VOLT_A,29.4554,12,39,30,1,1,2,0,759,45570.0
2025-01-01 12:39:40,SOLAR_PANEL_VOLT_B,30.3658,12,39,40,1,1,2,0,759,45580.0
2025-01-01 12:39:50,SOLAR_PANEL_CURR_A,4.4544,12,39,50,1,1,2,0,759,45590.0
2025-01-01 12:40:00,SOLAR_PANEL_CURR_B,3.9264,12,40,0,1,1,2,0,760,45600.0
2025-01-01 12:40:10,SOLAR_POWER_TOTAL,100.7503,12,40,10,1,1,2,0,760,45610.0
2025-01-01 12:40:20,BUS_VOLTAGE,28.0254,12,40,20,1,1,2,0,760,45620.0
2025-01-01 12:40:30,BUS_CURRENT,6.8236,12,40,30,1,1,2,0,760,45630.0
2025-01-01 12:40:40,THRUSTER_TEMP_1,22.2572,12,40,40,1,1,2,0,760,45640.0
2025-01-01 12:40:50,THRUSTER_TEMP_2,19.4315,12,40,50,1,1,2,0,760,45650.0
2025-01-01 12:41:00,PAYLOAD_TEMP_CAM,20.5806,12,41,0,1,1,2,0,761,45660.0
2025-01-01 12:41:10,PAYLOAD_TEMP_SENSOR,21.7221,12,41,10,1,1,2,0,761,45670.0
2025-01-01 12:41:20,OBC_TEMP,38.6254,12,41,20,1,1,2,0,761,45680.0
2025-01-01 12:41:30,TRANS_TEMP,35.1122,12,41,30,1,1,2,0,761,45690.0
2025-01-01 12:41:40,STRUCT_TEMP_PANEL_X,15.5577,12,41,40,1,1,2,0,761,45700.0
2025-01-01 12:41:50,STRUCT_TEMP_PANEL_Y,6.5544,12,41,50,1,1,2,0,761,45710.0
2025-01-01 12:42:00,STRUCT_TEMP_PANEL_Z,21.7055,12,42,0,1,1,2,0,762,45720.0
2025-01-01 12:42:10,RADIATOR_TEMP,-17.1113,12,42,10,1,1,2,0,762,45730.0
2025-01-01 12:42:20,GYRO_X,-0.047,12,42,20,1,1,2,0,762,45740.0
2025-01-01 12:42:30,GYRO_Y,-0.0231,12,42,30,1,1,2,0,762,45750.0
2025-01-01 12:42:40,GYRO_Z,-0.0122,12,42,40,1,1,2,0,762,45760.0
2025-01-01 12:42:50,MAGNETOMETER_X,-33.409,12,42,50,1,1,2,0,762,45770.0
2025-01-01 12:43:00,MAGNETOMETER_Y,-27.969,12,43,0,1,1,2,0,763,45780.0
2025-01-01 12:43:10,MAGNETOMETER_Z,-26.4917,12,43,10,1,1,2,0,763,45790.0
2025-01-01 12:43:20,REACTION_WHEEL_SPD_X,-622.8426,12,43,20,1,1,2,0,763,45800.0
2025-01-01 12:43:30,REACTION_WHEEL_SPD_Y,-1122.1553,12,43,30,1,1,2,0,763,45810.0
2025-01-01 12:43:40,REACTION_WHEEL_SPD_Z,-1441.4687,12,43,40,1,1,2,0,763,45820.0
2025-01-01 12:43:50,ATTITUDE_ROLL,-1.6847,12,43,50,1,1,2,0,763,45830.0
2025-01-01 12:44:00,ATTITUDE_PITCH,0.0378,12,44,0,1,1,2,0,764,45840.0
2025-01-01 12:44:10,ATTITUDE_YAW,-2.1805,12,44,10,1,1,2,0,764,45850.0
2025-01-01 12:44:20,STAR_TRACKER_VALID,0.2779,12,44,20,1,1,2,0,764,45860.0
2025-01-01 12:44:30,SUN_SENSOR_ANGLE,65.3789,12,44,30,1,1,2,0,764,45870.0
2025-01-01 12:44:40,RF_SIGNAL_STRENGTH,-66.0732,12,44,40,1,1,2,0,764,45880.0
2025-01-01 12:44:50,RF_NOISE_FLOOR,-94.7192,12,44,50,1,1,2,0,764,45890.0
2025-01-01 12:45:00,TX_POWER,2.1608,12,45,0,1,1,2,0,765,45900.0
2025-01-01 12:45:10,LINK_MARGIN,11.0843,12,45,10,1,1,2,0,765,45910.0
2025-01-01 12:45:20,DATA_RATE_KBPS,83.7323,12,45,20,1,1,2,0,765,45920.0
2025-01-01 12:45:30,PACKET_LOSS_RATE,0.6364,12,45,30,1,1,2,0,765,45930.0
2025-01-01 12:45:40,CPU_USAGE,24.4442,12,45,40,1,1,2,0,765,45940.0
2025-01-01 12:45:50,MEMORY_USAGE,49.526,12,45,50,1,1,2,0,765,45950.0
2025-01-01 12:46:00,FLASH_WRITE_RATE,1.6605,12,46,0,1,1,2,0,766,45960.0
2025-01-01 12:46:10,WATCHDOG_COUNTER,32.2858,12,46,10,1,1,2,0,766,45970.0
2025-01-01 12:46:20,TANK_PRESSURE,287.9162,12,46,20,1,1,2,0,766,45980.0
2025-01-01 12:46:30,THRUSTER_VALVE_TEMP,14.3746,12,46,30,1,1,2,0,766,45990.0
2025-01-01 12:46:40,BATT_VOLTAGE_1,28.2259,12,46,40,1,1,2,0,766,46000.0
2025-01-01 12:46:50,BATT_VOLTAGE_2,27.6688,12,46,50,1,1,2,0,766,46010.0
2025-01-01 12:47:00,BATT_CURRENT_1,2.1243,12,47,0,1,1,2,0,767,46020.0
2025-01-01 12:47:10,BATT_CURRENT_2,1.6936,12,47,10,1,1,2,0,767,46030.0
2025-01-01 12:47:20,BATT_TEMP_1,23.2237,12,47,20,1,1,2,0,767,46040.0
2025-01-01 12:47:30,BATT_TEMP_2,22.4356,12,47,30,1,1,2,0,767,46050.0
2025-01-01 12:47:40,BATT_SOC,73.0859,12,47,40,1,1,2,0,767,46060.0
2025-01-01 12:47:50,SOLAR_PANEL_VOLT_A,29.4825,12,47,50,1,1,2,0,767,46070.0
2025-01-01 12:48:00,SOLAR_PANEL_VOLT_B,30.0531,12,48,0,1,1,2,0,768,46080.0
2025-01-01 12:48:10,SOLAR_PANEL_CURR_A,4.4142,12,48,10,1,1,2,0,768,46090.0
2025-01-01 12:48:20,SOLAR_PANEL_CURR_B,5.059,12,48,20,1,1,2,0,768,46100.0
2025-01-01 12:48:30,SOLAR_POWER_TOTAL,100.2354,12,48,30,1,1,2,0,768,46110.0
2025-01-01 12:48:40,BUS_VOLTAGE,28.5579,12,48,40,1,1,2,0,768,46120.0
2025-01-01 12:48:50,BUS_CURRENT,7.4487,12,48,50,1,1,2,0,768,46130.0
2025-01-01 12:49:00,THRUSTER_TEMP_1,20.785,12,49,0,1,1,2,0,769,46140.0
2025-01-01 12:49:10,THRUSTER_TEMP_2,20.8562,12,49,10,1,1,2,0,769,46150.0
2025-01-01 12:49:20,PAYLOAD_TEMP_CAM,19.8687,12,49,20,1,1,2,0,769,46160.0
2025-01-01 12:49:30,PAYLOAD_TEMP_SENSOR,23.6197,12,49,30,1,1,2,0,769,46170.0
2025-01-01 12:49:40,OBC_TEMP,44.2937,12,49,40,1,1,2,0,769,46180.0
2025-01-01 12:49:50,TRANS_TEMP,31.2519,12,49,50,1,1,2,0,769,46190.0
2025-01-01 12:50:00,STRUCT_TEMP_PANEL_X,10.5268,12,50,0,1,1,2,0,770,46200.0
2025-01-01 12:50:10,STRUCT_TEMP_PANEL_Y,11.5384,12,50,10,1,1,2,0,770,46210.0
2025-01-01 12:50:20,STRUCT_TEMP_PANEL_Z,13.2484,12,50,20,1,1,2,0,770,46220.0
2025-01-01 12:50:30,RADIATOR_TEMP,-18.149,12,50,30,1,1,2,0,770,46230.0
2025-01-01 12:50:40,GYRO_X,-0.0237,12,50,40,1,1,2,0,770,46240.0
2025-01-01 12:50:50,GYRO_Y,-0.0406,12,50,50,1,1,2,0,770,46250.0
2025-01-01 12:51:00,GYRO_Z,-0.0328,12,51,0,1,1,2,0,771,46260.0
2025-01-01 12:51:10,MAGNETOMETER_X,-19.5529,12,51,10,1,1,2,0,771,46270.0
2025-01-01 12:51:20,MAGNETOMETER_Y,-27.016,12,51,20,1,1,2,0,771,46280.0
2025-01-01 12:51:30,MAGNETOMETER_Z,-32.0446,12,51,30,1,1,2,0,771,46290.0
2025-01-01 12:51:40,REACTION_WHEEL_SPD_X,-1468.6302,12,51,40,1,1,2,0,771,46300.0
2025-01-01 12:51:50,REACTION_WHEEL_SPD_Y,-1486.9593,12,51,50,1,1,2,0,771,46310.0
2025-01-01 12:52:00,REACTION_WHEEL_SPD_Z,-1052.3989,12,52,0,1,1,2,0,772,46320.0
2025-01-01 12:52:10,ATTITUDE_ROLL,-1.6401,12,52,10,1,1,2,0,772,46330.0
2025-01-01 12:52:20,ATTITUDE_PITCH,0.2001,12,52,20,1,1,2,0,772,46340.0
2025-01-01 12:52:30,ATTITUDE_YAW,-1.7747,12,52,30,1,1,2,0,772,46350.0
2025-01-01 12:52:40,STAR_TRACKER_VALID,0.3965,12,52,40,1,1,2,0,772,46360.0
2025-01-01 12:52:50,SUN_SENSOR_ANGLE,61.9434,12,52,50,1,1,2,0,772,46370.0
2025-01-01 12:53:00,RF_SIGNAL_STRENGTH,-71.8336,12,53,0,1,1,2,0,773,46380.0
2025-01-01 12:53:10,RF_NOISE_FLOOR,-102.8783,12,53,10,1,1,2,0,773,46390.0
2025-01-01 12:53:20,TX_POWER,2.243,12,53,20,1,1,2,0,773,46400.0
2025-01-01 12:53:30,LINK_MARGIN,10.4994,12,53,30,1,1,2,0,773,46410.0
2025-01-01 12:53:40,DATA_RATE_KBPS,118.52,12,53,40,1,1,2,0,773,46420.0
2025-01-01 12:53:50,PACKET_LOSS_RATE,0.91,12,53,50,1,1,2,0,773,46430.0
2025-01-01 12:54:00,CPU_USAGE,34.7501,12,54,0,1,1,2,0,774,46440.0
2025-01-01 12:54:10,MEMORY_USAGE,43.1054,12,54,10,1,1,2,0,774,46450.0
2025-01-01 12:54:20,FLASH_WRITE_RATE,2.312,12,54,20,1,1,2,0,774,46460.0
2025-01-01 12:54:30,WATCHDOG_COUNTER,38.6474,12,54,30,1,1,2,0,774,46470.0
2025-01-01 12:54:40,TANK_PRESSURE,294.6299,12,54,40,1,1,2,0,774,46480.0
2025-01-01 12:54:50,THRUSTER_VALVE_TEMP,15.443,12,54,50,1,1,2,0,774,46490.0
2025-01-01 12:55:00,BATT_VOLTAGE_1,27.7422,12,55,0,1,1,2,0,775,46500.0
2025-01-01 12:55:10,BATT_VOLTAGE_2,27.9615,12,55,10,1,1,2,0,775,46510.0
2025-01-01 12:55:20,BATT_CURRENT_1,1.9529,12,55,20,1,1,2,0,775,46520.0
2025-01-01 12:55:30,BATT_CURRENT_2,2.2698,12,55,30,1,1,2,0,775,46530.0
2025-01-01 12:55:40,BATT_TEMP_1,24.9678,12,55,40,1,1,2,0,775,46540.0
2025-01-01 12:55:50,BATT_TEMP_2,23.9786,12,55,50,1,1,2,0,775,46550.0
2025-01-01 12:56:00,BATT_SOC,70.0336,12,56,0,1,1,2,0,776,46560.0
2025-01-01 12:56:10,SOLAR_PANEL_VOLT_A,30.5957,12,56,10,1,1,2,0,776,46570.0
2025-01-01 12:56:20,SOLAR_PANEL_VOLT_B,30.1905,12,56,20,1,1,2,0,776,46580.0
2025-01-01 12:56:30,SOLAR_PANEL_CURR_A,4.6271,12,56,30,1,1,2,0,776,46590.0
2025-01-01 12:56:40,SOLAR_PANEL_CURR_B,5.1315,12,56,40,1,1,2,0,776,46600.0
2025-01-01 12:56:50,SOLAR_POWER_TOTAL,99.4203,12,56,50,1,1,2,0,776,46610.0
2025-01-01 12:57:00,BUS_VOLTAGE,28.0065,12,57,0,1,1,2,0,777,46620.0
2025-01-01 12:57:10,BUS_CURRENT,7.9771,12,57,10,1,1,2,0,777,46630.0
2025-01-01 12:57:20,THRUSTER_TEMP_1,19.0967,12,57,20,1,1,2,0,777,46640.0
2025-01-01 12:57:30,THRUSTER_TEMP_2,20.6478,12,57,30,1,1,2,0,777,46650.0
2025-01-01 12:57:40,PAYLOAD_TEMP_CAM,20.2755,12,57,40,1,1,2,0,777,46660.0
2025-01-01 12:57:50,PAYLOAD_TEMP_SENSOR,21.2304,12,57,50,1,1,2,0,777,46670.0
2025-01-01 12:58:00,OBC_TEMP,37.9712,12,58,0,1,1,2,0,778,46680.0
2025-01-01 12:58:10,TRANS_TEMP,33.9767,12,58,10,1,1,2,0,778,46690.0
2025-01-01 12:58:20,STRUCT_TEMP_PANEL_X,15.6835,12,58,20,1,1,2,0,778,46700.0
2025-01-01 12:58:30,STRUCT_TEMP_PANEL_Y,7.7039,12,58,30,1,1,2,0,778,46710.0
2025-01-01 12:58:40,STRUCT_TEMP_PANEL_Z,7.5615,12,58,40,1,1,2,0,778,46720.0
2025-01-01 12:58:50,RADIATOR_TEMP,-19.1988,12,58,50,1,1,2,0,778,46730.0
2025-01-01 12:59:00,GYRO_X,-0.0004,12,59,0,1,1,2,0,779,46740.0
2025-01-01 12:59:10,GYRO_Y,-0.0263,12,59,10,1,1,2,0,779,46750.0
2025-01-01 12:59:20,GYRO_Z,-0.0278,12,59,20,1,1,2,0,779,46760.0
2025-01-01 12:59:30,MAGNETOMETER_X,-16.3141,12,59,30,1,1,2,0,779,46770.0
2025-01-01 12:59:40,MAGNETOMETER_Y,-23.9831,12,59,40,1,1,2,0,779,46780.0
2025-01-01 12:59:50,MAGNETOMETER_Z,-13.775,12,59,50,1,1,2,0,779,46790.0
2025-01-01 13:00:00,REACTION_WHEEL_SPD_X,-1514.1652,13,0,0,1,1,2,0,780,46800.0
2025-01-01 13:00:10,REACTION_WHEEL_SPD_Y,-313.9258,13,0,10,1,1,2,0,780,46810.0
2025-01-01 13:00:20,REACTION_WHEEL_SPD_Z,-578.197,13,0,20,1,1,2,0,780,46820.0
2025-01-01 13:00:30,ATTITUDE_ROLL,-0.9709,13,0,30,1,1,2,0,780,46830.0
2025-01-01 13:00:40,ATTITUDE_PITCH,-1.4233,13,0,40,1,1,2,0,780,46840.0
2025-01-01 13:00:50,ATTITUDE_YAW,-0.5197,13,0,50,1,1,2,0,780,46850.0
2025-01-01 13:01:00,STAR_TRACKER_VALID,0.1785,13,1,0,1,1,2,0,781,46860.0
2025-01-01 13:01:10,SUN_SENSOR_ANGLE,56.9602,13,1,10,1,1,2,0,781,46870.0
2025-01-01 13:01:20,RF_SIGNAL_STRENGTH,-71.1954,13,1,20,1,1,2,0,781,46880.0
2025-01-01 13:01:30,RF_NOISE_FLOOR,-98.3862,13,1,30,1,1,2,0,781,46890.0
2025-01-01 13:01:40,TX_POWER,3.3138,13,1,40,1,1,2,0,781,46900.0
2025-01-01 13:01:50,LINK_MARGIN,13.6002,13,1,50,1,1,2,0,781,46910.0
2025-01-01 13:02:00,DATA_RATE_KBPS,103.8548,13,2,0,1,1,2,0,782,46920.0
2025-01-01 13:02:10,PACKET_LOSS_RATE,0.7664,13,2,10,1,1,2,0,782,46930.0
2025-01-01 13:02:20,CPU_USAGE,37.7433,13,2,20,1,1,2,0,782,46940.0
2025-01-01 13:02:30,MEMORY_USAGE,41.9909,13,2,30,1,1,2,0,782,46950.0
2025-01-01 13:02:40,FLASH_WRITE_RATE,1.9721,13,2,40,1,1,2,0,782,46960.0
2025-01-01 13:02:50,WATCHDOG_COUNTER,34.5267,13,2,50,1,1,2,0,782,46970.0
2025-01-01 13:03:00,TANK_PRESSURE,293.7642,13,3,0,1,1,2,0,783,46980.0
2025-01-01 13:03:10,THRUSTER_VALVE_TEMP,15.9495,13,3,10,1,1,2,0,783,46990.0
2025-01-01 13:03:20,BATT_VOLTAGE_1,27.3875,13,3,20,1,1,2,0,783,47000.0
2025-01-01 13:03:30,BATT_VOLTAGE_2,27.8686,13,3,30,1,1,2,0,783,47010.0
2025-01-01 13:03:40,BATT_CURRENT_1,2.2839,13,3,40,1,1,2,0,783,47020.0
2025-01-01 13:03:50,BATT_CURRENT_2,1.9492,13,3,50,1,1,2,0,783,47030.0
2025-01-01 13:04:00,BATT_TEMP_1,24.9942,13,4,0,1,1,2,0,784,47040.0
2025-01-01 13:04:10,BATT_TEMP_2,20.7125,13,4,10,1,1,2,0,784,47050.0
2025-01-01 13:04:20,BATT_SOC,74.1906,13,4,20,1,1,2,0,784,47060.0
2025-01-01 13:04:30,SOLAR_PANEL_VOLT_A,30.5925,13,4,30,1,1,2,0,784,47070.0
2025-01-01 13:04:40,SOLAR_PANEL_VOLT_B,31.2468,13,4,40,1,1,2,0,784,47080.0
2025-01-01 13:04:50,SOLAR_PANEL_CURR_A,4.5022,13,4,50,1,1,2,0,784,47090.0
2025-01-01 13:05:00,SOLAR_PANEL_CURR_B,4.345,13,5,0,1,1,2,0,785,47100.0
2025-01-01 13:05:10,SOLAR_POWER_TOTAL,94.7543,13,5,10,1,1,2,0,785,47110.0
2025-01-01 13:05:20,BUS_VOLTAGE,28.382,13,5,20,1,1,2,0,785,47120.0
2025-01-01 13:05:30,BUS_CURRENT,7.2775,13,5,30,1,1,2,0,785,47130.0
2025-01-01 13:05:40,THRUSTER_TEMP_1,18.9955,13,5,40,1,1,2,0,785,47140.0
2025-01-01 13:05:50,THRUSTER_TEMP_2,19.6328,13,5,50,1,1,2,0,785,47150.0
2025-01-01 13:06:00,PAYLOAD_TEMP_CAM,20.3892,13,6,0,1,1,2,0,786,47160.0
2025-01-01 13:06:10,PAYLOAD_TEMP_SENSOR,20.5025,13,6,10,1,1,2,0,786,47170.0
2025-01-01 13:06:20,OBC_TEMP,37.7918,13,6,20,1,1,2,0,786,47180.0
2025-01-01 13:06:30,TRANS_TEMP,31.9398,13,6,30,1,1,2,0,786,47190.0
2025-01-01 13:06:40,STRUCT_TEMP_PANEL_X,9.2007,13,6,40,1,1,2,0,786,47200.0
2025-01-01 13:06:50,STRUCT_TEMP_PANEL_Y,3.7174,13,6,50,1,1,2,0,786,47210.0
2025-01-01 13:07:00,STRUCT_TEMP_PANEL_Z,11.2794,13,7,0,1,1,2,0,787,47220.0
2025-01-01 13:07:10,RADIATOR_TEMP,-18.3496,13,7,10,1,1,2,0,787,47230.0
2025-01-01 13:07:20,GYRO_X,-0.0374,13,7,20,1,1,2,0,787,47240.0
2025-01-01 13:07:30,GYRO_Y,-0.0307,13,7,30,1,1,2,0,787,47250.0
2025-01-01 13:07:40,GYRO_Z,-0.0221,13,7,40,1,1,2,0,787,47260.0
2025-01-01 13:07:50,MAGNETOMETER_X,8.887,13,7,50,1,1,2,0,787,47270.0
2025-01-01 13:08:00,MAGNETOMETER_Y,-22.1427,13,8,0,1,1,2,0,788,47280.0
2025-01-01 13:08:10,MAGNETOMETER_Z,-18.5656,13,8,10,1,1,2,0,788,47290.0
2025-01-01 13:08:20,REACTION_WHEEL_SPD_X,-724.5989,13,8,20,1,1,2,0,788,47300.0
2025-01-01 13:08:30,REACTION_WHEEL_SPD_Y,-1102.1417,13,8,30,1,1,2,0,788,47310.0
2025-01-01 13:08:40,REACTION_WHEEL_SPD_Z,-1196.1096,13,8,40,1,1,2,0,788,47320.0
2025-01-01 13:08:50,ATTITUDE_ROLL,-1.3348,13,8,50,1,1,2,0,788,47330.0
2025-01-01 13:09:00,ATTITUDE_PITCH,-1.1682,13,9,0,1,1,2,0,789,47340.0
2025-01-01 13:09:10,ATTITUDE_YAW,-2.6791,13,9,10,1,1,2,0,789,47350.0
2025-01-01 13:09:20,STAR_TRACKER_VALID,0.241,13,9,20,1,1,2,0,789,47360.0
2025-01-01 13:09:30,SUN_SENSOR_ANGLE,29.6465,13,9,30,1,1,2,0,789,47370.0
2025-01-01 13:09:40,RF_SIGNAL_STRENGTH,-75.6337,13,9,40,1,1,2,0,789,47380.0
2025-01-01 13:09:50,RF_NOISE_FLOOR,-96.2812,13,9,50,1,1,2,0,789,47390.0
2025-01-01 13:10:00,TX_POWER,2.6376,13,10,0,1,1,2,0,790,47400.0
2025-01-01 13:10:10,LINK_MARGIN,13.2482,13,10,10,1,1,2,0,790,47410.0
2025-01-01 13:10:20,DATA_RATE_KBPS,119.3621,13,10,20,1,1,2,0,790,47420.0
2025-01-01 13:10:30,PACKET_LOSS_RATE,0.5588,13,10,30,1,1,2,0,790,47430.0
2025-01-01 13:10:40,CPU_USAGE,26.5635,13,10,40,1,1,2,0,790,47440.0
2025-01-01 13:10:50,MEMORY_USAGE,42.5332,13,10,50,1,1,2,0,790,47450.0
2025-01-01 13:11:00,FLASH_WRITE_RATE,1.6376,13,11,0,1,1,2,0,791,47460.0
2025-01-01 13:11:10,WATCHDOG_COUNTER,29.5223,13,11,10,1,1,2,0,791,47470.0
2025-01-01 13:11:20,TANK_PRESSURE,292.9354,13,11,20,1,1,2,0,791,47480.0
2025-01-01 13:11:30,THRUSTER_VALVE_TEMP,16.5299,13,11,30,1,1,2,0,791,47490.0
2025-01-01 13:11:40,BATT_VOLTAGE_1,27.3608,13,11,40,1,1,2,0,791,47500.0
2025-01-01 13:11:50,BATT_VOLTAGE_2,27.3028,13,11,50,1,1,2,0,791,47510.0
2025-01-01 13:12:00,BATT_CURRENT_1,2.1382,13,12,0,1,1,2,0,792,47520.0
2025-01-01 13:12:10,BATT_CURRENT_2,2.0414,13,12,10,1,1,2,0,792,47530.0
2025-01-01 13:12:20,BATT_TEMP_1,24.3435,13,12,20,1,1,2,0,792,47540.0
2025-01-01 13:12:30,BATT_TEMP_2,20.6931,13,12,30,1,1,2,0,792,47550.0
2025-01-01 13:12:40,BATT_SOC,73.6812,13,12,40,1,1,2,0,792,47560.0
2025-01-01 13:12:50,SOLAR_PANEL_VOLT_A,29.7572,13,12,50,1,1,2,0,792,47570.0
2025-01-01 13:13:00,SOLAR_PANEL_VOLT_B,29.6155,13,13,0,1,1,2,0,793,47580.0
2025-01-01 13:13:10,SOLAR_PANEL_CURR_A,4.114,13,13,10,1,1,2,0,793,47590.0
2025-01-01 13:13:20,SOLAR_PANEL_CURR_B,5.277,13,13,20,1,1,2,0,793,47600.0
2025-01-01 13:13:30,SOLAR_POWER_TOTAL,102.405,13,13,30,1,1,2,0,793,47610.0
2025-01-01 13:13:40,BUS_VOLTAGE,28.0851,13,13,40,1,1,2,0,793,47620.0
2025-01-01 13:13:50,BUS_CURRENT,7.5863,13,13,50,1,1,2,0,793,47630.0
2025-01-01 13:14:00,THRUSTER_TEMP_1,18.9474,13,14,0,1,1,2,0,794,47640.0
2025-01-01 13:14:10,THRUSTER_TEMP_2,19.3182,13,14,10,1,1,2,0,794,47650.0
2025-01-01 13:14:20,PAYLOAD_TEMP_CAM,22.0188,13,14,20,1,1,2,0,794,47660.0
2025-01-01 13:14:30,PAYLOAD_TEMP_SENSOR,21.2263,13,14,30,1,1,2,0,794,47670.0
2025-01-01 13:14:40,OBC_TEMP,41.1668,13,14,40,1,1,2,0,794,47680.0
2025-01-01 13:14:50,TRANS_TEMP,35.6241,13,14,50,1,1,2,0,794,47690.0
2025-01-01 13:15:00,STRUCT_TEMP_PANEL_X,15.0035,13,15,0,1,1,2,0,795,47700.0
2025-01-01 13:15:10,STRUCT_TEMP_PANEL_Y,5.4922,13,15,10,1,1,2,0,795,47710.0
2025-01-01 13:15:20,STRUCT_TEMP_PANEL_Z,3.873,13,15,20,1,1,2,0,795,47720.0
2025-01-01 13:15:30,RADIATOR_TEMP,-18.5651,13,15,30,1,1,2,0,795,47730.0
2025-01-01 13:15:40,GYRO_X,-0.0332,13,15,40,1,1,2,0,795,47740.0
2025-01-01 13:15:50,GYRO_Y,-0.0411,13,15,50,1,1,2,0,795,47750.0
2025-01-01 13:16:00,GYRO_Z,-0.0166,13,16,0,1,1,2,0,796,47760.0
2025-01-01 13:16:10,MAGNETOMETER_X,-31.2685,13,16,10,1,1,2,0,796,47770.0
2025-01-01 13:16:20,MAGNETOMETER_Y,-3.115,13,16,20,1,1,2,0,796,47780.0
2025-01-01 13:16:30,MAGNETOMETER_Z,-17.7056,13,16,30,1,1,2,0,796,47790.0
2025-01-01 13:16:40,REACTION_WHEEL_SPD_X,199.3555,13,16,40,1,1,2,0,796,47800.0
2025-01-01 13:16:50,REACTION_WHEEL_SPD_Y,-583.5368,13,16,50,1,1,2,0,796,47810.0
2025-01-01 13:17:00,REACTION_WHEEL_SPD_Z,-723.8228,13,17,0,1,1,2,0,797,47820.0
2025-01-01 13:17:10,ATTITUDE_ROLL,-1.9423,13,17,10,1,1,2,0,797,47830.0
2025-01-01 13:17:20,ATTITUDE_PITCH,-0.3108,13,17,20,1,1,2,0,797,47840.0
2025-01-01 13:17:30,ATTITUDE_YAW,-0.0467,13,17,30,1,1,2,0,797,47850.0
2025-01-01 13:17:40,STAR_TRACKER_VALID,0.2929,13,17,40,1,1,2,0,797,47860.0
2025-01-01 13:17:50,SUN_SENSOR_ANGLE,68.068,13,17,50,1,1,2,0,797,47870.0
2025-01-01 13:18:00,RF_SIGNAL_STRENGTH,-64.0558,13,18,0,1,1,2,0,798,47880.0
2025-01-01 13:18:10,RF_NOISE_FLOOR,-96.572,13,18,10,1,1,2,0,798,47890.0
2025-01-01 13:18:20,TX_POWER,2.6506,13,18,20,1,1,2,0,798,47900.0
2025-01-01 13:18:30,LINK_MARGIN,12.027,13,18,30,1,1,2,0,798,47910.0
2025-01-01 13:18:40,DATA_RATE_KBPS,119.6621,13,18,40,1,1,2,0,798,47920.0
2025-01-01 13:18:50,PACKET_LOSS_RATE,0.599,13,18,50,1,1,2,0,798,47930.0
2025-01-01 13:19:00,CPU_USAGE,25.2498,13,19,0,1,1,2,0,799,47940.0
2025-01-01 13:19:10,MEMORY_USAGE,42.7248,13,19,10,1,1,2,0,799,47950.0
2025-01-01 13:19:20,FLASH_WRITE_RATE,1.1303,13,19,20,1,1,2,0,799,47960.0
2025-01-01 13:19:30,WATCHDOG_COUNTER,16.9582,13,19,30,1,1,2,0,799,47970.0
2025-01-01 13:19:40,TANK_PRESSURE,292.3541,13,19,40,1,1,2,0,799,47980.0
2025-01-01 13:19:50,THRUSTER_VALVE_TEMP,16.1424,13,19,50,1,1,2,0,799,47990.0
2025-01-01 13:20:00,BATT_VOLTAGE_1,27.8919,13,20,0,1,1,2,0,800,48000.0
2025-01-01 13:20:10,BATT_VOLTAGE_2,27.482,13,20,10,1,1,2,0,800,48010.0
2025-01-01 13:20:20,BATT_CURRENT_1,1.6608,13,20,20,1,1,2,0,800,48020.0
2025-01-01 13:20:30,BATT_CURRENT_2,2.6427,13,20,30,1,1,2,0,800,48030.0
2025-01-01 13:20:40,BATT_TEMP_1,21.4952,13,20,40,1,1,2,0,800,48040.0
2025-01-01 13:20:50,BATT_TEMP_2,19.9711,13,20,50,1,1,2,0,800,48050.0
2025-01-01 13:21:00,BATT_SOC,68.1042,13,21,0,1,1,2,0,801,48060.0
2025-01-01 13:21:10,SOLAR_PANEL_VOLT_A,29.7652,13,21,10,1,1,2,0,801,48070.0
2025-01-01 13:21:20,SOLAR_PANEL_VOLT_B,29.5932,13,21,20,1,1,2,0,801,48080.0
2025-01-01 13:21:30,SOLAR_PANEL_CURR_A,4.3043,13,21,30,1,1,2,0,801,48090.0
2025-01-01 13:21:40,SOLAR_PANEL_CURR_B,4.3272,13,21,40,1,1,2,0,801,48100.0
2025-01-01 13:21:50,SOLAR_POWER_TOTAL,91.1802,13,21,50,1,1,2,0,801,48110.0
2025-01-01 13:22:00,BUS_VOLTAGE,28.4102,13,22,0,1,1,2,0,802,48120.0
2025-01-01 13:22:10,BUS_CURRENT,8.4598,13,22,10,1,1,2,0,802,48130.0
2025-01-01 13:22:20,THRUSTER_TEMP_1,20.5003,13,22,20,1,1,2,0,802,48140.0
2025-01-01 13:22:30,THRUSTER_TEMP_2,19.8766,13,22,30,1,1,2,0,802,48150.0
2025-01-01 13:22:40,PAYLOAD_TEMP_CAM,20.3282,13,22,40,1,1,2,0,802,48160.0
2025-01-01 13:22:50,PAYLOAD_TEMP_SENSOR,20.8396,13,22,50,1,1,2,0,802,48170.0
2025-01-01 13:23:00,OBC_TEMP,37.1241,13,23,0,1,1,2,0,803,48180.0
2025-01-01 13:23:10,TRANS_TEMP,34.7273,13,23,10,1,1,2,0,803,48190.0
2025-01-01 13:23:20,STRUCT_TEMP_PANEL_X,19.1798,13,23,20,1,1,2,0,803,48200.0
2025-01-01 13:23:30,STRUCT_TEMP_PANEL_Y,14.979,13,23,30,1,1,2,0,803,48210.0
2025-01-01 13:23:40,STRUCT_TEMP_PANEL_Z,9.3978,13,23,40,1,1,2,0,803,48220.0
2025-01-01 13:23:50,RADIATOR_TEMP,-18.2848,13,23,50,1,1,2,0,803,48230.0
2025-01-01 13:24:00,GYRO_X,-0.014,13,24,0,1,1,2,0,804,48240.0
2025-01-01 13:24:10,GYRO_Y,-0.029,13,24,10,1,1,2,0,804,48250.0
2025-01-01 13:24:20,GYRO_Z,-0.029,13,24,20,1,1,2,0,804,48260.0
2025-01-01 13:24:30,MAGNETOMETER_X,-24.3115,13,24,30,1,1,2,0,804,48270.0
2025-01-01 13:24:40,MAGNETOMETER_Y,-16.718,13,24,40,1,1,2,0,804,48280.0
2025-01-01 13:24:50,MAGNETOMETER_Z,-22.9333,13,24,50,1,1,2,0,804,48290.0
2025-01-01 13:25:00,REACTION_WHEEL_SPD_X,-560.7591,13,25,0,1,1,2,0,805,48300.0
2025-01-01 13:25:10,REACTION_WHEEL_SPD_Y,-1294.4988,13,25,10,1,1,2,0,805,48310.0
2025-01-01 13:25:20,REACTION_WHEEL_SPD_Z,-747.9334,13,25,20,1,1,2,0,805,48320.0
2025-01-01 13:25:30,ATTITUDE_ROLL,-1.2855,13,25,30,1,1,2,0,805,48330.0
2025-01-01 13:25:40,ATTITUDE_PITCH,-1.4366,13,25,40,1,1,2,0,805,48340.0
2025-01-01 13:25:50,ATTITUDE_YAW,-2.3543,13,25,50,1,1,2,0,805,48350.0
2025-01-01 13:26:00,STAR_TRACKER_VALID,0.4906,13,26,0,1,1,2,0,806,48360.0
2025-01-01 13:26:10,SUN_SENSOR_ANGLE,72.2484,13,26,10,1,1,2,0,806,48370.0
2025-01-01 13:26:20,RF_SIGNAL_STRENGTH,-73.6829,13,26,20,1,1,2,0,806,48380.0
2025-01-01 13:26:30,RF_NOISE_FLOOR,-104.4206,13,26,30,1,1,2,0,806,48390.0
2025-01-01 13:26:40,TX_POWER,2.8645,13,26,40,1,1,2,0,806,48400.0
2025-01-01 13:26:50,LINK_MARGIN,13.0508,13,26,50,1,1,2,0,806,48410.0
2025-01-01 13:27:00,DATA_RATE_KBPS,90.0496,13,27,0,1,1,2,0,807,48420.0
2025-01-01 13:27:10,PACKET_LOSS_RATE,0.9322,13,27,10,1,1,2,0,807,48430.0
2025-01-01 13:27:20,CPU_USAGE,18.4271,13,27,20,1,1,2,0,807,48440.0
2025-01-01 13:27:30,MEMORY_USAGE,39.2608,13,27,30,1,1,2,0,807,48450.0
2025-01-01 13:27:40,FLASH_WRITE_RATE,2.2994,13,27,40,1,1,2,0,807,48460.0
2025-01-01 13:27:50,WATCHDOG_COUNTER,50.7132,13,27,50,1,1,2,0,807,48470.0
2025-01-01 13:28:00,TANK_PRESSURE,294.4544,13,28,0,1,1,2,0,808,48480.0
2025-01-01 13:28:10,THRUSTER_VALVE_TEMP,16.8993,13,28,10,1,1,2,0,808,48490.0
2025-01-01 13:28:20,BATT_VOLTAGE_1,27.3022,13,28,20,1,1,2,0,808,48500.0
2025-01-01 13:28:30,BATT_VOLTAGE_2,27.4452,13,28,30,1,1,2,0,808,48510.0
2025-01-01 13:28:40,BATT_CURRENT_1,1.8142,13,28,40,1,1,2,0,808,48520.0
2025-01-01 13:28:50,BATT_CURRENT_2,1.8967,13,28,50,1,1,2,0,808,48530.0
2025-01-01 13:29:00,BATT_TEMP_1,19.4991,13,29,0,1,1,2,0,809,48540.0
2025-01-01 13:29:10,BATT_TEMP_2,21.537,13,29,10,1,1,2,0,809,48550.0
2025-01-01 13:29:20,BATT_SOC,80.7739,13,29,20,1,1,2,0,809,48560.0
2025-01-01 13:29:30,SOLAR_PANEL_VOLT_A,29.8098,13,29,30,1,1,2,0,809,48570.0
2025-01-01 13:29:40,SOLAR_PANEL_VOLT_B,31.0725,13,29,40,1,1,2,0,809,48580.0
2025-01-01 13:29:50,SOLAR_PANEL_CURR_A,4.8105,13,29,50,1,1,2,0,809,48590.0
2025-01-01 13:30:00,SOLAR_PANEL_CURR_B,5.1635,13,30,0,1,1,2,0,810,48600.0
2025-01-01 13:30:10,SOLAR_POWER_TOTAL,104.2544,13,30,10,1,1,2,0,810,48610.0
2025-01-01 13:30:20,BUS_VOLTAGE,28.2599,13,30,20,1,1,2,0,810,48620.0
2025-01-01 13:30:30,BUS_CURRENT,6.1623,13,30,30,1,1,2,0,810,48630.0
2025-01-01 13:30:40,THRUSTER_TEMP_1,19.7893,13,30,40,1,1,2,0,810,48640.0
2025-01-01 13:30:50,THRUSTER_TEMP_2,22.718,13,30,50,1,1,2,0,810,48650.0
2025-01-01 13:31:00,PAYLOAD_TEMP_CAM,20.1365,13,31,0,1,1,2,0,811,48660.0
2025-01-01 13:31:10,PAYLOAD_TEMP_SENSOR,21.5766,13,31,10,1,1,2,0,811,48670.0
2025-01-01 13:31:20,OBC_TEMP,39.4072,13,31,20,1,1,2,0,811,48680.0
2025-01-01 13:31:30,TRANS_TEMP,29.9679,13,31,30,1,1,2,0,811,48690.0
2025-01-01 13:31:40,STRUCT_TEMP_PANEL_X,9.6076,13,31,40,1,1,2,0,811,48700.0
2025-01-01 13:31:50,STRUCT_TEMP_PANEL_Y,4.5669,13,31,50,1,1,2,0,811,48710.0
2025-01-01 13:32:00,STRUCT_TEMP_PANEL_Z,6.4303,13,32,0,1,1,2,0,812,48720.0
2025-01-01 13:32:10,RADIATOR_TEMP,-16.4142,13,32,10,1,1,2,0,812,48730.0
2025-01-01 13:32:20,GYRO_X,-0.0042,13,32,20,1,1,2,0,812,48740.0
2025-01-01 13:32:30,GYRO_Y,-0.0447,13,32,30,1,1,2,0,812,48750.0
2025-01-01 13:32:40,GYRO_Z,-0.0306,13,32,40,1,1,2,0,812,48760.0
2025-01-01 13:32:50,MAGNETOMETER_X,0.383,13,32,50,1,1,2,0,812,48770.0
2025-01-01 13:33:00,MAGNETOMETER_Y,-19.4854,13,33,0,1,1,2,0,813,48780.0
2025-01-01 13:33:10,MAGNETOMETER_Z,-23.941,13,33,10,1,1,2,0,813,48790.0
2025-01-01 13:33:20,REACTION_WHEEL_SPD_X,-1145.3921,13,33,20,1,1,2,0,813,48800.0
2025-01-01 13:33:30,REACTION_WHEEL_SPD_Y,-1553.4867,13,33,30,1,1,2,0,813,48810.0
2025-01-01 13:33:40,REACTION_WHEEL_SPD_Z,-820.7751,13,33,40,1,1,2,0,813,48820.0
2025-01-01 13:33:50,ATTITUDE_ROLL,-0.4975,13,33,50,1,1,2,0,813,48830.0
2025-01-01 13:34:00,ATTITUDE_PITCH,0.4119,13,34,0,1,1,2,0,814,48840.0
2025-01-01 13:34:10,ATTITUDE_YAW,-1.8192,13,34,10,1,1,2,0,814,48850.0
2025-01-01 13:34:20,STAR_TRACKER_VALID,0.4919,13,34,20,1,1,2,0,814,48860.0
2025-01-01 13:34:30,SUN_SENSOR_ANGLE,47.8628,13,34,30,1,1,2,0,814,48870.0
2025-01-01 13:34:40,RF_SIGNAL_STRENGTH,-73.4802,13,34,40,1,1,2,0,814,48880.0
2025-01-01 13:34:50,RF_NOISE_FLOOR,-103.4986,13,34,50,1,1,2,0,814,48890.0
2025-01-01 13:35:00,TX_POWER,3.1362,13,35,0,1,1,2,0,815,48900.0
2025-01-01 13:35:10,LINK_MARGIN,10.7782,13,35,10,1,1,2,0,815,48910.0
2025-01-01 13:35:20,DATA_RATE_KBPS,90.991,13,35,20,1,1,2,0,815,48920.0
2025-01-01 13:35:30,PACKET_LOSS_RATE,0.6707,13,35,30,1,1,2,0,815,48930.0
2025-01-01 13:35:40,CPU_USAGE,26.1353,13,35,40,1,1,2,0,815,48940.0
2025-01-01 13:35:50,MEMORY_USAGE,51.0122,13,35,50,1,1,2,0,815,48950.0
2025-01-01 13:36:00,FLASH_WRITE_RATE,1.5742,13,36,0,1,1,2,0,816,48960.0
2025-01-01 13:36:10,WATCHDOG_COUNTER,49.8269,13,36,10,1,1,2,0,816,48970.0
2025-01-01 13:36:20,TANK_PRESSURE,292.2712,13,36,20,1,1,2,0,816,48980.0
2025-01-01 13:36:30,THRUSTER_VALVE_TEMP,15.5081,13,36,30,1,1,2,0,816,48990.0
2025-01-01 13:36:40,BATT_VOLTAGE_1,27.4526,13,36,40,1,1,2,0,816,49000.0
2025-01-01 13:36:50,BATT_VOLTAGE_2,27.4481,13,36,50,1,1,2,0,816,49010.0
2025-01-01 13:37:00,BATT_CURRENT_1,2.1253,13,37,0,1,1,2,0,817,49020.0
2025-01-01 13:37:10,BATT_CURRENT_2,2.1201,13,37,10,1,1,2,0,817,49030.0
2025-01-01 13:37:20,BATT_TEMP_1,19.5657,13,37,20,1,1,2,0,817,49040.0
2025-01-01 13:37:30,BATT_TEMP_2,21.5512,13,37,30,1,1,2,0,817,49050.0
2025-01-01 13:37:40,BATT_SOC,73.3374,13,37,40,1,1,2,0,817,49060.0
2025-01-01 13:37:50,SOLAR_PANEL_VOLT_A,29.7772,13,37,50,1,1,2,0,817,49070.0
2025-01-01 13:38:00,SOLAR_PANEL_VOLT_B,30.7795,13,38,0,1,1,2,0,818,49080.0
2025-01-01 13:38:10,SOLAR_PANEL_CURR_A,4.9425,13,38,10,1,1,2,0,818,49090.0
2025-01-01 13:38:20,SOLAR_PANEL_CURR_B,4.8864,13,38,20,1,1,2,0,818,49100.0
2025-01-01 13:38:30,SOLAR_POWER_TOTAL,94.5445,13,38,30,1,1,2,0,818,49110.0
2025-01-01 13:38:40,BUS_VOLTAGE,28.5508,13,38,40,1,1,2,0,818,49120.0
2025-01-01 13:38:50,BUS_CURRENT,8.6036,13,38,50,1,1,2,0,818,49130.0
2025-01-01 13:39:00,THRUSTER_TEMP_1,20.0933,13,39,0,1,1,2,0,819,49140.0
2025-01-01 13:39:10,THRUSTER_TEMP_2,22.7024,13,39,10,1,1,2,0,819,49150.0
2025-01-01 13:39:20,PAYLOAD_TEMP_CAM,21.9335,13,39,20,1,1,2,0,819,49160.0
2025-01-01 13:39:30,PAYLOAD_TEMP_SENSOR,21.0654,13,39,30,1,1,2,0,819,49170.0
2025-01-01 13:39:40,OBC_TEMP,36.1034,13,39,40,1,1,2,0,819,49180.0
2025-01-01 13:39:50,TRANS_TEMP,31.1153,13,39,50,1,1,2,0,819,49190.0
2025-01-01 13:40:00,STRUCT_TEMP_PANEL_X,16.5791,13,40,0,1,1,2,0,820,49200.0
2025-01-01 13:40:10,STRUCT_TEMP_PANEL_Y,6.3277,13,40,10,1,1,2,0,820,49210.0
2025-01-01 13:40:20,STRUCT_TEMP_PANEL_Z,8.6788,13,40,20,1,1,2,0,820,49220.0
2025-01-01 13:40:30,RADIATOR_TEMP,-19.795,13,40,30,1,1,2,0,820,49230.0
2025-01-01 13:40:40,GYRO_X,-0.0137,13,40,40,1,1,2,0,820,49240.0
2025-01-01 13:40:50,GYRO_Y,-0.0244,13,40,50,1,1,2,0,820,49250.0
2025-01-01 13:41:00,GYRO_Z,-0.0077,13,41,0,1,1,2,0,821,49260.0
2025-01-01 13:41:10,MAGNETOMETER_X,-26.0764,13,41,10,1,1,2,0,821,49270.0
2025-01-01 13:41:20,MAGNETOMETER_Y,-28.889,13,41,20,1,1,2,0,821,49280.0
2025-01-01 13:41:30,MAGNETOMETER_Z,-34.0586,13,41,30,1,1,2,0,821,49290.0
2025-01-01 13:41:40,REACTION_WHEEL_SPD_X,-1619.9503,13,41,40,1,1,2,0,821,49300.0
2025-01-01 13:41:50,REACTION_WHEEL_SPD_Y,-1430.8499,13,41,50,1,1,2,0,821,49310.0
2025-01-01 13:42:00,REACTION_WHEEL_SPD_Z,-1096.2223,13,42,0,1,1,2,0,822,49320.0
2025-01-01 13:42:10,ATTITUDE_ROLL,-1.25,13,42,10,1,1,2,0,822,49330.0
2025-01-01 13:42:20,ATTITUDE_PITCH,-0.908,13,42,20,1,1,2,0,822,49340.0
2025-01-01 13:42:30,ATTITUDE_YAW,-2.4981,13,42,30,1,1,2,0,822,49350.0
2025-01-01 13:42:40,STAR_TRACKER_VALID,0.3781,13,42,40,1,1,2,0,822,49360.0
2025-01-01 13:42:50,SUN_SENSOR_ANGLE,48.3997,13,42,50,1,1,2,0,822,49370.0
2025-01-01 13:43:00,RF_SIGNAL_STRENGTH,-75.1541,13,43,0,1,1,2,0,823,49380.0
2025-01-01 13:43:10,RF_NOISE_FLOOR,-99.32,13,43,10,1,1,2,0,823,49390.0
2025-01-01 13:43:20,TX_POWER,2.3527,13,43,20,1,1,2,0,823,49400.0
2025-01-01 13:43:30,LINK_MARGIN,10.2513,13,43,30,1,1,2,0,823,49410.0
2025-01-01 13:43:40,DATA_RATE_KBPS,104.4812,13,43,40,1,1,2,0,823,49420.0
2025-01-01 13:43:50,PACKET_LOSS_RATE,0.6854,13,43,50,1,1,2,0,823,49430.0
2025-01-01 13:44:00,CPU_USAGE,24.2156,13,44,0,1,1,2,0,824,49440.0
2025-01-01 13:44:10,MEMORY_USAGE,45.6149,13,44,10,1,1,2,0,824,49450.0
2025-01-01 13:44:20,FLASH_WRITE_RATE,2.005,13,44,20,1,1,2,0,824,49460.0
2025-01-01 13:44:30,WATCHDOG_COUNTER,48.1628,13,44,30,1,1,2,0,824,49470.0
2025-01-01 13:44:40,TANK_PRESSURE,300.8684,13,44,40,1,1,2,0,824,49480.0
2025-01-01 13:44:50,THRUSTER_VALVE_TEMP,14.5765,13,44,50,1,1,2,0,824,49490.0
2025-01-01 13:45:00,BATT_VOLTAGE_1,27.5538,13,45,0,1,1,2,0,825,49500.0
2025-01-01 13:45:10,BATT_VOLTAGE_2,27.0835,13,45,10,1,1,2,0,825,49510.0
2025-01-01 13:45:20,BATT_CURRENT_1,1.955,13,45,20,1,1,2,0,825,49520.0
2025-01-01 13:45:30,BATT_CURRENT_2,2.1528,13,45,30,1,1,2,0,825,49530.0
2025-01-01 13:45:40,BATT_TEMP_1,23.2627,13,45,40,1,1,2,0,825,49540.0
2025-01-01 13:45:50,BATT_TEMP_2,23.3739,13,45,50,1,1,2,0,825,49550.0
2025-01-01 13:46:00,BATT_SOC,68.4384,13,46,0,1,1,2,0,826,49560.0
2025-01-01 13:46:10,SOLAR_PANEL_VOLT_A,29.3325,13,46,10,1,1,2,0,826,49570.0
2025-01-01 13:46:20,SOLAR_PANEL_VOLT_B,29.9601,13,46,20,1,1,2,0,826,49580.0
2025-01-01 13:46:30,SOLAR_PANEL_CURR_A,4.8272,13,46,30,1,1,2,0,826,49590.0
2025-01-01 13:46:40,SOLAR_PANEL_CURR_B,5.1872,13,46,40,1,1,2,0,826,49600.0
2025-01-01 13:46:50,SOLAR_POWER_TOTAL,90.9708,13,46,50,1,1,2,0,826,49610.0
2025-01-01 13:47:00,BUS_VOLTAGE,28.0604,13,47,0,1,1,2,0,827,49620.0
2025-01-01 13:47:10,BUS_CURRENT,6.6348,13,47,10,1,1,2,0,827,49630.0
2025-01-01 13:47:20,THRUSTER_TEMP_1,22.0728,13,47,20,1,1,2,0,827,49640.0
2025-01-01 13:47:30,THRUSTER_TEMP_2,20.902,13,47,30,1,1,2,0,827,49650.0
2025-01-01 13:47:40,PAYLOAD_TEMP_CAM,20.6666,13,47,40,1,1,2,0,827,49660.0
2025-01-01 13:47:50,PAYLOAD_TEMP_SENSOR,21.0198,13,47,50,1,1,2,0,827,49670.0
2025-01-01 13:48:00,OBC_TEMP,36.742,13,48,0,1,1,2,0,828,49680.0
2025-01-01 13:48:10,TRANS_TEMP,35.545,13,48,10,1,1,2,0,828,49690.0
2025-01-01 13:48:20,STRUCT_TEMP_PANEL_X,7.7286,13,48,20,1,1,2,0,828,49700.0
2025-01-01 13:48:30,STRUCT_TEMP_PANEL_Y,19.3623,13,48,30,1,1,2,0,828,49710.0
2025-01-01 13:48:40,STRUCT_TEMP_PANEL_Z,18.3396,13,48,40,1,1,2,0,828,49720.0
2025-01-01 13:48:50,RADIATOR_TEMP,-17.71,13,48,50,1,1,2,0,828,49730.0
2025-01-01 13:49:00,GYRO_X,-0.0349,13,49,0,1,1,2,0,829,49740.0
2025-01-01 13:49:10,GYRO_Y,-0.0353,13,49,10,1,1,2,0,829,49750.0
2025-01-01 13:49:20,GYRO_Z,-0.0298,13,49,20,1,1,2,0,829,49760.0
2025-01-01 13:49:30,MAGNETOMETER_X,-19.0701,13,49,30,1,1,2,0,829,49770.0
2025-01-01 13:49:40,MAGNETOMETER_Y,-18.6693,13,49,40,1,1,2,0,829,49780.0
2025-01-01 13:49:50,MAGNETOMETER_Z,-26.9707,13,49,50,1,1,2,0,829,49790.0
2025-01-01 13:50:00,REACTION_WHEEL_SPD_X,-1169.04,13,50,0,1,1,2,0,830,49800.0
2025-01-01 13:50:10,REACTION_WHEEL_SPD_Y,-1487.1067,13,50,10,1,1,2,0,830,49810.0
2025-01-01 13:50:20,REACTION_WHEEL_SPD_Z,-1514.6777,13,50,20,1,1,2,0,830,49820.0
2025-01-01 13:50:30,ATTITUDE_ROLL,-0.8734,13,50,30,1,1,2,0,830,49830.0
2025-01-01 13:50:40,ATTITUDE_PITCH,-1.4226,13,50,40,1,1,2,0,830,49840.0
2025-01-01 13:50:50,ATTITUDE_YAW,-1.1869,13,50,50,1,1,2,0,830,49850.0
2025-01-01 13:51:00,STAR_TRACKER_VALID,0.3165,13,51,0,1,1,2,0,831,49860.0
2025-01-01 13:51:10,SUN_SENSOR_ANGLE,75.064,13,51,10,1,1,2,0,831,49870.0
2025-01-01 13:51:20,RF_SIGNAL_STRENGTH,-68.1138,13,51,20,1,1,2,0,831,49880.0
2025-01-01 13:51:30,RF_NOISE_FLOOR,-101.9424,13,51,30,1,1,2,0,831,49890.0
2025-01-01 13:51:40,TX_POWER,2.5757,13,51,40,1,1,2,0,831,49900.0
2025-01-01 13:51:50,LINK_MARGIN,10.0759,13,51,50,1,1,2,0,831,49910.0
2025-01-01 13:52:00,DATA_RATE_KBPS,95.7393,13,52,0,1,1,2,0,832,49920.0
2025-01-01 13:52:10,PACKET_LOSS_RATE,1.0969,13,52,10,1,1,2,0,832,49930.0
2025-01-01 13:52:20,CPU_USAGE,25.366,13,52,20,1,1,2,0,832,49940.0
2025-01-01 13:52:30,MEMORY_USAGE,40.3578,13,52,30,1,1,2,0,832,49950.0
2025-01-01 13:52:40,FLASH_WRITE_RATE,2.5036,13,52,40,1,1,2,0,832,49960.0
2025-01-01 13:52:50,WATCHDOG_COUNTER,23.8046,13,52,50,1,1,2,0,832,49970.0
2025-01-01 13:53:00,TANK_PRESSURE,292.9153,13,53,0,1,1,2,0,833,49980.0
2025-01-01 13:53:10,THRUSTER_VALVE_TEMP,14.0869,13,53,10,1,1,2,0,833,49990.0
2025-01-01 13:53:20,BATT_VOLTAGE_1,27.1558,13,53,20,1,1,2,0,833,50000.0
2025-01-01 13:53:30,BATT_VOLTAGE_2,27.368,13,53,30,1,1,2,0,833,50010.0
2025-01-01 13:53:40,BATT_CURRENT_1,2.3792,13,53,40,1,1,2,0,833,50020.0
2025-01-01 13:53:50,BATT_CURRENT_2,2.1145,13,53,50,1,1,2,0,833,50030.0
2025-01-01 13:54:00,BATT_TEMP_1,21.6036,13,54,0,1,1,2,0,834,50040.0
2025-01-01 13:54:10,BATT_TEMP_2,21.8135,13,54,10,1,1,2,0,834,50050.0
2025-01-01 13:54:20,BATT_SOC,71.4823,13,54,20,1,1,2,0,834,50060.0
2025-01-01 13:54:30,SOLAR_PANEL_VOLT_A,29.8001,13,54,30,1,1,2,0,834,50070.0
2025-01-01 13:54:40,SOLAR_PANEL_VOLT_B,30.5683,13,54,40,1,1,2,0,834,50080.0
2025-01-01 13:54:50,SOLAR_PANEL_CURR_A,4.261,13,54,50,1,1,2,0,834,50090.0
2025-01-01 13:55:00,SOLAR_PANEL_CURR_B,4.6477,13,55,0,1,1,2,0,835,50100.0
2025-01-01 13:55:10,SOLAR_POWER_TOTAL,93.674,13,55,10,1,1,2,0,835,50110.0
2025-01-01 13:55:20,BUS_VOLTAGE,27.9246,13,55,20,1,1,2,0,835,50120.0
2025-01-01 13:55:30,BUS_CURRENT,6.7354,13,55,30,1,1,2,0,835,50130.0
2025-01-01 13:55:40,THRUSTER_TEMP_1,21.5085,13,55,40,1,1,2,0,835,50140.0
2025-01-01 13:55:50,THRUSTER_TEMP_2,18.8858,13,55,50,1,1,2,0,835,50150.0
2025-01-01 13:56:00,PAYLOAD_TEMP_CAM,22.9832,13,56,0,1,1,2,0,836,50160.0
2025-01-01 13:56:10,PAYLOAD_TEMP_SENSOR,20.2545,13,56,10,1,1,2,0,836,50170.0
2025-01-01 13:56:20,OBC_TEMP,38.8051,13,56,20,1,1,2,0,836,50180.0
2025-01-01 13:56:30,TRANS_TEMP,31.8885,13,56,30,1,1,2,0,836,50190.0
2025-01-01 13:56:40,STRUCT_TEMP_PANEL_X,11.8482,13,56,40,1,1,2,0,836,50200.0
2025-01-01 13:56:50,STRUCT_TEMP_PANEL_Y,5.9957,13,56,50,1,1,2,0,836,50210.0
2025-01-01 13:57:00,STRUCT_TEMP_PANEL_Z,22.4302,13,57,0,1,1,2,0,837,50220.0
2025-01-01 13:57:10,RADIATOR_TEMP,-20.231,13,57,10,1,1,2,0,837,50230.0
2025-01-01 13:57:20,GYRO_X,-0.0444,13,57,20,1,1,2,0,837,50240.0
2025-01-01 13:57:30,GYRO_Y,-0.0333,13,57,30,1,1,2,0,837,50250.0
2025-01-01 13:57:40,GYRO_Z,-0.0315,13,57,40,1,1,2,0,837,50260.0
2025-01-01 13:57:50,MAGNETOMETER_X,-28.2451,13,57,50,1,1,2,0,837,50270.0
2025-01-01 13:58:00,MAGNETOMETER_Y,-10.4819,13,58,0,1,1,2,0,838,50280.0
2025-01-01 13:58:10,MAGNETOMETER_Z,-12.3643,13,58,10,1,1,2,0,838,50290.0
2025-01-01 13:58:20,REACTION_WHEEL_SPD_X,-869.5306,13,58,20,1,1,2,0,838,50300.0
2025-01-01 13:58:30,REACTION_WHEEL_SPD_Y,-1418.0689,13,58,30,1,1,2,0,838,50310.0
2025-01-01 13:58:40,REACTION_WHEEL_SPD_Z,-76.984,13,58,40,1,1,2,0,838,50320.0
2025-01-01 13:58:50,ATTITUDE_ROLL,-1.4649,13,58,50,1,1,2,0,838,50330.0
2025-01-01 13:59:00,ATTITUDE_PITCH,-0.4973,13,59,0,1,1,2,0,839,50340.0
2025-01-01 13:59:10,ATTITUDE_YAW,-0.4789,13,59,10,1,1,2,0,839,50350.0
2025-01-01 13:59:20,STAR_TRACKER_VALID,0.322,13,59,20,1,1,2,0,839,50360.0
2025-01-01 13:59:30,SUN_SENSOR_ANGLE,75.865,13,59,30,1,1,2,0,839,50370.0
2025-01-01 13:59:40,RF_SIGNAL_STRENGTH,-70.9365,13,59,40,1,1,2,0,839,50380.0
2025-01-01 13:59:50,RF_NOISE_FLOOR,-97.276,13,59,50,1,1,2,0,839,50390.0
2025-01-01 14:00:00,TX_POWER,3.0725,14,0,0,1,1,2,0,840,50400.0
2025-01-01 14:00:10,LINK_MARGIN,11.7165,14,0,10,1,1,2,0,840,50410.0
2025-01-01 14:00:20,DATA_RATE_KBPS,84.4849,14,0,20,1,1,2,0,840,50420.0
2025-01-01 14:00:30,PACKET_LOSS_RATE,0.8463,14,0,30,1,1,2,0,840,50430.0
2025-01-01 14:00:40,CPU_USAGE,25.4414,14,0,40,1,1,2,0,840,50440.0
2025-01-01 14:00:50,MEMORY_USAGE,37.8947,14,0,50,1,1,2,0,840,50450.0
2025-01-01 14:01:00,FLASH_WRITE_RATE,1.5083,14,1,0,1,1,2,0,841,50460.0
2025-01-01 14:01:10,WATCHDOG_COUNTER,21.7688,14,1,10,1,1,2,0,841,50470.0
2025-01-01 14:01:20,TANK_PRESSURE,294.5401,14,1,20,1,1,2,0,841,50480.0
2025-01-01 14:01:30,THRUSTER_VALVE_TEMP,14.4254,14,1,30,1,1,2,0,841,50490.0
2025-01-01 14:01:40,BATT_VOLTAGE_1,27.2983,14,1,40,1,1,2,0,841,50500.0
2025-01-01 14:01:50,BATT_VOLTAGE_2,27.4366,14,1,50,1,1,2,0,841,50510.0
2025-01-01 14:02:00,BATT_CURRENT_1,2.1684,14,2,0,1,1,2,0,842,50520.0
2025-01-01 14:02:10,BATT_CURRENT_2,2.4427,14,2,10,1,1,2,0,842,50530.0
2025-01-01 14:02:20,BATT_TEMP_1,21.0582,14,2,20,1,1,2,0,842,50540.0
2025-01-01 14:02:30,BATT_TEMP_2,21.1264,14,2,30,1,1,2,0,842,50550.0
2025-01-01 14:02:40,BATT_SOC,69.4164,14,2,40,1,1,2,0,842,50560.0
2025-01-01 14:02:50,SOLAR_PANEL_VOLT_A,29.4386,14,2,50,1,1,2,0,842,50570.0
2025-01-01 14:03:00,SOLAR_PANEL_VOLT_B,31.0043,14,3,0,1,1,2,0,843,50580.0
2025-01-01 14:03:10,SOLAR_PANEL_CURR_A,4.3785,14,3,10,1,1,2,0,843,50590.0
2025-01-01 14:03:20,SOLAR_PANEL_CURR_B,4.3384,14,3,20,1,1,2,0,843,50600.0
2025-01-01 14:03:30,SOLAR_POWER_TOTAL,102.1218,14,3,30,1,1,2,0,843,50610.0
2025-01-01 14:03:40,BUS_VOLTAGE,28.1515,14,3,40,1,1,2,0,843,50620.0
2025-01-01 14:03:50,BUS_CURRENT,8.5666,14,3,50,1,1,2,0,843,50630.0
2025-01-01 14:04:00,THRUSTER_TEMP_1,20.1002,14,4,0,1,1,2,0,844,50640.0
2025-01-01 14:04:10,THRUSTER_TEMP_2,19.578,14,4,10,1,1,2,0,844,50650.0
2025-01-01 14:04:20,PAYLOAD_TEMP_CAM,22.1317,14,4,20,1,1,2,0,844,50660.0
2025-01-01 14:04:30,PAYLOAD_TEMP_SENSOR,21.478,14,4,30,1,1,2,0,844,50670.0
2025-01-01 14:04:40,OBC_TEMP,41.9297,14,4,40,1,1,2,0,844,50680.0
2025-01-01 14:04:50,TRANS_TEMP,33.9685,14,4,50,1,1,2,0,844,50690.0
2025-01-01 14:05:00,STRUCT_TEMP_PANEL_X,22.4662,14,5,0,1,1,2,0,845,50700.0
2025-01-01 14:05:10,STRUCT_TEMP_PANEL_Y,8.9319,14,5,10,1,1,2,0,845,50710.0
2025-01-01 14:05:20,STRUCT_TEMP_PANEL_Z,13.5189,14,5,20,1,1,2,0,845,50720.0
2025-01-01 14:05:30,RADIATOR_TEMP,-20.3636,14,5,30,1,1,2,0,845,50730.0
2025-01-01 14:05:40,GYRO_X,-0.0377,14,5,40,1,1,2,0,845,50740.0
2025-01-01 14:05:50,GYRO_Y,-0.0224,14,5,50,1,1,2,0,845,50750.0
2025-01-01 14:06:00,GYRO_Z,-0.0339,14,6,0,1,1,2,0,846,50760.0
2025-01-01 14:06:10,MAGNETOMETER_X,-21.6989,14,6,10,1,1,2,0,846,50770.0
2025-01-01 14:06:20,MAGNETOMETER_Y,-22.5435,14,6,20,1,1,2,0,846,50780.0
2025-01-01 14:06:30,MAGNETOMETER_Z,-13.7182,14,6,30,1,1,2,0,846,50790.0
2025-01-01 14:06:40,REACTION_WHEEL_SPD_X,-697.4826,14,6,40,1,1,2,0,846,50800.0
2025-01-01 14:06:50,REACTION_WHEEL_SPD_Y,-856.6257,14,6,50,1,1,2,0,846,50810.0
2025-01-01 14:07:00,REACTION_WHEEL_SPD_Z,-207.2764,14,7,0,1,1,2,0,847,50820.0
2025-01-01 14:07:10,ATTITUDE_ROLL,-1.2258,14,7,10,1,1,2,0,847,50830.0
2025-01-01 14:07:20,ATTITUDE_PITCH,-0.3246,14,7,20,1,1,2,0,847,50840.0
2025-01-01 14:07:30,ATTITUDE_YAW,-1.6495,14,7,30,1,1,2,0,847,50850.0
2025-01-01 14:07:40,STAR_TRACKER_VALID,0.2671,14,7,40,1,1,2,0,847,50860.0
2025-01-01 14:07:50,SUN_SENSOR_ANGLE,52.4292,14,7,50,1,1,2,0,847,50870.0
2025-01-01 14:08:00,RF_SIGNAL_STRENGTH,-70.2431,14,8,0,1,1,2,0,848,50880.0
2025-01-01 14:08:10,RF_NOISE_FLOOR,-97.6838,14,8,10,1,1,2,0,848,50890.0
2025-01-01 14:08:20,TX_POWER,2.1803,14,8,20,1,1,2,0,848,50900.0
2025-01-01 14:08:30,LINK_MARGIN,11.2874,14,8,30,1,1,2,0,848,50910.0
2025-01-01 14:08:40,DATA_RATE_KBPS,120.2081,14,8,40,1,1,2,0,848,50920.0
2025-01-01 14:08:50,PACKET_LOSS_RATE,0.6895,14,8,50,1,1,2,0,848,50930.0
2025-01-01 14:09:00,CPU_USAGE,22.1689,14,9,0,1,1,2,0,849,50940.0
2025-01-01 14:09:10,MEMORY_USAGE,53.2496,14,9,10,1,1,2,0,849,50950.0
2025-01-01 14:09:20,FLASH_WRITE_RATE,1.5172,14,9,20,1,1,2,0,849,50960.0
2025-01-01 14:09:30,WATCHDOG_COUNTER,34.8164,14,9,30,1,1,2,0,849,50970.0
2025-01-01 14:09:40,TANK_PRESSURE,289.5435,14,9,40,1,1,2,0,849,50980.0
2025-01-01 14:09:50,THRUSTER_VALVE_TEMP,14.0584,14,9,50,1,1,2,0,849,50990.0
2025-01-01 14:10:00,BATT_VOLTAGE_1,27.2254,14,10,0,1,1,2,0,850,51000.0
2025-01-01 14:10:10,BATT_VOLTAGE_2,27.7203,14,10,10,1,1,2,0,850,51010.0
2025-01-01 14:10:20,BATT_CURRENT_1,1.9068,14,10,20,1,1,2,0,850,51020.0
2025-01-01 14:10:30,BATT_CURRENT_2,1.9265,14,10,30,1,1,2,0,850,51030.0
2025-01-01 14:10:40,BATT_TEMP_1,21.1926,14,10,40,1,1,2,0,850,51040.0
2025-01-01 14:10:50,BATT_TEMP_2,24.9386,14,10,50,1,1,2,0,850,51050.0
2025-01-01 14:11:00,BATT_SOC,78.3518,14,11,0,1,1,2,0,851,51060.0
2025-01-01 14:11:10,SOLAR_PANEL_VOLT_A,29.5316,14,11,10,1,1,2,0,851,51070.0
2025-01-01 14:11:20,SOLAR_PANEL_VOLT_B,30.0827,14,11,20,1,1,2,0,851,51080.0
2025-01-01 14:11:30,SOLAR_PANEL_CURR_A,4.2327,14,11,30,1,1,2,0,851,51090.0
2025-01-01 14:11:40,SOLAR_PANEL_CURR_B,5.359,14,11,40,1,1,2,0,851,51100.0
2025-01-01 14:11:50,SOLAR_POWER_TOTAL,102.3642,14,11,50,1,1,2,0,851,51110.0
2025-01-01 14:12:00,BUS_VOLTAGE,28.1769,14,12,0,1,1,2,0,852,51120.0
2025-01-01 14:12:10,BUS_CURRENT,6.5047,14,12,10,1,1,2,0,852,51130.0
2025-01-01 14:12:20,THRUSTER_TEMP_1,18.8527,14,12,20,1,1,2,0,852,51140.0
2025-01-01 14:12:30,THRUSTER_TEMP_2,20.7152,14,12,30,1,1,2,0,852,51150.0
2025-01-01 14:12:40,PAYLOAD_TEMP_CAM,20.1459,14,12,40,1,1,2,0,852,51160.0
2025-01-01 14:12:50,PAYLOAD_TEMP_SENSOR,22.4242,14,12,50,1,1,2,0,852,51170.0
2025-01-01 14:13:00,OBC_TEMP,36.4869,14,13,0,1,1,2,0,853,51180.0
2025-01-01 14:13:10,TRANS_TEMP,34.4185,14,13,10,1,1,2,0,853,51190.0
2025-01-01 14:13:20,STRUCT_TEMP_PANEL_X,4.2177,14,13,20,1,1,2,0,853,51200.0
2025-01-01 14:13:30,STRUCT_TEMP_PANEL_Y,11.55,14,13,30,1,1,2,0,853,51210.0
2025-01-01 14:13:40,STRUCT_TEMP_PANEL_Z,17.2906,14,13,40,1,1,2,0,853,51220.0
2025-01-01 14:13:50,RADIATOR_TEMP,-9.0595,14,13,50,1,1,2,0,853,51230.0
2025-01-01 14:14:00,GYRO_X,-0.033,14,14,0,1,1,2,0,854,51240.0
2025-01-01 14:14:10,GYRO_Y,0.0002,14,14,10,1,1,2,0,854,51250.0
2025-01-01 14:14:20,GYRO_Z,-0.0314,14,14,20,1,1,2,0,854,51260.0
2025-01-01 14:14:30,MAGNETOMETER_X,-24.7882,14,14,30,1,1,2,0,854,51270.0
2025-01-01 14:14:40,MAGNETOMETER_Y,-26.092,14,14,40,1,1,2,0,854,51280.0
2025-01-01 14:14:50,MAGNETOMETER_Z,-0.0841,14,14,50,1,1,2,0,854,51290.0
2025-01-01 14:15:00,REACTION_WHEEL_SPD_X,-1461.3703,14,15,0,1,1,2,0,855,51300.0
2025-01-01 14:15:10,REACTION_WHEEL_SPD_Y,-450.9177,14,15,10,1,1,2,0,855,51310.0
2025-01-01 14:15:20,REACTION_WHEEL_SPD_Z,-464.6317,14,15,20,1,1,2,0,855,51320.0
2025-01-01 14:15:30,ATTITUDE_ROLL,-1.5979,14,15,30,1,1,2,0,855,51330.0
2025-01-01 14:15:40,ATTITUDE_PITCH,-1.6061,14,15,40,1,1,2,0,855,51340.0
2025-01-01 14:15:50,ATTITUDE_YAW,-2.0293,14,15,50,1,1,2,0,855,51350.0
2025-01-01 14:16:00,STAR_TRACKER_VALID,0.2233,14,16,0,1,1,2,0,856,51360.0
2025-01-01 14:16:10,SUN_SENSOR_ANGLE,58.4434,14,16,10,1,1,2,0,856,51370.0
2025-01-01 14:16:20,RF_SIGNAL_STRENGTH,-76.0703,14,16,20,1,1,2,0,856,51380.0
2025-01-01 14:16:30,RF_NOISE_FLOOR,-101.0622,14,16,30,1,1,2,0,856,51390.0
2025-01-01 14:16:40,TX_POWER,2.3906,14,16,40,1,1,2,0,856,51400.0
2025-01-01 14:16:50,LINK_MARGIN,10.6527,14,16,50,1,1,2,0,856,51410.0
2025-01-01 14:17:00,DATA_RATE_KBPS,81.6344,14,17,0,1,1,2,0,857,51420.0
2025-01-01 14:17:10,PACKET_LOSS_RATE,0.5377,14,17,10,1,1,2,0,857,51430.0
2025-01-01 14:17:20,CPU_USAGE,29.3541,14,17,20,1,1,2,0,857,51440.0
2025-01-01 14:17:30,MEMORY_USAGE,53.6696,14,17,30,1,1,2,0,857,51450.0
2025-01-01 14:17:40,FLASH_WRITE_RATE,1.5176,14,17,40,1,1,2,0,857,51460.0
2025-01-01 14:17:50,WATCHDOG_COUNTER,40.047,14,17,50,1,1,2,0,857,51470.0
2025-01-01 14:18:00,TANK_PRESSURE,290.1484,14,18,0,1,1,2,0,858,51480.0
2025-01-01 14:18:10,THRUSTER_VALVE_TEMP,13.5861,14,18,10,1,1,2,0,858,51490.0
2025-01-01 14:18:20,BATT_VOLTAGE_1,27.627,14,18,20,1,1,2,0,858,51500.0
2025-01-01 14:18:30,BATT_VOLTAGE_2,27.4421,14,18,30,1,1,2,0,858,51510.0
2025-01-01 14:18:40,BATT_CURRENT_1,2.154,14,18,40,1,1,2,0,858,51520.0
2025-01-01 14:18:50,BATT_CURRENT_2,1.9235,14,18,50,1,1,2,0,858,51530.0
2025-01-01 14:19:00,BATT_TEMP_1,19.2204,14,19,0,1,1,2,0,859,51540.0
2025-01-01 14:19:10,BATT_TEMP_2,21.4678,14,19,10,1,1,2,0,859,51550.0
2025-01-01 14:19:20,BATT_SOC,75.7254,14,19,20,1,1,2,0,859,51560.0
2025-01-01 14:19:30,SOLAR_PANEL_VOLT_A,29.8324,14,19,30,1,1,2,0,859,51570.0
2025-01-01 14:19:40,SOLAR_PANEL_VOLT_B,29.0523,14,19,40,1,1,2,0,859,51580.0
2025-01-01 14:19:50,SOLAR_PANEL_CURR_A,4.3302,14,19,50,1,1,2,0,859,51590.0
2025-01-01 14:20:00,SOLAR_PANEL_CURR_B,4.6657,14,20,0,1,1,2,0,860,51600.0
2025-01-01 14:20:10,SOLAR_POWER_TOTAL,96.1643,14,20,10,1,1,2,0,860,51610.0
2025-01-01 14:20:20,BUS_VOLTAGE,27.9063,14,20,20,1,1,2,0,860,51620.0
2025-01-01 14:20:30,BUS_CURRENT,8.4331,14,20,30,1,1,2,0,860,51630.0
2025-01-01 14:20:40,THRUSTER_TEMP_1,20.8168,14,20,40,1,1,2,0,860,51640.0
2025-01-01 14:20:50,THRUSTER_TEMP_2,20.6361,14,20,50,1,1,2,0,860,51650.0
2025-01-01 14:21:00,PAYLOAD_TEMP_CAM,21.1566,14,21,0,1,1,2,0,861,51660.0
2025-01-01 14:21:10,PAYLOAD_TEMP_SENSOR,19.985,14,21,10,1,1,2,0,861,51670.0
2025-01-01 14:21:20,OBC_TEMP,41.4959,14,21,20,1,1,2,0,861,51680.0
2025-01-01 14:21:30,TRANS_TEMP,34.8322,14,21,30,1,1,2,0,861,51690.0
2025-01-01 14:21:40,STRUCT_TEMP_PANEL_X,4.7073,14,21,40,1,1,2,0,861,51700.0
2025-01-01 14:21:50,STRUCT_TEMP_PANEL_Y,3.306,14,21,50,1,1,2,0,861,51710.0
2025-01-01 14:22:00,STRUCT_TEMP_PANEL_Z,7.4296,14,22,0,1,1,2,0,862,51720.0
2025-01-01 14:22:10,RADIATOR_TEMP,-17.8755,14,22,10,1,1,2,0,862,51730.0
2025-01-01 14:22:20,GYRO_X,-0.002,14,22,20,1,1,2,0,862,51740.0
2025-01-01 14:22:30,GYRO_Y,-0.0412,14,22,30,1,1,2,0,862,51750.0
2025-01-01 14:22:40,GYRO_Z,-0.0207,14,22,40,1,1,2,0,862,51760.0
2025-01-01 14:22:50,MAGNETOMETER_X,-23.6715,14,22,50,1,1,2,0,862,51770.0
2025-01-01 14:23:00,MAGNETOMETER_Y,-16.9046,14,23,0,1,1,2,0,863,51780.0
2025-01-01 14:23:10,MAGNETOMETER_Z,-2.8163,14,23,10,1,1,2,0,863,51790.0
2025-01-01 14:23:20,REACTION_WHEEL_SPD_X,-833.664,14,23,20,1,1,2,0,863,51800.0
2025-01-01 14:23:30,REACTION_WHEEL_SPD_Y,-824.6659,14,23,30,1,1,2,0,863,51810.0
2025-01-01 14:23:40,REACTION_WHEEL_SPD_Z,-691.6607,14,23,40,1,1,2,0,863,51820.0
2025-01-01 14:23:50,ATTITUDE_ROLL,-0.7456,14,23,50,1,1,2,0,863,51830.0
2025-01-01 14:24:00,ATTITUDE_PITCH,-1.3644,14,24,0,1,1,2,0,864,51840.0
2025-01-01 14:24:10,ATTITUDE_YAW,-2.4712,14,24,10,1,1,2,0,864,51850.0
2025-01-01 14:24:20,STAR_TRACKER_VALID,0.29,14,24,20,1,1,2,0,864,51860.0
2025-01-01 14:24:30,SUN_SENSOR_ANGLE,83.8192,14,24,30,1,1,2,0,864,51870.0
2025-01-01 14:24:40,RF_SIGNAL_STRENGTH,-63.4393,14,24,40,1,1,2,0,864,51880.0
2025-01-01 14:24:50,RF_NOISE_FLOOR,-97.7779,14,24,50,1,1,2,0,864,51890.0
2025-01-01 14:25:00,TX_POWER,2.7097,14,25,0,1,1,2,0,865,51900.0
2025-01-01 14:25:10,LINK_MARGIN,9.5644,14,25,10,1,1,2,0,865,51910.0
2025-01-01 14:25:20,DATA_RATE_KBPS,93.9304,14,25,20,1,1,2,0,865,51920.0
2025-01-01 14:25:30,PACKET_LOSS_RATE,0.4938,14,25,30,1,1,2,0,865,51930.0
2025-01-01 14:25:40,CPU_USAGE,31.9027,14,25,40,1,1,2,0,865,51940.0
2025-01-01 14:25:50,MEMORY_USAGE,50.2126,14,25,50,1,1,2,0,865,51950.0
2025-01-01 14:26:00,FLASH_WRITE_RATE,1.7632,14,26,0,1,1,2,0,866,51960.0
2025-01-01 14:26:10,WATCHDOG_COUNTER,42.9855,14,26,10,1,1,2,0,866,51970.0
2025-01-01 14:26:20,TANK_PRESSURE,293.9203,14,26,20,1,1,2,0,866,51980.0
2025-01-01 14:26:30,THRUSTER_VALVE_TEMP,15.3598,14,26,30,1,1,2,0,866,51990.0
2025-01-01 14:26:40,BATT_VOLTAGE_1,27.5896,14,26,40,1,1,2,0,866,52000.0
2025-01-01 14:26:50,BATT_VOLTAGE_2,27.7794,14,26,50,1,1,2,0,866,52010.0
2025-01-01 14:27:00,BATT_CURRENT_1,1.787,14,27,0,1,1,2,0,867,52020.0
2025-01-01 14:27:10,BATT_CURRENT_2,2.0506,14,27,10,1,1,2,0,867,52030.0
2025-01-01 14:27:20,BATT_TEMP_1,24.9131,14,27,20,1,1,2,0,867,52040.0
2025-01-01 14:27:30,BATT_TEMP_2,21.2453,14,27,30,1,1,2,0,867,52050.0
2025-01-01 14:27:40,BATT_SOC,79.8151,14,27,40,1,1,2,0,867,52060.0
2025-01-01 14:27:50,SOLAR_PANEL_VOLT_A,31.3022,14,27,50,1,1,2,0,867,52070.0
2025-01-01 14:28:00,SOLAR_PANEL_VOLT_B,29.8014,14,28,0,1,1,2,0,868,52080.0
2025-01-01 14:28:10,SOLAR_PANEL_CURR_A,5.2007,14,28,10,1,1,2,0,868,52090.0
2025-01-01 14:28:20,SOLAR_PANEL_CURR_B,4.519,14,28,20,1,1,2,0,868,52100.0
2025-01-01 14:28:30,SOLAR_POWER_TOTAL,96.5096,14,28,30,1,1,2,0,868,52110.0
2025-01-01 14:28:40,BUS_VOLTAGE,28.4301,14,28,40,1,1,2,0,868,52120.0
2025-01-01 14:28:50,BUS_CURRENT,6.9526,14,28,50,1,1,2,0,868,52130.0
2025-01-01 14:29:00,THRUSTER_TEMP_1,21.8583,14,29,0,1,1,2,0,869,52140.0
2025-01-01 14:29:10,THRUSTER_TEMP_2,18.6556,14,29,10,1,1,2,0,869,52150.0
2025-01-01 14:29:20,PAYLOAD_TEMP_CAM,22.7623,14,29,20,1,1,2,0,869,52160.0
2025-01-01 14:29:30,PAYLOAD_TEMP_SENSOR,21.8101,14,29,30,1,1,2,0,869,52170.0
2025-01-01 14:29:40,OBC_TEMP,35.7202,14,29,40,1,1,2,0,869,52180.0
2025-01-01 14:29:50,TRANS_TEMP,36.1543,14,29,50,1,1,2,0,869,52190.0
2025-01-01 14:30:00,STRUCT_TEMP_PANEL_X,9.1049,14,30,0,1,1,2,0,870,52200.0
2025-01-01 14:30:10,STRUCT_TEMP_PANEL_Y,5.7397,14,30,10,1,1,2,0,870,52210.0
2025-01-01 14:30:20,STRUCT_TEMP_PANEL_Z,9.7479,14,30,20,1,1,2,0,870,52220.0
2025-01-01 14:30:30,RADIATOR_TEMP,-14.6328,14,30,30,1,1,2,0,870,52230.0
2025-01-01 14:30:40,GYRO_X,-0.0338,14,30,40,1,1,2,0,870,52240.0
2025-01-01 14:30:50,GYRO_Y,-0.0352,14,30,50,1,1,2,0,870,52250.0
2025-01-01 14:31:00,GYRO_Z,-0.0118,14,31,0,1,1,2,0,871,52260.0
2025-01-01 14:31:10,MAGNETOMETER_X,-11.9334,14,31,10,1,1,2,0,871,52270.0
2025-01-01 14:31:20,MAGNETOMETER_Y,-2.1235,14,31,20,1,1,2,0,871,52280.0
2025-01-01 14:31:30,MAGNETOMETER_Z,-20.7833,14,31,30,1,1,2,0,871,52290.0
2025-01-01 14:31:40,REACTION_WHEEL_SPD_X,-1413.6667,14,31,40,1,1,2,0,871,52300.0
2025-01-01 14:31:50,REACTION_WHEEL_SPD_Y,-468.1972,14,31,50,1,1,2,0,871,52310.0
2025-01-01 14:32:00,REACTION_WHEEL_SPD_Z,-436.1587,14,32,0,1,1,2,0,872,52320.0
2025-01-01 14:32:10,ATTITUDE_ROLL,-0.0515,14,32,10,1,1,2,0,872,52330.0
2025-01-01 14:32:20,ATTITUDE_PITCH,-0.0988,14,32,20,1,1,2,0,872,52340.0
2025-01-01 14:32:30,ATTITUDE_YAW,-1.7728,14,32,30,1,1,2,0,872,52350.0
2025-01-01 14:32:40,STAR_TRACKER_VALID,0.3884,14,32,40,1,1,2,0,872,52360.0
2025-01-01 14:32:50,SUN_SENSOR_ANGLE,51.8943,14,32,50,1,1,2,0,872,52370.0
2025-01-01 14:33:00,RF_SIGNAL_STRENGTH,-73.5954,14,33,0,1,1,2,0,873,52380.0
2025-01-01 14:33:10,RF_NOISE_FLOOR,-99.4592,14,33,10,1,1,2,0,873,52390.0
2025-01-01 14:33:20,TX_POWER,2.1052,14,33,20,1,1,2,0,873,52400.0
2025-01-01 14:33:30,LINK_MARGIN,9.5736,14,33,30,1,1,2,0,873,52410.0
2025-01-01 14:33:40,DATA_RATE_KBPS,103.4788,14,33,40,1,1,2,0,873,52420.0
2025-01-01 14:33:50,PACKET_LOSS_RATE,0.7326,14,33,50,1,1,2,0,873,52430.0
2025-01-01 14:34:00,CPU_USAGE,24.1488,14,34,0,1,1,2,0,874,52440.0
2025-01-01 14:34:10,MEMORY_USAGE,44.7661,14,34,10,1,1,2,0,874,52450.0
2025-01-01 14:34:20,FLASH_WRITE_RATE,1.4858,14,34,20,1,1,2,0,874,52460.0
2025-01-01 14:34:30,WATCHDOG_COUNTER,44.024,14,34,30,1,1,2,0,874,52470.0
2025-01-01 14:34:40,TANK_PRESSURE,292.4828,14,34,40,1,1,2,0,874,52480.0
2025-01-01 14:34:50,THRUSTER_VALVE_TEMP,17.4443,14,34,50,1,1,2,0,874,52490.0
2025-01-01 14:35:00,BATT_VOLTAGE_1,27.9862,14,35,0,1,1,2,0,875,52500.0
2025-01-01 14:35:10,BATT_VOLTAGE_2,27.5774,14,35,10,1,1,2,0,875,52510.0
2025-01-01 14:35:20,BATT_CURRENT_1,1.91,14,35,20,1,1,2,0,875,52520.0
2025-01-01 14:35:30,BATT_CURRENT_2,2.1427,14,35,30,1,1,2,0,875,52530.0
2025-01-01 14:35:40,BATT_TEMP_1,20.582,14,35,40,1,1,2,0,875,52540.0
2025-01-01 14:35:50,BATT_TEMP_2,20.584,14,35,50,1,1,2,0,875,52550.0
2025-01-01 14:36:00,BATT_SOC,68.4838,14,36,0,1,1,2,0,876,52560.0
2025-01-01 14:36:10,SOLAR_PANEL_VOLT_A,30.6822,14,36,10,1,1,2,0,876,52570.0
2025-01-01 14:36:20,SOLAR_PANEL_VOLT_B,29.4844,14,36,20,1,1,2,0,876,52580.0
2025-01-01 14:36:30,SOLAR_PANEL_CURR_A,4.5989,14,36,30,1,1,2,0,876,52590.0
2025-01-01 14:36:40,SOLAR_PANEL_CURR_B,4.7869,14,36,40,1,1,2,0,876,52600.0
2025-01-01 14:36:50,SOLAR_POWER_TOTAL,98.7063,14,36,50,1,1,2,0,876,52610.0
2025-01-01 14:37:00,BUS_VOLTAGE,27.8808,14,37,0,1,1,2,0,877,52620.0
2025-01-01 14:37:10,BUS_CURRENT,7.5284,14,37,10,1,1,2,0,877,52630.0
2025-01-01 14:37:20,THRUSTER_TEMP_1,20.7934,14,37,20,1,1,2,0,877,52640.0
2025-01-01 14:37:30,THRUSTER_TEMP_2,18.9588,14,37,30,1,1,2,0,877,52650.0
2025-01-01 14:37:40,PAYLOAD_TEMP_CAM,20.962,14,37,40,1,1,2,0,877,52660.0
2025-01-01 14:37:50,PAYLOAD_TEMP_SENSOR,21.6251,14,37,50,1,1,2,0,877,52670.0
2025-01-01 14:38:00,OBC_TEMP,36.334,14,38,0,1,1,2,0,878,52680.0
2025-01-01 14:38:10,TRANS_TEMP,36.7576,14,38,10,1,1,2,0,878,52690.0
2025-01-01 14:38:20,STRUCT_TEMP_PANEL_X,6.8075,14,38,20,1,1,2,0,878,52700.0
2025-01-01 14:38:30,STRUCT_TEMP_PANEL_Y,14.646,14,38,30,1,1,2,0,878,52710.0
2025-01-01 14:38:40,STRUCT_TEMP_PANEL_Z,7.33,14,38,40,1,1,2,0,878,52720.0
2025-01-01 14:38:50,RADIATOR_TEMP,-13.0436,14,38,50,1,1,2,0,878,52730.0
2025-01-01 14:39:00,GYRO_X,-0.0274,14,39,0,1,1,2,0,879,52740.0
2025-01-01 14:39:10,GYRO_Y,-0.041,14,39,10,1,1,2,0,879,52750.0
2025-01-01 14:39:20,GYRO_Z,-0.0115,14,39,20,1,1,2,0,879,52760.0
2025-01-01 14:39:30,MAGNETOMETER_X,-8.6629,14,39,30,1,1,2,0,879,52770.0
2025-01-01 14:39:40,MAGNETOMETER_Y,-25.2938,14,39,40,1,1,2,0,879,52780.0
2025-01-01 14:39:50,MAGNETOMETER_Z,-17.3119,14,39,50,1,1,2,0,879,52790.0
2025-01-01 14:40:00,REACTION_WHEEL_SPD_X,-1187.5237,14,40,0,1,1,2,0,880,52800.0
2025-01-01 14:40:10,REACTION_WHEEL_SPD_Y,-1606.7815,14,40,10,1,1,2,0,880,52810.0
2025-01-01 14:40:20,REACTION_WHEEL_SPD_Z,-689.1615,14,40,20,1,1,2,0,880,52820.0
2025-01-01 14:40:30,ATTITUDE_ROLL,-0.3662,14,40,30,1,1,2,0,880,52830.0
2025-01-01 14:40:40,ATTITUDE_PITCH,-1.2795,14,40,40,1,1,2,0,880,52840.0
2025-01-01 14:40:50,ATTITUDE_YAW,-2.9066,14,40,50,1,1,2,0,880,52850.0
2025-01-01 14:41:00,STAR_TRACKER_VALID,0.4928,14,41,0,1,1,2,0,881,52860.0
2025-01-01 14:41:10,SUN_SENSOR_ANGLE,66.647,14,41,10,1,1,2,0,881,52870.0
2025-01-01 14:41:20,RF_SIGNAL_STRENGTH,-75.6918,14,41,20,1,1,2,0,881,52880.0
2025-01-01 14:41:30,RF_NOISE_FLOOR,-102.9529,14,41,30,1,1,2,0,881,52890.0
2025-01-01 14:41:40,TX_POWER,2.3354,14,41,40,1,1,2,0,881,52900.0
2025-01-01 14:41:50,LINK_MARGIN,10.7768,14,41,50,1,1,2,0,881,52910.0
2025-01-01 14:42:00,DATA_RATE_KBPS,103.8626,14,42,0,1,1,2,0,882,52920.0
2025-01-01 14:42:10,PACKET_LOSS_RATE,0.5232,14,42,10,1,1,2,0,882,52930.0
2025-01-01 14:42:20,CPU_USAGE,36.1693,14,42,20,1,1,2,0,882,52940.0
2025-01-01 14:42:30,MEMORY_USAGE,45.9782,14,42,30,1,1,2,0,882,52950.0
2025-01-01 14:42:40,FLASH_WRITE_RATE,2.0909,14,42,40,1,1,2,0,882,52960.0
2025-01-01 14:42:50,WATCHDOG_COUNTER,49.7361,14,42,50,1,1,2,0,882,52970.0
2025-01-01 14:43:00,TANK_PRESSURE,296.9583,14,43,0,1,1,2,0,883,52980.0
2025-01-01 14:43:10,THRUSTER_VALVE_TEMP,12.5754,14,43,10,1,1,2,0,883,52990.0
2025-01-01 14:43:20,BATT_VOLTAGE_1,27.5293,14,43,20,1,1,2,0,883,53000.0
2025-01-01 14:43:30,BATT_VOLTAGE_2,27.9098,14,43,30,1,1,2,0,883,53010.0
2025-01-01 14:43:40,BATT_CURRENT_1,1.9199,14,43,40,1,1,2,0,883,53020.0
2025-01-01 14:43:50,BATT_CURRENT_2,2.1128,14,43,50,1,1,2,0,883,53030.0
2025-01-01 14:44:00,BATT_TEMP_1,20.0757,14,44,0,1,1,2,0,884,53040.0
2025-01-01 14:44:10,BATT_TEMP_2,21.3437,14,44,10,1,1,2,0,884,53050.0
2025-01-01 14:44:20,BATT_SOC,77.2603,14,44,20,1,1,2,0,884,53060.0
2025-01-01 14:44:30,SOLAR_PANEL_VOLT_A,29.2734,14,44,30,1,1,2,0,884,53070.0
2025-01-01 14:44:40,SOLAR_PANEL_VOLT_B,29.3072,14,44,40,1,1,2,0,884,53080.0
2025-01-01 14:44:50,SOLAR_PANEL_CURR_A,4.5486,14,44,50,1,1,2,0,884,53090.0
2025-01-01 14:45:00,SOLAR_PANEL_CURR_B,4.8384,14,45,0,1,1,2,0,885,53100.0
2025-01-01 14:45:10,SOLAR_POWER_TOTAL,98.2978,14,45,10,1,1,2,0,885,53110.0
2025-01-01 14:45:20,BUS_VOLTAGE,28.1879,14,45,20,1,1,2,0,885,53120.0
2025-01-01 14:45:30,BUS_CURRENT,7.3188,14,45,30,1,1,2,0,885,53130.0
2025-01-01 14:45:40,THRUSTER_TEMP_1,18.381,14,45,40,1,1,2,0,885,53140.0
2025-01-01 14:45:50,THRUSTER_TEMP_2,22.039,14,45,50,1,1,2,0,885,53150.0
2025-01-01 14:46:00,PAYLOAD_TEMP_CAM,21.425,14,46,0,1,1,2,0,886,53160.0
2025-01-01 14:46:10,PAYLOAD_TEMP_SENSOR,20.5463,14,46,10,1,1,2,0,886,53170.0
2025-01-01 14:46:20,OBC_TEMP,38.2822,14,46,20,1,1,2,0,886,53180.0
2025-01-01 14:46:30,TRANS_TEMP,36.1878,14,46,30,1,1,2,0,886,53190.0
2025-01-01 14:46:40,STRUCT_TEMP_PANEL_X,22.6689,14,46,40,1,1,2,0,886,53200.0
2025-01-01 14:46:50,STRUCT_TEMP_PANEL_Y,11.9398,14,46,50,1,1,2,0,886,53210.0
2025-01-01 14:47:00,STRUCT_TEMP_PANEL_Z,11.612,14,47,0,1,1,2,0,887,53220.0
2025-01-01 14:47:10,RADIATOR_TEMP,-18.0098,14,47,10,1,1,2,0,887,53230.0
2025-01-01 14:47:20,GYRO_X,-0.0362,14,47,20,1,1,2,0,887,53240.0
2025-01-01 14:47:30,GYRO_Y,0.0089,14,47,30,1,1,2,0,887,53250.0
2025-01-01 14:47:40,GYRO_Z,-0.015,14,47,40,1,1,2,0,887,53260.0
2025-01-01 14:47:50,MAGNETOMETER_X,-29.7168,14,47,50,1,1,2,0,887,53270.0
2025-01-01 14:48:00,MAGNETOMETER_Y,-20.4161,14,48,0,1,1,2,0,888,53280.0
2025-01-01 14:48:10,MAGNETOMETER_Z,-29.0371,14,48,10,1,1,2,0,888,53290.0
2025-01-01 14:48:20,REACTION_WHEEL_SPD_X,-683.8402,14,48,20,1,1,2,0,888,53300.0
2025-01-01 14:48:30,REACTION_WHEEL_SPD_Y,384.3879,14,48,30,1,1,2,0,888,53310.0
2025-01-01 14:48:40,REACTION_WHEEL_SPD_Z,-1129.6695,14,48,40,1,1,2,0,888,53320.0
2025-01-01 14:48:50,ATTITUDE_ROLL,-1.4834,14,48,50,1,1,2,0,888,53330.0
2025-01-01 14:49:00,ATTITUDE_PITCH,-0.5479,14,49,0,1,1,2,0,889,53340.0
2025-01-01 14:49:10,ATTITUDE_YAW,-3.0893,14,49,10,1,1,2,0,889,53350.0
2025-01-01 14:49:20,STAR_TRACKER_VALID,0.3871,14,49,20,1,1,2,0,889,53360.0
2025-01-01 14:49:30,SUN_SENSOR_ANGLE,61.2837,14,49,30,1,1,2,0,889,53370.0
2025-01-01 14:49:40,RF_SIGNAL_STRENGTH,-67.8193,14,49,40,1,1,2,0,889,53380.0
2025-01-01 14:49:50,RF_NOISE_FLOOR,-100.6731,14,49,50,1,1,2,0,889,53390.0
2025-01-01 14:50:00,TX_POWER,2.141,14,50,0,1,1,2,0,890,53400.0
2025-01-01 14:50:10,LINK_MARGIN,12.6708,14,50,10,1,1,2,0,890,53410.0
2025-01-01 14:50:20,DATA_RATE_KBPS,94.9557,14,50,20,1,1,2,0,890,53420.0
2025-01-01 14:50:30,PACKET_LOSS_RATE,0.7599,14,50,30,1,1,2,0,890,53430.0
2025-01-01 14:50:40,CPU_USAGE,20.6769,14,50,40,1,1,2,0,890,53440.0
2025-01-01 14:50:50,MEMORY_USAGE,48.1749,14,50,50,1,1,2,0,890,53450.0
2025-01-01 14:51:00,FLASH_WRITE_RATE,2.05,14,51,0,1,1,2,0,891,53460.0
2025-01-01 14:51:10,WATCHDOG_COUNTER,28.9347,14,51,10,1,1,2,0,891,53470.0
2025-01-01 14:51:20,TANK_PRESSURE,289.6492,14,51,20,1,1,2,0,891,53480.0
2025-01-01 14:51:30,THRUSTER_VALVE_TEMP,16.7009,14,51,30,1,1,2,0,891,53490.0
2025-01-01 14:51:40,BATT_VOLTAGE_1,27.2156,14,51,40,1,1,2,0,891,53500.0
2025-01-01 14:51:50,BATT_VOLTAGE_2,27.5122,14,51,50,1,1,2,0,891,53510.0
2025-01-01 14:52:00,BATT_CURRENT_1,2.0359,14,52,0,1,1,2,0,892,53520.0
2025-01-01 14:52:10,BATT_CURRENT_2,2.0403,14,52,10,1,1,2,0,892,53530.0
2025-01-01 14:52:20,BATT_TEMP_1,19.2961,14,52,20,1,1,2,0,892,53540.0
2025-01-01 14:52:30,BATT_TEMP_2,20.6471,14,52,30,1,1,2,0,892,53550.0
2025-01-01 14:52:40,BATT_SOC,75.4244,14,52,40,1,1,2,0,892,53560.0
2025-01-01 14:52:50,SOLAR_PANEL_VOLT_A,29.7455,14,52,50,1,1,2,0,892,53570.0
2025-01-01 14:53:00,SOLAR_PANEL_VOLT_B,29.5019,14,53,0,1,1,2,0,893,53580.0
2025-01-01 14:53:10,SOLAR_PANEL_CURR_A,4.9393,14,53,10,1,1,2,0,893,53590.0
2025-01-01 14:53:20,SOLAR_PANEL_CURR_B,4.6014,14,53,20,1,1,2,0,893,53600.0
2025-01-01 14:53:30,SOLAR_POWER_TOTAL,96.7823,14,53,30,1,1,2,0,893,53610.0
2025-01-01 14:53:40,BUS_VOLTAGE,28.1066,14,53,40,1,1,2,0,893,53620.0
2025-01-01 14:53:50,BUS_CURRENT,8.8066,14,53,50,1,1,2,0,893,53630.0
2025-01-01 14:54:00,THRUSTER_TEMP_1,19.2512,14,54,0,1,1,2,0,894,53640.0
2025-01-01 14:54:10,THRUSTER_TEMP_2,18.1526,14,54,10,1,1,2,0,894,53650.0
2025-01-01 14:54:20,PAYLOAD_TEMP_CAM,21.4758,14,54,20,1,1,2,0,894,53660.0
2025-01-01 14:54:30,PAYLOAD_TEMP_SENSOR,21.7991,14,54,30,1,1,2,0,894,53670.0
2025-01-01 14:54:40,OBC_TEMP,39.3159,14,54,40,1,1,2,0,894,53680.0
2025-01-01 14:54:50,TRANS_TEMP,31.2806,14,54,50,1,1,2,0,894,53690.0
2025-01-01 14:55:00,STRUCT_TEMP_PANEL_X,5.841,14,55,0,1,1,2,0,895,53700.0
2025-01-01 14:55:10,STRUCT_TEMP_PANEL_Y,4.7523,14,55,10,1,1,2,0,895,53710.0
2025-01-01 14:55:20,STRUCT_TEMP_PANEL_Z,7.2456,14,55,20,1,1,2,0,895,53720.0
2025-01-01 14:55:30,RADIATOR_TEMP,-11.0046,14,55,30,1,1,2,0,895,53730.0
2025-01-01 14:55:40,GYRO_X,-0.0204,14,55,40,1,1,2,0,895,53740.0
2025-01-01 14:55:50,GYRO_Y,0.0129,14,55,50,1,1,2,0,895,53750.0
2025-01-01 14:56:00,GYRO_Z,-0.0223,14,56,0,1,1,2,0,896,53760.0
2025-01-01 14:56:10,MAGNETOMETER_X,3.2152,14,56,10,1,1,2,0,896,53770.0
2025-01-01 14:56:20,MAGNETOMETER_Y,-18.3145,14,56,20,1,1,2,0,896,53780.0
2025-01-01 14:56:30,MAGNETOMETER_Z,-24.8393,14,56,30,1,1,2,0,896,53790.0
2025-01-01 14:56:40,REACTION_WHEEL_SPD_X,-979.171,14,56,40,1,1,2,0,896,53800.0
2025-01-01 14:56:50,REACTION_WHEEL_SPD_Y,-1156.6815,14,56,50,1,1,2,0,896,53810.0
2025-01-01 14:57:00,REACTION_WHEEL_SPD_Z,-1063.0576,14,57,0,1,1,2,0,897,53820.0
2025-01-01 14:57:10,ATTITUDE_ROLL,-0.9069,14,57,10,1,1,2,0,897,53830.0
2025-01-01 14:57:20,ATTITUDE_PITCH,-0.7633,14,57,20,1,1,2,0,897,53840.0
2025-01-01 14:57:30,ATTITUDE_YAW,-2.5015,14,57,30,1,1,2,0,897,53850.0
2025-01-01 14:57:40,STAR_TRACKER_VALID,0.2522,14,57,40,1,1,2,0,897,53860.0
2025-01-01 14:57:50,SUN_SENSOR_ANGLE,54.0054,14,57,50,1,1,2,0,897,53870.0
2025-01-01 14:58:00,RF_SIGNAL_STRENGTH,-67.7592,14,58,0,1,1,2,0,898,53880.0
2025-01-01 14:58:10,RF_NOISE_FLOOR,-101.2886,14,58,10,1,1,2,0,898,53890.0
2025-01-01 14:58:20,TX_POWER,1.7544,14,58,20,1,1,2,0,898,53900.0
2025-01-01 14:58:30,LINK_MARGIN,12.1104,14,58,30,1,1,2,0,898,53910.0
2025-01-01 14:58:40,DATA_RATE_KBPS,104.3851,14,58,40,1,1,2,0,898,53920.0
2025-01-01 14:58:50,PACKET_LOSS_RATE,0.842,14,58,50,1,1,2,0,898,53930.0
2025-01-01 14:59:00,CPU_USAGE,22.8297,14,59,0,1,1,2,0,899,53940.0
2025-01-01 14:59:10,MEMORY_USAGE,41.3279,14,59,10,1,1,2,0,899,53950.0
2025-01-01 14:59:20,FLASH_WRITE_RATE,1.4085,14,59,20,1,1,2,0,899,53960.0
2025-01-01 14:59:30,WATCHDOG_COUNTER,32.7913,14,59,30,1,1,2,0,899,53970.0
2025-01-01 14:59:40,TANK_PRESSURE,295.6684,14,59,40,1,1,2,0,899,53980.0
2025-01-01 14:59:50,THRUSTER_VALVE_TEMP,14.1791,14,59,50,1,1,2,0,899,53990.0
2025-01-01 15:00:00,BATT_VOLTAGE_1,27.3607,15,0,0,1,1,2,0,900,54000.0
2025-01-01 15:00:10,BATT_VOLTAGE_2,27.3548,15,0,10,1,1,2,0,900,54010.0
2025-01-01 15:00:20,BATT_CURRENT_1,1.8699,15,0,20,1,1,2,0,900,54020.0
2025-01-01 15:00:30,BATT_CURRENT_2,2.1654,15,0,30,1,1,2,0,900,54030.0
2025-01-01 15:00:40,BATT_TEMP_1,21.0188,15,0,40,1,1,2,0,900,54040.0
2025-01-01 15:00:50,BATT_TEMP_2,20.0725,15,0,50,1,1,2,0,900,54050.0
2025-01-01 15:01:00,BATT_SOC,69.8958,15,1,0,1,1,2,0,901,54060.0
2025-01-01 15:01:10,SOLAR_PANEL_VOLT_A,31.3457,15,1,10,1,1,2,0,901,54070.0
2025-01-01 15:01:20,SOLAR_PANEL_VOLT_B,29.72,15,1,20,1,1,2,0,901,54080.0
2025-01-01 15:01:30,SOLAR_PANEL_CURR_A,5.0875,15,1,30,1,1,2,0,901,54090.0
2025-01-01 15:01:40,SOLAR_PANEL_CURR_B,5.079,15,1,40,1,1,2,0,901,54100.0
2025-01-01 15:01:50,SOLAR_POWER_TOTAL,105.1867,15,1,50,1,1,2,0,901,54110.0
2025-01-01 15:02:00,BUS_VOLTAGE,28.4351,15,2,0,1,1,2,0,902,54120.0
2025-01-01 15:02:10,BUS_CURRENT,7.6233,15,2,10,1,1,2,0,902,54130.0
2025-01-01 15:02:20,THRUSTER_TEMP_1,20.5548,15,2,20,1,1,2,0,902,54140.0
2025-01-01 15:02:30,THRUSTER_TEMP_2,19.9938,15,2,30,1,1,2,0,902,54150.0
2025-01-01 15:02:40,PAYLOAD_TEMP_CAM,20.7315,15,2,40,1,1,2,0,902,54160.0
2025-01-01 15:02:50,PAYLOAD_TEMP_SENSOR,20.6932,15,2,50,1,1,2,0,902,54170.0
2025-01-01 15:03:00,OBC_TEMP,35.9267,15,3,0,1,1,2,0,903,54180.0
2025-01-01 15:03:10,TRANS_TEMP,35.4502,15,3,10,1,1,2,0,903,54190.0
2025-01-01 15:03:20,STRUCT_TEMP_PANEL_X,14.6014,15,3,20,1,1,2,0,903,54200.0
2025-01-01 15:03:30,STRUCT_TEMP_PANEL_Y,14.5291,15,3,30,1,1,2,0,903,54210.0
2025-01-01 15:03:40,STRUCT_TEMP_PANEL_Z,7.9502,15,3,40,1,1,2,0,903,54220.0
2025-01-01 15:03:50,RADIATOR_TEMP,-21.2093,15,3,50,1,1,2,0,903,54230.0
2025-01-01 15:04:00,GYRO_X,-0.0162,15,4,0,1,1,2,0,904,54240.0
2025-01-01 15:04:10,GYRO_Y,-0.0369,15,4,10,1,1,2,0,904,54250.0
2025-01-01 15:04:20,GYRO_Z,-0.0095,15,4,20,1,1,2,0,904,54260.0
2025-01-01 15:04:30,MAGNETOMETER_X,-19.3145,15,4,30,1,1,2,0,904,54270.0
2025-01-01 15:04:40,MAGNETOMETER_Y,-23.2293,15,4,40,1,1,2,0,904,54280.0
2025-01-01 15:04:50,MAGNETOMETER_Z,-30.9127,15,4,50,1,1,2,0,904,54290.0
2025-01-01 15:05:00,REACTION_WHEEL_SPD_X,-1766.3816,15,5,0,1,1,2,0,905,54300.0
2025-01-01 15:05:10,REACTION_WHEEL_SPD_Y,-1692.1536,15,5,10,1,1,2,0,905,54310.0
2025-01-01 15:05:20,REACTION_WHEEL_SPD_Z,46.71,15,5,20,1,1,2,0,905,54320.0
2025-01-01 15:05:30,ATTITUDE_ROLL,0.3767,15,5,30,1,1,2,0,905,54330.0
2025-01-01 15:05:40,ATTITUDE_PITCH,-1.4195,15,5,40,1,1,2,0,905,54340.0
2025-01-01 15:05:50,ATTITUDE_YAW,-1.323,15,5,50,1,1,2,0,905,54350.0
2025-01-01 15:06:00,STAR_TRACKER_VALID,0.2785,15,6,0,1,1,2,0,906,54360.0
2025-01-01 15:06:10,SUN_SENSOR_ANGLE,39.9119,15,6,10,1,1,2,0,906,54370.0
2025-01-01 15:06:20,RF_SIGNAL_STRENGTH,-62.1724,15,6,20,1,1,2,0,906,54380.0
2025-01-01 15:06:30,RF_NOISE_FLOOR,-95.6875,15,6,30,1,1,2,0,906,54390.0
2025-01-01 15:06:40,TX_POWER,2.3172,15,6,40,1,1,2,0,906,54400.0
2025-01-01 15:06:50,LINK_MARGIN,10.1853,15,6,50,1,1,2,0,906,54410.0
2025-01-01 15:07:00,DATA_RATE_KBPS,94.6369,15,7,0,1,1,2,0,907,54420.0
2025-01-01 15:07:10,PACKET_LOSS_RATE,0.4819,15,7,10,1,1,2,0,907,54430.0
2025-01-01 15:07:20,CPU_USAGE,23.778,15,7,20,1,1,2,0,907,54440.0
2025-01-01 15:07:30,MEMORY_USAGE,43.7607,15,7,30,1,1,2,0,907,54450.0
2025-01-01 15:07:40,FLASH_WRITE_RATE,2.7871,15,7,40,1,1,2,0,907,54460.0
2025-01-01 15:07:50,WATCHDOG_COUNTER,56.2223,15,7,50,1,1,2,0,907,54470.0
2025-01-01 15:08:00,TANK_PRESSURE,295.6141,15,8,0,1,1,2,0,908,54480.0
2025-01-01 15:08:10,THRUSTER_VALVE_TEMP,14.0079,15,8,10,1,1,2,0,908,54490.0
2025-01-01 15:08:20,BATT_VOLTAGE_1,28.0211,15,8,20,1,1,2,0,908,54500.0
2025-01-01 15:08:30,BATT_VOLTAGE_2,27.2358,15,8,30,1,1,2,0,908,54510.0
2025-01-01 15:08:40,BATT_CURRENT_1,1.9843,15,8,40,1,1,2,0,908,54520.0
2025-01-01 15:08:50,BATT_CURRENT_2,2.023,15,8,50,1,1,2,0,908,54530.0
2025-01-01 15:09:00,BATT_TEMP_1,19.2172,15,9,0,1,1,2,0,909,54540.0
2025-01-01 15:09:10,BATT_TEMP_2,26.0377,15,9,10,1,1,2,0,909,54550.0
2025-01-01 15:09:20,BATT_SOC,68.6531,15,9,20,1,1,2,0,909,54560.0
2025-01-01 15:09:30,SOLAR_PANEL_VOLT_A,29.5667,15,9,30,1,1,2,0,909,54570.0
2025-01-01 15:09:40,SOLAR_PANEL_VOLT_B,30.8286,15,9,40,1,1,2,0,909,54580.0
2025-01-01 15:09:50,SOLAR_PANEL_CURR_A,4.4786,15,9,50,1,1,2,0,909,54590.0
2025-01-01 15:10:00,SOLAR_PANEL_CURR_B,4.7249,15,10,0,1,1,2,0,910,54600.0
2025-01-01 15:10:10,SOLAR_POWER_TOTAL,108.0661,15,10,10,1,1,2,0,910,54610.0
2025-01-01 15:10:20,BUS_VOLTAGE,28.2487,15,10,20,1,1,2,0,910,54620.0
2025-01-01 15:10:30,BUS_CURRENT,7.7229,15,10,30,1,1,2,0,910,54630.0
2025-01-01 15:10:40,THRUSTER_TEMP_1,20.9057,15,10,40,1,1,2,0,910,54640.0
2025-01-01 15:10:50,THRUSTER_TEMP_2,20.4562,15,10,50,1,1,2,0,910,54650.0
2025-01-01 15:11:00,PAYLOAD_TEMP_CAM,19.8969,15,11,0,1,1,2,0,911,54660.0
2025-01-01 15:11:10,PAYLOAD_TEMP_SENSOR,20.2532,15,11,10,1,1,2,0,911,54670.0
2025-01-01 15:11:20,OBC_TEMP,37.1444,15,11,20,1,1,2,0,911,54680.0
2025-01-01 15:11:30,TRANS_TEMP,33.0193,15,11,30,1,1,2,0,911,54690.0
2025-01-01 15:11:40,STRUCT_TEMP_PANEL_X,7.9234,15,11,40,1,1,2,0,911,54700.0
2025-01-01 15:11:50,STRUCT_TEMP_PANEL_Y,5.2096,15,11,50,1,1,2,0,911,54710.0
2025-01-01 15:12:00,STRUCT_TEMP_PANEL_Z,8.3761,15,12,0,1,1,2,0,912,54720.0
2025-01-01 15:12:10,RADIATOR_TEMP,-18.1012,15,12,10,1,1,2,0,912,54730.0
2025-01-01 15:12:20,GYRO_X,-0.0333,15,12,20,1,1,2,0,912,54740.0
2025-01-01 15:12:30,GYRO_Y,-0.0437,15,12,30,1,1,2,0,912,54750.0
2025-01-01 15:12:40,GYRO_Z,-0.0391,15,12,40,1,1,2,0,912,54760.0
2025-01-01 15:12:50,MAGNETOMETER_X,-12.0469,15,12,50,1,1,2,0,912,54770.0
2025-01-01 15:13:00,MAGNETOMETER_Y,-17.2298,15,13,0,1,1,2,0,913,54780.0
2025-01-01 15:13:10,MAGNETOMETER_Z,-20.7255,15,13,10,1,1,2,0,913,54790.0
2025-01-01 15:13:20,REACTION_WHEEL_SPD_X,-1130.1781,15,13,20,1,1,2,0,913,54800.0
2025-01-01 15:13:30,REACTION_WHEEL_SPD_Y,-1085.9095,15,13,30,1,1,2,0,913,54810.0
2025-01-01 15:13:40,REACTION_WHEEL_SPD_Z,-1092.75,15,13,40,1,1,2,0,913,54820.0
2025-01-01 15:13:50,ATTITUDE_ROLL,-0.2372,15,13,50,1,1,2,0,913,54830.0
2025-01-01 15:14:00,ATTITUDE_PITCH,-0.7363,15,14,0,1,1,2,0,914,54840.0
2025-01-01 15:14:10,ATTITUDE_YAW,1.2175,15,14,10,1,1,2,0,914,54850.0
2025-01-01 15:14:20,STAR_TRACKER_VALID,0.3142,15,14,20,1,1,2,0,914,54860.0
2025-01-01 15:14:30,SUN_SENSOR_ANGLE,108.0607,15,14,30,1,1,2,0,914,54870.0
2025-01-01 15:14:40,RF_SIGNAL_STRENGTH,-69.8541,15,14,40,1,1,2,0,914,54880.0
2025-01-01 15:14:50,RF_NOISE_FLOOR,-102.3681,15,14,50,1,1,2,0,914,54890.0
2025-01-01 15:15:00,TX_POWER,2.0153,15,15,0,1,1,2,0,915,54900.0
2025-01-01 15:15:10,LINK_MARGIN,11.1761,15,15,10,1,1,2,0,915,54910.0
2025-01-01 15:15:20,DATA_RATE_KBPS,110.2496,15,15,20,1,1,2,0,915,54920.0
2025-01-01 15:15:30,PACKET_LOSS_RATE,0.5795,15,15,30,1,1,2,0,915,54930.0
2025-01-01 15:15:40,CPU_USAGE,30.2255,15,15,40,1,1,2,0,915,54940.0
2025-01-01 15:15:50,MEMORY_USAGE,49.0772,15,15,50,1,1,2,0,915,54950.0
2025-01-01 15:16:00,FLASH_WRITE_RATE,1.4226,15,16,0,1,1,2,0,916,54960.0
2025-01-01 15:16:10,WATCHDOG_COUNTER,30.3995,15,16,10,1,1,2,0,916,54970.0
2025-01-01 15:16:20,TANK_PRESSURE,294.0123,15,16,20,1,1,2,0,916,54980.0
2025-01-01 15:16:30,THRUSTER_VALVE_TEMP,14.063,15,16,30,1,1,2,0,916,54990.0
2025-01-01 15:16:40,BATT_VOLTAGE_1,27.3748,15,16,40,1,1,2,0,916,55000.0
2025-01-01 15:16:50,BATT_VOLTAGE_2,27.6833,15,16,50,1,1,2,0,916,55010.0
2025-01-01 15:17:00,BATT_CURRENT_1,2.1752,15,17,0,1,1,2,0,917,55020.0
2025-01-01 15:17:10,BATT_CURRENT_2,1.8564,15,17,10,1,1,2,0,917,55030.0
2025-01-01 15:17:20,BATT_TEMP_1,20.6715,15,17,20,1,1,2,0,917,55040.0
2025-01-01 15:17:30,BATT_TEMP_2,21.1465,15,17,30,1,1,2,0,917,55050.0
2025-01-01 15:17:40,BATT_SOC,72.7313,15,17,40,1,1,2,0,917,55060.0
2025-01-01 15:17:50,SOLAR_PANEL_VOLT_A,30.2608,15,17,50,1,1,2,0,917,55070.0
2025-01-01 15:18:00,SOLAR_PANEL_VOLT_B,29.8511,15,18,0,1,1,2,0,918,55080.0
2025-01-01 15:18:10,SOLAR_PANEL_CURR_A,4.6732,15,18,10,1,1,2,0,918,55090.0
2025-01-01 15:18:20,SOLAR_PANEL_CURR_B,4.8908,15,18,20,1,1,2,0,918,55100.0
2025-01-01 15:18:30,SOLAR_POWER_TOTAL,95.2435,15,18,30,1,1,2,0,918,55110.0
2025-01-01 15:18:40,BUS_VOLTAGE,28.3818,15,18,40,1,1,2,0,918,55120.0
2025-01-01 15:18:50,BUS_CURRENT,8.2084,15,18,50,1,1,2,0,918,55130.0
2025-01-01 15:19:00,THRUSTER_TEMP_1,19.1868,15,19,0,1,1,2,0,919,55140.0
2025-01-01 15:19:10,THRUSTER_TEMP_2,21.2067,15,19,10,1,1,2,0,919,55150.0
2025-01-01 15:19:20,PAYLOAD_TEMP_CAM,20.8856,15,19,20,1,1,2,0,919,55160.0
2025-01-01 15:19:30,PAYLOAD_TEMP_SENSOR,21.3943,15,19,30,1,1,2,0,919,55170.0
2025-01-01 15:19:40,OBC_TEMP,37.1556,15,19,40,1,1,2,0,919,55180.0
2025-01-01 15:19:50,TRANS_TEMP,31.8025,15,19,50,1,1,2,0,919,55190.0
2025-01-01 15:20:00,STRUCT_TEMP_PANEL_X,5.3986,15,20,0,1,1,2,0,920,55200.0
2025-01-01 15:20:10,STRUCT_TEMP_PANEL_Y,17.2095,15,20,10,1,1,2,0,920,55210.0
2025-01-01 15:20:20,STRUCT_TEMP_PANEL_Z,5.316,15,20,20,1,1,2,0,920,55220.0
2025-01-01 15:20:30,RADIATOR_TEMP,-15.0609,15,20,30,1,1,2,0,920,55230.0
2025-01-01 15:20:40,GYRO_X,0.0106,15,20,40,1,1,2,0,920,55240.0
2025-01-01 15:20:50,GYRO_Y,-0.0266,15,20,50,1,1,2,0,920,55250.0
2025-01-01 15:21:00,GYRO_Z,-0.0448,15,21,0,1,1,2,0,921,55260.0
2025-01-01 15:21:10,MAGNETOMETER_X,-13.1412,15,21,10,1,1,2,0,921,55270.0
2025-01-01 15:21:20,MAGNETOMETER_Y,-9.1669,15,21,20,1,1,2,0,921,55280.0
2025-01-01 15:21:30,MAGNETOMETER_Z,-36.0174,15,21,30,1,1,2,0,921,55290.0
2025-01-01 15:21:40,REACTION_WHEEL_SPD_X,-1995.2912,15,21,40,1,1,2,0,921,55300.0
2025-01-01 15:21:50,REACTION_WHEEL_SPD_Y,-1990.2248,15,21,50,1,1,2,0,921,55310.0
2025-01-01 15:22:00,REACTION_WHEEL_SPD_Z,186.4106,15,22,0,1,1,2,0,922,55320.0
2025-01-01 15:22:10,ATTITUDE_ROLL,-0.2384,15,22,10,1,1,2,0,922,55330.0
2025-01-01 15:22:20,ATTITUDE_PITCH,-0.2034,15,22,20,1,1,2,0,922,55340.0
2025-01-01 15:22:30,ATTITUDE_YAW,-0.8623,15,22,30,1,1,2,0,922,55350.0
2025-01-01 15:22:40,STAR_TRACKER_VALID,0.29,15,22,40,1,1,2,0,922,55360.0
2025-01-01 15:22:50,SUN_SENSOR_ANGLE,57.0158,15,22,50,1,1,2,0,922,55370.0
2025-01-01 15:23:00,RF_SIGNAL_STRENGTH,-68.3997,15,23,0,1,1,2,0,923,55380.0
2025-01-01 15:23:10,RF_NOISE_FLOOR,-94.8504,15,23,10,1,1,2,0,923,55390.0
2025-01-01 15:23:20,TX_POWER,3.051,15,23,20,1,1,2,0,923,55400.0
2025-01-01 15:23:30,LINK_MARGIN,9.7621,15,23,30,1,1,2,0,923,55410.0
2025-01-01 15:23:40,DATA_RATE_KBPS,88.5838,15,23,40,1,1,2,0,923,55420.0
2025-01-01 15:23:50,PACKET_LOSS_RATE,0.8336,15,23,50,1,1,2,0,923,55430.0
2025-01-01 15:24:00,CPU_USAGE,26.6496,15,24,0,1,1,2,0,924,55440.0
2025-01-01 15:24:10,MEMORY_USAGE,43.4741,15,24,10,1,1,2,0,924,55450.0
2025-01-01 15:24:20,FLASH_WRITE_RATE,1.7953,15,24,20,1,1,2,0,924,55460.0
2025-01-01 15:24:30,WATCHDOG_COUNTER,44.1484,15,24,30,1,1,2,0,924,55470.0
2025-01-01 15:24:40,TANK_PRESSURE,291.7893,15,24,40,1,1,2,0,924,55480.0
2025-01-01 15:24:50,THRUSTER_VALVE_TEMP,19.1291,15,24,50,1,1,2,0,924,55490.0
2025-01-01 15:25:00,BATT_VOLTAGE_1,27.1166,15,25,0,1,1,2,0,925,55500.0
2025-01-01 15:25:10,BATT_VOLTAGE_2,27.3366,15,25,10,1,1,2,0,925,55510.0
2025-01-01 15:25:20,BATT_CURRENT_1,2.0436,15,25,20,1,1,2,0,925,55520.0
2025-01-01 15:25:30,BATT_CURRENT_2,1.997,15,25,30,1,1,2,0,925,55530.0
2025-01-01 15:25:40,BATT_TEMP_1,18.8244,15,25,40,1,1,2,0,925,55540.0
2025-01-01 15:25:50,BATT_TEMP_2,20.275,15,25,50,1,1,2,0,925,55550.0
2025-01-01 15:26:00,BATT_SOC,75.4101,15,26,0,1,1,2,0,926,55560.0
2025-01-01 15:26:10,SOLAR_PANEL_VOLT_A,30.5059,15,26,10,1,1,2,0,926,55570.0
2025-01-01 15:26:20,SOLAR_PANEL_VOLT_B,30.0033,15,26,20,1,1,2,0,926,55580.0
2025-01-01 15:26:30,SOLAR_PANEL_CURR_A,4.8649,15,26,30,1,1,2,0,926,55590.0
2025-01-01 15:26:40,SOLAR_PANEL_CURR_B,4.4709,15,26,40,1,1,2,0,926,55600.0
2025-01-01 15:26:50,SOLAR_POWER_TOTAL,99.1442,15,26,50,1,1,2,0,926,55610.0
2025-01-01 15:27:00,BUS_VOLTAGE,28.0247,15,27,0,1,1,2,0,927,55620.0
2025-01-01 15:27:10,BUS_CURRENT,7.3983,15,27,10,1,1,2,0,927,55630.0
2025-01-01 15:27:20,THRUSTER_TEMP_1,18.3022,15,27,20,1,1,2,0,927,55640.0
2025-01-01 15:27:30,THRUSTER_TEMP_2,21.6879,15,27,30,1,1,2,0,927,55650.0
2025-01-01 15:27:40,PAYLOAD_TEMP_CAM,22.256,15,27,40,1,1,2,0,927,55660.0
2025-01-01 15:27:50,PAYLOAD_TEMP_SENSOR,21.5775,15,27,50,1,1,2,0,927,55670.0
2025-01-01 15:28:00,OBC_TEMP,36.3618,15,28,0,1,1,2,0,928,55680.0
2025-01-01 15:28:10,TRANS_TEMP,36.7192,15,28,10,1,1,2,0,928,55690.0
2025-01-01 15:28:20,STRUCT_TEMP_PANEL_X,10.7723,15,28,20,1,1,2,0,928,55700.0
2025-01-01 15:28:30,STRUCT_TEMP_PANEL_Y,2.8758,15,28,30,1,1,2,0,928,55710.0
2025-01-01 15:28:40,STRUCT_TEMP_PANEL_Z,8.2972,15,28,40,1,1,2,0,928,55720.0
2025-01-01 15:28:50,RADIATOR_TEMP,-9.4463,15,28,50,1,1,2,0,928,55730.0
2025-01-01 15:29:00,GYRO_X,-0.0263,15,29,0,1,1,2,0,929,55740.0
2025-01-01 15:29:10,GYRO_Y,-0.0039,15,29,10,1,1,2,0,929,55750.0
2025-01-01 15:29:20,GYRO_Z,0.0062,15,29,20,1,1,2,0,929,55760.0
2025-01-01 15:29:30,MAGNETOMETER_X,-33.1149,15,29,30,1,1,2,0,929,55770.0
2025-01-01 15:29:40,MAGNETOMETER_Y,-15.2682,15,29,40,1,1,2,0,929,55780.0
2025-01-01 15:29:50,MAGNETOMETER_Z,1.4004,15,29,50,1,1,2,0,929,55790.0
2025-01-01 15:30:00,REACTION_WHEEL_SPD_X,-1254.1664,15,30,0,1,1,2,0,930,55800.0
2025-01-01 15:30:10,REACTION_WHEEL_SPD_Y,-1138.0998,15,30,10,1,1,2,0,930,55810.0
2025-01-01 15:30:20,REACTION_WHEEL_SPD_Z,-1024.023,15,30,20,1,1,2,0,930,55820.0
2025-01-01 15:30:30,ATTITUDE_ROLL,-1.5353,15,30,30,1,1,2,0,930,55830.0
2025-01-01 15:30:40,ATTITUDE_PITCH,-0.8148,15,30,40,1,1,2,0,930,55840.0
2025-01-01 15:30:50,ATTITUDE_YAW,-0.91,15,30,50,1,1,2,0,930,55850.0
2025-01-01 15:31:00,STAR_TRACKER_VALID,0.2989,15,31,0,1,1,2,0,931,55860.0
2025-01-01 15:31:10,SUN_SENSOR_ANGLE,100.2192,15,31,10,1,1,2,0,931,55870.0
2025-01-01 15:31:20,RF_SIGNAL_STRENGTH,-66.7915,15,31,20,1,1,2,0,931,55880.0
2025-01-01 15:31:30,RF_NOISE_FLOOR,-100.8054,15,31,30,1,1,2,0,931,55890.0
2025-01-01 15:31:40,TX_POWER,2.3054,15,31,40,1,1,2,0,931,55900.0
2025-01-01 15:31:50,LINK_MARGIN,9.8626,15,31,50,1,1,2,0,931,55910.0
2025-01-01 15:32:00,DATA_RATE_KBPS,80.878,15,32,0,1,1,2,0,932,55920.0
2025-01-01 15:32:10,PACKET_LOSS_RATE,0.5873,15,32,10,1,1,2,0,932,55930.0
2025-01-01 15:32:20,CPU_USAGE,38.2428,15,32,20,1,1,2,0,932,55940.0
2025-01-01 15:32:30,MEMORY_USAGE,45.58,15,32,30,1,1,2,0,932,55950.0
2025-01-01 15:32:40,FLASH_WRITE_RATE,1.2511,15,32,40,1,1,2,0,932,55960.0
2025-01-01 15:32:50,WATCHDOG_COUNTER,39.179,15,32,50,1,1,2,0,932,55970.0
2025-01-01 15:33:00,TANK_PRESSURE,291.5343,15,33,0,1,1,2,0,933,55980.0
2025-01-01 15:33:10,THRUSTER_VALVE_TEMP,14.7444,15,33,10,1,1,2,0,933,55990.0
2025-01-01 15:33:20,BATT_VOLTAGE_1,27.4218,15,33,20,1,1,2,0,933,56000.0
2025-01-01 15:33:30,BATT_VOLTAGE_2,27.8454,15,33,30,1,1,2,0,933,56010.0
2025-01-01 15:33:40,BATT_CURRENT_1,1.7149,15,33,40,1,1,2,0,933,56020.0
2025-01-01 15:33:50,BATT_CURRENT_2,1.8068,15,33,50,1,1,2,0,933,56030.0
2025-01-01 15:34:00,BATT_TEMP_1,20.2475,15,34,0,1,1,2,0,934,56040.0
2025-01-01 15:34:10,BATT_TEMP_2,22.7778,15,34,10,1,1,2,0,934,56050.0
2025-01-01 15:34:20,BATT_SOC,79.8446,15,34,20,1,1,2,0,934,56060.0
2025-01-01 15:34:30,SOLAR_PANEL_VOLT_A,31.4504,15,34,30,1,1,2,0,934,56070.0
2025-01-01 15:34:40,SOLAR_PANEL_VOLT_B,29.8729,15,34,40,1,1,2,0,934,56080.0
2025-01-01 15:34:50,SOLAR_PANEL_CURR_A,4.3944,15,34,50,1,1,2,0,934,56090.0
2025-01-01 15:35:00,SOLAR_PANEL_CURR_B,4.3701,15,35,0,1,1,2,0,935,56100.0
2025-01-01 15:35:10,SOLAR_POWER_TOTAL,88.0867,15,35,10,1,1,2,0,935,56110.0
2025-01-01 15:35:20,BUS_VOLTAGE,28.0987,15,35,20,1,1,2,0,935,56120.0
2025-01-01 15:35:30,BUS_CURRENT,6.8643,15,35,30,1,1,2,0,935,56130.0
2025-01-01 15:35:40,THRUSTER_TEMP_1,20.49,15,35,40,1,1,2,0,935,56140.0
2025-01-01 15:35:50,THRUSTER_TEMP_2,20.6148,15,35,50,1,1,2,0,935,56150.0
2025-01-01 15:36:00,PAYLOAD_TEMP_CAM,21.7869,15,36,0,1,1,2,0,936,56160.0
2025-01-01 15:36:10,PAYLOAD_TEMP_SENSOR,20.6374,15,36,10,1,1,2,0,936,56170.0
2025-01-01 15:36:20,OBC_TEMP,36.9539,15,36,20,1,1,2,0,936,56180.0
2025-01-01 15:36:30,TRANS_TEMP,38.493,15,36,30,1,1,2,0,936,56190.0
2025-01-01 15:36:40,STRUCT_TEMP_PANEL_X,9.9933,15,36,40,1,1,2,0,936,56200.0
2025-01-01 15:36:50,STRUCT_TEMP_PANEL_Y,4.7263,15,36,50,1,1,2,0,936,56210.0
2025-01-01 15:37:00,STRUCT_TEMP_PANEL_Z,7.7706,15,37,0,1,1,2,0,937,56220.0
2025-01-01 15:37:10,RADIATOR_TEMP,-15.8243,15,37,10,1,1,2,0,937,56230.0
2025-01-01 15:37:20,GYRO_X,-0.0107,15,37,20,1,1,2,0,937,56240.0
2025-01-01 15:37:30,GYRO_Y,-0.0353,15,37,30,1,1,2,0,937,56250.0
2025-01-01 15:37:40,GYRO_Z,-0.0479,15,37,40,1,1,2,0,937,56260.0
2025-01-01 15:37:50,MAGNETOMETER_X,-19.7761,15,37,50,1,1,2,0,937,56270.0
2025-01-01 15:38:00,MAGNETOMETER_Y,-28.5363,15,38,0,1,1,2,0,938,56280.0
2025-01-01 15:38:10,MAGNETOMETER_Z,7.3015,15,38,10,1,1,2,0,938,56290.0
2025-01-01 15:38:20,REACTION_WHEEL_SPD_X,-1761.8782,15,38,20,1,1,2,0,938,56300.0
2025-01-01 15:38:30,REACTION_WHEEL_SPD_Y,-1263.2849,15,38,30,1,1,2,0,938,56310.0
2025-01-01 15:38:40,REACTION_WHEEL_SPD_Z,-973.2934,15,38,40,1,1,2,0,938,56320.0
2025-01-01 15:38:50,ATTITUDE_ROLL,-1.2324,15,38,50,1,1,2,0,938,56330.0
2025-01-01 15:39:00,ATTITUDE_PITCH,-0.517,15,39,0,1,1,2,0,939,56340.0
2025-01-01 15:39:10,ATTITUDE_YAW,-1.7936,15,39,10,1,1,2,0,939,56350.0
2025-01-01 15:39:20,STAR_TRACKER_VALID,0.2332,15,39,20,1,1,2,0,939,56360.0
2025-01-01 15:39:30,SUN_SENSOR_ANGLE,37.4359,15,39,30,1,1,2,0,939,56370.0
2025-01-01 15:39:40,RF_SIGNAL_STRENGTH,-73.7451,15,39,40,1,1,2,0,939,56380.0
2025-01-01 15:39:50,RF_NOISE_FLOOR,-102.1893,15,39,50,1,1,2,0,939,56390.0
2025-01-01 15:40:00,TX_POWER,2.2659,15,40,0,1,1,2,0,940,56400.0
2025-01-01 15:40:10,LINK_MARGIN,10.5946,15,40,10,1,1,2,0,940,56410.0
2025-01-01 15:40:20,DATA_RATE_KBPS,87.7784,15,40,20,1,1,2,0,940,56420.0
2025-01-01 15:40:30,PACKET_LOSS_RATE,0.4281,15,40,30,1,1,2,0,940,56430.0
2025-01-01 15:40:40,CPU_USAGE,34.719,15,40,40,1,1,2,0,940,56440.0
2025-01-01 15:40:50,MEMORY_USAGE,41.5058,15,40,50,1,1,2,0,940,56450.0
2025-01-01 15:41:00,FLASH_WRITE_RATE,2.1117,15,41,0,1,1,2,0,941,56460.0
2025-01-01 15:41:10,WATCHDOG_COUNTER,29.5634,15,41,10,1,1,2,0,941,56470.0
2025-01-01 15:41:20,TANK_PRESSURE,296.8898,15,41,20,1,1,2,0,941,56480.0
2025-01-01 15:41:30,THRUSTER_VALVE_TEMP,15.5281,15,41,30,1,1,2,0,941,56490.0
2025-01-01 15:41:40,BATT_VOLTAGE_1,27.2577,15,41,40,1,1,2,0,941,56500.0
2025-01-01 15:41:50,BATT_VOLTAGE_2,27.3225,15,41,50,1,1,2,0,941,56510.0
2025-01-01 15:42:00,BATT_CURRENT_1,1.7544,15,42,0,1,1,2,0,942,56520.0
2025-01-01 15:42:10,BATT_CURRENT_2,2.019,15,42,10,1,1,2,0,942,56530.0
2025-01-01 15:42:20,BATT_TEMP_1,22.099,15,42,20,1,1,2,0,942,56540.0
2025-01-01 15:42:30,BATT_TEMP_2,25.9759,15,42,30,1,1,2,0,942,56550.0
2025-01-01 15:42:40,BATT_SOC,73.1999,15,42,40,1,1,2,0,942,56560.0
2025-01-01 15:42:50,SOLAR_PANEL_VOLT_A,29.8565,15,42,50,1,1,2,0,942,56570.0
2025-01-01 15:43:00,SOLAR_PANEL_VOLT_B,29.8855,15,43,0,1,1,2,0,943,56580.0
2025-01-01 15:43:10,SOLAR_PANEL_CURR_A,5.0978,15,43,10,1,1,2,0,943,56590.0
2025-01-01 15:43:20,SOLAR_PANEL_CURR_B,4.252,15,43,20,1,1,2,0,943,56600.0
2025-01-01 15:43:30,SOLAR_POWER_TOTAL,97.089,15,43,30,1,1,2,0,943,56610.0
2025-01-01 15:43:40,BUS_VOLTAGE,28.0213,15,43,40,1,1,2,0,943,56620.0
2025-01-01 15:43:50,BUS_CURRENT,8.0165,15,43,50,1,1,2,0,943,56630.0
2025-01-01 15:44:00,THRUSTER_TEMP_1,19.4633,15,44,0,1,1,2,0,944,56640.0
2025-01-01 15:44:10,THRUSTER_TEMP_2,23.8269,15,44,10,1,1,2,0,944,56650.0
2025-01-01 15:44:20,PAYLOAD_TEMP_CAM,20.4946,15,44,20,1,1,2,0,944,56660.0
2025-01-01 15:44:30,PAYLOAD_TEMP_SENSOR,22.6658,15,44,30,1,1,2,0,944,56670.0
2025-01-01 15:44:40,OBC_TEMP,44.3646,15,44,40,1,1,2,0,944,56680.0
2025-01-01 15:44:50,TRANS_TEMP,38.3434,15,44,50,1,1,2,0,944,56690.0
2025-01-01 15:45:00,STRUCT_TEMP_PANEL_X,16.5983,15,45,0,1,1,2,0,945,56700.0
2025-01-01 15:45:10,STRUCT_TEMP_PANEL_Y,27.044,15,45,10,1,1,2,0,945,56710.0
2025-01-01 15:45:20,STRUCT_TEMP_PANEL_Z,20.1173,15,45,20,1,1,2,0,945,56720.0
2025-01-01 15:45:30,RADIATOR_TEMP,-17.1288,15,45,30,1,1,2,0,945,56730.0
2025-01-01 15:45:40,GYRO_X,-0.0156,15,45,40,1,1,2,0,945,56740.0
2025-01-01 15:45:50,GYRO_Y,-0.0354,15,45,50,1,1,2,0,945,56750.0
2025-01-01 15:46:00,GYRO_Z,-0.04,15,46,0,1,1,2,0,946,56760.0
2025-01-01 15:46:10,MAGNETOMETER_X,-26.7673,15,46,10,1,1,2,0,946,56770.0
2025-01-01 15:46:20,MAGNETOMETER_Y,-18.2296,15,46,20,1,1,2,0,946,56780.0
2025-01-01 15:46:30,MAGNETOMETER_Z,-4.3369,15,46,30,1,1,2,0,946,56790.0
2025-01-01 15:46:40,REACTION_WHEEL_SPD_X,-1408.9549,15,46,40,1,1,2,0,946,56800.0
2025-01-01 15:46:50,REACTION_WHEEL_SPD_Y,-1175.5695,15,46,50,1,1,2,0,946,56810.0
2025-01-01 15:47:00,REACTION_WHEEL_SPD_Z,-792.6761,15,47,0,1,1,2,0,947,56820.0
2025-01-01 15:47:10,ATTITUDE_ROLL,-0.4415,15,47,10,1,1,2,0,947,56830.0
2025-01-01 15:47:20,ATTITUDE_PITCH,-1.4714,15,47,20,1,1,2,0,947,56840.0
2025-01-01 15:47:30,ATTITUDE_YAW,-1.797,15,47,30,1,1,2,0,947,56850.0
2025-01-01 15:47:40,STAR_TRACKER_VALID,0.3499,15,47,40,1,1,2,0,947,56860.0
2025-01-01 15:47:50,SUN_SENSOR_ANGLE,52.0235,15,47,50,1,1,2,0,947,56870.0
2025-01-01 15:48:00,RF_SIGNAL_STRENGTH,-73.1329,15,48,0,1,1,2,0,948,56880.0
2025-01-01 15:48:10,RF_NOISE_FLOOR,-100.1403,15,48,10,1,1,2,0,948,56890.0
2025-01-01 15:48:20,TX_POWER,2.089,15,48,20,1,1,2,0,948,56900.0
2025-01-01 15:48:30,LINK_MARGIN,10.959,15,48,30,1,1,2,0,948,56910.0
2025-01-01 15:48:40,DATA_RATE_KBPS,86.3271,15,48,40,1,1,2,0,948,56920.0
2025-01-01 15:48:50,PACKET_LOSS_RATE,1.2688,15,48,50,1,1,2,0,948,56930.0
2025-01-01 15:49:00,CPU_USAGE,28.7539,15,49,0,1,1,2,0,949,56940.0
2025-01-01 15:49:10,MEMORY_USAGE,45.3224,15,49,10,1,1,2,0,949,56950.0
2025-01-01 15:49:20,FLASH_WRITE_RATE,1.6585,15,49,20,1,1,2,0,949,56960.0
2025-01-01 15:49:30,WATCHDOG_COUNTER,48.6937,15,49,30,1,1,2,0,949,56970.0
2025-01-01 15:49:40,TANK_PRESSURE,298.0703,15,49,40,1,1,2,0,949,56980.0
2025-01-01 15:49:50,THRUSTER_VALVE_TEMP,15.6319,15,49,50,1,1,2,0,949,56990.0
2025-01-01 15:50:00,BATT_VOLTAGE_1,27.2846,15,50,0,1,1,2,0,950,57000.0
2025-01-01 15:50:10,BATT_VOLTAGE_2,27.4036,15,50,10,1,1,2,0,950,57010.0
2025-01-01 15:50:20,BATT_CURRENT_1,1.9702,15,50,20,1,1,2,0,950,57020.0
2025-01-01 15:50:30,BATT_CURRENT_2,2.6883,15,50,30,1,1,2,0,950,57030.0
2025-01-01 15:50:40,BATT_TEMP_1,26.3182,15,50,40,1,1,2,0,950,57040.0
2025-01-01 15:50:50,BATT_TEMP_2,22.3566,15,50,50,1,1,2,0,950,57050.0
2025-01-01 15:51:00,BATT_SOC,80.2764,15,51,0,1,1,2,0,951,57060.0
2025-01-01 15:51:10,SOLAR_PANEL_VOLT_A,29.9421,15,51,10,1,1,2,0,951,57070.0
2025-01-01 15:51:20,SOLAR_PANEL_VOLT_B,29.5429,15,51,20,1,1,2,0,951,57080.0
2025-01-01 15:51:30,SOLAR_PANEL_CURR_A,5.6098,15,51,30,1,1,2,0,951,57090.0
2025-01-01 15:51:40,SOLAR_PANEL_CURR_B,4.3032,15,51,40,1,1,2,0,951,57100.0
2025-01-01 15:51:50,SOLAR_POWER_TOTAL,94.4495,15,51,50,1,1,2,0,951,57110.0
2025-01-01 15:52:00,BUS_VOLTAGE,28.3987,15,52,0,1,1,2,0,952,57120.0
2025-01-01 15:52:10,BUS_CURRENT,7.1425,15,52,10,1,1,2,0,952,57130.0
2025-01-01 15:52:20,THRUSTER_TEMP_1,18.8466,15,52,20,1,1,2,0,952,57140.0
2025-01-01 15:52:30,THRUSTER_TEMP_2,22.8282,15,52,30,1,1,2,0,952,57150.0
2025-01-01 15:52:40,PAYLOAD_TEMP_CAM,23.9624,15,52,40,1,1,2,0,952,57160.0
2025-01-01 15:52:50,PAYLOAD_TEMP_SENSOR,22.6612,15,52,50,1,1,2,0,952,57170.0
2025-01-01 15:53:00,OBC_TEMP,38.5451,15,53,0,1,1,2,0,953,57180.0
2025-01-01 15:53:10,TRANS_TEMP,31.0443,15,53,10,1,1,2,0,953,57190.0
2025-01-01 15:53:20,STRUCT_TEMP_PANEL_X,2.6689,15,53,20,1,1,2,0,953,57200.0
2025-01-01 15:53:30,STRUCT_TEMP_PANEL_Y,5.1827,15,53,30,1,1,2,0,953,57210.0
2025-01-01 15:53:40,STRUCT_TEMP_PANEL_Z,12.7194,15,53,40,1,1,2,0,953,57220.0
2025-01-01 15:53:50,RADIATOR_TEMP,-16.4334,15,53,50,1,1,2,0,953,57230.0
2025-01-01 15:54:00,GYRO_X,-0.0273,15,54,0,1,1,2,0,954,57240.0
2025-01-01 15:54:10,GYRO_Y,-0.017,15,54,10,1,1,2,0,954,57250.0
2025-01-01 15:54:20,GYRO_Z,0.0106,15,54,20,1,1,2,0,954,57260.0
2025-01-01 15:54:30,MAGNETOMETER_X,-12.7227,15,54,30,1,1,2,0,954,57270.0
2025-01-01 15:54:40,MAGNETOMETER_Y,-23.8081,15,54,40,1,1,2,0,954,57280.0
2025-01-01 15:54:50,MAGNETOMETER_Z,-25.892,15,54,50,1,1,2,0,954,57290.0
2025-01-01 15:55:00,REACTION_WHEEL_SPD_X,215.6387,15,55,0,1,1,2,0,955,57300.0
2025-01-01 15:55:10,REACTION_WHEEL_SPD_Y,-1093.7073,15,55,10,1,1,2,0,955,57310.0
2025-01-01 15:55:20,REACTION_WHEEL_SPD_Z,-1245.6329,15,55,20,1,1,2,0,955,57320.0
2025-01-01 15:55:30,ATTITUDE_ROLL,-1.6262,15,55,30,1,1,2,0,955,57330.0
2025-01-01 15:55:40,ATTITUDE_PITCH,-1.3321,15,55,40,1,1,2,0,955,57340.0
2025-01-01 15:55:50,ATTITUDE_YAW,-1.6904,15,55,50,1,1,2,0,955,57350.0
2025-01-01 15:56:00,STAR_TRACKER_VALID,0.3605,15,56,0,1,1,2,0,956,57360.0
2025-01-01 15:56:10,SUN_SENSOR_ANGLE,66.981,15,56,10,1,1,2,0,956,57370.0
2025-01-01 15:56:20,RF_SIGNAL_STRENGTH,-75.2665,15,56,20,1,1,2,0,956,57380.0
2025-01-01 15:56:30,RF_NOISE_FLOOR,-100.8384,15,56,30,1,1,2,0,956,57390.0
2025-01-01 15:56:40,TX_POWER,3.4889,15,56,40,1,1,2,0,956,57400.0
2025-01-01 15:56:50,LINK_MARGIN,12.4478,15,56,50,1,1,2,0,956,57410.0
2025-01-01 15:57:00,DATA_RATE_KBPS,123.3322,15,57,0,1,1,2,0,957,57420.0
2025-01-01 15:57:10,PACKET_LOSS_RATE,0.5852,15,57,10,1,1,2,0,957,57430.0
2025-01-01 15:57:20,CPU_USAGE,21.5704,15,57,20,1,1,2,0,957,57440.0
2025-01-01 15:57:30,MEMORY_USAGE,48.6282,15,57,30,1,1,2,0,957,57450.0
2025-01-01 15:57:40,FLASH_WRITE_RATE,0.9985,15,57,40,1,1,2,0,957,57460.0
2025-01-01 15:57:50,WATCHDOG_COUNTER,23.3868,15,57,50,1,1,2,0,957,57470.0
2025-01-01 15:58:00,TANK_PRESSURE,291.3177,15,58,0,1,1,2,0,958,57480.0
2025-01-01 15:58:10,THRUSTER_VALVE_TEMP,13.7338,15,58,10,1,1,2,0,958,57490.0
2025-01-01 15:58:20,BATT_VOLTAGE_1,27.2116,15,58,20,1,1,2,0,958,57500.0
2025-01-01 15:58:30,BATT_VOLTAGE_2,27.7473,15,58,30,1,1,2,0,958,57510.0
2025-01-01 15:58:40,BATT_CURRENT_1,2.0297,15,58,40,1,1,2,0,958,57520.0
2025-01-01 15:58:50,BATT_CURRENT_2,2.8279,15,58,50,1,1,2,0,958,57530.0
2025-01-01 15:59:00,BATT_TEMP_1,26.4374,15,59,0,1,1,2,0,959,57540.0
2025-01-01 15:59:10,BATT_TEMP_2,20.2694,15,59,10,1,1,2,0,959,57550.0
2025-01-01 15:59:20,BATT_SOC,76.2691,15,59,20,1,1,2,0,959,57560.0
2025-01-01 15:59:30,SOLAR_PANEL_VOLT_A,29.3478,15,59,30,1,1,2,0,959,57570.0
2025-01-01 15:59:40,SOLAR_PANEL_VOLT_B,29.6389,15,59,40,1,1,2,0,959,57580.0
2025-01-01 15:59:50,SOLAR_PANEL_CURR_A,4.3832,15,59,50,1,1,2,0,959,57590.0
2025-01-01 16:00:00,SOLAR_PANEL_CURR_B,4.5982,16,0,0,1,1,2,0,960,57600.0
2025-01-01 16:00:10,SOLAR_POWER_TOTAL,98.7319,16,0,10,1,1,2,0,960,57610.0
2025-01-01 16:00:20,BUS_VOLTAGE,28.2152,16,0,20,1,1,2,0,960,57620.0
2025-01-01 16:00:30,BUS_CURRENT,7.0853,16,0,30,1,1,2,0,960,57630.0
2025-01-01 16:00:40,THRUSTER_TEMP_1,20.7546,16,0,40,1,1,2,0,960,57640.0
2025-01-01 16:00:50,THRUSTER_TEMP_2,18.1185,16,0,50,1,1,2,0,960,57650.0
2025-01-01 16:01:00,PAYLOAD_TEMP_CAM,21.2568,16,1,0,1,1,2,0,961,57660.0
2025-01-01 16:01:10,PAYLOAD_TEMP_SENSOR,20.6708,16,1,10,1,1,2,0,961,57670.0
2025-01-01 16:01:20,OBC_TEMP,37.9516,16,1,20,1,1,2,0,961,57680.0
2025-01-01 16:01:30,TRANS_TEMP,33.3309,16,1,30,1,1,2,0,961,57690.0
2025-01-01 16:01:40,STRUCT_TEMP_PANEL_X,12.1385,16,1,40,1,1,2,0,961,57700.0
2025-01-01 16:01:50,STRUCT_TEMP_PANEL_Y,13.3011,16,1,50,1,1,2,0,961,57710.0
2025-01-01 16:02:00,STRUCT_TEMP_PANEL_Z,9.9437,16,2,0,1,1,2,0,962,57720.0
2025-01-01 16:02:10,RADIATOR_TEMP,-17.4487,16,2,10,1,1,2,0,962,57730.0
2025-01-01 16:02:20,GYRO_X,-0.0339,16,2,20,1,1,2,0,962,57740.0
2025-01-01 16:02:30,GYRO_Y,-0.0357,16,2,30,1,1,2,0,962,57750.0
2025-01-01 16:02:40,GYRO_Z,-0.0343,16,2,40,1,1,2,0,962,57760.0
2025-01-01 16:02:50,MAGNETOMETER_X,-21.2663,16,2,50,1,1,2,0,962,57770.0
2025-01-01 16:03:00,MAGNETOMETER_Y,-28.3554,16,3,0,1,1,2,0,963,57780.0
2025-01-01 16:03:10,MAGNETOMETER_Z,-20.084,16,3,10,1,1,2,0,963,57790.0
2025-01-01 16:03:20,REACTION_WHEEL_SPD_X,-1726.0934,16,3,20,1,1,2,0,963,57800.0
2025-01-01 16:03:30,REACTION_WHEEL_SPD_Y,-290.4101,16,3,30,1,1,2,0,963,57810.0
2025-01-01 16:03:40,REACTION_WHEEL_SPD_Z,-1173.5087,16,3,40,1,1,2,0,963,57820.0
2025-01-01 16:03:50,ATTITUDE_ROLL,-1.2633,16,3,50,1,1,2,0,963,57830.0
2025-01-01 16:04:00,ATTITUDE_PITCH,-1.7005,16,4,0,1,1,2,0,964,57840.0
2025-01-01 16:04:10,ATTITUDE_YAW,-1.5141,16,4,10,1,1,2,0,964,57850.0
2025-01-01 16:04:20,STAR_TRACKER_VALID,0.3138,16,4,20,1,1,2,0,964,57860.0
2025-01-01 16:04:30,SUN_SENSOR_ANGLE,81.0656,16,4,30,1,1,2,0,964,57870.0
2025-01-01 16:04:40,RF_SIGNAL_STRENGTH,-75.4482,16,4,40,1,1,2,0,964,57880.0
2025-01-01 16:04:50,RF_NOISE_FLOOR,-100.9185,16,4,50,1,1,2,0,964,57890.0
2025-01-01 16:05:00,TX_POWER,1.8771,16,5,0,1,1,2,0,965,57900.0
2025-01-01 16:05:10,LINK_MARGIN,10.6789,16,5,10,1,1,2,0,965,57910.0
2025-01-01 16:05:20,DATA_RATE_KBPS,124.107,16,5,20,1,1,2,0,965,57920.0
2025-01-01 16:05:30,PACKET_LOSS_RATE,1.0125,16,5,30,1,1,2,0,965,57930.0
2025-01-01 16:05:40,CPU_USAGE,24.5469,16,5,40,1,1,2,0,965,57940.0
2025-01-01 16:05:50,MEMORY_USAGE,53.753,16,5,50,1,1,2,0,965,57950.0
2025-01-01 16:06:00,FLASH_WRITE_RATE,1.557,16,6,0,1,1,2,0,966,57960.0
2025-01-01 16:06:10,WATCHDOG_COUNTER,31.9584,16,6,10,1,1,2,0,966,57970.0
2025-01-01 16:06:20,TANK_PRESSURE,288.0151,16,6,20,1,1,2,0,966,57980.0
2025-01-01 16:06:30,THRUSTER_VALVE_TEMP,15.3071,16,6,30,1,1,2,0,966,57990.0
2025-01-01 16:06:40,BATT_VOLTAGE_1,27.8795,16,6,40,1,1,2,0,966,58000.0
2025-01-01 16:06:50,BATT_VOLTAGE_2,28.0954,16,6,50,1,1,2,0,966,58010.0
2025-01-01 16:07:00,BATT_CURRENT_1,2.3524,16,7,0,1,1,2,0,967,58020.0
2025-01-01 16:07:10,BATT_CURRENT_2,1.9015,16,7,10,1,1,2,0,967,58030.0
2025-01-01 16:07:20,BATT_TEMP_1,19.6581,16,7,20,1,1,2,0,967,58040.0
2025-01-01 16:07:30,BATT_TEMP_2,20.3764,16,7,30,1,1,2,0,967,58050.0
2025-01-01 16:07:40,BATT_SOC,75.9127,16,7,40,1,1,2,0,967,58060.0
2025-01-01 16:07:50,SOLAR_PANEL_VOLT_A,30.1107,16,7,50,1,1,2,0,967,58070.0
2025-01-01 16:08:00,SOLAR_PANEL_VOLT_B,30.5179,16,8,0,1,1,2,0,968,58080.0
2025-01-01 16:08:10,SOLAR_PANEL_CURR_A,5.073,16,8,10,1,1,2,0,968,58090.0
2025-01-01 16:08:20,SOLAR_PANEL_CURR_B,4.309,16,8,20,1,1,2,0,968,58100.0
2025-01-01 16:08:30,SOLAR_POWER_TOTAL,91.3765,16,8,30,1,1,2,0,968,58110.0
2025-01-01 16:08:40,BUS_VOLTAGE,28.177,16,8,40,1,1,2,0,968,58120.0
2025-01-01 16:08:50,BUS_CURRENT,6.5689,16,8,50,1,1,2,0,968,58130.0
2025-01-01 16:09:00,THRUSTER_TEMP_1,18.7716,16,9,0,1,1,2,0,969,58140.0
2025-01-01 16:09:10,THRUSTER_TEMP_2,18.5974,16,9,10,1,1,2,0,969,58150.0
2025-01-01 16:09:20,PAYLOAD_TEMP_CAM,21.767,16,9,20,1,1,2,0,969,58160.0
2025-01-01 16:09:30,PAYLOAD_TEMP_SENSOR,20.203,16,9,30,1,1,2,0,969,58170.0
2025-01-01 16:09:40,OBC_TEMP,39.9647,16,9,40,1,1,2,0,969,58180.0
2025-01-01 16:09:50,TRANS_TEMP,41.4896,16,9,50,1,1,2,0,969,58190.0
2025-01-01 16:10:00,STRUCT_TEMP_PANEL_X,11.3217,16,10,0,1,1,2,0,970,58200.0
2025-01-01 16:10:10,STRUCT_TEMP_PANEL_Y,5.4703,16,10,10,1,1,2,0,970,58210.0
2025-01-01 16:10:20,STRUCT_TEMP_PANEL_Z,10.6899,16,10,20,1,1,2,0,970,58220.0
2025-01-01 16:10:30,RADIATOR_TEMP,-18.7859,16,10,30,1,1,2,0,970,58230.0
2025-01-01 16:10:40,GYRO_X,-0.0366,16,10,40,1,1,2,0,970,58240.0
2025-01-01 16:10:50,GYRO_Y,0.0135,16,10,50,1,1,2,0,970,58250.0
2025-01-01 16:11:00,GYRO_Z,-0.0068,16,11,0,1,1,2,0,971,58260.0
2025-01-01 16:11:10,MAGNETOMETER_X,-31.4951,16,11,10,1,1,2,0,971,58270.0
2025-01-01 16:11:20,MAGNETOMETER_Y,-30.6331,16,11,20,1,1,2,0,971,58280.0
2025-01-01 16:11:30,MAGNETOMETER_Z,-32.067,16,11,30,1,1,2,0,971,58290.0
2025-01-01 16:11:40,REACTION_WHEEL_SPD_X,-1187.1356,16,11,40,1,1,2,0,971,58300.0
2025-01-01 16:11:50,REACTION_WHEEL_SPD_Y,-992.2296,16,11,50,1,1,2,0,971,58310.0
2025-01-01 16:12:00,REACTION_WHEEL_SPD_Z,-1705.6544,16,12,0,1,1,2,0,972,58320.0
2025-01-01 16:12:10,ATTITUDE_ROLL,-0.7798,16,12,10,1,1,2,0,972,58330.0
2025-01-01 16:12:20,ATTITUDE_PITCH,-1.2125,16,12,20,1,1,2,0,972,58340.0
2025-01-01 16:12:30,ATTITUDE_YAW,-0.5693,16,12,30,1,1,2,0,972,58350.0
2025-01-01 16:12:40,STAR_TRACKER_VALID,0.3689,16,12,40,1,1,2,0,972,58360.0
2025-01-01 16:12:50,SUN_SENSOR_ANGLE,118.7222,16,12,50,1,1,2,0,972,58370.0
2025-01-01 16:13:00,RF_SIGNAL_STRENGTH,-65.0261,16,13,0,1,1,2,0,973,58380.0
2025-01-01 16:13:10,RF_NOISE_FLOOR,-101.755,16,13,10,1,1,2,0,973,58390.0
2025-01-01 16:13:20,TX_POWER,2.1028,16,13,20,1,1,2,0,973,58400.0
2025-01-01 16:13:30,LINK_MARGIN,13.0578,16,13,30,1,1,2,0,973,58410.0
2025-01-01 16:13:40,DATA_RATE_KBPS,96.8027,16,13,40,1,1,2,0,973,58420.0
2025-01-01 16:13:50,PACKET_LOSS_RATE,0.6259,16,13,50,1,1,2,0,973,58430.0
2025-01-01 16:14:00,CPU_USAGE,30.9938,16,14,0,1,1,2,0,974,58440.0
2025-01-01 16:14:10,MEMORY_USAGE,38.632,16,14,10,1,1,2,0,974,58450.0
2025-01-01 16:14:20,FLASH_WRITE_RATE,1.8561,16,14,20,1,1,2,0,974,58460.0
2025-01-01 16:14:30,WATCHDOG_COUNTER,22.5368,16,14,30,1,1,2,0,974,58470.0
2025-01-01 16:14:40,TANK_PRESSURE,290.1661,16,14,40,1,1,2,0,974,58480.0
2025-01-01 16:14:50,THRUSTER_VALVE_TEMP,16.7041,16,14,50,1,1,2,0,974,58490.0
2025-01-01 16:15:00,BATT_VOLTAGE_1,27.3535,16,15,0,1,1,2,0,975,58500.0
2025-01-01 16:15:10,BATT_VOLTAGE_2,27.3033,16,15,10,1,1,2,0,975,58510.0
2025-01-01 16:15:20,BATT_CURRENT_1,1.8897,16,15,20,1,1,2,0,975,58520.0
2025-01-01 16:15:30,BATT_CURRENT_2,1.9773,16,15,30,1,1,2,0,975,58530.0
2025-01-01 16:15:40,BATT_TEMP_1,20.5486,16,15,40,1,1,2,0,975,58540.0
2025-01-01 16:15:50,BATT_TEMP_2,21.756,16,15,50,1,1,2,0,975,58550.0
2025-01-01 16:16:00,BATT_SOC,71.6269,16,16,0,1,1,2,0,976,58560.0
2025-01-01 16:16:10,SOLAR_PANEL_VOLT_A,29.3932,16,16,10,1,1,2,0,976,58570.0
2025-01-01 16:16:20,SOLAR_PANEL_VOLT_B,31.4855,16,16,20,1,1,2,0,976,58580.0
2025-01-01 16:16:30,SOLAR_PANEL_CURR_A,4.7383,16,16,30,1,1,2,0,976,58590.0
2025-01-01 16:16:40,SOLAR_PANEL_CURR_B,4.5819,16,16,40,1,1,2,0,976,58600.0
2025-01-01 16:16:50,SOLAR_POWER_TOTAL,90.9405,16,16,50,1,1,2,0,976,58610.0
2025-01-01 16:17:00,BUS_VOLTAGE,27.8841,16,17,0,1,1,2,0,977,58620.0
2025-01-01 16:17:10,BUS_CURRENT,7.1537,16,17,10,1,1,2,0,977,58630.0
2025-01-01 16:17:20,THRUSTER_TEMP_1,19.4436,16,17,20,1,1,2,0,977,58640.0
2025-01-01 16:17:30,THRUSTER_TEMP_2,19.3918,16,17,30,1,1,2,0,977,58650.0
2025-01-01 16:17:40,PAYLOAD_TEMP_CAM,22.8911,16,17,40,1,1,2,0,977,58660.0
2025-01-01 16:17:50,PAYLOAD_TEMP_SENSOR,22.0652,16,17,50,1,1,2,0,977,58670.0
2025-01-01 16:18:00,OBC_TEMP,44.0025,16,18,0,1,1,2,0,978,58680.0
2025-01-01 16:18:10,TRANS_TEMP,36.5772,16,18,10,1,1,2,0,978,58690.0
2025-01-01 16:18:20,STRUCT_TEMP_PANEL_X,10.3349,16,18,20,1,1,2,0,978,58700.0
2025-01-01 16:18:30,STRUCT_TEMP_PANEL_Y,4.0737,16,18,30,1,1,2,0,978,58710.0
2025-01-01 16:18:40,STRUCT_TEMP_PANEL_Z,8.1907,16,18,40,1,1,2,0,978,58720.0
2025-01-01 16:18:50,RADIATOR_TEMP,-21.5778,16,18,50,1,1,2,0,978,58730.0
2025-01-01 16:19:00,GYRO_X,-0.0306,16,19,0,1,1,2,0,979,58740.0
2025-01-01 16:19:10,GYRO_Y,0.0034,16,19,10,1,1,2,0,979,58750.0
2025-01-01 16:19:20,GYRO_Z,-0.0252,16,19,20,1,1,2,0,979,58760.0
2025-01-01 16:19:30,MAGNETOMETER_X,-32.6332,16,19,30,1,1,2,0,979,58770.0
2025-01-01 16:19:40,MAGNETOMETER_Y,-25.0372,16,19,40,1,1,2,0,979,58780.0
2025-01-01 16:19:50,MAGNETOMETER_Z,-20.034,16,19,50,1,1,2,0,979,58790.0
2025-01-01 16:20:00,REACTION_WHEEL_SPD_X,-1170.2256,16,20,0,1,1,2,0,980,58800.0
2025-01-01 16:20:10,REACTION_WHEEL_SPD_Y,-41.3757,16,20,10,1,1,2,0,980,58810.0
2025-01-01 16:20:20,REACTION_WHEEL_SPD_Z,-1551.9271,16,20,20,1,1,2,0,980,58820.0
2025-01-01 16:20:30,ATTITUDE_ROLL,0.6044,16,20,30,1,1,2,0,980,58830.0
2025-01-01 16:20:40,ATTITUDE_PITCH,0.3963,16,20,40,1,1,2,0,980,58840.0
2025-01-01 16:20:50,ATTITUDE_YAW,-1.2014,16,20,50,1,1,2,0,980,58850.0
2025-01-01 16:21:00,STAR_TRACKER_VALID,0.5134,16,21,0,1,1,2,0,981,58860.0
2025-01-01 16:21:10,SUN_SENSOR_ANGLE,91.3294,16,21,10,1,1,2,0,981,58870.0
2025-01-01 16:21:20,RF_SIGNAL_STRENGTH,-75.98,16,21,20,1,1,2,0,981,58880.0
2025-01-01 16:21:30,RF_NOISE_FLOOR,-92.7751,16,21,30,1,1,2,0,981,58890.0
2025-01-01 16:21:40,TX_POWER,1.6186,16,21,40,1,1,2,0,981,58900.0
2025-01-01 16:21:50,LINK_MARGIN,17.4687,16,21,50,1,1,2,0,981,58910.0
2025-01-01 16:22:00,DATA_RATE_KBPS,90.5484,16,22,0,1,1,2,0,982,58920.0
2025-01-01 16:22:10,PACKET_LOSS_RATE,0.5633,16,22,10,1,1,2,0,982,58930.0
2025-01-01 16:22:20,CPU_USAGE,23.3653,16,22,20,1,1,2,0,982,58940.0
2025-01-01 16:22:30,MEMORY_USAGE,50.5411,16,22,30,1,1,2,0,982,58950.0
2025-01-01 16:22:40,FLASH_WRITE_RATE,1.2525,16,22,40,1,1,2,0,982,58960.0
2025-01-01 16:22:50,WATCHDOG_COUNTER,36.1806,16,22,50,1,1,2,0,982,58970.0
2025-01-01 16:23:00,TANK_PRESSURE,301.2355,16,23,0,1,1,2,0,983,58980.0
2025-01-01 16:23:10,THRUSTER_VALVE_TEMP,14.7081,16,23,10,1,1,2,0,983,58990.0
2025-01-01 16:23:20,BATT_VOLTAGE_1,28.1359,16,23,20,1,1,2,0,983,59000.0
2025-01-01 16:23:30,BATT_VOLTAGE_2,27.8845,16,23,30,1,1,2,0,983,59010.0
2025-01-01 16:23:40,BATT_CURRENT_1,2.0016,16,23,40,1,1,2,0,983,59020.0
2025-01-01 16:23:50,BATT_CURRENT_2,2.2112,16,23,50,1,1,2,0,983,59030.0
2025-01-01 16:24:00,BATT_TEMP_1,23.3047,16,24,0,1,1,2,0,984,59040.0
2025-01-01 16:24:10,BATT_TEMP_2,27.3723,16,24,10,1,1,2,0,984,59050.0
2025-01-01 16:24:20,BATT_SOC,68.4548,16,24,20,1,1,2,0,984,59060.0
2025-01-01 16:24:30,SOLAR_PANEL_VOLT_A,29.9869,16,24,30,1,1,2,0,984,59070.0
2025-01-01 16:24:40,SOLAR_PANEL_VOLT_B,29.4486,16,24,40,1,1,2,0,984,59080.0
2025-01-01 16:24:50,SOLAR_PANEL_CURR_A,4.3274,16,24,50,1,1,2,0,984,59090.0
2025-01-01 16:25:00,SOLAR_PANEL_CURR_B,4.4152,16,25,0,1,1,2,0,985,59100.0
2025-01-01 16:25:10,SOLAR_POWER_TOTAL,110.4248,16,25,10,1,1,2,0,985,59110.0
2025-01-01 16:25:20,BUS_VOLTAGE,28.3217,16,25,20,1,1,2,0,985,59120.0
2025-01-01 16:25:30,BUS_CURRENT,9.3593,16,25,30,1,1,2,0,985,59130.0
2025-01-01 16:25:40,THRUSTER_TEMP_1,18.908,16,25,40,1,1,2,0,985,59140.0
2025-01-01 16:25:50,THRUSTER_TEMP_2,19.4738,16,25,50,1,1,2,0,985,59150.0
2025-01-01 16:26:00,PAYLOAD_TEMP_CAM,23.0986,16,26,0,1,1,2,0,986,59160.0
2025-01-01 16:26:10,PAYLOAD_TEMP_SENSOR,20.4052,16,26,10,1,1,2,0,986,59170.0
2025-01-01 16:26:20,OBC_TEMP,41.1446,16,26,20,1,1,2,0,986,59180.0
2025-01-01 16:26:30,TRANS_TEMP,32.5166,16,26,30,1,1,2,0,986,59190.0
2025-01-01 16:26:40,STRUCT_TEMP_PANEL_X,2.8931,16,26,40,1,1,2,0,986,59200.0
2025-01-01 16:26:50,STRUCT_TEMP_PANEL_Y,14.5748,16,26,50,1,1,2,0,986,59210.0
2025-01-01 16:27:00,STRUCT_TEMP_PANEL_Z,6.882,16,27,0,1,1,2,0,987,59220.0
2025-01-01 16:27:10,RADIATOR_TEMP,-9.394,16,27,10,1,1,2,0,987,59230.0
2025-01-01 16:27:20,GYRO_X,-0.0408,16,27,20,1,1,2,0,987,59240.0
2025-01-01 16:27:30,GYRO_Y,0.0326,16,27,30,1,1,2,0,987,59250.0
2025-01-01 16:27:40,GYRO_Z,-0.0187,16,27,40,1,1,2,0,987,59260.0
2025-01-01 16:27:50,MAGNETOMETER_X,22.108,16,27,50,1,1,2,0,987,59270.0
2025-01-01 16:28:00,MAGNETOMETER_Y,-32.4199,16,28,0,1,1,2,0,988,59280.0
2025-01-01 16:28:10,MAGNETOMETER_Z,-36.791,16,28,10,1,1,2,0,988,59290.0
2025-01-01 16:28:20,REACTION_WHEEL_SPD_X,-1210.3143,16,28,20,1,1,2,0,988,59300.0
2025-01-01 16:28:30,REACTION_WHEEL_SPD_Y,492.3741,16,28,30,1,1,2,0,988,59310.0
2025-01-01 16:28:40,REACTION_WHEEL_SPD_Z,174.8371,16,28,40,1,1,2,0,988,59320.0
2025-01-01 16:28:50,ATTITUDE_ROLL,-1.5458,16,28,50,1,1,2,0,988,59330.0
2025-01-01 16:29:00,ATTITUDE_PITCH,0.0737,16,29,0,1,1,2,0,989,59340.0
2025-01-01 16:29:10,ATTITUDE_YAW,-3.0975,16,29,10,1,1,2,0,989,59350.0
2025-01-01 16:29:20,STAR_TRACKER_VALID,0.2489,16,29,20,1,1,2,0,989,59360.0
2025-01-01 16:29:30,SUN_SENSOR_ANGLE,78.3603,16,29,30,1,1,2,0,989,59370.0
2025-01-01 16:29:40,RF_SIGNAL_STRENGTH,-64.795,16,29,40,1,1,2,0,989,59380.0
2025-01-01 16:29:50,RF_NOISE_FLOOR,-95.8371,16,29,50,1,1,2,0,989,59390.0
2025-01-01 16:30:00,TX_POWER,2.276,16,30,0,1,1,2,0,990,59400.0
2025-01-01 16:30:10,LINK_MARGIN,13.2303,16,30,10,1,1,2,0,990,59410.0
2025-01-01 16:30:20,DATA_RATE_KBPS,106.996,16,30,20,1,1,2,0,990,59420.0
2025-01-01 16:30:30,PACKET_LOSS_RATE,0.6179,16,30,30,1,1,2,0,990,59430.0
2025-01-01 16:30:40,CPU_USAGE,25.2904,16,30,40,1,1,2,0,990,59440.0
2025-01-01 16:30:50,MEMORY_USAGE,42.0426,16,30,50,1,1,2,0,990,59450.0
2025-01-01 16:31:00,FLASH_WRITE_RATE,2.2209,16,31,0,1,1,2,0,991,59460.0
2025-01-01 16:31:10,WATCHDOG_COUNTER,44.3627,16,31,10,1,1,2,0,991,59470.0
2025-01-01 16:31:20,TANK_PRESSURE,291.105,16,31,20,1,1,2,0,991,59480.0
2025-01-01 16:31:30,THRUSTER_VALVE_TEMP,13.8044,16,31,30,1,1,2,0,991,59490.0
2025-01-01 16:31:40,BATT_VOLTAGE_1,27.2883,16,31,40,1,1,2,0,991,59500.0
2025-01-01 16:31:50,BATT_VOLTAGE_2,27.4515,16,31,50,1,1,2,0,991,59510.0
2025-01-01 16:32:00,BATT_CURRENT_1,1.8483,16,32,0,1,1,2,0,992,59520.0
2025-01-01 16:32:10,BATT_CURRENT_2,2.5894,16,32,10,1,1,2,0,992,59530.0
2025-01-01 16:32:20,BATT_TEMP_1,22.6638,16,32,20,1,1,2,0,992,59540.0
2025-01-01 16:32:30,BATT_TEMP_2,25.9808,16,32,30,1,1,2,0,992,59550.0
2025-01-01 16:32:40,BATT_SOC,70.8105,16,32,40,1,1,2,0,992,59560.0
2025-01-01 16:32:50,SOLAR_PANEL_VOLT_A,30.3718,16,32,50,1,1,2,0,992,59570.0
2025-01-01 16:33:00,SOLAR_PANEL_VOLT_B,29.6001,16,33,0,1,1,2,0,993,59580.0
2025-01-01 16:33:10,SOLAR_PANEL_CURR_A,5.2616,16,33,10,1,1,2,0,993,59590.0
2025-01-01 16:33:20,SOLAR_PANEL_CURR_B,4.0974,16,33,20,1,1,2,0,993,59600.0
2025-01-01 16:33:30,SOLAR_POWER_TOTAL,91.7727,16,33,30,1,1,2,0,993,59610.0
2025-01-01 16:33:40,BUS_VOLTAGE,28.6641,16,33,40,1,1,2,0,993,59620.0
2025-01-01 16:33:50,BUS_CURRENT,7.1309,16,33,50,1,1,2,0,993,59630.0
2025-01-01 16:34:00,THRUSTER_TEMP_1,19.7529,16,34,0,1,1,2,0,994,59640.0
2025-01-01 16:34:10,THRUSTER_TEMP_2,18.5171,16,34,10,1,1,2,0,994,59650.0
2025-01-01 16:34:20,PAYLOAD_TEMP_CAM,21.3157,16,34,20,1,1,2,0,994,59660.0
2025-01-01 16:34:30,PAYLOAD_TEMP_SENSOR,21.6487,16,34,30,1,1,2,0,994,59670.0
2025-01-01 16:34:40,OBC_TEMP,37.9714,16,34,40,1,1,2,0,994,59680.0
2025-01-01 16:34:50,TRANS_TEMP,37.0393,16,34,50,1,1,2,0,994,59690.0
2025-01-01 16:35:00,STRUCT_TEMP_PANEL_X,4.9516,16,35,0,1,1,2,0,995,59700.0
2025-01-01 16:35:10,STRUCT_TEMP_PANEL_Y,14.5591,16,35,10,1,1,2,0,995,59710.0
2025-01-01 16:35:20,STRUCT_TEMP_PANEL_Z,7.0106,16,35,20,1,1,2,0,995,59720.0
2025-01-01 16:35:30,RADIATOR_TEMP,-16.6464,16,35,30,1,1,2,0,995,59730.0
2025-01-01 16:35:40,GYRO_X,-0.0287,16,35,40,1,1,2,0,995,59740.0
2025-01-01 16:35:50,GYRO_Y,-0.0269,16,35,50,1,1,2,0,995,59750.0
2025-01-01 16:36:00,GYRO_Z,-0.0362,16,36,0,1,1,2,0,996,59760.0
2025-01-01 16:36:10,MAGNETOMETER_X,-32.7294,16,36,10,1,1,2,0,996,59770.0
2025-01-01 16:36:20,MAGNETOMETER_Y,14.247,16,36,20,1,1,2,0,996,59780.0
2025-01-01 16:36:30,MAGNETOMETER_Z,10.1153,16,36,30,1,1,2,0,996,59790.0
2025-01-01 16:36:40,REACTION_WHEEL_SPD_X,273.5752,16,36,40,1,1,2,0,996,59800.0
2025-01-01 16:36:50,REACTION_WHEEL_SPD_Y,-763.5557,16,36,50,1,1,2,0,996,59810.0
2025-01-01 16:37:00,REACTION_WHEEL_SPD_Z,-664.1457,16,37,0,1,1,2,0,997,59820.0
2025-01-01 16:37:10,ATTITUDE_ROLL,-1.1349,16,37,10,1,1,2,0,997,59830.0
2025-01-01 16:37:20,ATTITUDE_PITCH,-0.3607,16,37,20,1,1,2,0,997,59840.0
2025-01-01 16:37:30,ATTITUDE_YAW,-0.8978,16,37,30,1,1,2,0,997,59850.0
2025-01-01 16:37:40,STAR_TRACKER_VALID,0.2847,16,37,40,1,1,2,0,997,59860.0
2025-01-01 16:37:50,SUN_SENSOR_ANGLE,59.5183,16,37,50,1,1,2,0,997,59870.0
2025-01-01 16:38:00,RF_SIGNAL_STRENGTH,-67.5558,16,38,0,1,1,2,0,998,59880.0
2025-01-01 16:38:10,RF_NOISE_FLOOR,-89.5496,16,38,10,1,1,2,0,998,59890.0
2025-01-01 16:38:20,TX_POWER,1.8134,16,38,20,1,1,2,0,998,59900.0
2025-01-01 16:38:30,LINK_MARGIN,10.9006,16,38,30,1,1,2,0,998,59910.0
2025-01-01 16:38:40,DATA_RATE_KBPS,125.3365,16,38,40,1,1,2,0,998,59920.0
2025-01-01 16:38:50,PACKET_LOSS_RATE,0.7111,16,38,50,1,1,2,0,998,59930.0
2025-01-01 16:39:00,CPU_USAGE,23.9327,16,39,0,1,1,2,0,999,59940.0
2025-01-01 16:39:10,MEMORY_USAGE,43.1249,16,39,10,1,1,2,0,999,59950.0
2025-01-01 16:39:20,FLASH_WRITE_RATE,2.8373,16,39,20,1,1,2,0,999,59960.0
2025-01-01 16:39:30,WATCHDOG_COUNTER,34.4097,16,39,30,1,1,2,0,999,59970.0
2025-01-01 16:39:40,TANK_PRESSURE,288.8248,16,39,40,1,1,2,0,999,59980.0
2025-01-01 16:39:50,THRUSTER_VALVE_TEMP,19.0976,16,39,50,1,1,2,0,999,59990.0
2025-01-01 16:40:00,BATT_VOLTAGE_1,27.3817,16,40,0,1,1,2,0,1000,60000.0
2025-01-01 16:40:10,BATT_VOLTAGE_2,28.0972,16,40,10,1,1,2,0,1000,60010.0
2025-01-01 16:40:20,BATT_CURRENT_1,2.7806,16,40,20,1,1,2,0,1000,60020.0
2025-01-01 16:40:30,BATT_CURRENT_2,1.8102,16,40,30,1,1,2,0,1000,60030.0
2025-01-01 16:40:40,BATT_TEMP_1,21.7035,16,40,40,1,1,2,0,1000,60040.0
2025-01-01 16:40:50,BATT_TEMP_2,22.7315,16,40,50,1,1,2,0,1000,60050.0
2025-01-01 16:41:00,BATT_SOC,79.5644,16,41,0,1,1,2,0,1001,60060.0
2025-01-01 16:41:10,SOLAR_PANEL_VOLT_A,29.5639,16,41,10,1,1,2,0,1001,60070.0
2025-01-01 16:41:20,SOLAR_PANEL_VOLT_B,31.4408,16,41,20,1,1,2,0,1001,60080.0
2025-01-01 16:41:30,SOLAR_PANEL_CURR_A,4.2739,16,41,30,1,1,2,0,1001,60090.0
2025-01-01 16:41:40,SOLAR_PANEL_CURR_B,6.2604,16,41,40,1,1,2,0,1001,60100.0
2025-01-01 16:41:50,SOLAR_POWER_TOTAL,96.6775,16,41,50,1,1,2,0,1001,60110.0
2025-01-01 16:42:00,BUS_VOLTAGE,28.0872,16,42,0,1,1,2,0,1002,60120.0
2025-01-01 16:42:10,BUS_CURRENT,6.5026,16,42,10,1,1,2,0,1002,60130.0
2025-01-01 16:42:20,THRUSTER_TEMP_1,24.2745,16,42,20,1,1,2,0,1002,60140.0
2025-01-01 16:42:30,THRUSTER_TEMP_2,19.9344,16,42,30,1,1,2,0,1002,60150.0
2025-01-01 16:42:40,PAYLOAD_TEMP_CAM,22.835,16,42,40,1,1,2,0,1002,60160.0
2025-01-01 16:42:50,PAYLOAD_TEMP_SENSOR,20.4976,16,42,50,1,1,2,0,1002,60170.0
2025-01-01 16:43:00,OBC_TEMP,37.5589,16,43,0,1,1,2,0,1003,60180.0
2025-01-01 16:43:10,TRANS_TEMP,33.6154,16,43,10,1,1,2,0,1003,60190.0
2025-01-01 16:43:20,STRUCT_TEMP_PANEL_X,5.1132,16,43,20,1,1,2,0,1003,60200.0
2025-01-01 16:43:30,STRUCT_TEMP_PANEL_Y,7.1542,16,43,30,1,1,2,0,1003,60210.0
2025-01-01 16:43:40,STRUCT_TEMP_PANEL_Z,25.6354,16,43,40,1,1,2,0,1003,60220.0
2025-01-01 16:43:50,RADIATOR_TEMP,-18.8411,16,43,50,1,1,2,0,1003,60230.0
2025-01-01 16:44:00,GYRO_X,-0.038,16,44,0,1,1,2,0,1004,60240.0
2025-01-01 16:44:10,GYRO_Y,-0.0014,16,44,10,1,1,2,0,1004,60250.0
2025-01-01 16:44:20,GYRO_Z,-0.0111,16,44,20,1,1,2,0,1004,60260.0
2025-01-01 16:44:30,MAGNETOMETER_X,8.8221,16,44,30,1,1,2,0,1004,60270.0
2025-01-01 16:44:40,MAGNETOMETER_Y,-28.807,16,44,40,1,1,2,0,1004,60280.0
2025-01-01 16:44:50,MAGNETOMETER_Z,-15.8015,16,44,50,1,1,2,0,1004,60290.0
2025-01-01 16:45:00,REACTION_WHEEL_SPD_X,-937.176,16,45,0,1,1,2,0,1005,60300.0
2025-01-01 16:45:10,REACTION_WHEEL_SPD_Y,-1235.5236,16,45,10,1,1,2,0,1005,60310.0
2025-01-01 16:45:20,REACTION_WHEEL_SPD_Z,-1397.5041,16,45,20,1,1,2,0,1005,60320.0
2025-01-01 16:45:30,ATTITUDE_ROLL,-1.6755,16,45,30,1,1,2,0,1005,60330.0
2025-01-01 16:45:40,ATTITUDE_PITCH,-1.8619,16,45,40,1,1,2,0,1005,60340.0
2025-01-01 16:45:50,ATTITUDE_YAW,0.5305,16,45,50,1,1,2,0,1005,60350.0
2025-01-01 16:46:00,STAR_TRACKER_VALID,0.2518,16,46,0,1,1,2,0,1006,60360.0
2025-01-01 16:46:10,SUN_SENSOR_ANGLE,52.5433,16,46,10,1,1,2,0,1006,60370.0
2025-01-01 16:46:20,RF_SIGNAL_STRENGTH,-73.7572,16,46,20,1,1,2,0,1006,60380.0
2025-01-01 16:46:30,RF_NOISE_FLOOR,-99.4287,16,46,30,1,1,2,0,1006,60390.0
2025-01-01 16:46:40,TX_POWER,2.9423,16,46,40,1,1,2,0,1006,60400.0
2025-01-01 16:46:50,LINK_MARGIN,14.2959,16,46,50,1,1,2,0,1006,60410.0
2025-01-01 16:47:00,DATA_RATE_KBPS,123.8609,16,47,0,1,1,2,0,1007,60420.0
2025-01-01 16:47:10,PACKET_LOSS_RATE,1.2389,16,47,10,1,1,2,0,1007,60430.0
2025-01-01 16:47:20,CPU_USAGE,26.0916,16,47,20,1,1,2,0,1007,60440.0
2025-01-01 16:47:30,MEMORY_USAGE,49.8255,16,47,30,1,1,2,0,1007,60450.0
2025-01-01 16:47:40,FLASH_WRITE_RATE,3.0553,16,47,40,1,1,2,0,1007,60460.0
2025-01-01 16:47:50,WATCHDOG_COUNTER,21.9886,16,47,50,1,1,2,0,1007,60470.0
2025-01-01 16:48:00,TANK_PRESSURE,297.796,16,48,0,1,1,2,0,1008,60480.0
2025-01-01 16:48:10,THRUSTER_VALVE_TEMP,16.1701,16,48,10,1,1,2,0,1008,60490.0
2025-01-01 16:48:20,BATT_VOLTAGE_1,27.3405,16,48,20,1,1,2,0,1008,60500.0
2025-01-01 16:48:30,BATT_VOLTAGE_2,27.7723,16,48,30,1,1,2,0,1008,60510.0
2025-01-01 16:48:40,BATT_CURRENT_1,2.8027,16,48,40,1,1,2,0,1008,60520.0
2025-01-01 16:48:50,BATT_CURRENT_2,2.565,16,48,50,1,1,2,0,1008,60530.0
2025-01-01 16:49:00,BATT_TEMP_1,27.768,16,49,0,1,1,2,0,1009,60540.0
2025-01-01 16:49:10,BATT_TEMP_2,20.5308,16,49,10,1,1,2,0,1009,60550.0
2025-01-01 16:49:20,BATT_SOC,69.0668,16,49,20,1,1,2,0,1009,60560.0
2025-01-01 16:49:30,SOLAR_PANEL_VOLT_A,29.452,16,49,30,1,1,2,0,1009,60570.0
2025-01-01 16:49:40,SOLAR_PANEL_VOLT_B,31.1612,16,49,40,1,1,2,0,1009,60580.0
2025-01-01 16:49:50,SOLAR_PANEL_CURR_A,4.0153,16,49,50,1,1,2,0,1009,60590.0
2025-01-01 16:50:00,SOLAR_PANEL_CURR_B,4.689,16,50,0,1,1,2,0,1010,60600.0
2025-01-01 16:50:10,SOLAR_POWER_TOTAL,93.84,16,50,10,1,1,2,0,1010,60610.0
2025-01-01 16:50:20,BUS_VOLTAGE,28.1549,16,50,20,1,1,2,0,1010,60620.0
2025-01-01 16:50:30,BUS_CURRENT,6.3164,16,50,30,1,1,2,0,1010,60630.0
2025-01-01 16:50:40,THRUSTER_TEMP_1,18.061,16,50,40,1,1,2,0,1010,60640.0
2025-01-01 16:50:50,THRUSTER_TEMP_2,18.7188,16,50,50,1,1,2,0,1010,60650.0
2025-01-01 16:51:00,PAYLOAD_TEMP_CAM,22.3918,16,51,0,1,1,2,0,1011,60660.0
2025-01-01 16:51:10,PAYLOAD_TEMP_SENSOR,23.3943,16,51,10,1,1,2,0,1011,60670.0
2025-01-01 16:51:20,OBC_TEMP,36.5972,16,51,20,1,1,2,0,1011,60680.0
2025-01-01 16:51:30,TRANS_TEMP,33.1397,16,51,30,1,1,2,0,1011,60690.0
2025-01-01 16:51:40,STRUCT_TEMP_PANEL_X,4.3862,16,51,40,1,1,2,0,1011,60700.0
2025-01-01 16:51:50,STRUCT_TEMP_PANEL_Y,3.9014,16,51,50,1,1,2,0,1011,60710.0
2025-01-01 16:52:00,STRUCT_TEMP_PANEL_Z,20.1258,16,52,0,1,1,2,0,1012,60720.0
2025-01-01 16:52:10,RADIATOR_TEMP,-22.9554,16,52,10,1,1,2,0,1012,60730.0
2025-01-01 16:52:20,GYRO_X,-0.0343,16,52,20,1,1,2,0,1012,60740.0
2025-01-01 16:52:30,GYRO_Y,-0.0329,16,52,30,1,1,2,0,1012,60750.0
2025-01-01 16:52:40,GYRO_Z,-0.0396,16,52,40,1,1,2,0,1012,60760.0
2025-01-01 16:52:50,MAGNETOMETER_X,-22.6657,16,52,50,1,1,2,0,1012,60770.0
2025-01-01 16:53:00,MAGNETOMETER_Y,-34.947,16,53,0,1,1,2,0,1013,60780.0
2025-01-01 16:53:10,MAGNETOMETER_Z,4.0575,16,53,10,1,1,2,0,1013,60790.0
2025-01-01 16:53:20,REACTION_WHEEL_SPD_X,-26.3951,16,53,20,1,1,2,0,1013,60800.0
2025-01-01 16:53:30,REACTION_WHEEL_SPD_Y,-1349.5084,16,53,30,1,1,2,0,1013,60810.0
2025-01-01 16:53:40,REACTION_WHEEL_SPD_Z,-389.4124,16,53,40,1,1,2,0,1013,60820.0
2025-01-01 16:53:50,ATTITUDE_ROLL,-1.5454,16,53,50,1,1,2,0,1013,60830.0
2025-01-01 16:54:00,ATTITUDE_PITCH,-0.6967,16,54,0,1,1,2,0,1014,60840.0
2025-01-01 16:54:10,ATTITUDE_YAW,-1.5671,16,54,10,1,1,2,0,1014,60850.0
2025-01-01 16:54:20,STAR_TRACKER_VALID,0.3666,16,54,20,1,1,2,0,1014,60860.0
2025-01-01 16:54:30,SUN_SENSOR_ANGLE,104.2817,16,54,30,1,1,2,0,1014,60870.0
2025-01-01 16:54:40,RF_SIGNAL_STRENGTH,-69.6774,16,54,40,1,1,2,0,1014,60880.0
2025-01-01 16:54:50,RF_NOISE_FLOOR,-101.8988,16,54,50,1,1,2,0,1014,60890.0
2025-01-01 16:55:00,TX_POWER,2.0422,16,55,0,1,1,2,0,1015,60900.0
2025-01-01 16:55:10,LINK_MARGIN,12.1445,16,55,10,1,1,2,0,1015,60910.0
2025-01-01 16:55:20,DATA_RATE_KBPS,95.151,16,55,20,1,1,2,0,1015,60920.0
2025-01-01 16:55:30,PACKET_LOSS_RATE,1.1518,16,55,30,1,1,2,0,1015,60930.0
2025-01-01 16:55:40,CPU_USAGE,22.6905,16,55,40,1,1,2,0,1015,60940.0
2025-01-01 16:55:50,MEMORY_USAGE,50.8913,16,55,50,1,1,2,0,1015,60950.0
2025-01-01 16:56:00,FLASH_WRITE_RATE,1.7459,16,56,0,1,1,2,0,1016,60960.0
2025-01-01 16:56:10,WATCHDOG_COUNTER,50.4071,16,56,10,1,1,2,0,1016,60970.0
2025-01-01 16:56:20,TANK_PRESSURE,295.2258,16,56,20,1,1,2,0,1016,60980.0
2025-01-01 16:56:30,THRUSTER_VALVE_TEMP,14.6707,16,56,30,1,1,2,0,1016,60990.0
2025-01-01 16:56:40,BATT_VOLTAGE_1,28.3909,16,56,40,1,1,2,0,1016,61000.0
2025-01-01 16:56:50,BATT_VOLTAGE_2,27.2698,16,56,50,1,1,2,0,1016,61010.0
2025-01-01 16:57:00,BATT_CURRENT_1,2.0522,16,57,0,1,1,2,0,1017,61020.0
2025-01-01 16:57:10,BATT_CURRENT_2,2.5427,16,57,10,1,1,2,0,1017,61030.0
2025-01-01 16:57:20,BATT_TEMP_1,25.6297,16,57,20,1,1,2,0,1017,61040.0
2025-01-01 16:57:30,BATT_TEMP_2,20.8069,16,57,30,1,1,2,0,1017,61050.0
2025-01-01 16:57:40,BATT_SOC,70.8382,16,57,40,1,1,2,0,1017,61060.0
2025-01-01 16:57:50,SOLAR_PANEL_VOLT_A,29.2946,16,57,50,1,1,2,0,1017,61070.0
2025-01-01 16:58:00,SOLAR_PANEL_VOLT_B,29.4844,16,58,0,1,1,2,0,1018,61080.0
2025-01-01 16:58:10,SOLAR_PANEL_CURR_A,6.1714,16,58,10,1,1,2,0,1018,61090.0
2025-01-01 16:58:20,SOLAR_PANEL_CURR_B,4.5172,16,58,20,1,1,2,0,1018,61100.0
2025-01-01 16:58:30,SOLAR_POWER_TOTAL,93.4649,16,58,30,1,1,2,0,1018,61110.0
2025-01-01 16:58:40,BUS_VOLTAGE,28.3154,16,58,40,1,1,2,0,1018,61120.0
2025-01-01 16:58:50,BUS_CURRENT,9.3788,16,58,50,1,1,2,0,1018,61130.0
2025-01-01 16:59:00,THRUSTER_TEMP_1,18.7489,16,59,0,1,1,2,0,1019,61140.0
2025-01-01 16:59:10,THRUSTER_TEMP_2,18.6711,16,59,10,1,1,2,0,1019,61150.0
2025-01-01 16:59:20,PAYLOAD_TEMP_CAM,20.9601,16,59,20,1,1,2,0,1019,61160.0
2025-01-01 16:59:30,PAYLOAD_TEMP_SENSOR,22.9449,16,59,30,1,1,2,0,1019,61170.0
2025-01-01 16:59:40,OBC_TEMP,46.0465,16,59,40,1,1,2,0,1019,61180.0
2025-01-01 16:59:50,TRANS_TEMP,31.9566,16,59,50,1,1,2,0,1019,61190.0
2025-01-01 17:00:00,STRUCT_TEMP_PANEL_X,10.935,17,0,0,1,1,2,0,1020,61200.0
2025-01-01 17:00:10,STRUCT_TEMP_PANEL_Y,9.1801,17,0,10,1,1,2,0,1020,61210.0
2025-01-01 17:00:20,STRUCT_TEMP_PANEL_Z,23.6772,17,0,20,1,1,2,0,1020,61220.0
2025-01-01 17:00:30,RADIATOR_TEMP,-16.4577,17,0,30,1,1,2,0,1020,61230.0
2025-01-01 17:00:40,GYRO_X,-0.0002,17,0,40,1,1,2,0,1020,61240.0
2025-01-01 17:00:50,GYRO_Y,-0.0373,17,0,50,1,1,2,0,1020,61250.0
2025-01-01 17:01:00,GYRO_Z,-0.0224,17,1,0,1,1,2,0,1021,61260.0
2025-01-01 17:01:10,MAGNETOMETER_X,5.5084,17,1,10,1,1,2,0,1021,61270.0
2025-01-01 17:01:20,MAGNETOMETER_Y,-33.0058,17,1,20,1,1,2,0,1021,61280.0
2025-01-01 17:01:30,MAGNETOMETER_Z,-27.4831,17,1,30,1,1,2,0,1021,61290.0
2025-01-01 17:01:40,REACTION_WHEEL_SPD_X,-1525.5533,17,1,40,1,1,2,0,1021,61300.0
2025-01-01 17:01:50,REACTION_WHEEL_SPD_Y,-1352.9615,17,1,50,1,1,2,0,1021,61310.0
2025-01-01 17:02:00,REACTION_WHEEL_SPD_Z,605.0949,17,2,0,1,1,2,0,1022,61320.0
2025-01-01 17:02:10,ATTITUDE_ROLL,-1.1773,17,2,10,1,1,2,0,1022,61330.0
2025-01-01 17:02:20,ATTITUDE_PITCH,-1.4268,17,2,20,1,1,2,0,1022,61340.0
2025-01-01 17:02:30,ATTITUDE_YAW,-2.0547,17,2,30,1,1,2,0,1022,61350.0
2025-01-01 17:02:40,STAR_TRACKER_VALID,0.4662,17,2,40,1,1,2,0,1022,61360.0
2025-01-01 17:02:50,SUN_SENSOR_ANGLE,109.152,17,2,50,1,1,2,0,1022,61370.0
2025-01-01 17:03:00,RF_SIGNAL_STRENGTH,-74.314,17,3,0,1,1,2,0,1023,61380.0
2025-01-01 17:03:10,RF_NOISE_FLOOR,-87.3352,17,3,10,1,1,2,0,1023,61390.0
2025-01-01 17:03:20,TX_POWER,3.151,17,3,20,1,1,2,0,1023,61400.0
2025-01-01 17:03:30,LINK_MARGIN,15.2929,17,3,30,1,1,2,0,1023,61410.0
2025-01-01 17:03:40,DATA_RATE_KBPS,89.3593,17,3,40,1,1,2,0,1023,61420.0
2025-01-01 17:03:50,PACKET_LOSS_RATE,0.4729,17,3,50,1,1,2,0,1023,61430.0
2025-01-01 17:04:00,CPU_USAGE,23.7253,17,4,0,1,1,2,0,1024,61440.0
2025-01-01 17:04:10,MEMORY_USAGE,39.082,17,4,10,1,1,2,0,1024,61450.0
2025-01-01 17:04:20,FLASH_WRITE_RATE,2.0283,17,4,20,1,1,2,0,1024,61460.0
2025-01-01 17:04:30,WATCHDOG_COUNTER,49.9339,17,4,30,1,1,2,0,1024,61470.0
2025-01-01 17:04:40,TANK_PRESSURE,304.3279,17,4,40,1,1,2,0,1024,61480.0
2025-01-01 17:04:50,THRUSTER_VALVE_TEMP,16.5626,17,4,50,1,1,2,0,1024,61490.0
2025-01-01 17:05:00,BATT_VOLTAGE_1,27.3303,17,5,0,1,1,2,0,1025,61500.0
2025-01-01 17:05:10,BATT_VOLTAGE_2,27.0164,17,5,10,1,1,2,0,1025,61510.0
2025-01-01 17:05:20,BATT_CURRENT_1,2.0044,17,5,20,1,1,2,0,1025,61520.0
2025-01-01 17:05:30,BATT_CURRENT_2,1.7636,17,5,30,1,1,2,0,1025,61530.0
2025-01-01 17:05:40,BATT_TEMP_1,19.6817,17,5,40,1,1,2,0,1025,61540.0
2025-01-01 17:05:50,BATT_TEMP_2,19.9649,17,5,50,1,1,2,0,1025,61550.0
2025-01-01 17:06:00,BATT_SOC,86.8197,17,6,0,1,1,2,0,1026,61560.0
2025-01-01 17:06:10,SOLAR_PANEL_VOLT_A,29.9464,17,6,10,1,1,2,0,1026,61570.0
2025-01-01 17:06:20,SOLAR_PANEL_VOLT_B,29.5082,17,6,20,1,1,2,0,1026,61580.0
2025-01-01 17:06:30,SOLAR_PANEL_CURR_A,5.9537,17,6,30,1,1,2,0,1026,61590.0
2025-01-01 17:06:40,SOLAR_PANEL_CURR_B,4.3689,17,6,40,1,1,2,0,1026,61600.0
2025-01-01 17:06:50,SOLAR_POWER_TOTAL,96.0832,17,6,50,1,1,2,0,1026,61610.0
2025-01-01 17:07:00,BUS_VOLTAGE,28.5645,17,7,0,1,1,2,0,1027,61620.0
2025-01-01 17:07:10,BUS_CURRENT,6.6059,17,7,10,1,1,2,0,1027,61630.0
2025-01-01 17:07:20,THRUSTER_TEMP_1,19.7923,17,7,20,1,1,2,0,1027,61640.0
2025-01-01 17:07:30,THRUSTER_TEMP_2,23.7166,17,7,30,1,1,2,0,1027,61650.0
2025-01-01 17:07:40,PAYLOAD_TEMP_CAM,21.1659,17,7,40,1,1,2,0,1027,61660.0
2025-01-01 17:07:50,PAYLOAD_TEMP_SENSOR,21.4534,17,7,50,1,1,2,0,1027,61670.0
2025-01-01 17:08:00,OBC_TEMP,35.0452,17,8,0,1,1,2,0,1028,61680.0
2025-01-01 17:08:10,TRANS_TEMP,38.4391,17,8,10,1,1,2,0,1028,61690.0
2025-01-01 17:08:20,STRUCT_TEMP_PANEL_X,27.6043,17,8,20,1,1,2,0,1028,61700.0
2025-01-01 17:08:30,STRUCT_TEMP_PANEL_Y,6.254,17,8,30,1,1,2,0,1028,61710.0
2025-01-01 17:08:40,STRUCT_TEMP_PANEL_Z,20.568,17,8,40,1,1,2,0,1028,61720.0
2025-01-01 17:08:50,RADIATOR_TEMP,-19.1435,17,8,50,1,1,2,0,1028,61730.0
2025-01-01 17:09:00,GYRO_X,-0.0322,17,9,0,1,1,2,0,1029,61740.0
2025-01-01 17:09:10,GYRO_Y,0.0354,17,9,10,1,1,2,0,1029,61750.0
2025-01-01 17:09:20,GYRO_Z,-0.0074,17,9,20,1,1,2,0,1029,61760.0
2025-01-01 17:09:30,MAGNETOMETER_X,0.2208,17,9,30,1,1,2,0,1029,61770.0
2025-01-01 17:09:40,MAGNETOMETER_Y,-25.0879,17,9,40,1,1,2,0,1029,61780.0
2025-01-01 17:09:50,MAGNETOMETER_Z,-33.1855,17,9,50,1,1,2,0,1029,61790.0
2025-01-01 17:10:00,REACTION_WHEEL_SPD_X,-712.6214,17,10,0,1,1,2,0,1030,61800.0
2025-01-01 17:10:10,REACTION_WHEEL_SPD_Y,-1466.7613,17,10,10,1,1,2,0,1030,61810.0
2025-01-01 17:10:20,REACTION_WHEEL_SPD_Z,13.5757,17,10,20,1,1,2,0,1030,61820.0
2025-01-01 17:10:30,ATTITUDE_ROLL,-0.8644,17,10,30,1,1,2,0,1030,61830.0
2025-01-01 17:10:40,ATTITUDE_PITCH,-1.769,17,10,40,1,1,2,0,1030,61840.0
2025-01-01 17:10:50,ATTITUDE_YAW,-2.5625,17,10,50,1,1,2,0,1030,61850.0
2025-01-01 17:11:00,STAR_TRACKER_VALID,0.6637,17,11,0,1,1,2,0,1031,61860.0
2025-01-01 17:11:10,SUN_SENSOR_ANGLE,46.3527,17,11,10,1,1,2,0,1031,61870.0
2025-01-01 17:11:20,RF_SIGNAL_STRENGTH,-66.3755,17,11,20,1,1,2,0,1031,61880.0
2025-01-01 17:11:30,RF_NOISE_FLOOR,-97.1405,17,11,30,1,1,2,0,1031,61890.0
2025-01-01 17:11:40,TX_POWER,2.8289,17,11,40,1,1,2,0,1031,61900.0
2025-01-01 17:11:50,LINK_MARGIN,9.3754,17,11,50,1,1,2,0,1031,61910.0
2025-01-01 17:12:00,DATA_RATE_KBPS,87.9522,17,12,0,1,1,2,0,1032,61920.0
2025-01-01 17:12:10,PACKET_LOSS_RATE,0.4447,17,12,10,1,1,2,0,1032,61930.0
2025-01-01 17:12:20,CPU_USAGE,30.5883,17,12,20,1,1,2,0,1032,61940.0
2025-01-01 17:12:30,MEMORY_USAGE,41.3502,17,12,30,1,1,2,0,1032,61950.0
2025-01-01 17:12:40,FLASH_WRITE_RATE,1.8282,17,12,40,1,1,2,0,1032,61960.0
2025-01-01 17:12:50,WATCHDOG_COUNTER,49.1281,17,12,50,1,1,2,0,1032,61970.0
2025-01-01 17:13:00,TANK_PRESSURE,295.3777,17,13,0,1,1,2,0,1033,61980.0
2025-01-01 17:13:10,THRUSTER_VALVE_TEMP,14.2186,17,13,10,1,1,2,0,1033,61990.0
2025-01-01 17:13:20,BATT_VOLTAGE_1,27.6799,17,13,20,1,1,2,0,1033,62000.0
2025-01-01 17:13:30,BATT_VOLTAGE_2,27.2371,17,13,30,1,1,2,0,1033,62010.0
2025-01-01 17:13:40,BATT_CURRENT_1,2.1943,17,13,40,1,1,2,0,1033,62020.0
2025-01-01 17:13:50,BATT_CURRENT_2,1.8997,17,13,50,1,1,2,0,1033,62030.0
2025-01-01 17:14:00,BATT_TEMP_1,25.7774,17,14,0,1,1,2,0,1034,62040.0
2025-01-01 17:14:10,BATT_TEMP_2,21.6363,17,14,10,1,1,2,0,1034,62050.0
2025-01-01 17:14:20,BATT_SOC,71.5423,17,14,20,1,1,2,0,1034,62060.0
2025-01-01 17:14:30,SOLAR_PANEL_VOLT_A,29.6332,17,14,30,1,1,2,0,1034,62070.0
2025-01-01 17:14:40,SOLAR_PANEL_VOLT_B,29.4343,17,14,40,1,1,2,0,1034,62080.0
2025-01-01 17:14:50,SOLAR_PANEL_CURR_A,5.8756,17,14,50,1,1,2,0,1034,62090.0
2025-01-01 17:15:00,SOLAR_PANEL_CURR_B,4.5394,17,15,0,1,1,2,0,1035,62100.0
2025-01-01 17:15:10,SOLAR_POWER_TOTAL,94.2513,17,15,10,1,1,2,0,1035,62110.0
2025-01-01 17:15:20,BUS_VOLTAGE,28.3392,17,15,20,1,1,2,0,1035,62120.0
2025-01-01 17:15:30,BUS_CURRENT,7.8188,17,15,30,1,1,2,0,1035,62130.0
2025-01-01 17:15:40,THRUSTER_TEMP_1,19.0882,17,15,40,1,1,2,0,1035,62140.0
2025-01-01 17:15:50,THRUSTER_TEMP_2,18.6663,17,15,50,1,1,2,0,1035,62150.0
2025-01-01 17:16:00,PAYLOAD_TEMP_CAM,24.2248,17,16,0,1,1,2,0,1036,62160.0
2025-01-01 17:16:10,PAYLOAD_TEMP_SENSOR,20.0948,17,16,10,1,1,2,0,1036,62170.0
2025-01-01 17:16:20,OBC_TEMP,36.3071,17,16,20,1,1,2,0,1036,62180.0
2025-01-01 17:16:30,TRANS_TEMP,34.244,17,16,30,1,1,2,0,1036,62190.0
2025-01-01 17:16:40,STRUCT_TEMP_PANEL_X,10.7315,17,16,40,1,1,2,0,1036,62200.0
2025-01-01 17:16:50,STRUCT_TEMP_PANEL_Y,13.7559,17,16,50,1,1,2,0,1036,62210.0
2025-01-01 17:17:00,STRUCT_TEMP_PANEL_Z,8.8871,17,17,0,1,1,2,0,1037,62220.0
2025-01-01 17:17:10,RADIATOR_TEMP,-7.5892,17,17,10,1,1,2,0,1037,62230.0
2025-01-01 17:17:20,GYRO_X,0.0033,17,17,20,1,1,2,0,1037,62240.0
2025-01-01 17:17:30,GYRO_Y,0.027,17,17,30,1,1,2,0,1037,62250.0
2025-01-01 17:17:40,GYRO_Z,0.0187,17,17,40,1,1,2,0,1037,62260.0
2025-01-01 17:17:50,MAGNETOMETER_X,-22.7266,17,17,50,1,1,2,0,1037,62270.0
2025-01-01 17:18:00,MAGNETOMETER_Y,-27.9101,17,18,0,1,1,2,0,1038,62280.0
2025-01-01 17:18:10,MAGNETOMETER_Z,-25.363,17,18,10,1,1,2,0,1038,62290.0
2025-01-01 17:18:20,REACTION_WHEEL_SPD_X,-254.4758,17,18,20,1,1,2,0,1038,62300.0
2025-01-01 17:18:30,REACTION_WHEEL_SPD_Y,-943.5925,17,18,30,1,1,2,0,1038,62310.0
2025-01-01 17:18:40,REACTION_WHEEL_SPD_Z,-690.1515,17,18,40,1,1,2,0,1038,62320.0
2025-01-01 17:18:50,ATTITUDE_ROLL,-0.3935,17,18,50,1,1,2,0,1038,62330.0
2025-01-01 17:19:00,ATTITUDE_PITCH,-1.2824,17,19,0,1,1,2,0,1039,62340.0
2025-01-01 17:19:10,ATTITUDE_YAW,1.339,17,19,10,1,1,2,0,1039,62350.0
2025-01-01 17:19:20,STAR_TRACKER_VALID,0.6342,17,19,20,1,1,2,0,1039,62360.0
2025-01-01 17:19:30,SUN_SENSOR_ANGLE,33.5777,17,19,30,1,1,2,0,1039,62370.0
2025-01-01 17:19:40,RF_SIGNAL_STRENGTH,-60.864,17,19,40,1,1,2,0,1039,62380.0
2025-01-01 17:19:50,RF_NOISE_FLOOR,-102.1064,17,19,50,1,1,2,0,1039,62390.0
2025-01-01 17:20:00,TX_POWER,2.1409,17,20,0,1,1,2,0,1040,62400.0
2025-01-01 17:20:10,LINK_MARGIN,19.6919,17,20,10,1,1,2,0,1040,62410.0
2025-01-01 17:20:20,DATA_RATE_KBPS,91.4301,17,20,20,1,1,2,0,1040,62420.0
2025-01-01 17:20:30,PACKET_LOSS_RATE,1.2109,17,20,30,1,1,2,0,1040,62430.0
2025-01-01 17:20:40,CPU_USAGE,37.0824,17,20,40,1,1,2,0,1040,62440.0
2025-01-01 17:20:50,MEMORY_USAGE,59.9822,17,20,50,1,1,2,0,1040,62450.0
2025-01-01 17:21:00,FLASH_WRITE_RATE,1.2838,17,21,0,1,1,2,0,1041,62460.0
2025-01-01 17:21:10,WATCHDOG_COUNTER,52.8287,17,21,10,1,1,2,0,1041,62470.0
2025-01-01 17:21:20,TANK_PRESSURE,293.2133,17,21,20,1,1,2,0,1041,62480.0
2025-01-01 17:21:30,THRUSTER_VALVE_TEMP,14.2418,17,21,30,1,1,2,0,1041,62490.0
2025-01-01 17:21:40,BATT_VOLTAGE_1,28.4389,17,21,40,1,1,2,0,1041,62500.0
2025-01-01 17:21:50,BATT_VOLTAGE_2,27.125,17,21,50,1,1,2,0,1041,62510.0
2025-01-01 17:22:00,BATT_CURRENT_1,1.6361,17,22,0,1,1,2,0,1042,62520.0
2025-01-01 17:22:10,BATT_CURRENT_2,1.6947,17,22,10,1,1,2,0,1042,62530.0
2025-01-01 17:22:20,BATT_TEMP_1,21.2447,17,22,20,1,1,2,0,1042,62540.0
2025-01-01 17:22:30,BATT_TEMP_2,22.2781,17,22,30,1,1,2,0,1042,62550.0
2025-01-01 17:22:40,BATT_SOC,86.6478,17,22,40,1,1,2,0,1042,62560.0
2025-01-01 17:22:50,SOLAR_PANEL_VOLT_A,30.8675,17,22,50,1,1,2,0,1042,62570.0
2025-01-01 17:23:00,SOLAR_PANEL_VOLT_B,29.6803,17,23,0,1,1,2,0,1043,62580.0
2025-01-01 17:23:10,SOLAR_PANEL_CURR_A,5.9695,17,23,10,1,1,2,0,1043,62590.0
2025-01-01 17:23:20,SOLAR_PANEL_CURR_B,5.7761,17,23,20,1,1,2,0,1043,62600.0
2025-01-01 17:23:30,SOLAR_POWER_TOTAL,94.2452,17,23,30,1,1,2,0,1043,62610.0
2025-01-01 17:23:40,BUS_VOLTAGE,28.0593,17,23,40,1,1,2,0,1043,62620.0
2025-01-01 17:23:50,BUS_CURRENT,7.3981,17,23,50,1,1,2,0,1043,62630.0
2025-01-01 17:24:00,THRUSTER_TEMP_1,19.3973,17,24,0,1,1,2,0,1044,62640.0
2025-01-01 17:24:10,THRUSTER_TEMP_2,21.6607,17,24,10,1,1,2,0,1044,62650.0
2025-01-01 17:24:20,PAYLOAD_TEMP_CAM,20.779,17,24,20,1,1,2,0,1044,62660.0
2025-01-01 17:24:30,PAYLOAD_TEMP_SENSOR,21.746,17,24,30,1,1,2,0,1044,62670.0
2025-01-01 17:24:40,OBC_TEMP,36.0348,17,24,40,1,1,2,0,1044,62680.0
2025-01-01 17:24:50,TRANS_TEMP,30.6933,17,24,50,1,1,2,0,1044,62690.0
2025-01-01 17:25:00,STRUCT_TEMP_PANEL_X,8.9704,17,25,0,1,1,2,0,1045,62700.0
2025-01-01 17:25:10,STRUCT_TEMP_PANEL_Y,4.9654,17,25,10,1,1,2,0,1045,62710.0
2025-01-01 17:25:20,STRUCT_TEMP_PANEL_Z,19.8602,17,25,20,1,1,2,0,1045,62720.0
2025-01-01 17:25:30,RADIATOR_TEMP,-17.5391,17,25,30,1,1,2,0,1045,62730.0
2025-01-01 17:25:40,GYRO_X,0.0165,17,25,40,1,1,2,0,1045,62740.0
2025-01-01 17:25:50,GYRO_Y,-0.0208,17,25,50,1,1,2,0,1045,62750.0
2025-01-01 17:26:00,GYRO_Z,0.0262,17,26,0,1,1,2,0,1046,62760.0
2025-01-01 17:26:10,MAGNETOMETER_X,-23.153,17,26,10,1,1,2,0,1046,62770.0
2025-01-01 17:26:20,MAGNETOMETER_Y,-33.3771,17,26,20,1,1,2,0,1046,62780.0
2025-01-01 17:26:30,MAGNETOMETER_Z,13.8536,17,26,30,1,1,2,0,1046,62790.0
2025-01-01 17:26:40,REACTION_WHEEL_SPD_X,-1216.3505,17,26,40,1,1,2,0,1046,62800.0
2025-01-01 17:26:50,REACTION_WHEEL_SPD_Y,-1586.3919,17,26,50,1,1,2,0,1046,62810.0
2025-01-01 17:27:00,REACTION_WHEEL_SPD_Z,-1734.3707,17,27,0,1,1,2,0,1047,62820.0
2025-01-01 17:27:10,ATTITUDE_ROLL,-1.469,17,27,10,1,1,2,0,1047,62830.0
2025-01-01 17:27:20,ATTITUDE_PITCH,-1.8174,17,27,20,1,1,2,0,1047,62840.0
2025-01-01 17:27:30,ATTITUDE_YAW,-2.4861,17,27,30,1,1,2,0,1047,62850.0
2025-01-01 17:27:40,STAR_TRACKER_VALID,0.2887,17,27,40,1,1,2,0,1047,62860.0
2025-01-01 17:27:50,SUN_SENSOR_ANGLE,46.3191,17,27,50,1,1,2,0,1047,62870.0
2025-01-01 17:28:00,RF_SIGNAL_STRENGTH,-59.9225,17,28,0,1,1,2,0,1048,62880.0
2025-01-01 17:28:10,RF_NOISE_FLOOR,-91.0125,17,28,10,1,1,2,0,1048,62890.0
2025-01-01 17:28:20,TX_POWER,2.1773,17,28,20,1,1,2,0,1048,62900.0
2025-01-01 17:28:30,LINK_MARGIN,15.4195,17,28,30,1,1,2,0,1048,62910.0
2025-01-01 17:28:40,DATA_RATE_KBPS,151.4327,17,28,40,1,1,2,0,1048,62920.0
2025-01-01 17:28:50,PACKET_LOSS_RATE,0.9701,17,28,50,1,1,2,0,1048,62930.0
2025-01-01 17:29:00,CPU_USAGE,37.3692,17,29,0,1,1,2,0,1049,62940.0
2025-01-01 17:29:10,MEMORY_USAGE,55.515,17,29,10,1,1,2,0,1049,62950.0
2025-01-01 17:29:20,FLASH_WRITE_RATE,2.6563,17,29,20,1,1,2,0,1049,62960.0
2025-01-01 17:29:30,WATCHDOG_COUNTER,34.2821,17,29,30,1,1,2,0,1049,62970.0
2025-01-01 17:29:40,TANK_PRESSURE,303.0857,17,29,40,1,1,2,0,1049,62980.0
2025-01-01 17:29:50,THRUSTER_VALVE_TEMP,14.3297,17,29,50,1,1,2,0,1049,62990.0
2025-01-01 17:30:00,BATT_VOLTAGE_1,28.2551,17,30,0,1,1,2,0,1050,63000.0
2025-01-01 17:30:10,BATT_VOLTAGE_2,27.8303,17,30,10,1,1,2,0,1050,63010.0
2025-01-01 17:30:20,BATT_CURRENT_1,1.817,17,30,20,1,1,2,0,1050,63020.0
2025-01-01 17:30:30,BATT_CURRENT_2,2.3131,17,30,30,1,1,2,0,1050,63030.0
2025-01-01 17:30:40,BATT_TEMP_1,27.226,17,30,40,1,1,2,0,1050,63040.0
2025-01-01 17:30:50,BATT_TEMP_2,25.6957,17,30,50,1,1,2,0,1050,63050.0
2025-01-01 17:31:00,BATT_SOC,75.8525,17,31,0,1,1,2,0,1051,63060.0
2025-01-01 17:31:10,SOLAR_PANEL_VOLT_A,29.8926,17,31,10,1,1,2,0,1051,63070.0
2025-01-01 17:31:20,SOLAR_PANEL_VOLT_B,30.2922,17,31,20,1,1,2,0,1051,63080.0
2025-01-01 17:31:30,SOLAR_PANEL_CURR_A,4.5022,17,31,30,1,1,2,0,1051,63090.0
2025-01-01 17:31:40,SOLAR_PANEL_CURR_B,5.2997,17,31,40,1,1,2,0,1051,63100.0
2025-01-01 17:31:50,SOLAR_POWER_TOTAL,102.0336,17,31,50,1,1,2,0,1051,63110.0
2025-01-01 17:32:00,BUS_VOLTAGE,28.9921,17,32,0,1,1,2,0,1052,63120.0
2025-01-01 17:32:10,BUS_CURRENT,7.0362,17,32,10,1,1,2,0,1052,63130.0
2025-01-01 17:32:20,THRUSTER_TEMP_1,19.5785,17,32,20,1,1,2,0,1052,63140.0
2025-01-01 17:32:30,THRUSTER_TEMP_2,20.0363,17,32,30,1,1,2,0,1052,63150.0
2025-01-01 17:32:40,PAYLOAD_TEMP_CAM,22.1255,17,32,40,1,1,2,0,1052,63160.0
2025-01-01 17:32:50,PAYLOAD_TEMP_SENSOR,20.6482,17,32,50,1,1,2,0,1052,63170.0
2025-01-01 17:33:00,OBC_TEMP,39.6452,17,33,0,1,1,2,0,1053,63180.0
2025-01-01 17:33:10,TRANS_TEMP,31.161,17,33,10,1,1,2,0,1053,63190.0
2025-01-01 17:33:20,STRUCT_TEMP_PANEL_X,4.4777,17,33,20,1,1,2,0,1053,63200.0
2025-01-01 17:33:30,STRUCT_TEMP_PANEL_Y,9.4145,17,33,30,1,1,2,0,1053,63210.0
2025-01-01 17:33:40,STRUCT_TEMP_PANEL_Z,34.6105,17,33,40,1,1,2,0,1053,63220.0
2025-01-01 17:33:50,RADIATOR_TEMP,-3.978,17,33,50,1,1,2,0,1053,63230.0
2025-01-01 17:34:00,GYRO_X,0.0177,17,34,0,1,1,2,0,1054,63240.0
2025-01-01 17:34:10,GYRO_Y,0.0189,17,34,10,1,1,2,0,1054,63250.0
2025-01-01 17:34:20,GYRO_Z,-0.0439,17,34,20,1,1,2,0,1054,63260.0
2025-01-01 17:34:30,MAGNETOMETER_X,-30.2774,17,34,30,1,1,2,0,1054,63270.0
2025-01-01 17:34:40,MAGNETOMETER_Y,-2.9675,17,34,40,1,1,2,0,1054,63280.0
2025-01-01 17:34:50,MAGNETOMETER_Z,-20.8398,17,34,50,1,1,2,0,1054,63290.0
2025-01-01 17:35:00,REACTION_WHEEL_SPD_X,757.7316,17,35,0,1,1,2,0,1055,63300.0
2025-01-01 17:35:10,REACTION_WHEEL_SPD_Y,511.185,17,35,10,1,1,2,0,1055,63310.0
2025-01-01 17:35:20,REACTION_WHEEL_SPD_Z,-601.3547,17,35,20,1,1,2,0,1055,63320.0
2025-01-01 17:35:30,ATTITUDE_ROLL,1.0396,17,35,30,1,1,2,0,1055,63330.0
2025-01-01 17:35:40,ATTITUDE_PITCH,-1.4172,17,35,40,1,1,2,0,1055,63340.0
2025-01-01 17:35:50,ATTITUDE_YAW,-1.1214,17,35,50,1,1,2,0,1055,63350.0
2025-01-01 17:36:00,STAR_TRACKER_VALID,0.6242,17,36,0,1,1,2,0,1056,63360.0
2025-01-01 17:36:10,SUN_SENSOR_ANGLE,52.2061,17,36,10,1,1,2,0,1056,63370.0
2025-01-01 17:36:20,RF_SIGNAL_STRENGTH,-74.5612,17,36,20,1,1,2,0,1056,63380.0
2025-01-01 17:36:30,RF_NOISE_FLOOR,-92.7359,17,36,30,1,1,2,0,1056,63390.0
2025-01-01 17:36:40,TX_POWER,2.1334,17,36,40,1,1,2,0,1056,63400.0
2025-01-01 17:36:50,LINK_MARGIN,14.9234,17,36,50,1,1,2,0,1056,63410.0
2025-01-01 17:37:00,DATA_RATE_KBPS,88.6377,17,37,0,1,1,2,0,1057,63420.0
2025-01-01 17:37:10,PACKET_LOSS_RATE,0.532,17,37,10,1,1,2,0,1057,63430.0
2025-01-01 17:37:20,CPU_USAGE,32.3811,17,37,20,1,1,2,0,1057,63440.0
2025-01-01 17:37:30,MEMORY_USAGE,42.562,17,37,30,1,1,2,0,1057,63450.0
2025-01-01 17:37:40,FLASH_WRITE_RATE,2.4666,17,37,40,1,1,2,0,1057,63460.0
2025-01-01 17:37:50,WATCHDOG_COUNTER,31.7649,17,37,50,1,1,2,0,1057,63470.0
2025-01-01 17:38:00,TANK_PRESSURE,305.6222,17,38,0,1,1,2,0,1058,63480.0
2025-01-01 17:38:10,THRUSTER_VALVE_TEMP,16.2322,17,38,10,1,1,2,0,1058,63490.0
2025-01-01 17:38:20,BATT_VOLTAGE_1,28.401,17,38,20,1,1,2,0,1058,63500.0
2025-01-01 17:38:30,BATT_VOLTAGE_2,27.281,17,38,30,1,1,2,0,1058,63510.0
2025-01-01 17:38:40,BATT_CURRENT_1,1.8456,17,38,40,1,1,2,0,1058,63520.0
2025-01-01 17:38:50,BATT_CURRENT_2,1.8017,17,38,50,1,1,2,0,1058,63530.0
2025-01-01 17:39:00,BATT_TEMP_1,29.4104,17,39,0,1,1,2,0,1059,63540.0
2025-01-01 17:39:10,BATT_TEMP_2,27.8363,17,39,10,1,1,2,0,1059,63550.0
2025-01-01 17:39:20,BATT_SOC,84.4571,17,39,20,1,1,2,0,1059,63560.0
2025-01-01 17:39:30,SOLAR_PANEL_VOLT_A,29.2511,17,39,30,1,1,2,0,1059,63570.0
2025-01-01 17:39:40,SOLAR_PANEL_VOLT_B,29.971,17,39,40,1,1,2,0,1059,63580.0
2025-01-01 17:39:50,SOLAR_PANEL_CURR_A,4.4549,17,39,50,1,1,2,0,1059,63590.0
2025-01-01 17:40:00,SOLAR_PANEL_CURR_B,5.0613,17,40,0,1,1,2,0,1060,63600.0
2025-01-01 17:40:10,SOLAR_POWER_TOTAL,92.7245,17,40,10,1,1,2,0,1060,63610.0
2025-01-01 17:40:20,BUS_VOLTAGE,28.3639,17,40,20,1,1,2,0,1060,63620.0
2025-01-01 17:40:30,BUS_CURRENT,6.7304,17,40,30,1,1,2,0,1060,63630.0
2025-01-01 17:40:40,THRUSTER_TEMP_1,18.2052,17,40,40,1,1,2,0,1060,63640.0
2025-01-01 17:40:50,THRUSTER_TEMP_2,19.04,17,40,50,1,1,2,0,1060,63650.0
2025-01-01 17:41:00,PAYLOAD_TEMP_CAM,21.0793,17,41,0,1,1,2,0,1061,63660.0
2025-01-01 17:41:10,PAYLOAD_TEMP_SENSOR,21.16,17,41,10,1,1,2,0,1061,63670.0
2025-01-01 17:41:20,OBC_TEMP,38.1812,17,41,20,1,1,2,0,1061,63680.0
2025-01-01 17:41:30,TRANS_TEMP,32.607,17,41,30,1,1,2,0,1061,63690.0
2025-01-01 17:41:40,STRUCT_TEMP_PANEL_X,20.5489,17,41,40,1,1,2,0,1061,63700.0
2025-01-01 17:41:50,STRUCT_TEMP_PANEL_Y,8.9386,17,41,50,1,1,2,0,1061,63710.0
2025-01-01 17:42:00,STRUCT_TEMP_PANEL_Z,15.1609,17,42,0,1,1,2,0,1062,63720.0
2025-01-01 17:42:10,RADIATOR_TEMP,-17.6857,17,42,10,1,1,2,0,1062,63730.0
2025-01-01 17:42:20,GYRO_X,-0.0008,17,42,20,1,1,2,0,1062,63740.0
2025-01-01 17:42:30,GYRO_Y,0.0081,17,42,30,1,1,2,0,1062,63750.0
2025-01-01 17:42:40,GYRO_Z,-0.0286,17,42,40,1,1,2,0,1062,63760.0
2025-01-01 17:42:50,MAGNETOMETER_X,-23.1731,17,42,50,1,1,2,0,1062,63770.0
2025-01-01 17:43:00,MAGNETOMETER_Y,-29.5118,17,43,0,1,1,2,0,1063,63780.0
2025-01-01 17:43:10,MAGNETOMETER_Z,15.0982,17,43,10,1,1,2,0,1063,63790.0
2025-01-01 17:43:20,REACTION_WHEEL_SPD_X,-1672.5892,17,43,20,1,1,2,0,1063,63800.0
2025-01-01 17:43:30,REACTION_WHEEL_SPD_Y,-1483.1853,17,43,30,1,1,2,0,1063,63810.0
2025-01-01 17:43:40,REACTION_WHEEL_SPD_Z,-1043.9444,17,43,40,1,1,2,0,1063,63820.0
2025-01-01 17:43:50,ATTITUDE_ROLL,-1.3656,17,43,50,1,1,2,0,1063,63830.0
2025-01-01 17:44:00,ATTITUDE_PITCH,0.3474,17,44,0,1,1,2,0,1064,63840.0
2025-01-01 17:44:10,ATTITUDE_YAW,-2.7764,17,44,10,1,1,2,0,1064,63850.0
2025-01-01 17:44:20,STAR_TRACKER_VALID,0.4776,17,44,20,1,1,2,0,1064,63860.0
2025-01-01 17:44:30,SUN_SENSOR_ANGLE,125.97,17,44,30,1,1,2,0,1064,63870.0
2025-01-01 17:44:40,RF_SIGNAL_STRENGTH,-59.3481,17,44,40,1,1,2,0,1064,63880.0
2025-01-01 17:44:50,RF_NOISE_FLOOR,-102.6637,17,44,50,1,1,2,0,1064,63890.0
2025-01-01 17:45:00,TX_POWER,3.2083,17,45,0,1,1,2,0,1065,63900.0
2025-01-01 17:45:10,LINK_MARGIN,14.0022,17,45,10,1,1,2,0,1065,63910.0
2025-01-01 17:45:20,DATA_RATE_KBPS,97.4113,17,45,20,1,1,2,0,1065,63920.0
2025-01-01 17:45:30,PACKET_LOSS_RATE,1.3069,17,45,30,1,1,2,0,1065,63930.0
2025-01-01 17:45:40,CPU_USAGE,33.9597,17,45,40,1,1,2,0,1065,63940.0
2025-01-01 17:45:50,MEMORY_USAGE,61.4311,17,45,50,1,1,2,0,1065,63950.0
2025-01-01 17:46:00,FLASH_WRITE_RATE,1.5171,17,46,0,1,1,2,0,1066,63960.0
2025-01-01 17:46:10,WATCHDOG_COUNTER,31.3588,17,46,10,1,1,2,0,1066,63970.0
2025-01-01 17:46:20,TANK_PRESSURE,303.0825,17,46,20,1,1,2,0,1066,63980.0
2025-01-01 17:46:30,THRUSTER_VALVE_TEMP,18.5231,17,46,30,1,1,2,0,1066,63990.0
2025-01-01 17:46:40,BATT_VOLTAGE_1,27.2109,17,46,40,1,1,2,0,1066,64000.0
2025-01-01 17:46:50,BATT_VOLTAGE_2,27.286,17,46,50,1,1,2,0,1066,64010.0
2025-01-01 17:47:00,BATT_CURRENT_1,2.2749,17,47,0,1,1,2,0,1067,64020.0
2025-01-01 17:47:10,BATT_CURRENT_2,2.5089,17,47,10,1,1,2,0,1067,64030.0
2025-01-01 17:47:20,BATT_TEMP_1,22.7405,17,47,20,1,1,2,0,1067,64040.0
2025-01-01 17:47:30,BATT_TEMP_2,20.212,17,47,30,1,1,2,0,1067,64050.0
2025-01-01 17:47:40,BATT_SOC,80.1976,17,47,40,1,1,2,0,1067,64060.0
2025-01-01 17:47:50,SOLAR_PANEL_VOLT_A,31.7577,17,47,50,1,1,2,0,1067,64070.0
2025-01-01 17:48:00,SOLAR_PANEL_VOLT_B,31.4926,17,48,0,1,1,2,0,1068,64080.0
2025-01-01 17:48:10,SOLAR_PANEL_CURR_A,4.4372,17,48,10,1,1,2,0,1068,64090.0
2025-01-01 17:48:20,SOLAR_PANEL_CURR_B,6.3453,17,48,20,1,1,2,0,1068,64100.0
2025-01-01 17:48:30,SOLAR_POWER_TOTAL,99.4126,17,48,30,1,1,2,0,1068,64110.0
2025-01-01 17:48:40,BUS_VOLTAGE,27.8264,17,48,40,1,1,2,0,1068,64120.0
2025-01-01 17:48:50,BUS_CURRENT,8.5906,17,48,50,1,1,2,0,1068,64130.0
2025-01-01 17:49:00,THRUSTER_TEMP_1,20.2147,17,49,0,1,1,2,0,1069,64140.0
2025-01-01 17:49:10,THRUSTER_TEMP_2,22.6728,17,49,10,1,1,2,0,1069,64150.0
2025-01-01 17:49:20,PAYLOAD_TEMP_CAM,20.2437,17,49,20,1,1,2,0,1069,64160.0
2025-01-01 17:49:30,PAYLOAD_TEMP_SENSOR,22.0902,17,49,30,1,1,2,0,1069,64170.0
2025-01-01 17:49:40,OBC_TEMP,35.2851,17,49,40,1,1,2,0,1069,64180.0
2025-01-01 17:49:50,TRANS_TEMP,34.5606,17,49,50,1,1,2,0,1069,64190.0
2025-01-01 17:50:00,STRUCT_TEMP_PANEL_X,16.7748,17,50,0,1,1,2,0,1070,64200.0
2025-01-01 17:50:10,STRUCT_TEMP_PANEL_Y,21.3111,17,50,10,1,1,2,0,1070,64210.0
2025-01-01 17:50:20,STRUCT_TEMP_PANEL_Z,4.5545,17,50,20,1,1,2,0,1070,64220.0
2025-01-01 17:50:30,RADIATOR_TEMP,-17.7058,17,50,30,1,1,2,0,1070,64230.0
2025-01-01 17:50:40,GYRO_X,-0.0431,17,50,40,1,1,2,0,1070,64240.0
2025-01-01 17:50:50,GYRO_Y,0.0281,17,50,50,1,1,2,0,1070,64250.0
2025-01-01 17:51:00,GYRO_Z,-0.0212,17,51,0,1,1,2,0,1071,64260.0
2025-01-01 17:51:10,MAGNETOMETER_X,-31.0052,17,51,10,1,1,2,0,1071,64270.0
2025-01-01 17:51:20,MAGNETOMETER_Y,-22.2296,17,51,20,1,1,2,0,1071,64280.0
2025-01-01 17:51:30,MAGNETOMETER_Z,-31.9734,17,51,30,1,1,2,0,1071,64290.0
2025-01-01 17:51:40,REACTION_WHEEL_SPD_X,172.9279,17,51,40,1,1,2,0,1071,64300.0
2025-01-01 17:51:50,REACTION_WHEEL_SPD_Y,-1308.8987,17,51,50,1,1,2,0,1071,64310.0
2025-01-01 17:52:00,REACTION_WHEEL_SPD_Z,-1750.3924,17,52,0,1,1,2,0,1072,64320.0
2025-01-01 17:52:10,ATTITUDE_ROLL,-0.4428,17,52,10,1,1,2,0,1072,64330.0
2025-01-01 17:52:20,ATTITUDE_PITCH,1.1655,17,52,20,1,1,2,0,1072,64340.0
2025-01-01 17:52:30,ATTITUDE_YAW,-1.1747,17,52,30,1,1,2,0,1072,64350.0
2025-01-01 17:52:40,STAR_TRACKER_VALID,0.7713,17,52,40,1,1,2,0,1072,64360.0
2025-01-01 17:52:50,SUN_SENSOR_ANGLE,62.1525,17,52,50,1,1,2,0,1072,64370.0
2025-01-01 17:53:00,RF_SIGNAL_STRENGTH,-75.0449,17,53,0,1,1,2,0,1073,64380.0
2025-01-01 17:53:10,RF_NOISE_FLOOR,-102.3131,17,53,10,1,1,2,0,1073,64390.0
2025-01-01 17:53:20,TX_POWER,2.5674,17,53,20,1,1,2,0,1073,64400.0
2025-01-01 17:53:30,LINK_MARGIN,8.6205,17,53,30,1,1,2,0,1073,64410.0
2025-01-01 17:53:40,DATA_RATE_KBPS,155.8617,17,53,40,1,1,2,0,1073,64420.0
2025-01-01 17:53:50,PACKET_LOSS_RATE,0.4064,17,53,50,1,1,2,0,1073,64430.0
2025-01-01 17:54:00,CPU_USAGE,24.3584,17,54,0,1,1,2,0,1074,64440.0
2025-01-01 17:54:10,MEMORY_USAGE,57.0084,17,54,10,1,1,2,0,1074,64450.0
2025-01-01 17:54:20,FLASH_WRITE_RATE,2.1538,17,54,20,1,1,2,0,1074,64460.0
2025-01-01 17:54:30,WATCHDOG_COUNTER,66.1912,17,54,30,1,1,2,0,1074,64470.0
2025-01-01 17:54:40,TANK_PRESSURE,308.0018,17,54,40,1,1,2,0,1074,64480.0
2025-01-01 17:54:50,THRUSTER_VALVE_TEMP,15.586,17,54,50,1,1,2,0,1074,64490.0
2025-01-01 17:55:00,BATT_VOLTAGE_1,27.4262,17,55,0,1,1,2,0,1075,64500.0
2025-01-01 17:55:10,BATT_VOLTAGE_2,27.6972,17,55,10,1,1,2,0,1075,64510.0
2025-01-01 17:55:20,BATT_CURRENT_1,2.6079,17,55,20,1,1,2,0,1075,64520.0
2025-01-01 17:55:30,BATT_CURRENT_2,1.907,17,55,30,1,1,2,0,1075,64530.0
2025-01-01 17:55:40,BATT_TEMP_1,20.6842,17,55,40,1,1,2,0,1075,64540.0
2025-01-01 17:55:50,BATT_TEMP_2,28.9746,17,55,50,1,1,2,0,1075,64550.0
2025-01-01 17:56:00,BATT_SOC,70.2624,17,56,0,1,1,2,0,1076,64560.0
2025-01-01 17:56:10,SOLAR_PANEL_VOLT_A,29.892,17,56,10,1,1,2,0,1076,64570.0
2025-01-01 17:56:20,SOLAR_PANEL_VOLT_B,29.9021,17,56,20,1,1,2,0,1076,64580.0
2025-01-01 17:56:30,SOLAR_PANEL_CURR_A,5.4305,17,56,30,1,1,2,0,1076,64590.0
2025-01-01 17:56:40,SOLAR_PANEL_CURR_B,5.5736,17,56,40,1,1,2,0,1076,64600.0
2025-01-01 17:56:50,SOLAR_POWER_TOTAL,110.7826,17,56,50,1,1,2,0,1076,64610.0
2025-01-01 17:57:00,BUS_VOLTAGE,28.1441,17,57,0,1,1,2,0,1077,64620.0
2025-01-01 17:57:10,BUS_CURRENT,6.8855,17,57,10,1,1,2,0,1077,64630.0
2025-01-01 17:57:20,THRUSTER_TEMP_1,19.8113,17,57,20,1,1,2,0,1077,64640.0
2025-01-01 17:57:30,THRUSTER_TEMP_2,21.0231,17,57,30,1,1,2,0,1077,64650.0
2025-01-01 17:57:40,PAYLOAD_TEMP_CAM,23.6302,17,57,40,1,1,2,0,1077,64660.0
2025-01-01 17:57:50,PAYLOAD_TEMP_SENSOR,21.2921,17,57,50,1,1,2,0,1077,64670.0
2025-01-01 17:58:00,OBC_TEMP,36.9597,17,58,0,1,1,2,0,1078,64680.0
2025-01-01 17:58:10,TRANS_TEMP,40.9413,17,58,10,1,1,2,0,1078,64690.0
2025-01-01 17:58:20,STRUCT_TEMP_PANEL_X,19.5201,17,58,20,1,1,2,0,1078,64700.0
2025-01-01 17:58:30,STRUCT_TEMP_PANEL_Y,29.763,17,58,30,1,1,2,0,1078,64710.0
2025-01-01 17:58:40,STRUCT_TEMP_PANEL_Z,12.6568,17,58,40,1,1,2,0,1078,64720.0
2025-01-01 17:58:50,RADIATOR_TEMP,-13.2847,17,58,50,1,1,2,0,1078,64730.0
2025-01-01 17:59:00,GYRO_X,-0.0432,17,59,0,1,1,2,0,1079,64740.0
2025-01-01 17:59:10,GYRO_Y,-0.0347,17,59,10,1,1,2,0,1079,64750.0
2025-01-01 17:59:20,GYRO_Z,-0.0435,17,59,20,1,1,2,0,1079,64760.0
2025-01-01 17:59:30,MAGNETOMETER_X,13.6697,17,59,30,1,1,2,0,1079,64770.0
2025-01-01 17:59:40,MAGNETOMETER_Y,-1.4757,17,59,40,1,1,2,0,1079,64780.0
2025-01-01 17:59:50,MAGNETOMETER_Z,-47.8548,17,59,50,1,1,2,0,1079,64790.0
2025-01-01 18:00:00,REACTION_WHEEL_SPD_X,-973.6416,18,0,0,1,1,2,0,1080,64800.0
2025-01-01 18:00:10,REACTION_WHEEL_SPD_Y,-1794.0238,18,0,10,1,1,2,0,1080,64810.0
2025-01-01 18:00:20,REACTION_WHEEL_SPD_Z,-1748.6166,18,0,20,1,1,2,0,1080,64820.0
2025-01-01 18:00:30,ATTITUDE_ROLL,-1.1408,18,0,30,1,1,2,0,1080,64830.0
2025-01-01 18:00:40,ATTITUDE_PITCH,-1.595,18,0,40,1,1,2,0,1080,64840.0
2025-01-01 18:00:50,ATTITUDE_YAW,-3.0455,18,0,50,1,1,2,0,1080,64850.0
2025-01-01 18:01:00,STAR_TRACKER_VALID,0.3954,18,1,0,1,1,2,0,1081,64860.0
2025-01-01 18:01:10,SUN_SENSOR_ANGLE,114.5025,18,1,10,1,1,2,0,1081,64870.0
2025-01-01 18:01:20,RF_SIGNAL_STRENGTH,-69.8788,18,1,20,1,1,2,0,1081,64880.0
2025-01-01 18:01:30,RF_NOISE_FLOOR,-100.5938,18,1,30,1,1,2,0,1081,64890.0
2025-01-01 18:01:40,TX_POWER,2.6859,18,1,40,1,1,2,0,1081,64900.0
2025-01-01 18:01:50,LINK_MARGIN,14.6688,18,1,50,1,1,2,0,1081,64910.0
2025-01-01 18:02:00,DATA_RATE_KBPS,80.7035,18,2,0,1,1,2,0,1082,64920.0
2025-01-01 18:02:10,PACKET_LOSS_RATE,0.5061,18,2,10,1,1,2,0,1082,64930.0
2025-01-01 18:02:20,CPU_USAGE,25.2379,18,2,20,1,1,2,0,1082,64940.0
2025-01-01 18:02:30,MEMORY_USAGE,56.1331,18,2,30,1,1,2,0,1082,64950.0
2025-01-01 18:02:40,FLASH_WRITE_RATE,1.4168,18,2,40,1,1,2,0,1082,64960.0
2025-01-01 18:02:50,WATCHDOG_COUNTER,30.254,18,2,50,1,1,2,0,1082,64970.0
2025-01-01 18:03:00,TANK_PRESSURE,305.5851,18,3,0,1,1,2,0,1083,64980.0
2025-01-01 18:03:10,THRUSTER_VALVE_TEMP,14.2573,18,3,10,1,1,2,0,1083,64990.0
2025-01-01 18:03:20,BATT_VOLTAGE_1,27.5026,18,3,20,1,1,2,0,1083,65000.0
2025-01-01 18:03:30,BATT_VOLTAGE_2,28.098,18,3,30,1,1,2,0,1083,65010.0
2025-01-01 18:03:40,BATT_CURRENT_1,2.1834,18,3,40,1,1,2,0,1083,65020.0
2025-01-01 18:03:50,BATT_CURRENT_2,2.3088,18,3,50,1,1,2,0,1083,65030.0
2025-01-01 18:04:00,BATT_TEMP_1,21.026,18,4,0,1,1,2,0,1084,65040.0
2025-01-01 18:04:10,BATT_TEMP_2,21.3149,18,4,10,1,1,2,0,1084,65050.0
2025-01-01 18:04:20,BATT_SOC,77.686,18,4,20,1,1,2,0,1084,65060.0
2025-01-01 18:04:30,SOLAR_PANEL_VOLT_A,29.794,18,4,30,1,1,2,0,1084,65070.0
2025-01-01 18:04:40,SOLAR_PANEL_VOLT_B,29.0666,18,4,40,1,1,2,0,1084,65080.0
2025-01-01 18:04:50,SOLAR_PANEL_CURR_A,5.3937,18,4,50,1,1,2,0,1084,65090.0
2025-01-01 18:05:00,SOLAR_PANEL_CURR_B,5.7387,18,5,0,1,1,2,0,1085,65100.0
2025-01-01 18:05:10,SOLAR_POWER_TOTAL,113.4904,18,5,10,1,1,2,0,1085,65110.0
2025-01-01 18:05:20,BUS_VOLTAGE,28.5104,18,5,20,1,1,2,0,1085,65120.0
2025-01-01 18:05:30,BUS_CURRENT,6.9653,18,5,30,1,1,2,0,1085,65130.0
2025-01-01 18:05:40,THRUSTER_TEMP_1,19.5379,18,5,40,1,1,2,0,1085,65140.0
2025-01-01 18:05:50,THRUSTER_TEMP_2,19.5967,18,5,50,1,1,2,0,1085,65150.0
2025-01-01 18:06:00,PAYLOAD_TEMP_CAM,24.8606,18,6,0,1,1,2,0,1086,65160.0
2025-01-01 18:06:10,PAYLOAD_TEMP_SENSOR,21.5681,18,6,10,1,1,2,0,1086,65170.0
2025-01-01 18:06:20,OBC_TEMP,36.6432,18,6,20,1,1,2,0,1086,65180.0
2025-01-01 18:06:30,TRANS_TEMP,30.5344,18,6,30,1,1,2,0,1086,65190.0
2025-01-01 18:06:40,STRUCT_TEMP_PANEL_X,4.9812,18,6,40,1,1,2,0,1086,65200.0
2025-01-01 18:06:50,STRUCT_TEMP_PANEL_Y,4.548,18,6,50,1,1,2,0,1086,65210.0
2025-01-01 18:07:00,STRUCT_TEMP_PANEL_Z,7.6177,18,7,0,1,1,2,0,1087,65220.0
2025-01-01 18:07:10,RADIATOR_TEMP,-7.9565,18,7,10,1,1,2,0,1087,65230.0
2025-01-01 18:07:20,GYRO_X,-0.0309,18,7,20,1,1,2,0,1087,65240.0
2025-01-01 18:07:30,GYRO_Y,-0.0369,18,7,30,1,1,2,0,1087,65250.0
2025-01-01 18:07:40,GYRO_Z,-0.0285,18,7,40,1,1,2,0,1087,65260.0
2025-01-01 18:07:50,MAGNETOMETER_X,-6.8656,18,7,50,1,1,2,0,1087,65270.0
2025-01-01 18:08:00,MAGNETOMETER_Y,-23.0767,18,8,0,1,1,2,0,1088,65280.0
2025-01-01 18:08:10,MAGNETOMETER_Z,-27.6353,18,8,10,1,1,2,0,1088,65290.0
2025-01-01 18:08:20,REACTION_WHEEL_SPD_X,609.3669,18,8,20,1,1,2,0,1088,65300.0
2025-01-01 18:08:30,REACTION_WHEEL_SPD_Y,954.6912,18,8,30,1,1,2,0,1088,65310.0
2025-01-01 18:08:40,REACTION_WHEEL_SPD_Z,1224.1835,18,8,40,1,1,2,0,1088,65320.0
2025-01-01 18:08:50,ATTITUDE_ROLL,-0.7253,18,8,50,1,1,2,0,1088,65330.0
2025-01-01 18:09:00,ATTITUDE_PITCH,0.7796,18,9,0,1,1,2,0,1089,65340.0
2025-01-01 18:09:10,ATTITUDE_YAW,-1.8722,18,9,10,1,1,2,0,1089,65350.0
2025-01-01 18:09:20,STAR_TRACKER_VALID,0.3711,18,9,20,1,1,2,0,1089,65360.0
2025-01-01 18:09:30,SUN_SENSOR_ANGLE,50.4596,18,9,30,1,1,2,0,1089,65370.0
2025-01-01 18:09:40,RF_SIGNAL_STRENGTH,-74.9481,18,9,40,1,1,2,0,1089,65380.0
2025-01-01 18:09:50,RF_NOISE_FLOOR,-92.1373,18,9,50,1,1,2,0,1089,65390.0
2025-01-01 18:10:00,TX_POWER,2.3449,18,10,0,1,1,2,0,1090,65400.0
2025-01-01 18:10:10,LINK_MARGIN,10.3671,18,10,10,1,1,2,0,1090,65410.0
2025-01-01 18:10:20,DATA_RATE_KBPS,77.6379,18,10,20,1,1,2,0,1090,65420.0
2025-01-01 18:10:30,PACKET_LOSS_RATE,0.3588,18,10,30,1,1,2,0,1090,65430.0
2025-01-01 18:10:40,CPU_USAGE,31.2159,18,10,40,1,1,2,0,1090,65440.0
2025-01-01 18:10:50,MEMORY_USAGE,41.4417,18,10,50,1,1,2,0,1090,65450.0
2025-01-01 18:11:00,FLASH_WRITE_RATE,2.2354,18,11,0,1,1,2,0,1091,65460.0
2025-01-01 18:11:10,WATCHDOG_COUNTER,62.3381,18,11,10,1,1,2,0,1091,65470.0
2025-01-01 18:11:20,TANK_PRESSURE,297.562,18,11,20,1,1,2,0,1091,65480.0
2025-01-01 18:11:30,THRUSTER_VALVE_TEMP,16.9472,18,11,30,1,1,2,0,1091,65490.0
2025-01-01 18:11:40,BATT_VOLTAGE_1,28.3874,18,11,40,1,1,2,0,1091,65500.0
2025-01-01 18:11:50,BATT_VOLTAGE_2,28.0999,18,11,50,1,1,2,0,1091,65510.0
2025-01-01 18:12:00,BATT_CURRENT_1,1.8462,18,12,0,1,1,2,0,1092,65520.0
2025-01-01 18:12:10,BATT_CURRENT_2,2.0897,18,12,10,1,1,2,0,1092,65530.0
2025-01-01 18:12:20,BATT_TEMP_1,27.9661,18,12,20,1,1,2,0,1092,65540.0
2025-01-01 18:12:30,BATT_TEMP_2,19.9886,18,12,30,1,1,2,0,1092,65550.0
2025-01-01 18:12:40,BATT_SOC,73.7132,18,12,40,1,1,2,0,1092,65560.0
2025-01-01 18:12:50,SOLAR_PANEL_VOLT_A,30.0312,18,12,50,1,1,2,0,1092,65570.0
2025-01-01 18:13:00,SOLAR_PANEL_VOLT_B,30.8226,18,13,0,1,1,2,0,1093,65580.0
2025-01-01 18:13:10,SOLAR_PANEL_CURR_A,4.5721,18,13,10,1,1,2,0,1093,65590.0
2025-01-01 18:13:20,SOLAR_PANEL_CURR_B,6.7833,18,13,20,1,1,2,0,1093,65600.0
2025-01-01 18:13:30,SOLAR_POWER_TOTAL,95.3012,18,13,30,1,1,2,0,1093,65610.0
2025-01-01 18:13:40,BUS_VOLTAGE,28.7202,18,13,40,1,1,2,0,1093,65620.0
2025-01-01 18:13:50,BUS_CURRENT,9.6991,18,13,50,1,1,2,0,1093,65630.0
2025-01-01 18:14:00,THRUSTER_TEMP_1,24.2794,18,14,0,1,1,2,0,1094,65640.0
2025-01-01 18:14:10,THRUSTER_TEMP_2,19.8196,18,14,10,1,1,2,0,1094,65650.0
2025-01-01 18:14:20,PAYLOAD_TEMP_CAM,23.1343,18,14,20,1,1,2,0,1094,65660.0
2025-01-01 18:14:30,PAYLOAD_TEMP_SENSOR,20.9206,18,14,30,1,1,2,0,1094,65670.0
2025-01-01 18:14:40,OBC_TEMP,42.4303,18,14,40,1,1,2,0,1094,65680.0
2025-01-01 18:14:50,TRANS_TEMP,37.0114,18,14,50,1,1,2,0,1094,65690.0
2025-01-01 18:15:00,STRUCT_TEMP_PANEL_X,12.6172,18,15,0,1,1,2,0,1095,65700.0
2025-01-01 18:15:10,STRUCT_TEMP_PANEL_Y,12.4726,18,15,10,1,1,2,0,1095,65710.0
2025-01-01 18:15:20,STRUCT_TEMP_PANEL_Z,14.5374,18,15,20,1,1,2,0,1095,65720.0
2025-01-01 18:15:30,RADIATOR_TEMP,-5.2411,18,15,30,1,1,2,0,1095,65730.0
2025-01-01 18:15:40,GYRO_X,-0.0266,18,15,40,1,1,2,0,1095,65740.0
2025-01-01 18:15:50,GYRO_Y,0.0043,18,15,50,1,1,2,0,1095,65750.0
2025-01-01 18:16:00,GYRO_Z,-0.0404,18,16,0,1,1,2,0,1096,65760.0
2025-01-01 18:16:10,MAGNETOMETER_X,18.3358,18,16,10,1,1,2,0,1096,65770.0
2025-01-01 18:16:20,MAGNETOMETER_Y,-28.7385,18,16,20,1,1,2,0,1096,65780.0
2025-01-01 18:16:30,MAGNETOMETER_Z,-14.8648,18,16,30,1,1,2,0,1096,65790.0
2025-01-01 18:16:40,REACTION_WHEEL_SPD_X,-135.3076,18,16,40,1,1,2,0,1096,65800.0
2025-01-01 18:16:50,REACTION_WHEEL_SPD_Y,743.9879,18,16,50,1,1,2,0,1096,65810.0
2025-01-01 18:17:00,REACTION_WHEEL_SPD_Z,-950.0473,18,17,0,1,1,2,0,1097,65820.0
2025-01-01 18:17:10,ATTITUDE_ROLL,-1.1407,18,17,10,1,1,2,0,1097,65830.0
2025-01-01 18:17:20,ATTITUDE_PITCH,-0.349,18,17,20,1,1,2,0,1097,65840.0
2025-01-01 18:17:30,ATTITUDE_YAW,-0.4209,18,17,30,1,1,2,0,1097,65850.0
2025-01-01 18:17:40,STAR_TRACKER_VALID,0.1709,18,17,40,1,1,2,0,1097,65860.0
2025-01-01 18:17:50,SUN_SENSOR_ANGLE,59.5687,18,17,50,1,1,2,0,1097,65870.0
2025-01-01 18:18:00,RF_SIGNAL_STRENGTH,-59.5422,18,18,0,1,1,2,0,1098,65880.0
2025-01-01 18:18:10,RF_NOISE_FLOOR,-90.3842,18,18,10,1,1,2,0,1098,65890.0
2025-01-01 18:18:20,TX_POWER,2.2875,18,18,20,1,1,2,0,1098,65900.0
2025-01-01 18:18:30,LINK_MARGIN,15.1615,18,18,30,1,1,2,0,1098,65910.0
2025-01-01 18:18:40,DATA_RATE_KBPS,86.1246,18,18,40,1,1,2,0,1098,65920.0
2025-01-01 18:18:50,PACKET_LOSS_RATE,0.4989,18,18,50,1,1,2,0,1098,65930.0
2025-01-01 18:19:00,CPU_USAGE,22.2624,18,19,0,1,1,2,0,1099,65940.0
2025-01-01 18:19:10,MEMORY_USAGE,52.4613,18,19,10,1,1,2,0,1099,65950.0
2025-01-01 18:19:20,FLASH_WRITE_RATE,1.1885,18,19,20,1,1,2,0,1099,65960.0
2025-01-01 18:19:30,WATCHDOG_COUNTER,69.7846,18,19,30,1,1,2,0,1099,65970.0
2025-01-01 18:19:40,TANK_PRESSURE,308.0181,18,19,40,1,1,2,0,1099,65980.0
2025-01-01 18:19:50,THRUSTER_VALVE_TEMP,13.3722,18,19,50,1,1,2,0,1099,65990.0
2025-01-01 18:20:00,BATT_VOLTAGE_1,28.4617,18,20,0,1,1,2,0,1100,66000.0
2025-01-01 18:20:10,BATT_VOLTAGE_2,27.3495,18,20,10,1,1,2,0,1100,66010.0
2025-01-01 18:20:20,BATT_CURRENT_1,1.9827,18,20,20,1,1,2,0,1100,66020.0
2025-01-01 18:20:30,BATT_CURRENT_2,1.9191,18,20,30,1,1,2,0,1100,66030.0
2025-01-01 18:20:40,BATT_TEMP_1,20.7345,18,20,40,1,1,2,0,1100,66040.0
2025-01-01 18:20:50,BATT_TEMP_2,19.7607,18,20,50,1,1,2,0,1100,66050.0
2025-01-01 18:21:00,BATT_SOC,84.364,18,21,0,1,1,2,0,1101,66060.0
2025-01-01 18:21:10,SOLAR_PANEL_VOLT_A,29.4483,18,21,10,1,1,2,0,1101,66070.0
2025-01-01 18:21:20,SOLAR_PANEL_VOLT_B,29.3598,18,21,20,1,1,2,0,1101,66080.0
2025-01-01 18:21:30,SOLAR_PANEL_CURR_A,4.9659,18,21,30,1,1,2,0,1101,66090.0
2025-01-01 18:21:40,SOLAR_PANEL_CURR_B,4.7836,18,21,40,1,1,2,0,1101,66100.0
2025-01-01 18:21:50,SOLAR_POWER_TOTAL,100.273,18,21,50,1,1,2,0,1101,66110.0
2025-01-01 18:22:00,BUS_VOLTAGE,28.4846,18,22,0,1,1,2,0,1102,66120.0
2025-01-01 18:22:10,BUS_CURRENT,6.7446,18,22,10,1,1,2,0,1102,66130.0
2025-01-01 18:22:20,THRUSTER_TEMP_1,19.3979,18,22,20,1,1,2,0,1102,66140.0
2025-01-01 18:22:30,THRUSTER_TEMP_2,24.866,18,22,30,1,1,2,0,1102,66150.0
2025-01-01 18:22:40,PAYLOAD_TEMP_CAM,21.3323,18,22,40,1,1,2,0,1102,66160.0
2025-01-01 18:22:50,PAYLOAD_TEMP_SENSOR,19.8357,18,22,50,1,1,2,0,1102,66170.0
2025-01-01 18:23:00,OBC_TEMP,44.6397,18,23,0,1,1,2,0,1103,66180.0
2025-01-01 18:23:10,TRANS_TEMP,32.3485,18,23,10,1,1,2,0,1103,66190.0
2025-01-01 18:23:20,STRUCT_TEMP_PANEL_X,6.3456,18,23,20,1,1,2,0,1103,66200.0
2025-01-01 18:23:30,STRUCT_TEMP_PANEL_Y,31.8563,18,23,30,1,1,2,0,1103,66210.0
2025-01-01 18:23:40,STRUCT_TEMP_PANEL_Z,9.3616,18,23,40,1,1,2,0,1103,66220.0
2025-01-01 18:23:50,RADIATOR_TEMP,-15.9292,18,23,50,1,1,2,0,1103,66230.0
2025-01-01 18:24:00,GYRO_X,-0.0273,18,24,0,1,1,2,0,1104,66240.0
2025-01-01 18:24:10,GYRO_Y,-0.0353,18,24,10,1,1,2,0,1104,66250.0
2025-01-01 18:24:20,GYRO_Z,0.003,18,24,20,1,1,2,0,1104,66260.0
2025-01-01 18:24:30,MAGNETOMETER_X,-26.4145,18,24,30,1,1,2,0,1104,66270.0
2025-01-01 18:24:40,MAGNETOMETER_Y,-33.2762,18,24,40,1,1,2,0,1104,66280.0
2025-01-01 18:24:50,MAGNETOMETER_Z,8.766,18,24,50,1,1,2,0,1104,66290.0
2025-01-01 18:25:00,REACTION_WHEEL_SPD_X,580.2034,18,25,0,1,1,2,0,1105,66300.0
2025-01-01 18:25:10,REACTION_WHEEL_SPD_Y,1113.0069,18,25,10,1,1,2,0,1105,66310.0
2025-01-01 18:25:20,REACTION_WHEEL_SPD_Z,254.1311,18,25,20,1,1,2,0,1105,66320.0
2025-01-01 18:25:30,ATTITUDE_ROLL,0.6381,18,25,30,1,1,2,0,1105,66330.0
2025-01-01 18:25:40,ATTITUDE_PITCH,1.1641,18,25,40,1,1,2,0,1105,66340.0
2025-01-01 18:25:50,ATTITUDE_YAW,-0.5328,18,25,50,1,1,2,0,1105,66350.0
2025-01-01 18:26:00,STAR_TRACKER_VALID,0.1975,18,26,0,1,1,2,0,1106,66360.0
2025-01-01 18:26:10,SUN_SENSOR_ANGLE,55.0515,18,26,10,1,1,2,0,1106,66370.0
2025-01-01 18:26:20,RF_SIGNAL_STRENGTH,-75.6956,18,26,20,1,1,2,0,1106,66380.0
2025-01-01 18:26:30,RF_NOISE_FLOOR,-97.2427,18,26,30,1,1,2,0,1106,66390.0
2025-01-01 18:26:40,TX_POWER,2.1347,18,26,40,1,1,2,0,1106,66400.0
2025-01-01 18:26:50,LINK_MARGIN,15.7067,18,26,50,1,1,2,0,1106,66410.0
2025-01-01 18:27:00,DATA_RATE_KBPS,89.2609,18,27,0,1,1,2,0,1107,66420.0
2025-01-01 18:27:10,PACKET_LOSS_RATE,0.5067,18,27,10,1,1,2,0,1107,66430.0
2025-01-01 18:27:20,CPU_USAGE,42.6981,18,27,20,1,1,2,0,1107,66440.0
2025-01-01 18:27:30,MEMORY_USAGE,44.182,18,27,30,1,1,2,0,1107,66450.0
2025-01-01 18:27:40,FLASH_WRITE_RATE,2.047,18,27,40,1,1,2,0,1107,66460.0
2025-01-01 18:27:50,WATCHDOG_COUNTER,35.7189,18,27,50,1,1,2,0,1107,66470.0
2025-01-01 18:28:00,TANK_PRESSURE,289.9657,18,28,0,1,1,2,0,1108,66480.0
2025-01-01 18:28:10,THRUSTER_VALVE_TEMP,16.782,18,28,10,1,1,2,0,1108,66490.0
2025-01-01 18:28:20,BATT_VOLTAGE_1,27.303,18,28,20,1,1,2,0,1108,66500.0
2025-01-01 18:28:30,BATT_VOLTAGE_2,27.289,18,28,30,1,1,2,0,1108,66510.0
2025-01-01 18:28:40,BATT_CURRENT_1,1.7015,18,28,40,1,1,2,0,1108,66520.0
2025-01-01 18:28:50,BATT_CURRENT_2,1.8079,18,28,50,1,1,2,0,1108,66530.0
2025-01-01 18:29:00,BATT_TEMP_1,28.9604,18,29,0,1,1,2,0,1109,66540.0
2025-01-01 18:29:10,BATT_TEMP_2,23.3049,18,29,10,1,1,2,0,1109,66550.0
2025-01-01 18:29:20,BATT_SOC,73.1912,18,29,20,1,1,2,0,1109,66560.0
2025-01-01 18:29:30,SOLAR_PANEL_VOLT_A,29.5494,18,29,30,1,1,2,0,1109,66570.0
2025-01-01 18:29:40,SOLAR_PANEL_VOLT_B,31.4584,18,29,40,1,1,2,0,1109,66580.0
2025-01-01 18:29:50,SOLAR_PANEL_CURR_A,4.364,18,29,50,1,1,2,0,1109,66590.0
2025-01-01 18:30:00,SOLAR_PANEL_CURR_B,6.5847,18,30,0,1,1,2,0,1110,66600.0
2025-01-01 18:30:10,SOLAR_POWER_TOTAL,93.4612,18,30,10,1,1,2,0,1110,66610.0
2025-01-01 18:30:20,BUS_VOLTAGE,28.3756,18,30,20,1,1,2,0,1110,66620.0
2025-01-01 18:30:30,BUS_CURRENT,6.8263,18,30,30,1,1,2,0,1110,66630.0
2025-01-01 18:30:40,THRUSTER_TEMP_1,19.4649,18,30,40,1,1,2,0,1110,66640.0
2025-01-01 18:30:50,THRUSTER_TEMP_2,25.1701,18,30,50,1,1,2,0,1110,66650.0
2025-01-01 18:31:00,PAYLOAD_TEMP_CAM,25.5471,18,31,0,1,1,2,0,1111,66660.0
2025-01-01 18:31:10,PAYLOAD_TEMP_SENSOR,24.4413,18,31,10,1,1,2,0,1111,66670.0
2025-01-01 18:31:20,OBC_TEMP,36.9852,18,31,20,1,1,2,0,1111,66680.0
2025-01-01 18:31:30,TRANS_TEMP,33.9943,18,31,30,1,1,2,0,1111,66690.0
2025-01-01 18:31:40,STRUCT_TEMP_PANEL_X,0.0304,18,31,40,1,1,2,0,1111,66700.0
2025-01-01 18:31:50,STRUCT_TEMP_PANEL_Y,14.1136,18,31,50,1,1,2,0,1111,66710.0
2025-01-01 18:32:00,STRUCT_TEMP_PANEL_Z,6.4304,18,32,0,1,1,2,0,1112,66720.0
2025-01-01 18:32:10,RADIATOR_TEMP,2.0237,18,32,10,1,1,2,0,1112,66730.0
2025-01-01 18:32:20,GYRO_X,-0.0367,18,32,20,1,1,2,0,1112,66740.0
2025-01-01 18:32:30,GYRO_Y,-0.0415,18,32,30,1,1,2,0,1112,66750.0
2025-01-01 18:32:40,GYRO_Z,0.0074,18,32,40,1,1,2,0,1112,66760.0
2025-01-01 18:32:50,MAGNETOMETER_X,9.0426,18,32,50,1,1,2,0,1112,66770.0
2025-01-01 18:33:00,MAGNETOMETER_Y,0.2045,18,33,0,1,1,2,0,1113,66780.0
2025-01-01 18:33:10,MAGNETOMETER_Z,-4.6562,18,33,10,1,1,2,0,1113,66790.0
2025-01-01 18:33:20,REACTION_WHEEL_SPD_X,87.8973,18,33,20,1,1,2,0,1113,66800.0
2025-01-01 18:33:30,REACTION_WHEEL_SPD_Y,-582.6695,18,33,30,1,1,2,0,1113,66810.0
2025-01-01 18:33:40,REACTION_WHEEL_SPD_Z,-342.8119,18,33,40,1,1,2,0,1113,66820.0
2025-01-01 18:33:50,ATTITUDE_ROLL,-0.3572,18,33,50,1,1,2,0,1113,66830.0
2025-01-01 18:34:00,ATTITUDE_PITCH,-1.8496,18,34,0,1,1,2,0,1114,66840.0
2025-01-01 18:34:10,ATTITUDE_YAW,1.1983,18,34,10,1,1,2,0,1114,66850.0
2025-01-01 18:34:20,STAR_TRACKER_VALID,0.2013,18,34,20,1,1,2,0,1114,66860.0
2025-01-01 18:34:30,SUN_SENSOR_ANGLE,85.527,18,34,30,1,1,2,0,1114,66870.0
2025-01-01 18:34:40,RF_SIGNAL_STRENGTH,-70.5178,18,34,40,1,1,2,0,1114,66880.0
2025-01-01 18:34:50,RF_NOISE_FLOOR,-95.9502,18,34,50,1,1,2,0,1114,66890.0
2025-01-01 18:35:00,TX_POWER,3.1592,18,35,0,1,1,2,0,1115,66900.0
2025-01-01 18:35:10,LINK_MARGIN,19.8221,18,35,10,1,1,2,0,1115,66910.0
2025-01-01 18:35:20,DATA_RATE_KBPS,96.8774,18,35,20,1,1,2,0,1115,66920.0
2025-01-01 18:35:30,PACKET_LOSS_RATE,1.1166,18,35,30,1,1,2,0,1115,66930.0
2025-01-01 18:35:40,CPU_USAGE,24.5537,18,35,40,1,1,2,0,1115,66940.0
2025-01-01 18:35:50,MEMORY_USAGE,41.7022,18,35,50,1,1,2,0,1115,66950.0
2025-01-01 18:36:00,FLASH_WRITE_RATE,2.051,18,36,0,1,1,2,0,1116,66960.0
2025-01-01 18:36:10,WATCHDOG_COUNTER,30.3162,18,36,10,1,1,2,0,1116,66970.0
2025-01-01 18:36:20,TANK_PRESSURE,300.0741,18,36,20,1,1,2,0,1116,66980.0
2025-01-01 18:36:30,THRUSTER_VALVE_TEMP,19.8909,18,36,30,1,1,2,0,1116,66990.0
2025-01-01 18:36:40,BATT_VOLTAGE_1,28.3202,18,36,40,1,1,2,0,1116,67000.0
2025-01-01 18:36:50,BATT_VOLTAGE_2,27.3891,18,36,50,1,1,2,0,1116,67010.0
2025-01-01 18:37:00,BATT_CURRENT_1,1.8416,18,37,0,1,1,2,0,1117,67020.0
2025-01-01 18:37:10,BATT_CURRENT_2,2.2343,18,37,10,1,1,2,0,1117,67030.0
2025-01-01 18:37:20,BATT_TEMP_1,26.6988,18,37,20,1,1,2,0,1117,67040.0
2025-01-01 18:37:30,BATT_TEMP_2,23.6494,18,37,30,1,1,2,0,1117,67050.0
2025-01-01 18:37:40,BATT_SOC,78.4263,18,37,40,1,1,2,0,1117,67060.0
2025-01-01 18:37:50,SOLAR_PANEL_VOLT_A,32.1473,18,37,50,1,1,2,0,1117,67070.0
2025-01-01 18:38:00,SOLAR_PANEL_VOLT_B,30.7205,18,38,0,1,1,2,0,1118,67080.0
2025-01-01 18:38:10,SOLAR_PANEL_CURR_A,6.5373,18,38,10,1,1,2,0,1118,67090.0
2025-01-01 18:38:20,SOLAR_PANEL_CURR_B,4.2996,18,38,20,1,1,2,0,1118,67100.0
2025-01-01 18:38:30,SOLAR_POWER_TOTAL,89.4447,18,38,30,1,1,2,0,1118,67110.0
2025-01-01 18:38:40,BUS_VOLTAGE,28.4553,18,38,40,1,1,2,0,1118,67120.0
2025-01-01 18:38:50,BUS_CURRENT,6.7539,18,38,50,1,1,2,0,1118,67130.0
2025-01-01 18:39:00,THRUSTER_TEMP_1,23.0181,18,39,0,1,1,2,0,1119,67140.0
2025-01-01 18:39:10,THRUSTER_TEMP_2,22.1062,18,39,10,1,1,2,0,1119,67150.0
2025-01-01 18:39:20,PAYLOAD_TEMP_CAM,21.4499,18,39,20,1,1,2,0,1119,67160.0
2025-01-01 18:39:30,PAYLOAD_TEMP_SENSOR,24.761,18,39,30,1,1,2,0,1119,67170.0
2025-01-01 18:39:40,OBC_TEMP,38.2688,18,39,40,1,1,2,0,1119,67180.0
2025-01-01 18:39:50,TRANS_TEMP,43.6163,18,39,50,1,1,2,0,1119,67190.0
2025-01-01 18:40:00,STRUCT_TEMP_PANEL_X,10.8659,18,40,0,1,1,2,0,1120,67200.0
2025-01-01 18:40:10,STRUCT_TEMP_PANEL_Y,5.0273,18,40,10,1,1,2,0,1120,67210.0
2025-01-01 18:40:20,STRUCT_TEMP_PANEL_Z,4.7538,18,40,20,1,1,2,0,1120,67220.0
2025-01-01 18:40:30,RADIATOR_TEMP,-17.1719,18,40,30,1,1,2,0,1120,67230.0
2025-01-01 18:40:40,GYRO_X,-0.0302,18,40,40,1,1,2,0,1120,67240.0
2025-01-01 18:40:50,GYRO_Y,-0.0134,18,40,50,1,1,2,0,1120,67250.0
2025-01-01 18:41:00,GYRO_Z,-0.0312,18,41,0,1,1,2,0,1121,67260.0
2025-01-01 18:41:10,MAGNETOMETER_X,8.2788,18,41,10,1,1,2,0,1121,67270.0
2025-01-01 18:41:20,MAGNETOMETER_Y,16.7537,18,41,20,1,1,2,0,1121,67280.0
2025-01-01 18:41:30,MAGNETOMETER_Z,-26.7143,18,41,30,1,1,2,0,1121,67290.0
2025-01-01 18:41:40,REACTION_WHEEL_SPD_X,-1642.8701,18,41,40,1,1,2,0,1121,67300.0
2025-01-01 18:41:50,REACTION_WHEEL_SPD_Y,-1263.4119,18,41,50,1,1,2,0,1121,67310.0
2025-01-01 18:42:00,REACTION_WHEEL_SPD_Z,-962.3813,18,42,0,1,1,2,0,1122,67320.0
2025-01-01 18:42:10,ATTITUDE_ROLL,0.9072,18,42,10,1,1,2,0,1122,67330.0
2025-01-01 18:42:20,ATTITUDE_PITCH,0.6561,18,42,20,1,1,2,0,1122,67340.0
2025-01-01 18:42:30,ATTITUDE_YAW,0.7177,18,42,30,1,1,2,0,1122,67350.0
2025-01-01 18:42:40,STAR_TRACKER_VALID,0.4456,18,42,40,1,1,2,0,1122,67360.0
2025-01-01 18:42:50,SUN_SENSOR_ANGLE,55.8118,18,42,50,1,1,2,0,1122,67370.0
2025-01-01 18:43:00,RF_SIGNAL_STRENGTH,-57.9679,18,43,0,1,1,2,0,1123,67380.0
2025-01-01 18:43:10,RF_NOISE_FLOOR,-102.9392,18,43,10,1,1,2,0,1123,67390.0
2025-01-01 18:43:20,TX_POWER,2.3068,18,43,20,1,1,2,0,1123,67400.0
2025-01-01 18:43:30,LINK_MARGIN,12.8624,18,43,30,1,1,2,0,1123,67410.0
2025-01-01 18:43:40,DATA_RATE_KBPS,156.5289,18,43,40,1,1,2,0,1123,67420.0
2025-01-01 18:43:50,PACKET_LOSS_RATE,1.0684,18,43,50,1,1,2,0,1123,67430.0
2025-01-01 18:44:00,CPU_USAGE,21.6381,18,44,0,1,1,2,0,1124,67440.0
2025-01-01 18:44:10,MEMORY_USAGE,39.0089,18,44,10,1,1,2,0,1124,67450.0
2025-01-01 18:44:20,FLASH_WRITE_RATE,1.2189,18,44,20,1,1,2,0,1124,67460.0
2025-01-01 18:44:30,WATCHDOG_COUNTER,57.3183,18,44,30,1,1,2,0,1124,67470.0
2025-01-01 18:44:40,TANK_PRESSURE,311.0112,18,44,40,1,1,2,0,1124,67480.0
2025-01-01 18:44:50,THRUSTER_VALVE_TEMP,14.5767,18,44,50,1,1,2,0,1124,67490.0
2025-01-01 18:45:00,BATT_VOLTAGE_1,28.5642,18,45,0,1,1,2,0,1125,67500.0
2025-01-01 18:45:10,BATT_VOLTAGE_2,28.4653,18,45,10,1,1,2,0,1125,67510.0
2025-01-01 18:45:20,BATT_CURRENT_1,2.3233,18,45,20,1,1,2,0,1125,67520.0
2025-01-01 18:45:30,BATT_CURRENT_2,1.9839,18,45,30,1,1,2,0,1125,67530.0
2025-01-01 18:45:40,BATT_TEMP_1,27.2885,18,45,40,1,1,2,0,1125,67540.0
2025-01-01 18:45:50,BATT_TEMP_2,23.2065,18,45,50,1,1,2,0,1125,67550.0
2025-01-01 18:46:00,BATT_SOC,73.6744,18,46,0,1,1,2,0,1126,67560.0
2025-01-01 18:46:10,SOLAR_PANEL_VOLT_A,29.1931,18,46,10,1,1,2,0,1126,67570.0
2025-01-01 18:46:20,SOLAR_PANEL_VOLT_B,30.2998,18,46,20,1,1,2,0,1126,67580.0
2025-01-01 18:46:30,SOLAR_PANEL_CURR_A,3.9084,18,46,30,1,1,2,0,1126,67590.0
2025-01-01 18:46:40,SOLAR_PANEL_CURR_B,6.3162,18,46,40,1,1,2,0,1126,67600.0
2025-01-01 18:46:50,SOLAR_POWER_TOTAL,98.6202,18,46,50,1,1,2,0,1126,67610.0
2025-01-01 18:47:00,BUS_VOLTAGE,28.7167,18,47,0,1,1,2,0,1127,67620.0
2025-01-01 18:47:10,BUS_CURRENT,9.4423,18,47,10,1,1,2,0,1127,67630.0
2025-01-01 18:47:20,THRUSTER_TEMP_1,20.1361,18,47,20,1,1,2,0,1127,67640.0
2025-01-01 18:47:30,THRUSTER_TEMP_2,22.0779,18,47,30,1,1,2,0,1127,67650.0
2025-01-01 18:47:40,PAYLOAD_TEMP_CAM,25.3226,18,47,40,1,1,2,0,1127,67660.0
2025-01-01 18:47:50,PAYLOAD_TEMP_SENSOR,24.6991,18,47,50,1,1,2,0,1127,67670.0
2025-01-01 18:48:00,OBC_TEMP,37.0543,18,48,0,1,1,2,0,1128,67680.0
2025-01-01 18:48:10,TRANS_TEMP,32.7585,18,48,10,1,1,2,0,1128,67690.0
2025-01-01 18:48:20,STRUCT_TEMP_PANEL_X,14.2055,18,48,20,1,1,2,0,1128,67700.0
2025-01-01 18:48:30,STRUCT_TEMP_PANEL_Y,14.5432,18,48,30,1,1,2,0,1128,67710.0
2025-01-01 18:48:40,STRUCT_TEMP_PANEL_Z,33.3193,18,48,40,1,1,2,0,1128,67720.0
2025-01-01 18:48:50,RADIATOR_TEMP,-21.7112,18,48,50,1,1,2,0,1128,67730.0
2025-01-01 18:49:00,GYRO_X,0.0022,18,49,0,1,1,2,0,1129,67740.0
2025-01-01 18:49:10,GYRO_Y,0.0265,18,49,10,1,1,2,0,1129,67750.0
2025-01-01 18:49:20,GYRO_Z,0.023,18,49,20,1,1,2,0,1129,67760.0
2025-01-01 18:49:30,MAGNETOMETER_X,1.1002,18,49,30,1,1,2,0,1129,67770.0
2025-01-01 18:49:40,MAGNETOMETER_Y,-12.1663,18,49,40,1,1,2,0,1129,67780.0
2025-01-01 18:49:50,MAGNETOMETER_Z,-26.7727,18,49,50,1,1,2,0,1129,67790.0
2025-01-01 18:50:00,REACTION_WHEEL_SPD_X,-1164.402,18,50,0,1,1,2,0,1130,67800.0
2025-01-01 18:50:10,REACTION_WHEEL_SPD_Y,-1095.4293,18,50,10,1,1,2,0,1130,67810.0
2025-01-01 18:50:20,REACTION_WHEEL_SPD_Z,-1691.8029,18,50,20,1,1,2,0,1130,67820.0
2025-01-01 18:50:30,ATTITUDE_ROLL,1.5413,18,50,30,1,1,2,0,1130,67830.0
2025-01-01 18:50:40,ATTITUDE_PITCH,0.2018,18,50,40,1,1,2,0,1130,67840.0
2025-01-01 18:50:50,ATTITUDE_YAW,-1.6068,18,50,50,1,1,2,0,1130,67850.0
2025-01-01 18:51:00,STAR_TRACKER_VALID,0.3532,18,51,0,1,1,2,0,1131,67860.0
2025-01-01 18:51:10,SUN_SENSOR_ANGLE,102.1931,18,51,10,1,1,2,0,1131,67870.0
2025-01-01 18:51:20,RF_SIGNAL_STRENGTH,-58.3298,18,51,20,1,1,2,0,1131,67880.0
2025-01-01 18:51:30,RF_NOISE_FLOOR,-100.2789,18,51,30,1,1,2,0,1131,67890.0
2025-01-01 18:51:40,TX_POWER,1.933,18,51,40,1,1,2,0,1131,67900.0
2025-01-01 18:51:50,LINK_MARGIN,12.707,18,51,50,1,1,2,0,1131,67910.0
2025-01-01 18:52:00,DATA_RATE_KBPS,91.5445,18,52,0,1,1,2,0,1132,67920.0
2025-01-01 18:52:10,PACKET_LOSS_RATE,0.5954,18,52,10,1,1,2,0,1132,67930.0
2025-01-01 18:52:20,CPU_USAGE,41.3774,18,52,20,1,1,2,0,1132,67940.0
2025-01-01 18:52:30,MEMORY_USAGE,51.4576,18,52,30,1,1,2,0,1132,67950.0
2025-01-01 18:52:40,FLASH_WRITE_RATE,1.4015,18,52,40,1,1,2,0,1132,67960.0
2025-01-01 18:52:50,WATCHDOG_COUNTER,26.2917,18,52,50,1,1,2,0,1132,67970.0
2025-01-01 18:53:00,TANK_PRESSURE,290.2824,18,53,0,1,1,2,0,1133,67980.0
2025-01-01 18:53:10,THRUSTER_VALVE_TEMP,17.9811,18,53,10,1,1,2,0,1133,67990.0
2025-01-01 18:53:20,BATT_VOLTAGE_1,27.5722,18,53,20,1,1,2,0,1133,68000.0
2025-01-01 18:53:30,BATT_VOLTAGE_2,27.5539,18,53,30,1,1,2,0,1133,68010.0
2025-01-01 18:53:40,BATT_CURRENT_1,1.8835,18,53,40,1,1,2,0,1133,68020.0
2025-01-01 18:53:50,BATT_CURRENT_2,2.676,18,53,50,1,1,2,0,1133,68030.0
2025-01-01 18:54:00,BATT_TEMP_1,25.0378,18,54,0,1,1,2,0,1134,68040.0
2025-01-01 18:54:10,BATT_TEMP_2,21.7892,18,54,10,1,1,2,0,1134,68050.0
2025-01-01 18:54:20,BATT_SOC,69.7758,18,54,20,1,1,2,0,1134,68060.0
2025-01-01 18:54:30,SOLAR_PANEL_VOLT_A,31.6214,18,54,30,1,1,2,0,1134,68070.0
2025-01-01 18:54:40,SOLAR_PANEL_VOLT_B,32.1711,18,54,40,1,1,2,0,1134,68080.0
2025-01-01 18:54:50,SOLAR_PANEL_CURR_A,4.4698,18,54,50,1,1,2,0,1134,68090.0
2025-01-01 18:55:00,SOLAR_PANEL_CURR_B,5.9632,18,55,0,1,1,2,0,1135,68100.0
2025-01-01 18:55:10,SOLAR_POWER_TOTAL,91.3472,18,55,10,1,1,2,0,1135,68110.0
2025-01-01 18:55:20,BUS_VOLTAGE,28.2409,18,55,20,1,1,2,0,1135,68120.0
2025-01-01 18:55:30,BUS_CURRENT,7.4143,18,55,30,1,1,2,0,1135,68130.0
2025-01-01 18:55:40,THRUSTER_TEMP_1,25.6422,18,55,40,1,1,2,0,1135,68140.0
2025-01-01 18:55:50,THRUSTER_TEMP_2,18.9265,18,55,50,1,1,2,0,1135,68150.0
2025-01-01 18:56:00,PAYLOAD_TEMP_CAM,20.0448,18,56,0,1,1,2,0,1136,68160.0
2025-01-01 18:56:10,PAYLOAD_TEMP_SENSOR,24.1462,18,56,10,1,1,2,0,1136,68170.0
2025-01-01 18:56:20,OBC_TEMP,44.1771,18,56,20,1,1,2,0,1136,68180.0
2025-01-01 18:56:30,TRANS_TEMP,35.3937,18,56,30,1,1,2,0,1136,68190.0
2025-01-01 18:56:40,STRUCT_TEMP_PANEL_X,2.8217,18,56,40,1,1,2,0,1136,68200.0
2025-01-01 18:56:50,STRUCT_TEMP_PANEL_Y,8.1494,18,56,50,1,1,2,0,1136,68210.0
2025-01-01 18:57:00,STRUCT_TEMP_PANEL_Z,5.2154,18,57,0,1,1,2,0,1137,68220.0
2025-01-01 18:57:10,RADIATOR_TEMP,-11.1305,18,57,10,1,1,2,0,1137,68230.0
2025-01-01 18:57:20,GYRO_X,0.0041,18,57,20,1,1,2,0,1137,68240.0
2025-01-01 18:57:30,GYRO_Y,-0.0332,18,57,30,1,1,2,0,1137,68250.0
2025-01-01 18:57:40,GYRO_Z,-0.0369,18,57,40,1,1,2,0,1137,68260.0
2025-01-01 18:57:50,MAGNETOMETER_X,-26.1442,18,57,50,1,1,2,0,1137,68270.0
2025-01-01 18:58:00,MAGNETOMETER_Y,-23.4611,18,58,0,1,1,2,0,1138,68280.0
2025-01-01 18:58:10,MAGNETOMETER_Z,17.1098,18,58,10,1,1,2,0,1138,68290.0
2025-01-01 18:58:20,REACTION_WHEEL_SPD_X,-1222.0931,18,58,20,1,1,2,0,1138,68300.0
2025-01-01 18:58:30,REACTION_WHEEL_SPD_Y,87.6036,18,58,30,1,1,2,0,1138,68310.0
2025-01-01 18:58:40,REACTION_WHEEL_SPD_Z,718.6801,18,58,40,1,1,2,0,1138,68320.0
2025-01-01 18:58:50,ATTITUDE_ROLL,0.8846,18,58,50,1,1,2,0,1138,68330.0
2025-01-01 18:59:00,ATTITUDE_PITCH,-1.1525,18,59,0,1,1,2,0,1139,68340.0
2025-01-01 18:59:10,ATTITUDE_YAW,-2.2674,18,59,10,1,1,2,0,1139,68350.0
2025-01-01 18:59:20,STAR_TRACKER_VALID,0.3567,18,59,20,1,1,2,0,1139,68360.0
2025-01-01 18:59:30,SUN_SENSOR_ANGLE,105.2341,18,59,30,1,1,2,0,1139,68370.0
2025-01-01 18:59:40,RF_SIGNAL_STRENGTH,-60.2641,18,59,40,1,1,2,0,1139,68380.0
2025-01-01 18:59:50,RF_NOISE_FLOOR,-99.1146,18,59,50,1,1,2,0,1139,68390.0
2025-01-01 19:00:00,TX_POWER,2.8994,19,0,0,1,1,2,0,1140,68400.0
2025-01-01 19:00:10,LINK_MARGIN,11.7427,19,0,10,1,1,2,0,1140,68410.0
2025-01-01 19:00:20,DATA_RATE_KBPS,152.8991,19,0,20,1,1,2,0,1140,68420.0
2025-01-01 19:00:30,PACKET_LOSS_RATE,0.6627,19,0,30,1,1,2,0,1140,68430.0
2025-01-01 19:00:40,CPU_USAGE,31.9276,19,0,40,1,1,2,0,1140,68440.0
2025-01-01 19:00:50,MEMORY_USAGE,48.75,19,0,50,1,1,2,0,1140,68450.0
2025-01-01 19:01:00,FLASH_WRITE_RATE,3.2302,19,1,0,1,1,2,0,1141,68460.0
2025-01-01 19:01:10,WATCHDOG_COUNTER,67.2701,19,1,10,1,1,2,0,1141,68470.0
2025-01-01 19:01:20,TANK_PRESSURE,304.5562,19,1,20,1,1,2,0,1141,68480.0
2025-01-01 19:01:30,THRUSTER_VALVE_TEMP,14.0575,19,1,30,1,1,2,0,1141,68490.0
2025-01-01 19:01:40,BATT_VOLTAGE_1,27.3804,19,1,40,1,1,2,0,1141,68500.0
2025-01-01 19:01:50,BATT_VOLTAGE_2,27.2075,19,1,50,1,1,2,0,1141,68510.0
2025-01-01 19:02:00,BATT_CURRENT_1,2.6572,19,2,0,1,1,2,0,1142,68520.0
2025-01-01 19:02:10,BATT_CURRENT_2,2.9983,19,2,10,1,1,2,0,1142,68530.0
2025-01-01 19:02:20,BATT_TEMP_1,19.1427,19,2,20,1,1,2,0,1142,68540.0
2025-01-01 19:02:30,BATT_TEMP_2,19.2737,19,2,30,1,1,2,0,1142,68550.0
2025-01-01 19:02:40,BATT_SOC,78.1703,19,2,40,1,1,2,0,1142,68560.0
2025-01-01 19:02:50,SOLAR_PANEL_VOLT_A,31.6154,19,2,50,1,1,2,0,1142,68570.0
2025-01-01 19:03:00,SOLAR_PANEL_VOLT_B,30.6303,19,3,0,1,1,2,0,1143,68580.0
2025-01-01 19:03:10,SOLAR_PANEL_CURR_A,4.2098,19,3,10,1,1,2,0,1143,68590.0
2025-01-01 19:03:20,SOLAR_PANEL_CURR_B,5.2541,19,3,20,1,1,2,0,1143,68600.0
2025-01-01 19:03:30,SOLAR_POWER_TOTAL,113.3016,19,3,30,1,1,2,0,1143,68610.0
2025-01-01 19:03:40,BUS_VOLTAGE,28.8421,19,3,40,1,1,2,0,1143,68620.0
2025-01-01 19:03:50,BUS_CURRENT,8.5388,19,3,50,1,1,2,0,1143,68630.0
2025-01-01 19:04:00,THRUSTER_TEMP_1,26.0283,19,4,0,1,1,2,0,1144,68640.0
2025-01-01 19:04:10,THRUSTER_TEMP_2,18.6763,19,4,10,1,1,2,0,1144,68650.0
2025-01-01 19:04:20,PAYLOAD_TEMP_CAM,20.9983,19,4,20,1,1,2,0,1144,68660.0
2025-01-01 19:04:30,PAYLOAD_TEMP_SENSOR,24.5321,19,4,30,1,1,2,0,1144,68670.0
2025-01-01 19:04:40,OBC_TEMP,47.2965,19,4,40,1,1,2,0,1144,68680.0
2025-01-01 19:04:50,TRANS_TEMP,41.8549,19,4,50,1,1,2,0,1144,68690.0
2025-01-01 19:05:00,STRUCT_TEMP_PANEL_X,5.9836,19,5,0,1,1,2,0,1145,68700.0
2025-01-01 19:05:10,STRUCT_TEMP_PANEL_Y,9.858,19,5,10,1,1,2,0,1145,68710.0
2025-01-01 19:05:20,STRUCT_TEMP_PANEL_Z,9.6759,19,5,20,1,1,2,0,1145,68720.0
2025-01-01 19:05:30,RADIATOR_TEMP,-7.3391,19,5,30,1,1,2,0,1145,68730.0
2025-01-01 19:05:40,GYRO_X,-0.0126,19,5,40,1,1,2,0,1145,68740.0
2025-01-01 19:05:50,GYRO_Y,-0.0402,19,5,50,1,1,2,0,1145,68750.0
2025-01-01 19:06:00,GYRO_Z,-0.0374,19,6,0,1,1,2,0,1146,68760.0
2025-01-01 19:06:10,MAGNETOMETER_X,-36.6895,19,6,10,1,1,2,0,1146,68770.0
2025-01-01 19:06:20,MAGNETOMETER_Y,-7.1727,19,6,20,1,1,2,0,1146,68780.0
2025-01-01 19:06:30,MAGNETOMETER_Z,25.7306,19,6,30,1,1,2,0,1146,68790.0
2025-01-01 19:06:40,REACTION_WHEEL_SPD_X,-1661.6317,19,6,40,1,1,2,0,1146,68800.0
2025-01-01 19:06:50,REACTION_WHEEL_SPD_Y,837.2839,19,6,50,1,1,2,0,1146,68810.0
2025-01-01 19:07:00,REACTION_WHEEL_SPD_Z,-970.0582,19,7,0,1,1,2,0,1147,68820.0
2025-01-01 19:07:10,ATTITUDE_ROLL,0.3054,19,7,10,1,1,2,0,1147,68830.0
2025-01-01 19:07:20,ATTITUDE_PITCH,-0.8248,19,7,20,1,1,2,0,1147,68840.0
2025-01-01 19:07:30,ATTITUDE_YAW,0.9095,19,7,30,1,1,2,0,1147,68850.0
2025-01-01 19:07:40,STAR_TRACKER_VALID,0.707,19,7,40,1,1,2,0,1147,68860.0
2025-01-01 19:07:50,SUN_SENSOR_ANGLE,40.2651,19,7,50,1,1,2,0,1147,68870.0
2025-01-01 19:08:00,RF_SIGNAL_STRENGTH,-75.3578,19,8,0,1,1,2,0,1148,68880.0
2025-01-01 19:08:10,RF_NOISE_FLOOR,-97.8386,19,8,10,1,1,2,0,1148,68890.0
2025-01-01 19:08:20,TX_POWER,2.439,19,8,20,1,1,2,0,1148,68900.0
2025-01-01 19:08:30,LINK_MARGIN,15.888,19,8,30,1,1,2,0,1148,68910.0
2025-01-01 19:08:40,DATA_RATE_KBPS,111.678,19,8,40,1,1,2,0,1148,68920.0
2025-01-01 19:08:50,PACKET_LOSS_RATE,0.6069,19,8,50,1,1,2,0,1148,68930.0
2025-01-01 19:09:00,CPU_USAGE,22.4386,19,9,0,1,1,2,0,1149,68940.0
2025-01-01 19:09:10,MEMORY_USAGE,58.2721,19,9,10,1,1,2,0,1149,68950.0
2025-01-01 19:09:20,FLASH_WRITE_RATE,1.6258,19,9,20,1,1,2,0,1149,68960.0
2025-01-01 19:09:30,WATCHDOG_COUNTER,64.8364,19,9,30,1,1,2,0,1149,68970.0
2025-01-01 19:09:40,TANK_PRESSURE,300.4958,19,9,40,1,1,2,0,1149,68980.0
2025-01-01 19:09:50,THRUSTER_VALVE_TEMP,13.7429,19,9,50,1,1,2,0,1149,68990.0
2025-01-01 19:10:00,BATT_VOLTAGE_1,27.3042,19,10,0,1,1,2,0,1150,69000.0
2025-01-01 19:10:10,BATT_VOLTAGE_2,27.0469,19,10,10,1,1,2,0,1150,69010.0
2025-01-01 19:10:20,BATT_CURRENT_1,1.8069,19,10,20,1,1,2,0,1150,69020.0
2025-01-01 19:10:30,BATT_CURRENT_2,2.3565,19,10,30,1,1,2,0,1150,69030.0
2025-01-01 19:10:40,BATT_TEMP_1,23.3756,19,10,40,1,1,2,0,1150,69040.0
2025-01-01 19:10:50,BATT_TEMP_2,18.9326,19,10,50,1,1,2,0,1150,69050.0
2025-01-01 19:11:00,BATT_SOC,71.6237,19,11,0,1,1,2,0,1151,69060.0
2025-01-01 19:11:10,SOLAR_PANEL_VOLT_A,31.1698,19,11,10,1,1,2,0,1151,69070.0
2025-01-01 19:11:20,SOLAR_PANEL_VOLT_B,29.2841,19,11,20,1,1,2,0,1151,69080.0
2025-01-01 19:11:30,SOLAR_PANEL_CURR_A,4.8504,19,11,30,1,1,2,0,1151,69090.0
2025-01-01 19:11:40,SOLAR_PANEL_CURR_B,5.2937,19,11,40,1,1,2,0,1151,69100.0
2025-01-01 19:11:50,SOLAR_POWER_TOTAL,94.481,19,11,50,1,1,2,0,1151,69110.0
2025-01-01 19:12:00,BUS_VOLTAGE,28.0066,19,12,0,1,1,2,0,1152,69120.0
2025-01-01 19:12:10,BUS_CURRENT,9.4458,19,12,10,1,1,2,0,1152,69130.0
2025-01-01 19:12:20,THRUSTER_TEMP_1,18.4417,19,12,20,1,1,2,0,1152,69140.0
2025-01-01 19:12:30,THRUSTER_TEMP_2,24.5305,19,12,30,1,1,2,0,1152,69150.0
2025-01-01 19:12:40,PAYLOAD_TEMP_CAM,20.496,19,12,40,1,1,2,0,1152,69160.0
2025-01-01 19:12:50,PAYLOAD_TEMP_SENSOR,20.3851,19,12,50,1,1,2,0,1152,69170.0
2025-01-01 19:13:00,OBC_TEMP,39.4026,19,13,0,1,1,2,0,1153,69180.0
2025-01-01 19:13:10,TRANS_TEMP,29.6408,19,13,10,1,1,2,0,1153,69190.0
2025-01-01 19:13:20,STRUCT_TEMP_PANEL_X,4.0425,19,13,20,1,1,2,0,1153,69200.0
2025-01-01 19:13:30,STRUCT_TEMP_PANEL_Y,4.598,19,13,30,1,1,2,0,1153,69210.0
2025-01-01 19:13:40,STRUCT_TEMP_PANEL_Z,17.6243,19,13,40,1,1,2,0,1153,69220.0
2025-01-01 19:13:50,RADIATOR_TEMP,-5.7012,19,13,50,1,1,2,0,1153,69230.0
2025-01-01 19:14:00,GYRO_X,0.0141,19,14,0,1,1,2,0,1154,69240.0
2025-01-01 19:14:10,GYRO_Y,-0.0026,19,14,10,1,1,2,0,1154,69250.0
2025-01-01 19:14:20,GYRO_Z,-0.0458,19,14,20,1,1,2,0,1154,69260.0
2025-01-01 19:14:30,MAGNETOMETER_X,-10.1074,19,14,30,1,1,2,0,1154,69270.0
2025-01-01 19:14:40,MAGNETOMETER_Y,-26.2112,19,14,40,1,1,2,0,1154,69280.0
2025-01-01 19:14:50,MAGNETOMETER_Z,-26.5343,19,14,50,1,1,2,0,1154,69290.0
2025-01-01 19:15:00,REACTION_WHEEL_SPD_X,-667.799,19,15,0,1,1,2,0,1155,69300.0
2025-01-01 19:15:10,REACTION_WHEEL_SPD_Y,-302.3171,19,15,10,1,1,2,0,1155,69310.0
2025-01-01 19:15:20,REACTION_WHEEL_SPD_Z,1348.7789,19,15,20,1,1,2,0,1155,69320.0
2025-01-01 19:15:30,ATTITUDE_ROLL,1.1494,19,15,30,1,1,2,0,1155,69330.0
2025-01-01 19:15:40,ATTITUDE_PITCH,-0.2189,19,15,40,1,1,2,0,1155,69340.0
2025-01-01 19:15:50,ATTITUDE_YAW,-1.5643,19,15,50,1,1,2,0,1155,69350.0
2025-01-01 19:16:00,STAR_TRACKER_VALID,0.3193,19,16,0,1,1,2,0,1156,69360.0
2025-01-01 19:16:10,SUN_SENSOR_ANGLE,116.4043,19,16,10,1,1,2,0,1156,69370.0
2025-01-01 19:16:20,RF_SIGNAL_STRENGTH,-76.979,19,16,20,1,1,2,0,1156,69380.0
2025-01-01 19:16:30,RF_NOISE_FLOOR,-94.0939,19,16,30,1,1,2,0,1156,69390.0
2025-01-01 19:16:40,TX_POWER,1.9802,19,16,40,1,1,2,0,1156,69400.0
2025-01-01 19:16:50,LINK_MARGIN,11.0018,19,16,50,1,1,2,0,1156,69410.0
2025-01-01 19:17:00,DATA_RATE_KBPS,148.064,19,17,0,1,1,2,0,1157,69420.0
2025-01-01 19:17:10,PACKET_LOSS_RATE,0.8176,19,17,10,1,1,2,0,1157,69430.0
2025-01-01 19:17:20,CPU_USAGE,22.6269,19,17,20,1,1,2,0,1157,69440.0
2025-01-01 19:17:30,MEMORY_USAGE,42.8176,19,17,30,1,1,2,0,1157,69450.0
2025-01-01 19:17:40,FLASH_WRITE_RATE,2.0588,19,17,40,1,1,2,0,1157,69460.0
2025-01-01 19:17:50,WATCHDOG_COUNTER,21.0314,19,17,50,1,1,2,0,1157,69470.0
2025-01-01 19:18:00,TANK_PRESSURE,297.6561,19,18,0,1,1,2,0,1158,69480.0
2025-01-01 19:18:10,THRUSTER_VALVE_TEMP,21.6842,19,18,10,1,1,2,0,1158,69490.0
2025-01-01 19:18:20,BATT_VOLTAGE_1,27.0237,19,18,20,1,1,2,0,1158,69500.0
2025-01-01 19:18:30,BATT_VOLTAGE_2,27.2721,19,18,30,1,1,2,0,1158,69510.0
2025-01-01 19:18:40,BATT_CURRENT_1,2.8972,19,18,40,1,1,2,0,1158,69520.0
2025-01-01 19:18:50,BATT_CURRENT_2,1.8321,19,18,50,1,1,2,0,1158,69530.0
2025-01-01 19:19:00,BATT_TEMP_1,24.4328,19,19,0,1,1,2,0,1159,69540.0
2025-01-01 19:19:10,BATT_TEMP_2,24.6707,19,19,10,1,1,2,0,1159,69550.0
2025-01-01 19:19:20,BATT_SOC,73.9733,19,19,20,1,1,2,0,1159,69560.0
2025-01-01 19:19:30,SOLAR_PANEL_VOLT_A,31.94,19,19,30,1,1,2,0,1159,69570.0
2025-01-01 19:19:40,SOLAR_PANEL_VOLT_B,29.483,19,19,40,1,1,2,0,1159,69580.0
2025-01-01 19:19:50,SOLAR_PANEL_CURR_A,4.2416,19,19,50,1,1,2,0,1159,69590.0
2025-01-01 19:20:00,SOLAR_PANEL_CURR_B,4.2696,19,20,0,1,1,2,0,1160,69600.0
2025-01-01 19:20:10,SOLAR_POWER_TOTAL,91.3474,19,20,10,1,1,2,0,1160,69610.0
2025-01-01 19:20:20,BUS_VOLTAGE,28.8989,19,20,20,1,1,2,0,1160,69620.0
2025-01-01 19:20:30,BUS_CURRENT,6.7938,19,20,30,1,1,2,0,1160,69630.0
2025-01-01 19:20:40,THRUSTER_TEMP_1,26.1591,19,20,40,1,1,2,0,1160,69640.0
2025-01-01 19:20:50,THRUSTER_TEMP_2,19.1532,19,20,50,1,1,2,0,1160,69650.0
2025-01-01 19:21:00,PAYLOAD_TEMP_CAM,24.037,19,21,0,1,1,2,0,1161,69660.0
2025-01-01 19:21:10,PAYLOAD_TEMP_SENSOR,22.5206,19,21,10,1,1,2,0,1161,69670.0
2025-01-01 19:21:20,OBC_TEMP,46.7542,19,21,20,1,1,2,0,1161,69680.0
2025-01-01 19:21:30,TRANS_TEMP,43.0363,19,21,30,1,1,2,0,1161,69690.0
2025-01-01 19:21:40,STRUCT_TEMP_PANEL_X,5.6457,19,21,40,1,1,2,0,1161,69700.0
2025-01-01 19:21:50,STRUCT_TEMP_PANEL_Y,31.2622,19,21,50,1,1,2,0,1161,69710.0
2025-01-01 19:22:00,STRUCT_TEMP_PANEL_Z,4.2078,19,22,0,1,1,2,0,1162,69720.0
2025-01-01 19:22:10,RADIATOR_TEMP,-15.4134,19,22,10,1,1,2,0,1162,69730.0
2025-01-01 19:22:20,GYRO_X,-0.0344,19,22,20,1,1,2,0,1162,69740.0
2025-01-01 19:22:30,GYRO_Y,-0.0409,19,22,30,1,1,2,0,1162,69750.0
2025-01-01 19:22:40,GYRO_Z,-0.0239,19,22,40,1,1,2,0,1162,69760.0
2025-01-01 19:22:50,MAGNETOMETER_X,-30.874,19,22,50,1,1,2,0,1162,69770.0
2025-01-01 19:23:00,MAGNETOMETER_Y,-27.6507,19,23,0,1,1,2,0,1163,69780.0
2025-01-01 19:23:10,MAGNETOMETER_Z,-20.954,19,23,10,1,1,2,0,1163,69790.0
2025-01-01 19:23:20,REACTION_WHEEL_SPD_X,-172.0627,19,23,20,1,1,2,0,1163,69800.0
2025-01-01 19:23:30,REACTION_WHEEL_SPD_Y,-422.9336,19,23,30,1,1,2,0,1163,69810.0
2025-01-01 19:23:40,REACTION_WHEEL_SPD_Z,-1392.2474,19,23,40,1,1,2,0,1163,69820.0
2025-01-01 19:23:50,ATTITUDE_ROLL,1.2433,19,23,50,1,1,2,0,1163,69830.0
2025-01-01 19:24:00,ATTITUDE_PITCH,1.2456,19,24,0,1,1,2,0,1164,69840.0
2025-01-01 19:24:10,ATTITUDE_YAW,-2.2539,19,24,10,1,1,2,0,1164,69850.0
2025-01-01 19:24:20,STAR_TRACKER_VALID,0.2765,19,24,20,1,1,2,0,1164,69860.0
2025-01-01 19:24:30,SUN_SENSOR_ANGLE,78.7497,19,24,30,1,1,2,0,1164,69870.0
2025-01-01 19:24:40,RF_SIGNAL_STRENGTH,-66.8785,19,24,40,1,1,2,0,1164,69880.0
2025-01-01 19:24:50,RF_NOISE_FLOOR,-91.6223,19,24,50,1,1,2,0,1164,69890.0
2025-01-01 19:25:00,TX_POWER,3.0495,19,25,0,1,1,2,0,1165,69900.0
2025-01-01 19:25:10,LINK_MARGIN,10.6076,19,25,10,1,1,2,0,1165,69910.0
2025-01-01 19:25:20,DATA_RATE_KBPS,104.0728,19,25,20,1,1,2,0,1165,69920.0
2025-01-01 19:25:30,PACKET_LOSS_RATE,1.1604,19,25,30,1,1,2,0,1165,69930.0
2025-01-01 19:25:40,CPU_USAGE,48.5096,19,25,40,1,1,2,0,1165,69940.0
2025-01-01 19:25:50,MEMORY_USAGE,60.7665,19,25,50,1,1,2,0,1165,69950.0
2025-01-01 19:26:00,FLASH_WRITE_RATE,1.9155,19,26,0,1,1,2,0,1166,69960.0
2025-01-01 19:26:10,WATCHDOG_COUNTER,26.977,19,26,10,1,1,2,0,1166,69970.0
2025-01-01 19:26:20,TANK_PRESSURE,302.4033,19,26,20,1,1,2,0,1166,69980.0
2025-01-01 19:26:30,THRUSTER_VALVE_TEMP,16.0074,19,26,30,1,1,2,0,1166,69990.0
2025-01-01 19:26:40,BATT_VOLTAGE_1,28.8337,19,26,40,1,1,2,0,1166,70000.0
2025-01-01 19:26:50,BATT_VOLTAGE_2,27.7407,19,26,50,1,1,2,0,1166,70010.0
2025-01-01 19:27:00,BATT_CURRENT_1,2.5719,19,27,0,1,1,2,0,1167,70020.0
2025-01-01 19:27:10,BATT_CURRENT_2,2.4231,19,27,10,1,1,2,0,1167,70030.0
2025-01-01 19:27:20,BATT_TEMP_1,29.3865,19,27,20,1,1,2,0,1167,70040.0
2025-01-01 19:27:30,BATT_TEMP_2,26.7076,19,27,30,1,1,2,0,1167,70050.0
2025-01-01 19:27:40,BATT_SOC,84.1964,19,27,40,1,1,2,0,1167,70060.0
2025-01-01 19:27:50,SOLAR_PANEL_VOLT_A,29.1458,19,27,50,1,1,2,0,1167,70070.0
2025-01-01 19:28:00,SOLAR_PANEL_VOLT_B,30.53,19,28,0,1,1,2,0,1168,70080.0
2025-01-01 19:28:10,SOLAR_PANEL_CURR_A,4.5556,19,28,10,1,1,2,0,1168,70090.0
2025-01-01 19:28:20,SOLAR_PANEL_CURR_B,4.803,19,28,20,1,1,2,0,1168,70100.0
2025-01-01 19:28:30,SOLAR_POWER_TOTAL,112.2161,19,28,30,1,1,2,0,1168,70110.0
2025-01-01 19:28:40,BUS_VOLTAGE,28.9725,19,28,40,1,1,2,0,1168,70120.0
2025-01-01 19:28:50,BUS_CURRENT,9.1784,19,28,50,1,1,2,0,1168,70130.0
2025-01-01 19:29:00,THRUSTER_TEMP_1,19.5557,19,29,0,1,1,2,0,1169,70140.0
2025-01-01 19:29:10,THRUSTER_TEMP_2,21.2821,19,29,10,1,1,2,0,1169,70150.0
2025-01-01 19:29:20,PAYLOAD_TEMP_CAM,23.4755,19,29,20,1,1,2,0,1169,70160.0
2025-01-01 19:29:30,PAYLOAD_TEMP_SENSOR,25.2616,19,29,30,1,1,2,0,1169,70170.0
2025-01-01 19:29:40,OBC_TEMP,40.3132,19,29,40,1,1,2,0,1169,70180.0
2025-01-01 19:29:50,TRANS_TEMP,33.8501,19,29,50,1,1,2,0,1169,70190.0
2025-01-01 19:30:00,STRUCT_TEMP_PANEL_X,21.7928,19,30,0,1,1,2,0,1170,70200.0
2025-01-01 19:30:10,STRUCT_TEMP_PANEL_Y,31.458,19,30,10,1,1,2,0,1170,70210.0
2025-01-01 19:30:20,STRUCT_TEMP_PANEL_Z,17.3596,19,30,20,1,1,2,0,1170,70220.0
2025-01-01 19:30:30,RADIATOR_TEMP,-2.3044,19,30,30,1,1,2,0,1170,70230.0
2025-01-01 19:30:40,GYRO_X,-0.0416,19,30,40,1,1,2,0,1170,70240.0
2025-01-01 19:30:50,GYRO_Y,0.0115,19,30,50,1,1,2,0,1170,70250.0
2025-01-01 19:31:00,GYRO_Z,0.0357,19,31,0,1,1,2,0,1171,70260.0
2025-01-01 19:31:10,MAGNETOMETER_X,9.733,19,31,10,1,1,2,0,1171,70270.0
2025-01-01 19:31:20,MAGNETOMETER_Y,25.7121,19,31,20,1,1,2,0,1171,70280.0
2025-01-01 19:31:30,MAGNETOMETER_Z,16.9864,19,31,30,1,1,2,0,1171,70290.0
2025-01-01 19:31:40,REACTION_WHEEL_SPD_X,883.5005,19,31,40,1,1,2,0,1171,70300.0
2025-01-01 19:31:50,REACTION_WHEEL_SPD_Y,1730.6422,19,31,50,1,1,2,0,1171,70310.0
2025-01-01 19:32:00,REACTION_WHEEL_SPD_Z,-732.279,19,32,0,1,1,2,0,1172,70320.0
2025-01-01 19:32:10,ATTITUDE_ROLL,-1.5376,19,32,10,1,1,2,0,1172,70330.0
2025-01-01 19:32:20,ATTITUDE_PITCH,-1.5265,19,32,20,1,1,2,0,1172,70340.0
2025-01-01 19:32:30,ATTITUDE_YAW,0.7126,19,32,30,1,1,2,0,1172,70350.0
2025-01-01 19:32:40,STAR_TRACKER_VALID,0.2466,19,32,40,1,1,2,0,1172,70360.0
2025-01-01 19:32:50,SUN_SENSOR_ANGLE,85.7672,19,32,50,1,1,2,0,1172,70370.0
2025-01-01 19:33:00,RF_SIGNAL_STRENGTH,-56.6808,19,33,0,1,1,2,0,1173,70380.0
2025-01-01 19:33:10,RF_NOISE_FLOOR,-103.407,19,33,10,1,1,2,0,1173,70390.0
2025-01-01 19:33:20,TX_POWER,3.5686,19,33,20,1,1,2,0,1173,70400.0
2025-01-01 19:33:30,LINK_MARGIN,9.9918,19,33,30,1,1,2,0,1173,70410.0
2025-01-01 19:33:40,DATA_RATE_KBPS,93.2164,19,33,40,1,1,2,0,1173,70420.0
2025-01-01 19:33:50,PACKET_LOSS_RATE,1.4804,19,33,50,1,1,2,0,1173,70430.0
2025-01-01 19:34:00,CPU_USAGE,36.9823,19,34,0,1,1,2,0,1174,70440.0
2025-01-01 19:34:10,MEMORY_USAGE,52.9087,19,34,10,1,1,2,0,1174,70450.0
2025-01-01 19:34:20,FLASH_WRITE_RATE,3.0712,19,34,20,1,1,2,0,1174,70460.0
2025-01-01 19:34:30,WATCHDOG_COUNTER,72.4439,19,34,30,1,1,2,0,1174,70470.0
2025-01-01 19:34:40,TANK_PRESSURE,296.0404,19,34,40,1,1,2,0,1174,70480.0
2025-01-01 19:34:50,THRUSTER_VALVE_TEMP,18.8361,19,34,50,1,1,2,0,1174,70490.0
2025-01-01 19:35:00,BATT_VOLTAGE_1,28.1367,19,35,0,1,1,2,0,1175,70500.0
2025-01-01 19:35:10,BATT_VOLTAGE_2,27.1979,19,35,10,1,1,2,0,1175,70510.0
2025-01-01 19:35:20,BATT_CURRENT_1,2.8798,19,35,20,1,1,2,0,1175,70520.0
2025-01-01 19:35:30,BATT_CURRENT_2,2.7149,19,35,30,1,1,2,0,1175,70530.0
2025-01-01 19:35:40,BATT_TEMP_1,19.7784,19,35,40,1,1,2,0,1175,70540.0
2025-01-01 19:35:50,BATT_TEMP_2,19.59,19,35,50,1,1,2,0,1175,70550.0
2025-01-01 19:36:00,BATT_SOC,70.8594,19,36,0,1,1,2,0,1176,70560.0
2025-01-01 19:36:10,SOLAR_PANEL_VOLT_A,29.4129,19,36,10,1,1,2,0,1176,70570.0
2025-01-01 19:36:20,SOLAR_PANEL_VOLT_B,31.7668,19,36,20,1,1,2,0,1176,70580.0
2025-01-01 19:36:30,SOLAR_PANEL_CURR_A,4.8809,19,36,30,1,1,2,0,1176,70590.0
2025-01-01 19:36:40,SOLAR_PANEL_CURR_B,5.3834,19,36,40,1,1,2,0,1176,70600.0
2025-01-01 19:36:50,SOLAR_POWER_TOTAL,97.5689,19,36,50,1,1,2,0,1176,70610.0
2025-01-01 19:37:00,BUS_VOLTAGE,29.0513,19,37,0,1,1,2,0,1177,70620.0
2025-01-01 19:37:10,BUS_CURRENT,9.9341,19,37,10,1,1,2,0,1177,70630.0
2025-01-01 19:37:20,THRUSTER_TEMP_1,24.0871,19,37,20,1,1,2,0,1177,70640.0
2025-01-01 19:37:30,THRUSTER_TEMP_2,22.5982,19,37,30,1,1,2,0,1177,70650.0
2025-01-01 19:37:40,PAYLOAD_TEMP_CAM,25.206,19,37,40,1,1,2,0,1177,70660.0
2025-01-01 19:37:50,PAYLOAD_TEMP_SENSOR,20.2423,19,37,50,1,1,2,0,1177,70670.0
2025-01-01 19:38:00,OBC_TEMP,47.6192,19,38,0,1,1,2,0,1178,70680.0
2025-01-01 19:38:10,TRANS_TEMP,31.7975,19,38,10,1,1,2,0,1178,70690.0
2025-01-01 19:38:20,STRUCT_TEMP_PANEL_X,26.3837,19,38,20,1,1,2,0,1178,70700.0
2025-01-01 19:38:30,STRUCT_TEMP_PANEL_Y,35.4436,19,38,30,1,1,2,0,1178,70710.0
2025-01-01 19:38:40,STRUCT_TEMP_PANEL_Z,38.8728,19,38,40,1,1,2,0,1178,70720.0
2025-01-01 19:38:50,RADIATOR_TEMP,-15.0699,19,38,50,1,1,2,0,1178,70730.0
2025-01-01 19:39:00,GYRO_X,-0.0116,19,39,0,1,1,2,0,1179,70740.0
2025-01-01 19:39:10,GYRO_Y,-0.0434,19,39,10,1,1,2,0,1179,70750.0
2025-01-01 19:39:20,GYRO_Z,-0.0333,19,39,20,1,1,2,0,1179,70760.0
2025-01-01 19:39:30,MAGNETOMETER_X,-5.0757,19,39,30,1,1,2,0,1179,70770.0
2025-01-01 19:39:40,MAGNETOMETER_Y,-4.0186,19,39,40,1,1,2,0,1179,70780.0
2025-01-01 19:39:50,MAGNETOMETER_Z,12.2804,19,39,50,1,1,2,0,1179,70790.0
2025-01-01 19:40:00,REACTION_WHEEL_SPD_X,-505.918,19,40,0,1,1,2,0,1180,70800.0
2025-01-01 19:40:10,REACTION_WHEEL_SPD_Y,370.1729,19,40,10,1,1,2,0,1180,70810.0
2025-01-01 19:40:20,REACTION_WHEEL_SPD_Z,-1265.1557,19,40,20,1,1,2,0,1180,70820.0
2025-01-01 19:40:30,ATTITUDE_ROLL,1.4543,19,40,30,1,1,2,0,1180,70830.0
2025-01-01 19:40:40,ATTITUDE_PITCH,1.5839,19,40,40,1,1,2,0,1180,70840.0
2025-01-01 19:40:50,ATTITUDE_YAW,-1.6746,19,40,50,1,1,2,0,1180,70850.0
2025-01-01 19:41:00,STAR_TRACKER_VALID,0.4914,19,41,0,1,1,2,0,1181,70860.0
2025-01-01 19:41:10,SUN_SENSOR_ANGLE,127.4303,19,41,10,1,1,2,0,1181,70870.0
2025-01-01 19:41:20,RF_SIGNAL_STRENGTH,-70.1828,19,41,20,1,1,2,0,1181,70880.0
2025-01-01 19:41:30,RF_NOISE_FLOOR,-93.1666,19,41,30,1,1,2,0,1181,70890.0
2025-01-01 19:41:40,TX_POWER,2.2929,19,41,40,1,1,2,0,1181,70900.0
2025-01-01 19:41:50,LINK_MARGIN,16.5066,19,41,50,1,1,2,0,1181,70910.0
2025-01-01 19:42:00,DATA_RATE_KBPS,133.2887,19,42,0,1,1,2,0,1182,70920.0
2025-01-01 19:42:10,PACKET_LOSS_RATE,0.5274,19,42,10,1,1,2,0,1182,70930.0
2025-01-01 19:42:20,CPU_USAGE,38.4645,19,42,20,1,1,2,0,1182,70940.0
2025-01-01 19:42:30,MEMORY_USAGE,60.0702,19,42,30,1,1,2,0,1182,70950.0
2025-01-01 19:42:40,FLASH_WRITE_RATE,1.58,19,42,40,1,1,2,0,1182,70960.0
2025-01-01 19:42:50,WATCHDOG_COUNTER,28.2578,19,42,50,1,1,2,0,1182,70970.0
2025-01-01 19:43:00,TANK_PRESSURE,309.3717,19,43,0,1,1,2,0,1183,70980.0
2025-01-01 19:43:10,THRUSTER_VALVE_TEMP,15.2034,19,43,10,1,1,2,0,1183,70990.0
2025-01-01 19:43:20,BATT_VOLTAGE_1,27.3556,19,43,20,1,1,2,0,1183,71000.0
2025-01-01 19:43:30,BATT_VOLTAGE_2,28.355,19,43,30,1,1,2,0,1183,71010.0
2025-01-01 19:43:40,BATT_CURRENT_1,3.2584,19,43,40,1,1,2,0,1183,71020.0
2025-01-01 19:43:50,BATT_CURRENT_2,2.0599,19,43,50,1,1,2,0,1183,71030.0
2025-01-01 19:44:00,BATT_TEMP_1,20.9235,19,44,0,1,1,2,0,1184,71040.0
2025-01-01 19:44:10,BATT_TEMP_2,29.5843,19,44,10,1,1,2,0,1184,71050.0
2025-01-01 19:44:20,BATT_SOC,69.6715,19,44,20,1,1,2,0,1184,71060.0
2025-01-01 19:44:30,SOLAR_PANEL_VOLT_A,29.5867,19,44,30,1,1,2,0,1184,71070.0
2025-01-01 19:44:40,SOLAR_PANEL_VOLT_B,31.8774,19,44,40,1,1,2,0,1184,71080.0
2025-01-01 19:44:50,SOLAR_PANEL_CURR_A,5.2094,19,44,50,1,1,2,0,1184,71090.0
2025-01-01 19:45:00,SOLAR_PANEL_CURR_B,4.2394,19,45,0,1,1,2,0,1185,71100.0
2025-01-01 19:45:10,SOLAR_POWER_TOTAL,112.3929,19,45,10,1,1,2,0,1185,71110.0
2025-01-01 19:45:20,BUS_VOLTAGE,28.2538,19,45,20,1,1,2,0,1185,71120.0
2025-01-01 19:45:30,BUS_CURRENT,7.1142,19,45,30,1,1,2,0,1185,71130.0
2025-01-01 19:45:40,THRUSTER_TEMP_1,20.8521,19,45,40,1,1,2,0,1185,71140.0
2025-01-01 19:45:50,THRUSTER_TEMP_2,22.934,19,45,50,1,1,2,0,1185,71150.0
2025-01-01 19:46:00,PAYLOAD_TEMP_CAM,23.8227,19,46,0,1,1,2,0,1186,71160.0
2025-01-01 19:46:10,PAYLOAD_TEMP_SENSOR,21.6176,19,46,10,1,1,2,0,1186,71170.0
2025-01-01 19:46:20,OBC_TEMP,35.7888,19,46,20,1,1,2,0,1186,71180.0
2025-01-01 19:46:30,TRANS_TEMP,43.0499,19,46,30,1,1,2,0,1186,71190.0
2025-01-01 19:46:40,STRUCT_TEMP_PANEL_X,30.3429,19,46,40,1,1,2,0,1186,71200.0
2025-01-01 19:46:50,STRUCT_TEMP_PANEL_Y,30.0006,19,46,50,1,1,2,0,1186,71210.0
2025-01-01 19:47:00,STRUCT_TEMP_PANEL_Z,38.1673,19,47,0,1,1,2,0,1187,71220.0
2025-01-01 19:47:10,RADIATOR_TEMP,-15.5585,19,47,10,1,1,2,0,1187,71230.0
2025-01-01 19:47:20,GYRO_X,-0.0211,19,47,20,1,1,2,0,1187,71240.0
2025-01-01 19:47:30,GYRO_Y,0.0077,19,47,30,1,1,2,0,1187,71250.0
2025-01-01 19:47:40,GYRO_Z,0.0219,19,47,40,1,1,2,0,1187,71260.0
2025-01-01 19:47:50,MAGNETOMETER_X,-6.6528,19,47,50,1,1,2,0,1187,71270.0
2025-01-01 19:48:00,MAGNETOMETER_Y,-35.2097,19,48,0,1,1,2,0,1188,71280.0
2025-01-01 19:48:10,MAGNETOMETER_Z,23.2963,19,48,10,1,1,2,0,1188,71290.0
2025-01-01 19:48:20,REACTION_WHEEL_SPD_X,689.1755,19,48,20,1,1,2,0,1188,71300.0
2025-01-01 19:48:30,REACTION_WHEEL_SPD_Y,304.8907,19,48,30,1,1,2,0,1188,71310.0
2025-01-01 19:48:40,REACTION_WHEEL_SPD_Z,1358.4839,19,48,40,1,1,2,0,1188,71320.0
2025-01-01 19:48:50,ATTITUDE_ROLL,-1.4521,19,48,50,1,1,2,0,1188,71330.0
2025-01-01 19:49:00,ATTITUDE_PITCH,-0.9432,19,49,0,1,1,2,0,1189,71340.0
2025-01-01 19:49:10,ATTITUDE_YAW,1.6792,19,49,10,1,1,2,0,1189,71350.0
2025-01-01 19:49:20,STAR_TRACKER_VALID,0.2462,19,49,20,1,1,2,0,1189,71360.0
2025-01-01 19:49:30,SUN_SENSOR_ANGLE,123.7672,19,49,30,1,1,2,0,1189,71370.0
2025-01-01 19:49:40,RF_SIGNAL_STRENGTH,-68.7238,19,49,40,1,1,2,0,1189,71380.0
2025-01-01 19:49:50,RF_NOISE_FLOOR,-91.4745,19,49,50,1,1,2,0,1189,71390.0
2025-01-01 19:50:00,TX_POWER,2.6399,19,50,0,1,1,2,0,1190,71400.0
2025-01-01 19:50:10,LINK_MARGIN,14.1583,19,50,10,1,1,2,0,1190,71410.0
2025-01-01 19:50:20,DATA_RATE_KBPS,93.9867,19,50,20,1,1,2,0,1190,71420.0
2025-01-01 19:50:30,PACKET_LOSS_RATE,0.6838,19,50,30,1,1,2,0,1190,71430.0
2025-01-01 19:50:40,CPU_USAGE,35.7913,19,50,40,1,1,2,0,1190,71440.0
2025-01-01 19:50:50,MEMORY_USAGE,48.9954,19,50,50,1,1,2,0,1190,71450.0
2025-01-01 19:51:00,FLASH_WRITE_RATE,1.7816,19,51,0,1,1,2,0,1191,71460.0
2025-01-01 19:51:10,WATCHDOG_COUNTER,55.1174,19,51,10,1,1,2,0,1191,71470.0
2025-01-01 19:51:20,TANK_PRESSURE,308.7202,19,51,20,1,1,2,0,1191,71480.0
2025-01-01 19:51:30,THRUSTER_VALVE_TEMP,14.3369,19,51,30,1,1,2,0,1191,71490.0
2025-01-01 19:51:40,BATT_VOLTAGE_1,27.4682,19,51,40,1,1,2,0,1191,71500.0
2025-01-01 19:51:50,BATT_VOLTAGE_2,28.7646,19,51,50,1,1,2,0,1191,71510.0
2025-01-01 19:52:00,BATT_CURRENT_1,2.6729,19,52,0,1,1,2,0,1192,71520.0
2025-01-01 19:52:10,BATT_CURRENT_2,2.0451,19,52,10,1,1,2,0,1192,71530.0
2025-01-01 19:52:20,BATT_TEMP_1,25.314,19,52,20,1,1,2,0,1192,71540.0
2025-01-01 19:52:30,BATT_TEMP_2,28.3197,19,52,30,1,1,2,0,1192,71550.0
2025-01-01 19:52:40,BATT_SOC,69.987,19,52,40,1,1,2,0,1192,71560.0
2025-01-01 19:52:50,SOLAR_PANEL_VOLT_A,29.6051,19,52,50,1,1,2,0,1192,71570.0
2025-01-01 19:53:00,SOLAR_PANEL_VOLT_B,30.9766,19,53,0,1,1,2,0,1193,71580.0
2025-01-01 19:53:10,SOLAR_PANEL_CURR_A,6.8221,19,53,10,1,1,2,0,1193,71590.0
2025-01-01 19:53:20,SOLAR_PANEL_CURR_B,3.8895,19,53,20,1,1,2,0,1193,71600.0
2025-01-01 19:53:30,SOLAR_POWER_TOTAL,116.5244,19,53,30,1,1,2,0,1193,71610.0
2025-01-01 19:53:40,BUS_VOLTAGE,28.2495,19,53,40,1,1,2,0,1193,71620.0
2025-01-01 19:53:50,BUS_CURRENT,7.3832,19,53,50,1,1,2,0,1193,71630.0
2025-01-01 19:54:00,THRUSTER_TEMP_1,19.7606,19,54,0,1,1,2,0,1194,71640.0
2025-01-01 19:54:10,THRUSTER_TEMP_2,18.6968,19,54,10,1,1,2,0,1194,71650.0
2025-01-01 19:54:20,PAYLOAD_TEMP_CAM,22.0221,19,54,20,1,1,2,0,1194,71660.0
2025-01-01 19:54:30,PAYLOAD_TEMP_SENSOR,24.1538,19,54,30,1,1,2,0,1194,71670.0
2025-01-01 19:54:40,OBC_TEMP,38.7853,19,54,40,1,1,2,0,1194,71680.0
2025-01-01 19:54:50,TRANS_TEMP,31.6502,19,54,50,1,1,2,0,1194,71690.0
2025-01-01 19:55:00,STRUCT_TEMP_PANEL_X,12.2306,19,55,0,1,1,2,0,1195,71700.0
2025-01-01 19:55:10,STRUCT_TEMP_PANEL_Y,29.8365,19,55,10,1,1,2,0,1195,71710.0
2025-01-01 19:55:20,STRUCT_TEMP_PANEL_Z,6.5501,19,55,20,1,1,2,0,1195,71720.0
2025-01-01 19:55:30,RADIATOR_TEMP,-7.6547,19,55,30,1,1,2,0,1195,71730.0
2025-01-01 19:55:40,GYRO_X,0.0254,19,55,40,1,1,2,0,1195,71740.0
2025-01-01 19:55:50,GYRO_Y,-0.0312,19,55,50,1,1,2,0,1195,71750.0
2025-01-01 19:56:00,GYRO_Z,-0.0273,19,56,0,1,1,2,0,1196,71760.0
2025-01-01 19:56:10,MAGNETOMETER_X,-35.6327,19,56,10,1,1,2,0,1196,71770.0
2025-01-01 19:56:20,MAGNETOMETER_Y,-27.4583,19,56,20,1,1,2,0,1196,71780.0
2025-01-01 19:56:30,MAGNETOMETER_Z,22.9011,19,56,30,1,1,2,0,1196,71790.0
2025-01-01 19:56:40,REACTION_WHEEL_SPD_X,-1472.1631,19,56,40,1,1,2,0,1196,71800.0
2025-01-01 19:56:50,REACTION_WHEEL_SPD_Y,1138.0403,19,56,50,1,1,2,0,1196,71810.0
2025-01-01 19:57:00,REACTION_WHEEL_SPD_Z,-362.4971,19,57,0,1,1,2,0,1197,71820.0
2025-01-01 19:57:10,ATTITUDE_ROLL,1.2671,19,57,10,1,1,2,0,1197,71830.0
2025-01-01 19:57:20,ATTITUDE_PITCH,-1.282,19,57,20,1,1,2,0,1197,71840.0
2025-01-01 19:57:30,ATTITUDE_YAW,1.6101,19,57,30,1,1,2,0,1197,71850.0
2025-01-01 19:57:40,STAR_TRACKER_VALID,0.3812,19,57,40,1,1,2,0,1197,71860.0
2025-01-01 19:57:50,SUN_SENSOR_ANGLE,125.1675,19,57,50,1,1,2,0,1197,71870.0
2025-01-01 19:58:00,RF_SIGNAL_STRENGTH,-64.2738,19,58,0,1,1,2,0,1198,71880.0
2025-01-01 19:58:10,RF_NOISE_FLOOR,-93.9532,19,58,10,1,1,2,0,1198,71890.0
2025-01-01 19:58:20,TX_POWER,3.708,19,58,20,1,1,2,0,1198,71900.0
2025-01-01 19:58:30,LINK_MARGIN,9.9682,19,58,30,1,1,2,0,1198,71910.0
2025-01-01 19:58:40,DATA_RATE_KBPS,94.651,19,58,40,1,1,2,0,1198,71920.0
2025-01-01 19:58:50,PACKET_LOSS_RATE,1.3327,19,58,50,1,1,2,0,1198,71930.0
2025-01-01 19:59:00,CPU_USAGE,22.6757,19,59,0,1,1,2,0,1199,71940.0
2025-01-01 19:59:10,MEMORY_USAGE,57.5798,19,59,10,1,1,2,0,1199,71950.0
2025-01-01 19:59:20,FLASH_WRITE_RATE,1.7386,19,59,20,1,1,2,0,1199,71960.0
2025-01-01 19:59:30,WATCHDOG_COUNTER,32.2231,19,59,30,1,1,2,0,1199,71970.0
2025-01-01 19:59:40,TANK_PRESSURE,294.7509,19,59,40,1,1,2,0,1199,71980.0
2025-01-01 19:59:50,THRUSTER_VALVE_TEMP,19.7672,19,59,50,1,1,2,0,1199,71990.0
2025-01-01 20:00:00,BATT_VOLTAGE_1,28.0977,20,0,0,1,1,2,0,1200,72000.0
2025-01-01 20:00:10,BATT_VOLTAGE_2,27.1985,20,0,10,1,1,2,0,1200,72010.0
2025-01-01 20:00:20,BATT_CURRENT_1,1.7144,20,0,20,1,1,2,0,1200,72020.0
2025-01-01 20:00:30,BATT_CURRENT_2,3.2292,20,0,30,1,1,2,0,1200,72030.0
2025-01-01 20:00:40,BATT_TEMP_1,29.6165,20,0,40,1,1,2,0,1200,72040.0
2025-01-01 20:00:50,BATT_TEMP_2,20.005,20,0,50,1,1,2,0,1200,72050.0
2025-01-01 20:01:00,BATT_SOC,68.7636,20,1,0,1,1,2,0,1201,72060.0
2025-01-01 20:01:10,SOLAR_PANEL_VOLT_A,31.7265,20,1,10,1,1,2,0,1201,72070.0
2025-01-01 20:01:20,SOLAR_PANEL_VOLT_B,29.4219,20,1,20,1,1,2,0,1201,72080.0
2025-01-01 20:01:30,SOLAR_PANEL_CURR_A,6.0972,20,1,30,1,1,2,0,1201,72090.0
2025-01-01 20:01:40,SOLAR_PANEL_CURR_B,4.4105,20,1,40,1,1,2,0,1201,72100.0
2025-01-01 20:01:50,SOLAR_POWER_TOTAL,91.7303,20,1,50,1,1,2,0,1201,72110.0
2025-01-01 20:02:00,BUS_VOLTAGE,28.6993,20,2,0,1,1,2,0,1202,72120.0
2025-01-01 20:02:10,BUS_CURRENT,8.2188,20,2,10,1,1,2,0,1202,72130.0
2025-01-01 20:02:20,THRUSTER_TEMP_1,20.3691,20,2,20,1,1,2,0,1202,72140.0
2025-01-01 20:02:30,THRUSTER_TEMP_2,18.7526,20,2,30,1,1,2,0,1202,72150.0
2025-01-01 20:02:40,PAYLOAD_TEMP_CAM,20.1886,20,2,40,1,1,2,0,1202,72160.0
2025-01-01 20:02:50,PAYLOAD_TEMP_SENSOR,22.1656,20,2,50,1,1,2,0,1202,72170.0
2025-01-01 20:03:00,OBC_TEMP,37.1114,20,3,0,1,1,2,0,1203,72180.0
2025-01-01 20:03:10,TRANS_TEMP,38.1257,20,3,10,1,1,2,0,1203,72190.0
2025-01-01 20:03:20,STRUCT_TEMP_PANEL_X,35.1873,20,3,20,1,1,2,0,1203,72200.0
2025-01-01 20:03:30,STRUCT_TEMP_PANEL_Y,9.2924,20,3,30,1,1,2,0,1203,72210.0
2025-01-01 20:03:40,STRUCT_TEMP_PANEL_Z,4.1886,20,3,40,1,1,2,0,1203,72220.0
2025-01-01 20:03:50,RADIATOR_TEMP,-18.6446,20,3,50,1,1,2,0,1203,72230.0
2025-01-01 20:04:00,GYRO_X,-0.0518,20,4,0,1,1,2,0,1204,72240.0
2025-01-01 20:04:10,GYRO_Y,-0.0441,20,4,10,1,1,2,0,1204,72250.0
2025-01-01 20:04:20,GYRO_Z,-0.0312,20,4,20,1,1,2,0,1204,72260.0
2025-01-01 20:04:30,MAGNETOMETER_X,17.6092,20,4,30,1,1,2,0,1204,72270.0
2025-01-01 20:04:40,MAGNETOMETER_Y,-1.8345,20,4,40,1,1,2,0,1204,72280.0
2025-01-01 20:04:50,MAGNETOMETER_Z,-18.5049,20,4,50,1,1,2,0,1204,72290.0
2025-01-01 20:05:00,REACTION_WHEEL_SPD_X,-103.1477,20,5,0,1,1,2,0,1205,72300.0
2025-01-01 20:05:10,REACTION_WHEEL_SPD_Y,-1618.8047,20,5,10,1,1,2,0,1205,72310.0
2025-01-01 20:05:20,REACTION_WHEEL_SPD_Z,1772.4626,20,5,20,1,1,2,0,1205,72320.0
2025-01-01 20:05:30,ATTITUDE_ROLL,-0.5288,20,5,30,1,1,2,0,1205,72330.0
2025-01-01 20:05:40,ATTITUDE_PITCH,0.9897,20,5,40,1,1,2,0,1205,72340.0
2025-01-01 20:05:50,ATTITUDE_YAW,3.4193,20,5,50,1,1,2,0,1205,72350.0
2025-01-01 20:06:00,STAR_TRACKER_VALID,0.6465,20,6,0,1,1,2,0,1206,72360.0
2025-01-01 20:06:10,SUN_SENSOR_ANGLE,92.2427,20,6,10,1,1,2,0,1206,72370.0
2025-01-01 20:06:20,RF_SIGNAL_STRENGTH,-66.426,20,6,20,1,1,2,0,1206,72380.0
2025-01-01 20:06:30,RF_NOISE_FLOOR,-89.6422,20,6,30,1,1,2,0,1206,72390.0
2025-01-01 20:06:40,TX_POWER,1.7835,20,6,40,1,1,2,0,1206,72400.0
2025-01-01 20:06:50,LINK_MARGIN,11.1204,20,6,50,1,1,2,0,1206,72410.0
2025-01-01 20:07:00,DATA_RATE_KBPS,115.9241,20,7,0,1,1,2,0,1207,72420.0
2025-01-01 20:07:10,PACKET_LOSS_RATE,0.8621,20,7,10,1,1,2,0,1207,72430.0
2025-01-01 20:07:20,CPU_USAGE,40.5698,20,7,20,1,1,2,0,1207,72440.0
2025-01-01 20:07:30,MEMORY_USAGE,51.7875,20,7,30,1,1,2,0,1207,72450.0
2025-01-01 20:07:40,FLASH_WRITE_RATE,2.9391,20,7,40,1,1,2,0,1207,72460.0
2025-01-01 20:07:50,WATCHDOG_COUNTER,25.0361,20,7,50,1,1,2,0,1207,72470.0
2025-01-01 20:08:00,TANK_PRESSURE,296.4372,20,8,0,1,1,2,0,1208,72480.0
2025-01-01 20:08:10,THRUSTER_VALVE_TEMP,20.8947,20,8,10,1,1,2,0,1208,72490.0
2025-01-01 20:08:20,BATT_VOLTAGE_1,28.8538,20,8,20,1,1,2,0,1208,72500.0
2025-01-01 20:08:30,BATT_VOLTAGE_2,27.7946,20,8,30,1,1,2,0,1208,72510.0
2025-01-01 20:08:40,BATT_CURRENT_1,3.1501,20,8,40,1,1,2,0,1208,72520.0
2025-01-01 20:08:50,BATT_CURRENT_2,2.5067,20,8,50,1,1,2,0,1208,72530.0
2025-01-01 20:09:00,BATT_TEMP_1,29.5231,20,9,0,1,1,2,0,1209,72540.0
2025-01-01 20:09:10,BATT_TEMP_2,26.6366,20,9,10,1,1,2,0,1209,72550.0
2025-01-01 20:09:20,BATT_SOC,88.1994,20,9,20,1,1,2,0,1209,72560.0
2025-01-01 20:09:30,SOLAR_PANEL_VOLT_A,29.3446,20,9,30,1,1,2,0,1209,72570.0
2025-01-01 20:09:40,SOLAR_PANEL_VOLT_B,32.2195,20,9,40,1,1,2,0,1209,72580.0
2025-01-01 20:09:50,SOLAR_PANEL_CURR_A,6.7805,20,9,50,1,1,2,0,1209,72590.0
2025-01-01 20:10:00,SOLAR_PANEL_CURR_B,6.5637,20,10,0,1,1,2,0,1210,72600.0
2025-01-01 20:10:10,SOLAR_POWER_TOTAL,104.9054,20,10,10,1,1,2,0,1210,72610.0
2025-01-01 20:10:20,BUS_VOLTAGE,28.6464,20,10,20,1,1,2,0,1210,72620.0
2025-01-01 20:10:30,BUS_CURRENT,10.241,20,10,30,1,1,2,0,1210,72630.0
2025-01-01 20:10:40,THRUSTER_TEMP_1,18.1933,20,10,40,1,1,2,0,1210,72640.0
2025-01-01 20:10:50,THRUSTER_TEMP_2,24.3144,20,10,50,1,1,2,0,1210,72650.0
2025-01-01 20:11:00,PAYLOAD_TEMP_CAM,24.5979,20,11,0,1,1,2,0,1211,72660.0
2025-01-01 20:11:10,PAYLOAD_TEMP_SENSOR,20.1767,20,11,10,1,1,2,0,1211,72670.0
2025-01-01 20:11:20,OBC_TEMP,38.2584,20,11,20,1,1,2,0,1211,72680.0
2025-01-01 20:11:30,TRANS_TEMP,42.9171,20,11,30,1,1,2,0,1211,72690.0
2025-01-01 20:11:40,STRUCT_TEMP_PANEL_X,15.7518,20,11,40,1,1,2,0,1211,72700.0
2025-01-01 20:11:50,STRUCT_TEMP_PANEL_Y,37.2414,20,11,50,1,1,2,0,1211,72710.0
2025-01-01 20:12:00,STRUCT_TEMP_PANEL_Z,12.2793,20,12,0,1,1,2,0,1212,72720.0
2025-01-01 20:12:10,RADIATOR_TEMP,1.6534,20,12,10,1,1,2,0,1212,72730.0
2025-01-01 20:12:20,GYRO_X,-0.049,20,12,20,1,1,2,0,1212,72740.0
2025-01-01 20:12:30,GYRO_Y,-0.0003,20,12,30,1,1,2,0,1212,72750.0
2025-01-01 20:12:40,GYRO_Z,-0.0327,20,12,40,1,1,2,0,1212,72760.0
2025-01-01 20:12:50,MAGNETOMETER_X,-21.0954,20,12,50,1,1,2,0,1212,72770.0
2025-01-01 20:13:00,MAGNETOMETER_Y,-28.861,20,13,0,1,1,2,0,1213,72780.0
2025-01-01 20:13:10,MAGNETOMETER_Z,28.0758,20,13,10,1,1,2,0,1213,72790.0
2025-01-01 20:13:20,REACTION_WHEEL_SPD_X,99.6458,20,13,20,1,1,2,0,1213,72800.0
2025-01-01 20:13:30,REACTION_WHEEL_SPD_Y,1663.3808,20,13,30,1,1,2,0,1213,72810.0
2025-01-01 20:13:40,REACTION_WHEEL_SPD_Z,-355.4516,20,13,40,1,1,2,0,1213,72820.0
2025-01-01 20:13:50,ATTITUDE_ROLL,1.5011,20,13,50,1,1,2,0,1213,72830.0
2025-01-01 20:14:00,ATTITUDE_PITCH,-0.0561,20,14,0,1,1,2,0,1214,72840.0
2025-01-01 20:14:10,ATTITUDE_YAW,0.3137,20,14,10,1,1,2,0,1214,72850.0
2025-01-01 20:14:20,STAR_TRACKER_VALID,0.4496,20,14,20,1,1,2,0,1214,72860.0
2025-01-01 20:14:30,SUN_SENSOR_ANGLE,80.1428,20,14,30,1,1,2,0,1214,72870.0
2025-01-01 20:14:40,RF_SIGNAL_STRENGTH,-57.5547,20,14,40,1,1,2,0,1214,72880.0
2025-01-01 20:14:50,RF_NOISE_FLOOR,-89.9466,20,14,50,1,1,2,0,1214,72890.0
2025-01-01 20:15:00,TX_POWER,3.4542,20,15,0,1,1,2,0,1215,72900.0
2025-01-01 20:15:10,LINK_MARGIN,13.8575,20,15,10,1,1,2,0,1215,72910.0
2025-01-01 20:15:20,DATA_RATE_KBPS,114.2478,20,15,20,1,1,2,0,1215,72920.0
2025-01-01 20:15:30,PACKET_LOSS_RATE,0.6567,20,15,30,1,1,2,0,1215,72930.0
2025-01-01 20:15:40,CPU_USAGE,22.389,20,15,40,1,1,2,0,1215,72940.0
2025-01-01 20:15:50,MEMORY_USAGE,62.7121,20,15,50,1,1,2,0,1215,72950.0
2025-01-01 20:16:00,FLASH_WRITE_RATE,4.1372,20,16,0,1,1,2,0,1216,72960.0
2025-01-01 20:16:10,WATCHDOG_COUNTER,27.1136,20,16,10,1,1,2,0,1216,72970.0
2025-01-01 20:16:20,TANK_PRESSURE,289.495,20,16,20,1,1,2,0,1216,72980.0
2025-01-01 20:16:30,THRUSTER_VALVE_TEMP,14.396,20,16,30,1,1,2,0,1216,72990.0
2025-01-01 20:16:40,BATT_VOLTAGE_1,28.2385,20,16,40,1,1,2,0,1216,73000.0
2025-01-01 20:16:50,BATT_VOLTAGE_2,27.6396,20,16,50,1,1,2,0,1216,73010.0
2025-01-01 20:17:00,BATT_CURRENT_1,2.6899,20,17,0,1,1,2,0,1217,73020.0
2025-01-01 20:17:10,BATT_CURRENT_2,2.4016,20,17,10,1,1,2,0,1217,73030.0
2025-01-01 20:17:20,BATT_TEMP_1,26.1107,20,17,20,1,1,2,0,1217,73040.0
2025-01-01 20:17:30,BATT_TEMP_2,22.7764,20,17,30,1,1,2,0,1217,73050.0
2025-01-01 20:17:40,BATT_SOC,88.2819,20,17,40,1,1,2,0,1217,73060.0
2025-01-01 20:17:50,SOLAR_PANEL_VOLT_A,32.3808,20,17,50,1,1,2,0,1217,73070.0
2025-01-01 20:18:00,SOLAR_PANEL_VOLT_B,29.682,20,18,0,1,1,2,0,1218,73080.0
2025-01-01 20:18:10,SOLAR_PANEL_CURR_A,5.4483,20,18,10,1,1,2,0,1218,73090.0
2025-01-01 20:18:20,SOLAR_PANEL_CURR_B,5.8907,20,18,20,1,1,2,0,1218,73100.0
2025-01-01 20:18:30,SOLAR_POWER_TOTAL,96.8502,20,18,30,1,1,2,0,1218,73110.0
2025-01-01 20:18:40,BUS_VOLTAGE,28.888,20,18,40,1,1,2,0,1218,73120.0
2025-01-01 20:18:50,BUS_CURRENT,9.0134,20,18,50,1,1,2,0,1218,73130.0
2025-01-01 20:19:00,THRUSTER_TEMP_1,25.406,20,19,0,1,1,2,0,1219,73140.0
2025-01-01 20:19:10,THRUSTER_TEMP_2,18.6463,20,19,10,1,1,2,0,1219,73150.0
2025-01-01 20:19:20,PAYLOAD_TEMP_CAM,25.7201,20,19,20,1,1,2,0,1219,73160.0
2025-01-01 20:19:30,PAYLOAD_TEMP_SENSOR,20.722,20,19,30,1,1,2,0,1219,73170.0
2025-01-01 20:19:40,OBC_TEMP,48.4175,20,19,40,1,1,2,0,1219,73180.0
2025-01-01 20:19:50,TRANS_TEMP,36.7633,20,19,50,1,1,2,0,1219,73190.0
2025-01-01 20:20:00,STRUCT_TEMP_PANEL_X,28.8266,20,20,0,1,1,2,0,1220,73200.0
2025-01-01 20:20:10,STRUCT_TEMP_PANEL_Y,28.995,20,20,10,1,1,2,0,1220,73210.0
2025-01-01 20:20:20,STRUCT_TEMP_PANEL_Z,34.1765,20,20,20,1,1,2,0,1220,73220.0
2025-01-01 20:20:30,RADIATOR_TEMP,-17.721,20,20,30,1,1,2,0,1220,73230.0
2025-01-01 20:20:40,GYRO_X,-0.039,20,20,40,1,1,2,0,1220,73240.0
2025-01-01 20:20:50,GYRO_Y,-0.0231,20,20,50,1,1,2,0,1220,73250.0
2025-01-01 20:21:00,GYRO_Z,0.0157,20,21,0,1,1,2,0,1221,73260.0
2025-01-01 20:21:10,MAGNETOMETER_X,27.3257,20,21,10,1,1,2,0,1221,73270.0
2025-01-01 20:21:20,MAGNETOMETER_Y,-18.2255,20,21,20,1,1,2,0,1221,73280.0
2025-01-01 20:21:30,MAGNETOMETER_Z,-24.9659,20,21,30,1,1,2,0,1221,73290.0
2025-01-01 20:21:40,REACTION_WHEEL_SPD_X,-922.7145,20,21,40,1,1,2,0,1221,73300.0
2025-01-01 20:21:50,REACTION_WHEEL_SPD_Y,1488.3646,20,21,50,1,1,2,0,1221,73310.0
2025-01-01 20:22:00,REACTION_WHEEL_SPD_Z,143.6119,20,22,0,1,1,2,0,1222,73320.0
2025-01-01 20:22:10,ATTITUDE_ROLL,0.0608,20,22,10,1,1,2,0,1222,73330.0
2025-01-01 20:22:20,ATTITUDE_PITCH,-0.06,20,22,20,1,1,2,0,1222,73340.0
2025-01-01 20:22:30,ATTITUDE_YAW,2.3525,20,22,30,1,1,2,0,1222,73350.0
2025-01-01 20:22:40,STAR_TRACKER_VALID,0.3402,20,22,40,1,1,2,0,1222,73360.0
2025-01-01 20:22:50,SUN_SENSOR_ANGLE,46.9899,20,22,50,1,1,2,0,1222,73370.0
2025-01-01 20:23:00,RF_SIGNAL_STRENGTH,-56.8794,20,23,0,1,1,2,0,1223,73380.0
2025-01-01 20:23:10,RF_NOISE_FLOOR,-93.7432,20,23,10,1,1,2,0,1223,73390.0
2025-01-01 20:23:20,TX_POWER,2.4423,20,23,20,1,1,2,0,1223,73400.0
2025-01-01 20:23:30,LINK_MARGIN,16.3438,20,23,30,1,1,2,0,1223,73410.0
2025-01-01 20:23:40,DATA_RATE_KBPS,113.1986,20,23,40,1,1,2,0,1223,73420.0
2025-01-01 20:23:50,PACKET_LOSS_RATE,1.0355,20,23,50,1,1,2,0,1223,73430.0
2025-01-01 20:24:00,CPU_USAGE,25.3605,20,24,0,1,1,2,0,1224,73440.0
2025-01-01 20:24:10,MEMORY_USAGE,43.322,20,24,10,1,1,2,0,1224,73450.0
2025-01-01 20:24:20,FLASH_WRITE_RATE,2.644,20,24,20,1,1,2,0,1224,73460.0
2025-01-01 20:24:30,WATCHDOG_COUNTER,49.5015,20,24,30,1,1,2,0,1224,73470.0
2025-01-01 20:24:40,TANK_PRESSURE,309.0018,20,24,40,1,1,2,0,1224,73480.0
2025-01-01 20:24:50,THRUSTER_VALVE_TEMP,20.1216,20,24,50,1,1,2,0,1224,73490.0
2025-01-01 20:25:00,BATT_VOLTAGE_1,28.2325,20,25,0,1,1,2,0,1225,73500.0
2025-01-01 20:25:10,BATT_VOLTAGE_2,28.5499,20,25,10,1,1,2,0,1225,73510.0
2025-01-01 20:25:20,BATT_CURRENT_1,2.1264,20,25,20,1,1,2,0,1225,73520.0
2025-01-01 20:25:30,BATT_CURRENT_2,2.0936,20,25,30,1,1,2,0,1225,73530.0
2025-01-01 20:25:40,BATT_TEMP_1,16.7968,20,25,40,1,1,2,0,1225,73540.0
2025-01-01 20:25:50,BATT_TEMP_2,25.0372,20,25,50,1,1,2,0,1225,73550.0
2025-01-01 20:26:00,BATT_SOC,76.5091,20,26,0,1,1,2,0,1226,73560.0
2025-01-01 20:26:10,SOLAR_PANEL_VOLT_A,32.5274,20,26,10,1,1,2,0,1226,73570.0
2025-01-01 20:26:20,SOLAR_PANEL_VOLT_B,31.0193,20,26,20,1,1,2,0,1226,73580.0
2025-01-01 20:26:30,SOLAR_PANEL_CURR_A,4.5869,20,26,30,1,1,2,0,1226,73590.0
2025-01-01 20:26:40,SOLAR_PANEL_CURR_B,4.3499,20,26,40,1,1,2,0,1226,73600.0
2025-01-01 20:26:50,SOLAR_POWER_TOTAL,113.2711,20,26,50,1,1,2,0,1226,73610.0
2025-01-01 20:27:00,BUS_VOLTAGE,28.93,20,27,0,1,1,2,0,1227,73620.0
2025-01-01 20:27:10,BUS_CURRENT,10.2856,20,27,10,1,1,2,0,1227,73630.0
2025-01-01 20:27:20,THRUSTER_TEMP_1,21.5987,20,27,20,1,1,2,0,1227,73640.0
2025-01-01 20:27:30,THRUSTER_TEMP_2,24.0114,20,27,30,1,1,2,0,1227,73650.0
2025-01-01 20:27:40,PAYLOAD_TEMP_CAM,25.8056,20,27,40,1,1,2,0,1227,73660.0
2025-01-01 20:27:50,PAYLOAD_TEMP_SENSOR,19.7784,20,27,50,1,1,2,0,1227,73670.0
2025-01-01 20:28:00,OBC_TEMP,38.9533,20,28,0,1,1,2,0,1228,73680.0
2025-01-01 20:28:10,TRANS_TEMP,41.7285,20,28,10,1,1,2,0,1228,73690.0
2025-01-01 20:28:20,STRUCT_TEMP_PANEL_X,3.8997,20,28,20,1,1,2,0,1228,73700.0
2025-01-01 20:28:30,STRUCT_TEMP_PANEL_Y,5.9811,20,28,30,1,1,2,0,1228,73710.0
2025-01-01 20:28:40,STRUCT_TEMP_PANEL_Z,19.6915,20,28,40,1,1,2,0,1228,73720.0
2025-01-01 20:28:50,RADIATOR_TEMP,-21.2167,20,28,50,1,1,2,0,1228,73730.0
2025-01-01 20:29:00,GYRO_X,-0.0246,20,29,0,1,1,2,0,1229,73740.0
2025-01-01 20:29:10,GYRO_Y,-0.0323,20,29,10,1,1,2,0,1229,73750.0
2025-01-01 20:29:20,GYRO_Z,0.0093,20,29,20,1,1,2,0,1229,73760.0
2025-01-01 20:29:30,MAGNETOMETER_X,-24.6499,20,29,30,1,1,2,0,1229,73770.0
2025-01-01 20:29:40,MAGNETOMETER_Y,5.3611,20,29,40,1,1,2,0,1229,73780.0
2025-01-01 20:29:50,MAGNETOMETER_Z,26.2516,20,29,50,1,1,2,0,1229,73790.0
2025-01-01 20:30:00,REACTION_WHEEL_SPD_X,1468.2287,20,30,0,1,1,2,0,1230,73800.0
2025-01-01 20:30:10,REACTION_WHEEL_SPD_Y,1035.5675,20,30,10,1,1,2,0,1230,73810.0
2025-01-01 20:30:20,REACTION_WHEEL_SPD_Z,750.3774,20,30,20,1,1,2,0,1230,73820.0
2025-01-01 20:30:30,ATTITUDE_ROLL,0.7765,20,30,30,1,1,2,0,1230,73830.0
2025-01-01 20:30:40,ATTITUDE_PITCH,-0.6678,20,30,40,1,1,2,0,1230,73840.0
2025-01-01 20:30:50,ATTITUDE_YAW,-2.6019,20,30,50,1,1,2,0,1230,73850.0
2025-01-01 20:31:00,STAR_TRACKER_VALID,0.6325,20,31,0,1,1,2,0,1231,73860.0
2025-01-01 20:31:10,SUN_SENSOR_ANGLE,135.2895,20,31,10,1,1,2,0,1231,73870.0
2025-01-01 20:31:20,RF_SIGNAL_STRENGTH,-60.742,20,31,20,1,1,2,0,1231,73880.0
2025-01-01 20:31:30,RF_NOISE_FLOOR,-101.6965,20,31,30,1,1,2,0,1231,73890.0
2025-01-01 20:31:40,TX_POWER,1.9704,20,31,40,1,1,2,0,1231,73900.0
2025-01-01 20:31:50,LINK_MARGIN,15.8258,20,31,50,1,1,2,0,1231,73910.0
2025-01-01 20:32:00,DATA_RATE_KBPS,148.9166,20,32,0,1,1,2,0,1232,73920.0
2025-01-01 20:32:10,PACKET_LOSS_RATE,1.1656,20,32,10,1,1,2,0,1232,73930.0
2025-01-01 20:32:20,CPU_USAGE,40.7838,20,32,20,1,1,2,0,1232,73940.0
2025-01-01 20:32:30,MEMORY_USAGE,58.1012,20,32,30,1,1,2,0,1232,73950.0
2025-01-01 20:32:40,FLASH_WRITE_RATE,0.9857,20,32,40,1,1,2,0,1232,73960.0
2025-01-01 20:32:50,WATCHDOG_COUNTER,29.9794,20,32,50,1,1,2,0,1232,73970.0
2025-01-01 20:33:00,TANK_PRESSURE,300.437,20,33,0,1,1,2,0,1233,73980.0
2025-01-01 20:33:10,THRUSTER_VALVE_TEMP,18.7834,20,33,10,1,1,2,0,1233,73990.0
2025-01-01 20:33:20,BATT_VOLTAGE_1,28.0957,20,33,20,1,1,2,0,1233,74000.0
2025-01-01 20:33:30,BATT_VOLTAGE_2,28.0872,20,33,30,1,1,2,0,1233,74010.0
2025-01-01 20:33:40,BATT_CURRENT_1,2.0114,20,33,40,1,1,2,0,1233,74020.0
2025-01-01 20:33:50,BATT_CURRENT_2,2.3454,20,33,50,1,1,2,0,1233,74030.0
2025-01-01 20:34:00,BATT_TEMP_1,20.4269,20,34,0,1,1,2,0,1234,74040.0
2025-01-01 20:34:10,BATT_TEMP_2,27.854,20,34,10,1,1,2,0,1234,74050.0
2025-01-01 20:34:20,BATT_SOC,71.041,20,34,20,1,1,2,0,1234,74060.0
2025-01-01 20:34:30,SOLAR_PANEL_VOLT_A,32.2798,20,34,30,1,1,2,0,1234,74070.0
2025-01-01 20:34:40,SOLAR_PANEL_VOLT_B,29.9553,20,34,40,1,1,2,0,1234,74080.0
2025-01-01 20:34:50,SOLAR_PANEL_CURR_A,4.6503,20,34,50,1,1,2,0,1234,74090.0
2025-01-01 20:35:00,SOLAR_PANEL_CURR_B,6.0978,20,35,0,1,1,2,0,1235,74100.0
2025-01-01 20:35:10,SOLAR_POWER_TOTAL,93.2651,20,35,10,1,1,2,0,1235,74110.0
2025-01-01 20:35:20,BUS_VOLTAGE,29.0013,20,35,20,1,1,2,0,1235,74120.0
2025-01-01 20:35:30,BUS_CURRENT,7.0766,20,35,30,1,1,2,0,1235,74130.0
2025-01-01 20:35:40,THRUSTER_TEMP_1,16.9949,20,35,40,1,1,2,0,1235,74140.0
2025-01-01 20:35:50,THRUSTER_TEMP_2,20.0147,20,35,50,1,1,2,0,1235,74150.0
2025-01-01 20:36:00,PAYLOAD_TEMP_CAM,25.6616,20,36,0,1,1,2,0,1236,74160.0
2025-01-01 20:36:10,PAYLOAD_TEMP_SENSOR,21.1679,20,36,10,1,1,2,0,1236,74170.0
2025-01-01 20:36:20,OBC_TEMP,45.9139,20,36,20,1,1,2,0,1236,74180.0
2025-01-01 20:36:30,TRANS_TEMP,45.1255,20,36,30,1,1,2,0,1236,74190.0
2025-01-01 20:36:40,STRUCT_TEMP_PANEL_X,6.226,20,36,40,1,1,2,0,1236,74200.0
2025-01-01 20:36:50,STRUCT_TEMP_PANEL_Y,31.3182,20,36,50,1,1,2,0,1236,74210.0
2025-01-01 20:37:00,STRUCT_TEMP_PANEL_Z,22.7474,20,37,0,1,1,2,0,1237,74220.0
2025-01-01 20:37:10,RADIATOR_TEMP,-20.7636,20,37,10,1,1,2,0,1237,74230.0
2025-01-01 20:37:20,GYRO_X,-0.0458,20,37,20,1,1,2,0,1237,74240.0
2025-01-01 20:37:30,GYRO_Y,-0.0307,20,37,30,1,1,2,0,1237,74250.0
2025-01-01 20:37:40,GYRO_Z,0.0475,20,37,40,1,1,2,0,1237,74260.0
2025-01-01 20:37:50,MAGNETOMETER_X,-29.3763,20,37,50,1,1,2,0,1237,74270.0
2025-01-01 20:38:00,MAGNETOMETER_Y,-20.0829,20,38,0,1,1,2,0,1238,74280.0
2025-01-01 20:38:10,MAGNETOMETER_Z,-28.7857,20,38,10,1,1,2,0,1238,74290.0
2025-01-01 20:38:20,REACTION_WHEEL_SPD_X,1435.7458,20,38,20,1,1,2,0,1238,74300.0
2025-01-01 20:38:30,REACTION_WHEEL_SPD_Y,-1492.8651,20,38,30,1,1,2,0,1238,74310.0
2025-01-01 20:38:40,REACTION_WHEEL_SPD_Z,297.1673,20,38,40,1,1,2,0,1238,74320.0
2025-01-01 20:38:50,ATTITUDE_ROLL,-1.2696,20,38,50,1,1,2,0,1238,74330.0
2025-01-01 20:39:00,ATTITUDE_PITCH,1.4372,20,39,0,1,1,2,0,1239,74340.0
2025-01-01 20:39:10,ATTITUDE_YAW,2.096,20,39,10,1,1,2,0,1239,74350.0
2025-01-01 20:39:20,STAR_TRACKER_VALID,0.7038,20,39,20,1,1,2,0,1239,74360.0
2025-01-01 20:39:30,SUN_SENSOR_ANGLE,116.8265,20,39,30,1,1,2,0,1239,74370.0
2025-01-01 20:39:40,RF_SIGNAL_STRENGTH,-63.0681,20,39,40,1,1,2,0,1239,74380.0
2025-01-01 20:39:50,RF_NOISE_FLOOR,-96.9253,20,39,50,1,1,2,0,1239,74390.0
2025-01-01 20:40:00,TX_POWER,2.4693,20,40,0,1,1,2,0,1240,74400.0
2025-01-01 20:40:10,LINK_MARGIN,20.631,20,40,10,1,1,2,0,1240,74410.0
2025-01-01 20:40:20,DATA_RATE_KBPS,84.2923,20,40,20,1,1,2,0,1240,74420.0
2025-01-01 20:40:30,PACKET_LOSS_RATE,1.5299,20,40,30,1,1,2,0,1240,74430.0
2025-01-01 20:40:40,CPU_USAGE,25.2472,20,40,40,1,1,2,0,1240,74440.0
2025-01-01 20:40:50,MEMORY_USAGE,48.2977,20,40,50,1,1,2,0,1240,74450.0
2025-01-01 20:41:00,FLASH_WRITE_RATE,3.6382,20,41,0,1,1,2,0,1241,74460.0
2025-01-01 20:41:10,WATCHDOG_COUNTER,28.1433,20,41,10,1,1,2,0,1241,74470.0
2025-01-01 20:41:20,TANK_PRESSURE,294.7118,20,41,20,1,1,2,0,1241,74480.0
2025-01-01 20:41:30,THRUSTER_VALVE_TEMP,21.0194,20,41,30,1,1,2,0,1241,74490.0
2025-01-01 20:41:40,BATT_VOLTAGE_1,27.5685,20,41,40,1,1,2,0,1241,74500.0
2025-01-01 20:41:50,BATT_VOLTAGE_2,27.0942,20,41,50,1,1,2,0,1241,74510.0
2025-01-01 20:42:00,BATT_CURRENT_1,2.2437,20,42,0,1,1,2,0,1242,74520.0
2025-01-01 20:42:10,BATT_CURRENT_2,2.6104,20,42,10,1,1,2,0,1242,74530.0
2025-01-01 20:42:20,BATT_TEMP_1,28.0797,20,42,20,1,1,2,0,1242,74540.0
2025-01-01 20:42:30,BATT_TEMP_2,27.2908,20,42,30,1,1,2,0,1242,74550.0
2025-01-01 20:42:40,BATT_SOC,90.8242,20,42,40,1,1,2,0,1242,74560.0
2025-01-01 20:42:50,SOLAR_PANEL_VOLT_A,32.3221,20,42,50,1,1,2,0,1242,74570.0
2025-01-01 20:43:00,SOLAR_PANEL_VOLT_B,30.8249,20,43,0,1,1,2,0,1243,74580.0
2025-01-01 20:43:10,SOLAR_PANEL_CURR_A,6.2219,20,43,10,1,1,2,0,1243,74590.0
2025-01-01 20:43:20,SOLAR_PANEL_CURR_B,6.8044,20,43,20,1,1,2,0,1243,74600.0
2025-01-01 20:43:30,SOLAR_POWER_TOTAL,95.7522,20,43,30,1,1,2,0,1243,74610.0
2025-01-01 20:43:40,BUS_VOLTAGE,28.2079,20,43,40,1,1,2,0,1243,74620.0
2025-01-01 20:43:50,BUS_CURRENT,9.493,20,43,50,1,1,2,0,1243,74630.0
2025-01-01 20:44:00,THRUSTER_TEMP_1,19.9216,20,44,0,1,1,2,0,1244,74640.0
2025-01-01 20:44:10,THRUSTER_TEMP_2,17.6332,20,44,10,1,1,2,0,1244,74650.0
2025-01-01 20:44:20,PAYLOAD_TEMP_CAM,25.2778,20,44,20,1,1,2,0,1244,74660.0
2025-01-01 20:44:30,PAYLOAD_TEMP_SENSOR,24.8288,20,44,30,1,1,2,0,1244,74670.0
2025-01-01 20:44:40,OBC_TEMP,45.6142,20,44,40,1,1,2,0,1244,74680.0
2025-01-01 20:44:50,TRANS_TEMP,34.267,20,44,50,1,1,2,0,1244,74690.0
2025-01-01 20:45:00,STRUCT_TEMP_PANEL_X,12.3451,20,45,0,1,1,2,0,1245,74700.0
2025-01-01 20:45:10,STRUCT_TEMP_PANEL_Y,35.7171,20,45,10,1,1,2,0,1245,74710.0
2025-01-01 20:45:20,STRUCT_TEMP_PANEL_Z,6.4278,20,45,20,1,1,2,0,1245,74720.0
2025-01-01 20:45:30,RADIATOR_TEMP,-5.2548,20,45,30,1,1,2,0,1245,74730.0
2025-01-01 20:45:40,GYRO_X,-0.0345,20,45,40,1,1,2,0,1245,74740.0
2025-01-01 20:45:50,GYRO_Y,0.01,20,45,50,1,1,2,0,1245,74750.0
2025-01-01 20:46:00,GYRO_Z,0.0086,20,46,0,1,1,2,0,1246,74760.0
2025-01-01 20:46:10,MAGNETOMETER_X,-23.3044,20,46,10,1,1,2,0,1246,74770.0
2025-01-01 20:46:20,MAGNETOMETER_Y,6.4615,20,46,20,1,1,2,0,1246,74780.0
2025-01-01 20:46:30,MAGNETOMETER_Z,-31.4742,20,46,30,1,1,2,0,1246,74790.0
2025-01-01 20:46:40,REACTION_WHEEL_SPD_X,-125.5188,20,46,40,1,1,2,0,1246,74800.0
2025-01-01 20:46:50,REACTION_WHEEL_SPD_Y,-1386.7122,20,46,50,1,1,2,0,1246,74810.0
2025-01-01 20:47:00,REACTION_WHEEL_SPD_Z,-984.9153,20,47,0,1,1,2,0,1247,74820.0
2025-01-01 20:47:10,ATTITUDE_ROLL,-1.4192,20,47,10,1,1,2,0,1247,74830.0
2025-01-01 20:47:20,ATTITUDE_PITCH,1.6309,20,47,20,1,1,2,0,1247,74840.0
2025-01-01 20:47:30,ATTITUDE_YAW,3.3517,20,47,30,1,1,2,0,1247,74850.0
2025-01-01 20:47:40,STAR_TRACKER_VALID,0.6577,20,47,40,1,1,2,0,1247,74860.0
2025-01-01 20:47:50,SUN_SENSOR_ANGLE,104.2702,20,47,50,1,1,2,0,1247,74870.0
2025-01-01 20:48:00,RF_SIGNAL_STRENGTH,-60.3762,20,48,0,1,1,2,0,1248,74880.0
2025-01-01 20:48:10,RF_NOISE_FLOOR,-102.7421,20,48,10,1,1,2,0,1248,74890.0
2025-01-01 20:48:20,TX_POWER,2.319,20,48,20,1,1,2,0,1248,74900.0
2025-01-01 20:48:30,LINK_MARGIN,19.2358,20,48,30,1,1,2,0,1248,74910.0
2025-01-01 20:48:40,DATA_RATE_KBPS,115.192,20,48,40,1,1,2,0,1248,74920.0
2025-01-01 20:48:50,PACKET_LOSS_RATE,1.4993,20,48,50,1,1,2,0,1248,74930.0
2025-01-01 20:49:00,CPU_USAGE,38.9449,20,49,0,1,1,2,0,1249,74940.0
2025-01-01 20:49:10,MEMORY_USAGE,45.8123,20,49,10,1,1,2,0,1249,74950.0
2025-01-01 20:49:20,FLASH_WRITE_RATE,2.6392,20,49,20,1,1,2,0,1249,74960.0
2025-01-01 20:49:30,WATCHDOG_COUNTER,35.5251,20,49,30,1,1,2,0,1249,74970.0
2025-01-01 20:49:40,TANK_PRESSURE,309.1291,20,49,40,1,1,2,0,1249,74980.0
2025-01-01 20:49:50,THRUSTER_VALVE_TEMP,14.7399,20,49,50,1,1,2,0,1249,74990.0
2025-01-01 20:50:00,BATT_VOLTAGE_1,27.6723,20,50,0,1,1,2,0,1250,75000.0
2025-01-01 20:50:10,BATT_VOLTAGE_2,27.7862,20,50,10,1,1,2,0,1250,75010.0
2025-01-01 20:50:20,BATT_CURRENT_1,1.8715,20,50,20,1,1,2,0,1250,75020.0
2025-01-01 20:50:30,BATT_CURRENT_2,3.3335,20,50,30,1,1,2,0,1250,75030.0
2025-01-01 20:50:40,BATT_TEMP_1,28.7479,20,50,40,1,1,2,0,1250,75040.0
2025-01-01 20:50:50,BATT_TEMP_2,27.5789,20,50,50,1,1,2,0,1250,75050.0
2025-01-01 20:51:00,BATT_SOC,78.2008,20,51,0,1,1,2,0,1251,75060.0
2025-01-01 20:51:10,SOLAR_PANEL_VOLT_A,30.7105,20,51,10,1,1,2,0,1251,75070.0
2025-01-01 20:51:20,SOLAR_PANEL_VOLT_B,29.6437,20,51,20,1,1,2,0,1251,75080.0
2025-01-01 20:51:30,SOLAR_PANEL_CURR_A,4.3346,20,51,30,1,1,2,0,1251,75090.0
2025-01-01 20:51:40,SOLAR_PANEL_CURR_B,4.2893,20,51,40,1,1,2,0,1251,75100.0
2025-01-01 20:51:50,SOLAR_POWER_TOTAL,115.3848,20,51,50,1,1,2,0,1251,75110.0
2025-01-01 20:52:00,BUS_VOLTAGE,28.3896,20,52,0,1,1,2,0,1252,75120.0
2025-01-01 20:52:10,BUS_CURRENT,7.6616,20,52,10,1,1,2,0,1252,75130.0
2025-01-01 20:52:20,THRUSTER_TEMP_1,21.8392,20,52,20,1,1,2,0,1252,75140.0
2025-01-01 20:52:30,THRUSTER_TEMP_2,20.0583,20,52,30,1,1,2,0,1252,75150.0
2025-01-01 20:52:40,PAYLOAD_TEMP_CAM,23.9492,20,52,40,1,1,2,0,1252,75160.0
2025-01-01 20:52:50,PAYLOAD_TEMP_SENSOR,24.723,20,52,50,1,1,2,0,1252,75170.0
2025-01-01 20:53:00,OBC_TEMP,48.5789,20,53,0,1,1,2,0,1253,75180.0
2025-01-01 20:53:10,TRANS_TEMP,44.7737,20,53,10,1,1,2,0,1253,75190.0
2025-01-01 20:53:20,STRUCT_TEMP_PANEL_X,27.0549,20,53,20,1,1,2,0,1253,75200.0
2025-01-01 20:53:30,STRUCT_TEMP_PANEL_Y,28.7372,20,53,30,1,1,2,0,1253,75210.0
2025-01-01 20:53:40,STRUCT_TEMP_PANEL_Z,28.6583,20,53,40,1,1,2,0,1253,75220.0
2025-01-01 20:53:50,RADIATOR_TEMP,-20.9724,20,53,50,1,1,2,0,1253,75230.0
2025-01-01 20:54:00,GYRO_X,0.0019,20,54,0,1,1,2,0,1254,75240.0
2025-01-01 20:54:10,GYRO_Y,0.0142,20,54,10,1,1,2,0,1254,75250.0
2025-01-01 20:54:20,GYRO_Z,0.038,20,54,20,1,1,2,0,1254,75260.0
2025-01-01 20:54:30,MAGNETOMETER_X,8.7362,20,54,30,1,1,2,0,1254,75270.0
2025-01-01 20:54:40,MAGNETOMETER_Y,19.8823,20,54,40,1,1,2,0,1254,75280.0
2025-01-01 20:54:50,MAGNETOMETER_Z,4.088,20,54,50,1,1,2,0,1254,75290.0
2025-01-01 20:55:00,REACTION_WHEEL_SPD_X,444.1956,20,55,0,1,1,2,0,1255,75300.0
2025-01-01 20:55:10,REACTION_WHEEL_SPD_Y,1504.0755,20,55,10,1,1,2,0,1255,75310.0
2025-01-01 20:55:20,REACTION_WHEEL_SPD_Z,1187.9022,20,55,20,1,1,2,0,1255,75320.0
2025-01-01 20:55:30,ATTITUDE_ROLL,-1.4688,20,55,30,1,1,2,0,1255,75330.0
2025-01-01 20:55:40,ATTITUDE_PITCH,-1.634,20,55,40,1,1,2,0,1255,75340.0
2025-01-01 20:55:50,ATTITUDE_YAW,-0.6786,20,55,50,1,1,2,0,1255,75350.0
2025-01-01 20:56:00,STAR_TRACKER_VALID,0.6638,20,56,0,1,1,2,0,1256,75360.0
2025-01-01 20:56:10,SUN_SENSOR_ANGLE,80.3912,20,56,10,1,1,2,0,1256,75370.0
2025-01-01 20:56:20,RF_SIGNAL_STRENGTH,-73.1901,20,56,20,1,1,2,0,1256,75380.0
2025-01-01 20:56:30,RF_NOISE_FLOOR,-89.1296,20,56,30,1,1,2,0,1256,75390.0
2025-01-01 20:56:40,TX_POWER,1.9144,20,56,40,1,1,2,0,1256,75400.0
2025-01-01 20:56:50,LINK_MARGIN,17.8332,20,56,50,1,1,2,0,1256,75410.0
2025-01-01 20:57:00,DATA_RATE_KBPS,102.1267,20,57,0,1,1,2,0,1257,75420.0
2025-01-01 20:57:10,PACKET_LOSS_RATE,0.8546,20,57,10,1,1,2,0,1257,75430.0
2025-01-01 20:57:20,CPU_USAGE,21.4189,20,57,20,1,1,2,0,1257,75440.0
2025-01-01 20:57:30,MEMORY_USAGE,61.7278,20,57,30,1,1,2,0,1257,75450.0
2025-01-01 20:57:40,FLASH_WRITE_RATE,2.6771,20,57,40,1,1,2,0,1257,75460.0
2025-01-01 20:57:50,WATCHDOG_COUNTER,48.0688,20,57,50,1,1,2,0,1257,75470.0
2025-01-01 20:58:00,TANK_PRESSURE,293.3917,20,58,0,1,1,2,0,1258,75480.0
2025-01-01 20:58:10,THRUSTER_VALVE_TEMP,18.9816,20,58,10,1,1,2,0,1258,75490.0
2025-01-01 20:58:20,BATT_VOLTAGE_1,28.593,20,58,20,1,1,2,0,1258,75500.0
2025-01-01 20:58:30,BATT_VOLTAGE_2,27.4181,20,58,30,1,1,2,0,1258,75510.0
2025-01-01 20:58:40,BATT_CURRENT_1,2.8313,20,58,40,1,1,2,0,1258,75520.0
2025-01-01 20:58:50,BATT_CURRENT_2,2.1907,20,58,50,1,1,2,0,1258,75530.0
2025-01-01 20:59:00,BATT_TEMP_1,20.7504,20,59,0,1,1,2,0,1259,75540.0
2025-01-01 20:59:10,BATT_TEMP_2,23.7539,20,59,10,1,1,2,0,1259,75550.0
2025-01-01 20:59:20,BATT_SOC,71.3729,20,59,20,1,1,2,0,1259,75560.0
2025-01-01 20:59:30,SOLAR_PANEL_VOLT_A,31.5153,20,59,30,1,1,2,0,1259,75570.0
2025-01-01 20:59:40,SOLAR_PANEL_VOLT_B,32.5466,20,59,40,1,1,2,0,1259,75580.0
2025-01-01 20:59:50,SOLAR_PANEL_CURR_A,6.3179,20,59,50,1,1,2,0,1259,75590.0
2025-01-01 21:00:00,SOLAR_PANEL_CURR_B,5.6809,21,0,0,1,1,2,0,1260,75600.0
2025-01-01 21:00:10,SOLAR_POWER_TOTAL,108.0775,21,0,10,1,1,2,0,1260,75610.0
2025-01-01 21:00:20,BUS_VOLTAGE,28.905,21,0,20,1,1,2,0,1260,75620.0
2025-01-01 21:00:30,BUS_CURRENT,9.6266,21,0,30,1,1,2,0,1260,75630.0
2025-01-01 21:00:40,THRUSTER_TEMP_1,20.5071,21,0,40,1,1,2,0,1260,75640.0
2025-01-01 21:00:50,THRUSTER_TEMP_2,25.941,21,0,50,1,1,2,0,1260,75650.0
2025-01-01 21:01:00,PAYLOAD_TEMP_CAM,19.8326,21,1,0,1,1,2,0,1261,75660.0
2025-01-01 21:01:10,PAYLOAD_TEMP_SENSOR,21.3173,21,1,10,1,1,2,0,1261,75670.0
2025-01-01 21:01:20,OBC_TEMP,43.4863,21,1,20,1,1,2,0,1261,75680.0
2025-01-01 21:01:30,TRANS_TEMP,44.2671,21,1,30,1,1,2,0,1261,75690.0
2025-01-01 21:01:40,STRUCT_TEMP_PANEL_X,4.1994,21,1,40,1,1,2,0,1261,75700.0
2025-01-01 21:01:50,STRUCT_TEMP_PANEL_Y,17.6837,21,1,50,1,1,2,0,1261,75710.0
2025-01-01 21:02:00,STRUCT_TEMP_PANEL_Z,25.6971,21,2,0,1,1,2,0,1262,75720.0
2025-01-01 21:02:10,RADIATOR_TEMP,-11.7169,21,2,10,1,1,2,0,1262,75730.0
2025-01-01 21:02:20,GYRO_X,0.035,21,2,20,1,1,2,0,1262,75740.0
2025-01-01 21:02:30,GYRO_Y,-0.0344,21,2,30,1,1,2,0,1262,75750.0
2025-01-01 21:02:40,GYRO_Z,-0.0349,21,2,40,1,1,2,0,1262,75760.0
2025-01-01 21:02:50,MAGNETOMETER_X,-3.061,21,2,50,1,1,2,0,1262,75770.0
2025-01-01 21:03:00,MAGNETOMETER_Y,1.1177,21,3,0,1,1,2,0,1263,75780.0
2025-01-01 21:03:10,MAGNETOMETER_Z,-5.6384,21,3,10,1,1,2,0,1263,75790.0
2025-01-01 21:03:20,REACTION_WHEEL_SPD_X,-908.0946,21,3,20,1,1,2,0,1263,75800.0
2025-01-01 21:03:30,REACTION_WHEEL_SPD_Y,486.7611,21,3,30,1,1,2,0,1263,75810.0
2025-01-01 21:03:40,REACTION_WHEEL_SPD_Z,-1496.9841,21,3,40,1,1,2,0,1263,75820.0
2025-01-01 21:03:50,ATTITUDE_ROLL,-0.8768,21,3,50,1,1,2,0,1263,75830.0
2025-01-01 21:04:00,ATTITUDE_PITCH,-0.577,21,4,0,1,1,2,0,1264,75840.0
2025-01-01 21:04:10,ATTITUDE_YAW,0.571,21,4,10,1,1,2,0,1264,75850.0
2025-01-01 21:04:20,STAR_TRACKER_VALID,0.638,21,4,20,1,1,2,0,1264,75860.0
2025-01-01 21:04:30,SUN_SENSOR_ANGLE,92.2838,21,4,30,1,1,2,0,1264,75870.0
2025-01-01 21:04:40,RF_SIGNAL_STRENGTH,-67.0688,21,4,40,1,1,2,0,1264,75880.0
2025-01-01 21:04:50,RF_NOISE_FLOOR,-86.9976,21,4,50,1,1,2,0,1264,75890.0
2025-01-01 21:05:00,TX_POWER,3.3984,21,5,0,1,1,2,0,1265,75900.0
2025-01-01 21:05:10,LINK_MARGIN,19.5714,21,5,10,1,1,2,0,1265,75910.0
2025-01-01 21:05:20,DATA_RATE_KBPS,136.3424,21,5,20,1,1,2,0,1265,75920.0
2025-01-01 21:05:30,PACKET_LOSS_RATE,1.2273,21,5,30,1,1,2,0,1265,75930.0
2025-01-01 21:05:40,CPU_USAGE,24.1596,21,5,40,1,1,2,0,1265,75940.0
2025-01-01 21:05:50,MEMORY_USAGE,53.526,21,5,50,1,1,2,0,1265,75950.0
2025-01-01 21:06:00,FLASH_WRITE_RATE,4.163,21,6,0,1,1,2,0,1266,75960.0
2025-01-01 21:06:10,WATCHDOG_COUNTER,75.7043,21,6,10,1,1,2,0,1266,75970.0
2025-01-01 21:06:20,TANK_PRESSURE,301.928,21,6,20,1,1,2,0,1266,75980.0
2025-01-01 21:06:30,THRUSTER_VALVE_TEMP,16.7204,21,6,30,1,1,2,0,1266,75990.0
2025-01-01 21:06:40,BATT_VOLTAGE_1,27.7803,21,6,40,1,1,2,0,1266,76000.0
2025-01-01 21:06:50,BATT_VOLTAGE_2,28.5793,21,6,50,1,1,2,0,1266,76010.0
2025-01-01 21:07:00,BATT_CURRENT_1,2.7681,21,7,0,1,1,2,0,1267,76020.0
2025-01-01 21:07:10,BATT_CURRENT_2,1.9574,21,7,10,1,1,2,0,1267,76030.0
2025-01-01 21:07:20,BATT_TEMP_1,27.664,21,7,20,1,1,2,0,1267,76040.0
2025-01-01 21:07:30,BATT_TEMP_2,30.1713,21,7,30,1,1,2,0,1267,76050.0
2025-01-01 21:07:40,BATT_SOC,71.0287,21,7,40,1,1,2,0,1267,76060.0
2025-01-01 21:07:50,SOLAR_PANEL_VOLT_A,29.3552,21,7,50,1,1,2,0,1267,76070.0
2025-01-01 21:08:00,SOLAR_PANEL_VOLT_B,32.3124,21,8,0,1,1,2,0,1268,76080.0
2025-01-01 21:08:10,SOLAR_PANEL_CURR_A,4.8302,21,8,10,1,1,2,0,1268,76090.0
2025-01-01 21:08:20,SOLAR_PANEL_CURR_B,5.221,21,8,20,1,1,2,0,1268,76100.0
2025-01-01 21:08:30,SOLAR_POWER_TOTAL,116.8376,21,8,30,1,1,2,0,1268,76110.0
2025-01-01 21:08:40,BUS_VOLTAGE,28.7564,21,8,40,1,1,2,0,1268,76120.0
2025-01-01 21:08:50,BUS_CURRENT,9.6127,21,8,50,1,1,2,0,1268,76130.0
2025-01-01 21:09:00,THRUSTER_TEMP_1,24.2079,21,9,0,1,1,2,0,1269,76140.0
2025-01-01 21:09:10,THRUSTER_TEMP_2,21.0959,21,9,10,1,1,2,0,1269,76150.0
2025-01-01 21:09:20,PAYLOAD_TEMP_CAM,21.8181,21,9,20,1,1,2,0,1269,76160.0
2025-01-01 21:09:30,PAYLOAD_TEMP_SENSOR,23.9771,21,9,30,1,1,2,0,1269,76170.0
2025-01-01 21:09:40,OBC_TEMP,44.251,21,9,40,1,1,2,0,1269,76180.0
2025-01-01 21:09:50,TRANS_TEMP,32.6058,21,9,50,1,1,2,0,1269,76190.0
2025-01-01 21:10:00,STRUCT_TEMP_PANEL_X,31.0848,21,10,0,1,1,2,0,1270,76200.0
2025-01-01 21:10:10,STRUCT_TEMP_PANEL_Y,11.6563,21,10,10,1,1,2,0,1270,76210.0
2025-01-01 21:10:20,STRUCT_TEMP_PANEL_Z,2.3241,21,10,20,1,1,2,0,1270,76220.0
2025-01-01 21:10:30,RADIATOR_TEMP,0.1994,21,10,30,1,1,2,0,1270,76230.0
2025-01-01 21:10:40,GYRO_X,-0.0109,21,10,40,1,1,2,0,1270,76240.0
2025-01-01 21:10:50,GYRO_Y,-0.0269,21,10,50,1,1,2,0,1270,76250.0
2025-01-01 21:11:00,GYRO_Z,0.023,21,11,0,1,1,2,0,1271,76260.0
2025-01-01 21:11:10,MAGNETOMETER_X,5.9103,21,11,10,1,1,2,0,1271,76270.0
2025-01-01 21:11:20,MAGNETOMETER_Y,-8.5762,21,11,20,1,1,2,0,1271,76280.0
2025-01-01 21:11:30,MAGNETOMETER_Z,6.4603,21,11,30,1,1,2,0,1271,76290.0
2025-01-01 21:11:40,REACTION_WHEEL_SPD_X,1413.0721,21,11,40,1,1,2,0,1271,76300.0
2025-01-01 21:11:50,REACTION_WHEEL_SPD_Y,1220.7729,21,11,50,1,1,2,0,1271,76310.0
2025-01-01 21:12:00,REACTION_WHEEL_SPD_Z,1327.2827,21,12,0,1,1,2,0,1272,76320.0
2025-01-01 21:12:10,ATTITUDE_ROLL,1.8277,21,12,10,1,1,2,0,1272,76330.0
2025-01-01 21:12:20,ATTITUDE_PITCH,-0.6827,21,12,20,1,1,2,0,1272,76340.0
2025-01-01 21:12:30,ATTITUDE_YAW,2.6683,21,12,30,1,1,2,0,1272,76350.0
2025-01-01 21:12:40,STAR_TRACKER_VALID,0.6962,21,12,40,1,1,2,0,1272,76360.0
2025-01-01 21:12:50,SUN_SENSOR_ANGLE,121.5614,21,12,50,1,1,2,0,1272,76370.0
2025-01-01 21:13:00,RF_SIGNAL_STRENGTH,-71.9682,21,13,0,1,1,2,0,1273,76380.0
2025-01-01 21:13:10,RF_NOISE_FLOOR,-95.0461,21,13,10,1,1,2,0,1273,76390.0
2025-01-01 21:13:20,TX_POWER,2.1824,21,13,20,1,1,2,0,1273,76400.0
2025-01-01 21:13:30,LINK_MARGIN,11.1982,21,13,30,1,1,2,0,1273,76410.0
2025-01-01 21:13:40,DATA_RATE_KBPS,89.8801,21,13,40,1,1,2,0,1273,76420.0
2025-01-01 21:13:50,PACKET_LOSS_RATE,0.95,21,13,50,1,1,2,0,1273,76430.0
2025-01-01 21:14:00,CPU_USAGE,38.8464,21,14,0,1,1,2,0,1274,76440.0
2025-01-01 21:14:10,MEMORY_USAGE,43.9323,21,14,10,1,1,2,0,1274,76450.0
2025-01-01 21:14:20,FLASH_WRITE_RATE,1.8336,21,14,20,1,1,2,0,1274,76460.0
2025-01-01 21:14:30,WATCHDOG_COUNTER,26.2548,21,14,30,1,1,2,0,1274,76470.0
2025-01-01 21:14:40,TANK_PRESSURE,292.1152,21,14,40,1,1,2,0,1274,76480.0
2025-01-01 21:14:50,THRUSTER_VALVE_TEMP,21.1194,21,14,50,1,1,2,0,1274,76490.0
2025-01-01 21:15:00,BATT_VOLTAGE_1,27.9946,21,15,0,1,1,2,0,1275,76500.0
2025-01-01 21:15:10,BATT_VOLTAGE_2,28.2522,21,15,10,1,1,2,0,1275,76510.0
2025-01-01 21:15:20,BATT_CURRENT_1,2.4348,21,15,20,1,1,2,0,1275,76520.0
2025-01-01 21:15:30,BATT_CURRENT_2,3.0748,21,15,30,1,1,2,0,1275,76530.0
2025-01-01 21:15:40,BATT_TEMP_1,29.5371,21,15,40,1,1,2,0,1275,76540.0
2025-01-01 21:15:50,BATT_TEMP_2,20.0296,21,15,50,1,1,2,0,1275,76550.0
2025-01-01 21:16:00,BATT_SOC,68.1731,21,16,0,1,1,2,0,1276,76560.0
2025-01-01 21:16:10,SOLAR_PANEL_VOLT_A,30.8208,21,16,10,1,1,2,0,1276,76570.0
2025-01-01 21:16:20,SOLAR_PANEL_VOLT_B,32.533,21,16,20,1,1,2,0,1276,76580.0
2025-01-01 21:16:30,SOLAR_PANEL_CURR_A,4.1126,21,16,30,1,1,2,0,1276,76590.0
2025-01-01 21:16:40,SOLAR_PANEL_CURR_B,5.0673,21,16,40,1,1,2,0,1276,76600.0
2025-01-01 21:16:50,SOLAR_POWER_TOTAL,102.1039,21,16,50,1,1,2,0,1276,76610.0
2025-01-01 21:17:00,BUS_VOLTAGE,27.94,21,17,0,1,1,2,0,1277,76620.0
2025-01-01 21:17:10,BUS_CURRENT,7.2206,21,17,10,1,1,2,0,1277,76630.0
2025-01-01 21:17:20,THRUSTER_TEMP_1,24.1751,21,17,20,1,1,2,0,1277,76640.0
2025-01-01 21:17:30,THRUSTER_TEMP_2,23.6729,21,17,30,1,1,2,0,1277,76650.0
2025-01-01 21:17:40,PAYLOAD_TEMP_CAM,23.1497,21,17,40,1,1,2,0,1277,76660.0
2025-01-01 21:17:50,PAYLOAD_TEMP_SENSOR,21.6896,21,17,50,1,1,2,0,1277,76670.0
2025-01-01 21:18:00,OBC_TEMP,41.0767,21,18,0,1,1,2,0,1278,76680.0
2025-01-01 21:18:10,TRANS_TEMP,30.2173,21,18,10,1,1,2,0,1278,76690.0
2025-01-01 21:18:20,STRUCT_TEMP_PANEL_X,15.8937,21,18,20,1,1,2,0,1278,76700.0
2025-01-01 21:18:30,STRUCT_TEMP_PANEL_Y,8.9542,21,18,30,1,1,2,0,1278,76710.0
2025-01-01 21:18:40,STRUCT_TEMP_PANEL_Z,26.5421,21,18,40,1,1,2,0,1278,76720.0
2025-01-01 21:18:50,RADIATOR_TEMP,-17.371,21,18,50,1,1,2,0,1278,76730.0
2025-01-01 21:19:00,GYRO_X,0.0354,21,19,0,1,1,2,0,1279,76740.0
2025-01-01 21:19:10,GYRO_Y,-0.0042,21,19,10,1,1,2,0,1279,76750.0
2025-01-01 21:19:20,GYRO_Z,0.0197,21,19,20,1,1,2,0,1279,76760.0
2025-01-01 21:19:30,MAGNETOMETER_X,22.72,21,19,30,1,1,2,0,1279,76770.0
2025-01-01 21:19:40,MAGNETOMETER_Y,3.2289,21,19,40,1,1,2,0,1279,76780.0
2025-01-01 21:19:50,MAGNETOMETER_Z,-29.1173,21,19,50,1,1,2,0,1279,76790.0
2025-01-01 21:20:00,REACTION_WHEEL_SPD_X,676.9955,21,20,0,1,1,2,0,1280,76800.0
2025-01-01 21:20:10,REACTION_WHEEL_SPD_Y,1476.0424,21,20,10,1,1,2,0,1280,76810.0
2025-01-01 21:20:20,REACTION_WHEEL_SPD_Z,-1360.4121,21,20,20,1,1,2,0,1280,76820.0
2025-01-01 21:20:30,ATTITUDE_ROLL,0.341,21,20,30,1,1,2,0,1280,76830.0
2025-01-01 21:20:40,ATTITUDE_PITCH,1.0854,21,20,40,1,1,2,0,1280,76840.0
2025-01-01 21:20:50,ATTITUDE_YAW,0.1495,21,20,50,1,1,2,0,1280,76850.0
2025-01-01 21:21:00,STAR_TRACKER_VALID,0.5129,21,21,0,1,1,2,0,1281,76860.0
2025-01-01 21:21:10,SUN_SENSOR_ANGLE,143.7615,21,21,10,1,1,2,0,1281,76870.0
2025-01-01 21:21:20,RF_SIGNAL_STRENGTH,-69.9031,21,21,20,1,1,2,0,1281,76880.0
2025-01-01 21:21:30,RF_NOISE_FLOOR,-87.1168,21,21,30,1,1,2,0,1281,76890.0
2025-01-01 21:21:40,TX_POWER,4.327,21,21,40,1,1,2,0,1281,76900.0
2025-01-01 21:21:50,LINK_MARGIN,14.0556,21,21,50,1,1,2,0,1281,76910.0
2025-01-01 21:22:00,DATA_RATE_KBPS,127.5782,21,22,0,1,1,2,0,1282,76920.0
2025-01-01 21:22:10,PACKET_LOSS_RATE,1.2413,21,22,10,1,1,2,0,1282,76930.0
2025-01-01 21:22:20,CPU_USAGE,38.8614,21,22,20,1,1,2,0,1282,76940.0
2025-01-01 21:22:30,MEMORY_USAGE,60.8703,21,22,30,1,1,2,0,1282,76950.0
2025-01-01 21:22:40,FLASH_WRITE_RATE,3.8116,21,22,40,1,1,2,0,1282,76960.0
2025-01-01 21:22:50,WATCHDOG_COUNTER,56.5621,21,22,50,1,1,2,0,1282,76970.0
2025-01-01 21:23:00,TANK_PRESSURE,298.0924,21,23,0,1,1,2,0,1283,76980.0
2025-01-01 21:23:10,THRUSTER_VALVE_TEMP,19.8146,21,23,10,1,1,2,0,1283,76990.0
2025-01-01 21:23:20,BATT_VOLTAGE_1,28.6545,21,23,20,1,1,2,0,1283,77000.0
2025-01-01 21:23:30,BATT_VOLTAGE_2,27.231,21,23,30,1,1,2,0,1283,77010.0
2025-01-01 21:23:40,BATT_CURRENT_1,3.0117,21,23,40,1,1,2,0,1283,77020.0
2025-01-01 21:23:50,BATT_CURRENT_2,2.9013,21,23,50,1,1,2,0,1283,77030.0
2025-01-01 21:24:00,BATT_TEMP_1,26.6493,21,24,0,1,1,2,0,1284,77040.0
2025-01-01 21:24:10,BATT_TEMP_2,26.8319,21,24,10,1,1,2,0,1284,77050.0
2025-01-01 21:24:20,BATT_SOC,86.2151,21,24,20,1,1,2,0,1284,77060.0
2025-01-01 21:24:30,SOLAR_PANEL_VOLT_A,32.3291,21,24,30,1,1,2,0,1284,77070.0
2025-01-01 21:24:40,SOLAR_PANEL_VOLT_B,32.4993,21,24,40,1,1,2,0,1284,77080.0
2025-01-01 21:24:50,SOLAR_PANEL_CURR_A,4.4199,21,24,50,1,1,2,0,1284,77090.0
2025-01-01 21:25:00,SOLAR_PANEL_CURR_B,5.5062,21,25,0,1,1,2,0,1285,77100.0
2025-01-01 21:25:10,SOLAR_POWER_TOTAL,105.0686,21,25,10,1,1,2,0,1285,77110.0
2025-01-01 21:25:20,BUS_VOLTAGE,27.9817,21,25,20,1,1,2,0,1285,77120.0
2025-01-01 21:25:30,BUS_CURRENT,7.831,21,25,30,1,1,2,0,1285,77130.0
2025-01-01 21:25:40,THRUSTER_TEMP_1,23.4463,21,25,40,1,1,2,0,1285,77140.0
2025-01-01 21:25:50,THRUSTER_TEMP_2,25.0732,21,25,50,1,1,2,0,1285,77150.0
2025-01-01 21:26:00,PAYLOAD_TEMP_CAM,21.3684,21,26,0,1,1,2,0,1286,77160.0
2025-01-01 21:26:10,PAYLOAD_TEMP_SENSOR,21.2658,21,26,10,1,1,2,0,1286,77170.0
2025-01-01 21:26:20,OBC_TEMP,46.9606,21,26,20,1,1,2,0,1286,77180.0
2025-01-01 21:26:30,TRANS_TEMP,32.5993,21,26,30,1,1,2,0,1286,77190.0
2025-01-01 21:26:40,STRUCT_TEMP_PANEL_X,32.3257,21,26,40,1,1,2,0,1286,77200.0
2025-01-01 21:26:50,STRUCT_TEMP_PANEL_Y,31.5695,21,26,50,1,1,2,0,1286,77210.0
2025-01-01 21:27:00,STRUCT_TEMP_PANEL_Z,6.118,21,27,0,1,1,2,0,1287,77220.0
2025-01-01 21:27:10,RADIATOR_TEMP,-11.9817,21,27,10,1,1,2,0,1287,77230.0
2025-01-01 21:27:20,GYRO_X,-0.0536,21,27,20,1,1,2,0,1287,77240.0
2025-01-01 21:27:30,GYRO_Y,-0.0065,21,27,30,1,1,2,0,1287,77250.0
2025-01-01 21:27:40,GYRO_Z,-0.0301,21,27,40,1,1,2,0,1287,77260.0
2025-01-01 21:27:50,MAGNETOMETER_X,-11.3276,21,27,50,1,1,2,0,1287,77270.0
2025-01-01 21:28:00,MAGNETOMETER_Y,16.5998,21,28,0,1,1,2,0,1288,77280.0
2025-01-01 21:28:10,MAGNETOMETER_Z,1.0906,21,28,10,1,1,2,0,1288,77290.0
2025-01-01 21:28:20,REACTION_WHEEL_SPD_X,1631.3272,21,28,20,1,1,2,0,1288,77300.0
2025-01-01 21:28:30,REACTION_WHEEL_SPD_Y,1522.0468,21,28,30,1,1,2,0,1288,77310.0
2025-01-01 21:28:40,REACTION_WHEEL_SPD_Z,660.4061,21,28,40,1,1,2,0,1288,77320.0
2025-01-01 21:28:50,ATTITUDE_ROLL,0.3598,21,28,50,1,1,2,0,1288,77330.0
2025-01-01 21:29:00,ATTITUDE_PITCH,0.8949,21,29,0,1,1,2,0,1289,77340.0
2025-01-01 21:29:10,ATTITUDE_YAW,0.5653,21,29,10,1,1,2,0,1289,77350.0
2025-01-01 21:29:20,STAR_TRACKER_VALID,0.4803,21,29,20,1,1,2,0,1289,77360.0
2025-01-01 21:29:30,SUN_SENSOR_ANGLE,105.9414,21,29,30,1,1,2,0,1289,77370.0
2025-01-01 21:29:40,RF_SIGNAL_STRENGTH,-74.8728,21,29,40,1,1,2,0,1289,77380.0
2025-01-01 21:29:50,RF_NOISE_FLOOR,-89.6804,21,29,50,1,1,2,0,1289,77390.0
2025-01-01 21:30:00,TX_POWER,2.141,21,30,0,1,1,2,0,1290,77400.0
2025-01-01 21:30:10,LINK_MARGIN,10.8157,21,30,10,1,1,2,0,1290,77410.0
2025-01-01 21:30:20,DATA_RATE_KBPS,157.0828,21,30,20,1,1,2,0,1290,77420.0
2025-01-01 21:30:30,PACKET_LOSS_RATE,1.5993,21,30,30,1,1,2,0,1290,77430.0
2025-01-01 21:30:40,CPU_USAGE,30.1569,21,30,40,1,1,2,0,1290,77440.0
2025-01-01 21:30:50,MEMORY_USAGE,60.2772,21,30,50,1,1,2,0,1290,77450.0
2025-01-01 21:31:00,FLASH_WRITE_RATE,1.5326,21,31,0,1,1,2,0,1291,77460.0
2025-01-01 21:31:10,WATCHDOG_COUNTER,75.4569,21,31,10,1,1,2,0,1291,77470.0
2025-01-01 21:31:20,TANK_PRESSURE,290.8001,21,31,20,1,1,2,0,1291,77480.0
2025-01-01 21:31:30,THRUSTER_VALVE_TEMP,17.9952,21,31,30,1,1,2,0,1291,77490.0
2025-01-01 21:31:40,BATT_VOLTAGE_1,28.7501,21,31,40,1,1,2,0,1291,77500.0
2025-01-01 21:31:50,BATT_VOLTAGE_2,28.0551,21,31,50,1,1,2,0,1291,77510.0
2025-01-01 21:32:00,BATT_CURRENT_1,2.6121,21,32,0,1,1,2,0,1292,77520.0
2025-01-01 21:32:10,BATT_CURRENT_2,3.0554,21,32,10,1,1,2,0,1292,77530.0
2025-01-01 21:32:20,BATT_TEMP_1,28.8217,21,32,20,1,1,2,0,1292,77540.0
2025-01-01 21:32:30,BATT_TEMP_2,26.0504,21,32,30,1,1,2,0,1292,77550.0
2025-01-01 21:32:40,BATT_SOC,87.0516,21,32,40,1,1,2,0,1292,77560.0
2025-01-01 21:32:50,SOLAR_PANEL_VOLT_A,30.0717,21,32,50,1,1,2,0,1292,77570.0
2025-01-01 21:33:00,SOLAR_PANEL_VOLT_B,31.4524,21,33,0,1,1,2,0,1293,77580.0
2025-01-01 21:33:10,SOLAR_PANEL_CURR_A,4.6224,21,33,10,1,1,2,0,1293,77590.0
2025-01-01 21:33:20,SOLAR_PANEL_CURR_B,6.1339,21,33,20,1,1,2,0,1293,77600.0
2025-01-01 21:33:30,SOLAR_POWER_TOTAL,117.2573,21,33,30,1,1,2,0,1293,77610.0
2025-01-01 21:33:40,BUS_VOLTAGE,28.2934,21,33,40,1,1,2,0,1293,77620.0
2025-01-01 21:33:50,BUS_CURRENT,7.9479,21,33,50,1,1,2,0,1293,77630.0
2025-01-01 21:34:00,THRUSTER_TEMP_1,18.4131,21,34,0,1,1,2,0,1294,77640.0
2025-01-01 21:34:10,THRUSTER_TEMP_2,25.9953,21,34,10,1,1,2,0,1294,77650.0
2025-01-01 21:34:20,PAYLOAD_TEMP_CAM,24.5561,21,34,20,1,1,2,0,1294,77660.0
2025-01-01 21:34:30,PAYLOAD_TEMP_SENSOR,20.9869,21,34,30,1,1,2,0,1294,77670.0
2025-01-01 21:34:40,OBC_TEMP,40.7963,21,34,40,1,1,2,0,1294,77680.0
2025-01-01 21:34:50,TRANS_TEMP,45.157,21,34,50,1,1,2,0,1294,77690.0
2025-01-01 21:35:00,STRUCT_TEMP_PANEL_X,33.3666,21,35,0,1,1,2,0,1295,77700.0
2025-01-01 21:35:10,STRUCT_TEMP_PANEL_Y,25.1875,21,35,10,1,1,2,0,1295,77710.0
2025-01-01 21:35:20,STRUCT_TEMP_PANEL_Z,9.7253,21,35,20,1,1,2,0,1295,77720.0
2025-01-01 21:35:30,RADIATOR_TEMP,-15.6573,21,35,30,1,1,2,0,1295,77730.0
2025-01-01 21:35:40,GYRO_X,-0.0184,21,35,40,1,1,2,0,1295,77740.0
2025-01-01 21:35:50,GYRO_Y,-0.0153,21,35,50,1,1,2,0,1295,77750.0
2025-01-01 21:36:00,GYRO_Z,-0.0258,21,36,0,1,1,2,0,1296,77760.0
2025-01-01 21:36:10,MAGNETOMETER_X,33.3214,21,36,10,1,1,2,0,1296,77770.0
2025-01-01 21:36:20,MAGNETOMETER_Y,-22.4065,21,36,20,1,1,2,0,1296,77780.0
2025-01-01 21:36:30,MAGNETOMETER_Z,9.7822,21,36,30,1,1,2,0,1296,77790.0
2025-01-01 21:36:40,REACTION_WHEEL_SPD_X,-120.5131,21,36,40,1,1,2,0,1296,77800.0
2025-01-01 21:36:50,REACTION_WHEEL_SPD_Y,258.3964,21,36,50,1,1,2,0,1296,77810.0
2025-01-01 21:37:00,REACTION_WHEEL_SPD_Z,1376.1095,21,37,0,1,1,2,0,1297,77820.0
2025-01-01 21:37:10,ATTITUDE_ROLL,-0.1283,21,37,10,1,1,2,0,1297,77830.0
2025-01-01 21:37:20,ATTITUDE_PITCH,-0.6882,21,37,20,1,1,2,0,1297,77840.0
2025-01-01 21:37:30,ATTITUDE_YAW,-3.0894,21,37,30,1,1,2,0,1297,77850.0
2025-01-01 21:37:40,STAR_TRACKER_VALID,0.6461,21,37,40,1,1,2,0,1297,77860.0
2025-01-01 21:37:50,SUN_SENSOR_ANGLE,54.4901,21,37,50,1,1,2,0,1297,77870.0
2025-01-01 21:38:00,RF_SIGNAL_STRENGTH,-56.0476,21,38,0,1,1,2,0,1298,77880.0
2025-01-01 21:38:10,RF_NOISE_FLOOR,-97.1435,21,38,10,1,1,2,0,1298,77890.0
2025-01-01 21:38:20,TX_POWER,3.9016,21,38,20,1,1,2,0,1298,77900.0
2025-01-01 21:38:30,LINK_MARGIN,13.2223,21,38,30,1,1,2,0,1298,77910.0
2025-01-01 21:38:40,DATA_RATE_KBPS,100.3526,21,38,40,1,1,2,0,1298,77920.0
2025-01-01 21:38:50,PACKET_LOSS_RATE,1.1823,21,38,50,1,1,2,0,1298,77930.0
2025-01-01 21:39:00,CPU_USAGE,25.2819,21,39,0,1,1,2,0,1299,77940.0
2025-01-01 21:39:10,MEMORY_USAGE,60.9943,21,39,10,1,1,2,0,1299,77950.0
2025-01-01 21:39:20,FLASH_WRITE_RATE,1.9103,21,39,20,1,1,2,0,1299,77960.0
2025-01-01 21:39:30,WATCHDOG_COUNTER,41.4932,21,39,30,1,1,2,0,1299,77970.0
2025-01-01 21:39:40,TANK_PRESSURE,289.4851,21,39,40,1,1,2,0,1299,77980.0
2025-01-01 21:39:50,THRUSTER_VALVE_TEMP,21.8103,21,39,50,1,1,2,0,1299,77990.0
2025-01-01 21:40:00,BATT_VOLTAGE_1,28.4955,21,40,0,1,1,2,0,1300,78000.0
2025-01-01 21:40:10,BATT_VOLTAGE_2,27.5609,21,40,10,1,1,2,0,1300,78010.0
2025-01-01 21:40:20,BATT_CURRENT_1,3.342,21,40,20,1,1,2,0,1300,78020.0
2025-01-01 21:40:30,BATT_CURRENT_2,1.8324,21,40,30,1,1,2,0,1300,78030.0
2025-01-01 21:40:40,BATT_TEMP_1,23.4585,21,40,40,1,1,2,0,1300,78040.0
2025-01-01 21:40:50,BATT_TEMP_2,27.0919,21,40,50,1,1,2,0,1300,78050.0
2025-01-01 21:41:00,BATT_SOC,78.7282,21,41,0,1,1,2,0,1301,78060.0
2025-01-01 21:41:10,SOLAR_PANEL_VOLT_A,31.7742,21,41,10,1,1,2,0,1301,78070.0
2025-01-01 21:41:20,SOLAR_PANEL_VOLT_B,30.2606,21,41,20,1,1,2,0,1301,78080.0
2025-01-01 21:41:30,SOLAR_PANEL_CURR_A,5.5543,21,41,30,1,1,2,0,1301,78090.0
2025-01-01 21:41:40,SOLAR_PANEL_CURR_B,5.4125,21,41,40,1,1,2,0,1301,78100.0
2025-01-01 21:41:50,SOLAR_POWER_TOTAL,93.4693,21,41,50,1,1,2,0,1301,78110.0
2025-01-01 21:42:00,BUS_VOLTAGE,28.3904,21,42,0,1,1,2,0,1302,78120.0
2025-01-01 21:42:10,BUS_CURRENT,10.29,21,42,10,1,1,2,0,1302,78130.0
2025-01-01 21:42:20,THRUSTER_TEMP_1,25.3642,21,42,20,1,1,2,0,1302,78140.0
2025-01-01 21:42:30,THRUSTER_TEMP_2,25.1903,21,42,30,1,1,2,0,1302,78150.0
2025-01-01 21:42:40,PAYLOAD_TEMP_CAM,22.0812,21,42,40,1,1,2,0,1302,78160.0
2025-01-01 21:42:50,PAYLOAD_TEMP_SENSOR,20.9606,21,42,50,1,1,2,0,1302,78170.0
2025-01-01 21:43:00,OBC_TEMP,37.4397,21,43,0,1,1,2,0,1303,78180.0
2025-01-01 21:43:10,TRANS_TEMP,30.8049,21,43,10,1,1,2,0,1303,78190.0
2025-01-01 21:43:20,STRUCT_TEMP_PANEL_X,24.134,21,43,20,1,1,2,0,1303,78200.0
2025-01-01 21:43:30,STRUCT_TEMP_PANEL_Y,11.857,21,43,30,1,1,2,0,1303,78210.0
2025-01-01 21:43:40,STRUCT_TEMP_PANEL_Z,35.7643,21,43,40,1,1,2,0,1303,78220.0
2025-01-01 21:43:50,RADIATOR_TEMP,-11.9356,21,43,50,1,1,2,0,1303,78230.0
2025-01-01 21:44:00,GYRO_X,-0.0398,21,44,0,1,1,2,0,1304,78240.0
2025-01-01 21:44:10,GYRO_Y,-0.0245,21,44,10,1,1,2,0,1304,78250.0
2025-01-01 21:44:20,GYRO_Z,-0.0173,21,44,20,1,1,2,0,1304,78260.0
2025-01-01 21:44:30,MAGNETOMETER_X,-17.9282,21,44,30,1,1,2,0,1304,78270.0
2025-01-01 21:44:40,MAGNETOMETER_Y,-41.3704,21,44,40,1,1,2,0,1304,78280.0
2025-01-01 21:44:50,MAGNETOMETER_Z,-22.5119,21,44,50,1,1,2,0,1304,78290.0
2025-01-01 21:45:00,REACTION_WHEEL_SPD_X,-1058.5702,21,45,0,1,1,2,0,1305,78300.0
2025-01-01 21:45:10,REACTION_WHEEL_SPD_Y,1077.5621,21,45,10,1,1,2,0,1305,78310.0
2025-01-01 21:45:20,REACTION_WHEEL_SPD_Z,1415.1249,21,45,20,1,1,2,0,1305,78320.0
2025-01-01 21:45:30,ATTITUDE_ROLL,-0.7688,21,45,30,1,1,2,0,1305,78330.0
2025-01-01 21:45:40,ATTITUDE_PITCH,-0.2456,21,45,40,1,1,2,0,1305,78340.0
2025-01-01 21:45:50,ATTITUDE_YAW,2.7248,21,45,50,1,1,2,0,1305,78350.0
2025-01-01 21:46:00,STAR_TRACKER_VALID,0.5993,21,46,0,1,1,2,0,1306,78360.0
2025-01-01 21:46:10,SUN_SENSOR_ANGLE,133.5274,21,46,10,1,1,2,0,1306,78370.0
2025-01-01 21:46:20,RF_SIGNAL_STRENGTH,-62.5633,21,46,20,1,1,2,0,1306,78380.0
2025-01-01 21:46:30,RF_NOISE_FLOOR,-90.3719,21,46,30,1,1,2,0,1306,78390.0
2025-01-01 21:46:40,TX_POWER,3.9164,21,46,40,1,1,2,0,1306,78400.0
2025-01-01 21:46:50,LINK_MARGIN,10.4832,21,46,50,1,1,2,0,1306,78410.0
2025-01-01 21:47:00,DATA_RATE_KBPS,159.7642,21,47,0,1,1,2,0,1307,78420.0
2025-01-01 21:47:10,PACKET_LOSS_RATE,0.8086,21,47,10,1,1,2,0,1307,78430.0
2025-01-01 21:47:20,CPU_USAGE,25.2235,21,47,20,1,1,2,0,1307,78440.0
2025-01-01 21:47:30,MEMORY_USAGE,55.8707,21,47,30,1,1,2,0,1307,78450.0
2025-01-01 21:47:40,FLASH_WRITE_RATE,1.7738,21,47,40,1,1,2,0,1307,78460.0
2025-01-01 21:47:50,WATCHDOG_COUNTER,42.2196,21,47,50,1,1,2,0,1307,78470.0
2025-01-01 21:48:00,TANK_PRESSURE,295.6318,21,48,0,1,1,2,0,1308,78480.0
2025-01-01 21:48:10,THRUSTER_VALVE_TEMP,20.7658,21,48,10,1,1,2,0,1308,78490.0
2025-01-01 21:48:20,BATT_VOLTAGE_1,27.25,21,48,20,1,1,2,0,1308,78500.0
2025-01-01 21:48:30,BATT_VOLTAGE_2,28.2675,21,48,30,1,1,2,0,1308,78510.0
2025-01-01 21:48:40,BATT_CURRENT_1,3.0894,21,48,40,1,1,2,0,1308,78520.0
2025-01-01 21:48:50,BATT_CURRENT_2,3.2024,21,48,50,1,1,2,0,1308,78530.0
2025-01-01 21:49:00,BATT_TEMP_1,29.1822,21,49,0,1,1,2,0,1309,78540.0
2025-01-01 21:49:10,BATT_TEMP_2,28.8344,21,49,10,1,1,2,0,1309,78550.0
2025-01-01 21:49:20,BATT_SOC,71.5694,21,49,20,1,1,2,0,1309,78560.0
2025-01-01 21:49:30,SOLAR_PANEL_VOLT_A,31.056,21,49,30,1,1,2,0,1309,78570.0
2025-01-01 21:49:40,SOLAR_PANEL_VOLT_B,29.8124,21,49,40,1,1,2,0,1309,78580.0
2025-01-01 21:49:50,SOLAR_PANEL_CURR_A,4.2555,21,49,50,1,1,2,0,1309,78590.0
2025-01-01 21:50:00,SOLAR_PANEL_CURR_B,5.6498,21,50,0,1,1,2,0,1310,78600.0
2025-01-01 21:50:10,SOLAR_POWER_TOTAL,106.3567,21,50,10,1,1,2,0,1310,78610.0
2025-01-01 21:50:20,BUS_VOLTAGE,28.6271,21,50,20,1,1,2,0,1310,78620.0
2025-01-01 21:50:30,BUS_CURRENT,6.7817,21,50,30,1,1,2,0,1310,78630.0
2025-01-01 21:50:40,THRUSTER_TEMP_1,24.2033,21,50,40,1,1,2,0,1310,78640.0
2025-01-01 21:50:50,THRUSTER_TEMP_2,25.2548,21,50,50,1,1,2,0,1310,78650.0
2025-01-01 21:51:00,PAYLOAD_TEMP_CAM,21.8498,21,51,0,1,1,2,0,1311,78660.0
2025-01-01 21:51:10,PAYLOAD_TEMP_SENSOR,24.9363,21,51,10,1,1,2,0,1311,78670.0
2025-01-01 21:51:20,OBC_TEMP,40.7919,21,51,20,1,1,2,0,1311,78680.0
2025-01-01 21:51:30,TRANS_TEMP,32.1839,21,51,30,1,1,2,0,1311,78690.0
2025-01-01 21:51:40,STRUCT_TEMP_PANEL_X,19.6045,21,51,40,1,1,2,0,1311,78700.0
2025-01-01 21:51:50,STRUCT_TEMP_PANEL_Y,25.6874,21,51,50,1,1,2,0,1311,78710.0
2025-01-01 21:52:00,STRUCT_TEMP_PANEL_Z,28.1623,21,52,0,1,1,2,0,1312,78720.0
2025-01-01 21:52:10,RADIATOR_TEMP,-6.8902,21,52,10,1,1,2,0,1312,78730.0
2025-01-01 21:52:20,GYRO_X,0.0418,21,52,20,1,1,2,0,1312,78740.0
2025-01-01 21:52:30,GYRO_Y,-0.0012,21,52,30,1,1,2,0,1312,78750.0
2025-01-01 21:52:40,GYRO_Z,0.0107,21,52,40,1,1,2,0,1312,78760.0
2025-01-01 21:52:50,MAGNETOMETER_X,-4.3896,21,52,50,1,1,2,0,1312,78770.0
2025-01-01 21:53:00,MAGNETOMETER_Y,-10.0475,21,53,0,1,1,2,0,1313,78780.0
2025-01-01 21:53:10,MAGNETOMETER_Z,-5.8554,21,53,10,1,1,2,0,1313,78790.0
2025-01-01 21:53:20,REACTION_WHEEL_SPD_X,1126.6054,21,53,20,1,1,2,0,1313,78800.0
2025-01-01 21:53:30,REACTION_WHEEL_SPD_Y,-246.9706,21,53,30,1,1,2,0,1313,78810.0
2025-01-01 21:53:40,REACTION_WHEEL_SPD_Z,1300.2883,21,53,40,1,1,2,0,1313,78820.0
2025-01-01 21:53:50,ATTITUDE_ROLL,1.7708,21,53,50,1,1,2,0,1313,78830.0
2025-01-01 21:54:00,ATTITUDE_PITCH,-1.3354,21,54,0,1,1,2,0,1314,78840.0
2025-01-01 21:54:10,ATTITUDE_YAW,-0.5762,21,54,10,1,1,2,0,1314,78850.0
2025-01-01 21:54:20,STAR_TRACKER_VALID,0.6083,21,54,20,1,1,2,0,1314,78860.0
2025-01-01 21:54:30,SUN_SENSOR_ANGLE,89.9398,21,54,30,1,1,2,0,1314,78870.0
2025-01-01 21:54:40,RF_SIGNAL_STRENGTH,-65.6691,21,54,40,1,1,2,0,1314,78880.0
2025-01-01 21:54:50,RF_NOISE_FLOOR,-88.5558,21,54,50,1,1,2,0,1314,78890.0
2025-01-01 21:55:00,TX_POWER,3.389,21,55,0,1,1,2,0,1315,78900.0
2025-01-01 21:55:10,LINK_MARGIN,10.4719,21,55,10,1,1,2,0,1315,78910.0
2025-01-01 21:55:20,DATA_RATE_KBPS,125.9433,21,55,20,1,1,2,0,1315,78920.0
2025-01-01 21:55:30,PACKET_LOSS_RATE,0.7349,21,55,30,1,1,2,0,1315,78930.0
2025-01-01 21:55:40,CPU_USAGE,46.3577,21,55,40,1,1,2,0,1315,78940.0
2025-01-01 21:55:50,MEMORY_USAGE,53.1508,21,55,50,1,1,2,0,1315,78950.0
2025-01-01 21:56:00,FLASH_WRITE_RATE,2.7208,21,56,0,1,1,2,0,1316,78960.0
2025-01-01 21:56:10,WATCHDOG_COUNTER,29.6294,21,56,10,1,1,2,0,1316,78970.0
2025-01-01 21:56:20,TANK_PRESSURE,298.9439,21,56,20,1,1,2,0,1316,78980.0
2025-01-01 21:56:30,THRUSTER_VALVE_TEMP,19.9247,21,56,30,1,1,2,0,1316,78990.0
2025-01-01 21:56:40,BATT_VOLTAGE_1,28.7703,21,56,40,1,1,2,0,1316,79000.0
2025-01-01 21:56:50,BATT_VOLTAGE_2,28.8468,21,56,50,1,1,2,0,1316,79010.0
2025-01-01 21:57:00,BATT_CURRENT_1,2.9052,21,57,0,1,1,2,0,1317,79020.0
2025-01-01 21:57:10,BATT_CURRENT_2,2.8118,21,57,10,1,1,2,0,1317,79030.0
2025-01-01 21:57:20,BATT_TEMP_1,29.2545,21,57,20,1,1,2,0,1317,79040.0
2025-01-01 21:57:30,BATT_TEMP_2,28.9866,21,57,30,1,1,2,0,1317,79050.0
2025-01-01 21:57:40,BATT_SOC,85.6415,21,57,40,1,1,2,0,1317,79060.0
2025-01-01 21:57:50,SOLAR_PANEL_VOLT_A,32.2169,21,57,50,1,1,2,0,1317,79070.0
2025-01-01 21:58:00,SOLAR_PANEL_VOLT_B,32.2429,21,58,0,1,1,2,0,1318,79080.0
2025-01-01 21:58:10,SOLAR_PANEL_CURR_A,6.873,21,58,10,1,1,2,0,1318,79090.0
2025-01-01 21:58:20,SOLAR_PANEL_CURR_B,5.8506,21,58,20,1,1,2,0,1318,79100.0
2025-01-01 21:58:30,SOLAR_POWER_TOTAL,95.2408,21,58,30,1,1,2,0,1318,79110.0
2025-01-01 21:58:40,BUS_VOLTAGE,28.6654,21,58,40,1,1,2,0,1318,79120.0
2025-01-01 21:58:50,BUS_CURRENT,9.9585,21,58,50,1,1,2,0,1318,79130.0
2025-01-01 21:59:00,THRUSTER_TEMP_1,25.2699,21,59,0,1,1,2,0,1319,79140.0
2025-01-01 21:59:10,THRUSTER_TEMP_2,26.4602,21,59,10,1,1,2,0,1319,79150.0
2025-01-01 21:59:20,PAYLOAD_TEMP_CAM,25.4606,21,59,20,1,1,2,0,1319,79160.0
2025-01-01 21:59:30,PAYLOAD_TEMP_SENSOR,25.2702,21,59,30,1,1,2,0,1319,79170.0
2025-01-01 21:59:40,OBC_TEMP,48.1218,21,59,40,1,1,2,0,1319,79180.0
2025-01-01 21:59:50,TRANS_TEMP,43.1119,21,59,50,1,1,2,0,1319,79190.0
2025-01-01 22:00:00,STRUCT_TEMP_PANEL_X,24.8349,22,0,0,1,1,2,0,1320,79200.0
2025-01-01 22:00:10,STRUCT_TEMP_PANEL_Y,32.6285,22,0,10,1,1,2,0,1320,79210.0
2025-01-01 22:00:20,STRUCT_TEMP_PANEL_Z,25.6973,22,0,20,1,1,2,0,1320,79220.0
2025-01-01 22:00:30,RADIATOR_TEMP,-17.3494,22,0,30,1,1,2,0,1320,79230.0
2025-01-01 22:00:40,GYRO_X,0.0447,22,0,40,1,1,2,0,1320,79240.0
2025-01-01 22:00:50,GYRO_Y,-0.0277,22,0,50,1,1,2,0,1320,79250.0
2025-01-01 22:01:00,GYRO_Z,-0.0343,22,1,0,1,1,2,0,1321,79260.0
2025-01-01 22:01:10,MAGNETOMETER_X,26.1495,22,1,10,1,1,2,0,1321,79270.0
2025-01-01 22:01:20,MAGNETOMETER_Y,-19.711,22,1,20,1,1,2,0,1321,79280.0
2025-01-01 22:01:30,MAGNETOMETER_Z,2.6131,22,1,30,1,1,2,0,1321,79290.0
2025-01-01 22:01:40,REACTION_WHEEL_SPD_X,-198.6524,22,1,40,1,1,2,0,1321,79300.0
2025-01-01 22:01:50,REACTION_WHEEL_SPD_Y,1469.6293,22,1,50,1,1,2,0,1321,79310.0
2025-01-01 22:02:00,REACTION_WHEEL_SPD_Z,1301.9288,22,2,0,1,1,2,0,1322,79320.0
2025-01-01 22:02:10,ATTITUDE_ROLL,1.2293,22,2,10,1,1,2,0,1322,79330.0
2025-01-01 22:02:20,ATTITUDE_PITCH,1.0957,22,2,20,1,1,2,0,1322,79340.0
2025-01-01 22:02:30,ATTITUDE_YAW,0.1784,22,2,30,1,1,2,0,1322,79350.0
2025-01-01 22:02:40,STAR_TRACKER_VALID,0.2284,22,2,40,1,1,2,0,1322,79360.0
2025-01-01 22:02:50,SUN_SENSOR_ANGLE,106.451,22,2,50,1,1,2,0,1322,79370.0
2025-01-01 22:03:00,RF_SIGNAL_STRENGTH,-60.9851,22,3,0,1,1,2,0,1323,79380.0
2025-01-01 22:03:10,RF_NOISE_FLOOR,-100.0133,22,3,10,1,1,2,0,1323,79390.0
2025-01-01 22:03:20,TX_POWER,2.7111,22,3,20,1,1,2,0,1323,79400.0
2025-01-01 22:03:30,LINK_MARGIN,14.2423,22,3,30,1,1,2,0,1323,79410.0
2025-01-01 22:03:40,DATA_RATE_KBPS,137.286,22,3,40,1,1,2,0,1323,79420.0
2025-01-01 22:03:50,PACKET_LOSS_RATE,1.4992,22,3,50,1,1,2,0,1323,79430.0
2025-01-01 22:04:00,CPU_USAGE,27.693,22,4,0,1,1,2,0,1324,79440.0
2025-01-01 22:04:10,MEMORY_USAGE,42.6106,22,4,10,1,1,2,0,1324,79450.0
2025-01-01 22:04:20,FLASH_WRITE_RATE,2.2049,22,4,20,1,1,2,0,1324,79460.0
2025-01-01 22:04:30,WATCHDOG_COUNTER,43.5722,22,4,30,1,1,2,0,1324,79470.0
2025-01-01 22:04:40,TANK_PRESSURE,300.2666,22,4,40,1,1,2,0,1324,79480.0
2025-01-01 22:04:50,THRUSTER_VALVE_TEMP,13.5593,22,4,50,1,1,2,0,1324,79490.0
2025-01-01 22:05:00,BATT_VOLTAGE_1,27.1204,22,5,0,1,1,2,0,1325,79500.0
2025-01-01 22:05:10,BATT_VOLTAGE_2,27.3894,22,5,10,1,1,2,0,1325,79510.0
2025-01-01 22:05:20,BATT_CURRENT_1,2.5612,22,5,20,1,1,2,0,1325,79520.0
2025-01-01 22:05:30,BATT_CURRENT_2,3.2686,22,5,30,1,1,2,0,1325,79530.0
2025-01-01 22:05:40,BATT_TEMP_1,28.6814,22,5,40,1,1,2,0,1325,79540.0
2025-01-01 22:05:50,BATT_TEMP_2,22.7593,22,5,50,1,1,2,0,1325,79550.0
2025-01-01 22:06:00,BATT_SOC,87.6433,22,6,0,1,1,2,0,1326,79560.0
2025-01-01 22:06:10,SOLAR_PANEL_VOLT_A,32.2967,22,6,10,1,1,2,0,1326,79570.0
2025-01-01 22:06:20,SOLAR_PANEL_VOLT_B,30.9366,22,6,20,1,1,2,0,1326,79580.0
2025-01-01 22:06:30,SOLAR_PANEL_CURR_A,5.5777,22,6,30,1,1,2,0,1326,79590.0
2025-01-01 22:06:40,SOLAR_PANEL_CURR_B,5.4478,22,6,40,1,1,2,0,1326,79600.0
2025-01-01 22:06:50,SOLAR_POWER_TOTAL,118.1849,22,6,50,1,1,2,0,1326,79610.0
2025-01-01 22:07:00,BUS_VOLTAGE,28.2085,22,7,0,1,1,2,0,1327,79620.0
2025-01-01 22:07:10,BUS_CURRENT,8.1766,22,7,10,1,1,2,0,1327,79630.0
2025-01-01 22:07:20,THRUSTER_TEMP_1,25.4908,22,7,20,1,1,2,0,1327,79640.0
2025-01-01 22:07:30,THRUSTER_TEMP_2,22.032,22,7,30,1,1,2,0,1327,79650.0
2025-01-01 22:07:40,PAYLOAD_TEMP_CAM,25.5271,22,7,40,1,1,2,0,1327,79660.0
2025-01-01 22:07:50,PAYLOAD_TEMP_SENSOR,24.2008,22,7,50,1,1,2,0,1327,79670.0
2025-01-01 22:08:00,OBC_TEMP,47.6972,22,8,0,1,1,2,0,1328,79680.0
2025-01-01 22:08:10,TRANS_TEMP,34.1416,22,8,10,1,1,2,0,1328,79690.0
2025-01-01 22:08:20,STRUCT_TEMP_PANEL_X,20.0432,22,8,20,1,1,2,0,1328,79700.0
2025-01-01 22:08:30,STRUCT_TEMP_PANEL_Y,4.5457,22,8,30,1,1,2,0,1328,79710.0
2025-01-01 22:08:40,STRUCT_TEMP_PANEL_Z,17.4483,22,8,40,1,1,2,0,1328,79720.0
2025-01-01 22:08:50,RADIATOR_TEMP,0.3225,22,8,50,1,1,2,0,1328,79730.0
2025-01-01 22:09:00,GYRO_X,0.0426,22,9,0,1,1,2,0,1329,79740.0
2025-01-01 22:09:10,GYRO_Y,0.0111,22,9,10,1,1,2,0,1329,79750.0
2025-01-01 22:09:20,GYRO_Z,0.03,22,9,20,1,1,2,0,1329,79760.0
2025-01-01 22:09:30,MAGNETOMETER_X,-8.7934,22,9,30,1,1,2,0,1329,79770.0
2025-01-01 22:09:40,MAGNETOMETER_Y,22.5567,22,9,40,1,1,2,0,1329,79780.0
2025-01-01 22:09:50,MAGNETOMETER_Z,-0.4918,22,9,50,1,1,2,0,1329,79790.0
2025-01-01 22:10:00,REACTION_WHEEL_SPD_X,1271.5065,22,10,0,1,1,2,0,1330,79800.0
2025-01-01 22:10:10,REACTION_WHEEL_SPD_Y,-1288.8426,22,10,10,1,1,2,0,1330,79810.0
2025-01-01 22:10:20,REACTION_WHEEL_SPD_Z,-1529.9722,22,10,20,1,1,2,0,1330,79820.0
2025-01-01 22:10:30,ATTITUDE_ROLL,-1.4069,22,10,30,1,1,2,0,1330,79830.0
2025-01-01 22:10:40,ATTITUDE_PITCH,-1.4661,22,10,40,1,1,2,0,1330,79840.0
2025-01-01 22:10:50,ATTITUDE_YAW,2.6982,22,10,50,1,1,2,0,1330,79850.0
2025-01-01 22:11:00,STAR_TRACKER_VALID,0.4278,22,11,0,1,1,2,0,1331,79860.0
2025-01-01 22:11:10,SUN_SENSOR_ANGLE,73.0579,22,11,10,1,1,2,0,1331,79870.0
2025-01-01 22:11:20,RF_SIGNAL_STRENGTH,-57.4373,22,11,20,1,1,2,0,1331,79880.0
2025-01-01 22:11:30,RF_NOISE_FLOOR,-87.8506,22,11,30,1,1,2,0,1331,79890.0
2025-01-01 22:11:40,TX_POWER,3.9023,22,11,40,1,1,2,0,1331,79900.0
2025-01-01 22:11:50,LINK_MARGIN,18.0957,22,11,50,1,1,2,0,1331,79910.0
2025-01-01 22:12:00,DATA_RATE_KBPS,165.4077,22,12,0,1,1,2,0,1332,79920.0
2025-01-01 22:12:10,PACKET_LOSS_RATE,1.2774,22,12,10,1,1,2,0,1332,79930.0
2025-01-01 22:12:20,CPU_USAGE,39.2539,22,12,20,1,1,2,0,1332,79940.0
2025-01-01 22:12:30,MEMORY_USAGE,47.0564,22,12,30,1,1,2,0,1332,79950.0
2025-01-01 22:12:40,FLASH_WRITE_RATE,1.7464,22,12,40,1,1,2,0,1332,79960.0
2025-01-01 22:12:50,WATCHDOG_COUNTER,46.9627,22,12,50,1,1,2,0,1332,79970.0
2025-01-01 22:13:00,TANK_PRESSURE,304.7119,22,13,0,1,1,2,0,1333,79980.0
2025-01-01 22:13:10,THRUSTER_VALVE_TEMP,21.1796,22,13,10,1,1,2,0,1333,79990.0
2025-01-01 22:13:20,BATT_VOLTAGE_1,28.7011,22,13,20,1,1,2,0,1333,80000.0
2025-01-01 22:13:30,BATT_VOLTAGE_2,28.2354,22,13,30,1,1,2,0,1333,80010.0
2025-01-01 22:13:40,BATT_CURRENT_1,3.2346,22,13,40,1,1,2,0,1333,80020.0
2025-01-01 22:13:50,BATT_CURRENT_2,2.1965,22,13,50,1,1,2,0,1333,80030.0
2025-01-01 22:14:00,BATT_TEMP_1,23.1986,22,14,0,1,1,2,0,1334,80040.0
2025-01-01 22:14:10,BATT_TEMP_2,24.2148,22,14,10,1,1,2,0,1334,80050.0
2025-01-01 22:14:20,BATT_SOC,70.4433,22,14,20,1,1,2,0,1334,80060.0
2025-01-01 22:14:30,SOLAR_PANEL_VOLT_A,30.2561,22,14,30,1,1,2,0,1334,80070.0
2025-01-01 22:14:40,SOLAR_PANEL_VOLT_B,30.1389,22,14,40,1,1,2,0,1334,80080.0
2025-01-01 22:14:50,SOLAR_PANEL_CURR_A,5.0082,22,14,50,1,1,2,0,1334,80090.0
2025-01-01 22:15:00,SOLAR_PANEL_CURR_B,4.2845,22,15,0,1,1,2,0,1335,80100.0
2025-01-01 22:15:10,SOLAR_POWER_TOTAL,113.0641,22,15,10,1,1,2,0,1335,80110.0
2025-01-01 22:15:20,BUS_VOLTAGE,28.0155,22,15,20,1,1,2,0,1335,80120.0
2025-01-01 22:15:30,BUS_CURRENT,7.5807,22,15,30,1,1,2,0,1335,80130.0
2025-01-01 22:15:40,THRUSTER_TEMP_1,20.1827,22,15,40,1,1,2,0,1335,80140.0
2025-01-01 22:15:50,THRUSTER_TEMP_2,22.9781,22,15,50,1,1,2,0,1335,80150.0
2025-01-01 22:16:00,PAYLOAD_TEMP_CAM,25.8655,22,16,0,1,1,2,0,1336,80160.0
2025-01-01 22:16:10,PAYLOAD_TEMP_SENSOR,21.9914,22,16,10,1,1,2,0,1336,80170.0
2025-01-01 22:16:20,OBC_TEMP,42.2438,22,16,20,1,1,2,0,1336,80180.0
2025-01-01 22:16:30,TRANS_TEMP,43.4598,22,16,30,1,1,2,0,1336,80190.0
2025-01-01 22:16:40,STRUCT_TEMP_PANEL_X,28.4158,22,16,40,1,1,2,0,1336,80200.0
2025-01-01 22:16:50,STRUCT_TEMP_PANEL_Y,28.1796,22,16,50,1,1,2,0,1336,80210.0
2025-01-01 22:17:00,STRUCT_TEMP_PANEL_Z,5.3024,22,17,0,1,1,2,0,1337,80220.0
2025-01-01 22:17:10,RADIATOR_TEMP,-8.7412,22,17,10,1,1,2,0,1337,80230.0
2025-01-01 22:17:20,GYRO_X,0.0312,22,17,20,1,1,2,0,1337,80240.0
2025-01-01 22:17:30,GYRO_Y,0.0373,22,17,30,1,1,2,0,1337,80250.0
2025-01-01 22:17:40,GYRO_Z,-0.0302,22,17,40,1,1,2,0,1337,80260.0
2025-01-01 22:17:50,MAGNETOMETER_X,24.9915,22,17,50,1,1,2,0,1337,80270.0
2025-01-01 22:18:00,MAGNETOMETER_Y,27.6135,22,18,0,1,1,2,0,1338,80280.0
2025-01-01 22:18:10,MAGNETOMETER_Z,6.5063,22,18,10,1,1,2,0,1338,80290.0
2025-01-01 22:18:20,REACTION_WHEEL_SPD_X,1345.3116,22,18,20,1,1,2,0,1338,80300.0
2025-01-01 22:18:30,REACTION_WHEEL_SPD_Y,1468.8791,22,18,30,1,1,2,0,1338,80310.0
2025-01-01 22:18:40,REACTION_WHEEL_SPD_Z,959.5699,22,18,40,1,1,2,0,1338,80320.0
2025-01-01 22:18:50,ATTITUDE_ROLL,0.1204,22,18,50,1,1,2,0,1338,80330.0
2025-01-01 22:19:00,ATTITUDE_PITCH,1.3599,22,19,0,1,1,2,0,1339,80340.0
2025-01-01 22:19:10,ATTITUDE_YAW,2.5179,22,19,10,1,1,2,0,1339,80350.0
2025-01-01 22:19:20,STAR_TRACKER_VALID,0.3555,22,19,20,1,1,2,0,1339,80360.0
2025-01-01 22:19:30,SUN_SENSOR_ANGLE,72.5399,22,19,30,1,1,2,0,1339,80370.0
2025-01-01 22:19:40,RF_SIGNAL_STRENGTH,-71.7716,22,19,40,1,1,2,0,1339,80380.0
2025-01-01 22:19:50,RF_NOISE_FLOOR,-88.2596,22,19,50,1,1,2,0,1339,80390.0
2025-01-01 22:20:00,TX_POWER,3.3191,22,20,0,1,1,2,0,1340,80400.0
2025-01-01 22:20:10,LINK_MARGIN,14.7998,22,20,10,1,1,2,0,1340,80410.0
2025-01-01 22:20:20,DATA_RATE_KBPS,121.0716,22,20,20,1,1,2,0,1340,80420.0
2025-01-01 22:20:30,PACKET_LOSS_RATE,0.826,22,20,30,1,1,2,0,1340,80430.0
2025-01-01 22:20:40,CPU_USAGE,46.43,22,20,40,1,1,2,0,1340,80440.0
2025-01-01 22:20:50,MEMORY_USAGE,60.5216,22,20,50,1,1,2,0,1340,80450.0
2025-01-01 22:21:00,FLASH_WRITE_RATE,3.5162,22,21,0,1,1,2,0,1341,80460.0
2025-01-01 22:21:10,WATCHDOG_COUNTER,40.1149,22,21,10,1,1,2,0,1341,80470.0
2025-01-01 22:21:20,TANK_PRESSURE,307.797,22,21,20,1,1,2,0,1341,80480.0
2025-01-01 22:21:30,THRUSTER_VALVE_TEMP,19.1934,22,21,30,1,1,2,0,1341,80490.0
2025-01-01 22:21:40,BATT_VOLTAGE_1,27.701,22,21,40,1,1,2,0,1341,80500.0
2025-01-01 22:21:50,BATT_VOLTAGE_2,28.5872,22,21,50,1,1,2,0,1341,80510.0
2025-01-01 22:22:00,BATT_CURRENT_1,3.1357,22,22,0,1,1,2,0,1342,80520.0
2025-01-01 22:22:10,BATT_CURRENT_2,2.698,22,22,10,1,1,2,0,1342,80530.0
2025-01-01 22:22:20,BATT_TEMP_1,29.3267,22,22,20,1,1,2,0,1342,80540.0
2025-01-01 22:22:30,BATT_TEMP_2,29.5285,22,22,30,1,1,2,0,1342,80550.0
2025-01-01 22:22:40,BATT_SOC,84.2686,22,22,40,1,1,2,0,1342,80560.0
2025-01-01 22:22:50,SOLAR_PANEL_VOLT_A,32.5582,22,22,50,1,1,2,0,1342,80570.0
2025-01-01 22:23:00,SOLAR_PANEL_VOLT_B,32.2472,22,23,0,1,1,2,0,1343,80580.0
2025-01-01 22:23:10,SOLAR_PANEL_CURR_A,6.5668,22,23,10,1,1,2,0,1343,80590.0
2025-01-01 22:23:20,SOLAR_PANEL_CURR_B,6.4688,22,23,20,1,1,2,0,1343,80600.0
2025-01-01 22:23:30,SOLAR_POWER_TOTAL,110.1756,22,23,30,1,1,2,0,1343,80610.0
2025-01-01 22:23:40,BUS_VOLTAGE,28.0522,22,23,40,1,1,2,0,1343,80620.0
2025-01-01 22:23:50,BUS_CURRENT,7.5157,22,23,50,1,1,2,0,1343,80630.0
2025-01-01 22:24:00,THRUSTER_TEMP_1,21.0595,22,24,0,1,1,2,0,1344,80640.0
2025-01-01 22:24:10,THRUSTER_TEMP_2,25.4638,22,24,10,1,1,2,0,1344,80650.0
2025-01-01 22:24:20,PAYLOAD_TEMP_CAM,25.189,22,24,20,1,1,2,0,1344,80660.0
2025-01-01 22:24:30,PAYLOAD_TEMP_SENSOR,26.0149,22,24,30,1,1,2,0,1344,80670.0
2025-01-01 22:24:40,OBC_TEMP,40.9092,22,24,40,1,1,2,0,1344,80680.0
2025-01-01 22:24:50,TRANS_TEMP,43.0491,22,24,50,1,1,2,0,1344,80690.0
2025-01-01 22:25:00,STRUCT_TEMP_PANEL_X,1.73,22,25,0,1,1,2,0,1345,80700.0
2025-01-01 22:25:10,STRUCT_TEMP_PANEL_Y,35.4106,22,25,10,1,1,2,0,1345,80710.0
2025-01-01 22:25:20,STRUCT_TEMP_PANEL_Z,24.5565,22,25,20,1,1,2,0,1345,80720.0
2025-01-01 22:25:30,RADIATOR_TEMP,0.5753,22,25,30,1,1,2,0,1345,80730.0
2025-01-01 22:25:40,GYRO_X,-0.0258,22,25,40,1,1,2,0,1345,80740.0
2025-01-01 22:25:50,GYRO_Y,0.0246,22,25,50,1,1,2,0,1345,80750.0
2025-01-01 22:26:00,GYRO_Z,0.0056,22,26,0,1,1,2,0,1346,80760.0
2025-01-01 22:26:10,MAGNETOMETER_X,-29.9867,22,26,10,1,1,2,0,1346,80770.0
2025-01-01 22:26:20,MAGNETOMETER_Y,30.1571,22,26,20,1,1,2,0,1346,80780.0
2025-01-01 22:26:30,MAGNETOMETER_Z,18.2157,22,26,30,1,1,2,0,1346,80790.0
2025-01-01 22:26:40,REACTION_WHEEL_SPD_X,-1394.0578,22,26,40,1,1,2,0,1346,80800.0
2025-01-01 22:26:50,REACTION_WHEEL_SPD_Y,1242.122,22,26,50,1,1,2,0,1346,80810.0
2025-01-01 22:27:00,REACTION_WHEEL_SPD_Z,471.6101,22,27,0,1,1,2,0,1347,80820.0
2025-01-01 22:27:10,ATTITUDE_ROLL,1.5068,22,27,10,1,1,2,0,1347,80830.0
2025-01-01 22:27:20,ATTITUDE_PITCH,1.2993,22,27,20,1,1,2,0,1347,80840.0
2025-01-01 22:27:30,ATTITUDE_YAW,-1.8099,22,27,30,1,1,2,0,1347,80850.0
2025-01-01 22:27:40,STAR_TRACKER_VALID,0.6141,22,27,40,1,1,2,0,1347,80860.0
2025-01-01 22:27:50,SUN_SENSOR_ANGLE,96.6619,22,27,50,1,1,2,0,1347,80870.0
2025-01-01 22:28:00,RF_SIGNAL_STRENGTH,-61.0159,22,28,0,1,1,2,0,1348,80880.0
2025-01-01 22:28:10,RF_NOISE_FLOOR,-102.0216,22,28,10,1,1,2,0,1348,80890.0
2025-01-01 22:28:20,TX_POWER,4.107,22,28,20,1,1,2,0,1348,80900.0
2025-01-01 22:28:30,LINK_MARGIN,11.0853,22,28,30,1,1,2,0,1348,80910.0
2025-01-01 22:28:40,DATA_RATE_KBPS,117.7291,22,28,40,1,1,2,0,1348,80920.0
2025-01-01 22:28:50,PACKET_LOSS_RATE,1.6503,22,28,50,1,1,2,0,1348,80930.0
2025-01-01 22:29:00,CPU_USAGE,38.3495,22,29,0,1,1,2,0,1349,80940.0
2025-01-01 22:29:10,MEMORY_USAGE,43.13,22,29,10,1,1,2,0,1349,80950.0
2025-01-01 22:29:20,FLASH_WRITE_RATE,2.0287,22,29,20,1,1,2,0,1349,80960.0
2025-01-01 22:29:30,WATCHDOG_COUNTER,54.3916,22,29,30,1,1,2,0,1349,80970.0
2025-01-01 22:29:40,TANK_PRESSURE,296.6405,22,29,40,1,1,2,0,1349,80980.0
2025-01-01 22:29:50,THRUSTER_VALVE_TEMP,14.766,22,29,50,1,1,2,0,1349,80990.0
2025-01-01 22:30:00,BATT_VOLTAGE_1,28.6829,22,30,0,1,1,2,0,1350,81000.0
2025-01-01 22:30:10,BATT_VOLTAGE_2,28.5036,22,30,10,1,1,2,0,1350,81010.0
2025-01-01 22:30:20,BATT_CURRENT_1,2.5767,22,30,20,1,1,2,0,1350,81020.0
2025-01-01 22:30:30,BATT_CURRENT_2,3.2298,22,30,30,1,1,2,0,1350,81030.0
2025-01-01 22:30:40,BATT_TEMP_1,28.132,22,30,40,1,1,2,0,1350,81040.0
2025-01-01 22:30:50,BATT_TEMP_2,29.1142,22,30,50,1,1,2,0,1350,81050.0
2025-01-01 22:31:00,BATT_SOC,85.1727,22,31,0,1,1,2,0,1351,81060.0
2025-01-01 22:31:10,SOLAR_PANEL_VOLT_A,30.1774,22,31,10,1,1,2,0,1351,81070.0
2025-01-01 22:31:20,SOLAR_PANEL_VOLT_B,31.5822,22,31,20,1,1,2,0,1351,81080.0
2025-01-01 22:31:30,SOLAR_PANEL_CURR_A,5.9511,22,31,30,1,1,2,0,1351,81090.0
2025-01-01 22:31:40,SOLAR_PANEL_CURR_B,7.0773,22,31,40,1,1,2,0,1351,81100.0
2025-01-01 22:31:50,SOLAR_POWER_TOTAL,104.3686,22,31,50,1,1,2,0,1351,81110.0
2025-01-01 22:32:00,BUS_VOLTAGE,28.6804,22,32,0,1,1,2,0,1352,81120.0
2025-01-01 22:32:10,BUS_CURRENT,10.5277,22,32,10,1,1,2,0,1352,81130.0
2025-01-01 22:32:20,THRUSTER_TEMP_1,26.3964,22,32,20,1,1,2,0,1352,81140.0
2025-01-01 22:32:30,THRUSTER_TEMP_2,24.4715,22,32,30,1,1,2,0,1352,81150.0
2025-01-01 22:32:40,PAYLOAD_TEMP_CAM,21.9941,22,32,40,1,1,2,0,1352,81160.0
2025-01-01 22:32:50,PAYLOAD_TEMP_SENSOR,23.3081,22,32,50,1,1,2,0,1352,81170.0
2025-01-01 22:33:00,OBC_TEMP,48.777,22,33,0,1,1,2,0,1353,81180.0
2025-01-01 22:33:10,TRANS_TEMP,41.0145,22,33,10,1,1,2,0,1353,81190.0
2025-01-01 22:33:20,STRUCT_TEMP_PANEL_X,27.3541,22,33,20,1,1,2,0,1353,81200.0
2025-01-01 22:33:30,STRUCT_TEMP_PANEL_Y,17.9527,22,33,30,1,1,2,0,1353,81210.0
2025-01-01 22:33:40,STRUCT_TEMP_PANEL_Z,37.6569,22,33,40,1,1,2,0,1353,81220.0
2025-01-01 22:33:50,RADIATOR_TEMP,-2.5846,22,33,50,1,1,2,0,1353,81230.0
2025-01-01 22:34:00,GYRO_X,0.0151,22,34,0,1,1,2,0,1354,81240.0
2025-01-01 22:34:10,GYRO_Y,0.005,22,34,10,1,1,2,0,1354,81250.0
2025-01-01 22:34:20,GYRO_Z,0.0264,22,34,20,1,1,2,0,1354,81260.0
2025-01-01 22:34:30,MAGNETOMETER_X,29.4271,22,34,30,1,1,2,0,1354,81270.0
2025-01-01 22:34:40,MAGNETOMETER_Y,36.5145,22,34,40,1,1,2,0,1354,81280.0
2025-01-01 22:34:50,MAGNETOMETER_Z,-1.9859,22,34,50,1,1,2,0,1354,81290.0
2025-01-01 22:35:00,REACTION_WHEEL_SPD_X,-779.9994,22,35,0,1,1,2,0,1355,81300.0
2025-01-01 22:35:10,REACTION_WHEEL_SPD_Y,-247.0082,22,35,10,1,1,2,0,1355,81310.0
2025-01-01 22:35:20,REACTION_WHEEL_SPD_Z,382.7482,22,35,20,1,1,2,0,1355,81320.0
2025-01-01 22:35:30,ATTITUDE_ROLL,1.5494,22,35,30,1,1,2,0,1355,81330.0
2025-01-01 22:35:40,ATTITUDE_PITCH,-0.6367,22,35,40,1,1,2,0,1355,81340.0
2025-01-01 22:35:50,ATTITUDE_YAW,1.4675,22,35,50,1,1,2,0,1355,81350.0
2025-01-01 22:36:00,STAR_TRACKER_VALID,0.2759,22,36,0,1,1,2,0,1356,81360.0
2025-01-01 22:36:10,SUN_SENSOR_ANGLE,73.3882,22,36,10,1,1,2,0,1356,81370.0
2025-01-01 22:36:20,RF_SIGNAL_STRENGTH,-58.2211,22,36,20,1,1,2,0,1356,81380.0
2025-01-01 22:36:30,RF_NOISE_FLOOR,-87.4694,22,36,30,1,1,2,0,1356,81390.0
2025-01-01 22:36:40,TX_POWER,2.8937,22,36,40,1,1,2,0,1356,81400.0
2025-01-01 22:36:50,LINK_MARGIN,20.3719,22,36,50,1,1,2,0,1356,81410.0
2025-01-01 22:37:00,DATA_RATE_KBPS,130.1979,22,37,0,1,1,2,0,1357,81420.0
2025-01-01 22:37:10,PACKET_LOSS_RATE,1.4982,22,37,10,1,1,2,0,1357,81430.0
2025-01-01 22:37:20,CPU_USAGE,40.8192,22,37,20,1,1,2,0,1357,81440.0
2025-01-01 22:37:30,MEMORY_USAGE,42.6305,22,37,30,1,1,2,0,1357,81450.0
2025-01-01 22:37:40,FLASH_WRITE_RATE,3.7535,22,37,40,1,1,2,0,1357,81460.0
2025-01-01 22:37:50,WATCHDOG_COUNTER,63.9104,22,37,50,1,1,2,0,1357,81470.0
2025-01-01 22:38:00,TANK_PRESSURE,302.4524,22,38,0,1,1,2,0,1358,81480.0
2025-01-01 22:38:10,THRUSTER_VALVE_TEMP,21.6811,22,38,10,1,1,2,0,1358,81490.0
2025-01-01 22:38:20,BATT_VOLTAGE_1,28.6198,22,38,20,1,1,2,0,1358,81500.0
2025-01-01 22:38:30,BATT_VOLTAGE_2,28.047,22,38,30,1,1,2,0,1358,81510.0
2025-01-01 22:38:40,BATT_CURRENT_1,2.0427,22,38,40,1,1,2,0,1358,81520.0
2025-01-01 22:38:50,BATT_CURRENT_2,3.2653,22,38,50,1,1,2,0,1358,81530.0
2025-01-01 22:39:00,BATT_TEMP_1,27.928,22,39,0,1,1,2,0,1359,81540.0
2025-01-01 22:39:10,BATT_TEMP_2,24.4034,22,39,10,1,1,2,0,1359,81550.0
2025-01-01 22:39:20,BATT_SOC,72.1355,22,39,20,1,1,2,0,1359,81560.0
2025-01-01 22:39:30,SOLAR_PANEL_VOLT_A,32.4193,22,39,30,1,1,2,0,1359,81570.0
2025-01-01 22:39:40,SOLAR_PANEL_VOLT_B,32.0109,22,39,40,1,1,2,0,1359,81580.0
2025-01-01 22:39:50,SOLAR_PANEL_CURR_A,5.2666,22,39,50,1,1,2,0,1359,81590.0
2025-01-01 22:40:00,SOLAR_PANEL_CURR_B,5.1802,22,40,0,1,1,2,0,1360,81600.0
2025-01-01 22:40:10,SOLAR_POWER_TOTAL,118.0942,22,40,10,1,1,2,0,1360,81610.0
2025-01-01 22:40:20,BUS_VOLTAGE,29.0196,22,40,20,1,1,2,0,1360,81620.0
2025-01-01 22:40:30,BUS_CURRENT,9.682,22,40,30,1,1,2,0,1360,81630.0
2025-01-01 22:40:40,THRUSTER_TEMP_1,25.743,22,40,40,1,1,2,0,1360,81640.0
2025-01-01 22:40:50,THRUSTER_TEMP_2,20.7802,22,40,50,1,1,2,0,1360,81650.0
2025-01-01 22:41:00,PAYLOAD_TEMP_CAM,23.2591,22,41,0,1,1,2,0,1361,81660.0
2025-01-01 22:41:10,PAYLOAD_TEMP_SENSOR,25.7862,22,41,10,1,1,2,0,1361,81670.0
2025-01-01 22:41:20,OBC_TEMP,36.4294,22,41,20,1,1,2,0,1361,81680.0
2025-01-01 22:41:30,TRANS_TEMP,39.627,22,41,30,1,1,2,0,1361,81690.0
2025-01-01 22:41:40,STRUCT_TEMP_PANEL_X,5.6337,22,41,40,1,1,2,0,1361,81700.0
2025-01-01 22:41:50,STRUCT_TEMP_PANEL_Y,33.8617,22,41,50,1,1,2,0,1361,81710.0
2025-01-01 22:42:00,STRUCT_TEMP_PANEL_Z,36.8695,22,42,0,1,1,2,0,1362,81720.0
2025-01-01 22:42:10,RADIATOR_TEMP,-14.6593,22,42,10,1,1,2,0,1362,81730.0
2025-01-01 22:42:20,GYRO_X,0.0362,22,42,20,1,1,2,0,1362,81740.0
2025-01-01 22:42:30,GYRO_Y,0.0243,22,42,30,1,1,2,0,1362,81750.0
2025-01-01 22:42:40,GYRO_Z,0.0144,22,42,40,1,1,2,0,1362,81760.0
2025-01-01 22:42:50,MAGNETOMETER_X,-9.6169,22,42,50,1,1,2,0,1362,81770.0
2025-01-01 22:43:00,MAGNETOMETER_Y,15.9905,22,43,0,1,1,2,0,1363,81780.0
2025-01-01 22:43:10,MAGNETOMETER_Z,21.0269,22,43,10,1,1,2,0,1363,81790.0
2025-01-01 22:43:20,REACTION_WHEEL_SPD_X,1304.365,22,43,20,1,1,2,0,1363,81800.0
2025-01-01 22:43:30,REACTION_WHEEL_SPD_Y,-611.1694,22,43,30,1,1,2,0,1363,81810.0
2025-01-01 22:43:40,REACTION_WHEEL_SPD_Z,1507.7742,22,43,40,1,1,2,0,1363,81820.0
2025-01-01 22:43:50,ATTITUDE_ROLL,-0.2246,22,43,50,1,1,2,0,1363,81830.0
2025-01-01 22:44:00,ATTITUDE_PITCH,1.1522,22,44,0,1,1,2,0,1364,81840.0
2025-01-01 22:44:10,ATTITUDE_YAW,1.8082,22,44,10,1,1,2,0,1364,81850.0
2025-01-01 22:44:20,STAR_TRACKER_VALID,0.7366,22,44,20,1,1,2,0,1364,81860.0
2025-01-01 22:44:30,SUN_SENSOR_ANGLE,134.265,22,44,30,1,1,2,0,1364,81870.0
2025-01-01 22:44:40,RF_SIGNAL_STRENGTH,-55.0956,22,44,40,1,1,2,0,1364,81880.0
2025-01-01 22:44:50,RF_NOISE_FLOOR,-92.8534,22,44,50,1,1,2,0,1364,81890.0
2025-01-01 22:45:00,TX_POWER,3.7321,22,45,0,1,1,2,0,1365,81900.0
2025-01-01 22:45:10,LINK_MARGIN,17.1565,22,45,10,1,1,2,0,1365,81910.0
2025-01-01 22:45:20,DATA_RATE_KBPS,94.6641,22,45,20,1,1,2,0,1365,81920.0
2025-01-01 22:45:30,PACKET_LOSS_RATE,0.9449,22,45,30,1,1,2,0,1365,81930.0
2025-01-01 22:45:40,CPU_USAGE,48.3127,22,45,40,1,1,2,0,1365,81940.0
2025-01-01 22:45:50,MEMORY_USAGE,61.9547,22,45,50,1,1,2,0,1365,81950.0
2025-01-01 22:46:00,FLASH_WRITE_RATE,3.8565,22,46,0,1,1,2,0,1366,81960.0
2025-01-01 22:46:10,WATCHDOG_COUNTER,79.5024,22,46,10,1,1,2,0,1366,81970.0
2025-01-01 22:46:20,TANK_PRESSURE,294.7267,22,46,20,1,1,2,0,1366,81980.0
2025-01-01 22:46:30,THRUSTER_VALVE_TEMP,19.7537,22,46,30,1,1,2,0,1366,81990.0
2025-01-01 22:46:40,BATT_VOLTAGE_1,27.7624,22,46,40,1,1,2,0,1366,82000.0
2025-01-01 22:46:50,BATT_VOLTAGE_2,28.7785,22,46,50,1,1,2,0,1366,82010.0
2025-01-01 22:47:00,BATT_CURRENT_1,3.1908,22,47,0,1,1,2,0,1367,82020.0
2025-01-01 22:47:10,BATT_CURRENT_2,3.2183,22,47,10,1,1,2,0,1367,82030.0
2025-01-01 22:47:20,BATT_TEMP_1,26.1702,22,47,20,1,1,2,0,1367,82040.0
2025-01-01 22:47:30,BATT_TEMP_2,27.6214,22,47,30,1,1,2,0,1367,82050.0
2025-01-01 22:47:40,BATT_SOC,89.6622,22,47,40,1,1,2,0,1367,82060.0
2025-01-01 22:47:50,SOLAR_PANEL_VOLT_A,32.5545,22,47,50,1,1,2,0,1367,82070.0
2025-01-01 22:48:00,SOLAR_PANEL_VOLT_B,30.3757,22,48,0,1,1,2,0,1368,82080.0
2025-01-01 22:48:10,SOLAR_PANEL_CURR_A,4.8641,22,48,10,1,1,2,0,1368,82090.0
2025-01-01 22:48:20,SOLAR_PANEL_CURR_B,4.6942,22,48,20,1,1,2,0,1368,82100.0
2025-01-01 22:48:30,SOLAR_POWER_TOTAL,96.04,22,48,30,1,1,2,0,1368,82110.0
2025-01-01 22:48:40,BUS_VOLTAGE,28.7278,22,48,40,1,1,2,0,1368,82120.0
2025-01-01 22:48:50,BUS_CURRENT,9.4802,22,48,50,1,1,2,0,1368,82130.0
2025-01-01 22:49:00,THRUSTER_TEMP_1,23.9545,22,49,0,1,1,2,0,1369,82140.0
2025-01-01 22:49:10,THRUSTER_TEMP_2,23.7447,22,49,10,1,1,2,0,1369,82150.0
2025-01-01 22:49:20,PAYLOAD_TEMP_CAM,25.023,22,49,20,1,1,2,0,1369,82160.0
2025-01-01 22:49:30,PAYLOAD_TEMP_SENSOR,25.0082,22,49,30,1,1,2,0,1369,82170.0
2025-01-01 22:49:40,OBC_TEMP,42.117,22,49,40,1,1,2,0,1369,82180.0
2025-01-01 22:49:50,TRANS_TEMP,43.9357,22,49,50,1,1,2,0,1369,82190.0
2025-01-01 22:50:00,STRUCT_TEMP_PANEL_X,3.7989,22,50,0,1,1,2,0,1370,82200.0
2025-01-01 22:50:10,STRUCT_TEMP_PANEL_Y,32.1339,22,50,10,1,1,2,0,1370,82210.0
2025-01-01 22:50:20,STRUCT_TEMP_PANEL_Z,37.1933,22,50,20,1,1,2,0,1370,82220.0
2025-01-01 22:50:30,RADIATOR_TEMP,-1.4219,22,50,30,1,1,2,0,1370,82230.0
2025-01-01 22:50:40,GYRO_X,0.0395,22,50,40,1,1,2,0,1370,82240.0
2025-01-01 22:50:50,GYRO_Y,-0.0234,22,50,50,1,1,2,0,1370,82250.0
2025-01-01 22:51:00,GYRO_Z,-0.0136,22,51,0,1,1,2,0,1371,82260.0
2025-01-01 22:51:10,MAGNETOMETER_X,12.6478,22,51,10,1,1,2,0,1371,82270.0
2025-01-01 22:51:20,MAGNETOMETER_Y,31.5291,22,51,20,1,1,2,0,1371,82280.0
2025-01-01 22:51:30,MAGNETOMETER_Z,33.9782,22,51,30,1,1,2,0,1371,82290.0
2025-01-01 22:51:40,REACTION_WHEEL_SPD_X,636.5976,22,51,40,1,1,2,0,1371,82300.0
2025-01-01 22:51:50,REACTION_WHEEL_SPD_Y,-121.9072,22,51,50,1,1,2,0,1371,82310.0
2025-01-01 22:52:00,REACTION_WHEEL_SPD_Z,1488.7094,22,52,0,1,1,2,0,1372,82320.0
2025-01-01 22:52:10,ATTITUDE_ROLL,-0.7022,22,52,10,1,1,2,0,1372,82330.0
2025-01-01 22:52:20,ATTITUDE_PITCH,0.9831,22,52,20,1,1,2,0,1372,82340.0
2025-01-01 22:52:30,ATTITUDE_YAW,2.2127,22,52,30,1,1,2,0,1372,82350.0
2025-01-01 22:52:40,STAR_TRACKER_VALID,0.225,22,52,40,1,1,2,0,1372,82360.0
2025-01-01 22:52:50,SUN_SENSOR_ANGLE,64.7995,22,52,50,1,1,2,0,1372,82370.0
2025-01-01 22:53:00,RF_SIGNAL_STRENGTH,-56.4036,22,53,0,1,1,2,0,1373,82380.0
2025-01-01 22:53:10,RF_NOISE_FLOOR,-97.6315,22,53,10,1,1,2,0,1373,82390.0
2025-01-01 22:53:20,TX_POWER,3.607,22,53,20,1,1,2,0,1373,82400.0
2025-01-01 22:53:30,LINK_MARGIN,13.4653,22,53,30,1,1,2,0,1373,82410.0
2025-01-01 22:53:40,DATA_RATE_KBPS,165.5844,22,53,40,1,1,2,0,1373,82420.0
2025-01-01 22:53:50,PACKET_LOSS_RATE,1.079,22,53,50,1,1,2,0,1373,82430.0
2025-01-01 22:54:00,CPU_USAGE,46.7471,22,54,0,1,1,2,0,1374,82440.0
2025-01-01 22:54:10,MEMORY_USAGE,65.5236,22,54,10,1,1,2,0,1374,82450.0
2025-01-01 22:54:20,FLASH_WRITE_RATE,3.3301,22,54,20,1,1,2,0,1374,82460.0
2025-01-01 22:54:30,WATCHDOG_COUNTER,76.3814,22,54,30,1,1,2,0,1374,82470.0
2025-01-01 22:54:40,TANK_PRESSURE,296.6685,22,54,40,1,1,2,0,1374,82480.0
2025-01-01 22:54:50,THRUSTER_VALVE_TEMP,21.5894,22,54,50,1,1,2,0,1374,82490.0
2025-01-01 22:55:00,BATT_VOLTAGE_1,28.3437,22,55,0,1,1,2,0,1375,82500.0
2025-01-01 22:55:10,BATT_VOLTAGE_2,28.6468,22,55,10,1,1,2,0,1375,82510.0
2025-01-01 22:55:20,BATT_CURRENT_1,2.2863,22,55,20,1,1,2,0,1375,82520.0
2025-01-01 22:55:30,BATT_CURRENT_2,3.064,22,55,30,1,1,2,0,1375,82530.0
2025-01-01 22:55:40,BATT_TEMP_1,31.0697,22,55,40,1,1,2,0,1375,82540.0
2025-01-01 22:55:50,BATT_TEMP_2,30.539,22,55,50,1,1,2,0,1375,82550.0
2025-01-01 22:56:00,BATT_SOC,89.9855,22,56,0,1,1,2,0,1376,82560.0
2025-01-01 22:56:10,SOLAR_PANEL_VOLT_A,32.5991,22,56,10,1,1,2,0,1376,82570.0
2025-01-01 22:56:20,SOLAR_PANEL_VOLT_B,30.9962,22,56,20,1,1,2,0,1376,82580.0
2025-01-01 22:56:30,SOLAR_PANEL_CURR_A,6.6469,22,56,30,1,1,2,0,1376,82590.0
2025-01-01 22:56:40,SOLAR_PANEL_CURR_B,6.7239,22,56,40,1,1,2,0,1376,82600.0
2025-01-01 22:56:50,SOLAR_POWER_TOTAL,119.0774,22,56,50,1,1,2,0,1376,82610.0
2025-01-01 22:57:00,BUS_VOLTAGE,28.3513,22,57,0,1,1,2,0,1377,82620.0
2025-01-01 22:57:10,BUS_CURRENT,6.998,22,57,10,1,1,2,0,1377,82630.0
2025-01-01 22:57:20,THRUSTER_TEMP_1,21.3132,22,57,20,1,1,2,0,1377,82640.0
2025-01-01 22:57:30,THRUSTER_TEMP_2,19.6645,22,57,30,1,1,2,0,1377,82650.0
2025-01-01 22:57:40,PAYLOAD_TEMP_CAM,25.1859,22,57,40,1,1,2,0,1377,82660.0
2025-01-01 22:57:50,PAYLOAD_TEMP_SENSOR,24.7803,22,57,50,1,1,2,0,1377,82670.0
2025-01-01 22:58:00,OBC_TEMP,49.3872,22,58,0,1,1,2,0,1378,82680.0
2025-01-01 22:58:10,TRANS_TEMP,44.6011,22,58,10,1,1,2,0,1378,82690.0
2025-01-01 22:58:20,STRUCT_TEMP_PANEL_X,36.8683,22,58,20,1,1,2,0,1378,82700.0
2025-01-01 22:58:30,STRUCT_TEMP_PANEL_Y,29.126,22,58,30,1,1,2,0,1378,82710.0
2025-01-01 22:58:40,STRUCT_TEMP_PANEL_Z,17.0754,22,58,40,1,1,2,0,1378,82720.0
2025-01-01 22:58:50,RADIATOR_TEMP,1.4663,22,58,50,1,1,2,0,1378,82730.0
2025-01-01 22:59:00,GYRO_X,-0.0291,22,59,0,1,1,2,0,1379,82740.0
2025-01-01 22:59:10,GYRO_Y,-0.0126,22,59,10,1,1,2,0,1379,82750.0
2025-01-01 22:59:20,GYRO_Z,0.0507,22,59,20,1,1,2,0,1379,82760.0
2025-01-01 22:59:30,MAGNETOMETER_X,33.98,22,59,30,1,1,2,0,1379,82770.0
2025-01-01 22:59:40,MAGNETOMETER_Y,29.6016,22,59,40,1,1,2,0,1379,82780.0
2025-01-01 22:59:50,MAGNETOMETER_Z,26.4352,22,59,50,1,1,2,0,1379,82790.0
2025-01-01 23:00:00,REACTION_WHEEL_SPD_X,852.9909,23,0,0,1,1,2,0,1380,82800.0
2025-01-01 23:00:10,REACTION_WHEEL_SPD_Y,1252.862,23,0,10,1,1,2,0,1380,82810.0
2025-01-01 23:00:20,REACTION_WHEEL_SPD_Z,-1211.9893,23,0,20,1,1,2,0,1380,82820.0
2025-01-01 23:00:30,ATTITUDE_ROLL,0.8878,23,0,30,1,1,2,0,1380,82830.0
2025-01-01 23:00:40,ATTITUDE_PITCH,-1.0606,23,0,40,1,1,2,0,1380,82840.0
2025-01-01 23:00:50,ATTITUDE_YAW,-1.4385,23,0,50,1,1,2,0,1380,82850.0
2025-01-01 23:01:00,STAR_TRACKER_VALID,0.4017,23,1,0,1,1,2,0,1381,82860.0
2025-01-01 23:01:10,SUN_SENSOR_ANGLE,90.2265,23,1,10,1,1,2,0,1381,82870.0
2025-01-01 23:01:20,RF_SIGNAL_STRENGTH,-53.1966,23,1,20,1,1,2,0,1381,82880.0
2025-01-01 23:01:30,RF_NOISE_FLOOR,-96.7167,23,1,30,1,1,2,0,1381,82890.0
2025-01-01 23:01:40,TX_POWER,3.8541,23,1,40,1,1,2,0,1381,82900.0
2025-01-01 23:01:50,LINK_MARGIN,20.7711,23,1,50,1,1,2,0,1381,82910.0
2025-01-01 23:02:00,DATA_RATE_KBPS,159.0424,23,2,0,1,1,2,0,1382,82920.0
2025-01-01 23:02:10,PACKET_LOSS_RATE,1.1404,23,2,10,1,1,2,0,1382,82930.0
2025-01-01 23:02:20,CPU_USAGE,37.2038,23,2,20,1,1,2,0,1382,82940.0
2025-01-01 23:02:30,MEMORY_USAGE,62.8216,23,2,30,1,1,2,0,1382,82950.0
2025-01-01 23:02:40,FLASH_WRITE_RATE,3.3297,23,2,40,1,1,2,0,1382,82960.0
2025-01-01 23:02:50,WATCHDOG_COUNTER,61.157,23,2,50,1,1,2,0,1382,82970.0
2025-01-01 23:03:00,TANK_PRESSURE,301.8149,23,3,0,1,1,2,0,1383,82980.0
2025-01-01 23:03:10,THRUSTER_VALVE_TEMP,19.0897,23,3,10,1,1,2,0,1383,82990.0
2025-01-01 23:03:20,BATT_VOLTAGE_1,27.5132,23,3,20,1,1,2,0,1383,83000.0
2025-01-01 23:03:30,BATT_VOLTAGE_2,28.7075,23,3,30,1,1,2,0,1383,83010.0
2025-01-01 23:03:40,BATT_CURRENT_1,2.862,23,3,40,1,1,2,0,1383,83020.0
2025-01-01 23:03:50,BATT_CURRENT_2,2.7895,23,3,50,1,1,2,0,1383,83030.0
2025-01-01 23:04:00,BATT_TEMP_1,30.4712,23,4,0,1,1,2,0,1384,83040.0
2025-01-01 23:04:10,BATT_TEMP_2,28.1167,23,4,10,1,1,2,0,1384,83050.0
2025-01-01 23:04:20,BATT_SOC,80.4572,23,4,20,1,1,2,0,1384,83060.0
2025-01-01 23:04:30,SOLAR_PANEL_VOLT_A,32.6517,23,4,30,1,1,2,0,1384,83070.0
2025-01-01 23:04:40,SOLAR_PANEL_VOLT_B,31.5939,23,4,40,1,1,2,0,1384,83080.0
2025-01-01 23:04:50,SOLAR_PANEL_CURR_A,4.4153,23,4,50,1,1,2,0,1384,83090.0
2025-01-01 23:05:00,SOLAR_PANEL_CURR_B,5.4202,23,5,0,1,1,2,0,1385,83100.0
2025-01-01 23:05:10,SOLAR_POWER_TOTAL,109.3144,23,5,10,1,1,2,0,1385,83110.0
2025-01-01 23:05:20,BUS_VOLTAGE,27.9803,23,5,20,1,1,2,0,1385,83120.0
2025-01-01 23:05:30,BUS_CURRENT,10.6831,23,5,30,1,1,2,0,1385,83130.0
2025-01-01 23:05:40,THRUSTER_TEMP_1,23.7564,23,5,40,1,1,2,0,1385,83140.0
2025-01-01 23:05:50,THRUSTER_TEMP_2,26.5706,23,5,50,1,1,2,0,1385,83150.0
2025-01-01 23:06:00,PAYLOAD_TEMP_CAM,26.0983,23,6,0,1,1,2,0,1386,83160.0
2025-01-01 23:06:10,PAYLOAD_TEMP_SENSOR,21.0571,23,6,10,1,1,2,0,1386,83170.0
2025-01-01 23:06:20,OBC_TEMP,43.8476,23,6,20,1,1,2,0,1386,83180.0
2025-01-01 23:06:30,TRANS_TEMP,43.74,23,6,30,1,1,2,0,1386,83190.0
2025-01-01 23:06:40,STRUCT_TEMP_PANEL_X,9.9321,23,6,40,1,1,2,0,1386,83200.0
2025-01-01 23:06:50,STRUCT_TEMP_PANEL_Y,31.359,23,6,50,1,1,2,0,1386,83210.0
2025-01-01 23:07:00,STRUCT_TEMP_PANEL_Z,31.046,23,7,0,1,1,2,0,1387,83220.0
2025-01-01 23:07:10,RADIATOR_TEMP,1.1702,23,7,10,1,1,2,0,1387,83230.0
2025-01-01 23:07:20,GYRO_X,0.0089,23,7,20,1,1,2,0,1387,83240.0
2025-01-01 23:07:30,GYRO_Y,0.0476,23,7,30,1,1,2,0,1387,83250.0
2025-01-01 23:07:40,GYRO_Z,0.035,23,7,40,1,1,2,0,1387,83260.0
2025-01-01 23:07:50,MAGNETOMETER_X,-17.4919,23,7,50,1,1,2,0,1387,83270.0
2025-01-01 23:08:00,MAGNETOMETER_Y,8.1206,23,8,0,1,1,2,0,1388,83280.0
2025-01-01 23:08:10,MAGNETOMETER_Z,6.377,23,8,10,1,1,2,0,1388,83290.0
2025-01-01 23:08:20,REACTION_WHEEL_SPD_X,947.7704,23,8,20,1,1,2,0,1388,83300.0
2025-01-01 23:08:30,REACTION_WHEEL_SPD_Y,1112.6169,23,8,30,1,1,2,0,1388,83310.0
2025-01-01 23:08:40,REACTION_WHEEL_SPD_Z,191.4666,23,8,40,1,1,2,0,1388,83320.0
2025-01-01 23:08:50,ATTITUDE_ROLL,1.5972,23,8,50,1,1,2,0,1388,83330.0
2025-01-01 23:09:00,ATTITUDE_PITCH,-0.2949,23,9,0,1,1,2,0,1389,83340.0
2025-01-01 23:09:10,ATTITUDE_YAW,0.369,23,9,10,1,1,2,0,1389,83350.0
2025-01-01 23:09:20,STAR_TRACKER_VALID,0.7511,23,9,20,1,1,2,0,1389,83360.0
2025-01-01 23:09:30,SUN_SENSOR_ANGLE,67.2092,23,9,30,1,1,2,0,1389,83370.0
2025-01-01 23:09:40,RF_SIGNAL_STRENGTH,-62.3423,23,9,40,1,1,2,0,1389,83380.0
2025-01-01 23:09:50,RF_NOISE_FLOOR,-102.2775,23,9,50,1,1,2,0,1389,83390.0
2025-01-01 23:10:00,TX_POWER,4.1683,23,10,0,1,1,2,0,1390,83400.0
2025-01-01 23:10:10,LINK_MARGIN,11.3032,23,10,10,1,1,2,0,1390,83410.0
2025-01-01 23:10:20,DATA_RATE_KBPS,108.887,23,10,20,1,1,2,0,1390,83420.0
2025-01-01 23:10:30,PACKET_LOSS_RATE,1.383,23,10,30,1,1,2,0,1390,83430.0
2025-01-01 23:10:40,CPU_USAGE,37.3858,23,10,40,1,1,2,0,1390,83440.0
2025-01-01 23:10:50,MEMORY_USAGE,56.1126,23,10,50,1,1,2,0,1390,83450.0
2025-01-01 23:11:00,FLASH_WRITE_RATE,3.5214,23,11,0,1,1,2,0,1391,83460.0
2025-01-01 23:11:10,WATCHDOG_COUNTER,37.7133,23,11,10,1,1,2,0,1391,83470.0
2025-01-01 23:11:20,TANK_PRESSURE,308.447,23,11,20,1,1,2,0,1391,83480.0
2025-01-01 23:11:30,THRUSTER_VALVE_TEMP,15.6936,23,11,30,1,1,2,0,1391,83490.0
2025-01-01 23:11:40,BATT_VOLTAGE_1,27.3175,23,11,40,1,1,2,0,1391,83500.0
2025-01-01 23:11:50,BATT_VOLTAGE_2,27.3691,23,11,50,1,1,2,0,1391,83510.0
2025-01-01 23:12:00,BATT_CURRENT_1,2.0355,23,12,0,1,1,2,0,1392,83520.0
2025-01-01 23:12:10,BATT_CURRENT_2,3.3169,23,12,10,1,1,2,0,1392,83530.0
2025-01-01 23:12:20,BATT_TEMP_1,24.4232,23,12,20,1,1,2,0,1392,83540.0
2025-01-01 23:12:30,BATT_TEMP_2,29.447,23,12,30,1,1,2,0,1392,83550.0
2025-01-01 23:12:40,BATT_SOC,75.3704,23,12,40,1,1,2,0,1392,83560.0
2025-01-01 23:12:50,SOLAR_PANEL_VOLT_A,31.0483,23,12,50,1,1,2,0,1392,83570.0
2025-01-01 23:13:00,SOLAR_PANEL_VOLT_B,31.3795,23,13,0,1,1,2,0,1393,83580.0
2025-01-01 23:13:10,SOLAR_PANEL_CURR_A,6.1952,23,13,10,1,1,2,0,1393,83590.0
2025-01-01 23:13:20,SOLAR_PANEL_CURR_B,6.4912,23,13,20,1,1,2,0,1393,83600.0
2025-01-01 23:13:30,SOLAR_POWER_TOTAL,110.7182,23,13,30,1,1,2,0,1393,83610.0
2025-01-01 23:13:40,BUS_VOLTAGE,28.7392,23,13,40,1,1,2,0,1393,83620.0
2025-01-01 23:13:50,BUS_CURRENT,8.8311,23,13,50,1,1,2,0,1393,83630.0
2025-01-01 23:14:00,THRUSTER_TEMP_1,22.9366,23,14,0,1,1,2,0,1394,83640.0
2025-01-01 23:14:10,THRUSTER_TEMP_2,19.0503,23,14,10,1,1,2,0,1394,83650.0
2025-01-01 23:14:20,PAYLOAD_TEMP_CAM,25.2403,23,14,20,1,1,2,0,1394,83660.0
2025-01-01 23:14:30,PAYLOAD_TEMP_SENSOR,25.4341,23,14,30,1,1,2,0,1394,83670.0
2025-01-01 23:14:40,OBC_TEMP,48.265,23,14,40,1,1,2,0,1394,83680.0
2025-01-01 23:14:50,TRANS_TEMP,44.4478,23,14,50,1,1,2,0,1394,83690.0
2025-01-01 23:15:00,STRUCT_TEMP_PANEL_X,33.1416,23,15,0,1,1,2,0,1395,83700.0
2025-01-01 23:15:10,STRUCT_TEMP_PANEL_Y,13.5494,23,15,10,1,1,2,0,1395,83710.0
2025-01-01 23:15:20,STRUCT_TEMP_PANEL_Z,8.223,23,15,20,1,1,2,0,1395,83720.0
2025-01-01 23:15:30,RADIATOR_TEMP,-18.0862,23,15,30,1,1,2,0,1395,83730.0
2025-01-01 23:15:40,GYRO_X,-0.0317,23,15,40,1,1,2,0,1395,83740.0
2025-01-01 23:15:50,GYRO_Y,0.0131,23,15,50,1,1,2,0,1395,83750.0
2025-01-01 23:16:00,GYRO_Z,0.0164,23,16,0,1,1,2,0,1396,83760.0
2025-01-01 23:16:10,MAGNETOMETER_X,-18.0199,23,16,10,1,1,2,0,1396,83770.0
2025-01-01 23:16:20,MAGNETOMETER_Y,-19.3907,23,16,20,1,1,2,0,1396,83780.0
2025-01-01 23:16:30,MAGNETOMETER_Z,35.1734,23,16,30,1,1,2,0,1396,83790.0
2025-01-01 23:16:40,REACTION_WHEEL_SPD_X,-695.5046,23,16,40,1,1,2,0,1396,83800.0
2025-01-01 23:16:50,REACTION_WHEEL_SPD_Y,1528.9112,23,16,50,1,1,2,0,1396,83810.0
2025-01-01 23:17:00,REACTION_WHEEL_SPD_Z,1400.0315,23,17,0,1,1,2,0,1397,83820.0
2025-01-01 23:17:10,ATTITUDE_ROLL,-0.3914,23,17,10,1,1,2,0,1397,83830.0
2025-01-01 23:17:20,ATTITUDE_PITCH,1.2773,23,17,20,1,1,2,0,1397,83840.0
2025-01-01 23:17:30,ATTITUDE_YAW,1.4571,23,17,30,1,1,2,0,1397,83850.0
2025-01-01 23:17:40,STAR_TRACKER_VALID,0.3678,23,17,40,1,1,2,0,1397,83860.0
2025-01-01 23:17:50,SUN_SENSOR_ANGLE,69.7209,23,17,50,1,1,2,0,1397,83870.0
2025-01-01 23:18:00,RF_SIGNAL_STRENGTH,-58.2407,23,18,0,1,1,2,0,1398,83880.0
2025-01-01 23:18:10,RF_NOISE_FLOOR,-98.2881,23,18,10,1,1,2,0,1398,83890.0
2025-01-01 23:18:20,TX_POWER,3.1029,23,18,20,1,1,2,0,1398,83900.0
2025-01-01 23:18:30,LINK_MARGIN,17.8513,23,18,30,1,1,2,0,1398,83910.0
2025-01-01 23:18:40,DATA_RATE_KBPS,139.595,23,18,40,1,1,2,0,1398,83920.0
2025-01-01 23:18:50,PACKET_LOSS_RATE,1.1126,23,18,50,1,1,2,0,1398,83930.0
2025-01-01 23:19:00,CPU_USAGE,33.6878,23,19,0,1,1,2,0,1399,83940.0
2025-01-01 23:19:10,MEMORY_USAGE,61.3963,23,19,10,1,1,2,0,1399,83950.0
2025-01-01 23:19:20,FLASH_WRITE_RATE,2.0104,23,19,20,1,1,2,0,1399,83960.0
2025-01-01 23:19:30,WATCHDOG_COUNTER,60.1682,23,19,30,1,1,2,0,1399,83970.0
2025-01-01 23:19:40,TANK_PRESSURE,307.0964,23,19,40,1,1,2,0,1399,83980.0
2025-01-01 23:19:50,THRUSTER_VALVE_TEMP,20.1753,23,19,50,1,1,2,0,1399,83990.0
2025-01-01 23:20:00,BATT_VOLTAGE_1,27.96,23,20,0,1,1,2,0,1400,84000.0
2025-01-01 23:20:10,BATT_VOLTAGE_2,28.7184,23,20,10,1,1,2,0,1400,84010.0
2025-01-01 23:20:20,BATT_CURRENT_1,2.5137,23,20,20,1,1,2,0,1400,84020.0
2025-01-01 23:20:30,BATT_CURRENT_2,3.151,23,20,30,1,1,2,0,1400,84030.0
2025-01-01 23:20:40,BATT_TEMP_1,21.6669,23,20,40,1,1,2,0,1400,84040.0
2025-01-01 23:20:50,BATT_TEMP_2,29.1663,23,20,50,1,1,2,0,1400,84050.0
2025-01-01 23:21:00,BATT_SOC,75.6474,23,21,0,1,1,2,0,1401,84060.0
2025-01-01 23:21:10,SOLAR_PANEL_VOLT_A,32.6174,23,21,10,1,1,2,0,1401,84070.0
2025-01-01 23:21:20,SOLAR_PANEL_VOLT_B,29.8697,23,21,20,1,1,2,0,1401,84080.0
2025-01-01 23:21:30,SOLAR_PANEL_CURR_A,4.829,23,21,30,1,1,2,0,1401,84090.0
2025-01-01 23:21:40,SOLAR_PANEL_CURR_B,4.9344,23,21,40,1,1,2,0,1401,84100.0
2025-01-01 23:21:50,SOLAR_POWER_TOTAL,107.7326,23,21,50,1,1,2,0,1401,84110.0
2025-01-01 23:22:00,BUS_VOLTAGE,28.8561,23,22,0,1,1,2,0,1402,84120.0
2025-01-01 23:22:10,BUS_CURRENT,10.1606,23,22,10,1,1,2,0,1402,84130.0
2025-01-01 23:22:20,THRUSTER_TEMP_1,19.1079,23,22,20,1,1,2,0,1402,84140.0
2025-01-01 23:22:30,THRUSTER_TEMP_2,26.1335,23,22,30,1,1,2,0,1402,84150.0
2025-01-01 23:22:40,PAYLOAD_TEMP_CAM,25.3353,23,22,40,1,1,2,0,1402,84160.0
2025-01-01 23:22:50,PAYLOAD_TEMP_SENSOR,24.195,23,22,50,1,1,2,0,1402,84170.0
2025-01-01 23:23:00,OBC_TEMP,40.3778,23,23,0,1,1,2,0,1403,84180.0
2025-01-01 23:23:10,TRANS_TEMP,30.6226,23,23,10,1,1,2,0,1403,84190.0
2025-01-01 23:23:20,STRUCT_TEMP_PANEL_X,37.2969,23,23,20,1,1,2,0,1403,84200.0
2025-01-01 23:23:30,STRUCT_TEMP_PANEL_Y,18.3333,23,23,30,1,1,2,0,1403,84210.0
2025-01-01 23:23:40,STRUCT_TEMP_PANEL_Z,35.9509,23,23,40,1,1,2,0,1403,84220.0
2025-01-01 23:23:50,RADIATOR_TEMP,-1.8464,23,23,50,1,1,2,0,1403,84230.0
2025-01-01 23:24:00,GYRO_X,-0.0077,23,24,0,1,1,2,0,1404,84240.0
2025-01-01 23:24:10,GYRO_Y,0.0407,23,24,10,1,1,2,0,1404,84250.0
2025-01-01 23:24:20,GYRO_Z,0.032,23,24,20,1,1,2,0,1404,84260.0
2025-01-01 23:24:30,MAGNETOMETER_X,20.6029,23,24,30,1,1,2,0,1404,84270.0
2025-01-01 23:24:40,MAGNETOMETER_Y,-10.2559,23,24,40,1,1,2,0,1404,84280.0
2025-01-01 23:24:50,MAGNETOMETER_Z,-22.5726,23,24,50,1,1,2,0,1404,84290.0
2025-01-01 23:25:00,REACTION_WHEEL_SPD_X,-983.3877,23,25,0,1,1,2,0,1405,84300.0
2025-01-01 23:25:10,REACTION_WHEEL_SPD_Y,-1218.5408,23,25,10,1,1,2,0,1405,84310.0
2025-01-01 23:25:20,REACTION_WHEEL_SPD_Z,521.811,23,25,20,1,1,2,0,1405,84320.0
2025-01-01 23:25:30,ATTITUDE_ROLL,1.4245,23,25,30,1,1,2,0,1405,84330.0
2025-01-01 23:25:40,ATTITUDE_PITCH,-0.968,23,25,40,1,1,2,0,1405,84340.0
2025-01-01 23:25:50,ATTITUDE_YAW,0.0245,23,25,50,1,1,2,0,1405,84350.0
2025-01-01 23:26:00,STAR_TRACKER_VALID,0.6957,23,26,0,1,1,2,0,1406,84360.0
2025-01-01 23:26:10,SUN_SENSOR_ANGLE,58.492,23,26,10,1,1,2,0,1406,84370.0
2025-01-01 23:26:20,RF_SIGNAL_STRENGTH,-68.2574,23,26,20,1,1,2,0,1406,84380.0
2025-01-01 23:26:30,RF_NOISE_FLOOR,-92.4485,23,26,30,1,1,2,0,1406,84390.0
2025-01-01 23:26:40,TX_POWER,2.455,23,26,40,1,1,2,0,1406,84400.0
2025-01-01 23:26:50,LINK_MARGIN,14.1571,23,26,50,1,1,2,0,1406,84410.0
2025-01-01 23:27:00,DATA_RATE_KBPS,137.4307,23,27,0,1,1,2,0,1407,84420.0
2025-01-01 23:27:10,PACKET_LOSS_RATE,1.2928,23,27,10,1,1,2,0,1407,84430.0
2025-01-01 23:27:20,CPU_USAGE,43.2125,23,27,20,1,1,2,0,1407,84440.0
2025-01-01 23:27:30,MEMORY_USAGE,44.4124,23,27,30,1,1,2,0,1407,84450.0
2025-01-01 23:27:40,FLASH_WRITE_RATE,3.5647,23,27,40,1,1,2,0,1407,84460.0
2025-01-01 23:27:50,WATCHDOG_COUNTER,59.3361,23,27,50,1,1,2,0,1407,84470.0
2025-01-01 23:28:00,TANK_PRESSURE,298.4288,23,28,0,1,1,2,0,1408,84480.0
2025-01-01 23:28:10,THRUSTER_VALVE_TEMP,17.9774,23,28,10,1,1,2,0,1408,84490.0
2025-01-01 23:28:20,BATT_VOLTAGE_1,28.7112,23,28,20,1,1,2,0,1408,84500.0
2025-01-01 23:28:30,BATT_VOLTAGE_2,28.5065,23,28,30,1,1,2,0,1408,84510.0
2025-01-01 23:28:40,BATT_CURRENT_1,2.2801,23,28,40,1,1,2,0,1408,84520.0
2025-01-01 23:28:50,BATT_CURRENT_2,3.3915,23,28,50,1,1,2,0,1408,84530.0
2025-01-01 23:29:00,BATT_TEMP_1,27.3138,23,29,0,1,1,2,0,1409,84540.0
2025-01-01 23:29:10,BATT_TEMP_2,26.0224,23,29,10,1,1,2,0,1409,84550.0
2025-01-01 23:29:20,BATT_SOC,88.4512,23,29,20,1,1,2,0,1409,84560.0
2025-01-01 23:29:30,SOLAR_PANEL_VOLT_A,31.4786,23,29,30,1,1,2,0,1409,84570.0
2025-01-01 23:29:40,SOLAR_PANEL_VOLT_B,31.5218,23,29,40,1,1,2,0,1409,84580.0
2025-01-01 23:29:50,SOLAR_PANEL_CURR_A,6.6577,23,29,50,1,1,2,0,1409,84590.0
2025-01-01 23:30:00,SOLAR_PANEL_CURR_B,6.8221,23,30,0,1,1,2,0,1410,84600.0
2025-01-01 23:30:10,SOLAR_POWER_TOTAL,104.7909,23,30,10,1,1,2,0,1410,84610.0
2025-01-01 23:30:20,BUS_VOLTAGE,29.0621,23,30,20,1,1,2,0,1410,84620.0
2025-01-01 23:30:30,BUS_CURRENT,10.1952,23,30,30,1,1,2,0,1410,84630.0
2025-01-01 23:30:40,THRUSTER_TEMP_1,26.2449,23,30,40,1,1,2,0,1410,84640.0
2025-01-01 23:30:50,THRUSTER_TEMP_2,24.6206,23,30,50,1,1,2,0,1410,84650.0
2025-01-01 23:31:00,PAYLOAD_TEMP_CAM,23.3678,23,31,0,1,1,2,0,1411,84660.0
2025-01-01 23:31:10,PAYLOAD_TEMP_SENSOR,25.6575,23,31,10,1,1,2,0,1411,84670.0
2025-01-01 23:31:20,OBC_TEMP,48.5407,23,31,20,1,1,2,0,1411,84680.0
2025-01-01 23:31:30,TRANS_TEMP,40.9533,23,31,30,1,1,2,0,1411,84690.0
2025-01-01 23:31:40,STRUCT_TEMP_PANEL_X,23.2039,23,31,40,1,1,2,0,1411,84700.0
2025-01-01 23:31:50,STRUCT_TEMP_PANEL_Y,31.097,23,31,50,1,1,2,0,1411,84710.0
2025-01-01 23:32:00,STRUCT_TEMP_PANEL_Z,13.3142,23,32,0,1,1,2,0,1412,84720.0
2025-01-01 23:32:10,RADIATOR_TEMP,-3.8213,23,32,10,1,1,2,0,1412,84730.0
2025-01-01 23:32:20,GYRO_X,-0.0324,23,32,20,1,1,2,0,1412,84740.0
2025-01-01 23:32:30,GYRO_Y,0.0362,23,32,30,1,1,2,0,1412,84750.0
2025-01-01 23:32:40,GYRO_Z,0.0062,23,32,40,1,1,2,0,1412,84760.0
2025-01-01 23:32:50,MAGNETOMETER_X,-1.3034,23,32,50,1,1,2,0,1412,84770.0
2025-01-01 23:33:00,MAGNETOMETER_Y,-17.5649,23,33,0,1,1,2,0,1413,84780.0
2025-01-01 23:33:10,MAGNETOMETER_Z,33.6783,23,33,10,1,1,2,0,1413,84790.0
2025-01-01 23:33:20,REACTION_WHEEL_SPD_X,1404.5399,23,33,20,1,1,2,0,1413,84800.0
2025-01-01 23:33:30,REACTION_WHEEL_SPD_Y,1419.7661,23,33,30,1,1,2,0,1413,84810.0
2025-01-01 23:33:40,REACTION_WHEEL_SPD_Z,1424.1535,23,33,40,1,1,2,0,1413,84820.0
2025-01-01 23:33:50,ATTITUDE_ROLL,1.3038,23,33,50,1,1,2,0,1413,84830.0
2025-01-01 23:34:00,ATTITUDE_PITCH,1.3542,23,34,0,1,1,2,0,1414,84840.0
2025-01-01 23:34:10,ATTITUDE_YAW,2.4424,23,34,10,1,1,2,0,1414,84850.0
2025-01-01 23:34:20,STAR_TRACKER_VALID,0.4905,23,34,20,1,1,2,0,1414,84860.0
2025-01-01 23:34:30,SUN_SENSOR_ANGLE,132.7692,23,34,30,1,1,2,0,1414,84870.0
2025-01-01 23:34:40,RF_SIGNAL_STRENGTH,-70.625,23,34,40,1,1,2,0,1414,84880.0
2025-01-01 23:34:50,RF_NOISE_FLOOR,-88.0186,23,34,50,1,1,2,0,1414,84890.0
2025-01-01 23:35:00,TX_POWER,3.9304,23,35,0,1,1,2,0,1415,84900.0
2025-01-01 23:35:10,LINK_MARGIN,12.4374,23,35,10,1,1,2,0,1415,84910.0
2025-01-01 23:35:20,DATA_RATE_KBPS,101.7631,23,35,20,1,1,2,0,1415,84920.0
2025-01-01 23:35:30,PACKET_LOSS_RATE,1.5297,23,35,30,1,1,2,0,1415,84930.0
2025-01-01 23:35:40,CPU_USAGE,37.4086,23,35,40,1,1,2,0,1415,84940.0
2025-01-01 23:35:50,MEMORY_USAGE,44.6588,23,35,50,1,1,2,0,1415,84950.0
2025-01-01 23:36:00,FLASH_WRITE_RATE,3.7267,23,36,0,1,1,2,0,1416,84960.0
2025-01-01 23:36:10,WATCHDOG_COUNTER,74.4304,23,36,10,1,1,2,0,1416,84970.0
2025-01-01 23:36:20,TANK_PRESSURE,302.4981,23,36,20,1,1,2,0,1416,84980.0
2025-01-01 23:36:30,THRUSTER_VALVE_TEMP,20.6384,23,36,30,1,1,2,0,1416,84990.0
2025-01-01 23:36:40,BATT_VOLTAGE_1,28.5494,23,36,40,1,1,2,0,1416,85000.0
2025-01-01 23:36:50,BATT_VOLTAGE_2,28.8096,23,36,50,1,1,2,0,1416,85010.0
2025-01-01 23:37:00,BATT_CURRENT_1,3.2218,23,37,0,1,1,2,0,1417,85020.0
2025-01-01 23:37:10,BATT_CURRENT_2,3.2405,23,37,10,1,1,2,0,1417,85030.0
2025-01-01 23:37:20,BATT_TEMP_1,25.0865,23,37,20,1,1,2,0,1417,85040.0
2025-01-01 23:37:30,BATT_TEMP_2,27.4692,23,37,30,1,1,2,0,1417,85050.0
2025-01-01 23:37:40,BATT_SOC,88.9339,23,37,40,1,1,2,0,1417,85060.0
2025-01-01 23:37:50,SOLAR_PANEL_VOLT_A,32.3159,23,37,50,1,1,2,0,1417,85070.0
2025-01-01 23:38:00,SOLAR_PANEL_VOLT_B,32.5443,23,38,0,1,1,2,0,1418,85080.0
2025-01-01 23:38:10,SOLAR_PANEL_CURR_A,6.835,23,38,10,1,1,2,0,1418,85090.0
2025-01-01 23:38:20,SOLAR_PANEL_CURR_B,5.9869,23,38,20,1,1,2,0,1418,85100.0
2025-01-01 23:38:30,SOLAR_POWER_TOTAL,110.8019,23,38,30,1,1,2,0,1418,85110.0
2025-01-01 23:38:40,BUS_VOLTAGE,28.954,23,38,40,1,1,2,0,1418,85120.0
2025-01-01 23:38:50,BUS_CURRENT,8.5615,23,38,50,1,1,2,0,1418,85130.0
2025-01-01 23:39:00,THRUSTER_TEMP_1,20.8339,23,39,0,1,1,2,0,1419,85140.0
2025-01-01 23:39:10,THRUSTER_TEMP_2,21.908,23,39,10,1,1,2,0,1419,85150.0
2025-01-01 23:39:20,PAYLOAD_TEMP_CAM,24.8892,23,39,20,1,1,2,0,1419,85160.0
2025-01-01 23:39:30,PAYLOAD_TEMP_SENSOR,23.2873,23,39,30,1,1,2,0,1419,85170.0
2025-01-01 23:39:40,OBC_TEMP,45.0913,23,39,40,1,1,2,0,1419,85180.0
2025-01-01 23:39:50,TRANS_TEMP,42.7975,23,39,50,1,1,2,0,1419,85190.0
2025-01-01 23:40:00,STRUCT_TEMP_PANEL_X,16.1094,23,40,0,1,1,2,0,1420,85200.0
2025-01-01 23:40:10,STRUCT_TEMP_PANEL_Y,30.8982,23,40,10,1,1,2,0,1420,85210.0
2025-01-01 23:40:20,STRUCT_TEMP_PANEL_Z,34.4766,23,40,20,1,1,2,0,1420,85220.0
2025-01-01 23:40:30,RADIATOR_TEMP,-6.8523,23,40,30,1,1,2,0,1420,85230.0
2025-01-01 23:40:40,GYRO_X,-0.0445,23,40,40,1,1,2,0,1420,85240.0
2025-01-01 23:40:50,GYRO_Y,0.0312,23,40,50,1,1,2,0,1420,85250.0
2025-01-01 23:41:00,GYRO_Z,0.0344,23,41,0,1,1,2,0,1421,85260.0
2025-01-01 23:41:10,MAGNETOMETER_X,10.659,23,41,10,1,1,2,0,1421,85270.0
2025-01-01 23:41:20,MAGNETOMETER_Y,13.0453,23,41,20,1,1,2,0,1421,85280.0
2025-01-01 23:41:30,MAGNETOMETER_Z,-15.1709,23,41,30,1,1,2,0,1421,85290.0
2025-01-01 23:41:40,REACTION_WHEEL_SPD_X,1457.0576,23,41,40,1,1,2,0,1421,85300.0
2025-01-01 23:41:50,REACTION_WHEEL_SPD_Y,1422.5525,23,41,50,1,1,2,0,1421,85310.0
2025-01-01 23:42:00,REACTION_WHEEL_SPD_Z,-767.4751,23,42,0,1,1,2,0,1422,85320.0
2025-01-01 23:42:10,ATTITUDE_ROLL,0.4492,23,42,10,1,1,2,0,1422,85330.0
2025-01-01 23:42:20,ATTITUDE_PITCH,1.0347,23,42,20,1,1,2,0,1422,85340.0
2025-01-01 23:42:30,ATTITUDE_YAW,-0.1719,23,42,30,1,1,2,0,1422,85350.0
2025-01-01 23:42:40,STAR_TRACKER_VALID,0.5308,23,42,40,1,1,2,0,1422,85360.0
2025-01-01 23:42:50,SUN_SENSOR_ANGLE,118.6153,23,42,50,1,1,2,0,1422,85370.0
2025-01-01 23:43:00,RF_SIGNAL_STRENGTH,-57.7521,23,43,0,1,1,2,0,1423,85380.0
2025-01-01 23:43:10,RF_NOISE_FLOOR,-100.7298,23,43,10,1,1,2,0,1423,85390.0
2025-01-01 23:43:20,TX_POWER,2.8298,23,43,20,1,1,2,0,1423,85400.0
2025-01-01 23:43:30,LINK_MARGIN,19.4601,23,43,30,1,1,2,0,1423,85410.0
2025-01-01 23:43:40,DATA_RATE_KBPS,167.7495,23,43,40,1,1,2,0,1423,85420.0
2025-01-01 23:43:50,PACKET_LOSS_RATE,1.0118,23,43,50,1,1,2,0,1423,85430.0
2025-01-01 23:44:00,CPU_USAGE,43.8077,23,44,0,1,1,2,0,1424,85440.0
2025-01-01 23:44:10,MEMORY_USAGE,53.5702,23,44,10,1,1,2,0,1424,85450.0
2025-01-01 23:44:20,FLASH_WRITE_RATE,1.532,23,44,20,1,1,2,0,1424,85460.0
2025-01-01 23:44:30,WATCHDOG_COUNTER,29.7931,23,44,30,1,1,2,0,1424,85470.0
2025-01-01 23:44:40,TANK_PRESSURE,295.1897,23,44,40,1,1,2,0,1424,85480.0
2025-01-01 23:44:50,THRUSTER_VALVE_TEMP,16.1451,23,44,50,1,1,2,0,1424,85490.0
2025-01-01 23:45:00,BATT_VOLTAGE_1,28.6798,23,45,0,1,1,2,0,1425,85500.0
2025-01-01 23:45:10,BATT_VOLTAGE_2,27.7229,23,45,10,1,1,2,0,1425,85510.0
2025-01-01 23:45:20,BATT_CURRENT_1,3.0722,23,45,20,1,1,2,0,1425,85520.0
2025-01-01 23:45:30,BATT_CURRENT_2,2.1906,23,45,30,1,1,2,0,1425,85530.0
2025-01-01 23:45:40,BATT_TEMP_1,29.6215,23,45,40,1,1,2,0,1425,85540.0
2025-01-01 23:45:50,BATT_TEMP_2,30.218,23,45,50,1,1,2,0,1425,85550.0
2025-01-01 23:46:00,BATT_SOC,79.4,23,46,0,1,1,2,0,1426,85560.0
2025-01-01 23:46:10,SOLAR_PANEL_VOLT_A,31.2135,23,46,10,1,1,2,0,1426,85570.0
2025-01-01 23:46:20,SOLAR_PANEL_VOLT_B,31.4168,23,46,20,1,1,2,0,1426,85580.0
2025-01-01 23:46:30,SOLAR_PANEL_CURR_A,5.775,23,46,30,1,1,2,0,1426,85590.0
2025-01-01 23:46:40,SOLAR_PANEL_CURR_B,6.8256,23,46,40,1,1,2,0,1426,85600.0
2025-01-01 23:46:50,SOLAR_POWER_TOTAL,118.5109,23,46,50,1,1,2,0,1426,85610.0
2025-01-01 23:47:00,BUS_VOLTAGE,29.0498,23,47,0,1,1,2,0,1427,85620.0
2025-01-01 23:47:10,BUS_CURRENT,10.2459,23,47,10,1,1,2,0,1427,85630.0
2025-01-01 23:47:20,THRUSTER_TEMP_1,24.7504,23,47,20,1,1,2,0,1427,85640.0
2025-01-01 23:47:30,THRUSTER_TEMP_2,25.7451,23,47,30,1,1,2,0,1427,85650.0
2025-01-01 23:47:40,PAYLOAD_TEMP_CAM,25.2794,23,47,40,1,1,2,0,1427,85660.0
2025-01-01 23:47:50,PAYLOAD_TEMP_SENSOR,24.7684,23,47,50,1,1,2,0,1427,85670.0
2025-01-01 23:48:00,OBC_TEMP,48.1216,23,48,0,1,1,2,0,1428,85680.0
2025-01-01 23:48:10,TRANS_TEMP,42.3605,23,48,10,1,1,2,0,1428,85690.0
2025-01-01 23:48:20,STRUCT_TEMP_PANEL_X,2.8391,23,48,20,1,1,2,0,1428,85700.0
2025-01-01 23:48:30,STRUCT_TEMP_PANEL_Y,39.6471,23,48,30,1,1,2,0,1428,85710.0
2025-01-01 23:48:40,STRUCT_TEMP_PANEL_Z,17.6164,23,48,40,1,1,2,0,1428,85720.0
2025-01-01 23:48:50,RADIATOR_TEMP,-12.594,23,48,50,1,1,2,0,1428,85730.0
2025-01-01 23:49:00,GYRO_X,0.0342,23,49,0,1,1,2,0,1429,85740.0
2025-01-01 23:49:10,GYRO_Y,0.0085,23,49,10,1,1,2,0,1429,85750.0
2025-01-01 23:49:20,GYRO_Z,0.0415,23,49,20,1,1,2,0,1429,85760.0
2025-01-01 23:49:30,MAGNETOMETER_X,-15.7606,23,49,30,1,1,2,0,1429,85770.0
2025-01-01 23:49:40,MAGNETOMETER_Y,32.213,23,49,40,1,1,2,0,1429,85780.0
2025-01-01 23:49:50,MAGNETOMETER_Z,18.0316,23,49,50,1,1,2,0,1429,85790.0
2025-01-01 23:50:00,REACTION_WHEEL_SPD_X,1463.0872,23,50,0,1,1,2,0,1430,85800.0
2025-01-01 23:50:10,REACTION_WHEEL_SPD_Y,214.8905,23,50,10,1,1,2,0,1430,85810.0
2025-01-01 23:50:20,REACTION_WHEEL_SPD_Z,183.8922,23,50,20,1,1,2,0,1430,85820.0
2025-01-01 23:50:30,ATTITUDE_ROLL,1.1703,23,50,30,1,1,2,0,1430,85830.0
2025-01-01 23:50:40,ATTITUDE_PITCH,0.2979,23,50,40,1,1,2,0,1430,85840.0
2025-01-01 23:50:50,ATTITUDE_YAW,2.1473,23,50,50,1,1,2,0,1430,85850.0
2025-01-01 23:51:00,STAR_TRACKER_VALID,0.7067,23,51,0,1,1,2,0,1431,85860.0
2025-01-01 23:51:10,SUN_SENSOR_ANGLE,75.7222,23,51,10,1,1,2,0,1431,85870.0
2025-01-01 23:51:20,RF_SIGNAL_STRENGTH,-57.6392,23,51,20,1,1,2,0,1431,85880.0
2025-01-01 23:51:30,RF_NOISE_FLOOR,-97.041,23,51,30,1,1,2,0,1431,85890.0
2025-01-01 23:51:40,TX_POWER,4.2457,23,51,40,1,1,2,0,1431,85900.0
2025-01-01 23:51:50,LINK_MARGIN,18.2952,23,51,50,1,1,2,0,1431,85910.0
2025-01-01 23:52:00,DATA_RATE_KBPS,107.8468,23,52,0,1,1,2,0,1432,85920.0
2025-01-01 23:52:10,PACKET_LOSS_RATE,1.5053,23,52,10,1,1,2,0,1432,85930.0
2025-01-01 23:52:20,CPU_USAGE,46.5289,23,52,20,1,1,2,0,1432,85940.0
2025-01-01 23:52:30,MEMORY_USAGE,49.6653,23,52,30,1,1,2,0,1432,85950.0
2025-01-01 23:52:40,FLASH_WRITE_RATE,2.0109,23,52,40,1,1,2,0,1432,85960.0
2025-01-01 23:52:50,WATCHDOG_COUNTER,62.2642,23,52,50,1,1,2,0,1432,85970.0
2025-01-01 23:53:00,TANK_PRESSURE,310.4031,23,53,0,1,1,2,0,1433,85980.0
2025-01-01 23:53:10,THRUSTER_VALVE_TEMP,20.8085,23,53,10,1,1,2,0,1433,85990.0
2025-01-01 23:53:20,BATT_VOLTAGE_1,27.8323,23,53,20,1,1,2,0,1433,86000.0
2025-01-01 23:53:30,BATT_VOLTAGE_2,28.6444,23,53,30,1,1,2,0,1433,86010.0
2025-01-01 23:53:40,BATT_CURRENT_1,3.1738,23,53,40,1,1,2,0,1433,86020.0
2025-01-01 23:53:50,BATT_CURRENT_2,2.704,23,53,50,1,1,2,0,1433,86030.0
2025-01-01 23:54:00,BATT_TEMP_1,29.3377,23,54,0,1,1,2,0,1434,86040.0
2025-01-01 23:54:10,BATT_TEMP_2,22.1554,23,54,10,1,1,2,0,1434,86050.0
2025-01-01 23:54:20,BATT_SOC,74.9251,23,54,20,1,1,2,0,1434,86060.0
2025-01-01 23:54:30,SOLAR_PANEL_VOLT_A,30.3391,23,54,30,1,1,2,0,1434,86070.0
2025-01-01 23:54:40,SOLAR_PANEL_VOLT_B,32.505,23,54,40,1,1,2,0,1434,86080.0
2025-01-01 23:54:50,SOLAR_PANEL_CURR_A,6.6171,23,54,50,1,1,2,0,1434,86090.0
2025-01-01 23:55:00,SOLAR_PANEL_CURR_B,6.3868,23,55,0,1,1,2,0,1435,86100.0
2025-01-01 23:55:10,SOLAR_POWER_TOTAL,117.8569,23,55,10,1,1,2,0,1435,86110.0
2025-01-01 23:55:20,BUS_VOLTAGE,28.2883,23,55,20,1,1,2,0,1435,86120.0
2025-01-01 23:55:30,BUS_CURRENT,9.996,23,55,30,1,1,2,0,1435,86130.0
2025-01-01 23:55:40,THRUSTER_TEMP_1,25.5015,23,55,40,1,1,2,0,1435,86140.0
2025-01-01 23:55:50,THRUSTER_TEMP_2,21.6001,23,55,50,1,1,2,0,1435,86150.0
2025-01-01 23:56:00,PAYLOAD_TEMP_CAM,24.2477,23,56,0,1,1,2,0,1436,86160.0
2025-01-01 23:56:10,PAYLOAD_TEMP_SENSOR,25.1633,23,56,10,1,1,2,0,1436,86170.0
2025-01-01 23:56:20,OBC_TEMP,40.6155,23,56,20,1,1,2,0,1436,86180.0
2025-01-01 23:56:30,TRANS_TEMP,35.5244,23,56,30,1,1,2,0,1436,86190.0
2025-01-01 23:56:40,STRUCT_TEMP_PANEL_X,18.6915,23,56,40,1,1,2,0,1436,86200.0
2025-01-01 23:56:50,STRUCT_TEMP_PANEL_Y,31.4459,23,56,50,1,1,2,0,1436,86210.0
2025-01-01 23:57:00,STRUCT_TEMP_PANEL_Z,35.1715,23,57,0,1,1,2,0,1437,86220.0
2025-01-01 23:57:10,RADIATOR_TEMP,-12.0515,23,57,10,1,1,2,0,1437,86230.0
2025-01-01 23:57:20,GYRO_X,0.0152,23,57,20,1,1,2,0,1437,86240.0
2025-01-01 23:57:30,GYRO_Y,-0.0052,23,57,30,1,1,2,0,1437,86250.0
2025-01-01 23:57:40,GYRO_Z,0.0258,23,57,40,1,1,2,0,1437,86260.0
2025-01-01 23:57:50,MAGNETOMETER_X,37.9081,23,57,50,1,1,2,0,1437,86270.0
2025-01-01 23:58:00,MAGNETOMETER_Y,30.8936,23,58,0,1,1,2,0,1438,86280.0
2025-01-01 23:58:10,MAGNETOMETER_Z,-17.6655,23,58,10,1,1,2,0,1438,86290.0
2025-01-01 23:58:20,REACTION_WHEEL_SPD_X,-792.6597,23,58,20,1,1,2,0,1438,86300.0
2025-01-01 23:58:30,REACTION_WHEEL_SPD_Y,953.0466,23,58,30,1,1,2,0,1438,86310.0
2025-01-01 23:58:40,REACTION_WHEEL_SPD_Z,880.4991,23,58,40,1,1,2,0,1438,86320.0
2025-01-01 23:58:50,ATTITUDE_ROLL,1.4407,23,58,50,1,1,2,0,1438,86330.0
2025-01-01 23:59:00,ATTITUDE_PITCH,1.7171,23,59,0,1,1,2,0,1439,86340.0
2025-01-01 23:59:10,ATTITUDE_YAW,2.6298,23,59,10,1,1,2,0,1439,86350.0
2025-01-01 23:59:20,STAR_TRACKER_VALID,0.5158,23,59,20,1,1,2,0,1439,86360.0
2025-01-01 23:59:30,SUN_SENSOR_ANGLE,118.6201,23,59,30,1,1,2,0,1439,86370.0
2025-01-01 23:59:40,RF_SIGNAL_STRENGTH,-71.0445,23,59,40,1,1,2,0,1439,86380.0
2025-01-01 23:59:50,RF_NOISE_FLOOR,-90.0418,23,59,50,1,1,2,0,1439,86390.0
2025-01-02 00:00:00,TX_POWER,1.9769,0,0,0,2,1,3,0,0,86400.0
2025-01-02 00:00:10,LINK_MARGIN,17.2786,0,0,10,2,1,3,0,0,86410.0
2025-01-02 00:00:20,DATA_RATE_KBPS,158.0824,0,0,20,2,1,3,0,0,86420.0
2025-01-02 00:00:30,PACKET_LOSS_RATE,0.6857,0,0,30,2,1,3,0,0,86430.0
2025-01-02 00:00:40,CPU_USAGE,29.9743,0,0,40,2,1,3,0,0,86440.0
2025-01-02 00:00:50,MEMORY_USAGE,48.9437,0,0,50,2,1,3,0,0,86450.0
2025-01-02 00:01:00,FLASH_WRITE_RATE,3.4347,0,1,0,2,1,3,0,1,86460.0
2025-01-02 00:01:10,WATCHDOG_COUNTER,74.897,0,1,10,2,1,3,0,1,86470.0
2025-01-02 00:01:20,TANK_PRESSURE,306.355,0,1,20,2,1,3,0,1,86480.0
2025-01-02 00:01:30,THRUSTER_VALVE_TEMP,20.5837,0,1,30,2,1,3,0,1,86490.0
2025-01-02 00:01:40,BATT_VOLTAGE_1,28.3654,0,1,40,2,1,3,0,1,86500.0
2025-01-02 00:01:50,BATT_VOLTAGE_2,28.2746,0,1,50,2,1,3,0,1,86510.0
2025-01-02 00:02:00,BATT_CURRENT_1,1.8398,0,2,0,2,1,3,0,2,86520.0
2025-01-02 00:02:10,BATT_CURRENT_2,2.2358,0,2,10,2,1,3,0,2,86530.0
2025-01-02 00:02:20,BATT_TEMP_1,28.0563,0,2,20,2,1,3,0,2,86540.0
2025-01-02 00:02:30,BATT_TEMP_2,23.9887,0,2,30,2,1,3,0,2,86550.0
2025-01-02 00:02:40,BATT_SOC,83.8415,0,2,40,2,1,3,0,2,86560.0
2025-01-02 00:02:50,SOLAR_PANEL_VOLT_A,32.3567,0,2,50,2,1,3,0,2,86570.0
2025-01-02 00:03:00,SOLAR_PANEL_VOLT_B,30.3487,0,3,0,2,1,3,0,3,86580.0
2025-01-02 00:03:10,SOLAR_PANEL_CURR_A,6.6535,0,3,10,2,1,3,0,3,86590.0
2025-01-02 00:03:20,SOLAR_PANEL_CURR_B,5.918,0,3,20,2,1,3,0,3,86600.0
2025-01-02 00:03:30,SOLAR_POWER_TOTAL,110.9297,0,3,30,2,1,3,0,3,86610.0
2025-01-02 00:03:40,BUS_VOLTAGE,28.9541,0,3,40,2,1,3,0,3,86620.0
2025-01-02 00:03:50,BUS_CURRENT,9.376,0,3,50,2,1,3,0,3,86630.0
2025-01-02 00:04:00,THRUSTER_TEMP_1,24.5493,0,4,0,2,1,3,0,4,86640.0
2025-01-02 00:04:10,THRUSTER_TEMP_2,23.2399,0,4,10,2,1,3,0,4,86650.0
2025-01-02 00:04:20,PAYLOAD_TEMP_CAM,25.5627,0,4,20,2,1,3,0,4,86660.0
2025-01-02 00:04:30,PAYLOAD_TEMP_SENSOR,25.5808,0,4,30,2,1,3,0,4,86670.0
2025-01-02 00:04:40,OBC_TEMP,47.8597,0,4,40,2,1,3,0,4,86680.0
2025-01-02 00:04:50,TRANS_TEMP,35.5238,0,4,50,2,1,3,0,4,86690.0
2025-01-02 00:05:00,STRUCT_TEMP_PANEL_X,11.3516,0,5,0,2,1,3,0,5,86700.0
2025-01-02 00:05:10,STRUCT_TEMP_PANEL_Y,26.9961,0,5,10,2,1,3,0,5,86710.0
2025-01-02 00:05:20,STRUCT_TEMP_PANEL_Z,22.6955,0,5,20,2,1,3,0,5,86720.0
2025-01-02 00:05:30,RADIATOR_TEMP,-7.9399,0,5,30,2,1,3,0,5,86730.0
2025-01-02 00:05:40,GYRO_X,0.0331,0,5,40,2,1,3,0,5,86740.0
2025-01-02 00:05:50,GYRO_Y,0.0054,0,5,50,2,1,3,0,5,86750.0
2025-01-02 00:06:00,GYRO_Z,0.0173,0,6,0,2,1,3,0,6,86760.0
2025-01-02 00:06:10,MAGNETOMETER_X,7.6288,0,6,10,2,1,3,0,6,86770.0
2025-01-02 00:06:20,MAGNETOMETER_Y,16.5138,0,6,20,2,1,3,0,6,86780.0
2025-01-02 00:06:30,MAGNETOMETER_Z,23.6284,0,6,30,2,1,3,0,6,86790.0
2025-01-02 00:06:40,REACTION_WHEEL_SPD_X,98.8374,0,6,40,2,1,3,0,6,86800.0
2025-01-02 00:06:50,REACTION_WHEEL_SPD_Y,1407.623,0,6,50,2,1,3,0,6,86810.0
2025-01-02 00:07:00,REACTION_WHEEL_SPD_Z,64.36,0,7,0,2,1,3,0,7,86820.0
2025-01-02 00:07:10,ATTITUDE_ROLL,1.1712,0,7,10,2,1,3,0,7,86830.0
2025-01-02 00:07:20,ATTITUDE_PITCH,0.5189,0,7,20,2,1,3,0,7,86840.0
2025-01-02 00:07:30,ATTITUDE_YAW,1.8614,0,7,30,2,1,3,0,7,86850.0
2025-01-02 00:07:40,STAR_TRACKER_VALID,0.6739,0,7,40,2,1,3,0,7,86860.0
2025-01-02 00:07:50,SUN_SENSOR_ANGLE,130.1107,0,7,50,2,1,3,0,7,86870.0
2025-01-02 00:08:00,RF_SIGNAL_STRENGTH,-54.3775,0,8,0,2,1,3,0,8,86880.0
2025-01-02 00:08:10,RF_NOISE_FLOOR,-93.5152,0,8,10,2,1,3,0,8,86890.0
2025-01-02 00:08:20,TX_POWER,3.8326,0,8,20,2,1,3,0,8,86900.0
2025-01-02 00:08:30,LINK_MARGIN,18.7174,0,8,30,2,1,3,0,8,86910.0
2025-01-02 00:08:40,DATA_RATE_KBPS,126.9949,0,8,40,2,1,3,0,8,86920.0
2025-01-02 00:08:50,PACKET_LOSS_RATE,0.7577,0,8,50,2,1,3,0,8,86930.0
2025-01-02 00:09:00,CPU_USAGE,43.267,0,9,0,2,1,3,0,9,86940.0
2025-01-02 00:09:10,MEMORY_USAGE,60.7557,0,9,10,2,1,3,0,9,86950.0
2025-01-02 00:09:20,FLASH_WRITE_RATE,3.7091,0,9,20,2,1,3,0,9,86960.0
2025-01-02 00:09:30,WATCHDOG_COUNTER,47.0891,0,9,30,2,1,3,0,9,86970.0
2025-01-02 00:09:40,TANK_PRESSURE,309.675,0,9,40,2,1,3,0,9,86980.0
2025-01-02 00:09:50,THRUSTER_VALVE_TEMP,21.5706,0,9,50,2,1,3,0,9,86990.0
2025-01-02 00:10:00,BATT_VOLTAGE_1,28.5861,0,10,0,2,1,3,0,10,87000.0
2025-01-02 00:10:10,BATT_VOLTAGE_2,28.5135,0,10,10,2,1,3,0,10,87010.0
2025-01-02 00:10:20,BATT_CURRENT_1,2.814,0,10,20,2,1,3,0,10,87020.0
2025-01-02 00:10:30,BATT_CURRENT_2,2.7552,0,10,30,2,1,3,0,10,87030.0
2025-01-02 00:10:40,BATT_TEMP_1,30.0434,0,10,40,2,1,3,0,10,87040.0
2025-01-02 00:10:50,BATT_TEMP_2,25.607,0,10,50,2,1,3,0,10,87050.0
2025-01-02 00:11:00,BATT_SOC,87.8679,0,11,0,2,1,3,0,11,87060.0
2025-01-02 00:11:10,SOLAR_PANEL_VOLT_A,31.2941,0,11,10,2,1,3,0,11,87070.0
2025-01-02 00:11:20,SOLAR_PANEL_VOLT_B,30.893,0,11,20,2,1,3,0,11,87080.0
2025-01-02 00:11:30,SOLAR_PANEL_CURR_A,6.7609,0,11,30,2,1,3,0,11,87090.0
2025-01-02 00:11:40,SOLAR_PANEL_CURR_B,6.5551,0,11,40,2,1,3,0,11,87100.0
2025-01-02 00:11:50,SOLAR_POWER_TOTAL,101.1889,0,11,50,2,1,3,0,11,87110.0
2025-01-02 00:12:00,BUS_VOLTAGE,28.0748,0,12,0,2,1,3,0,12,87120.0
2025-01-02 00:12:10,BUS_CURRENT,10.3018,0,12,10,2,1,3,0,12,87130.0
2025-01-02 00:12:20,THRUSTER_TEMP_1,20.4475,0,12,20,2,1,3,0,12,87140.0
2025-01-02 00:12:30,THRUSTER_TEMP_2,26.2354,0,12,30,2,1,3,0,12,87150.0
2025-01-02 00:12:40,PAYLOAD_TEMP_CAM,22.2941,0,12,40,2,1,3,0,12,87160.0
2025-01-02 00:12:50,PAYLOAD_TEMP_SENSOR,25.5136,0,12,50,2,1,3,0,12,87170.0
2025-01-02 00:13:00,OBC_TEMP,49.9161,0,13,0,2,1,3,0,13,87180.0
2025-01-02 00:13:10,TRANS_TEMP,35.1273,0,13,10,2,1,3,0,13,87190.0
2025-01-02 00:13:20,STRUCT_TEMP_PANEL_X,20.7481,0,13,20,2,1,3,0,13,87200.0
2025-01-02 00:13:30,STRUCT_TEMP_PANEL_Y,15.0576,0,13,30,2,1,3,0,13,87210.0
2025-01-02 00:13:40,STRUCT_TEMP_PANEL_Z,14.354,0,13,40,2,1,3,0,13,87220.0
2025-01-02 00:13:50,RADIATOR_TEMP,-19.3536,0,13,50,2,1,3,0,13,87230.0
2025-01-02 00:14:00,GYRO_X,0.038,0,14,0,2,1,3,0,14,87240.0
2025-01-02 00:14:10,GYRO_Y,-0.0045,0,14,10,2,1,3,0,14,87250.0
2025-01-02 00:14:20,GYRO_Z,0.0379,0,14,20,2,1,3,0,14,87260.0
2025-01-02 00:14:30,MAGNETOMETER_X,30.1014,0,14,30,2,1,3,0,14,87270.0
2025-01-02 00:14:40,MAGNETOMETER_Y,24.5417,0,14,40,2,1,3,0,14,87280.0
2025-01-02 00:14:50,MAGNETOMETER_Z,-19.5951,0,14,50,2,1,3,0,14,87290.0
2025-01-02 00:15:00,REACTION_WHEEL_SPD_X,1262.555,0,15,0,2,1,3,0,15,87300.0
2025-01-02 00:15:10,REACTION_WHEEL_SPD_Y,1606.717,0,15,10,2,1,3,0,15,87310.0
2025-01-02 00:15:20,REACTION_WHEEL_SPD_Z,1052.9723,0,15,20,2,1,3,0,15,87320.0
2025-01-02 00:15:30,ATTITUDE_ROLL,-0.8317,0,15,30,2,1,3,0,15,87330.0
2025-01-02 00:15:40,ATTITUDE_PITCH,-1.0037,0,15,40,2,1,3,0,15,87340.0
2025-01-02 00:15:50,ATTITUDE_YAW,2.1954,0,15,50,2,1,3,0,15,87350.0
2025-01-02 00:16:00,STAR_TRACKER_VALID,0.7396,0,16,0,2,1,3,0,16,87360.0
2025-01-02 00:16:10,SUN_SENSOR_ANGLE,80.2375,0,16,10,2,1,3,0,16,87370.0
2025-01-02 00:16:20,RF_SIGNAL_STRENGTH,-56.2095,0,16,20,2,1,3,0,16,87380.0
2025-01-02 00:16:30,RF_NOISE_FLOOR,-88.0776,0,16,30,2,1,3,0,16,87390.0
2025-01-02 00:16:40,TX_POWER,3.335,0,16,40,2,1,3,0,16,87400.0
2025-01-02 00:16:50,LINK_MARGIN,19.1969,0,16,50,2,1,3,0,16,87410.0
2025-01-02 00:17:00,DATA_RATE_KBPS,141.23,0,17,0,2,1,3,0,17,87420.0
2025-01-02 00:17:10,PACKET_LOSS_RATE,1.3517,0,17,10,2,1,3,0,17,87430.0
2025-01-02 00:17:20,CPU_USAGE,29.1337,0,17,20,2,1,3,0,17,87440.0
2025-01-02 00:17:30,MEMORY_USAGE,53.0954,0,17,30,2,1,3,0,17,87450.0
2025-01-02 00:17:40,FLASH_WRITE_RATE,3.4379,0,17,40,2,1,3,0,17,87460.0
2025-01-02 00:17:50,WATCHDOG_COUNTER,78.116,0,17,50,2,1,3,0,17,87470.0
2025-01-02 00:18:00,TANK_PRESSURE,311.2188,0,18,0,2,1,3,0,18,87480.0
2025-01-02 00:18:10,THRUSTER_VALVE_TEMP,20.5963,0,18,10,2,1,3,0,18,87490.0
2025-01-02 00:18:20,BATT_VOLTAGE_1,28.2936,0,18,20,2,1,3,0,18,87500.0
2025-01-02 00:18:30,BATT_VOLTAGE_2,28.737,0,18,30,2,1,3,0,18,87510.0
2025-01-02 00:18:40,BATT_CURRENT_1,2.7018,0,18,40,2,1,3,0,18,87520.0
2025-01-02 00:18:50,BATT_CURRENT_2,2.3344,0,18,50,2,1,3,0,18,87530.0
2025-01-02 00:19:00,BATT_TEMP_1,29.6337,0,19,0,2,1,3,0,19,87540.0
2025-01-02 00:19:10,BATT_TEMP_2,26.8572,0,19,10,2,1,3,0,19,87550.0
2025-01-02 00:19:20,BATT_SOC,87.4215,0,19,20,2,1,3,0,19,87560.0
2025-01-02 00:19:30,SOLAR_PANEL_VOLT_A,32.1342,0,19,30,2,1,3,0,19,87570.0
2025-01-02 00:19:40,SOLAR_PANEL_VOLT_B,32.4417,0,19,40,2,1,3,0,19,87580.0
2025-01-02 00:19:50,SOLAR_PANEL_CURR_A,6.5923,0,19,50,2,1,3,0,19,87590.0
2025-01-02 00:20:00,SOLAR_PANEL_CURR_B,6.569,0,20,0,2,1,3,0,20,87600.0
2025-01-02 00:20:10,SOLAR_POWER_TOTAL,114.0935,0,20,10,2,1,3,0,20,87610.0
2025-01-02 00:20:20,BUS_VOLTAGE,28.3869,0,20,20,2,1,3,0,20,87620.0
2025-01-02 00:20:30,BUS_CURRENT,8.5373,0,20,30,2,1,3,0,20,87630.0
2025-01-02 00:20:40,THRUSTER_TEMP_1,25.3279,0,20,40,2,1,3,0,20,87640.0
2025-01-02 00:20:50,THRUSTER_TEMP_2,26.8724,0,20,50,2,1,3,0,20,87650.0
2025-01-02 00:21:00,PAYLOAD_TEMP_CAM,25.1827,0,21,0,2,1,3,0,21,87660.0
2025-01-02 00:21:10,PAYLOAD_TEMP_SENSOR,25.5226,0,21,10,2,1,3,0,21,87670.0
2025-01-02 00:21:20,OBC_TEMP,38.113,0,21,20,2,1,3,0,21,87680.0
2025-01-02 00:21:30,TRANS_TEMP,40.9143,0,21,30,2,1,3,0,21,87690.0
2025-01-02 00:21:40,STRUCT_TEMP_PANEL_X,36.3324,0,21,40,2,1,3,0,21,87700.0
2025-01-02 00:21:50,STRUCT_TEMP_PANEL_Y,23.5296,0,21,50,2,1,3,0,21,87710.0
2025-01-02 00:22:00,STRUCT_TEMP_PANEL_Z,23.952,0,22,0,2,1,3,0,22,87720.0
2025-01-02 00:22:10,RADIATOR_TEMP,1.3682,0,22,10,2,1,3,0,22,87730.0
2025-01-02 00:22:20,GYRO_X,-0.0004,0,22,20,2,1,3,0,22,87740.0
2025-01-02 00:22:30,GYRO_Y,0.0438,0,22,30,2,1,3,0,22,87750.0
2025-01-02 00:22:40,GYRO_Z,-0.0127,0,22,40,2,1,3,0,22,87760.0
2025-01-02 00:22:50,MAGNETOMETER_X,27.3581,0,22,50,2,1,3,0,22,87770.0
2025-01-02 00:23:00,MAGNETOMETER_Y,-19.9683,0,23,0,2,1,3,0,23,87780.0
2025-01-02 00:23:10,MAGNETOMETER_Z,-15.4473,0,23,10,2,1,3,0,23,87790.0
2025-01-02 00:23:20,REACTION_WHEEL_SPD_X,1373.6173,0,23,20,2,1,3,0,23,87800.0
2025-01-02 00:23:30,REACTION_WHEEL_SPD_Y,1195.2584,0,23,30,2,1,3,0,23,87810.0
2025-01-02 00:23:40,REACTION_WHEEL_SPD_Z,1106.1091,0,23,40,2,1,3,0,23,87820.0
2025-01-02 00:23:50,ATTITUDE_ROLL,-0.2161,0,23,50,2,1,3,0,23,87830.0
2025-01-02 00:24:00,ATTITUDE_PITCH,0.4974,0,24,0,2,1,3,0,24,87840.0
2025-01-02 00:24:10,ATTITUDE_YAW,1.6878,0,24,10,2,1,3,0,24,87850.0
2025-01-02 00:24:20,STAR_TRACKER_VALID,0.7531,0,24,20,2,1,3,0,24,87860.0
2025-01-02 00:24:30,SUN_SENSOR_ANGLE,92.5376,0,24,30,2,1,3,0,24,87870.0
2025-01-02 00:24:40,RF_SIGNAL_STRENGTH,-64.2009,0,24,40,2,1,3,0,24,87880.0
2025-01-02 00:24:50,RF_NOISE_FLOOR,-89.1154,0,24,50,2,1,3,0,24,87890.0
2025-01-02 00:25:00,TX_POWER,3.6203,0,25,0,2,1,3,0,25,87900.0
2025-01-02 00:25:10,LINK_MARGIN,11.5434,0,25,10,2,1,3,0,25,87910.0
2025-01-02 00:25:20,DATA_RATE_KBPS,123.5377,0,25,20,2,1,3,0,25,87920.0
2025-01-02 00:25:30,PACKET_LOSS_RATE,0.7807,0,25,30,2,1,3,0,25,87930.0
2025-01-02 00:25:40,CPU_USAGE,46.1216,0,25,40,2,1,3,0,25,87940.0
2025-01-02 00:25:50,MEMORY_USAGE,63.1374,0,25,50,2,1,3,0,25,87950.0
2025-01-02 00:26:00,FLASH_WRITE_RATE,3.6685,0,26,0,2,1,3,0,26,87960.0
2025-01-02 00:26:10,WATCHDOG_COUNTER,34.5943,0,26,10,2,1,3,0,26,87970.0
2025-01-02 00:26:20,TANK_PRESSURE,300.1202,0,26,20,2,1,3,0,26,87980.0
2025-01-02 00:26:30,THRUSTER_VALVE_TEMP,18.6759,0,26,30,2,1,3,0,26,87990.0
2025-01-02 00:26:40,BATT_VOLTAGE_1,27.5509,0,26,40,2,1,3,0,26,88000.0
2025-01-02 00:26:50,BATT_VOLTAGE_2,27.995,0,26,50,2,1,3,0,26,88010.0
2025-01-02 00:27:00,BATT_CURRENT_1,3.1213,0,27,0,2,1,3,0,27,88020.0
2025-01-02 00:27:10,BATT_CURRENT_2,3.0926,0,27,10,2,1,3,0,27,88030.0
2025-01-02 00:27:20,BATT_TEMP_1,29.4421,0,27,20,2,1,3,0,27,88040.0
2025-01-02 00:27:30,BATT_TEMP_2,30.8557,0,27,30,2,1,3,0,27,88050.0
2025-01-02 00:27:40,BATT_SOC,87.2582,0,27,40,2,1,3,0,27,88060.0
2025-01-02 00:27:50,SOLAR_PANEL_VOLT_A,32.2826,0,27,50,2,1,3,0,27,88070.0
2025-01-02 00:28:00,SOLAR_PANEL_VOLT_B,31.4269,0,28,0,2,1,3,0,28,88080.0
2025-01-02 00:28:10,SOLAR_PANEL_CURR_A,5.5301,0,28,10,2,1,3,0,28,88090.0
2025-01-02 00:28:20,SOLAR_PANEL_CURR_B,6.5282,0,28,20,2,1,3,0,28,88100.0
2025-01-02 00:28:30,SOLAR_POWER_TOTAL,115.2499,0,28,30,2,1,3,0,28,88110.0
2025-01-02 00:28:40,BUS_VOLTAGE,28.4974,0,28,40,2,1,3,0,28,88120.0
2025-01-02 00:28:50,BUS_CURRENT,9.3018,0,28,50,2,1,3,0,28,88130.0
2025-01-02 00:29:00,THRUSTER_TEMP_1,25.2462,0,29,0,2,1,3,0,29,88140.0
2025-01-02 00:29:10,THRUSTER_TEMP_2,26.2126,0,29,10,2,1,3,0,29,88150.0
2025-01-02 00:29:20,PAYLOAD_TEMP_CAM,21.2627,0,29,20,2,1,3,0,29,88160.0
2025-01-02 00:29:30,PAYLOAD_TEMP_SENSOR,21.7805,0,29,30,2,1,3,0,29,88170.0
2025-01-02 00:29:40,OBC_TEMP,49.0216,0,29,40,2,1,3,0,29,88180.0
2025-01-02 00:29:50,TRANS_TEMP,43.7438,0,29,50,2,1,3,0,29,88190.0
2025-01-02 00:30:00,STRUCT_TEMP_PANEL_X,39.2214,0,30,0,2,1,3,0,30,88200.0
2025-01-02 00:30:10,STRUCT_TEMP_PANEL_Y,30.2679,0,30,10,2,1,3,0,30,88210.0
2025-01-02 00:30:20,STRUCT_TEMP_PANEL_Z,29.6679,0,30,20,2,1,3,0,30,88220.0
2025-01-02 00:30:30,RADIATOR_TEMP,-11.1293,0,30,30,2,1,3,0,30,88230.0
2025-01-02 00:30:40,GYRO_X,0.0335,0,30,40,2,1,3,0,30,88240.0
2025-01-02 00:30:50,GYRO_Y,0.0047,0,30,50,2,1,3,0,30,88250.0
2025-01-02 00:31:00,GYRO_Z,0.0408,0,31,0,2,1,3,0,31,88260.0
2025-01-02 00:31:10,MAGNETOMETER_X,24.3486,0,31,10,2,1,3,0,31,88270.0
2025-01-02 00:31:20,MAGNETOMETER_Y,24.3375,0,31,20,2,1,3,0,31,88280.0
2025-01-02 00:31:30,MAGNETOMETER_Z,36.0168,0,31,30,2,1,3,0,31,88290.0
2025-01-02 00:31:40,REACTION_WHEEL_SPD_X,879.8394,0,31,40,2,1,3,0,31,88300.0
2025-01-02 00:31:50,REACTION_WHEEL_SPD_Y,1203.5016,0,31,50,2,1,3,0,31,88310.0
2025-01-02 00:32:00,REACTION_WHEEL_SPD_Z,-373.6454,0,32,0,2,1,3,0,32,88320.0
2025-01-02 00:32:10,ATTITUDE_ROLL,0.9158,0,32,10,2,1,3,0,32,88330.0
2025-01-02 00:32:20,ATTITUDE_PITCH,1.6333,0,32,20,2,1,3,0,32,88340.0
2025-01-02 00:32:30,ATTITUDE_YAW,0.0723,0,32,30,2,1,3,0,32,88350.0
2025-01-02 00:32:40,STAR_TRACKER_VALID,0.7411,0,32,40,2,1,3,0,32,88360.0
2025-01-02 00:32:50,SUN_SENSOR_ANGLE,131.5065,0,32,50,2,1,3,0,32,88370.0
2025-01-02 00:33:00,RF_SIGNAL_STRENGTH,-63.2237,0,33,0,2,1,3,0,33,88380.0
2025-01-02 00:33:10,RF_NOISE_FLOOR,-98.7703,0,33,10,2,1,3,0,33,88390.0
2025-01-02 00:33:20,TX_POWER,3.1469,0,33,20,2,1,3,0,33,88400.0
2025-01-02 00:33:30,LINK_MARGIN,15.8951,0,33,30,2,1,3,0,33,88410.0
2025-01-02 00:33:40,DATA_RATE_KBPS,161.3444,0,33,40,2,1,3,0,33,88420.0
2025-01-02 00:33:50,PACKET_LOSS_RATE,1.3908,0,33,50,2,1,3,0,33,88430.0
2025-01-02 00:34:00,CPU_USAGE,48.5467,0,34,0,2,1,3,0,34,88440.0
2025-01-02 00:34:10,MEMORY_USAGE,52.7193,0,34,10,2,1,3,0,34,88450.0
2025-01-02 00:34:20,FLASH_WRITE_RATE,3.1481,0,34,20,2,1,3,0,34,88460.0
2025-01-02 00:34:30,WATCHDOG_COUNTER,49.8406,0,34,30,2,1,3,0,34,88470.0
2025-01-02 00:34:40,TANK_PRESSURE,304.3268,0,34,40,2,1,3,0,34,88480.0
2025-01-02 00:34:50,THRUSTER_VALVE_TEMP,18.7046,0,34,50,2,1,3,0,34,88490.0
2025-01-02 00:35:00,BATT_VOLTAGE_1,28.7186,0,35,0,2,1,3,0,35,88500.0
2025-01-02 00:35:10,BATT_VOLTAGE_2,28.7861,0,35,10,2,1,3,0,35,88510.0
2025-01-02 00:35:20,BATT_CURRENT_1,2.772,0,35,20,2,1,3,0,35,88520.0
2025-01-02 00:35:30,BATT_CURRENT_2,3.0217,0,35,30,2,1,3,0,35,88530.0
2025-01-02 00:35:40,BATT_TEMP_1,27.9959,0,35,40,2,1,3,0,35,88540.0
2025-01-02 00:35:50,BATT_TEMP_2,22.648,0,35,50,2,1,3,0,35,88550.0
2025-01-02 00:36:00,BATT_SOC,90.0283,0,36,0,2,1,3,0,36,88560.0
2025-01-02 00:36:10,SOLAR_PANEL_VOLT_A,32.1434,0,36,10,2,1,3,0,36,88570.0
2025-01-02 00:36:20,SOLAR_PANEL_VOLT_B,31.9551,0,36,20,2,1,3,0,36,88580.0
2025-01-02 00:36:30,SOLAR_PANEL_CURR_A,5.3593,0,36,30,2,1,3,0,36,88590.0
2025-01-02 00:36:40,SOLAR_PANEL_CURR_B,7.0707,0,36,40,2,1,3,0,36,88600.0
2025-01-02 00:36:50,SOLAR_POWER_TOTAL,119.7183,0,36,50,2,1,3,0,36,88610.0
2025-01-02 00:37:00,BUS_VOLTAGE,28.7311,0,37,0,2,1,3,0,37,88620.0
2025-01-02 00:37:10,BUS_CURRENT,8.2336,0,37,10,2,1,3,0,37,88630.0
2025-01-02 00:37:20,THRUSTER_TEMP_1,25.9911,0,37,20,2,1,3,0,37,88640.0
2025-01-02 00:37:30,THRUSTER_TEMP_2,20.0916,0,37,30,2,1,3,0,37,88650.0
2025-01-02 00:37:40,PAYLOAD_TEMP_CAM,25.6299,0,37,40,2,1,3,0,37,88660.0
2025-01-02 00:37:50,PAYLOAD_TEMP_SENSOR,25.1791,0,37,50,2,1,3,0,37,88670.0
2025-01-02 00:38:00,OBC_TEMP,47.6712,0,38,0,2,1,3,0,38,88680.0
2025-01-02 00:38:10,TRANS_TEMP,33.5335,0,38,10,2,1,3,0,38,88690.0
2025-01-02 00:38:20,STRUCT_TEMP_PANEL_X,23.1118,0,38,20,2,1,3,0,38,88700.0
2025-01-02 00:38:30,STRUCT_TEMP_PANEL_Y,25.2898,0,38,30,2,1,3,0,38,88710.0
2025-01-02 00:38:40,STRUCT_TEMP_PANEL_Z,38.3894,0,38,40,2,1,3,0,38,88720.0
2025-01-02 00:38:50,RADIATOR_TEMP,-3.4375,0,38,50,2,1,3,0,38,88730.0
2025-01-02 00:39:00,GYRO_X,0.004,0,39,0,2,1,3,0,39,88740.0
2025-01-02 00:39:10,GYRO_Y,0.0446,0,39,10,2,1,3,0,39,88750.0
2025-01-02 00:39:20,GYRO_Z,0.0296,0,39,20,2,1,3,0,39,88760.0
2025-01-02 00:39:30,MAGNETOMETER_X,-15.9562,0,39,30,2,1,3,0,39,88770.0
2025-01-02 00:39:40,MAGNETOMETER_Y,29.5313,0,39,40,2,1,3,0,39,88780.0
2025-01-02 00:39:50,MAGNETOMETER_Z,27.2448,0,39,50,2,1,3,0,39,88790.0
2025-01-02 00:40:00,REACTION_WHEEL_SPD_X,19.2115,0,40,0,2,1,3,0,40,88800.0
2025-01-02 00:40:10,REACTION_WHEEL_SPD_Y,1225.6176,0,40,10,2,1,3,0,40,88810.0
2025-01-02 00:40:20,REACTION_WHEEL_SPD_Z,1295.169,0,40,20,2,1,3,0,40,88820.0
2025-01-02 00:40:30,ATTITUDE_ROLL,0.4133,0,40,30,2,1,3,0,40,88830.0
2025-01-02 00:40:40,ATTITUDE_PITCH,1.3849,0,40,40,2,1,3,0,40,88840.0
2025-01-02 00:40:50,ATTITUDE_YAW,0.9945,0,40,50,2,1,3,0,40,88850.0
2025-01-02 00:41:00,STAR_TRACKER_VALID,0.7807,0,41,0,2,1,3,0,41,88860.0
2025-01-02 00:41:10,SUN_SENSOR_ANGLE,102.3304,0,41,10,2,1,3,0,41,88870.0
2025-01-02 00:41:20,RF_SIGNAL_STRENGTH,-59.7362,0,41,20,2,1,3,0,41,88880.0
2025-01-02 00:41:30,RF_NOISE_FLOOR,-89.0997,0,41,30,2,1,3,0,41,88890.0
2025-01-02 00:41:40,TX_POWER,4.0923,0,41,40,2,1,3,0,41,88900.0
2025-01-02 00:41:50,LINK_MARGIN,19.5202,0,41,50,2,1,3,0,41,88910.0
2025-01-02 00:42:00,DATA_RATE_KBPS,156.7699,0,42,0,2,1,3,0,42,88920.0
2025-01-02 00:42:10,PACKET_LOSS_RATE,1.1286,0,42,10,2,1,3,0,42,88930.0
2025-01-02 00:42:20,CPU_USAGE,41.7696,0,42,20,2,1,3,0,42,88940.0
2025-01-02 00:42:30,MEMORY_USAGE,60.1387,0,42,30,2,1,3,0,42,88950.0
2025-01-02 00:42:40,FLASH_WRITE_RATE,3.4632,0,42,40,2,1,3,0,42,88960.0
2025-01-02 00:42:50,WATCHDOG_COUNTER,55.2442,0,42,50,2,1,3,0,42,88970.0
2025-01-02 00:43:00,TANK_PRESSURE,309.6751,0,43,0,2,1,3,0,43,88980.0
2025-01-02 00:43:10,THRUSTER_VALVE_TEMP,18.0242,0,43,10,2,1,3,0,43,88990.0
2025-01-02 00:43:20,BATT_VOLTAGE_1,27.9372,0,43,20,2,1,3,0,43,89000.0
2025-01-02 00:43:30,BATT_VOLTAGE_2,28.5153,0,43,30,2,1,3,0,43,89010.0
2025-01-02 00:43:40,BATT_CURRENT_1,3.2498,0,43,40,2,1,3,0,43,89020.0
2025-01-02 00:43:50,BATT_CURRENT_2,3.2806,0,43,50,2,1,3,0,43,89030.0
2025-01-02 00:44:00,BATT_TEMP_1,27.0343,0,44,0,2,1,3,0,44,89040.0
2025-01-02 00:44:10,BATT_TEMP_2,28.5853,0,44,10,2,1,3,0,44,89050.0
2025-01-02 00:44:20,BATT_SOC,90.6632,0,44,20,2,1,3,0,44,89060.0
2025-01-02 00:44:30,SOLAR_PANEL_VOLT_A,29.8901,0,44,30,2,1,3,0,44,89070.0
2025-01-02 00:44:40,SOLAR_PANEL_VOLT_B,32.2088,0,44,40,2,1,3,0,44,89080.0
2025-01-02 00:44:50,SOLAR_PANEL_CURR_A,5.7709,0,44,50,2,1,3,0,44,89090.0
2025-01-02 00:45:00,SOLAR_PANEL_CURR_B,6.4552,0,45,0,2,1,3,0,45,89100.0
2025-01-02 00:45:10,SOLAR_POWER_TOTAL,108.2369,0,45,10,2,1,3,0,45,89110.0
2025-01-02 00:45:20,BUS_VOLTAGE,28.584,0,45,20,2,1,3,0,45,89120.0
2025-01-02 00:45:30,BUS_CURRENT,7.5424,0,45,30,2,1,3,0,45,89130.0
2025-01-02 00:45:40,THRUSTER_TEMP_1,25.7364,0,45,40,2,1,3,0,45,89140.0
2025-01-02 00:45:50,THRUSTER_TEMP_2,25.2328,0,45,50,2,1,3,0,45,89150.0
2025-01-02 00:46:00,PAYLOAD_TEMP_CAM,24.3936,0,46,0,2,1,3,0,46,89160.0
2025-01-02 00:46:10,PAYLOAD_TEMP_SENSOR,25.1084,0,46,10,2,1,3,0,46,89170.0
2025-01-02 00:46:20,OBC_TEMP,42.3867,0,46,20,2,1,3,0,46,89180.0
2025-01-02 00:46:30,TRANS_TEMP,43.3223,0,46,30,2,1,3,0,46,89190.0
2025-01-02 00:46:40,STRUCT_TEMP_PANEL_X,30.7598,0,46,40,2,1,3,0,46,89200.0
2025-01-02 00:46:50,STRUCT_TEMP_PANEL_Y,35.9234,0,46,50,2,1,3,0,46,89210.0
2025-01-02 00:47:00,STRUCT_TEMP_PANEL_Z,37.5825,0,47,0,2,1,3,0,47,89220.0
2025-01-02 00:47:10,RADIATOR_TEMP,-6.8006,0,47,10,2,1,3,0,47,89230.0
2025-01-02 00:47:20,GYRO_X,0.04,0,47,20,2,1,3,0,47,89240.0
2025-01-02 00:47:30,GYRO_Y,0.0247,0,47,30,2,1,3,0,47,89250.0
2025-01-02 00:47:40,GYRO_Z,0.0238,0,47,40,2,1,3,0,47,89260.0
2025-01-02 00:47:50,MAGNETOMETER_X,-22.0183,0,47,50,2,1,3,0,47,89270.0
2025-01-02 00:48:00,MAGNETOMETER_Y,16.8724,0,48,0,2,1,3,0,48,89280.0
2025-01-02 00:48:10,MAGNETOMETER_Z,-3.75,0,48,10,2,1,3,0,48,89290.0
2025-01-02 00:48:20,REACTION_WHEEL_SPD_X,684.7401,0,48,20,2,1,3,0,48,89300.0
2025-01-02 00:48:30,REACTION_WHEEL_SPD_Y,683.4495,0,48,30,2,1,3,0,48,89310.0
2025-01-02 00:48:40,REACTION_WHEEL_SPD_Z,431.8562,0,48,40,2,1,3,0,48,89320.0
2025-01-02 00:48:50,ATTITUDE_ROLL,1.3894,0,48,50,2,1,3,0,48,89330.0
2025-01-02 00:49:00,ATTITUDE_PITCH,0.9817,0,49,0,2,1,3,0,49,89340.0
2025-01-02 00:49:10,ATTITUDE_YAW,0.7999,0,49,10,2,1,3,0,49,89350.0
2025-01-02 00:49:20,STAR_TRACKER_VALID,0.6222,0,49,20,2,1,3,0,49,89360.0
2025-01-02 00:49:30,SUN_SENSOR_ANGLE,110.4331,0,49,30,2,1,3,0,49,89370.0
2025-01-02 00:49:40,RF_SIGNAL_STRENGTH,-67.6615,0,49,40,2,1,3,0,49,89380.0
2025-01-02 00:49:50,RF_NOISE_FLOOR,-91.324,0,49,50,2,1,3,0,49,89390.0
2025-01-02 00:50:00,TX_POWER,2.9081,0,50,0,2,1,3,0,50,89400.0
2025-01-02 00:50:10,LINK_MARGIN,17.9545,0,50,10,2,1,3,0,50,89410.0
2025-01-02 00:50:20,DATA_RATE_KBPS,161.4527,0,50,20,2,1,3,0,50,89420.0
2025-01-02 00:50:30,PACKET_LOSS_RATE,1.5651,0,50,30,2,1,3,0,50,89430.0
2025-01-02 00:50:40,CPU_USAGE,39.2772,0,50,40,2,1,3,0,50,89440.0
2025-01-02 00:50:50,MEMORY_USAGE,57.9096,0,50,50,2,1,3,0,50,89450.0
2025-01-02 00:51:00,FLASH_WRITE_RATE,3.0912,0,51,0,2,1,3,0,51,89460.0
2025-01-02 00:51:10,WATCHDOG_COUNTER,45.6134,0,51,10,2,1,3,0,51,89470.0
2025-01-02 00:51:20,TANK_PRESSURE,309.1576,0,51,20,2,1,3,0,51,89480.0
2025-01-02 00:51:30,THRUSTER_VALVE_TEMP,15.7383,0,51,30,2,1,3,0,51,89490.0
2025-01-02 00:51:40,BATT_VOLTAGE_1,28.1841,0,51,40,2,1,3,0,51,89500.0
2025-01-02 00:51:50,BATT_VOLTAGE_2,28.4342,0,51,50,2,1,3,0,51,89510.0
2025-01-02 00:52:00,BATT_CURRENT_1,3.3578,0,52,0,2,1,3,0,52,89520.0
2025-01-02 00:52:10,BATT_CURRENT_2,2.9064,0,52,10,2,1,3,0,52,89530.0
2025-01-02 00:52:20,BATT_TEMP_1,28.1933,0,52,20,2,1,3,0,52,89540.0
2025-01-02 00:52:30,BATT_TEMP_2,29.5016,0,52,30,2,1,3,0,52,89550.0
2025-01-02 00:52:40,BATT_SOC,90.6224,0,52,40,2,1,3,0,52,89560.0
2025-01-02 00:52:50,SOLAR_PANEL_VOLT_A,32.0645,0,52,50,2,1,3,0,52,89570.0
2025-01-02 00:53:00,SOLAR_PANEL_VOLT_B,31.2465,0,53,0,2,1,3,0,53,89580.0
2025-01-02 00:53:10,SOLAR_PANEL_CURR_A,6.7967,0,53,10,2,1,3,0,53,89590.0
2025-01-02 00:53:20,SOLAR_PANEL_CURR_B,6.83,0,53,20,2,1,3,0,53,89600.0
2025-01-02 00:53:30,SOLAR_POWER_TOTAL,112.8792,0,53,30,2,1,3,0,53,89610.0
2025-01-02 00:53:40,BUS_VOLTAGE,28.8482,0,53,40,2,1,3,0,53,89620.0
2025-01-02 00:53:50,BUS_CURRENT,9.6906,0,53,50,2,1,3,0,53,89630.0
2025-01-02 00:54:00,THRUSTER_TEMP_1,26.4854,0,54,0,2,1,3,0,54,89640.0
2025-01-02 00:54:10,THRUSTER_TEMP_2,25.7742,0,54,10,2,1,3,0,54,89650.0
2025-01-02 00:54:20,PAYLOAD_TEMP_CAM,24.7268,0,54,20,2,1,3,0,54,89660.0
2025-01-02 00:54:30,PAYLOAD_TEMP_SENSOR,24.2967,0,54,30,2,1,3,0,54,89670.0
2025-01-02 00:54:40,OBC_TEMP,46.9138,0,54,40,2,1,3,0,54,89680.0
2025-01-02 00:54:50,TRANS_TEMP,44.0864,0,54,50,2,1,3,0,54,89690.0
2025-01-02 00:55:00,STRUCT_TEMP_PANEL_X,15.9064,0,55,0,2,1,3,0,55,89700.0
2025-01-02 00:55:10,STRUCT_TEMP_PANEL_Y,32.5546,0,55,10,2,1,3,0,55,89710.0
2025-01-02 00:55:20,STRUCT_TEMP_PANEL_Z,19.0776,0,55,20,2,1,3,0,55,89720.0
2025-01-02 00:55:30,RADIATOR_TEMP,-11.3866,0,55,30,2,1,3,0,55,89730.0
2025-01-02 00:55:40,GYRO_X,0.0331,0,55,40,2,1,3,0,55,89740.0
2025-01-02 00:55:50,GYRO_Y,0.0413,0,55,50,2,1,3,0,55,89750.0
2025-01-02 00:56:00,GYRO_Z,0.0322,0,56,0,2,1,3,0,56,89760.0
2025-01-02 00:56:10,MAGNETOMETER_X,27.9532,0,56,10,2,1,3,0,56,89770.0
2025-01-02 00:56:20,MAGNETOMETER_Y,21.4744,0,56,20,2,1,3,0,56,89780.0
2025-01-02 00:56:30,MAGNETOMETER_Z,-19.9012,0,56,30,2,1,3,0,56,89790.0
2025-01-02 00:56:40,REACTION_WHEEL_SPD_X,621.8978,0,56,40,2,1,3,0,56,89800.0
2025-01-02 00:56:50,REACTION_WHEEL_SPD_Y,1117.6398,0,56,50,2,1,3,0,56,89810.0
2025-01-02 00:57:00,REACTION_WHEEL_SPD_Z,1077.7941,0,57,0,2,1,3,0,57,89820.0
2025-01-02 00:57:10,ATTITUDE_ROLL,-0.6443,0,57,10,2,1,3,0,57,89830.0
2025-01-02 00:57:20,ATTITUDE_PITCH,-0.0348,0,57,20,2,1,3,0,57,89840.0
2025-01-02 00:57:30,ATTITUDE_YAW,2.1175,0,57,30,2,1,3,0,57,89850.0
2025-01-02 00:57:40,STAR_TRACKER_VALID,0.6826,0,57,40,2,1,3,0,57,89860.0
2025-01-02 00:57:50,SUN_SENSOR_ANGLE,112.5706,0,57,50,2,1,3,0,57,89870.0
2025-01-02 00:58:00,RF_SIGNAL_STRENGTH,-53.9866,0,58,0,2,1,3,0,58,89880.0
2025-01-02 00:58:10,RF_NOISE_FLOOR,-92.4039,0,58,10,2,1,3,0,58,89890.0
2025-01-02 00:58:20,TX_POWER,3.5424,0,58,20,2,1,3,0,58,89900.0
2025-01-02 00:58:30,LINK_MARGIN,15.9911,0,58,30,2,1,3,0,58,89910.0
2025-01-02 00:58:40,DATA_RATE_KBPS,159.0724,0,58,40,2,1,3,0,58,89920.0
2025-01-02 00:58:50,PACKET_LOSS_RATE,1.3965,0,58,50,2,1,3,0,58,89930.0
2025-01-02 00:59:00,CPU_USAGE,42.61,0,59,0,2,1,3,0,59,89940.0
2025-01-02 00:59:10,MEMORY_USAGE,54.9957,0,59,10,2,1,3,0,59,89950.0
2025-01-02 00:59:20,FLASH_WRITE_RATE,3.1845,0,59,20,2,1,3,0,59,89960.0
2025-01-02 00:59:30,WATCHDOG_COUNTER,69.4509,0,59,30,2,1,3,0,59,89970.0
2025-01-02 00:59:40,TANK_PRESSURE,307.9893,0,59,40,2,1,3,0,59,89980.0
2025-01-02 00:59:50,THRUSTER_VALVE_TEMP,18.1295,0,59,50,2,1,3,0,59,89990.0
2025-01-02 01:00:00,BATT_VOLTAGE_1,27.9281,1,0,0,2,1,3,0,60,90000.0
2025-01-02 01:00:10,BATT_VOLTAGE_2,28.6763,1,0,10,2,1,3,0,60,90010.0
2025-01-02 01:00:20,BATT_CURRENT_1,3.0878,1,0,20,2,1,3,0,60,90020.0
2025-01-02 01:00:30,BATT_CURRENT_2,3.1562,1,0,30,2,1,3,0,60,90030.0
2025-01-02 01:00:40,BATT_TEMP_1,25.2528,1,0,40,2,1,3,0,60,90040.0
2025-01-02 01:00:50,BATT_TEMP_2,29.8528,1,0,50,2,1,3,0,60,90050.0
2025-01-02 01:01:00,BATT_SOC,78.992,1,1,0,2,1,3,0,61,90060.0
2025-01-02 01:01:10,SOLAR_PANEL_VOLT_A,30.7884,1,1,10,2,1,3,0,61,90070.0
2025-01-02 01:01:20,SOLAR_PANEL_VOLT_B,31.5667,1,1,20,2,1,3,0,61,90080.0
2025-01-02 01:01:30,SOLAR_PANEL_CURR_A,6.6625,1,1,30,2,1,3,0,61,90090.0
2025-01-02 01:01:40,SOLAR_PANEL_CURR_B,6.2317,1,1,40,2,1,3,0,61,90100.0
2025-01-02 01:01:50,SOLAR_POWER_TOTAL,114.6962,1,1,50,2,1,3,0,61,90110.0
2025-01-02 01:02:00,BUS_VOLTAGE,28.3649,1,2,0,2,1,3,0,62,90120.0
2025-01-02 01:02:10,BUS_CURRENT,8.1453,1,2,10,2,1,3,0,62,90130.0
2025-01-02 01:02:20,THRUSTER_TEMP_1,25.0394,1,2,20,2,1,3,0,62,90140.0
2025-01-02 01:02:30,THRUSTER_TEMP_2,25.9337,1,2,30,2,1,3,0,62,90150.0
2025-01-02 01:02:40,PAYLOAD_TEMP_CAM,25.4458,1,2,40,2,1,3,0,62,90160.0
2025-01-02 01:02:50,PAYLOAD_TEMP_SENSOR,25.2773,1,2,50,2,1,3,0,62,90170.0
2025-01-02 01:03:00,OBC_TEMP,37.6028,1,3,0,2,1,3,0,63,90180.0
2025-01-02 01:03:10,TRANS_TEMP,44.9597,1,3,10,2,1,3,0,63,90190.0
2025-01-02 01:03:20,STRUCT_TEMP_PANEL_X,27.5397,1,3,20,2,1,3,0,63,90200.0
2025-01-02 01:03:30,STRUCT_TEMP_PANEL_Y,17.7829,1,3,30,2,1,3,0,63,90210.0
2025-01-02 01:03:40,STRUCT_TEMP_PANEL_Z,17.5112,1,3,40,2,1,3,0,63,90220.0
2025-01-02 01:03:50,RADIATOR_TEMP,-1.4388,1,3,50,2,1,3,0,63,90230.0
2025-01-02 01:04:00,GYRO_X,0.05,1,4,0,2,1,3,0,64,90240.0
2025-01-02 01:04:10,GYRO_Y,0.0223,1,4,10,2,1,3,0,64,90250.0
2025-01-02 01:04:20,GYRO_Z,0.0273,1,4,20,2,1,3,0,64,90260.0
2025-01-02 01:04:30,MAGNETOMETER_X,-7.8878,1,4,30,2,1,3,0,64,90270.0
2025-01-02 01:04:40,MAGNETOMETER_Y,-13.2275,1,4,40,2,1,3,0,64,90280.0
2025-01-02 01:04:50,MAGNETOMETER_Z,29.5848,1,4,50,2,1,3,0,64,90290.0
2025-01-02 01:05:00,REACTION_WHEEL_SPD_X,1434.5111,1,5,0,2,1,3,0,65,90300.0
2025-01-02 01:05:10,REACTION_WHEEL_SPD_Y,1990.2244,1,5,10,2,1,3,0,65,90310.0
2025-01-02 01:05:20,REACTION_WHEEL_SPD_Z,1211.8613,1,5,20,2,1,3,0,65,90320.0
2025-01-02 01:05:30,ATTITUDE_ROLL,-0.1325,1,5,30,2,1,3,0,65,90330.0
2025-01-02 01:05:40,ATTITUDE_PITCH,1.0129,1,5,40,2,1,3,0,65,90340.0
2025-01-02 01:05:50,ATTITUDE_YAW,1.6697,1,5,50,2,1,3,0,65,90350.0
2025-01-02 01:06:00,STAR_TRACKER_VALID,0.8336,1,6,0,2,1,3,0,66,90360.0
2025-01-02 01:06:10,SUN_SENSOR_ANGLE,138.0303,1,6,10,2,1,3,0,66,90370.0
2025-01-02 01:06:20,RF_SIGNAL_STRENGTH,-57.8718,1,6,20,2,1,3,0,66,90380.0
2025-01-02 01:06:30,RF_NOISE_FLOOR,-95.0149,1,6,30,2,1,3,0,66,90390.0
2025-01-02 01:06:40,TX_POWER,3.704,1,6,40,2,1,3,0,66,90400.0
2025-01-02 01:06:50,LINK_MARGIN,18.1963,1,6,50,2,1,3,0,66,90410.0
2025-01-02 01:07:00,DATA_RATE_KBPS,158.294,1,7,0,2,1,3,0,67,90420.0
2025-01-02 01:07:10,PACKET_LOSS_RATE,1.4978,1,7,10,2,1,3,0,67,90430.0
2025-01-02 01:07:20,CPU_USAGE,42.9,1,7,20,2,1,3,0,67,90440.0
2025-01-02 01:07:30,MEMORY_USAGE,63.1551,1,7,30,2,1,3,0,67,90450.0
2025-01-02 01:07:40,FLASH_WRITE_RATE,3.3312,1,7,40,2,1,3,0,67,90460.0
2025-01-02 01:07:50,WATCHDOG_COUNTER,74.5775,1,7,50,2,1,3,0,67,90470.0
2025-01-02 01:08:00,TANK_PRESSURE,305.4894,1,8,0,2,1,3,0,68,90480.0
2025-01-02 01:08:10,THRUSTER_VALVE_TEMP,19.4128,1,8,10,2,1,3,0,68,90490.0
2025-01-02 01:08:20,BATT_VOLTAGE_1,28.5057,1,8,20,2,1,3,0,68,90500.0
2025-01-02 01:08:30,BATT_VOLTAGE_2,28.2081,1,8,30,2,1,3,0,68,90510.0
2025-01-02 01:08:40,BATT_CURRENT_1,3.1161,1,8,40,2,1,3,0,68,90520.0
2025-01-02 01:08:50,BATT_CURRENT_2,2.3253,1,8,50,2,1,3,0,68,90530.0
2025-01-02 01:09:00,BATT_TEMP_1,29.3256,1,9,0,2,1,3,0,69,90540.0
2025-01-02 01:09:10,BATT_TEMP_2,30.1832,1,9,10,2,1,3,0,69,90550.0
2025-01-02 01:09:20,BATT_SOC,78.8662,1,9,20,2,1,3,0,69,90560.0
2025-01-02 01:09:30,SOLAR_PANEL_VOLT_A,31.7134,1,9,30,2,1,3,0,69,90570.0
2025-01-02 01:09:40,SOLAR_PANEL_VOLT_B,32.2027,1,9,40,2,1,3,0,69,90580.0
2025-01-02 01:09:50,SOLAR_PANEL_CURR_A,5.9784,1,9,50,2,1,3,0,69,90590.0
2025-01-02 01:10:00,SOLAR_PANEL_CURR_B,4.9434,1,10,0,2,1,3,0,70,90600.0
2025-01-02 01:10:10,SOLAR_POWER_TOTAL,115.6752,1,10,10,2,1,3,0,70,90610.0
2025-01-02 01:10:20,BUS_VOLTAGE,28.3838,1,10,20,2,1,3,0,70,90620.0
2025-01-02 01:10:30,BUS_CURRENT,10.6552,1,10,30,2,1,3,0,70,90630.0
2025-01-02 01:10:40,THRUSTER_TEMP_1,24.985,1,10,40,2,1,3,0,70,90640.0
2025-01-02 01:10:50,THRUSTER_TEMP_2,25.4327,1,10,50,2,1,3,0,70,90650.0
2025-01-02 01:11:00,PAYLOAD_TEMP_CAM,21.9609,1,11,0,2,1,3,0,71,90660.0
2025-01-02 01:11:10,PAYLOAD_TEMP_SENSOR,22.8201,1,11,10,2,1,3,0,71,90670.0
2025-01-02 01:11:20,OBC_TEMP,47.1994,1,11,20,2,1,3,0,71,90680.0
2025-01-02 01:11:30,TRANS_TEMP,40.0686,1,11,30,2,1,3,0,71,90690.0
2025-01-02 01:11:40,STRUCT_TEMP_PANEL_X,34.8374,1,11,40,2,1,3,0,71,90700.0
2025-01-02 01:11:50,STRUCT_TEMP_PANEL_Y,26.7572,1,11,50,2,1,3,0,71,90710.0
2025-01-02 01:12:00,STRUCT_TEMP_PANEL_Z,18.78,1,12,0,2,1,3,0,72,90720.0
2025-01-02 01:12:10,RADIATOR_TEMP,-9.5016,1,12,10,2,1,3,0,72,90730.0
2025-01-02 01:12:20,GYRO_X,0.0324,1,12,20,2,1,3,0,72,90740.0
2025-01-02 01:12:30,GYRO_Y,-0.014,1,12,30,2,1,3,0,72,90750.0
2025-01-02 01:12:40,GYRO_Z,0.022,1,12,40,2,1,3,0,72,90760.0
2025-01-02 01:12:50,MAGNETOMETER_X,15.2741,1,12,50,2,1,3,0,72,90770.0
2025-01-02 01:13:00,MAGNETOMETER_Y,14.4819,1,13,0,2,1,3,0,73,90780.0
2025-01-02 01:13:10,MAGNETOMETER_Z,27.5885,1,13,10,2,1,3,0,73,90790.0
2025-01-02 01:13:20,REACTION_WHEEL_SPD_X,868.4718,1,13,20,2,1,3,0,73,90800.0
2025-01-02 01:13:30,REACTION_WHEEL_SPD_Y,1144.146,1,13,30,2,1,3,0,73,90810.0
2025-01-02 01:13:40,REACTION_WHEEL_SPD_Z,962.4056,1,13,40,2,1,3,0,73,90820.0
2025-01-02 01:13:50,ATTITUDE_ROLL,1.3033,1,13,50,2,1,3,0,73,90830.0
2025-01-02 01:14:00,ATTITUDE_PITCH,1.1034,1,14,0,2,1,3,0,74,90840.0
2025-01-02 01:14:10,ATTITUDE_YAW,1.2253,1,14,10,2,1,3,0,74,90850.0
2025-01-02 01:14:20,STAR_TRACKER_VALID,0.6703,1,14,20,2,1,3,0,74,90860.0
2025-01-02 01:14:30,SUN_SENSOR_ANGLE,119.0032,1,14,30,2,1,3,0,74,90870.0
2025-01-02 01:14:40,RF_SIGNAL_STRENGTH,-53.0119,1,14,40,2,1,3,0,74,90880.0
2025-01-02 01:14:50,RF_NOISE_FLOOR,-92.1865,1,14,50,2,1,3,0,74,90890.0
2025-01-02 01:15:00,TX_POWER,3.8501,1,15,0,2,1,3,0,75,90900.0
2025-01-02 01:15:10,LINK_MARGIN,18.0621,1,15,10,2,1,3,0,75,90910.0
2025-01-02 01:15:20,DATA_RATE_KBPS,112.1964,1,15,20,2,1,3,0,75,90920.0
2025-01-02 01:15:30,PACKET_LOSS_RATE,1.3473,1,15,30,2,1,3,0,75,90930.0
2025-01-02 01:15:40,CPU_USAGE,49.0115,1,15,40,2,1,3,0,75,90940.0
2025-01-02 01:15:50,MEMORY_USAGE,57.7388,1,15,50,2,1,3,0,75,90950.0
2025-01-02 01:16:00,FLASH_WRITE_RATE,3.3793,1,16,0,2,1,3,0,76,90960.0
2025-01-02 01:16:10,WATCHDOG_COUNTER,56.1731,1,16,10,2,1,3,0,76,90970.0
2025-01-02 01:16:20,TANK_PRESSURE,306.7939,1,16,20,2,1,3,0,76,90980.0
2025-01-02 01:16:30,THRUSTER_VALVE_TEMP,20.6983,1,16,30,2,1,3,0,76,90990.0
2025-01-02 01:16:40,BATT_VOLTAGE_1,28.3589,1,16,40,2,1,3,0,76,91000.0
2025-01-02 01:16:50,BATT_VOLTAGE_2,28.5996,1,16,50,2,1,3,0,76,91010.0
2025-01-02 01:17:00,BATT_CURRENT_1,3.1172,1,17,0,2,1,3,0,77,91020.0
2025-01-02 01:17:10,BATT_CURRENT_2,3.187,1,17,10,2,1,3,0,77,91030.0
2025-01-02 01:17:20,BATT_TEMP_1,29.9246,1,17,20,2,1,3,0,77,91040.0
2025-01-02 01:17:30,BATT_TEMP_2,28.209,1,17,30,2,1,3,0,77,91050.0
2025-01-02 01:17:40,BATT_SOC,83.4455,1,17,40,2,1,3,0,77,91060.0
2025-01-02 01:17:50,SOLAR_PANEL_VOLT_A,31.894,1,17,50,2,1,3,0,77,91070.0
2025-01-02 01:18:00,SOLAR_PANEL_VOLT_B,31.7427,1,18,0,2,1,3,0,78,91080.0
2025-01-02 01:18:10,SOLAR_PANEL_CURR_A,6.826,1,18,10,2,1,3,0,78,91090.0
2025-01-02 01:18:20,SOLAR_PANEL_CURR_B,6.6253,1,18,20,2,1,3,0,78,91100.0
2025-01-02 01:18:30,SOLAR_POWER_TOTAL,111.9203,1,18,30,2,1,3,0,78,91110.0
2025-01-02 01:18:40,BUS_VOLTAGE,28.7911,1,18,40,2,1,3,0,78,91120.0
2025-01-02 01:18:50,BUS_CURRENT,8.3635,1,18,50,2,1,3,0,78,91130.0
2025-01-02 01:19:00,THRUSTER_TEMP_1,25.0489,1,19,0,2,1,3,0,79,91140.0
2025-01-02 01:19:10,THRUSTER_TEMP_2,23.9637,1,19,10,2,1,3,0,79,91150.0
2025-01-02 01:19:20,PAYLOAD_TEMP_CAM,24.9309,1,19,20,2,1,3,0,79,91160.0
2025-01-02 01:19:30,PAYLOAD_TEMP_SENSOR,23.127,1,19,30,2,1,3,0,79,91170.0
2025-01-02 01:19:40,OBC_TEMP,42.1279,1,19,40,2,1,3,0,79,91180.0
2025-01-02 01:19:50,TRANS_TEMP,35.48,1,19,50,2,1,3,0,79,91190.0
2025-01-02 01:20:00,STRUCT_TEMP_PANEL_X,37.2791,1,20,0,2,1,3,0,80,91200.0
2025-01-02 01:20:10,STRUCT_TEMP_PANEL_Y,29.2831,1,20,10,2,1,3,0,80,91210.0
2025-01-02 01:20:20,STRUCT_TEMP_PANEL_Z,33.5334,1,20,20,2,1,3,0,80,91220.0
2025-01-02 01:20:30,RADIATOR_TEMP,-9.5865,1,20,30,2,1,3,0,80,91230.0
2025-01-02 01:20:40,GYRO_X,0.0299,1,20,40,2,1,3,0,80,91240.0
2025-01-02 01:20:50,GYRO_Y,0.037,1,20,50,2,1,3,0,80,91250.0
2025-01-02 01:21:00,GYRO_Z,-0.0115,1,21,0,2,1,3,0,81,91260.0
2025-01-02 01:21:10,MAGNETOMETER_X,19.0677,1,21,10,2,1,3,0,81,91270.0
2025-01-02 01:21:20,MAGNETOMETER_Y,36.6095,1,21,20,2,1,3,0,81,91280.0
2025-01-02 01:21:30,MAGNETOMETER_Z,24.3189,1,21,30,2,1,3,0,81,91290.0
2025-01-02 01:21:40,REACTION_WHEEL_SPD_X,1414.0768,1,21,40,2,1,3,0,81,91300.0
2025-01-02 01:21:50,REACTION_WHEEL_SPD_Y,-405.7343,1,21,50,2,1,3,0,81,91310.0
2025-01-02 01:22:00,REACTION_WHEEL_SPD_Z,1033.5545,1,22,0,2,1,3,0,82,91320.0
2025-01-02 01:22:10,ATTITUDE_ROLL,1.8766,1,22,10,2,1,3,0,82,91330.0
2025-01-02 01:22:20,ATTITUDE_PITCH,0.9192,1,22,20,2,1,3,0,82,91340.0
2025-01-02 01:22:30,ATTITUDE_YAW,2.3543,1,22,30,2,1,3,0,82,91350.0
2025-01-02 01:22:40,STAR_TRACKER_VALID,0.6929,1,22,40,2,1,3,0,82,91360.0
2025-01-02 01:22:50,SUN_SENSOR_ANGLE,81.648,1,22,50,2,1,3,0,82,91370.0
2025-01-02 01:23:00,RF_SIGNAL_STRENGTH,-54.1777,1,23,0,2,1,3,0,83,91380.0
2025-01-02 01:23:10,RF_NOISE_FLOOR,-91.7397,1,23,10,2,1,3,0,83,91390.0
2025-01-02 01:23:20,TX_POWER,3.7059,1,23,20,2,1,3,0,83,91400.0
2025-01-02 01:23:30,LINK_MARGIN,16.3722,1,23,30,2,1,3,0,83,91410.0
2025-01-02 01:23:40,DATA_RATE_KBPS,156.2139,1,23,40,2,1,3,0,83,91420.0
2025-01-02 01:23:50,PACKET_LOSS_RATE,1.4993,1,23,50,2,1,3,0,83,91430.0
2025-01-02 01:24:00,CPU_USAGE,33.0565,1,24,0,2,1,3,0,84,91440.0
2025-01-02 01:24:10,MEMORY_USAGE,56.5662,1,24,10,2,1,3,0,84,91450.0
2025-01-02 01:24:20,FLASH_WRITE_RATE,3.6021,1,24,20,2,1,3,0,84,91460.0
2025-01-02 01:24:30,WATCHDOG_COUNTER,70.2646,1,24,30,2,1,3,0,84,91470.0
2025-01-02 01:24:40,TANK_PRESSURE,304.1489,1,24,40,2,1,3,0,84,91480.0
2025-01-02 01:24:50,THRUSTER_VALVE_TEMP,17.2303,1,24,50,2,1,3,0,84,91490.0
2025-01-02 01:25:00,BATT_VOLTAGE_1,28.1529,1,25,0,2,1,3,0,85,91500.0
2025-01-02 01:25:10,BATT_VOLTAGE_2,28.4549,1,25,10,2,1,3,0,85,91510.0
2025-01-02 01:25:20,BATT_CURRENT_1,3.0686,1,25,20,2,1,3,0,85,91520.0
2025-01-02 01:25:30,BATT_CURRENT_2,2.818,1,25,30,2,1,3,0,85,91530.0
2025-01-02 01:25:40,BATT_TEMP_1,28.0254,1,25,40,2,1,3,0,85,91540.0
2025-01-02 01:25:50,BATT_TEMP_2,29.5927,1,25,50,2,1,3,0,85,91550.0
2025-01-02 01:26:00,BATT_SOC,90.6999,1,26,0,2,1,3,0,86,91560.0
2025-01-02 01:26:10,SOLAR_PANEL_VOLT_A,32.4539,1,26,10,2,1,3,0,86,91570.0
2025-01-02 01:26:20,SOLAR_PANEL_VOLT_B,30.4976,1,26,20,2,1,3,0,86,91580.0
2025-01-02 01:26:30,SOLAR_PANEL_CURR_A,6.0983,1,26,30,2,1,3,0,86,91590.0
2025-01-02 01:26:40,SOLAR_PANEL_CURR_B,6.4143,1,26,40,2,1,3,0,86,91600.0
2025-01-02 01:26:50,SOLAR_POWER_TOTAL,107.8813,1,26,50,2,1,3,0,86,91610.0
2025-01-02 01:27:00,BUS_VOLTAGE,28.8283,1,27,0,2,1,3,0,87,91620.0
2025-01-02 01:27:10,BUS_CURRENT,10.1986,1,27,10,2,1,3,0,87,91630.0
2025-01-02 01:27:20,THRUSTER_TEMP_1,25.5626,1,27,20,2,1,3,0,87,91640.0
2025-01-02 01:27:30,THRUSTER_TEMP_2,24.9069,1,27,30,2,1,3,0,87,91650.0
2025-01-02 01:27:40,PAYLOAD_TEMP_CAM,24.7742,1,27,40,2,1,3,0,87,91660.0
2025-01-02 01:27:50,PAYLOAD_TEMP_SENSOR,24.9682,1,27,50,2,1,3,0,87,91670.0
2025-01-02 01:28:00,OBC_TEMP,44.7486,1,28,0,2,1,3,0,88,91680.0
2025-01-02 01:28:10,TRANS_TEMP,35.7434,1,28,10,2,1,3,0,88,91690.0
2025-01-02 01:28:20,STRUCT_TEMP_PANEL_X,25.7153,1,28,20,2,1,3,0,88,91700.0
2025-01-02 01:28:30,STRUCT_TEMP_PANEL_Y,19.1717,1,28,30,2,1,3,0,88,91710.0
2025-01-02 01:28:40,STRUCT_TEMP_PANEL_Z,35.7361,1,28,40,2,1,3,0,88,91720.0
2025-01-02 01:28:50,RADIATOR_TEMP,-2.7058,1,28,50,2,1,3,0,88,91730.0
2025-01-02 01:29:00,GYRO_X,0.0319,1,29,0,2,1,3,0,89,91740.0
2025-01-02 01:29:10,GYRO_Y,0.0057,1,29,10,2,1,3,0,89,91750.0
2025-01-02 01:29:20,GYRO_Z,0.0396,1,29,20,2,1,3,0,89,91760.0
2025-01-02 01:29:30,MAGNETOMETER_X,27.8622,1,29,30,2,1,3,0,89,91770.0
2025-01-02 01:29:40,MAGNETOMETER_Y,32.0848,1,29,40,2,1,3,0,89,91780.0
2025-01-02 01:29:50,MAGNETOMETER_Z,13.7845,1,29,50,2,1,3,0,89,91790.0
2025-01-02 01:30:00,REACTION_WHEEL_SPD_X,713.4786,1,30,0,2,1,3,0,90,91800.0
2025-01-02 01:30:10,REACTION_WHEEL_SPD_Y,902.7341,1,30,10,2,1,3,0,90,91810.0
2025-01-02 01:30:20,REACTION_WHEEL_SPD_Z,978.3143,1,30,20,2,1,3,0,90,91820.0
2025-01-02 01:30:30,ATTITUDE_ROLL,-0.3529,1,30,30,2,1,3,0,90,91830.0
2025-01-02 01:30:40,ATTITUDE_PITCH,-0.3249,1,30,40,2,1,3,0,90,91840.0
2025-01-02 01:30:50,ATTITUDE_YAW,1.8549,1,30,50,2,1,3,0,90,91850.0
2025-01-02 01:31:00,STAR_TRACKER_VALID,0.7377,1,31,0,2,1,3,0,91,91860.0
2025-01-02 01:31:10,SUN_SENSOR_ANGLE,83.2089,1,31,10,2,1,3,0,91,91870.0
2025-01-02 01:31:20,RF_SIGNAL_STRENGTH,-65.925,1,31,20,2,1,3,0,91,91880.0
2025-01-02 01:31:30,RF_NOISE_FLOOR,-87.2049,1,31,30,2,1,3,0,91,91890.0
2025-01-02 01:31:40,TX_POWER,4.078,1,31,40,2,1,3,0,91,91900.0
2025-01-02 01:31:50,LINK_MARGIN,17.3781,1,31,50,2,1,3,0,91,91910.0
2025-01-02 01:32:00,DATA_RATE_KBPS,140.7428,1,32,0,2,1,3,0,92,91920.0
2025-01-02 01:32:10,PACKET_LOSS_RATE,1.1476,1,32,10,2,1,3,0,92,91930.0
2025-01-02 01:32:20,CPU_USAGE,42.6031,1,32,20,2,1,3,0,92,91940.0
2025-01-02 01:32:30,MEMORY_USAGE,62.9561,1,32,30,2,1,3,0,92,91950.0
2025-01-02 01:32:40,FLASH_WRITE_RATE,3.7126,1,32,40,2,1,3,0,92,91960.0
2025-01-02 01:32:50,WATCHDOG_COUNTER,64.3925,1,32,50,2,1,3,0,92,91970.0
2025-01-02 01:33:00,TANK_PRESSURE,309.4697,1,33,0,2,1,3,0,93,91980.0
2025-01-02 01:33:10,THRUSTER_VALVE_TEMP,19.4837,1,33,10,2,1,3,0,93,91990.0
2025-01-02 01:33:20,BATT_VOLTAGE_1,29.0161,1,33,20,2,1,3,0,93,92000.0
2025-01-02 01:33:30,BATT_VOLTAGE_2,28.6249,1,33,30,2,1,3,0,93,92010.0
2025-01-02 01:33:40,BATT_CURRENT_1,2.797,1,33,40,2,1,3,0,93,92020.0
2025-01-02 01:33:50,BATT_CURRENT_2,3.1299,1,33,50,2,1,3,0,93,92030.0
2025-01-02 01:34:00,BATT_TEMP_1,26.411,1,34,0,2,1,3,0,94,92040.0
2025-01-02 01:34:10,BATT_TEMP_2,28.4266,1,34,10,2,1,3,0,94,92050.0
2025-01-02 01:34:20,BATT_SOC,84.3864,1,34,20,2,1,3,0,94,92060.0
2025-01-02 01:34:30,SOLAR_PANEL_VOLT_A,32.3006,1,34,30,2,1,3,0,94,92070.0
2025-01-02 01:34:40,SOLAR_PANEL_VOLT_B,30.9659,1,34,40,2,1,3,0,94,92080.0
2025-01-02 01:34:50,SOLAR_PANEL_CURR_A,5.2161,1,34,50,2,1,3,0,94,92090.0
2025-01-02 01:35:00,SOLAR_PANEL_CURR_B,6.9753,1,35,0,2,1,3,0,95,92100.0
2025-01-02 01:35:10,SOLAR_POWER_TOTAL,116.9628,1,35,10,2,1,3,0,95,92110.0
2025-01-02 01:35:20,BUS_VOLTAGE,28.9921,1,35,20,2,1,3,0,95,92120.0
2025-01-02 01:35:30,BUS_CURRENT,8.3231,1,35,30,2,1,3,0,95,92130.0
2025-01-02 01:35:40,THRUSTER_TEMP_1,25.4684,1,35,40,2,1,3,0,95,92140.0
2025-01-02 01:35:50,THRUSTER_TEMP_2,24.1863,1,35,50,2,1,3,0,95,92150.0
2025-01-02 01:36:00,PAYLOAD_TEMP_CAM,25.9266,1,36,0,2,1,3,0,96,92160.0
2025-01-02 01:36:10,PAYLOAD_TEMP_SENSOR,22.3163,1,36,10,2,1,3,0,96,92170.0
2025-01-02 01:36:20,OBC_TEMP,43.8342,1,36,20,2,1,3,0,96,92180.0
2025-01-02 01:36:30,TRANS_TEMP,35.9926,1,36,30,2,1,3,0,96,92190.0
2025-01-02 01:36:40,STRUCT_TEMP_PANEL_X,15.7851,1,36,40,2,1,3,0,96,92200.0
2025-01-02 01:36:50,STRUCT_TEMP_PANEL_Y,27.9557,1,36,50,2,1,3,0,96,92210.0
2025-01-02 01:37:00,STRUCT_TEMP_PANEL_Z,35.1339,1,37,0,2,1,3,0,97,92220.0
2025-01-02 01:37:10,RADIATOR_TEMP,-2.3808,1,37,10,2,1,3,0,97,92230.0
2025-01-02 01:37:20,GYRO_X,-0.0049,1,37,20,2,1,3,0,97,92240.0
2025-01-02 01:37:30,GYRO_Y,0.0423,1,37,30,2,1,3,0,97,92250.0
2025-01-02 01:37:40,GYRO_Z,0.0401,1,37,40,2,1,3,0,97,92260.0
2025-01-02 01:37:50,MAGNETOMETER_X,24.0454,1,37,50,2,1,3,0,97,92270.0
2025-01-02 01:38:00,MAGNETOMETER_Y,13.315,1,38,0,2,1,3,0,98,92280.0
2025-01-02 01:38:10,MAGNETOMETER_Z,32.4962,1,38,10,2,1,3,0,98,92290.0
2025-01-02 01:38:20,REACTION_WHEEL_SPD_X,598.2705,1,38,20,2,1,3,0,98,92300.0
2025-01-02 01:38:30,REACTION_WHEEL_SPD_Y,-508.0906,1,38,30,2,1,3,0,98,92310.0
2025-01-02 01:38:40,REACTION_WHEEL_SPD_Z,538.7333,1,38,40,2,1,3,0,98,92320.0
2025-01-02 01:38:50,ATTITUDE_ROLL,-0.0967,1,38,50,2,1,3,0,98,92330.0
2025-01-02 01:39:00,ATTITUDE_PITCH,1.6038,1,39,0,2,1,3,0,99,92340.0
2025-01-02 01:39:10,ATTITUDE_YAW,2.031,1,39,10,2,1,3,0,99,92350.0
2025-01-02 01:39:20,STAR_TRACKER_VALID,0.6008,1,39,20,2,1,3,0,99,92360.0
2025-01-02 01:39:30,SUN_SENSOR_ANGLE,142.7021,1,39,30,2,1,3,0,99,92370.0
2025-01-02 01:39:40,RF_SIGNAL_STRENGTH,-59.1777,1,39,40,2,1,3,0,99,92380.0
2025-01-02 01:39:50,RF_NOISE_FLOOR,-93.9667,1,39,50,2,1,3,0,99,92390.0
2025-01-02 01:40:00,TX_POWER,4.3489,1,40,0,2,1,3,0,100,92400.0
2025-01-02 01:40:10,LINK_MARGIN,18.8826,1,40,10,2,1,3,0,100,92410.0
2025-01-02 01:40:20,DATA_RATE_KBPS,153.3059,1,40,20,2,1,3,0,100,92420.0
2025-01-02 01:40:30,PACKET_LOSS_RATE,1.2666,1,40,30,2,1,3,0,100,92430.0
2025-01-02 01:40:40,CPU_USAGE,41.2417,1,40,40,2,1,3,0,100,92440.0
2025-01-02 01:40:50,MEMORY_USAGE,59.4792,1,40,50,2,1,3,0,100,92450.0
2025-01-02 01:41:00,FLASH_WRITE_RATE,4.103,1,41,0,2,1,3,0,101,92460.0
2025-01-02 01:41:10,WATCHDOG_COUNTER,69.1197,1,41,10,2,1,3,0,101,92470.0
2025-01-02 01:41:20,TANK_PRESSURE,303.3913,1,41,20,2,1,3,0,101,92480.0
2025-01-02 01:41:30,THRUSTER_VALVE_TEMP,18.8701,1,41,30,2,1,3,0,101,92490.0
2025-01-02 01:41:40,BATT_VOLTAGE_1,27.7439,1,41,40,2,1,3,0,101,92500.0
2025-01-02 01:41:50,BATT_VOLTAGE_2,27.6903,1,41,50,2,1,3,0,101,92510.0
2025-01-02 01:42:00,BATT_CURRENT_1,2.6618,1,42,0,2,1,3,0,102,92520.0
2025-01-02 01:42:10,BATT_CURRENT_2,3.1101,1,42,10,2,1,3,0,102,92530.0
2025-01-02 01:42:20,BATT_TEMP_1,27.8476,1,42,20,2,1,3,0,102,92540.0
2025-01-02 01:42:30,BATT_TEMP_2,29.0313,1,42,30,2,1,3,0,102,92550.0
2025-01-02 01:42:40,BATT_SOC,85.2209,1,42,40,2,1,3,0,102,92560.0
2025-01-02 01:42:50,SOLAR_PANEL_VOLT_A,32.7581,1,42,50,2,1,3,0,102,92570.0
2025-01-02 01:43:00,SOLAR_PANEL_VOLT_B,32.3637,1,43,0,2,1,3,0,103,92580.0
2025-01-02 01:43:10,SOLAR_PANEL_CURR_A,6.4459,1,43,10,2,1,3,0,103,92590.0
2025-01-02 01:43:20,SOLAR_PANEL_CURR_B,6.3386,1,43,20,2,1,3,0,103,92600.0
2025-01-02 01:43:30,SOLAR_POWER_TOTAL,116.1041,1,43,30,2,1,3,0,103,92610.0
2025-01-02 01:43:40,BUS_VOLTAGE,28.9867,1,43,40,2,1,3,0,103,92620.0
2025-01-02 01:43:50,BUS_CURRENT,10.0345,1,43,50,2,1,3,0,103,92630.0
2025-01-02 01:44:00,THRUSTER_TEMP_1,21.7863,1,44,0,2,1,3,0,104,92640.0
2025-01-02 01:44:10,THRUSTER_TEMP_2,25.4455,1,44,10,2,1,3,0,104,92650.0
2025-01-02 01:44:20,PAYLOAD_TEMP_CAM,23.4639,1,44,20,2,1,3,0,104,92660.0
2025-01-02 01:44:30,PAYLOAD_TEMP_SENSOR,22.0294,1,44,30,2,1,3,0,104,92670.0
2025-01-02 01:44:40,OBC_TEMP,48.5002,1,44,40,2,1,3,0,104,92680.0
2025-01-02 01:44:50,TRANS_TEMP,41.883,1,44,50,2,1,3,0,104,92690.0
2025-01-02 01:45:00,STRUCT_TEMP_PANEL_X,23.1987,1,45,0,2,1,3,0,105,92700.0
2025-01-02 01:45:10,STRUCT_TEMP_PANEL_Y,28.3729,1,45,10,2,1,3,0,105,92710.0
2025-01-02 01:45:20,STRUCT_TEMP_PANEL_Z,34.9486,1,45,20,2,1,3,0,105,92720.0
2025-01-02 01:45:30,RADIATOR_TEMP,-1.2102,1,45,30,2,1,3,0,105,92730.0
2025-01-02 01:45:40,GYRO_X,0.0189,1,45,40,2,1,3,0,105,92740.0
2025-01-02 01:45:50,GYRO_Y,0.0423,1,45,50,2,1,3,0,105,92750.0
2025-01-02 01:46:00,GYRO_Z,0.0229,1,46,0,2,1,3,0,106,92760.0
2025-01-02 01:46:10,MAGNETOMETER_X,28.6373,1,46,10,2,1,3,0,106,92770.0
2025-01-02 01:46:20,MAGNETOMETER_Y,24.1981,1,46,20,2,1,3,0,106,92780.0
2025-01-02 01:46:30,MAGNETOMETER_Z,-9.5398,1,46,30,2,1,3,0,106,92790.0
2025-01-02 01:46:40,REACTION_WHEEL_SPD_X,1813.1418,1,46,40,2,1,3,0,106,92800.0
2025-01-02 01:46:50,REACTION_WHEEL_SPD_Y,1814.8111,1,46,50,2,1,3,0,106,92810.0
2025-01-02 01:47:00,REACTION_WHEEL_SPD_Z,1283.5825,1,47,0,2,1,3,0,107,92820.0
2025-01-02 01:47:10,ATTITUDE_ROLL,0.686,1,47,10,2,1,3,0,107,92830.0
2025-01-02 01:47:20,ATTITUDE_PITCH,1.2278,1,47,20,2,1,3,0,107,92840.0
2025-01-02 01:47:30,ATTITUDE_YAW,2.6403,1,47,30,2,1,3,0,107,92850.0
2025-01-02 01:47:40,STAR_TRACKER_VALID,0.7486,1,47,40,2,1,3,0,107,92860.0
2025-01-02 01:47:50,SUN_SENSOR_ANGLE,87.0912,1,47,50,2,1,3,0,107,92870.0
2025-01-02 01:48:00,RF_SIGNAL_STRENGTH,-55.7837,1,48,0,2,1,3,0,108,92880.0
2025-01-02 01:48:10,RF_NOISE_FLOOR,-95.6385,1,48,10,2,1,3,0,108,92890.0
2025-01-02 01:48:20,TX_POWER,3.8611,1,48,20,2,1,3,0,108,92900.0
2025-01-02 01:48:30,LINK_MARGIN,19.9848,1,48,30,2,1,3,0,108,92910.0
2025-01-02 01:48:40,DATA_RATE_KBPS,118.636,1,48,40,2,1,3,0,108,92920.0
2025-01-02 01:48:50,PACKET_LOSS_RATE,1.3813,1,48,50,2,1,3,0,108,92930.0
2025-01-02 01:49:00,CPU_USAGE,33.4777,1,49,0,2,1,3,0,109,92940.0
2025-01-02 01:49:10,MEMORY_USAGE,51.2226,1,49,10,2,1,3,0,109,92950.0
2025-01-02 01:49:20,FLASH_WRITE_RATE,3.6055,1,49,20,2,1,3,0,109,92960.0
2025-01-02 01:49:30,WATCHDOG_COUNTER,67.6472,1,49,30,2,1,3,0,109,92970.0
2025-01-02 01:49:40,TANK_PRESSURE,310.7857,1,49,40,2,1,3,0,109,92980.0
2025-01-02 01:49:50,THRUSTER_VALVE_TEMP,18.248,1,49,50,2,1,3,0,109,92990.0
2025-01-02 01:50:00,BATT_VOLTAGE_1,28.6572,1,50,0,2,1,3,0,110,93000.0
2025-01-02 01:50:10,BATT_VOLTAGE_2,27.9883,1,50,10,2,1,3,0,110,93010.0
2025-01-02 01:50:20,BATT_CURRENT_1,2.3529,1,50,20,2,1,3,0,110,93020.0
2025-01-02 01:50:30,BATT_CURRENT_2,3.2711,1,50,30,2,1,3,0,110,93030.0
2025-01-02 01:50:40,BATT_TEMP_1,26.3664,1,50,40,2,1,3,0,110,93040.0
2025-01-02 01:50:50,BATT_TEMP_2,29.393,1,50,50,2,1,3,0,110,93050.0
2025-01-02 01:51:00,BATT_SOC,80.9364,1,51,0,2,1,3,0,111,93060.0
2025-01-02 01:51:10,SOLAR_PANEL_VOLT_A,32.3833,1,51,10,2,1,3,0,111,93070.0
2025-01-02 01:51:20,SOLAR_PANEL_VOLT_B,32.5706,1,51,20,2,1,3,0,111,93080.0
2025-01-02 01:51:30,SOLAR_PANEL_CURR_A,5.6365,1,51,30,2,1,3,0,111,93090.0
2025-01-02 01:51:40,SOLAR_PANEL_CURR_B,6.6598,1,51,40,2,1,3,0,111,93100.0
2025-01-02 01:51:50,SOLAR_POWER_TOTAL,118.1846,1,51,50,2,1,3,0,111,93110.0
2025-01-02 01:52:00,BUS_VOLTAGE,28.8007,1,52,0,2,1,3,0,112,93120.0
2025-01-02 01:52:10,BUS_CURRENT,9.6819,1,52,10,2,1,3,0,112,93130.0
2025-01-02 01:52:20,THRUSTER_TEMP_1,25.1272,1,52,20,2,1,3,0,112,93140.0
2025-01-02 01:52:30,THRUSTER_TEMP_2,23.1802,1,52,30,2,1,3,0,112,93150.0
2025-01-02 01:52:40,PAYLOAD_TEMP_CAM,25.6273,1,52,40,2,1,3,0,112,93160.0
2025-01-02 01:52:50,PAYLOAD_TEMP_SENSOR,23.8553,1,52,50,2,1,3,0,112,93170.0
2025-01-02 01:53:00,OBC_TEMP,49.805,1,53,0,2,1,3,0,113,93180.0
2025-01-02 01:53:10,TRANS_TEMP,41.6324,1,53,10,2,1,3,0,113,93190.0
2025-01-02 01:53:20,STRUCT_TEMP_PANEL_X,14.2329,1,53,20,2,1,3,0,113,93200.0
2025-01-02 01:53:30,STRUCT_TEMP_PANEL_Y,23.0049,1,53,30,2,1,3,0,113,93210.0
2025-01-02 01:53:40,STRUCT_TEMP_PANEL_Z,27.4946,1,53,40,2,1,3,0,113,93220.0
2025-01-02 01:53:50,RADIATOR_TEMP,-9.8746,1,53,50,2,1,3,0,113,93230.0
2025-01-02 01:54:00,GYRO_X,0.025,1,54,0,2,1,3,0,114,93240.0
2025-01-02 01:54:10,GYRO_Y,-0.0038,1,54,10,2,1,3,0,114,93250.0
2025-01-02 01:54:20,GYRO_Z,0.0265,1,54,20,2,1,3,0,114,93260.0
2025-01-02 01:54:30,MAGNETOMETER_X,5.5256,1,54,30,2,1,3,0,114,93270.0
2025-01-02 01:54:40,MAGNETOMETER_Y,2.0269,1,54,40,2,1,3,0,114,93280.0
2025-01-02 01:54:50,MAGNETOMETER_Z,20.8184,1,54,50,2,1,3,0,114,93290.0
2025-01-02 01:55:00,REACTION_WHEEL_SPD_X,965.7299,1,55,0,2,1,3,0,115,93300.0
2025-01-02 01:55:10,REACTION_WHEEL_SPD_Y,1516.4162,1,55,10,2,1,3,0,115,93310.0
2025-01-02 01:55:20,REACTION_WHEEL_SPD_Z,694.6097,1,55,20,2,1,3,0,115,93320.0
2025-01-02 01:55:30,ATTITUDE_ROLL,1.0247,1,55,30,2,1,3,0,115,93330.0
2025-01-02 01:55:40,ATTITUDE_PITCH,1.9205,1,55,40,2,1,3,0,115,93340.0
2025-01-02 01:55:50,ATTITUDE_YAW,-0.4068,1,55,50,2,1,3,0,115,93350.0
2025-01-02 01:56:00,STAR_TRACKER_VALID,0.6883,1,56,0,2,1,3,0,116,93360.0
2025-01-02 01:56:10,SUN_SENSOR_ANGLE,103.7056,1,56,10,2,1,3,0,116,93370.0
2025-01-02 01:56:20,RF_SIGNAL_STRENGTH,-59.3933,1,56,20,2,1,3,0,116,93380.0
2025-01-02 01:56:30,RF_NOISE_FLOOR,-87.2718,1,56,30,2,1,3,0,116,93390.0
2025-01-02 01:56:40,TX_POWER,3.5257,1,56,40,2,1,3,0,116,93400.0
2025-01-02 01:56:50,LINK_MARGIN,18.9663,1,56,50,2,1,3,0,116,93410.0
2025-01-02 01:57:00,DATA_RATE_KBPS,114.1485,1,57,0,2,1,3,0,117,93420.0
2025-01-02 01:57:10,PACKET_LOSS_RATE,0.9931,1,57,10,2,1,3,0,117,93430.0
2025-01-02 01:57:20,CPU_USAGE,43.8145,1,57,20,2,1,3,0,117,93440.0
2025-01-02 01:57:30,MEMORY_USAGE,59.0661,1,57,30,2,1,3,0,117,93450.0
2025-01-02 01:57:40,FLASH_WRITE_RATE,3.5402,1,57,40,2,1,3,0,117,93460.0
2025-01-02 01:57:50,WATCHDOG_COUNTER,60.4322,1,57,50,2,1,3,0,117,93470.0
2025-01-02 01:58:00,TANK_PRESSURE,308.1318,1,58,0,2,1,3,0,118,93480.0
2025-01-02 01:58:10,THRUSTER_VALVE_TEMP,20.7754,1,58,10,2,1,3,0,118,93490.0
2025-01-02 01:58:20,BATT_VOLTAGE_1,28.0027,1,58,20,2,1,3,0,118,93500.0
2025-01-02 01:58:30,BATT_VOLTAGE_2,28.6945,1,58,30,2,1,3,0,118,93510.0
2025-01-02 01:58:40,BATT_CURRENT_1,3.0038,1,58,40,2,1,3,0,118,93520.0
2025-01-02 01:58:50,BATT_CURRENT_2,3.3731,1,58,50,2,1,3,0,118,93530.0
2025-01-02 01:59:00,BATT_TEMP_1,26.9938,1,59,0,2,1,3,0,119,93540.0
2025-01-02 01:59:10,BATT_TEMP_2,27.6181,1,59,10,2,1,3,0,119,93550.0
2025-01-02 01:59:20,BATT_SOC,78.4996,1,59,20,2,1,3,0,119,93560.0
2025-01-02 01:59:30,SOLAR_PANEL_VOLT_A,31.4031,1,59,30,2,1,3,0,119,93570.0
2025-01-02 01:59:40,SOLAR_PANEL_VOLT_B,32.5837,1,59,40,2,1,3,0,119,93580.0
2025-01-02 01:59:50,SOLAR_PANEL_CURR_A,6.3185,1,59,50,2,1,3,0,119,93590.0
2025-01-02 02:00:00,SOLAR_PANEL_CURR_B,6.6287,2,0,0,2,1,3,0,120,93600.0
2025-01-02 02:00:10,SOLAR_POWER_TOTAL,110.6212,2,0,10,2,1,3,0,120,93610.0
2025-01-02 02:00:20,BUS_VOLTAGE,28.6632,2,0,20,2,1,3,0,120,93620.0
2025-01-02 02:00:30,BUS_CURRENT,10.8354,2,0,30,2,1,3,0,120,93630.0
2025-01-02 02:00:40,THRUSTER_TEMP_1,25.3629,2,0,40,2,1,3,0,120,93640.0
2025-01-02 02:00:50,THRUSTER_TEMP_2,26.3365,2,0,50,2,1,3,0,120,93650.0
2025-01-02 02:01:00,PAYLOAD_TEMP_CAM,24.7581,2,1,0,2,1,3,0,121,93660.0
2025-01-02 02:01:10,PAYLOAD_TEMP_SENSOR,25.7902,2,1,10,2,1,3,0,121,93670.0
2025-01-02 02:01:20,OBC_TEMP,46.1701,2,1,20,2,1,3,0,121,93680.0
2025-01-02 02:01:30,TRANS_TEMP,43.9094,2,1,30,2,1,3,0,121,93690.0
2025-01-02 02:01:40,STRUCT_TEMP_PANEL_X,26.7228,2,1,40,2,1,3,0,121,93700.0
2025-01-02 02:01:50,STRUCT_TEMP_PANEL_Y,19.1515,2,1,50,2,1,3,0,121,93710.0
2025-01-02 02:02:00,STRUCT_TEMP_PANEL_Z,32.5267,2,2,0,2,1,3,0,122,93720.0
2025-01-02 02:02:10,RADIATOR_TEMP,-3.1424,2,2,10,2,1,3,0,122,93730.0
2025-01-02 02:02:20,GYRO_X,0.0314,2,2,20,2,1,3,0,122,93740.0
2025-01-02 02:02:30,GYRO_Y,0.0116,2,2,30,2,1,3,0,122,93750.0
2025-01-02 02:02:40,GYRO_Z,0.0382,2,2,40,2,1,3,0,122,93760.0
2025-01-02 02:02:50,MAGNETOMETER_X,17.2072,2,2,50,2,1,3,0,122,93770.0
2025-01-02 02:03:00,MAGNETOMETER_Y,30.8763,2,3,0,2,1,3,0,123,93780.0
2025-01-02 02:03:10,MAGNETOMETER_Z,14.4431,2,3,10,2,1,3,0,123,93790.0
2025-01-02 02:03:20,REACTION_WHEEL_SPD_X,-236.1078,2,3,20,2,1,3,0,123,93800.0
2025-01-02 02:03:30,REACTION_WHEEL_SPD_Y,1307.0465,2,3,30,2,1,3,0,123,93810.0
2025-01-02 02:03:40,REACTION_WHEEL_SPD_Z,592.6268,2,3,40,2,1,3,0,123,93820.0
2025-01-02 02:03:50,ATTITUDE_ROLL,1.1907,2,3,50,2,1,3,0,123,93830.0
2025-01-02 02:04:00,ATTITUDE_PITCH,0.1465,2,4,0,2,1,3,0,124,93840.0
2025-01-02 02:04:10,ATTITUDE_YAW,2.5278,2,4,10,2,1,3,0,124,93850.0
2025-01-02 02:04:20,STAR_TRACKER_VALID,0.787,2,4,20,2,1,3,0,124,93860.0
2025-01-02 02:04:30,SUN_SENSOR_ANGLE,71.1477,2,4,30,2,1,3,0,124,93870.0
2025-01-02 02:04:40,RF_SIGNAL_STRENGTH,-54.3822,2,4,40,2,1,3,0,124,93880.0
2025-01-02 02:04:50,RF_NOISE_FLOOR,-97.829,2,4,50,2,1,3,0,124,93890.0
2025-01-02 02:05:00,TX_POWER,3.8424,2,5,0,2,1,3,0,125,93900.0
2025-01-02 02:05:10,LINK_MARGIN,15.7437,2,5,10,2,1,3,0,125,93910.0
2025-01-02 02:05:20,DATA_RATE_KBPS,163.9689,2,5,20,2,1,3,0,125,93920.0
2025-01-02 02:05:30,PACKET_LOSS_RATE,1.6124,2,5,30,2,1,3,0,125,93930.0
2025-01-02 02:05:40,CPU_USAGE,30.2618,2,5,40,2,1,3,0,125,93940.0
2025-01-02 02:05:50,MEMORY_USAGE,58.0115,2,5,50,2,1,3,0,125,93950.0
2025-01-02 02:06:00,FLASH_WRITE_RATE,3.4644,2,6,0,2,1,3,0,126,93960.0
2025-01-02 02:06:10,WATCHDOG_COUNTER,66.7762,2,6,10,2,1,3,0,126,93970.0
2025-01-02 02:06:20,TANK_PRESSURE,308.2449,2,6,20,2,1,3,0,126,93980.0
2025-01-02 02:06:30,THRUSTER_VALVE_TEMP,20.4729,2,6,30,2,1,3,0,126,93990.0
2025-01-02 02:06:40,BATT_VOLTAGE_1,27.9377,2,6,40,2,1,3,0,126,94000.0
2025-01-02 02:06:50,BATT_VOLTAGE_2,28.2154,2,6,50,2,1,3,0,126,94010.0
2025-01-02 02:07:00,BATT_CURRENT_1,3.0508,2,7,0,2,1,3,0,127,94020.0
2025-01-02 02:07:10,BATT_CURRENT_2,3.2003,2,7,10,2,1,3,0,127,94030.0
2025-01-02 02:07:20,BATT_TEMP_1,27.9109,2,7,20,2,1,3,0,127,94040.0
2025-01-02 02:07:30,BATT_TEMP_2,27.8234,2,7,30,2,1,3,0,127,94050.0
2025-01-02 02:07:40,BATT_SOC,85.7668,2,7,40,2,1,3,0,127,94060.0
2025-01-02 02:07:50,SOLAR_PANEL_VOLT_A,32.2798,2,7,50,2,1,3,0,127,94070.0
2025-01-02 02:08:00,SOLAR_PANEL_VOLT_B,31.9867,2,8,0,2,1,3,0,128,94080.0
2025-01-02 02:08:10,SOLAR_PANEL_CURR_A,6.2012,2,8,10,2,1,3,0,128,94090.0
2025-01-02 02:08:20,SOLAR_PANEL_CURR_B,6.1898,2,8,20,2,1,3,0,128,94100.0
2025-01-02 02:08:30,SOLAR_POWER_TOTAL,100.3436,2,8,30,2,1,3,0,128,94110.0
2025-01-02 02:08:40,BUS_VOLTAGE,28.9266,2,8,40,2,1,3,0,128,94120.0
2025-01-02 02:08:50,BUS_CURRENT,10.4476,2,8,50,2,1,3,0,128,94130.0
2025-01-02 02:09:00,THRUSTER_TEMP_1,25.3608,2,9,0,2,1,3,0,129,94140.0
2025-01-02 02:09:10,THRUSTER_TEMP_2,25.8466,2,9,10,2,1,3,0,129,94150.0
2025-01-02 02:09:20,PAYLOAD_TEMP_CAM,23.1043,2,9,20,2,1,3,0,129,94160.0
2025-01-02 02:09:30,PAYLOAD_TEMP_SENSOR,22.7159,2,9,30,2,1,3,0,129,94170.0
2025-01-02 02:09:40,OBC_TEMP,44.2632,2,9,40,2,1,3,0,129,94180.0
2025-01-02 02:09:50,TRANS_TEMP,44.4199,2,9,50,2,1,3,0,129,94190.0
2025-01-02 02:10:00,STRUCT_TEMP_PANEL_X,37.046,2,10,0,2,1,3,0,130,94200.0
2025-01-02 02:10:10,STRUCT_TEMP_PANEL_Y,36.581,2,10,10,2,1,3,0,130,94210.0
2025-01-02 02:10:20,STRUCT_TEMP_PANEL_Z,29.9119,2,10,20,2,1,3,0,130,94220.0
2025-01-02 02:10:30,RADIATOR_TEMP,-2.9828,2,10,30,2,1,3,0,130,94230.0
2025-01-02 02:10:40,GYRO_X,-0.01,2,10,40,2,1,3,0,130,94240.0
2025-01-02 02:10:50,GYRO_Y,0.0146,2,10,50,2,1,3,0,130,94250.0
2025-01-02 02:11:00,GYRO_Z,0.0264,2,11,0,2,1,3,0,131,94260.0
2025-01-02 02:11:10,MAGNETOMETER_X,13.3103,2,11,10,2,1,3,0,131,94270.0
2025-01-02 02:11:20,MAGNETOMETER_Y,-10.5147,2,11,20,2,1,3,0,131,94280.0
2025-01-02 02:11:30,MAGNETOMETER_Z,-0.3905,2,11,30,2,1,3,0,131,94290.0
2025-01-02 02:11:40,REACTION_WHEEL_SPD_X,9.96,2,11,40,2,1,3,0,131,94300.0
2025-01-02 02:11:50,REACTION_WHEEL_SPD_Y,866.59,2,11,50,2,1,3,0,131,94310.0
2025-01-02 02:12:00,REACTION_WHEEL_SPD_Z,1576.9568,2,12,0,2,1,3,0,132,94320.0
2025-01-02 02:12:10,ATTITUDE_ROLL,1.1236,2,12,10,2,1,3,0,132,94330.0
2025-01-02 02:12:20,ATTITUDE_PITCH,1.1464,2,12,20,2,1,3,0,132,94340.0
2025-01-02 02:12:30,ATTITUDE_YAW,1.7459,2,12,30,2,1,3,0,132,94350.0
2025-01-02 02:12:40,STAR_TRACKER_VALID,0.5407,2,12,40,2,1,3,0,132,94360.0
2025-01-02 02:12:50,SUN_SENSOR_ANGLE,96.894,2,12,50,2,1,3,0,132,94370.0
2025-01-02 02:13:00,RF_SIGNAL_STRENGTH,-56.3189,2,13,0,2,1,3,0,133,94380.0
2025-01-02 02:13:10,RF_NOISE_FLOOR,-88.1312,2,13,10,2,1,3,0,133,94390.0
2025-01-02 02:13:20,TX_POWER,3.898,2,13,20,2,1,3,0,133,94400.0
2025-01-02 02:13:30,LINK_MARGIN,18.736,2,13,30,2,1,3,0,133,94410.0
2025-01-02 02:13:40,DATA_RATE_KBPS,139.8066,2,13,40,2,1,3,0,133,94420.0
2025-01-02 02:13:50,PACKET_LOSS_RATE,1.326,2,13,50,2,1,3,0,133,94430.0
2025-01-02 02:14:00,CPU_USAGE,38.7634,2,14,0,2,1,3,0,134,94440.0
2025-01-02 02:14:10,MEMORY_USAGE,49.7113,2,14,10,2,1,3,0,134,94450.0
2025-01-02 02:14:20,FLASH_WRITE_RATE,3.6602,2,14,20,2,1,3,0,134,94460.0
2025-01-02 02:14:30,WATCHDOG_COUNTER,58.9033,2,14,30,2,1,3,0,134,94470.0
2025-01-02 02:14:40,TANK_PRESSURE,302.2601,2,14,40,2,1,3,0,134,94480.0
2025-01-02 02:14:50,THRUSTER_VALVE_TEMP,17.3242,2,14,50,2,1,3,0,134,94490.0
2025-01-02 02:15:00,BATT_VOLTAGE_1,28.7425,2,15,0,2,1,3,0,135,94500.0
2025-01-02 02:15:10,BATT_VOLTAGE_2,28.794,2,15,10,2,1,3,0,135,94510.0
2025-01-02 02:15:20,BATT_CURRENT_1,3.0866,2,15,20,2,1,3,0,135,94520.0
2025-01-02 02:15:30,BATT_CURRENT_2,3.1896,2,15,30,2,1,3,0,135,94530.0
2025-01-02 02:15:40,BATT_TEMP_1,30.416,2,15,40,2,1,3,0,135,94540.0
2025-01-02 02:15:50,BATT_TEMP_2,30.0019,2,15,50,2,1,3,0,135,94550.0
2025-01-02 02:16:00,BATT_SOC,89.284,2,16,0,2,1,3,0,136,94560.0
2025-01-02 02:16:10,SOLAR_PANEL_VOLT_A,31.3841,2,16,10,2,1,3,0,136,94570.0
2025-01-02 02:16:20,SOLAR_PANEL_VOLT_B,31.2767,2,16,20,2,1,3,0,136,94580.0
2025-01-02 02:16:30,SOLAR_PANEL_CURR_A,6.3572,2,16,30,2,1,3,0,136,94590.0
2025-01-02 02:16:40,SOLAR_PANEL_CURR_B,6.5733,2,16,40,2,1,3,0,136,94600.0
2025-01-02 02:16:50,SOLAR_POWER_TOTAL,102.7976,2,16,50,2,1,3,0,136,94610.0
2025-01-02 02:17:00,BUS_VOLTAGE,28.6642,2,17,0,2,1,3,0,137,94620.0
2025-01-02 02:17:10,BUS_CURRENT,9.5138,2,17,10,2,1,3,0,137,94630.0
2025-01-02 02:17:20,THRUSTER_TEMP_1,25.8035,2,17,20,2,1,3,0,137,94640.0
2025-01-02 02:17:30,THRUSTER_TEMP_2,21.6181,2,17,30,2,1,3,0,137,94650.0
2025-01-02 02:17:40,PAYLOAD_TEMP_CAM,25.2209,2,17,40,2,1,3,0,137,94660.0
2025-01-02 02:17:50,PAYLOAD_TEMP_SENSOR,26.0653,2,17,50,2,1,3,0,137,94670.0
2025-01-02 02:18:00,OBC_TEMP,47.562,2,18,0,2,1,3,0,138,94680.0
2025-01-02 02:18:10,TRANS_TEMP,44.1501,2,18,10,2,1,3,0,138,94690.0
2025-01-02 02:18:20,STRUCT_TEMP_PANEL_X,21.3086,2,18,20,2,1,3,0,138,94700.0
2025-01-02 02:18:30,STRUCT_TEMP_PANEL_Y,34.7704,2,18,30,2,1,3,0,138,94710.0
2025-01-02 02:18:40,STRUCT_TEMP_PANEL_Z,35.9151,2,18,40,2,1,3,0,138,94720.0
2025-01-02 02:18:50,RADIATOR_TEMP,-13.4692,2,18,50,2,1,3,0,138,94730.0
2025-01-02 02:19:00,GYRO_X,0.0527,2,19,0,2,1,3,0,139,94740.0
2025-01-02 02:19:10,GYRO_Y,0.0289,2,19,10,2,1,3,0,139,94750.0
2025-01-02 02:19:20,GYRO_Z,0.0313,2,19,20,2,1,3,0,139,94760.0
2025-01-02 02:19:30,MAGNETOMETER_X,0.3685,2,19,30,2,1,3,0,139,94770.0
2025-01-02 02:19:40,MAGNETOMETER_Y,-5.3745,2,19,40,2,1,3,0,139,94780.0
2025-01-02 02:19:50,MAGNETOMETER_Z,29.691,2,19,50,2,1,3,0,139,94790.0
2025-01-02 02:20:00,REACTION_WHEEL_SPD_X,1297.4081,2,20,0,2,1,3,0,140,94800.0
2025-01-02 02:20:10,REACTION_WHEEL_SPD_Y,641.8172,2,20,10,2,1,3,0,140,94810.0
2025-01-02 02:20:20,REACTION_WHEEL_SPD_Z,6.4311,2,20,20,2,1,3,0,140,94820.0
2025-01-02 02:20:30,ATTITUDE_ROLL,1.0273,2,20,30,2,1,3,0,140,94830.0
2025-01-02 02:20:40,ATTITUDE_PITCH,0.8475,2,20,40,2,1,3,0,140,94840.0
2025-01-02 02:20:50,ATTITUDE_YAW,0.6842,2,20,50,2,1,3,0,140,94850.0
2025-01-02 02:21:00,STAR_TRACKER_VALID,0.7573,2,21,0,2,1,3,0,141,94860.0
2025-01-02 02:21:10,SUN_SENSOR_ANGLE,109.2463,2,21,10,2,1,3,0,141,94870.0
2025-01-02 02:21:20,RF_SIGNAL_STRENGTH,-57.31,2,21,20,2,1,3,0,141,94880.0
2025-01-02 02:21:30,RF_NOISE_FLOOR,-89.4695,2,21,30,2,1,3,0,141,94890.0
2025-01-02 02:21:40,TX_POWER,3.8701,2,21,40,2,1,3,0,141,94900.0
2025-01-02 02:21:50,LINK_MARGIN,15.7838,2,21,50,2,1,3,0,141,94910.0
2025-01-02 02:22:00,DATA_RATE_KBPS,135.4473,2,22,0,2,1,3,0,142,94920.0
2025-01-02 02:22:10,PACKET_LOSS_RATE,1.5157,2,22,10,2,1,3,0,142,94930.0
2025-01-02 02:22:20,CPU_USAGE,38.6841,2,22,20,2,1,3,0,142,94940.0
2025-01-02 02:22:30,MEMORY_USAGE,63.8823,2,22,30,2,1,3,0,142,94950.0
2025-01-02 02:22:40,FLASH_WRITE_RATE,3.8774,2,22,40,2,1,3,0,142,94960.0
2025-01-02 02:22:50,WATCHDOG_COUNTER,45.8802,2,22,50,2,1,3,0,142,94970.0
2025-01-02 02:23:00,TANK_PRESSURE,308.3519,2,23,0,2,1,3,0,143,94980.0
2025-01-02 02:23:10,THRUSTER_VALVE_TEMP,20.3691,2,23,10,2,1,3,0,143,94990.0
2025-01-02 02:23:20,BATT_VOLTAGE_1,28.0135,2,23,20,2,1,3,0,143,95000.0
2025-01-02 02:23:30,BATT_VOLTAGE_2,28.6262,2,23,30,2,1,3,0,143,95010.0
2025-01-02 02:23:40,BATT_CURRENT_1,3.3913,2,23,40,2,1,3,0,143,95020.0
2025-01-02 02:23:50,BATT_CURRENT_2,3.3641,2,23,50,2,1,3,0,143,95030.0
2025-01-02 02:24:00,BATT_TEMP_1,29.7771,2,24,0,2,1,3,0,144,95040.0
2025-01-02 02:24:10,BATT_TEMP_2,24.2534,2,24,10,2,1,3,0,144,95050.0
2025-01-02 02:24:20,BATT_SOC,90.2767,2,24,20,2,1,3,0,144,95060.0
2025-01-02 02:24:30,SOLAR_PANEL_VOLT_A,30.8491,2,24,30,2,1,3,0,144,95070.0
2025-01-02 02:24:40,SOLAR_PANEL_VOLT_B,31.0951,2,24,40,2,1,3,0,144,95080.0
2025-01-02 02:24:50,SOLAR_PANEL_CURR_A,5.8751,2,24,50,2,1,3,0,144,95090.0
2025-01-02 02:25:00,SOLAR_PANEL_CURR_B,6.8138,2,25,0,2,1,3,0,145,95100.0
2025-01-02 02:25:10,SOLAR_POWER_TOTAL,115.8781,2,25,10,2,1,3,0,145,95110.0
2025-01-02 02:25:20,BUS_VOLTAGE,28.6794,2,25,20,2,1,3,0,145,95120.0
2025-01-02 02:25:30,BUS_CURRENT,9.0386,2,25,30,2,1,3,0,145,95130.0
2025-01-02 02:25:40,THRUSTER_TEMP_1,25.9573,2,25,40,2,1,3,0,145,95140.0
2025-01-02 02:25:50,THRUSTER_TEMP_2,25.4857,2,25,50,2,1,3,0,145,95150.0
2025-01-02 02:26:00,PAYLOAD_TEMP_CAM,23.1643,2,26,0,2,1,3,0,146,95160.0
2025-01-02 02:26:10,PAYLOAD_TEMP_SENSOR,24.9579,2,26,10,2,1,3,0,146,95170.0
2025-01-02 02:26:20,OBC_TEMP,45.7551,2,26,20,2,1,3,0,146,95180.0
2025-01-02 02:26:30,TRANS_TEMP,39.7446,2,26,30,2,1,3,0,146,95190.0
2025-01-02 02:26:40,STRUCT_TEMP_PANEL_X,35.2088,2,26,40,2,1,3,0,146,95200.0
2025-01-02 02:26:50,STRUCT_TEMP_PANEL_Y,16.9031,2,26,50,2,1,3,0,146,95210.0
2025-01-02 02:27:00,STRUCT_TEMP_PANEL_Z,30.8986,2,27,0,2,1,3,0,147,95220.0
2025-01-02 02:27:10,RADIATOR_TEMP,-1.9742,2,27,10,2,1,3,0,147,95230.0
2025-01-02 02:27:20,GYRO_X,0.0536,2,27,20,2,1,3,0,147,95240.0
2025-01-02 02:27:30,GYRO_Y,0.0352,2,27,30,2,1,3,0,147,95250.0
2025-01-02 02:27:40,GYRO_Z,0.0067,2,27,40,2,1,3,0,147,95260.0
2025-01-02 02:27:50,MAGNETOMETER_X,35.5542,2,27,50,2,1,3,0,147,95270.0
2025-01-02 02:28:00,MAGNETOMETER_Y,30.8919,2,28,0,2,1,3,0,148,95280.0
2025-01-02 02:28:10,MAGNETOMETER_Z,-2.0779,2,28,10,2,1,3,0,148,95290.0
2025-01-02 02:28:20,REACTION_WHEEL_SPD_X,1074.8249,2,28,20,2,1,3,0,148,95300.0
2025-01-02 02:28:30,REACTION_WHEEL_SPD_Y,638.2587,2,28,30,2,1,3,0,148,95310.0
2025-01-02 02:28:40,REACTION_WHEEL_SPD_Z,1003.7629,2,28,40,2,1,3,0,148,95320.0
2025-01-02 02:28:50,ATTITUDE_ROLL,1.3546,2,28,50,2,1,3,0,148,95330.0
2025-01-02 02:29:00,ATTITUDE_PITCH,0.4357,2,29,0,2,1,3,0,149,95340.0
2025-01-02 02:29:10,ATTITUDE_YAW,1.8534,2,29,10,2,1,3,0,149,95350.0
2025-01-02 02:29:20,STAR_TRACKER_VALID,0.6098,2,29,20,2,1,3,0,149,95360.0
2025-01-02 02:29:30,SUN_SENSOR_ANGLE,111.6714,2,29,30,2,1,3,0,149,95370.0
2025-01-02 02:29:40,RF_SIGNAL_STRENGTH,-63.8474,2,29,40,2,1,3,0,149,95380.0
2025-01-02 02:29:50,RF_NOISE_FLOOR,-92.1536,2,29,50,2,1,3,0,149,95390.0
2025-01-02 02:30:00,TX_POWER,3.8319,2,30,0,2,1,3,0,150,95400.0
2025-01-02 02:30:10,LINK_MARGIN,18.9439,2,30,10,2,1,3,0,150,95410.0
2025-01-02 02:30:20,DATA_RATE_KBPS,168.5362,2,30,20,2,1,3,0,150,95420.0
2025-01-02 02:30:30,PACKET_LOSS_RATE,1.0371,2,30,30,2,1,3,0,150,95430.0
2025-01-02 02:30:40,CPU_USAGE,37.6583,2,30,40,2,1,3,0,150,95440.0
2025-01-02 02:30:50,MEMORY_USAGE,65.7382,2,30,50,2,1,3,0,150,95450.0
2025-01-02 02:31:00,FLASH_WRITE_RATE,3.372,2,31,0,2,1,3,0,151,95460.0
2025-01-02 02:31:10,WATCHDOG_COUNTER,74.2809,2,31,10,2,1,3,0,151,95470.0
2025-01-02 02:31:20,TANK_PRESSURE,301.1389,2,31,20,2,1,3,0,151,95480.0
2025-01-02 02:31:30,THRUSTER_VALVE_TEMP,16.7621,2,31,30,2,1,3,0,151,95490.0
2025-01-02 02:31:40,BATT_VOLTAGE_1,28.8046,2,31,40,2,1,3,0,151,95500.0
2025-01-02 02:31:50,BATT_VOLTAGE_2,28.901,2,31,50,2,1,3,0,151,95510.0
2025-01-02 02:32:00,BATT_CURRENT_1,3.4138,2,32,0,2,1,3,0,152,95520.0
2025-01-02 02:32:10,BATT_CURRENT_2,2.473,2,32,10,2,1,3,0,152,95530.0
2025-01-02 02:32:20,BATT_TEMP_1,27.2358,2,32,20,2,1,3,0,152,95540.0
2025-01-02 02:32:30,BATT_TEMP_2,27.4697,2,32,30,2,1,3,0,152,95550.0
2025-01-02 02:32:40,BATT_SOC,92.165,2,32,40,2,1,3,0,152,95560.0
2025-01-02 02:32:50,SOLAR_PANEL_VOLT_A,31.9512,2,32,50,2,1,3,0,152,95570.0
2025-01-02 02:33:00,SOLAR_PANEL_VOLT_B,32.1872,2,33,0,2,1,3,0,153,95580.0
2025-01-02 02:33:10,SOLAR_PANEL_CURR_A,5.914,2,33,10,2,1,3,0,153,95590.0
2025-01-02 02:33:20,SOLAR_PANEL_CURR_B,5.0618,2,33,20,2,1,3,0,153,95600.0
2025-01-02 02:33:30,SOLAR_POWER_TOTAL,100.5253,2,33,30,2,1,3,0,153,95610.0
2025-01-02 02:33:40,BUS_VOLTAGE,28.9282,2,33,40,2,1,3,0,153,95620.0
2025-01-02 02:33:50,BUS_CURRENT,10.2918,2,33,50,2,1,3,0,153,95630.0
2025-01-02 02:34:00,THRUSTER_TEMP_1,23.1858,2,34,0,2,1,3,0,154,95640.0
2025-01-02 02:34:10,THRUSTER_TEMP_2,22.9191,2,34,10,2,1,3,0,154,95650.0
2025-01-02 02:34:20,PAYLOAD_TEMP_CAM,24.6318,2,34,20,2,1,3,0,154,95660.0
2025-01-02 02:34:30,PAYLOAD_TEMP_SENSOR,24.6295,2,34,30,2,1,3,0,154,95670.0
2025-01-02 02:34:40,OBC_TEMP,47.1585,2,34,40,2,1,3,0,154,95680.0
2025-01-02 02:34:50,TRANS_TEMP,40.3862,2,34,50,2,1,3,0,154,95690.0
2025-01-02 02:35:00,STRUCT_TEMP_PANEL_X,27.3869,2,35,0,2,1,3,0,155,95700.0
2025-01-02 02:35:10,STRUCT_TEMP_PANEL_Y,30.844,2,35,10,2,1,3,0,155,95710.0
2025-01-02 02:35:20,STRUCT_TEMP_PANEL_Z,32.6138,2,35,20,2,1,3,0,155,95720.0
2025-01-02 02:35:30,RADIATOR_TEMP,-1.8159,2,35,30,2,1,3,0,155,95730.0
2025-01-02 02:35:40,GYRO_X,0.0315,2,35,40,2,1,3,0,155,95740.0
2025-01-02 02:35:50,GYRO_Y,0.0457,2,35,50,2,1,3,0,155,95750.0
2025-01-02 02:36:00,GYRO_Z,-0.0071,2,36,0,2,1,3,0,156,95760.0
2025-01-02 02:36:10,MAGNETOMETER_X,-5.0075,2,36,10,2,1,3,0,156,95770.0
2025-01-02 02:36:20,MAGNETOMETER_Y,34.996,2,36,20,2,1,3,0,156,95780.0
2025-01-02 02:36:30,MAGNETOMETER_Z,12.5668,2,36,30,2,1,3,0,156,95790.0
2025-01-02 02:36:40,REACTION_WHEEL_SPD_X,287.3909,2,36,40,2,1,3,0,156,95800.0
2025-01-02 02:36:50,REACTION_WHEEL_SPD_Y,561.3153,2,36,50,2,1,3,0,156,95810.0
2025-01-02 02:37:00,REACTION_WHEEL_SPD_Z,1549.3134,2,37,0,2,1,3,0,157,95820.0
2025-01-02 02:37:10,ATTITUDE_ROLL,1.2936,2,37,10,2,1,3,0,157,95830.0
2025-01-02 02:37:20,ATTITUDE_PITCH,1.4728,2,37,20,2,1,3,0,157,95840.0
2025-01-02 02:37:30,ATTITUDE_YAW,0.3677,2,37,30,2,1,3,0,157,95850.0
2025-01-02 02:37:40,STAR_TRACKER_VALID,0.7496,2,37,40,2,1,3,0,157,95860.0
2025-01-02 02:37:50,SUN_SENSOR_ANGLE,123.5084,2,37,50,2,1,3,0,157,95870.0
2025-01-02 02:38:00,RF_SIGNAL_STRENGTH,-55.7493,2,38,0,2,1,3,0,158,95880.0
2025-01-02 02:38:10,RF_NOISE_FLOOR,-96.1255,2,38,10,2,1,3,0,158,95890.0
2025-01-02 02:38:20,TX_POWER,3.9683,2,38,20,2,1,3,0,158,95900.0
2025-01-02 02:38:30,LINK_MARGIN,19.0537,2,38,30,2,1,3,0,158,95910.0
2025-01-02 02:38:40,DATA_RATE_KBPS,136.9638,2,38,40,2,1,3,0,158,95920.0
2025-01-02 02:38:50,PACKET_LOSS_RATE,1.4778,2,38,50,2,1,3,0,158,95930.0
2025-01-02 02:39:00,CPU_USAGE,48.6829,2,39,0,2,1,3,0,159,95940.0
2025-01-02 02:39:10,MEMORY_USAGE,56.7122,2,39,10,2,1,3,0,159,95950.0
2025-01-02 02:39:20,FLASH_WRITE_RATE,3.0744,2,39,20,2,1,3,0,159,95960.0
2025-01-02 02:39:30,WATCHDOG_COUNTER,75.7174,2,39,30,2,1,3,0,159,95970.0
2025-01-02 02:39:40,TANK_PRESSURE,299.9151,2,39,40,2,1,3,0,159,95980.0
2025-01-02 02:39:50,THRUSTER_VALVE_TEMP,18.5324,2,39,50,2,1,3,0,159,95990.0
2025-01-02 02:40:00,BATT_VOLTAGE_1,28.6973,2,40,0,2,1,3,0,160,96000.0
2025-01-02 02:40:10,BATT_VOLTAGE_2,28.6694,2,40,10,2,1,3,0,160,96010.0
2025-01-02 02:40:20,BATT_CURRENT_1,2.9245,2,40,20,2,1,3,0,160,96020.0
2025-01-02 02:40:30,BATT_CURRENT_2,2.9364,2,40,30,2,1,3,0,160,96030.0
2025-01-02 02:40:40,BATT_TEMP_1,30.5886,2,40,40,2,1,3,0,160,96040.0
2025-01-02 02:40:50,BATT_TEMP_2,24.1622,2,40,50,2,1,3,0,160,96050.0
2025-01-02 02:41:00,BATT_SOC,91.9507,2,41,0,2,1,3,0,161,96060.0
2025-01-02 02:41:10,SOLAR_PANEL_VOLT_A,31.5808,2,41,10,2,1,3,0,161,96070.0
2025-01-02 02:41:20,SOLAR_PANEL_VOLT_B,32.0087,2,41,20,2,1,3,0,161,96080.0
2025-01-02 02:41:30,SOLAR_PANEL_CURR_A,6.4038,2,41,30,2,1,3,0,161,96090.0
2025-01-02 02:41:40,SOLAR_PANEL_CURR_B,6.7051,2,41,40,2,1,3,0,161,96100.0
2025-01-02 02:41:50,SOLAR_POWER_TOTAL,112.0298,2,41,50,2,1,3,0,161,96110.0
2025-01-02 02:42:00,BUS_VOLTAGE,28.4518,2,42,0,2,1,3,0,162,96120.0
2025-01-02 02:42:10,BUS_CURRENT,9.8041,2,42,10,2,1,3,0,162,96130.0
2025-01-02 02:42:20,THRUSTER_TEMP_1,26.5379,2,42,20,2,1,3,0,162,96140.0
2025-01-02 02:42:30,THRUSTER_TEMP_2,24.4717,2,42,30,2,1,3,0,162,96150.0
2025-01-02 02:42:40,PAYLOAD_TEMP_CAM,25.4919,2,42,40,2,1,3,0,162,96160.0
2025-01-02 02:42:50,PAYLOAD_TEMP_SENSOR,24.5067,2,42,50,2,1,3,0,162,96170.0
2025-01-02 02:43:00,OBC_TEMP,43.678,2,43,0,2,1,3,0,163,96180.0
2025-01-02 02:43:10,TRANS_TEMP,42.844,2,43,10,2,1,3,0,163,96190.0
2025-01-02 02:43:20,STRUCT_TEMP_PANEL_X,39.1755,2,43,20,2,1,3,0,163,96200.0
2025-01-02 02:43:30,STRUCT_TEMP_PANEL_Y,36.568,2,43,30,2,1,3,0,163,96210.0
2025-01-02 02:43:40,STRUCT_TEMP_PANEL_Z,35.7478,2,43,40,2,1,3,0,163,96220.0
2025-01-02 02:43:50,RADIATOR_TEMP,-3.3197,2,43,50,2,1,3,0,163,96230.0
2025-01-02 02:44:00,GYRO_X,0.0474,2,44,0,2,1,3,0,164,96240.0
2025-01-02 02:44:10,GYRO_Y,0.0179,2,44,10,2,1,3,0,164,96250.0
2025-01-02 02:44:20,GYRO_Z,-0.0096,2,44,20,2,1,3,0,164,96260.0
2025-01-02 02:44:30,MAGNETOMETER_X,27.5535,2,44,30,2,1,3,0,164,96270.0
2025-01-02 02:44:40,MAGNETOMETER_Y,22.1151,2,44,40,2,1,3,0,164,96280.0
2025-01-02 02:44:50,MAGNETOMETER_Z,26.0243,2,44,50,2,1,3,0,164,96290.0
2025-01-02 02:45:00,REACTION_WHEEL_SPD_X,445.1092,2,45,0,2,1,3,0,165,96300.0
2025-01-02 02:45:10,REACTION_WHEEL_SPD_Y,1680.1788,2,45,10,2,1,3,0,165,96310.0
2025-01-02 02:45:20,REACTION_WHEEL_SPD_Z,436.9051,2,45,20,2,1,3,0,165,96320.0
2025-01-02 02:45:30,ATTITUDE_ROLL,0.8299,2,45,30,2,1,3,0,165,96330.0
2025-01-02 02:45:40,ATTITUDE_PITCH,0.4877,2,45,40,2,1,3,0,165,96340.0
2025-01-02 02:45:50,ATTITUDE_YAW,2.0892,2,45,50,2,1,3,0,165,96350.0
2025-01-02 02:46:00,STAR_TRACKER_VALID,0.687,2,46,0,2,1,3,0,166,96360.0
2025-01-02 02:46:10,SUN_SENSOR_ANGLE,116.3063,2,46,10,2,1,3,0,166,96370.0
2025-01-02 02:46:20,RF_SIGNAL_STRENGTH,-62.2085,2,46,20,2,1,3,0,166,96380.0
2025-01-02 02:46:30,RF_NOISE_FLOOR,-90.5239,2,46,30,2,1,3,0,166,96390.0
2025-01-02 02:46:40,TX_POWER,3.7501,2,46,40,2,1,3,0,166,96400.0
2025-01-02 02:46:50,LINK_MARGIN,17.3784,2,46,50,2,1,3,0,166,96410.0
2025-01-02 02:47:00,DATA_RATE_KBPS,154.9387,2,47,0,2,1,3,0,167,96420.0
2025-01-02 02:47:10,PACKET_LOSS_RATE,1.3955,2,47,10,2,1,3,0,167,96430.0
2025-01-02 02:47:20,CPU_USAGE,47.5775,2,47,20,2,1,3,0,167,96440.0
2025-01-02 02:47:30,MEMORY_USAGE,49.1097,2,47,30,2,1,3,0,167,96450.0
2025-01-02 02:47:40,FLASH_WRITE_RATE,3.8038,2,47,40,2,1,3,0,167,96460.0
2025-01-02 02:47:50,WATCHDOG_COUNTER,78.7226,2,47,50,2,1,3,0,167,96470.0
2025-01-02 02:48:00,TANK_PRESSURE,309.9554,2,48,0,2,1,3,0,168,96480.0
2025-01-02 02:48:10,THRUSTER_VALVE_TEMP,20.8362,2,48,10,2,1,3,0,168,96490.0
2025-01-02 02:48:20,BATT_VOLTAGE_1,28.281,2,48,20,2,1,3,0,168,96500.0
2025-01-02 02:48:30,BATT_VOLTAGE_2,28.1298,2,48,30,2,1,3,0,168,96510.0
2025-01-02 02:48:40,BATT_CURRENT_1,3.2786,2,48,40,2,1,3,0,168,96520.0
2025-01-02 02:48:50,BATT_CURRENT_2,3.2235,2,48,50,2,1,3,0,168,96530.0
2025-01-02 02:49:00,BATT_TEMP_1,27.4227,2,49,0,2,1,3,0,169,96540.0
2025-01-02 02:49:10,BATT_TEMP_2,28.7632,2,49,10,2,1,3,0,169,96550.0
2025-01-02 02:49:20,BATT_SOC,88.6594,2,49,20,2,1,3,0,169,96560.0
2025-01-02 02:49:30,SOLAR_PANEL_VOLT_A,31.3564,2,49,30,2,1,3,0,169,96570.0
2025-01-02 02:49:40,SOLAR_PANEL_VOLT_B,32.8259,2,49,40,2,1,3,0,169,96580.0
2025-01-02 02:49:50,SOLAR_PANEL_CURR_A,5.9135,2,49,50,2,1,3,0,169,96590.0
2025-01-02 02:50:00,SOLAR_PANEL_CURR_B,5.7889,2,50,0,2,1,3,0,170,96600.0
2025-01-02 02:50:10,SOLAR_POWER_TOTAL,109.898,2,50,10,2,1,3,0,170,96610.0
2025-01-02 02:50:20,BUS_VOLTAGE,28.7064,2,50,20,2,1,3,0,170,96620.0
2025-01-02 02:50:30,BUS_CURRENT,9.5238,2,50,30,2,1,3,0,170,96630.0
2025-01-02 02:50:40,THRUSTER_TEMP_1,26.6066,2,50,40,2,1,3,0,170,96640.0
2025-01-02 02:50:50,THRUSTER_TEMP_2,26.5265,2,50,50,2,1,3,0,170,96650.0
2025-01-02 02:51:00,PAYLOAD_TEMP_CAM,25.8944,2,51,0,2,1,3,0,171,96660.0
2025-01-02 02:51:10,PAYLOAD_TEMP_SENSOR,23.3953,2,51,10,2,1,3,0,171,96670.0
2025-01-02 02:51:20,OBC_TEMP,44.1743,2,51,20,2,1,3,0,171,96680.0
2025-01-02 02:51:30,TRANS_TEMP,38.7747,2,51,30,2,1,3,0,171,96690.0
2025-01-02 02:51:40,STRUCT_TEMP_PANEL_X,33.3373,2,51,40,2,1,3,0,171,96700.0
2025-01-02 02:51:50,STRUCT_TEMP_PANEL_Y,24.4212,2,51,50,2,1,3,0,171,96710.0
2025-01-02 02:52:00,STRUCT_TEMP_PANEL_Z,31.0216,2,52,0,2,1,3,0,172,96720.0
2025-01-02 02:52:10,RADIATOR_TEMP,2.0605,2,52,10,2,1,3,0,172,96730.0
2025-01-02 02:52:20,GYRO_X,0.0263,2,52,20,2,1,3,0,172,96740.0
2025-01-02 02:52:30,GYRO_Y,0.0307,2,52,30,2,1,3,0,172,96750.0
2025-01-02 02:52:40,GYRO_Z,0.0273,2,52,40,2,1,3,0,172,96760.0
2025-01-02 02:52:50,MAGNETOMETER_X,13.845,2,52,50,2,1,3,0,172,96770.0
2025-01-02 02:53:00,MAGNETOMETER_Y,8.1374,2,53,0,2,1,3,0,173,96780.0
2025-01-02 02:53:10,MAGNETOMETER_Z,19.5754,2,53,10,2,1,3,0,173,96790.0
2025-01-02 02:53:20,REACTION_WHEEL_SPD_X,1120.0702,2,53,20,2,1,3,0,173,96800.0
2025-01-02 02:53:30,REACTION_WHEEL_SPD_Y,1404.952,2,53,30,2,1,3,0,173,96810.0
2025-01-02 02:53:40,REACTION_WHEEL_SPD_Z,1215.8609,2,53,40,2,1,3,0,173,96820.0
2025-01-02 02:53:50,ATTITUDE_ROLL,1.2861,2,53,50,2,1,3,0,173,96830.0
2025-01-02 02:54:00,ATTITUDE_PITCH,1.3966,2,54,0,2,1,3,0,174,96840.0
2025-01-02 02:54:10,ATTITUDE_YAW,2.8227,2,54,10,2,1,3,0,174,96850.0
2025-01-02 02:54:20,STAR_TRACKER_VALID,0.7097,2,54,20,2,1,3,0,174,96860.0
2025-01-02 02:54:30,SUN_SENSOR_ANGLE,127.2134,2,54,30,2,1,3,0,174,96870.0
2025-01-02 02:54:40,RF_SIGNAL_STRENGTH,-56.5851,2,54,40,2,1,3,0,174,96880.0
2025-01-02 02:54:50,RF_NOISE_FLOOR,-85.5814,2,54,50,2,1,3,0,174,96890.0
2025-01-02 02:55:00,TX_POWER,3.8367,2,55,0,2,1,3,0,175,96900.0
2025-01-02 02:55:10,LINK_MARGIN,19.567,2,55,10,2,1,3,0,175,96910.0
2025-01-02 02:55:20,DATA_RATE_KBPS,123.871,2,55,20,2,1,3,0,175,96920.0
2025-01-02 02:55:30,PACKET_LOSS_RATE,1.4826,2,55,30,2,1,3,0,175,96930.0
2025-01-02 02:55:40,CPU_USAGE,46.1225,2,55,40,2,1,3,0,175,96940.0
2025-01-02 02:55:50,MEMORY_USAGE,55.0121,2,55,50,2,1,3,0,175,96950.0
2025-01-02 02:56:00,FLASH_WRITE_RATE,3.6918,2,56,0,2,1,3,0,176,96960.0
2025-01-02 02:56:10,WATCHDOG_COUNTER,67.3618,2,56,10,2,1,3,0,176,96970.0
2025-01-02 02:56:20,TANK_PRESSURE,307.5804,2,56,20,2,1,3,0,176,96980.0
2025-01-02 02:56:30,THRUSTER_VALVE_TEMP,18.1902,2,56,30,2,1,3,0,176,96990.0
2025-01-02 02:56:40,BATT_VOLTAGE_1,28.3871,2,56,40,2,1,3,0,176,97000.0
2025-01-02 02:56:50,BATT_VOLTAGE_2,28.7222,2,56,50,2,1,3,0,176,97010.0
2025-01-02 02:57:00,BATT_CURRENT_1,2.9578,2,57,0,2,1,3,0,177,97020.0
2025-01-02 02:57:10,BATT_CURRENT_2,3.0309,2,57,10,2,1,3,0,177,97030.0
2025-01-02 02:57:20,BATT_TEMP_1,28.1541,2,57,20,2,1,3,0,177,97040.0
2025-01-02 02:57:30,BATT_TEMP_2,26.2187,2,57,30,2,1,3,0,177,97050.0
2025-01-02 02:57:40,BATT_SOC,89.7015,2,57,40,2,1,3,0,177,97060.0
2025-01-02 02:57:50,SOLAR_PANEL_VOLT_A,32.2258,2,57,50,2,1,3,0,177,97070.0
2025-01-02 02:58:00,SOLAR_PANEL_VOLT_B,31.1501,2,58,0,2,1,3,0,178,97080.0
2025-01-02 02:58:10,SOLAR_PANEL_CURR_A,6.548,2,58,10,2,1,3,0,178,97090.0
2025-01-02 02:58:20,SOLAR_PANEL_CURR_B,6.8997,2,58,20,2,1,3,0,178,97100.0
2025-01-02 02:58:30,SOLAR_POWER_TOTAL,114.5034,2,58,30,2,1,3,0,178,97110.0
2025-01-02 02:58:40,BUS_VOLTAGE,28.7707,2,58,40,2,1,3,0,178,97120.0
2025-01-02 02:58:50,BUS_CURRENT,10.044,2,58,50,2,1,3,0,178,97130.0
2025-01-02 02:59:00,THRUSTER_TEMP_1,25.6573,2,59,0,2,1,3,0,179,97140.0
2025-01-02 02:59:10,THRUSTER_TEMP_2,24.2598,2,59,10,2,1,3,0,179,97150.0
2025-01-02 02:59:20,PAYLOAD_TEMP_CAM,24.871,2,59,20,2,1,3,0,179,97160.0
2025-01-02 02:59:30,PAYLOAD_TEMP_SENSOR,23.9695,2,59,30,2,1,3,0,179,97170.0
2025-01-02 02:59:40,OBC_TEMP,44.5762,2,59,40,2,1,3,0,179,97180.0
2025-01-02 02:59:50,TRANS_TEMP,43.4416,2,59,50,2,1,3,0,179,97190.0
2025-01-02 03:00:00,STRUCT_TEMP_PANEL_X,26.9592,3,0,0,2,1,3,0,180,97200.0
2025-01-02 03:00:10,STRUCT_TEMP_PANEL_Y,19.7604,3,0,10,2,1,3,0,180,97210.0
2025-01-02 03:00:20,STRUCT_TEMP_PANEL_Z,28.1269,3,0,20,2,1,3,0,180,97220.0
2025-01-02 03:00:30,RADIATOR_TEMP,-8.2869,3,0,30,2,1,3,0,180,97230.0
2025-01-02 03:00:40,GYRO_X,0.0089,3,0,40,2,1,3,0,180,97240.0
2025-01-02 03:00:50,GYRO_Y,0.0315,3,0,50,2,1,3,0,180,97250.0
2025-01-02 03:01:00,GYRO_Z,0.0132,3,1,0,2,1,3,0,181,97260.0
2025-01-02 03:01:10,MAGNETOMETER_X,19.4922,3,1,10,2,1,3,0,181,97270.0
2025-01-02 03:01:20,MAGNETOMETER_Y,6.9496,3,1,20,2,1,3,0,181,97280.0
2025-01-02 03:01:30,MAGNETOMETER_Z,15.909,3,1,30,2,1,3,0,181,97290.0
2025-01-02 03:01:40,REACTION_WHEEL_SPD_X,581.233,3,1,40,2,1,3,0,181,97300.0
2025-01-02 03:01:50,REACTION_WHEEL_SPD_Y,1237.3058,3,1,50,2,1,3,0,181,97310.0
2025-01-02 03:02:00,REACTION_WHEEL_SPD_Z,664.0187,3,2,0,2,1,3,0,182,97320.0
2025-01-02 03:02:10,ATTITUDE_ROLL,0.6828,3,2,10,2,1,3,0,182,97330.0
2025-01-02 03:02:20,ATTITUDE_PITCH,0.1684,3,2,20,2,1,3,0,182,97340.0
2025-01-02 03:02:30,ATTITUDE_YAW,0.4858,3,2,30,2,1,3,0,182,97350.0
2025-01-02 03:02:40,STAR_TRACKER_VALID,0.7415,3,2,40,2,1,3,0,182,97360.0
2025-01-02 03:02:50,SUN_SENSOR_ANGLE,122.9943,3,2,50,2,1,3,0,182,97370.0
2025-01-02 03:03:00,RF_SIGNAL_STRENGTH,-56.5423,3,3,0,2,1,3,0,183,97380.0
2025-01-02 03:03:10,RF_NOISE_FLOOR,-89.2957,3,3,10,2,1,3,0,183,97390.0
2025-01-02 03:03:20,TX_POWER,3.6565,3,3,20,2,1,3,0,183,97400.0
2025-01-02 03:03:30,LINK_MARGIN,17.3651,3,3,30,2,1,3,0,183,97410.0
2025-01-02 03:03:40,DATA_RATE_KBPS,138.5123,3,3,40,2,1,3,0,183,97420.0
2025-01-02 03:03:50,PACKET_LOSS_RATE,1.4893,3,3,50,2,1,3,0,183,97430.0
2025-01-02 03:04:00,CPU_USAGE,42.8026,3,4,0,2,1,3,0,184,97440.0
2025-01-02 03:04:10,MEMORY_USAGE,50.8118,3,4,10,2,1,3,0,184,97450.0
2025-01-02 03:04:20,FLASH_WRITE_RATE,3.4189,3,4,20,2,1,3,0,184,97460.0
2025-01-02 03:04:30,WATCHDOG_COUNTER,59.8245,3,4,30,2,1,3,0,184,97470.0
2025-01-02 03:04:40,TANK_PRESSURE,304.3417,3,4,40,2,1,3,0,184,97480.0
2025-01-02 03:04:50,THRUSTER_VALVE_TEMP,19.2501,3,4,50,2,1,3,0,184,97490.0
2025-01-02 03:05:00,BATT_VOLTAGE_1,28.594,3,5,0,2,1,3,0,185,97500.0
2025-01-02 03:05:10,BATT_VOLTAGE_2,28.4367,3,5,10,2,1,3,0,185,97510.0
2025-01-02 03:05:20,BATT_CURRENT_1,2.9057,3,5,20,2,1,3,0,185,97520.0
2025-01-02 03:05:30,BATT_CURRENT_2,2.6673,3,5,30,2,1,3,0,185,97530.0
2025-01-02 03:05:40,BATT_TEMP_1,30.1906,3,5,40,2,1,3,0,185,97540.0
2025-01-02 03:05:50,BATT_TEMP_2,24.8742,3,5,50,2,1,3,0,185,97550.0
2025-01-02 03:06:00,BATT_SOC,83.5677,3,6,0,2,1,3,0,186,97560.0
2025-01-02 03:06:10,SOLAR_PANEL_VOLT_A,32.2333,3,6,10,2,1,3,0,186,97570.0
2025-01-02 03:06:20,SOLAR_PANEL_VOLT_B,31.0703,3,6,20,2,1,3,0,186,97580.0
2025-01-02 03:06:30,SOLAR_PANEL_CURR_A,6.4265,3,6,30,2,1,3,0,186,97590.0
2025-01-02 03:06:40,SOLAR_PANEL_CURR_B,5.9996,3,6,40,2,1,3,0,186,97600.0
2025-01-02 03:06:50,SOLAR_POWER_TOTAL,104.32,3,6,50,2,1,3,0,186,97610.0
2025-01-02 03:07:00,BUS_VOLTAGE,29.1057,3,7,0,2,1,3,0,187,97620.0
2025-01-02 03:07:10,BUS_CURRENT,9.8637,3,7,10,2,1,3,0,187,97630.0
2025-01-02 03:07:20,THRUSTER_TEMP_1,27.3358,3,7,20,2,1,3,0,187,97640.0
2025-01-02 03:07:30,THRUSTER_TEMP_2,24.328,3,7,30,2,1,3,0,187,97650.0
2025-01-02 03:07:40,PAYLOAD_TEMP_CAM,23.1927,3,7,40,2,1,3,0,187,97660.0
2025-01-02 03:07:50,PAYLOAD_TEMP_SENSOR,23.6338,3,7,50,2,1,3,0,187,97670.0
2025-01-02 03:08:00,OBC_TEMP,49.5498,3,8,0,2,1,3,0,188,97680.0
2025-01-02 03:08:10,TRANS_TEMP,41.1692,3,8,10,2,1,3,0,188,97690.0
2025-01-02 03:08:20,STRUCT_TEMP_PANEL_X,30.288,3,8,20,2,1,3,0,188,97700.0
2025-01-02 03:08:30,STRUCT_TEMP_PANEL_Y,28.859,3,8,30,2,1,3,0,188,97710.0
2025-01-02 03:08:40,STRUCT_TEMP_PANEL_Z,31.3212,3,8,40,2,1,3,0,188,97720.0
2025-01-02 03:08:50,RADIATOR_TEMP,-0.494,3,8,50,2,1,3,0,188,97730.0
2025-01-02 03:09:00,GYRO_X,0.0086,3,9,0,2,1,3,0,189,97740.0
2025-01-02 03:09:10,GYRO_Y,0.0181,3,9,10,2,1,3,0,189,97750.0
2025-01-02 03:09:20,GYRO_Z,0.0119,3,9,20,2,1,3,0,189,97760.0
2025-01-02 03:09:30,MAGNETOMETER_X,22.8436,3,9,30,2,1,3,0,189,97770.0
2025-01-02 03:09:40,MAGNETOMETER_Y,12.1254,3,9,40,2,1,3,0,189,97780.0
2025-01-02 03:09:50,MAGNETOMETER_Z,24.9093,3,9,50,2,1,3,0,189,97790.0
2025-01-02 03:10:00,REACTION_WHEEL_SPD_X,1300.6227,3,10,0,2,1,3,0,190,97800.0
2025-01-02 03:10:10,REACTION_WHEEL_SPD_Y,1568.0147,3,10,10,2,1,3,0,190,97810.0
2025-01-02 03:10:20,REACTION_WHEEL_SPD_Z,679.3974,3,10,20,2,1,3,0,190,97820.0
2025-01-02 03:10:30,ATTITUDE_ROLL,1.9099,3,10,30,2,1,3,0,190,97830.0
2025-01-02 03:10:40,ATTITUDE_PITCH,0.4538,3,10,40,2,1,3,0,190,97840.0
2025-01-02 03:10:50,ATTITUDE_YAW,1.4239,3,10,50,2,1,3,0,190,97850.0
2025-01-02 03:11:00,STAR_TRACKER_VALID,0.7886,3,11,0,2,1,3,0,191,97860.0
2025-01-02 03:11:10,SUN_SENSOR_ANGLE,106.0252,3,11,10,2,1,3,0,191,97870.0
2025-01-02 03:11:20,RF_SIGNAL_STRENGTH,-53.5805,3,11,20,2,1,3,0,191,97880.0
2025-01-02 03:11:30,RF_NOISE_FLOOR,-85.2536,3,11,30,2,1,3,0,191,97890.0
2025-01-02 03:11:40,TX_POWER,3.9143,3,11,40,2,1,3,0,191,97900.0
2025-01-02 03:11:50,LINK_MARGIN,17.1544,3,11,50,2,1,3,0,191,97910.0
2025-01-02 03:12:00,DATA_RATE_KBPS,146.4743,3,12,0,2,1,3,0,192,97920.0
2025-01-02 03:12:10,PACKET_LOSS_RATE,1.2789,3,12,10,2,1,3,0,192,97930.0
2025-01-02 03:12:20,CPU_USAGE,36.7952,3,12,20,2,1,3,0,192,97940.0
2025-01-02 03:12:30,MEMORY_USAGE,64.2155,3,12,30,2,1,3,0,192,97950.0
2025-01-02 03:12:40,FLASH_WRITE_RATE,3.4593,3,12,40,2,1,3,0,192,97960.0
2025-01-02 03:12:50,WATCHDOG_COUNTER,51.8872,3,12,50,2,1,3,0,192,97970.0
2025-01-02 03:13:00,TANK_PRESSURE,300.3658,3,13,0,2,1,3,0,193,97980.0
2025-01-02 03:13:10,THRUSTER_VALVE_TEMP,20.0735,3,13,10,2,1,3,0,193,97990.0
2025-01-02 03:13:20,BATT_VOLTAGE_1,28.1841,3,13,20,2,1,3,0,193,98000.0
2025-01-02 03:13:30,BATT_VOLTAGE_2,28.2052,3,13,30,2,1,3,0,193,98010.0
2025-01-02 03:13:40,BATT_CURRENT_1,3.3204,3,13,40,2,1,3,0,193,98020.0
2025-01-02 03:13:50,BATT_CURRENT_2,2.8351,3,13,50,2,1,3,0,193,98030.0
2025-01-02 03:14:00,BATT_TEMP_1,27.4449,3,14,0,2,1,3,0,194,98040.0
2025-01-02 03:14:10,BATT_TEMP_2,30.7843,3,14,10,2,1,3,0,194,98050.0
2025-01-02 03:14:20,BATT_SOC,88.8856,3,14,20,2,1,3,0,194,98060.0
2025-01-02 03:14:30,SOLAR_PANEL_VOLT_A,31.5593,3,14,30,2,1,3,0,194,98070.0
2025-01-02 03:14:40,SOLAR_PANEL_VOLT_B,32.6076,3,14,40,2,1,3,0,194,98080.0
2025-01-02 03:14:50,SOLAR_PANEL_CURR_A,5.959,3,14,50,2,1,3,0,194,98090.0
2025-01-02 03:15:00,SOLAR_PANEL_CURR_B,6.4576,3,15,0,2,1,3,0,195,98100.0
2025-01-02 03:15:10,SOLAR_POWER_TOTAL,107.236,3,15,10,2,1,3,0,195,98110.0
2025-01-02 03:15:20,BUS_VOLTAGE,28.8063,3,15,20,2,1,3,0,195,98120.0
2025-01-02 03:15:30,BUS_CURRENT,9.254,3,15,30,2,1,3,0,195,98130.0
2025-01-02 03:15:40,THRUSTER_TEMP_1,21.5166,3,15,40,2,1,3,0,195,98140.0
2025-01-02 03:15:50,THRUSTER_TEMP_2,24.8178,3,15,50,2,1,3,0,195,98150.0
2025-01-02 03:16:00,PAYLOAD_TEMP_CAM,25.8461,3,16,0,2,1,3,0,196,98160.0
2025-01-02 03:16:10,PAYLOAD_TEMP_SENSOR,22.7022,3,16,10,2,1,3,0,196,98170.0
2025-01-02 03:16:20,OBC_TEMP,42.6388,3,16,20,2,1,3,0,196,98180.0
2025-01-02 03:16:30,TRANS_TEMP,38.077,3,16,30,2,1,3,0,196,98190.0
2025-01-02 03:16:40,STRUCT_TEMP_PANEL_X,33.1526,3,16,40,2,1,3,0,196,98200.0
2025-01-02 03:16:50,STRUCT_TEMP_PANEL_Y,26.706,3,16,50,2,1,3,0,196,98210.0
2025-01-02 03:17:00,STRUCT_TEMP_PANEL_Z,32.1248,3,17,0,2,1,3,0,197,98220.0
2025-01-02 03:17:10,RADIATOR_TEMP,0.158,3,17,10,2,1,3,0,197,98230.0
2025-01-02 03:17:20,GYRO_X,0.0315,3,17,20,2,1,3,0,197,98240.0
2025-01-02 03:17:30,GYRO_Y,0.0146,3,17,30,2,1,3,0,197,98250.0
2025-01-02 03:17:40,GYRO_Z,0.011,3,17,40,2,1,3,0,197,98260.0
2025-01-02 03:17:50,MAGNETOMETER_X,39.2451,3,17,50,2,1,3,0,197,98270.0
2025-01-02 03:18:00,MAGNETOMETER_Y,-0.1796,3,18,0,2,1,3,0,198,98280.0
2025-01-02 03:18:10,MAGNETOMETER_Z,7.9261,3,18,10,2,1,3,0,198,98290.0
2025-01-02 03:18:20,REACTION_WHEEL_SPD_X,-29.6896,3,18,20,2,1,3,0,198,98300.0
2025-01-02 03:18:30,REACTION_WHEEL_SPD_Y,1322.1241,3,18,30,2,1,3,0,198,98310.0
2025-01-02 03:18:40,REACTION_WHEEL_SPD_Z,1566.8171,3,18,40,2,1,3,0,198,98320.0
2025-01-02 03:18:50,ATTITUDE_ROLL,1.0393,3,18,50,2,1,3,0,198,98330.0
2025-01-02 03:19:00,ATTITUDE_PITCH,-0.0987,3,19,0,2,1,3,0,199,98340.0
2025-01-02 03:19:10,ATTITUDE_YAW,0.986,3,19,10,2,1,3,0,199,98350.0
2025-01-02 03:19:20,STAR_TRACKER_VALID,0.716,3,19,20,2,1,3,0,199,98360.0
2025-01-02 03:19:30,SUN_SENSOR_ANGLE,140.4492,3,19,30,2,1,3,0,199,98370.0
2025-01-02 03:19:40,RF_SIGNAL_STRENGTH,-58.6798,3,19,40,2,1,3,0,199,98380.0
2025-01-02 03:19:50,RF_NOISE_FLOOR,-90.2252,3,19,50,2,1,3,0,199,98390.0
2025-01-02 03:20:00,TX_POWER,3.3007,3,20,0,2,1,3,0,200,98400.0
2025-01-02 03:20:10,LINK_MARGIN,20.4758,3,20,10,2,1,3,0,200,98410.0
2025-01-02 03:20:20,DATA_RATE_KBPS,161.0687,3,20,20,2,1,3,0,200,98420.0
2025-01-02 03:20:30,PACKET_LOSS_RATE,1.5353,3,20,30,2,1,3,0,200,98430.0
2025-01-02 03:20:40,CPU_USAGE,44.0249,3,20,40,2,1,3,0,200,98440.0
2025-01-02 03:20:50,MEMORY_USAGE,55.5544,3,20,50,2,1,3,0,200,98450.0
2025-01-02 03:21:00,FLASH_WRITE_RATE,3.827,3,21,0,2,1,3,0,201,98460.0
2025-01-02 03:21:10,WATCHDOG_COUNTER,72.4192,3,21,10,2,1,3,0,201,98470.0
2025-01-02 03:21:20,TANK_PRESSURE,301.9429,3,21,20,2,1,3,0,201,98480.0
2025-01-02 03:21:30,THRUSTER_VALVE_TEMP,21.1337,3,21,30,2,1,3,0,201,98490.0
2025-01-02 03:21:40,BATT_VOLTAGE_1,28.8096,3,21,40,2,1,3,0,201,98500.0
2025-01-02 03:21:50,BATT_VOLTAGE_2,28.7755,3,21,50,2,1,3,0,201,98510.0
2025-01-02 03:22:00,BATT_CURRENT_1,2.8393,3,22,0,2,1,3,0,202,98520.0
2025-01-02 03:22:10,BATT_CURRENT_2,3.1262,3,22,10,2,1,3,0,202,98530.0
2025-01-02 03:22:20,BATT_TEMP_1,29.9215,3,22,20,2,1,3,0,202,98540.0
2025-01-02 03:22:30,BATT_TEMP_2,28.7667,3,22,30,2,1,3,0,202,98550.0
2025-01-02 03:22:40,BATT_SOC,86.8212,3,22,40,2,1,3,0,202,98560.0
2025-01-02 03:22:50,SOLAR_PANEL_VOLT_A,32.3378,3,22,50,2,1,3,0,202,98570.0
2025-01-02 03:23:00,SOLAR_PANEL_VOLT_B,31.6254,3,23,0,2,1,3,0,203,98580.0
2025-01-02 03:23:10,SOLAR_PANEL_CURR_A,6.1044,3,23,10,2,1,3,0,203,98590.0
2025-01-02 03:23:20,SOLAR_PANEL_CURR_B,6.759,3,23,20,2,1,3,0,203,98600.0
2025-01-02 03:23:30,SOLAR_POWER_TOTAL,113.842,3,23,30,2,1,3,0,203,98610.0
2025-01-02 03:23:40,BUS_VOLTAGE,29.0305,3,23,40,2,1,3,0,203,98620.0
2025-01-02 03:23:50,BUS_CURRENT,8.8965,3,23,50,2,1,3,0,203,98630.0
2025-01-02 03:24:00,THRUSTER_TEMP_1,22.8927,3,24,0,2,1,3,0,204,98640.0
2025-01-02 03:24:10,THRUSTER_TEMP_2,22.3886,3,24,10,2,1,3,0,204,98650.0
2025-01-02 03:24:20,PAYLOAD_TEMP_CAM,24.4739,3,24,20,2,1,3,0,204,98660.0
2025-01-02 03:24:30,PAYLOAD_TEMP_SENSOR,25.733,3,24,30,2,1,3,0,204,98670.0
2025-01-02 03:24:40,OBC_TEMP,47.5531,3,24,40,2,1,3,0,204,98680.0
2025-01-02 03:24:50,TRANS_TEMP,42.8365,3,24,50,2,1,3,0,204,98690.0
2025-01-02 03:25:00,STRUCT_TEMP_PANEL_X,34.3722,3,25,0,2,1,3,0,205,98700.0
2025-01-02 03:25:10,STRUCT_TEMP_PANEL_Y,29.6896,3,25,10,2,1,3,0,205,98710.0
2025-01-02 03:25:20,STRUCT_TEMP_PANEL_Z,31.119,3,25,20,2,1,3,0,205,98720.0
2025-01-02 03:25:30,RADIATOR_TEMP,-1.7593,3,25,30,2,1,3,0,205,98730.0
2025-01-02 03:25:40,GYRO_X,0.0371,3,25,40,2,1,3,0,205,98740.0
2025-01-02 03:25:50,GYRO_Y,0.0336,3,25,50,2,1,3,0,205,98750.0
2025-01-02 03:26:00,GYRO_Z,0.0318,3,26,0,2,1,3,0,206,98760.0
2025-01-02 03:26:10,MAGNETOMETER_X,22.003,3,26,10,2,1,3,0,206,98770.0
2025-01-02 03:26:20,MAGNETOMETER_Y,24.3128,3,26,20,2,1,3,0,206,98780.0
2025-01-02 03:26:30,MAGNETOMETER_Z,32.0385,3,26,30,2,1,3,0,206,98790.0
2025-01-02 03:26:40,REACTION_WHEEL_SPD_X,752.193,3,26,40,2,1,3,0,206,98800.0
2025-01-02 03:26:50,REACTION_WHEEL_SPD_Y,1541.8942,3,26,50,2,1,3,0,206,98810.0
2025-01-02 03:27:00,REACTION_WHEEL_SPD_Z,1361.1594,3,27,0,2,1,3,0,207,98820.0
2025-01-02 03:27:10,ATTITUDE_ROLL,-0.0003,3,27,10,2,1,3,0,207,98830.0
2025-01-02 03:27:20,ATTITUDE_PITCH,0.6382,3,27,20,2,1,3,0,207,98840.0
2025-01-02 03:27:30,ATTITUDE_YAW,0.6841,3,27,30,2,1,3,0,207,98850.0
2025-01-02 03:27:40,STAR_TRACKER_VALID,0.726,3,27,40,2,1,3,0,207,98860.0
2025-01-02 03:27:50,SUN_SENSOR_ANGLE,126.3253,3,27,50,2,1,3,0,207,98870.0
2025-01-02 03:28:00,RF_SIGNAL_STRENGTH,-53.8737,3,28,0,2,1,3,0,208,98880.0
2025-01-02 03:28:10,RF_NOISE_FLOOR,-88.0533,3,28,10,2,1,3,0,208,98890.0
2025-01-02 03:28:20,TX_POWER,3.4518,3,28,20,2,1,3,0,208,98900.0
2025-01-02 03:28:30,LINK_MARGIN,21.4966,3,28,30,2,1,3,0,208,98910.0
2025-01-02 03:28:40,DATA_RATE_KBPS,153.3292,3,28,40,2,1,3,0,208,98920.0
2025-01-02 03:28:50,PACKET_LOSS_RATE,1.4221,3,28,50,2,1,3,0,208,98930.0
2025-01-02 03:29:00,CPU_USAGE,44.399,3,29,0,2,1,3,0,209,98940.0
2025-01-02 03:29:10,MEMORY_USAGE,53.15,3,29,10,2,1,3,0,209,98950.0
2025-01-02 03:29:20,FLASH_WRITE_RATE,3.4974,3,29,20,2,1,3,0,209,98960.0
2025-01-02 03:29:30,WATCHDOG_COUNTER,73.9483,3,29,30,2,1,3,0,209,98970.0
2025-01-02 03:29:40,TANK_PRESSURE,307.9579,3,29,40,2,1,3,0,209,98980.0
2025-01-02 03:29:50,THRUSTER_VALVE_TEMP,22.3872,3,29,50,2,1,3,0,209,98990.0
2025-01-02 03:30:00,BATT_VOLTAGE_1,28.7023,3,30,0,2,1,3,0,210,99000.0
2025-01-02 03:30:10,BATT_VOLTAGE_2,28.5372,3,30,10,2,1,3,0,210,99010.0
2025-01-02 03:30:20,BATT_CURRENT_1,3.0968,3,30,20,2,1,3,0,210,99020.0
2025-01-02 03:30:30,BATT_CURRENT_2,3.349,3,30,30,2,1,3,0,210,99030.0
2025-01-02 03:30:40,BATT_TEMP_1,28.0868,3,30,40,2,1,3,0,210,99040.0
2025-01-02 03:30:50,BATT_TEMP_2,25.6887,3,30,50,2,1,3,0,210,99050.0
2025-01-02 03:31:00,BATT_SOC,90.0232,3,31,0,2,1,3,0,211,99060.0
2025-01-02 03:31:10,SOLAR_PANEL_VOLT_A,30.7339,3,31,10,2,1,3,0,211,99070.0
2025-01-02 03:31:20,SOLAR_PANEL_VOLT_B,31.6622,3,31,20,2,1,3,0,211,99080.0
2025-01-02 03:31:30,SOLAR_PANEL_CURR_A,6.8608,3,31,30,2,1,3,0,211,99090.0
2025-01-02 03:31:40,SOLAR_PANEL_CURR_B,6.8087,3,31,40,2,1,3,0,211,99100.0
2025-01-02 03:31:50,SOLAR_POWER_TOTAL,109.4644,3,31,50,2,1,3,0,211,99110.0
2025-01-02 03:32:00,BUS_VOLTAGE,28.7822,3,32,0,2,1,3,0,212,99120.0
2025-01-02 03:32:10,BUS_CURRENT,9.5297,3,32,10,2,1,3,0,212,99130.0
2025-01-02 03:32:20,THRUSTER_TEMP_1,25.0917,3,32,20,2,1,3,0,212,99140.0
2025-01-02 03:32:30,THRUSTER_TEMP_2,24.8369,3,32,30,2,1,3,0,212,99150.0
2025-01-02 03:32:40,PAYLOAD_TEMP_CAM,24.2548,3,32,40,2,1,3,0,212,99160.0
2025-01-02 03:32:50,PAYLOAD_TEMP_SENSOR,24.3959,3,32,50,2,1,3,0,212,99170.0
2025-01-02 03:33:00,OBC_TEMP,50.2223,3,33,0,2,1,3,0,213,99180.0
2025-01-02 03:33:10,TRANS_TEMP,42.7544,3,33,10,2,1,3,0,213,99190.0
2025-01-02 03:33:20,STRUCT_TEMP_PANEL_X,32.3717,3,33,20,2,1,3,0,213,99200.0
2025-01-02 03:33:30,STRUCT_TEMP_PANEL_Y,35.3297,3,33,30,2,1,3,0,213,99210.0
2025-01-02 03:33:40,STRUCT_TEMP_PANEL_Z,30.2742,3,33,40,2,1,3,0,213,99220.0
2025-01-02 03:33:50,RADIATOR_TEMP,-8.0833,3,33,50,2,1,3,0,213,99230.0
2025-01-02 03:34:00,GYRO_X,0.0301,3,34,0,2,1,3,0,214,99240.0
2025-01-02 03:34:10,GYRO_Y,0.0031,3,34,10,2,1,3,0,214,99250.0
2025-01-02 03:34:20,GYRO_Z,0.0363,3,34,20,2,1,3,0,214,99260.0
2025-01-02 03:34:30,MAGNETOMETER_X,23.5936,3,34,30,2,1,3,0,214,99270.0
2025-01-02 03:34:40,MAGNETOMETER_Y,12.445,3,34,40,2,1,3,0,214,99280.0
2025-01-02 03:34:50,MAGNETOMETER_Z,0.8163,3,34,50,2,1,3,0,214,99290.0
2025-01-02 03:35:00,REACTION_WHEEL_SPD_X,989.8005,3,35,0,2,1,3,0,215,99300.0
2025-01-02 03:35:10,REACTION_WHEEL_SPD_Y,1392.2824,3,35,10,2,1,3,0,215,99310.0
2025-01-02 03:35:20,REACTION_WHEEL_SPD_Z,545.6096,3,35,20,2,1,3,0,215,99320.0
2025-01-02 03:35:30,ATTITUDE_ROLL,1.3169,3,35,30,2,1,3,0,215,99330.0
2025-01-02 03:35:40,ATTITUDE_PITCH,0.9028,3,35,40,2,1,3,0,215,99340.0
2025-01-02 03:35:50,ATTITUDE_YAW,0.6938,3,35,50,2,1,3,0,215,99350.0
2025-01-02 03:36:00,STAR_TRACKER_VALID,0.6276,3,36,0,2,1,3,0,216,99360.0
2025-01-02 03:36:10,SUN_SENSOR_ANGLE,119.4787,3,36,10,2,1,3,0,216,99370.0
2025-01-02 03:36:20,RF_SIGNAL_STRENGTH,-60.7196,3,36,20,2,1,3,0,216,99380.0
2025-01-02 03:36:30,RF_NOISE_FLOOR,-85.9019,3,36,30,2,1,3,0,216,99390.0
2025-01-02 03:36:40,TX_POWER,4.0316,3,36,40,2,1,3,0,216,99400.0
2025-01-02 03:36:50,LINK_MARGIN,17.3941,3,36,50,2,1,3,0,216,99410.0
2025-01-02 03:37:00,DATA_RATE_KBPS,142.6748,3,37,0,2,1,3,0,217,99420.0
2025-01-02 03:37:10,PACKET_LOSS_RATE,1.3183,3,37,10,2,1,3,0,217,99430.0
2025-01-02 03:37:20,CPU_USAGE,46.8607,3,37,20,2,1,3,0,217,99440.0
2025-01-02 03:37:30,MEMORY_USAGE,60.3594,3,37,30,2,1,3,0,217,99450.0
2025-01-02 03:37:40,FLASH_WRITE_RATE,3.3822,3,37,40,2,1,3,0,217,99460.0
2025-01-02 03:37:50,WATCHDOG_COUNTER,50.3977,3,37,50,2,1,3,0,217,99470.0
2025-01-02 03:38:00,TANK_PRESSURE,307.0098,3,38,0,2,1,3,0,218,99480.0
2025-01-02 03:38:10,THRUSTER_VALVE_TEMP,19.1444,3,38,10,2,1,3,0,218,99490.0
2025-01-02 03:38:20,BATT_VOLTAGE_1,28.1354,3,38,20,2,1,3,0,218,99500.0
2025-01-02 03:38:30,BATT_VOLTAGE_2,28.2869,3,38,30,2,1,3,0,218,99510.0
2025-01-02 03:38:40,BATT_CURRENT_1,2.7734,3,38,40,2,1,3,0,218,99520.0
2025-01-02 03:38:50,BATT_CURRENT_2,2.6378,3,38,50,2,1,3,0,218,99530.0
2025-01-02 03:39:00,BATT_TEMP_1,29.239,3,39,0,2,1,3,0,219,99540.0
2025-01-02 03:39:10,BATT_TEMP_2,27.8414,3,39,10,2,1,3,0,219,99550.0
2025-01-02 03:39:20,BATT_SOC,84.2748,3,39,20,2,1,3,0,219,99560.0
2025-01-02 03:39:30,SOLAR_PANEL_VOLT_A,32.3152,3,39,30,2,1,3,0,219,99570.0
2025-01-02 03:39:40,SOLAR_PANEL_VOLT_B,31.4407,3,39,40,2,1,3,0,219,99580.0
2025-01-02 03:39:50,SOLAR_PANEL_CURR_A,6.33,3,39,50,2,1,3,0,219,99590.0
2025-01-02 03:40:00,SOLAR_PANEL_CURR_B,6.1145,3,40,0,2,1,3,0,220,99600.0
2025-01-02 03:40:10,SOLAR_POWER_TOTAL,113.6674,3,40,10,2,1,3,0,220,99610.0
2025-01-02 03:40:20,BUS_VOLTAGE,29.0982,3,40,20,2,1,3,0,220,99620.0
2025-01-02 03:40:30,BUS_CURRENT,9.1648,3,40,30,2,1,3,0,220,99630.0
2025-01-02 03:40:40,THRUSTER_TEMP_1,25.6317,3,40,40,2,1,3,0,220,99640.0
2025-01-02 03:40:50,THRUSTER_TEMP_2,23.6897,3,40,50,2,1,3,0,220,99650.0
2025-01-02 03:41:00,PAYLOAD_TEMP_CAM,25.4287,3,41,0,2,1,3,0,221,99660.0
2025-01-02 03:41:10,PAYLOAD_TEMP_SENSOR,24.077,3,41,10,2,1,3,0,221,99670.0
2025-01-02 03:41:20,OBC_TEMP,47.2093,3,41,20,2,1,3,0,221,99680.0
2025-01-02 03:41:30,TRANS_TEMP,40.1229,3,41,30,2,1,3,0,221,99690.0
2025-01-02 03:41:40,STRUCT_TEMP_PANEL_X,20.6809,3,41,40,2,1,3,0,221,99700.0
2025-01-02 03:41:50,STRUCT_TEMP_PANEL_Y,26.3005,3,41,50,2,1,3,0,221,99710.0
2025-01-02 03:42:00,STRUCT_TEMP_PANEL_Z,31.8275,3,42,0,2,1,3,0,222,99720.0
2025-01-02 03:42:10,RADIATOR_TEMP,3.4119,3,42,10,2,1,3,0,222,99730.0
2025-01-02 03:42:20,GYRO_X,0.0108,3,42,20,2,1,3,0,222,99740.0
2025-01-02 03:42:30,GYRO_Y,0.0248,3,42,30,2,1,3,0,222,99750.0
2025-01-02 03:42:40,GYRO_Z,0.0335,3,42,40,2,1,3,0,222,99760.0
2025-01-02 03:42:50,MAGNETOMETER_X,6.0246,3,42,50,2,1,3,0,222,99770.0
2025-01-02 03:43:00,MAGNETOMETER_Y,6.7376,3,43,0,2,1,3,0,223,99780.0
2025-01-02 03:43:10,MAGNETOMETER_Z,11.6834,3,43,10,2,1,3,0,223,99790.0
2025-01-02 03:43:20,REACTION_WHEEL_SPD_X,502.5068,3,43,20,2,1,3,0,223,99800.0
2025-01-02 03:43:30,REACTION_WHEEL_SPD_Y,38.0004,3,43,30,2,1,3,0,223,99810.0
2025-01-02 03:43:40,REACTION_WHEEL_SPD_Z,1097.9782,3,43,40,2,1,3,0,223,99820.0
2025-01-02 03:43:50,ATTITUDE_ROLL,0.905,3,43,50,2,1,3,0,223,99830.0
2025-01-02 03:44:00,ATTITUDE_PITCH,0.6284,3,44,0,2,1,3,0,224,99840.0
2025-01-02 03:44:10,ATTITUDE_YAW,0.6217,3,44,10,2,1,3,0,224,99850.0
2025-01-02 03:44:20,STAR_TRACKER_VALID,0.8122,3,44,20,2,1,3,0,224,99860.0
2025-01-02 03:44:30,SUN_SENSOR_ANGLE,123.6778,3,44,30,2,1,3,0,224,99870.0
2025-01-02 03:44:40,RF_SIGNAL_STRENGTH,-56.9144,3,44,40,2,1,3,0,224,99880.0
2025-01-02 03:44:50,RF_NOISE_FLOOR,-92.629,3,44,50,2,1,3,0,224,99890.0
2025-01-02 03:45:00,TX_POWER,3.9192,3,45,0,2,1,3,0,225,99900.0
2025-01-02 03:45:10,LINK_MARGIN,14.6697,3,45,10,2,1,3,0,225,99910.0
2025-01-02 03:45:20,DATA_RATE_KBPS,152.8068,3,45,20,2,1,3,0,225,99920.0
2025-01-02 03:45:30,PACKET_LOSS_RATE,1.552,3,45,30,2,1,3,0,225,99930.0
2025-01-02 03:45:40,CPU_USAGE,40.6341,3,45,40,2,1,3,0,225,99940.0
2025-01-02 03:45:50,MEMORY_USAGE,54.3947,3,45,50,2,1,3,0,225,99950.0
2025-01-02 03:46:00,FLASH_WRITE_RATE,3.2768,3,46,0,2,1,3,0,226,99960.0
2025-01-02 03:46:10,WATCHDOG_COUNTER,76.5183,3,46,10,2,1,3,0,226,99970.0
2025-01-02 03:46:20,TANK_PRESSURE,303.0511,3,46,20,2,1,3,0,226,99980.0
2025-01-02 03:46:30,THRUSTER_VALVE_TEMP,22.3558,3,46,30,2,1,3,0,226,99990.0
