timestamp,parameter,value
2025-01-01 00:00:00,BATT_VOLTAGE_1,28.5591
2025-01-01 00:00:10,BATT_VOLTAGE_2,28.3917
2025-01-01 00:00:20,BATT_CURRENT_1,2.6705
2025-01-01 00:00:30,BATT_CURRENT_2,3.2158
2025-01-01 00:00:40,BATT_TEMP_1,24.871
2025-01-01 00:00:50,BATT_TEMP_2,27.3172
2025-01-01 00:01:00,BATT_SOC,84.0094
2025-01-01 00:01:10,SOLAR_PANEL_VOLT_A,32.4209
2025-01-01 00:01:20,SOLAR_PANEL_VOLT_B,32.303
2025-01-01 00:01:30,SOLAR_PANEL_CURR_A,6.4958
2025-01-01 00:01:40,SOLAR_PANEL_CURR_B,6.6133
2025-01-01 00:01:50,SOLAR_POWER_TOTAL,118.6788
2025-01-01 00:02:00,BUS_VOLTAGE,28.9878
2025-01-01 00:02:10,BUS_CURRENT,9.2612
2025-01-01 00:02:20,THRUSTER_TEMP_1,22.9332
2025-01-01 00:02:30,THRUSTER_TEMP_2,24.2348
2025-01-01 00:02:40,PAYLOAD_TEMP_CAM,24.6703
2025-01-01 00:02:50,PAYLOAD_TEMP_SENSOR,25.4353
2025-01-01 00:03:00,OBC_TEMP,43.0147
2025-01-01 00:03:10,TRANS_TEMP,43.3054
2025-01-01 00:03:20,STRUCT_TEMP_PANEL_X,39.2234
2025-01-01 00:03:30,STRUCT_TEMP_PANEL_Y,31.2591
2025-01-01 00:03:40,STRUCT_TEMP_PANEL_Z,21.7493
2025-01-01 00:03:50,RADIATOR_TEMP,-6.2998
2025-01-01 00:04:00,GYRO_X,0.0051
2025-01-01 00:04:10,GYRO_Y,0.0204
2025-01-01 00:04:20,GYRO_Z,0.0113
2025-01-01 00:04:30,MAGNETOMETER_X,25.4314
2025-01-01 00:04:40,MAGNETOMETER_Y,16.1212
2025-01-01 00:04:50,MAGNETOMETER_Z,26.4624
2025-01-01 00:05:00,REACTION_WHEEL_SPD_X,916.2922
2025-01-01 00:05:10,REACTION_WHEEL_SPD_Y,411.606
2025-01-01 00:05:20,REACTION_WHEEL_SPD_Z,235.9119
2025-01-01 00:05:30,ATTITUDE_ROLL,0.5919
2025-01-01 00:05:40,ATTITUDE_PITCH,1.544
2025-01-01 00:05:50,ATTITUDE_YAW,1.8873
2025-01-01 00:06:00,STAR_TRACKER_VALID,0.5399
2025-01-01 00:06:10,SUN_SENSOR_ANGLE,124.0691
2025-01-01 00:06:20,RF_SIGNAL_STRENGTH,-55.9562
2025-01-01 00:06:30,RF_NOISE_FLOOR,-87.0943
2025-01-01 00:06:40,TX_POWER,3.9316
2025-01-01 00:06:50,LINK_MARGIN,16.7347
2025-01-01 00:07:00,DATA_RATE_KBPS,121.1675
2025-01-01 00:07:10,PACKET_LOSS_RATE,1.5827
2025-01-01 00:07:20,CPU_USAGE,37.1778
2025-01-01 00:07:30,MEMORY_USAGE,57.392
2025-01-01 00:07:40,FLASH_WRITE_RATE,3.3075
2025-01-01 00:07:50,WATCHDOG_COUNTER,61.0605
2025-01-01 00:08:00,TANK_PRESSURE,302.6978
2025-01-01 00:08:10,THRUSTER_VALVE_TEMP,19.5616
2025-01-01 00:08:20,BATT_VOLTAGE_1,28.579
2025-01-01 00:08:30,BATT_VOLTAGE_2,28.2387
2025-01-01 00:08:40,BATT_CURRENT_1,3.1128
2025-01-01 00:08:50,BATT_CURRENT_2,3.1915
2025-01-01 00:09:00,BATT_TEMP_1,25.4371
2025-01-01 00:09:10,BATT_TEMP_2,28.6194
2025-01-01 00:09:20,BATT_SOC,84.7269
2025-01-01 00:09:30,SOLAR_PANEL_VOLT_A,32.2622
2025-01-01 00:09:40,SOLAR_PANEL_VOLT_B,32.2668
2025-01-01 00:09:50,SOLAR_PANEL_CURR_A,5.8452
2025-01-01 00:10:00,SOLAR_PANEL_CURR_B,5.5965
2025-01-01 00:10:10,SOLAR_POWER_TOTAL,112.059
2025-01-01 00:10:20,BUS_VOLTAGE,28.9101
2025-01-01 00:10:30,BUS_CURRENT,10.1269
2025-01-01 00:10:40,THRUSTER_TEMP_1,23.5388
2025-01-01 00:10:50,THRUSTER_TEMP_2,25.0175
2025-01-01 00:11:00,PAYLOAD_TEMP_CAM,24.3272
2025-01-01 00:11:10,PAYLOAD_TEMP_SENSOR,24.7949
2025-01-01 00:11:20,OBC_TEMP,46.9405
2025-01-01 00:11:30,TRANS_TEMP,42.802
2025-01-01 00:11:40,STRUCT_TEMP_PANEL_X,37.3499
2025-01-01 00:11:50,STRUCT_TEMP_PANEL_Y,38.1571
2025-01-01 00:12:00,STRUCT_TEMP_PANEL_Z,23.6607
2025-01-01 00:12:10,RADIATOR_TEMP,-2.6167
2025-01-01 00:12:20,GYRO_X,0.0179
2025-01-01 00:12:30,GYRO_Y,0.0096
2025-01-01 00:12:40,GYRO_Z,0.044
2025-01-01 00:12:50,MAGNETOMETER_X,10.9745
2025-01-01 00:13:00,MAGNETOMETER_Y,26.8819
2025-01-01 00:13:10,MAGNETOMETER_Z,13.1253
2025-01-01 00:13:20,REACTION_WHEEL_SPD_X,1265.678
2025-01-01 00:13:30,REACTION_WHEEL_SPD_Y,1409.5053
2025-01-01 00:13:40,REACTION_WHEEL_SPD_Z,1076.1536
2025-01-01 00:13:50,ATTITUDE_ROLL,1.6978
2025-01-01 00:14:00,ATTITUDE_PITCH,0.1621
2025-01-01 00:14:10,ATTITUDE_YAW,2.7587
2025-01-01 00:14:20,STAR_TRACKER_VALID,0.7052
2025-01-01 00:14:30,SUN_SENSOR_ANGLE,112.8756
2025-01-01 00:14:40,RF_SIGNAL_STRENGTH,-59.3001
2025-01-01 00:14:50,RF_NOISE_FLOOR,-93.3478
2025-01-01 00:15:00,TX_POWER,3.3946
2025-01-01 00:15:10,LINK_MARGIN,17.9764
2025-01-01 00:15:20,DATA_RATE_KBPS,161.6631
2025-01-01 00:15:30,PACKET_LOSS_RATE,1.2836
2025-01-01 00:15:40,CPU_USAGE,47.5723
2025-01-01 00:15:50,MEMORY_USAGE,59.3086
2025-01-01 00:16:00,FLASH_WRITE_RATE,3.3885
2025-01-01 00:16:10,WATCHDOG_COUNTER,74.0278
2025-01-01 00:16:20,TANK_PRESSURE,309.2063
2025-01-01 00:16:30,THRUSTER_VALVE_TEMP,20.6925
2025-01-01 00:16:40,BATT_VOLTAGE_1,28.7403
2025-01-01 00:16:50,BATT_VOLTAGE_2,28.7607
2025-01-01 00:17:00,BATT_CURRENT_1,2.8546
2025-01-01 00:17:10,BATT_CURRENT_2,2.7227
2025-01-01 00:17:20,BATT_TEMP_1,29.2339
2025-01-01 00:17:30,BATT_TEMP_2,25.7861
2025-01-01 00:17:40,BATT_SOC,79.7528
2025-01-01 00:17:50,SOLAR_PANEL_VOLT_A,32.6222
2025-01-01 00:18:00,SOLAR_PANEL_VOLT_B,31.3616
2025-01-01 00:18:10,SOLAR_PANEL_CURR_A,6.6095
2025-01-01 00:18:20,SOLAR_PANEL_CURR_B,5.7899
2025-01-01 00:18:30,SOLAR_POWER_TOTAL,113.1047
2025-01-01 00:18:40,BUS_VOLTAGE,29.0387
2025-01-01 00:18:50,BUS_CURRENT,9.6988
2025-01-01 00:19:00,THRUSTER_TEMP_1,24.8154
2025-01-01 00:19:10,THRUSTER_TEMP_2,26.4737
2025-01-01 00:19:20,PAYLOAD_TEMP_CAM,24.377
2025-01-01 00:19:30,PAYLOAD_TEMP_SENSOR,23.5972
2025-01-01 00:19:40,OBC_TEMP,50.1497
2025-01-01 00:19:50,TRANS_TEMP,42.8489
2025-01-01 00:20:00,STRUCT_TEMP_PANEL_X,31.934
2025-01-01 00:20:10,STRUCT_TEMP_PANEL_Y,34.039
2025-01-01 00:20:20,STRUCT_TEMP_PANEL_Z,34.6617
2025-01-01 00:20:30,RADIATOR_TEMP,-9.4789
2025-01-01 00:20:40,GYRO_X,0.0285
2025-01-01 00:20:50,GYRO_Y,0.0397
2025-01-01 00:21:00,GYRO_Z,0.0012
2025-01-01 00:21:10,MAGNETOMETER_X,28.0575
2025-01-01 00:21:20,MAGNETOMETER_Y,20.6058
2025-01-01 00:21:30,MAGNETOMETER_Z,4.1636
2025-01-01 00:21:40,REACTION_WHEEL_SPD_X,935.8122
2025-01-01 00:21:50,REACTION_WHEEL_SPD_Y,1748.5534
2025-01-01 00:22:00,REACTION_WHEEL_SPD_Z,1055.9606
2025-01-01 00:22:10,ATTITUDE_ROLL,1.4417
2025-01-01 00:22:20,ATTITUDE_PITCH,0.6891
2025-01-01 00:22:30,ATTITUDE_YAW,0.1455
2025-01-01 00:22:40,STAR_TRACKER_VALID,0.5102
2025-01-01 00:22:50,SUN_SENSOR_ANGLE,128.4911
2025-01-01 00:23:00,RF_SIGNAL_STRENGTH,-59.0267
2025-01-01 00:23:10,RF_NOISE_FLOOR,-91.5062
2025-01-01 00:23:20,TX_POWER,3.8906
2025-01-01 00:23:30,LINK_MARGIN,20.8457
2025-01-01 00:23:40,DATA_RATE_KBPS,157.6163
2025-01-01 00:23:50,PACKET_LOSS_RATE,1.2085
2025-01-01 00:24:00,CPU_USAGE,36.2162
2025-01-01 00:24:10,MEMORY_USAGE,60.2346
2025-01-01 00:24:20,FLASH_WRITE_RATE,3.4883
2025-01-01 00:24:30,WATCHDOG_COUNTER,74.4131
2025-01-01 00:24:40,TANK_PRESSURE,312.2149
2025-01-01 00:24:50,THRUSTER_VALVE_TEMP,19.1706
2025-01-01 00:25:00,BATT_VOLTAGE_1,28.7236
2025-01-01 00:25:10,BATT_VOLTAGE_2,28.5431
2025-01-01 00:25:20,BATT_CURRENT_1,3.0972
2025-01-01 00:25:30,BATT_CURRENT_2,3.2077
2025-01-01 00:25:40,BATT_TEMP_1,23.9365
2025-01-01 00:25:50,BATT_TEMP_2,30.2935
2025-01-01 00:26:00,BATT_SOC,91.0935
2025-01-01 00:26:10,SOLAR_PANEL_VOLT_A,32.4669
2025-01-01 00:26:20,SOLAR_PANEL_VOLT_B,30.9172
2025-01-01 00:26:30,SOLAR_PANEL_CURR_A,6.6567
2025-01-01 00:26:40,SOLAR_PANEL_CURR_B,5.8471
2025-01-01 00:26:50,SOLAR_POWER_TOTAL,113.693
2025-01-01 00:27:00,BUS_VOLTAGE,28.9661
2025-01-01 00:27:10,BUS_CURRENT,9.5247
2025-01-01 00:27:20,THRUSTER_TEMP_1,25.9642
2025-01-01 00:27:30,THRUSTER_TEMP_2,23.8822
2025-01-01 00:27:40,PAYLOAD_TEMP_CAM,22.0989
2025-01-01 00:27:50,PAYLOAD_TEMP_SENSOR,23.9182
2025-01-01 00:28:00,OBC_TEMP,49.8226
2025-01-01 00:28:10,TRANS_TEMP,40.9168
2025-01-01 00:28:20,STRUCT_TEMP_PANEL_X,26.2929
2025-01-01 00:28:30,STRUCT_TEMP_PANEL_Y,28.5929
2025-01-01 00:28:40,STRUCT_TEMP_PANEL_Z,32.8848
2025-01-01 00:28:50,RADIATOR_TEMP,-7.211
2025-01-01 00:29:00,GYRO_X,0.0057
2025-01-01 00:29:10,GYRO_Y,-0.002
2025-01-01 00:29:20,GYRO_Z,0.014
2025-01-01 00:29:30,MAGNETOMETER_X,35.0745
2025-01-01 00:29:40,MAGNETOMETER_Y,31.5487
2025-01-01 00:29:50,MAGNETOMETER_Z,12.7789
2025-01-01 00:30:00,REACTION_WHEEL_SPD_X,605.5645
2025-01-01 00:30:10,REACTION_WHEEL_SPD_Y,1443.8099
2025-01-01 00:30:20,REACTION_WHEEL_SPD_Z,1422.2139
2025-01-01 00:30:30,ATTITUDE_ROLL,0.8893
2025-01-01 00:30:40,ATTITUDE_PITCH,0.9502
2025-01-01 00:30:50,ATTITUDE_YAW,1.5942
2025-01-01 00:31:00,STAR_TRACKER_VALID,0.5757
2025-01-01 00:31:10,SUN_SENSOR_ANGLE,110.7222
2025-01-01 00:31:20,RF_SIGNAL_STRENGTH,-55.9465
2025-01-01 00:31:30,RF_NOISE_FLOOR,-95.2207
2025-01-01 00:31:40,TX_POWER,2.8184
2025-01-01 00:31:50,LINK_MARGIN,17.9535
2025-01-01 00:32:00,DATA_RATE_KBPS,133.312
2025-01-01 00:32:10,PACKET_LOSS_RATE,1.2116
2025-01-01 00:32:20,CPU_USAGE,40.0701
2025-01-01 00:32:30,MEMORY_USAGE,63.7385
2025-01-01 00:32:40,FLASH_WRITE_RATE,3.1237
2025-01-01 00:32:50,WATCHDOG_COUNTER,76.2469
2025-01-01 00:33:00,TANK_PRESSURE,297.6313
2025-01-01 00:33:10,THRUSTER_VALVE_TEMP,18.0578
2025-01-01 00:33:20,BATT_VOLTAGE_1,28.5608
2025-01-01 00:33:30,BATT_VOLTAGE_2,28.04
2025-01-01 00:33:40,BATT_CURRENT_1,2.8202
2025-01-01 00:33:50,BATT_CURRENT_2,3.2416
2025-01-01 00:34:00,BATT_TEMP_1,28.9566
2025-01-01 00:34:10,BATT_TEMP_2,30.8032
2025-01-01 00:34:20,BATT_SOC,89.0551
2025-01-01 00:34:30,SOLAR_PANEL_VOLT_A,32.5453
2025-01-01 00:34:40,SOLAR_PANEL_VOLT_B,32.2261
2025-01-01 00:34:50,SOLAR_PANEL_CURR_A,6.4118
2025-01-01 00:35:00,SOLAR_PANEL_CURR_B,6.2713
2025-01-01 00:35:10,SOLAR_POWER_TOTAL,111.1891
2025-01-01 00:35:20,BUS_VOLTAGE,28.9374
2025-01-01 00:35:30,BUS_CURRENT,10.6502
2025-01-01 00:35:40,THRUSTER_TEMP_1,22.7438
2025-01-01 00:35:50,THRUSTER_TEMP_2,23.9957
2025-01-01 00:36:00,PAYLOAD_TEMP_CAM,22.8792
2025-01-01 00:36:10,PAYLOAD_TEMP_SENSOR,24.9907
2025-01-01 00:36:20,OBC_TEMP,42.5104
2025-01-01 00:36:30,TRANS_TEMP,44.0239
2025-01-01 00:36:40,STRUCT_TEMP_PANEL_X,34.6139
2025-01-01 00:36:50,STRUCT_TEMP_PANEL_Y,24.1004
2025-01-01 00:37:00,STRUCT_TEMP_PANEL_Z,30.1405
2025-01-01 00:37:10,RADIATOR_TEMP,-9.166
2025-01-01 00:37:20,GYRO_X,0.011
2025-01-01 00:37:30,GYRO_Y,0.0106
2025-01-01 00:37:40,GYRO_Z,-0.0087
2025-01-01 00:37:50,MAGNETOMETER_X,25.859
2025-01-01 00:38:00,MAGNETOMETER_Y,22.1442
2025-01-01 00:38:10,MAGNETOMETER_Z,21.8139
2025-01-01 00:38:20,REACTION_WHEEL_SPD_X,1495.1389
2025-01-01 00:38:30,REACTION_WHEEL_SPD_Y,843.0763
2025-01-01 00:38:40,REACTION_WHEEL_SPD_Z,1675.4093
2025-01-01 00:38:50,ATTITUDE_ROLL,1.5215
2025-01-01 00:39:00,ATTITUDE_PITCH,1.1644
2025-01-01 00:39:10,ATTITUDE_YAW,2.1734
2025-01-01 00:39:20,STAR_TRACKER_VALID,0.5671
2025-01-01 00:39:30,SUN_SENSOR_ANGLE,145.3484
2025-01-01 00:39:40,RF_SIGNAL_STRENGTH,-63.17
2025-01-01 00:39:50,RF_NOISE_FLOOR,-93.8167
2025-01-01 00:40:00,TX_POWER,4.1419
2025-01-01 00:40:10,LINK_MARGIN,15.3004
2025-01-01 00:40:20,DATA_RATE_KBPS,146.52
2025-01-01 00:40:30,PACKET_LOSS_RATE,1.4744
2025-01-01 00:40:40,CPU_USAGE,47.4837
2025-01-01 00:40:50,MEMORY_USAGE,63.6561
2025-01-01 00:41:00,FLASH_WRITE_RATE,3.5253
2025-01-01 00:41:10,WATCHDOG_COUNTER,62.9802
2025-01-01 00:41:20,TANK_PRESSURE,303.5337
2025-01-01 00:41:30,THRUSTER_VALVE_TEMP,21.3422
2025-01-01 00:41:40,BATT_VOLTAGE_1,28.3714
2025-01-01 00:41:50,BATT_VOLTAGE_2,28.4443
2025-01-01 00:42:00,BATT_CURRENT_1,2.9202
2025-01-01 00:42:10,BATT_CURRENT_2,2.7508
2025-01-01 00:42:20,BATT_TEMP_1,26.4173
2025-01-01 00:42:30,BATT_TEMP_2,29.6707
2025-01-01 00:42:40,BATT_SOC,89.69
2025-01-01 00:42:50,SOLAR_PANEL_VOLT_A,31.6877
2025-01-01 00:43:00,SOLAR_PANEL_VOLT_B,32.4721
2025-01-01 00:43:10,SOLAR_PANEL_CURR_A,6.1105
2025-01-01 00:43:20,SOLAR_PANEL_CURR_B,6.2362
2025-01-01 00:43:30,SOLAR_POWER_TOTAL,114.9608
2025-01-01 00:43:40,BUS_VOLTAGE,28.8797
2025-01-01 00:43:50,BUS_CURRENT,8.9145
2025-01-01 00:44:00,THRUSTER_TEMP_1,24.0512
2025-01-01 00:44:10,THRUSTER_TEMP_2,22.5147
2025-01-01 00:44:20,PAYLOAD_TEMP_CAM,25.0593
2025-01-01 00:44:30,PAYLOAD_TEMP_SENSOR,25.5318
2025-01-01 00:44:40,OBC_TEMP,47.7116
2025-01-01 00:44:50,TRANS_TEMP,42.6995
2025-01-01 00:45:00,STRUCT_TEMP_PANEL_X,20.9121
2025-01-01 00:45:10,STRUCT_TEMP_PANEL_Y,32.4054
2025-01-01 00:45:20,STRUCT_TEMP_PANEL_Z,28.3275
2025-01-01 00:45:30,RADIATOR_TEMP,-1.1194
2025-01-01 00:45:40,GYRO_X,0.0132
2025-01-01 00:45:50,GYRO_Y,0.0383
2025-01-01 00:46:00,GYRO_Z,0.0333
2025-01-01 00:46:10,MAGNETOMETER_X,23.905
2025-01-01 00:46:20,MAGNETOMETER_Y,32.9603
2025-01-01 00:46:30,MAGNETOMETER_Z,21.3728
2025-01-01 00:46:40,REACTION_WHEEL_SPD_X,1449.8117
2025-01-01 00:46:50,REACTION_WHEEL_SPD_Y,1225.6288
2025-01-01 00:47:00,REACTION_WHEEL_SPD_Z,605.1669
2025-01-01 00:47:10,ATTITUDE_ROLL,0.796
2025-01-01 00:47:20,ATTITUDE_PITCH,0.8395
2025-01-01 00:47:30,ATTITUDE_YAW,0.1438
2025-01-01 00:47:40,STAR_TRACKER_VALID,0.5045
2025-01-01 00:47:50,SUN_SENSOR_ANGLE,89.3205
2025-01-01 00:48:00,RF_SIGNAL_STRENGTH,-59.2949
2025-01-01 00:48:10,RF_NOISE_FLOOR,-93.3123
2025-01-01 00:48:20,TX_POWER,3.2666
2025-01-01 00:48:30,LINK_MARGIN,18.3571
2025-01-01 00:48:40,DATA_RATE_KBPS,138.6997
2025-01-01 00:48:50,PACKET_LOSS_RATE,1.5666
2025-01-01 00:49:00,CPU_USAGE,40.2915
2025-01-01 00:49:10,MEMORY_USAGE,61.9329
2025-01-01 00:49:20,FLASH_WRITE_RATE,3.6308
2025-01-01 00:49:30,WATCHDOG_COUNTER,70.2909
2025-01-01 00:49:40,TANK_PRESSURE,307.0621
2025-01-01 00:49:50,THRUSTER_VALVE_TEMP,21.3797
2025-01-01 00:50:00,BATT_VOLTAGE_1,28.7007
2025-01-01 00:50:10,BATT_VOLTAGE_2,28.3816
2025-01-01 00:50:20,BATT_CURRENT_1,2.7121
2025-01-01 00:50:30,BATT_CURRENT_2,3.1346
2025-01-01 00:50:40,BATT_TEMP_1,27.0868
2025-01-01 00:50:50,BATT_TEMP_2,31.9289
2025-01-01 00:51:00,BATT_SOC,89.8751
2025-01-01 00:51:10,SOLAR_PANEL_VOLT_A,32.0573
2025-01-01 00:51:20,SOLAR_PANEL_VOLT_B,31.7046
2025-01-01 00:51:30,SOLAR_PANEL_CURR_A,6.1887
2025-01-01 00:51:40,SOLAR_PANEL_CURR_B,6.1214
2025-01-01 00:51:50,SOLAR_POWER_TOTAL,114.3203
2025-01-01 00:52:00,BUS_VOLTAGE,28.8702
2025-01-01 00:52:10,BUS_CURRENT,10.4768
2025-01-01 00:52:20,THRUSTER_TEMP_1,25.9748
2025-01-01 00:52:30,THRUSTER_TEMP_2,24.4534
2025-01-01 00:52:40,PAYLOAD_TEMP_CAM,25.2294
2025-01-01 00:52:50,PAYLOAD_TEMP_SENSOR,24.3857
2025-01-01 00:53:00,OBC_TEMP,44.4131
2025-01-01 00:53:10,TRANS_TEMP,38.2336
2025-01-01 00:53:20,STRUCT_TEMP_PANEL_X,36.9412
2025-01-01 00:53:30,STRUCT_TEMP_PANEL_Y,32.6769
2025-01-01 00:53:40,STRUCT_TEMP_PANEL_Z,28.4854
2025-01-01 00:53:50,RADIATOR_TEMP,0.4161
2025-01-01 00:54:00,GYRO_X,0.0272
2025-01-01 00:54:10,GYRO_Y,0.0461
2025-01-01 00:54:20,GYRO_Z,0.002
2025-01-01 00:54:30,MAGNETOMETER_X,29.7306
2025-01-01 00:54:40,MAGNETOMETER_Y,32.2739
2025-01-01 00:54:50,MAGNETOMETER_Z,7.3135
2025-01-01 00:55:00,REACTION_WHEEL_SPD_X,1746.7664
2025-01-01 00:55:10,REACTION_WHEEL_SPD_Y,835.2547
2025-01-01 00:55:20,REACTION_WHEEL_SPD_Z,1432.6916
2025-01-01 00:55:30,ATTITUDE_ROLL,1.4254
2025-01-01 00:55:40,ATTITUDE_PITCH,0.6325
2025-01-01 00:55:50,ATTITUDE_YAW,2.5189
2025-01-01 00:56:00,STAR_TRACKER_VALID,0.6829
2025-01-01 00:56:10,SUN_SENSOR_ANGLE,140.7924
2025-01-01 00:56:20,RF_SIGNAL_STRENGTH,-54.7544
2025-01-01 00:56:30,RF_NOISE_FLOOR,-85.4859
2025-01-01 00:56:40,TX_POWER,3.5524
2025-01-01 00:56:50,LINK_MARGIN,15.6183
2025-01-01 00:57:00,DATA_RATE_KBPS,150.7985
2025-01-01 00:57:10,PACKET_LOSS_RATE,1.3349
2025-01-01 00:57:20,CPU_USAGE,47.8647
2025-01-01 00:57:30,MEMORY_USAGE,52.8721
2025-01-01 00:57:40,FLASH_WRITE_RATE,4.2553
2025-01-01 00:57:50,WATCHDOG_COUNTER,76.9727
2025-01-01 00:58:00,TANK_PRESSURE,305.5219
2025-01-01 00:58:10,THRUSTER_VALVE_TEMP,18.0192
2025-01-01 00:58:20,BATT_VOLTAGE_1,28.8181
2025-01-01 00:58:30,BATT_VOLTAGE_2,27.7449
2025-01-01 00:58:40,BATT_CURRENT_1,3.3769
2025-01-01 00:58:50,BATT_CURRENT_2,3.1499
2025-01-01 00:59:00,BATT_TEMP_1,28.1019
2025-01-01 00:59:10,BATT_TEMP_2,28.3872
2025-01-01 00:59:20,BATT_SOC,91.0492
2025-01-01 00:59:30,SOLAR_PANEL_VOLT_A,32.4299
2025-01-01 00:59:40,SOLAR_PANEL_VOLT_B,32.0877
2025-01-01 00:59:50,SOLAR_PANEL_CURR_A,5.4745
2025-01-01 01:00:00,SOLAR_PANEL_CURR_B,6.139
2025-01-01 01:00:10,SOLAR_POWER_TOTAL,101.9796
2025-01-01 01:00:20,BUS_VOLTAGE,28.9321
2025-01-01 01:00:30,BUS_CURRENT,9.4676
2025-01-01 01:00:40,THRUSTER_TEMP_1,25.3407
2025-01-01 01:00:50,THRUSTER_TEMP_2,25.3562
2025-01-01 01:01:00,PAYLOAD_TEMP_CAM,24.873
2025-01-01 01:01:10,PAYLOAD_TEMP_SENSOR,23.6153
2025-01-01 01:01:20,OBC_TEMP,46.7413
2025-01-01 01:01:30,TRANS_TEMP,41.0841
2025-01-01 01:01:40,STRUCT_TEMP_PANEL_X,32.1268
2025-01-01 01:01:50,STRUCT_TEMP_PANEL_Y,31.2977
2025-01-01 01:02:00,STRUCT_TEMP_PANEL_Z,22.6274
2025-01-01 01:02:10,RADIATOR_TEMP,-0.3129
2025-01-01 01:02:20,GYRO_X,0.0286
2025-01-01 01:02:30,GYRO_Y,0.0261
2025-01-01 01:02:40,GYRO_Z,0.0238
2025-01-01 01:02:50,MAGNETOMETER_X,24.268
2025-01-01 01:03:00,MAGNETOMETER_Y,25.1089
2025-01-01 01:03:10,MAGNETOMETER_Z,20.8751
2025-01-01 01:03:20,REACTION_WHEEL_SPD_X,1044.9019
2025-01-01 01:03:30,REACTION_WHEEL_SPD_Y,1209.8923
2025-01-01 01:03:40,REACTION_WHEEL_SPD_Z,943.0688
2025-01-01 01:03:50,ATTITUDE_ROLL,1.5556
2025-01-01 01:04:00,ATTITUDE_PITCH,0.9198
2025-01-01 01:04:10,ATTITUDE_YAW,-0.1658
2025-01-01 01:04:20,STAR_TRACKER_VALID,0.5031
2025-01-01 01:04:30,SUN_SENSOR_ANGLE,106.9305
2025-01-01 01:04:40,RF_SIGNAL_STRENGTH,-63.7485
2025-01-01 01:04:50,RF_NOISE_FLOOR,-88.5463
2025-01-01 01:05:00,TX_POWER,3.9845
2025-01-01 01:05:10,LINK_MARGIN,18.8658
2025-01-01 01:05:20,DATA_RATE_KBPS,148.874
2025-01-01 01:05:30,PACKET_LOSS_RATE,0.914
2025-01-01 01:05:40,CPU_USAGE,42.8826
2025-01-01 01:05:50,MEMORY_USAGE,56.6233
2025-01-01 01:06:00,FLASH_WRITE_RATE,4.1809
2025-01-01 01:06:10,WATCHDOG_COUNTER,74.4933
2025-01-01 01:06:20,TANK_PRESSURE,304.2874
2025-01-01 01:06:30,THRUSTER_VALVE_TEMP,20.913
2025-01-01 01:06:40,BATT_VOLTAGE_1,28.0326
2025-01-01 01:06:50,BATT_VOLTAGE_2,28.7504
2025-01-01 01:07:00,BATT_CURRENT_1,3.0034
2025-01-01 01:07:10,BATT_CURRENT_2,2.7761
2025-01-01 01:07:20,BATT_TEMP_1,29.4555
2025-01-01 01:07:30,BATT_TEMP_2,29.8357
2025-01-01 01:07:40,BATT_SOC,86.9626
2025-01-01 01:07:50,SOLAR_PANEL_VOLT_A,32.6843
2025-01-01 01:08:00,SOLAR_PANEL_VOLT_B,32.3423
2025-01-01 01:08:10,SOLAR_PANEL_CURR_A,6.5846
2025-01-01 01:08:20,SOLAR_PANEL_CURR_B,6.2658
2025-01-01 01:08:30,SOLAR_POWER_TOTAL,115.6658
2025-01-01 01:08:40,BUS_VOLTAGE,28.838
2025-01-01 01:08:50,BUS_CURRENT,9.7294
2025-01-01 01:09:00,THRUSTER_TEMP_1,25.2381
2025-01-01 01:09:10,THRUSTER_TEMP_2,25.6269
2025-01-01 01:09:20,PAYLOAD_TEMP_CAM,24.1222
2025-01-01 01:09:30,PAYLOAD_TEMP_SENSOR,23.4199
2025-01-01 01:09:40,OBC_TEMP,46.8643
2025-01-01 01:09:50,TRANS_TEMP,41.2418
2025-01-01 01:10:00,STRUCT_TEMP_PANEL_X,28.8862
2025-01-01 01:10:10,STRUCT_TEMP_PANEL_Y,33.7287
2025-01-01 01:10:20,STRUCT_TEMP_PANEL_Z,26.0811
2025-01-01 01:10:30,RADIATOR_TEMP,-7.6613
2025-01-01 01:10:40,GYRO_X,0.0073
2025-01-01 01:10:50,GYRO_Y,0.04
2025-01-01 01:11:00,GYRO_Z,0.031
2025-01-01 01:11:10,MAGNETOMETER_X,26.5467
2025-01-01 01:11:20,MAGNETOMETER_Y,7.8161
2025-01-01 01:11:30,MAGNETOMETER_Z,24.5407
2025-01-01 01:11:40,REACTION_WHEEL_SPD_X,853.481
2025-01-01 01:11:50,REACTION_WHEEL_SPD_Y,1609.7705
2025-01-01 01:12:00,REACTION_WHEEL_SPD_Z,1430.6903
2025-01-01 01:12:10,ATTITUDE_ROLL,0.5867
2025-01-01 01:12:20,ATTITUDE_PITCH,1.0479
2025-01-01 01:12:30,ATTITUDE_YAW,-0.5388
2025-01-01 01:12:40,STAR_TRACKER_VALID,0.5205
2025-01-01 01:12:50,SUN_SENSOR_ANGLE,98.9683
2025-01-01 01:13:00,RF_SIGNAL_STRENGTH,-57.6748
2025-01-01 01:13:10,RF_NOISE_FLOOR,-89.8324
2025-01-01 01:13:20,TX_POWER,3.3285
2025-01-01 01:13:30,LINK_MARGIN,18.7941
2025-01-01 01:13:40,DATA_RATE_KBPS,144.8932
2025-01-01 01:13:50,PACKET_LOSS_RATE,1.0307
2025-01-01 01:14:00,CPU_USAGE,48.712
2025-01-01 01:14:10,MEMORY_USAGE,62.0088
2025-01-01 01:14:20,FLASH_WRITE_RATE,3.7026
2025-01-01 01:14:30,WATCHDOG_COUNTER,58.7906
2025-01-01 01:14:40,TANK_PRESSURE,299.2416
2025-01-01 01:14:50,THRUSTER_VALVE_TEMP,20.8387
2025-01-01 01:15:00,BATT_VOLTAGE_1,28.8424
2025-01-01 01:15:10,BATT_VOLTAGE_2,27.8642
2025-01-01 01:15:20,BATT_CURRENT_1,2.6203
2025-01-01 01:15:30,BATT_CURRENT_2,2.6744
2025-01-01 01:15:40,BATT_TEMP_1,29.06
2025-01-01 01:15:50,BATT_TEMP_2,28.9948
2025-01-01 01:16:00,BATT_SOC,86.2881
2025-01-01 01:16:10,SOLAR_PANEL_VOLT_A,31.6985
2025-01-01 01:16:20,SOLAR_PANEL_VOLT_B,32.2005
2025-01-01 01:16:30,SOLAR_PANEL_CURR_A,5.4489
2025-01-01 01:16:40,SOLAR_PANEL_CURR_B,5.818
2025-01-01 01:16:50,SOLAR_POWER_TOTAL,112.7637
2025-01-01 01:17:00,BUS_VOLTAGE,28.4636
2025-01-01 01:17:10,BUS_CURRENT,10.609
2025-01-01 01:17:20,THRUSTER_TEMP_1,25.3774
2025-01-01 01:17:30,THRUSTER_TEMP_2,25.0258
2025-01-01 01:17:40,PAYLOAD_TEMP_CAM,23.7744
2025-01-01 01:17:50,PAYLOAD_TEMP_SENSOR,22.445
2025-01-01 01:18:00,OBC_TEMP,42.5703
2025-01-01 01:18:10,TRANS_TEMP,39.1281
2025-01-01 01:18:20,STRUCT_TEMP_PANEL_X,30.0175
2025-01-01 01:18:30,STRUCT_TEMP_PANEL_Y,31.7268
2025-01-01 01:18:40,STRUCT_TEMP_PANEL_Z,38.2774
2025-01-01 01:18:50,RADIATOR_TEMP,0.0321
2025-01-01 01:19:00,GYRO_X,0.0198
2025-01-01 01:19:10,GYRO_Y,0.0297
2025-01-01 01:19:20,GYRO_Z,0.0055
2025-01-01 01:19:30,MAGNETOMETER_X,32.0898
2025-01-01 01:19:40,MAGNETOMETER_Y,7.8871
2025-01-01 01:19:50,MAGNETOMETER_Z,20.9285
2025-01-01 01:20:00,REACTION_WHEEL_SPD_X,604.228
2025-01-01 01:20:10,REACTION_WHEEL_SPD_Y,1255.2911
2025-01-01 01:20:20,REACTION_WHEEL_SPD_Z,121.9803
2025-01-01 01:20:30,ATTITUDE_ROLL,1.0344
2025-01-01 01:20:40,ATTITUDE_PITCH,0.684
2025-01-01 01:20:50,ATTITUDE_YAW,1.7276
2025-01-01 01:21:00,STAR_TRACKER_VALID,0.7372
2025-01-01 01:21:10,SUN_SENSOR_ANGLE,123.4295
2025-01-01 01:21:20,RF_SIGNAL_STRENGTH,-62.7303
2025-01-01 01:21:30,RF_NOISE_FLOOR,-92.6168
2025-01-01 01:21:40,TX_POWER,3.7606
2025-01-01 01:21:50,LINK_MARGIN,18.4825
2025-01-01 01:22:00,DATA_RATE_KBPS,149.8716
2025-01-01 01:22:10,PACKET_LOSS_RATE,1.1713
2025-01-01 01:22:20,CPU_USAGE,44.9368
2025-01-01 01:22:30,MEMORY_USAGE,63.8473
2025-01-01 01:22:40,FLASH_WRITE_RATE,3.0706
2025-01-01 01:22:50,WATCHDOG_COUNTER,37.7806
2025-01-01 01:23:00,TANK_PRESSURE,308.677
2025-01-01 01:23:10,THRUSTER_VALVE_TEMP,20.084
2025-01-01 01:23:20,BATT_VOLTAGE_1,28.3084
2025-01-01 01:23:30,BATT_VOLTAGE_2,28.629
2025-01-01 01:23:40,BATT_CURRENT_1,2.4967
2025-01-01 01:23:50,BATT_CURRENT_2,2.2503
2025-01-01 01:24:00,BATT_TEMP_1,28.1213
2025-01-01 01:24:10,BATT_TEMP_2,27.8563
2025-01-01 01:24:20,BATT_SOC,88.9506
2025-01-01 01:24:30,SOLAR_PANEL_VOLT_A,32.2993
2025-01-01 01:24:40,SOLAR_PANEL_VOLT_B,32.3644
2025-01-01 01:24:50,SOLAR_PANEL_CURR_A,5.6301
2025-01-01 01:25:00,SOLAR_PANEL_CURR_B,5.2797
2025-01-01 01:25:10,SOLAR_POWER_TOTAL,108.7967
2025-01-01 01:25:20,BUS_VOLTAGE,28.6802
2025-01-01 01:25:30,BUS_CURRENT,8.6099
2025-01-01 01:25:40,THRUSTER_TEMP_1,23.814
2025-01-01 01:25:50,THRUSTER_TEMP_2,21.0959
2025-01-01 01:26:00,PAYLOAD_TEMP_CAM,24.9974
2025-01-01 01:26:10,PAYLOAD_TEMP_SENSOR,23.7148
2025-01-01 01:26:20,OBC_TEMP,47.3385
2025-01-01 01:26:30,TRANS_TEMP,44.6001
2025-01-01 01:26:40,STRUCT_TEMP_PANEL_X,16.8936
2025-01-01 01:26:50,STRUCT_TEMP_PANEL_Y,15.0025
2025-01-01 01:27:00,STRUCT_TEMP_PANEL_Z,32.0115
2025-01-01 01:27:10,RADIATOR_TEMP,1.9402
2025-01-01 01:27:20,GYRO_X,-0.0053
2025-01-01 01:27:30,GYRO_Y,0.0334
2025-01-01 01:27:40,GYRO_Z,0.0341
2025-01-01 01:27:50,MAGNETOMETER_X,28.7983
2025-01-01 01:28:00,MAGNETOMETER_Y,5.2536
2025-01-01 01:28:10,MAGNETOMETER_Z,23.6422
2025-01-01 01:28:20,REACTION_WHEEL_SPD_X,289.3106
2025-01-01 01:28:30,REACTION_WHEEL_SPD_Y,403.4839
2025-01-01 01:28:40,REACTION_WHEEL_SPD_Z,380.1945
2025-01-01 01:28:50,ATTITUDE_ROLL,0.7125
2025-01-01 01:29:00,ATTITUDE_PITCH,0.1697
2025-01-01 01:29:10,ATTITUDE_YAW,2.6005
2025-01-01 01:29:20,STAR_TRACKER_VALID,0.6771
2025-01-01 01:29:30,SUN_SENSOR_ANGLE,129.2314
2025-01-01 01:29:40,RF_SIGNAL_STRENGTH,-57.9478
2025-01-01 01:29:50,RF_NOISE_FLOOR,-88.811
2025-01-01 01:30:00,TX_POWER,3.8247
2025-01-01 01:30:10,LINK_MARGIN,20.6977
2025-01-01 01:30:20,DATA_RATE_KBPS,137.7687
2025-01-01 01:30:30,PACKET_LOSS_RATE,1.4257
2025-01-01 01:30:40,CPU_USAGE,46.9523
2025-01-01 01:30:50,MEMORY_USAGE,51.6211
2025-01-01 01:31:00,FLASH_WRITE_RATE,2.9221
2025-01-01 01:31:10,WATCHDOG_COUNTER,63.306
2025-01-01 01:31:20,TANK_PRESSURE,312.7767
2025-01-01 01:31:30,THRUSTER_VALVE_TEMP,19.5721
2025-01-01 01:31:40,BATT_VOLTAGE_1,28.5408
2025-01-01 01:31:50,BATT_VOLTAGE_2,28.7488
2025-01-01 01:32:00,BATT_CURRENT_1,2.8055
2025-01-01 01:32:10,BATT_CURRENT_2,2.9313
2025-01-01 01:32:20,BATT_TEMP_1,30.0267
2025-01-01 01:32:30,BATT_TEMP_2,29.6442
2025-01-01 01:32:40,BATT_SOC,88.1195
2025-01-01 01:32:50,SOLAR_PANEL_VOLT_A,31.6205
2025-01-01 01:33:00,SOLAR_PANEL_VOLT_B,32.0871
2025-01-01 01:33:10,SOLAR_PANEL_CURR_A,5.6392
2025-01-01 01:33:20,SOLAR_PANEL_CURR_B,6.0336
2025-01-01 01:33:30,SOLAR_POWER_TOTAL,110.0187
2025-01-01 01:33:40,BUS_VOLTAGE,28.7935
2025-01-01 01:33:50,BUS_CURRENT,9.1483
2025-01-01 01:34:00,THRUSTER_TEMP_1,26.4126
2025-01-01 01:34:10,THRUSTER_TEMP_2,25.5685
2025-01-01 01:34:20,PAYLOAD_TEMP_CAM,24.0238
2025-01-01 01:34:30,PAYLOAD_TEMP_SENSOR,23.5376
2025-01-01 01:34:40,OBC_TEMP,49.5641
2025-01-01 01:34:50,TRANS_TEMP,40.534
2025-01-01 01:35:00,STRUCT_TEMP_PANEL_X,30.4932
2025-01-01 01:35:10,STRUCT_TEMP_PANEL_Y,30.3821
2025-01-01 01:35:20,STRUCT_TEMP_PANEL_Z,30.9167
2025-01-01 01:35:30,RADIATOR_TEMP,-5.4084
2025-01-01 01:35:40,GYRO_X,0.0054
2025-01-01 01:35:50,GYRO_Y,0.0342
2025-01-01 01:36:00,GYRO_Z,-0.0227
2025-01-01 01:36:10,MAGNETOMETER_X,24.0066
2025-01-01 01:36:20,MAGNETOMETER_Y,20.6267
2025-01-01 01:36:30,MAGNETOMETER_Z,21.0618
2025-01-01 01:36:40,REACTION_WHEEL_SPD_X,-5.5959
2025-01-01 01:36:50,REACTION_WHEEL_SPD_Y,767.1832
2025-01-01 01:37:00,REACTION_WHEEL_SPD_Z,779.4198
2025-01-01 01:37:10,ATTITUDE_ROLL,-0.2852
2025-01-01 01:37:20,ATTITUDE_PITCH,1.2814
2025-01-01 01:37:30,ATTITUDE_YAW,2.2375
2025-01-01 01:37:40,STAR_TRACKER_VALID,0.7214
2025-01-01 01:37:50,SUN_SENSOR_ANGLE,138.8228
2025-01-01 01:38:00,RF_SIGNAL_STRENGTH,-56.8754
2025-01-01 01:38:10,RF_NOISE_FLOOR,-87.1199
2025-01-01 01:38:20,TX_POWER,2.858
2025-01-01 01:38:30,LINK_MARGIN,18.9245
2025-01-01 01:38:40,DATA_RATE_KBPS,128.1594
2025-01-01 01:38:50,PACKET_LOSS_RATE,1.262
2025-01-01 01:39:00,CPU_USAGE,40.6518
2025-01-01 01:39:10,MEMORY_USAGE,54.7912
2025-01-01 01:39:20,FLASH_WRITE_RATE,3.8643
2025-01-01 01:39:30,WATCHDOG_COUNTER,57.4156
2025-01-01 01:39:40,TANK_PRESSURE,309.1918
2025-01-01 01:39:50,THRUSTER_VALVE_TEMP,21.8197
2025-01-01 01:40:00,BATT_VOLTAGE_1,28.1278
2025-01-01 01:40:10,BATT_VOLTAGE_2,28.183
2025-01-01 01:40:20,BATT_CURRENT_1,3.1018
2025-01-01 01:40:30,BATT_CURRENT_2,2.8311
2025-01-01 01:40:40,BATT_TEMP_1,29.3362
2025-01-01 01:40:50,BATT_TEMP_2,23.3143
2025-01-01 01:41:00,BATT_SOC,88.8649
2025-01-01 01:41:10,SOLAR_PANEL_VOLT_A,32.1266
2025-01-01 01:41:20,SOLAR_PANEL_VOLT_B,30.5332
2025-01-01 01:41:30,SOLAR_PANEL_CURR_A,5.6309
2025-01-01 01:41:40,SOLAR_PANEL_CURR_B,6.2937
2025-01-01 01:41:50,SOLAR_POWER_TOTAL,118.5658
2025-01-01 01:42:00,BUS_VOLTAGE,28.7916
2025-01-01 01:42:10,BUS_CURRENT,9.7266
2025-01-01 01:42:20,THRUSTER_TEMP_1,21.5891
2025-01-01 01:42:30,THRUSTER_TEMP_2,25.7774
2025-01-01 01:42:40,PAYLOAD_TEMP_CAM,23.2869
2025-01-01 01:42:50,PAYLOAD_TEMP_SENSOR,22.9347
2025-01-01 01:43:00,OBC_TEMP,41.14
2025-01-01 01:43:10,TRANS_TEMP,44.0373
2025-01-01 01:43:20,STRUCT_TEMP_PANEL_X,19.2569
2025-01-01 01:43:30,STRUCT_TEMP_PANEL_Y,17.5762
2025-01-01 01:43:40,STRUCT_TEMP_PANEL_Z,25.6936
2025-01-01 01:43:50,RADIATOR_TEMP,-2.6411
2025-01-01 01:44:00,GYRO_X,0.035
2025-01-01 01:44:10,GYRO_Y,0.0271
2025-01-01 01:44:20,GYRO_Z,-0.0088
2025-01-01 01:44:30,MAGNETOMETER_X,7.3585
2025-01-01 01:44:40,MAGNETOMETER_Y,27.3821
2025-01-01 01:44:50,MAGNETOMETER_Z,31.574
2025-01-01 01:45:00,REACTION_WHEEL_SPD_X,1734.962
2025-01-01 01:45:10,REACTION_WHEEL_SPD_Y,651.6058
2025-01-01 01:45:20,REACTION_WHEEL_SPD_Z,663.3117
2025-01-01 01:45:30,ATTITUDE_ROLL,0.9872
2025-01-01 01:45:40,ATTITUDE_PITCH,0.9813
2025-01-01 01:45:50,ATTITUDE_YAW,0.6657
2025-01-01 01:46:00,STAR_TRACKER_VALID,0.6876
2025-01-01 01:46:10,SUN_SENSOR_ANGLE,132.8144
2025-01-01 01:46:20,RF_SIGNAL_STRENGTH,-55.75
2025-01-01 01:46:30,RF_NOISE_FLOOR,-91.3561
2025-01-01 01:46:40,TX_POWER,3.3528
2025-01-01 01:46:50,LINK_MARGIN,14.5866
2025-01-01 01:47:00,DATA_RATE_KBPS,155.8209
2025-01-01 01:47:10,PACKET_LOSS_RATE,1.4962
2025-01-01 01:47:20,CPU_USAGE,50.3858
2025-01-01 01:47:30,MEMORY_USAGE,59.0305
2025-01-01 01:47:40,FLASH_WRITE_RATE,3.5549
2025-01-01 01:47:50,WATCHDOG_COUNTER,63.8246
2025-01-01 01:48:00,TANK_PRESSURE,296.9532
2025-01-01 01:48:10,THRUSTER_VALVE_TEMP,17.0692
2025-01-01 01:48:20,BATT_VOLTAGE_1,28.3994
2025-01-01 01:48:30,BATT_VOLTAGE_2,28.5652
2025-01-01 01:48:40,BATT_CURRENT_1,3.096
2025-01-01 01:48:50,BATT_CURRENT_2,3.1177
2025-01-01 01:49:00,BATT_TEMP_1,24.5023
2025-01-01 01:49:10,BATT_TEMP_2,28.9479
2025-01-01 01:49:20,BATT_SOC,83.6486
2025-01-01 01:49:30,SOLAR_PANEL_VOLT_A,31.6907
2025-01-01 01:49:40,SOLAR_PANEL_VOLT_B,32.0152
2025-01-01 01:49:50,SOLAR_PANEL_CURR_A,6.7113
2025-01-01 01:50:00,SOLAR_PANEL_CURR_B,6.1307
2025-01-01 01:50:10,SOLAR_POWER_TOTAL,114.87
2025-01-01 01:50:20,BUS_VOLTAGE,28.4643
2025-01-01 01:50:30,BUS_CURRENT,9.9481
2025-01-01 01:50:40,THRUSTER_TEMP_1,24.7547
2025-01-01 01:50:50,THRUSTER_TEMP_2,25.3602
2025-01-01 01:51:00,PAYLOAD_TEMP_CAM,23.259
2025-01-01 01:51:10,PAYLOAD_TEMP_SENSOR,25.3715
2025-01-01 01:51:20,OBC_TEMP,48.1434
2025-01-01 01:51:30,TRANS_TEMP,36.5362
2025-01-01 01:51:40,STRUCT_TEMP_PANEL_X,36.7815
2025-01-01 01:51:50,STRUCT_TEMP_PANEL_Y,32.7093
2025-01-01 01:52:00,STRUCT_TEMP_PANEL_Z,26.3865
2025-01-01 01:52:10,RADIATOR_TEMP,-4.7088
2025-01-01 01:52:20,GYRO_X,0.0417
2025-01-01 01:52:30,GYRO_Y,0.0247
2025-01-01 01:52:40,GYRO_Z,0.0134
2025-01-01 01:52:50,MAGNETOMETER_X,22.095
2025-01-01 01:53:00,MAGNETOMETER_Y,20.2677
2025-01-01 01:53:10,MAGNETOMETER_Z,32.9952
2025-01-01 01:53:20,REACTION_WHEEL_SPD_X,1723.0398
2025-01-01 01:53:30,REACTION_WHEEL_SPD_Y,966.5451
2025-01-01 01:53:40,REACTION_WHEEL_SPD_Z,-470.9873
2025-01-01 01:53:50,ATTITUDE_ROLL,1.3023
2025-01-01 01:54:00,ATTITUDE_PITCH,1.7032
2025-01-01 01:54:10,ATTITUDE_YAW,-0.5387
2025-01-01 01:54:20,STAR_TRACKER_VALID,0.6973
2025-01-01 01:54:30,SUN_SENSOR_ANGLE,121.2038
2025-01-01 01:54:40,RF_SIGNAL_STRENGTH,-57.143
2025-01-01 01:54:50,RF_NOISE_FLOOR,-88.3555
2025-01-01 01:55:00,TX_POWER,3.485
2025-01-01 01:55:10,LINK_MARGIN,15.9859
2025-01-01 01:55:20,DATA_RATE_KBPS,165.7002
2025-01-01 01:55:30,PACKET_LOSS_RATE,1.3158
2025-01-01 01:55:40,CPU_USAGE,43.3788
2025-01-01 01:55:50,MEMORY_USAGE,56.6474
2025-01-01 01:56:00,FLASH_WRITE_RATE,2.1306
2025-01-01 01:56:10,WATCHDOG_COUNTER,67.7112
2025-01-01 01:56:20,TANK_PRESSURE,309.6171
2025-01-01 01:56:30,THRUSTER_VALVE_TEMP,15.9615
2025-01-01 01:56:40,BATT_VOLTAGE_1,28.5084
2025-01-01 01:56:50,BATT_VOLTAGE_2,28.7137
2025-01-01 01:57:00,BATT_CURRENT_1,3.1984
2025-01-01 01:57:10,BATT_CURRENT_2,3.2127
2025-01-01 01:57:20,BATT_TEMP_1,27.4387
2025-01-01 01:57:30,BATT_TEMP_2,27.8577
2025-01-01 01:57:40,BATT_SOC,76.0394
2025-01-01 01:57:50,SOLAR_PANEL_VOLT_A,31.2653
2025-01-01 01:58:00,SOLAR_PANEL_VOLT_B,32.1288
2025-01-01 01:58:10,SOLAR_PANEL_CURR_A,5.9423
2025-01-01 01:58:20,SOLAR_PANEL_CURR_B,6.5376
2025-01-01 01:58:30,SOLAR_POWER_TOTAL,111.8066
2025-01-01 01:58:40,BUS_VOLTAGE,28.6804
2025-01-01 01:58:50,BUS_CURRENT,10.0008
2025-01-01 01:59:00,THRUSTER_TEMP_1,25.0361
2025-01-01 01:59:10,THRUSTER_TEMP_2,26.6259
2025-01-01 01:59:20,PAYLOAD_TEMP_CAM,26.3424
2025-01-01 01:59:30,PAYLOAD_TEMP_SENSOR,24.7417
2025-01-01 01:59:40,OBC_TEMP,41.5225
2025-01-01 01:59:50,TRANS_TEMP,37.5922
2025-01-01 02:00:00,STRUCT_TEMP_PANEL_X,32.3658
2025-01-01 02:00:10,STRUCT_TEMP_PANEL_Y,21.755
2025-01-01 02:00:20,STRUCT_TEMP_PANEL_Z,20.7774
2025-01-01 02:00:30,RADIATOR_TEMP,0.8327
2025-01-01 02:00:40,GYRO_X,0.0184
2025-01-01 02:00:50,GYRO_Y,0.017
2025-01-01 02:01:00,GYRO_Z,0.0403
2025-01-01 02:01:10,MAGNETOMETER_X,3.8404
2025-01-01 02:01:20,MAGNETOMETER_Y,34.8337
2025-01-01 02:01:30,MAGNETOMETER_Z,6.8739
2025-01-01 02:01:40,REACTION_WHEEL_SPD_X,662.4326
2025-01-01 02:01:50,REACTION_WHEEL_SPD_Y,1207.9777
2025-01-01 02:02:00,REACTION_WHEEL_SPD_Z,1620.4248
2025-01-01 02:02:10,ATTITUDE_ROLL,1.4669
2025-01-01 02:02:20,ATTITUDE_PITCH,0.7942
2025-01-01 02:02:30,ATTITUDE_YAW,1.8998
2025-01-01 02:02:40,STAR_TRACKER_VALID,0.6761
2025-01-01 02:02:50,SUN_SENSOR_ANGLE,107.49
2025-01-01 02:03:00,RF_SIGNAL_STRENGTH,-58.0186
2025-01-01 02:03:10,RF_NOISE_FLOOR,-98.3253
2025-01-01 02:03:20,TX_POWER,3.5122
2025-01-01 02:03:30,LINK_MARGIN,18.4175
2025-01-01 02:03:40,DATA_RATE_KBPS,163.8834
2025-01-01 02:03:50,PACKET_LOSS_RATE,1.2573
2025-01-01 02:04:00,CPU_USAGE,42.9187
2025-01-01 02:04:10,MEMORY_USAGE,61.5051
2025-01-01 02:04:20,FLASH_WRITE_RATE,3.3545
2025-01-01 02:04:30,WATCHDOG_COUNTER,46.3424
2025-01-01 02:04:40,TANK_PRESSURE,308.7051
2025-01-01 02:04:50,THRUSTER_VALVE_TEMP,20.472
2025-01-01 02:05:00,BATT_VOLTAGE_1,28.1583
2025-01-01 02:05:10,BATT_VOLTAGE_2,28.4553
2025-01-01 02:05:20,BATT_CURRENT_1,3.1867
2025-01-01 02:05:30,BATT_CURRENT_2,3.2187
2025-01-01 02:05:40,BATT_TEMP_1,26.4656
2025-01-01 02:05:50,BATT_TEMP_2,28.6698
2025-01-01 02:06:00,BATT_SOC,83.3181
2025-01-01 02:06:10,SOLAR_PANEL_VOLT_A,32.2079
2025-01-01 02:06:20,SOLAR_PANEL_VOLT_B,32.1313
2025-01-01 02:06:30,SOLAR_PANEL_CURR_A,6.7386
2025-01-01 02:06:40,SOLAR_PANEL_CURR_B,5.4653
2025-01-01 02:06:50,SOLAR_POWER_TOTAL,116.476
2025-01-01 02:07:00,BUS_VOLTAGE,28.9922
2025-01-01 02:07:10,BUS_CURRENT,7.9759
2025-01-01 02:07:20,THRUSTER_TEMP_1,23.8915
2025-01-01 02:07:30,THRUSTER_TEMP_2,25.4266
2025-01-01 02:07:40,PAYLOAD_TEMP_CAM,25.3607
2025-01-01 02:07:50,PAYLOAD_TEMP_SENSOR,24.8971
2025-01-01 02:08:00,OBC_TEMP,46.2414
2025-01-01 02:08:10,TRANS_TEMP,42.466
2025-01-01 02:08:20,STRUCT_TEMP_PANEL_X,26.7259
2025-01-01 02:08:30,STRUCT_TEMP_PANEL_Y,25.159
2025-01-01 02:08:40,STRUCT_TEMP_PANEL_Z,32.4419
2025-01-01 02:08:50,RADIATOR_TEMP,-3.0244
2025-01-01 02:09:00,GYRO_X,0.0106
2025-01-01 02:09:10,GYRO_Y,0.0478
2025-01-01 02:09:20,GYRO_Z,0.0443
2025-01-01 02:09:30,MAGNETOMETER_X,31.8737
2025-01-01 02:09:40,MAGNETOMETER_Y,27.1645
2025-01-01 02:09:50,MAGNETOMETER_Z,4.0472
2025-01-01 02:10:00,REACTION_WHEEL_SPD_X,1599.8047
2025-01-01 02:10:10,REACTION_WHEEL_SPD_Y,1803.9235
2025-01-01 02:10:20,REACTION_WHEEL_SPD_Z,1428.8824
2025-01-01 02:10:30,ATTITUDE_ROLL,0.0994
2025-01-01 02:10:40,ATTITUDE_PITCH,0.739
2025-01-01 02:10:50,ATTITUDE_YAW,-0.9448
2025-01-01 02:11:00,STAR_TRACKER_VALID,0.5927
2025-01-01 02:11:10,SUN_SENSOR_ANGLE,116.1226
2025-01-01 02:11:20,RF_SIGNAL_STRENGTH,-65.4052
2025-01-01 02:11:30,RF_NOISE_FLOOR,-87.0695
2025-01-01 02:11:40,TX_POWER,2.6377
2025-01-01 02:11:50,LINK_MARGIN,18.7752
2025-01-01 02:12:00,DATA_RATE_KBPS,164.2203
2025-01-01 02:12:10,PACKET_LOSS_RATE,1.487
2025-01-01 02:12:20,CPU_USAGE,45.0599
2025-01-01 02:12:30,MEMORY_USAGE,58.6781
2025-01-01 02:12:40,FLASH_WRITE_RATE,3.7923
2025-01-01 02:12:50,WATCHDOG_COUNTER,50.5991
2025-01-01 02:13:00,TANK_PRESSURE,298.8981
2025-01-01 02:13:10,THRUSTER_VALVE_TEMP,20.497
2025-01-01 02:13:20,BATT_VOLTAGE_1,28.1019
2025-01-01 02:13:30,BATT_VOLTAGE_2,28.4972
2025-01-01 02:13:40,BATT_CURRENT_1,3.1939
2025-01-01 02:13:50,BATT_CURRENT_2,2.2764
2025-01-01 02:14:00,BATT_TEMP_1,27.9137
2025-01-01 02:14:10,BATT_TEMP_2,26.6695
2025-01-01 02:14:20,BATT_SOC,80.7085
2025-01-01 02:14:30,SOLAR_PANEL_VOLT_A,30.632
2025-01-01 02:14:40,SOLAR_PANEL_VOLT_B,32.0406
2025-01-01 02:14:50,SOLAR_PANEL_CURR_A,6.7907
2025-01-01 02:15:00,SOLAR_PANEL_CURR_B,7.1022
2025-01-01 02:15:10,SOLAR_POWER_TOTAL,104.855
2025-01-01 02:15:20,BUS_VOLTAGE,28.7458
2025-01-01 02:15:30,BUS_CURRENT,10.2524
2025-01-01 02:15:40,THRUSTER_TEMP_1,24.9276
2025-01-01 02:15:50,THRUSTER_TEMP_2,20.1912
2025-01-01 02:16:00,PAYLOAD_TEMP_CAM,25.3503
2025-01-01 02:16:10,PAYLOAD_TEMP_SENSOR,25.1172
2025-01-01 02:16:20,OBC_TEMP,48.052
2025-01-01 02:16:30,TRANS_TEMP,44.5315
2025-01-01 02:16:40,STRUCT_TEMP_PANEL_X,35.6394
2025-01-01 02:16:50,STRUCT_TEMP_PANEL_Y,31.104
2025-01-01 02:17:00,STRUCT_TEMP_PANEL_Z,20.0041
2025-01-01 02:17:10,RADIATOR_TEMP,-3.4382
2025-01-01 02:17:20,GYRO_X,0.0346
2025-01-01 02:17:30,GYRO_Y,0.0005
2025-01-01 02:17:40,GYRO_Z,-0.0173
2025-01-01 02:17:50,MAGNETOMETER_X,36.0978
2025-01-01 02:18:00,MAGNETOMETER_Y,18.2688
2025-01-01 02:18:10,MAGNETOMETER_Z,19.0405
2025-01-01 02:18:20,REACTION_WHEEL_SPD_X,1577.9859
2025-01-01 02:18:30,REACTION_WHEEL_SPD_Y,924.6425
2025-01-01 02:18:40,REACTION_WHEEL_SPD_Z,1519.357
2025-01-01 02:18:50,ATTITUDE_ROLL,1.4444
2025-01-01 02:19:00,ATTITUDE_PITCH,0.5591
2025-01-01 02:19:10,ATTITUDE_YAW,0.3936
2025-01-01 02:19:20,STAR_TRACKER_VALID,0.7616
2025-01-01 02:19:30,SUN_SENSOR_ANGLE,102.5355
2025-01-01 02:19:40,RF_SIGNAL_STRENGTH,-68.0665
2025-01-01 02:19:50,RF_NOISE_FLOOR,-87.7671
2025-01-01 02:20:00,TX_POWER,3.865
2025-01-01 02:20:10,LINK_MARGIN,19.5899
2025-01-01 02:20:20,DATA_RATE_KBPS,151.2351
2025-01-01 02:20:30,PACKET_LOSS_RATE,1.5264
2025-01-01 02:20:40,CPU_USAGE,41.4891
2025-01-01 02:20:50,MEMORY_USAGE,63.8771
2025-01-01 02:21:00,FLASH_WRITE_RATE,2.7044
2025-01-01 02:21:10,WATCHDOG_COUNTER,59.5256
2025-01-01 02:21:20,TANK_PRESSURE,306.7102
2025-01-01 02:21:30,THRUSTER_VALVE_TEMP,18.9612
2025-01-01 02:21:40,BATT_VOLTAGE_1,28.3664
2025-01-01 02:21:50,BATT_VOLTAGE_2,28.7152
2025-01-01 02:22:00,BATT_CURRENT_1,3.3704
2025-01-01 02:22:10,BATT_CURRENT_2,2.4471
2025-01-01 02:22:20,BATT_TEMP_1,29.3495
2025-01-01 02:22:30,BATT_TEMP_2,30.5388
2025-01-01 02:22:40,BATT_SOC,88.5048
2025-01-01 02:22:50,SOLAR_PANEL_VOLT_A,32.2054
2025-01-01 02:23:00,SOLAR_PANEL_VOLT_B,32.6298
2025-01-01 02:23:10,SOLAR_PANEL_CURR_A,6.733
2025-01-01 02:23:20,SOLAR_PANEL_CURR_B,6.3691
2025-01-01 02:23:30,SOLAR_POWER_TOTAL,110.2447
2025-01-01 02:23:40,BUS_VOLTAGE,28.2247
2025-01-01 02:23:50,BUS_CURRENT,9.9446
2025-01-01 02:24:00,THRUSTER_TEMP_1,21.074
2025-01-01 02:24:10,THRUSTER_TEMP_2,22.7367
2025-01-01 02:24:20,PAYLOAD_TEMP_CAM,25.1054
2025-01-01 02:24:30,PAYLOAD_TEMP_SENSOR,24.683
2025-01-01 02:24:40,OBC_TEMP,41.0466
2025-01-01 02:24:50,TRANS_TEMP,42.398
2025-01-01 02:25:00,STRUCT_TEMP_PANEL_X,35.5593
2025-01-01 02:25:10,STRUCT_TEMP_PANEL_Y,31.3241
2025-01-01 02:25:20,STRUCT_TEMP_PANEL_Z,14.6018
2025-01-01 02:25:30,RADIATOR_TEMP,-1.1757
2025-01-01 02:25:40,GYRO_X,0.0046
2025-01-01 02:25:50,GYRO_Y,0.0328
2025-01-01 02:26:00,GYRO_Z,0.0368
2025-01-01 02:26:10,MAGNETOMETER_X,31.5782
2025-01-01 02:26:20,MAGNETOMETER_Y,21.6386
2025-01-01 02:26:30,MAGNETOMETER_Z,26.6087
2025-01-01 02:26:40,REACTION_WHEEL_SPD_X,118.9212
2025-01-01 02:26:50,REACTION_WHEEL_SPD_Y,1827.1891
2025-01-01 02:27:00,REACTION_WHEEL_SPD_Z,-242.7412
2025-01-01 02:27:10,ATTITUDE_ROLL,0.5693
2025-01-01 02:27:20,ATTITUDE_PITCH,1.1349
2025-01-01 02:27:30,ATTITUDE_YAW,1.8527
2025-01-01 02:27:40,STAR_TRACKER_VALID,0.7023
2025-01-01 02:27:50,SUN_SENSOR_ANGLE,147.718
2025-01-01 02:28:00,RF_SIGNAL_STRENGTH,-61.0083
2025-01-01 02:28:10,RF_NOISE_FLOOR,-88.7124
2025-01-01 02:28:20,TX_POWER,2.9454
2025-01-01 02:28:30,LINK_MARGIN,15.5097
2025-01-01 02:28:40,DATA_RATE_KBPS,155.6022
2025-01-01 02:28:50,PACKET_LOSS_RATE,1.459
2025-01-01 02:29:00,CPU_USAGE,34.6214
2025-01-01 02:29:10,MEMORY_USAGE,50.6731
2025-01-01 02:29:20,FLASH_WRITE_RATE,2.1984
2025-01-01 02:29:30,WATCHDOG_COUNTER,74.9695
2025-01-01 02:29:40,TANK_PRESSURE,294.9589
2025-01-01 02:29:50,THRUSTER_VALVE_TEMP,16.0234
2025-01-01 02:30:00,BATT_VOLTAGE_1,28.463
2025-01-01 02:30:10,BATT_VOLTAGE_2,28.3669
2025-01-01 02:30:20,BATT_CURRENT_1,2.6512
2025-01-01 02:30:30,BATT_CURRENT_2,2.1017
2025-01-01 02:30:40,BATT_TEMP_1,28.2102
2025-01-01 02:30:50,BATT_TEMP_2,25.5708
2025-01-01 02:31:00,BATT_SOC,88.7741
2025-01-01 02:31:10,SOLAR_PANEL_VOLT_A,32.5847
2025-01-01 02:31:20,SOLAR_PANEL_VOLT_B,30.2587
2025-01-01 02:31:30,SOLAR_PANEL_CURR_A,5.9921
2025-01-01 02:31:40,SOLAR_PANEL_CURR_B,5.7638
2025-01-01 02:31:50,SOLAR_POWER_TOTAL,100.7196
2025-01-01 02:32:00,BUS_VOLTAGE,28.9522
2025-01-01 02:32:10,BUS_CURRENT,7.9386
2025-01-01 02:32:20,THRUSTER_TEMP_1,24.2168
2025-01-01 02:32:30,THRUSTER_TEMP_2,24.0225
2025-01-01 02:32:40,PAYLOAD_TEMP_CAM,24.9345
2025-01-01 02:32:50,PAYLOAD_TEMP_SENSOR,25.1703
2025-01-01 02:33:00,OBC_TEMP,39.9149
2025-01-01 02:33:10,TRANS_TEMP,40.2623
2025-01-01 02:33:20,STRUCT_TEMP_PANEL_X,25.2366
2025-01-01 02:33:30,STRUCT_TEMP_PANEL_Y,28.082
2025-01-01 02:33:40,STRUCT_TEMP_PANEL_Z,35.1026
2025-01-01 02:33:50,RADIATOR_TEMP,-11.9718
2025-01-01 02:34:00,GYRO_X,0.0244
2025-01-01 02:34:10,GYRO_Y,-0.0016
2025-01-01 02:34:20,GYRO_Z,0.011
2025-01-01 02:34:30,MAGNETOMETER_X,31.6838
2025-01-01 02:34:40,MAGNETOMETER_Y,25.6407
2025-01-01 02:34:50,MAGNETOMETER_Z,35.9877
2025-01-01 02:35:00,REACTION_WHEEL_SPD_X,1146.3482
2025-01-01 02:35:10,REACTION_WHEEL_SPD_Y,1595.4088
2025-01-01 02:35:20,REACTION_WHEEL_SPD_Z,334.9593
2025-01-01 02:35:30,ATTITUDE_ROLL,1.3926
2025-01-01 02:35:40,ATTITUDE_PITCH,1.5462
2025-01-01 02:35:50,ATTITUDE_YAW,1.9215
2025-01-01 02:36:00,STAR_TRACKER_VALID,0.7439
2025-01-01 02:36:10,SUN_SENSOR_ANGLE,76.3408
2025-01-01 02:36:20,RF_SIGNAL_STRENGTH,-59.0921
2025-01-01 02:36:30,RF_NOISE_FLOOR,-88.4542
2025-01-01 02:36:40,TX_POWER,3.3203
2025-01-01 02:36:50,LINK_MARGIN,15.0233
2025-01-01 02:37:00,DATA_RATE_KBPS,170.562
2025-01-01 02:37:10,PACKET_LOSS_RATE,1.4844
2025-01-01 02:37:20,CPU_USAGE,49.5552
2025-01-01 02:37:30,MEMORY_USAGE,45.7495
2025-01-01 02:37:40,FLASH_WRITE_RATE,2.4089
2025-01-01 02:37:50,WATCHDOG_COUNTER,63.7117
2025-01-01 02:38:00,TANK_PRESSURE,310.3126
2025-01-01 02:38:10,THRUSTER_VALVE_TEMP,20.5399
2025-01-01 02:38:20,BATT_VOLTAGE_1,28.4035
2025-01-01 02:38:30,BATT_VOLTAGE_2,27.5984
2025-01-01 02:38:40,BATT_CURRENT_1,3.0818
2025-01-01 02:38:50,BATT_CURRENT_2,3.101
2025-01-01 02:39:00,BATT_TEMP_1,29.5088
2025-01-01 02:39:10,BATT_TEMP_2,24.5654
2025-01-01 02:39:20,BATT_SOC,90.3
2025-01-01 02:39:30,SOLAR_PANEL_VOLT_A,31.0935
2025-01-01 02:39:40,SOLAR_PANEL_VOLT_B,32.1312
2025-01-01 02:39:50,SOLAR_PANEL_CURR_A,6.6403
2025-01-01 02:40:00,SOLAR_PANEL_CURR_B,5.3154
2025-01-01 02:40:10,SOLAR_POWER_TOTAL,113.0092
2025-01-01 02:40:20,BUS_VOLTAGE,28.7432
2025-01-01 02:40:30,BUS_CURRENT,9.4855
2025-01-01 02:40:40,THRUSTER_TEMP_1,26.8782
2025-01-01 02:40:50,THRUSTER_TEMP_2,24.5585
2025-01-01 02:41:00,PAYLOAD_TEMP_CAM,22.428
2025-01-01 02:41:10,PAYLOAD_TEMP_SENSOR,24.9128
2025-01-01 02:41:20,OBC_TEMP,41.568
2025-01-01 02:41:30,TRANS_TEMP,40.9613
2025-01-01 02:41:40,STRUCT_TEMP_PANEL_X,27.9157
2025-01-01 02:41:50,STRUCT_TEMP_PANEL_Y,18.8827
2025-01-01 02:42:00,STRUCT_TEMP_PANEL_Z,29.7037
2025-01-01 02:42:10,RADIATOR_TEMP,-9.7226
2025-01-01 02:42:20,GYRO_X,-0.005
2025-01-01 02:42:30,GYRO_Y,0.0541
2025-01-01 02:42:40,GYRO_Z,0.0494
2025-01-01 02:42:50,MAGNETOMETER_X,16.1474
2025-01-01 02:43:00,MAGNETOMETER_Y,1.9052
2025-01-01 02:43:10,MAGNETOMETER_Z,10.1626
2025-01-01 02:43:20,REACTION_WHEEL_SPD_X,684.4506
2025-01-01 02:43:30,REACTION_WHEEL_SPD_Y,1377.2575
2025-01-01 02:43:40,REACTION_WHEEL_SPD_Z,1153.6727
2025-01-01 02:43:50,ATTITUDE_ROLL,0.1093
2025-01-01 02:44:00,ATTITUDE_PITCH,-0.3148
2025-01-01 02:44:10,ATTITUDE_YAW,2.2518
2025-01-01 02:44:20,STAR_TRACKER_VALID,0.6222
2025-01-01 02:44:30,SUN_SENSOR_ANGLE,132.8952
2025-01-01 02:44:40,RF_SIGNAL_STRENGTH,-56.7464
2025-01-01 02:44:50,RF_NOISE_FLOOR,-90.3942
2025-01-01 02:45:00,TX_POWER,3.4222
2025-01-01 02:45:10,LINK_MARGIN,18.3689
2025-01-01 02:45:20,DATA_RATE_KBPS,153.9194
2025-01-01 02:45:30,PACKET_LOSS_RATE,1.2837
2025-01-01 02:45:40,CPU_USAGE,45.5962
2025-01-01 02:45:50,MEMORY_USAGE,62.9172
2025-01-01 02:46:00,FLASH_WRITE_RATE,3.3015
2025-01-01 02:46:10,WATCHDOG_COUNTER,75.8294
2025-01-01 02:46:20,TANK_PRESSURE,307.929
2025-01-01 02:46:30,THRUSTER_VALVE_TEMP,19.2814
2025-01-01 02:46:40,BATT_VOLTAGE_1,27.5251
2025-01-01 02:46:50,BATT_VOLTAGE_2,28.6387
2025-01-01 02:47:00,BATT_CURRENT_1,3.2951
2025-01-01 02:47:10,BATT_CURRENT_2,2.677
2025-01-01 02:47:20,BATT_TEMP_1,28.5642
2025-01-01 02:47:30,BATT_TEMP_2,22.2117
2025-01-01 02:47:40,BATT_SOC,79.5287
2025-01-01 02:47:50,SOLAR_PANEL_VOLT_A,31.3695
2025-01-01 02:48:00,SOLAR_PANEL_VOLT_B,32.0568
2025-01-01 02:48:10,SOLAR_PANEL_CURR_A,6.2773
2025-01-01 02:48:20,SOLAR_PANEL_CURR_B,6.866
2025-01-01 02:48:30,SOLAR_POWER_TOTAL,113.4773
2025-01-01 02:48:40,BUS_VOLTAGE,28.9288
2025-01-01 02:48:50,BUS_CURRENT,9.142
2025-01-01 02:49:00,THRUSTER_TEMP_1,24.5701
2025-01-01 02:49:10,THRUSTER_TEMP_2,23.787
2025-01-01 02:49:20,PAYLOAD_TEMP_CAM,24.2919
2025-01-01 02:49:30,PAYLOAD_TEMP_SENSOR,22.7039
2025-01-01 02:49:40,OBC_TEMP,43.9682
2025-01-01 02:49:50,TRANS_TEMP,42.2873
2025-01-01 02:50:00,STRUCT_TEMP_PANEL_X,25.3316
2025-01-01 02:50:10,STRUCT_TEMP_PANEL_Y,30.8515
2025-01-01 02:50:20,STRUCT_TEMP_PANEL_Z,24.8006
2025-01-01 02:50:30,RADIATOR_TEMP,-6.7622
2025-01-01 02:50:40,GYRO_X,0.0204
2025-01-01 02:50:50,GYRO_Y,0.0419
2025-01-01 02:51:00,GYRO_Z,0.0089
2025-01-01 02:51:10,MAGNETOMETER_X,-4.7249
2025-01-01 02:51:20,MAGNETOMETER_Y,29.178
2025-01-01 02:51:30,MAGNETOMETER_Z,-3.5867
2025-01-01 02:51:40,REACTION_WHEEL_SPD_X,-1000.3479
2025-01-01 02:51:50,REACTION_WHEEL_SPD_Y,758.9464
2025-01-01 02:52:00,REACTION_WHEEL_SPD_Z,1836.2326
2025-01-01 02:52:10,ATTITUDE_ROLL,0.6729
2025-01-01 02:52:20,ATTITUDE_PITCH,1.3905
2025-01-01 02:52:30,ATTITUDE_YAW,1.7403
2025-01-01 02:52:40,STAR_TRACKER_VALID,0.3862
2025-01-01 02:52:50,SUN_SENSOR_ANGLE,116.9627
2025-01-01 02:53:00,RF_SIGNAL_STRENGTH,-62.8164
2025-01-01 02:53:10,RF_NOISE_FLOOR,-87.7725
2025-01-01 02:53:20,TX_POWER,4.1101
2025-01-01 02:53:30,LINK_MARGIN,16.8118
2025-01-01 02:53:40,DATA_RATE_KBPS,172.8667
2025-01-01 02:53:50,PACKET_LOSS_RATE,1.4079
2025-01-01 02:54:00,CPU_USAGE,45.2516
2025-01-01 02:54:10,MEMORY_USAGE,45.8255
2025-01-01 02:54:20,FLASH_WRITE_RATE,3.4769
2025-01-01 02:54:30,WATCHDOG_COUNTER,65.2471
2025-01-01 02:54:40,TANK_PRESSURE,298.1859
2025-01-01 02:54:50,THRUSTER_VALVE_TEMP,16.018
2025-01-01 02:55:00,BATT_VOLTAGE_1,28.6297
2025-01-01 02:55:10,BATT_VOLTAGE_2,27.7988
2025-01-01 02:55:20,BATT_CURRENT_1,2.7303
2025-01-01 02:55:30,BATT_CURRENT_2,3.062
2025-01-01 02:55:40,BATT_TEMP_1,28.6576
2025-01-01 02:55:50,BATT_TEMP_2,27.5611
2025-01-01 02:56:00,BATT_SOC,80.4934
2025-01-01 02:56:10,SOLAR_PANEL_VOLT_A,32.7933
2025-01-01 02:56:20,SOLAR_PANEL_VOLT_B,32.191
2025-01-01 02:56:30,SOLAR_PANEL_CURR_A,4.6631
2025-01-01 02:56:40,SOLAR_PANEL_CURR_B,6.5198
2025-01-01 02:56:50,SOLAR_POWER_TOTAL,112.5129
2025-01-01 02:57:00,BUS_VOLTAGE,28.9244
2025-01-01 02:57:10,BUS_CURRENT,10.7918
2025-01-01 02:57:20,THRUSTER_TEMP_1,20.408
2025-01-01 02:57:30,THRUSTER_TEMP_2,25.4084
2025-01-01 02:57:40,PAYLOAD_TEMP_CAM,24.0672
2025-01-01 02:57:50,PAYLOAD_TEMP_SENSOR,24.2732
2025-01-01 02:58:00,OBC_TEMP,46.1541
2025-01-01 02:58:10,TRANS_TEMP,34.4281
2025-01-01 02:58:20,STRUCT_TEMP_PANEL_X,14.9652
2025-01-01 02:58:30,STRUCT_TEMP_PANEL_Y,20.3256
2025-01-01 02:58:40,STRUCT_TEMP_PANEL_Z,32.3894
2025-01-01 02:58:50,RADIATOR_TEMP,-9.8286
2025-01-01 02:59:00,GYRO_X,0.0392
2025-01-01 02:59:10,GYRO_Y,-0.0306
2025-01-01 02:59:20,GYRO_Z,0.0341
2025-01-01 02:59:30,MAGNETOMETER_X,33.8098
2025-01-01 02:59:40,MAGNETOMETER_Y,33.0707
2025-01-01 02:59:50,MAGNETOMETER_Z,24.9815
2025-01-01 03:00:00,REACTION_WHEEL_SPD_X,1785.4431
2025-01-01 03:00:10,REACTION_WHEEL_SPD_Y,-445.8729
2025-01-01 03:00:20,REACTION_WHEEL_SPD_Z,-584.1869
2025-01-01 03:00:30,ATTITUDE_ROLL,0.008
2025-01-01 03:00:40,ATTITUDE_PITCH,1.1979
2025-01-01 03:00:50,ATTITUDE_YAW,-0.9293
2025-01-01 03:01:00,STAR_TRACKER_VALID,0.687
2025-01-01 03:01:10,SUN_SENSOR_ANGLE,131.1825
2025-01-01 03:01:20,RF_SIGNAL_STRENGTH,-57.167
2025-01-01 03:01:30,RF_NOISE_FLOOR,-93.8961
2025-01-01 03:01:40,TX_POWER,3.2118
2025-01-01 03:01:50,LINK_MARGIN,19.2571
2025-01-01 03:02:00,DATA_RATE_KBPS,116.9458
2025-01-01 03:02:10,PACKET_LOSS_RATE,0.6826
2025-01-01 03:02:20,CPU_USAGE,42.1261
2025-01-01 03:02:30,MEMORY_USAGE,61.5692
2025-01-01 03:02:40,FLASH_WRITE_RATE,2.7711
2025-01-01 03:02:50,WATCHDOG_COUNTER,75.558
2025-01-01 03:03:00,TANK_PRESSURE,301.9617
2025-01-01 03:03:10,THRUSTER_VALVE_TEMP,18.3753
2025-01-01 03:03:20,BATT_VOLTAGE_1,27.7537
2025-01-01 03:03:30,BATT_VOLTAGE_2,28.6212
2025-01-01 03:03:40,BATT_CURRENT_1,2.9072
2025-01-01 03:03:50,BATT_CURRENT_2,2.8918
2025-01-01 03:04:00,BATT_TEMP_1,29.9663
2025-01-01 03:04:10,BATT_TEMP_2,22.3647
2025-01-01 03:04:20,BATT_SOC,88.0171
2025-01-01 03:04:30,SOLAR_PANEL_VOLT_A,32.6428
2025-01-01 03:04:40,SOLAR_PANEL_VOLT_B,32.5585
2025-01-01 03:04:50,SOLAR_PANEL_CURR_A,5.7776
2025-01-01 03:05:00,SOLAR_PANEL_CURR_B,6.4111
2025-01-01 03:05:10,SOLAR_POWER_TOTAL,116.062
2025-01-01 03:05:20,BUS_VOLTAGE,29.0648
2025-01-01 03:05:30,BUS_CURRENT,7.5202
2025-01-01 03:05:40,THRUSTER_TEMP_1,25.7843
2025-01-01 03:05:50,THRUSTER_TEMP_2,25.9177
2025-01-01 03:06:00,PAYLOAD_TEMP_CAM,25.4998
2025-01-01 03:06:10,PAYLOAD_TEMP_SENSOR,24.3028
2025-01-01 03:06:20,OBC_TEMP,47.692
2025-01-01 03:06:30,TRANS_TEMP,35.6726
2025-01-01 03:06:40,STRUCT_TEMP_PANEL_X,36.592
2025-01-01 03:06:50,STRUCT_TEMP_PANEL_Y,23.7556
2025-01-01 03:07:00,STRUCT_TEMP_PANEL_Z,29.3756
2025-01-01 03:07:10,RADIATOR_TEMP,-6.83
2025-01-01 03:07:20,GYRO_X,-0.0044
2025-01-01 03:07:30,GYRO_Y,0.0375
2025-01-01 03:07:40,GYRO_Z,0.0319
2025-01-01 03:07:50,MAGNETOMETER_X,27.2606
2025-01-01 03:08:00,MAGNETOMETER_Y,31.5947
2025-01-01 03:08:10,MAGNETOMETER_Z,18.5754
2025-01-01 03:08:20,REACTION_WHEEL_SPD_X,-30.9304
2025-01-01 03:08:30,REACTION_WHEEL_SPD_Y,1503.6494
2025-01-01 03:08:40,REACTION_WHEEL_SPD_Z,105.6406
2025-01-01 03:08:50,ATTITUDE_ROLL,1.5576
2025-01-01 03:09:00,ATTITUDE_PITCH,1.6192
2025-01-01 03:09:10,ATTITUDE_YAW,2.2847
2025-01-01 03:09:20,STAR_TRACKER_VALID,0.481
2025-01-01 03:09:30,SUN_SENSOR_ANGLE,77.9842
2025-01-01 03:09:40,RF_SIGNAL_STRENGTH,-55.6432
2025-01-01 03:09:50,RF_NOISE_FLOOR,-85.6099
2025-01-01 03:10:00,TX_POWER,3.5073
2025-01-01 03:10:10,LINK_MARGIN,15.9726
2025-01-01 03:10:20,DATA_RATE_KBPS,97.1583
2025-01-01 03:10:30,PACKET_LOSS_RATE,1.5182
2025-01-01 03:10:40,CPU_USAGE,33.7067
2025-01-01 03:10:50,MEMORY_USAGE,63.5642
2025-01-01 03:11:00,FLASH_WRITE_RATE,1.2439
2025-01-01 03:11:10,WATCHDOG_COUNTER,70.8718
2025-01-01 03:11:20,TANK_PRESSURE,307.5665
2025-01-01 03:11:30,THRUSTER_VALVE_TEMP,19.5556
2025-01-01 03:11:40,BATT_VOLTAGE_1,28.1539
2025-01-01 03:11:50,BATT_VOLTAGE_2,27.7738
2025-01-01 03:12:00,BATT_CURRENT_1,3.1933
2025-01-01 03:12:10,BATT_CURRENT_2,2.4967
2025-01-01 03:12:20,BATT_TEMP_1,30.7064
2025-01-01 03:12:30,BATT_TEMP_2,31.2647
2025-01-01 03:12:40,BATT_SOC,91.1892
2025-01-01 03:12:50,SOLAR_PANEL_VOLT_A,32.6781
2025-01-01 03:13:00,SOLAR_PANEL_VOLT_B,31.9393
2025-01-01 03:13:10,SOLAR_PANEL_CURR_A,6.5685
2025-01-01 03:13:20,SOLAR_PANEL_CURR_B,4.8561
2025-01-01 03:13:30,SOLAR_POWER_TOTAL,112.0589
2025-01-01 03:13:40,BUS_VOLTAGE,28.8016
2025-01-01 03:13:50,BUS_CURRENT,8.1619
2025-01-01 03:14:00,THRUSTER_TEMP_1,24.2155
2025-01-01 03:14:10,THRUSTER_TEMP_2,24.4907
2025-01-01 03:14:20,PAYLOAD_TEMP_CAM,25.1667
2025-01-01 03:14:30,PAYLOAD_TEMP_SENSOR,24.2142
2025-01-01 03:14:40,OBC_TEMP,46.6357
2025-01-01 03:14:50,TRANS_TEMP,42.5956
2025-01-01 03:15:00,STRUCT_TEMP_PANEL_X,16.1218
2025-01-01 03:15:10,STRUCT_TEMP_PANEL_Y,35.3624
2025-01-01 03:15:20,STRUCT_TEMP_PANEL_Z,19.8944
2025-01-01 03:15:30,RADIATOR_TEMP,-13.6682
2025-01-01 03:15:40,GYRO_X,0.0347
2025-01-01 03:15:50,GYRO_Y,0.0412
2025-01-01 03:16:00,GYRO_Z,0.0348
2025-01-01 03:16:10,MAGNETOMETER_X,17.4254
2025-01-01 03:16:20,MAGNETOMETER_Y,33.7145
2025-01-01 03:16:30,MAGNETOMETER_Z,-24.8737
2025-01-01 03:16:40,REACTION_WHEEL_SPD_X,-226.1353
2025-01-01 03:16:50,REACTION_WHEEL_SPD_Y,1391.8718
2025-01-01 03:17:00,REACTION_WHEEL_SPD_Z,1273.2569
2025-01-01 03:17:10,ATTITUDE_ROLL,1.4477
2025-01-01 03:17:20,ATTITUDE_PITCH,1.8991
2025-01-01 03:17:30,ATTITUDE_YAW,1.9285
2025-01-01 03:17:40,STAR_TRACKER_VALID,0.7214
2025-01-01 03:17:50,SUN_SENSOR_ANGLE,127.8275
2025-01-01 03:18:00,RF_SIGNAL_STRENGTH,-56.5812
2025-01-01 03:18:10,RF_NOISE_FLOOR,-88.7562
2025-01-01 03:18:20,TX_POWER,3.4875
2025-01-01 03:18:30,LINK_MARGIN,20.8085
2025-01-01 03:18:40,DATA_RATE_KBPS,111.4004
2025-01-01 03:18:50,PACKET_LOSS_RATE,1.2616
2025-01-01 03:19:00,CPU_USAGE,48.7769
2025-01-01 03:19:10,MEMORY_USAGE,63.2755
2025-01-01 03:19:20,FLASH_WRITE_RATE,3.5557
2025-01-01 03:19:30,WATCHDOG_COUNTER,72.7789
2025-01-01 03:19:40,TANK_PRESSURE,307.6329
2025-01-01 03:19:50,THRUSTER_VALVE_TEMP,15.224
2025-01-01 03:20:00,BATT_VOLTAGE_1,28.497
2025-01-01 03:20:10,BATT_VOLTAGE_2,27.9918
2025-01-01 03:20:20,BATT_CURRENT_1,3.23
2025-01-01 03:20:30,BATT_CURRENT_2,3.0323
2025-01-01 03:20:40,BATT_TEMP_1,27.646
2025-01-01 03:20:50,BATT_TEMP_2,29.7205
2025-01-01 03:21:00,BATT_SOC,89.0445
2025-01-01 03:21:10,SOLAR_PANEL_VOLT_A,32.587
2025-01-01 03:21:20,SOLAR_PANEL_VOLT_B,30.1214
2025-01-01 03:21:30,SOLAR_PANEL_CURR_A,6.8164
2025-01-01 03:21:40,SOLAR_PANEL_CURR_B,6.4142
2025-01-01 03:21:50,SOLAR_POWER_TOTAL,110.4744
2025-01-01 03:22:00,BUS_VOLTAGE,28.2209
2025-01-01 03:22:10,BUS_CURRENT,7.5404
2025-01-01 03:22:20,THRUSTER_TEMP_1,20.4424
2025-01-01 03:22:30,THRUSTER_TEMP_2,20.4501
2025-01-01 03:22:40,PAYLOAD_TEMP_CAM,22.962
2025-01-01 03:22:50,PAYLOAD_TEMP_SENSOR,22.8025
2025-01-01 03:23:00,OBC_TEMP,50.1399
2025-01-01 03:23:10,TRANS_TEMP,44.6576
2025-01-01 03:23:20,STRUCT_TEMP_PANEL_X,28.4516
2025-01-01 03:23:30,STRUCT_TEMP_PANEL_Y,34.564
2025-01-01 03:23:40,STRUCT_TEMP_PANEL_Z,32.2049
2025-01-01 03:23:50,RADIATOR_TEMP,-0.3672
2025-01-01 03:24:00,GYRO_X,0.0104
2025-01-01 03:24:10,GYRO_Y,-0.0185
2025-01-01 03:24:20,GYRO_Z,0.0023
2025-01-01 03:24:30,MAGNETOMETER_X,18.5958
2025-01-01 03:24:40,MAGNETOMETER_Y,18.8991
2025-01-01 03:24:50,MAGNETOMETER_Z,31.4492
2025-01-01 03:25:00,REACTION_WHEEL_SPD_X,1026.8568
2025-01-01 03:25:10,REACTION_WHEEL_SPD_Y,-386.9736
2025-01-01 03:25:20,REACTION_WHEEL_SPD_Z,-718.3526
2025-01-01 03:25:30,ATTITUDE_ROLL,1.5621
2025-01-01 03:25:40,ATTITUDE_PITCH,-0.064
2025-01-01 03:25:50,ATTITUDE_YAW,1.7319
2025-01-01 03:26:00,STAR_TRACKER_VALID,0.546
2025-01-01 03:26:10,SUN_SENSOR_ANGLE,63.3224
2025-01-01 03:26:20,RF_SIGNAL_STRENGTH,-58.5405
2025-01-01 03:26:30,RF_NOISE_FLOOR,-89.0823
2025-01-01 03:26:40,TX_POWER,3.8127
2025-01-01 03:26:50,LINK_MARGIN,19.8253
2025-01-01 03:27:00,DATA_RATE_KBPS,93.8254
2025-01-01 03:27:10,PACKET_LOSS_RATE,1.415
2025-01-01 03:27:20,CPU_USAGE,41.788
2025-01-01 03:27:30,MEMORY_USAGE,64.901
2025-01-01 03:27:40,FLASH_WRITE_RATE,2.2383
2025-01-01 03:27:50,WATCHDOG_COUNTER,67.3509
2025-01-01 03:28:00,TANK_PRESSURE,307.7888
2025-01-01 03:28:10,THRUSTER_VALVE_TEMP,20.379
2025-01-01 03:28:20,BATT_VOLTAGE_1,28.6816
2025-01-01 03:28:30,BATT_VOLTAGE_2,28.6882
2025-01-01 03:28:40,BATT_CURRENT_1,3.1338
2025-01-01 03:28:50,BATT_CURRENT_2,3.2424
2025-01-01 03:29:00,BATT_TEMP_1,23.6544
2025-01-01 03:29:10,BATT_TEMP_2,26.6317
2025-01-01 03:29:20,BATT_SOC,77.7758
2025-01-01 03:29:30,SOLAR_PANEL_VOLT_A,30.5175
2025-01-01 03:29:40,SOLAR_PANEL_VOLT_B,31.7793
2025-01-01 03:29:50,SOLAR_PANEL_CURR_A,6.1529
2025-01-01 03:30:00,SOLAR_PANEL_CURR_B,6.8001
2025-01-01 03:30:10,SOLAR_POWER_TOTAL,110.1514
2025-01-01 03:30:20,BUS_VOLTAGE,28.1162
2025-01-01 03:30:30,BUS_CURRENT,9.936
2025-01-01 03:30:40,THRUSTER_TEMP_1,26.9752
2025-01-01 03:30:50,THRUSTER_TEMP_2,21.8176
2025-01-01 03:31:00,PAYLOAD_TEMP_CAM,24.7033
2025-01-01 03:31:10,PAYLOAD_TEMP_SENSOR,22.787
2025-01-01 03:31:20,OBC_TEMP,40.6691
2025-01-01 03:31:30,TRANS_TEMP,33.4271
2025-01-01 03:31:40,STRUCT_TEMP_PANEL_X,20.6605
2025-01-01 03:31:50,STRUCT_TEMP_PANEL_Y,19.8201
2025-01-01 03:32:00,STRUCT_TEMP_PANEL_Z,37.3043
2025-01-01 03:32:10,RADIATOR_TEMP,0.3136
2025-01-01 03:32:20,GYRO_X,-0.0008
2025-01-01 03:32:30,GYRO_Y,0.0328
2025-01-01 03:32:40,GYRO_Z,0.0298
2025-01-01 03:32:50,MAGNETOMETER_X,6.6458
2025-01-01 03:33:00,MAGNETOMETER_Y,-1.2161
2025-01-01 03:33:10,MAGNETOMETER_Z,15.6223
2025-01-01 03:33:20,REACTION_WHEEL_SPD_X,1644.9785
2025-01-01 03:33:30,REACTION_WHEEL_SPD_Y,1400.9323
2025-01-01 03:33:40,REACTION_WHEEL_SPD_Z,-532.3553
2025-01-01 03:33:50,ATTITUDE_ROLL,-0.3229
2025-01-01 03:34:00,ATTITUDE_PITCH,1.3643
2025-01-01 03:34:10,ATTITUDE_YAW,2.5879
2025-01-01 03:34:20,STAR_TRACKER_VALID,0.7818
2025-01-01 03:34:30,SUN_SENSOR_ANGLE,120.9255
2025-01-01 03:34:40,RF_SIGNAL_STRENGTH,-74.8225
2025-01-01 03:34:50,RF_NOISE_FLOOR,-87.8206
2025-01-01 03:35:00,TX_POWER,2.7476
2025-01-01 03:35:10,LINK_MARGIN,20.0419
2025-01-01 03:35:20,DATA_RATE_KBPS,113.3421
2025-01-01 03:35:30,PACKET_LOSS_RATE,1.5363
2025-01-01 03:35:40,CPU_USAGE,36.81
2025-01-01 03:35:50,MEMORY_USAGE,47.5413
2025-01-01 03:36:00,FLASH_WRITE_RATE,3.8996
2025-01-01 03:36:10,WATCHDOG_COUNTER,40.8078
2025-01-01 03:36:20,TANK_PRESSURE,310.2059
2025-01-01 03:36:30,THRUSTER_VALVE_TEMP,21.6387
2025-01-01 03:36:40,BATT_VOLTAGE_1,28.573
2025-01-01 03:36:50,BATT_VOLTAGE_2,27.5772
2025-01-01 03:37:00,BATT_CURRENT_1,2.5785
2025-01-01 03:37:10,BATT_CURRENT_2,2.8567
2025-01-01 03:37:20,BATT_TEMP_1,27.5665
2025-01-01 03:37:30,BATT_TEMP_2,29.4299
2025-01-01 03:37:40,BATT_SOC,91.7725
2025-01-01 03:37:50,SOLAR_PANEL_VOLT_A,32.0694
2025-01-01 03:38:00,SOLAR_PANEL_VOLT_B,30.8624
2025-01-01 03:38:10,SOLAR_PANEL_CURR_A,5.2914
2025-01-01 03:38:20,SOLAR_PANEL_CURR_B,7.0986
2025-01-01 03:38:30,SOLAR_POWER_TOTAL,115.6365
2025-01-01 03:38:40,BUS_VOLTAGE,28.9646
2025-01-01 03:38:50,BUS_CURRENT,8.9751
2025-01-01 03:39:00,THRUSTER_TEMP_1,22.5575
2025-01-01 03:39:10,THRUSTER_TEMP_2,25.9704
2025-01-01 03:39:20,PAYLOAD_TEMP_CAM,22.7713
2025-01-01 03:39:30,PAYLOAD_TEMP_SENSOR,25.2693
2025-01-01 03:39:40,OBC_TEMP,46.2781
2025-01-01 03:39:50,TRANS_TEMP,33.3788
2025-01-01 03:40:00,STRUCT_TEMP_PANEL_X,37.532
2025-01-01 03:40:10,STRUCT_TEMP_PANEL_Y,19.998
2025-01-01 03:40:20,STRUCT_TEMP_PANEL_Z,29.8219
2025-01-01 03:40:30,RADIATOR_TEMP,-2.6991
2025-01-01 03:40:40,GYRO_X,0.0286
2025-01-01 03:40:50,GYRO_Y,0.0386
2025-01-01 03:41:00,GYRO_Z,0.0103
2025-01-01 03:41:10,MAGNETOMETER_X,28.297
2025-01-01 03:41:20,MAGNETOMETER_Y,25.9425
2025-01-01 03:41:30,MAGNETOMETER_Z,27.9499
2025-01-01 03:41:40,REACTION_WHEEL_SPD_X,976.7399
2025-01-01 03:41:50,REACTION_WHEEL_SPD_Y,1791.1116
2025-01-01 03:42:00,REACTION_WHEEL_SPD_Z,1445.8733
2025-01-01 03:42:10,ATTITUDE_ROLL,0.8103
2025-01-01 03:42:20,ATTITUDE_PITCH,1.6106
2025-01-01 03:42:30,ATTITUDE_YAW,-1.6297
2025-01-01 03:42:40,STAR_TRACKER_VALID,0.3357
2025-01-01 03:42:50,SUN_SENSOR_ANGLE,111.792
2025-01-01 03:43:00,RF_SIGNAL_STRENGTH,-65.4028
2025-01-01 03:43:10,RF_NOISE_FLOOR,-87.139
2025-01-01 03:43:20,TX_POWER,3.3991
2025-01-01 03:43:30,LINK_MARGIN,10.4446
2025-01-01 03:43:40,DATA_RATE_KBPS,155.1183
2025-01-01 03:43:50,PACKET_LOSS_RATE,1.1257
2025-01-01 03:44:00,CPU_USAGE,24.5496
2025-01-01 03:44:10,MEMORY_USAGE,51.6322
2025-01-01 03:44:20,FLASH_WRITE_RATE,1.4967
2025-01-01 03:44:30,WATCHDOG_COUNTER,68.2924
2025-01-01 03:44:40,TANK_PRESSURE,300.2437
2025-01-01 03:44:50,THRUSTER_VALVE_TEMP,18.7945
2025-01-01 03:45:00,BATT_VOLTAGE_1,28.3114
2025-01-01 03:45:10,BATT_VOLTAGE_2,28.5634
2025-01-01 03:45:20,BATT_CURRENT_1,3.2897
2025-01-01 03:45:30,BATT_CURRENT_2,3.1525
2025-01-01 03:45:40,BATT_TEMP_1,29.432
2025-01-01 03:45:50,BATT_TEMP_2,29.2951
2025-01-01 03:46:00,BATT_SOC,91.3944
2025-01-01 03:46:10,SOLAR_PANEL_VOLT_A,31.4882
2025-01-01 03:46:20,SOLAR_PANEL_VOLT_B,31.3582
2025-01-01 03:46:30,SOLAR_PANEL_CURR_A,5.2238
2025-01-01 03:46:40,SOLAR_PANEL_CURR_B,4.4703
2025-01-01 03:46:50,SOLAR_POWER_TOTAL,109.6853
2025-01-01 03:47:00,BUS_VOLTAGE,28.4884
2025-01-01 03:47:10,BUS_CURRENT,10.5157
2025-01-01 03:47:20,THRUSTER_TEMP_1,25.9655
2025-01-01 03:47:30,THRUSTER_TEMP_2,25.0547
2025-01-01 03:47:40,PAYLOAD_TEMP_CAM,25.8024
2025-01-01 03:47:50,PAYLOAD_TEMP_SENSOR,23.3617
2025-01-01 03:48:00,OBC_TEMP,43.4512
2025-01-01 03:48:10,TRANS_TEMP,42.9842
2025-01-01 03:48:20,STRUCT_TEMP_PANEL_X,17.0903
2025-01-01 03:48:30,STRUCT_TEMP_PANEL_Y,18.6841
2025-01-01 03:48:40,STRUCT_TEMP_PANEL_Z,9.6313
2025-01-01 03:48:50,RADIATOR_TEMP,-4.8123
2025-01-01 03:49:00,GYRO_X,0.0345
2025-01-01 03:49:10,GYRO_Y,0.0268
2025-01-01 03:49:20,GYRO_Z,-0.0221
2025-01-01 03:49:30,MAGNETOMETER_X,23.2651
2025-01-01 03:49:40,MAGNETOMETER_Y,3.1168
2025-01-01 03:49:50,MAGNETOMETER_Z,27.0373
2025-01-01 03:50:00,REACTION_WHEEL_SPD_X,1459.1728
2025-01-01 03:50:10,REACTION_WHEEL_SPD_Y,-963.2303
2025-01-01 03:50:20,REACTION_WHEEL_SPD_Z,-587.5109
2025-01-01 03:50:30,ATTITUDE_ROLL,1.5473
2025-01-01 03:50:40,ATTITUDE_PITCH,1.4687
2025-01-01 03:50:50,ATTITUDE_YAW,0.7247
2025-01-01 03:51:00,STAR_TRACKER_VALID,0.7701
2025-01-01 03:51:10,SUN_SENSOR_ANGLE,77.2794
2025-01-01 03:51:20,RF_SIGNAL_STRENGTH,-57.1906
2025-01-01 03:51:30,RF_NOISE_FLOOR,-91.918
2025-01-01 03:51:40,TX_POWER,2.5351
2025-01-01 03:51:50,LINK_MARGIN,16.4588
2025-01-01 03:52:00,DATA_RATE_KBPS,164.8638
2025-01-01 03:52:10,PACKET_LOSS_RATE,0.8888
2025-01-01 03:52:20,CPU_USAGE,28.9857
2025-01-01 03:52:30,MEMORY_USAGE,59.1895
2025-01-01 03:52:40,FLASH_WRITE_RATE,3.53
2025-01-01 03:52:50,WATCHDOG_COUNTER,54.2298
2025-01-01 03:53:00,TANK_PRESSURE,310.1752
2025-01-01 03:53:10,THRUSTER_VALVE_TEMP,22.2329
2025-01-01 03:53:20,BATT_VOLTAGE_1,28.6484
2025-01-01 03:53:30,BATT_VOLTAGE_2,28.7351
2025-01-01 03:53:40,BATT_CURRENT_1,3.2149
2025-01-01 03:53:50,BATT_CURRENT_2,2.5744
2025-01-01 03:54:00,BATT_TEMP_1,29.8663
2025-01-01 03:54:10,BATT_TEMP_2,29.52
2025-01-01 03:54:20,BATT_SOC,90.1801
2025-01-01 03:54:30,SOLAR_PANEL_VOLT_A,31.8365
2025-01-01 03:54:40,SOLAR_PANEL_VOLT_B,32.5428
2025-01-01 03:54:50,SOLAR_PANEL_CURR_A,5.1193
2025-01-01 03:55:00,SOLAR_PANEL_CURR_B,5.5623
2025-01-01 03:55:10,SOLAR_POWER_TOTAL,112.6515
2025-01-01 03:55:20,BUS_VOLTAGE,28.3128
2025-01-01 03:55:30,BUS_CURRENT,10.7823
2025-01-01 03:55:40,THRUSTER_TEMP_1,23.5861
2025-01-01 03:55:50,THRUSTER_TEMP_2,25.675
2025-01-01 03:56:00,PAYLOAD_TEMP_CAM,23.0049
2025-01-01 03:56:10,PAYLOAD_TEMP_SENSOR,21.1528
2025-01-01 03:56:20,OBC_TEMP,46.0607
2025-01-01 03:56:30,TRANS_TEMP,42.838
2025-01-01 03:56:40,STRUCT_TEMP_PANEL_X,16.3081
2025-01-01 03:56:50,STRUCT_TEMP_PANEL_Y,25.188
2025-01-01 03:57:00,STRUCT_TEMP_PANEL_Z,21.4254
2025-01-01 03:57:10,RADIATOR_TEMP,-0.6699
2025-01-01 03:57:20,GYRO_X,0.0069
2025-01-01 03:57:30,GYRO_Y,-0.0123
2025-01-01 03:57:40,GYRO_Z,-0.0291
2025-01-01 03:57:50,MAGNETOMETER_X,-8.0797
2025-01-01 03:58:00,MAGNETOMETER_Y,23.6703
2025-01-01 03:58:10,MAGNETOMETER_Z,-16.5665
2025-01-01 03:58:20,REACTION_WHEEL_SPD_X,1008.6355
2025-01-01 03:58:30,REACTION_WHEEL_SPD_Y,-584.8663
2025-01-01 03:58:40,REACTION_WHEEL_SPD_Z,-902.163
2025-01-01 03:58:50,ATTITUDE_ROLL,0.996
2025-01-01 03:59:00,ATTITUDE_PITCH,-1.0308
2025-01-01 03:59:10,ATTITUDE_YAW,2.0419
2025-01-01 03:59:20,STAR_TRACKER_VALID,0.7063
2025-01-01 03:59:30,SUN_SENSOR_ANGLE,64.6101
2025-01-01 03:59:40,RF_SIGNAL_STRENGTH,-62.0914
2025-01-01 03:59:50,RF_NOISE_FLOOR,-89.0235
2025-01-01 04:00:00,TX_POWER,3.8456
2025-01-01 04:00:10,LINK_MARGIN,18.0143
2025-01-01 04:00:20,DATA_RATE_KBPS,131.4245
2025-01-01 04:00:30,PACKET_LOSS_RATE,1.4791
2025-01-01 04:00:40,CPU_USAGE,47.0795
2025-01-01 04:00:50,MEMORY_USAGE,65.2801
2025-01-01 04:01:00,FLASH_WRITE_RATE,2.1911
2025-01-01 04:01:10,WATCHDOG_COUNTER,78.5325
2025-01-01 04:01:20,TANK_PRESSURE,300.4808
2025-01-01 04:01:30,THRUSTER_VALVE_TEMP,17.2607
2025-01-01 04:01:40,BATT_VOLTAGE_1,27.6467
2025-01-01 04:01:50,BATT_VOLTAGE_2,28.0977
2025-01-01 04:02:00,BATT_CURRENT_1,2.6208
2025-01-01 04:02:10,BATT_CURRENT_2,3.3127
2025-01-01 04:02:20,BATT_TEMP_1,22.5896
2025-01-01 04:02:30,BATT_TEMP_2,24.3966
2025-01-01 04:02:40,BATT_SOC,84.6906
2025-01-01 04:02:50,SOLAR_PANEL_VOLT_A,31.6694
2025-01-01 04:03:00,SOLAR_PANEL_VOLT_B,31.3326
2025-01-01 04:03:10,SOLAR_PANEL_CURR_A,5.2244
2025-01-01 04:03:20,SOLAR_PANEL_CURR_B,6.5996
2025-01-01 04:03:30,SOLAR_POWER_TOTAL,115.4139
2025-01-01 04:03:40,BUS_VOLTAGE,29.0679
2025-01-01 04:03:50,BUS_CURRENT,9.4862
2025-01-01 04:04:00,THRUSTER_TEMP_1,26.3765
2025-01-01 04:04:10,THRUSTER_TEMP_2,25.4049
2025-01-01 04:04:20,PAYLOAD_TEMP_CAM,22.5594
2025-01-01 04:04:30,PAYLOAD_TEMP_SENSOR,25.6862
2025-01-01 04:04:40,OBC_TEMP,42.8739
2025-01-01 04:04:50,TRANS_TEMP,38.8072
2025-01-01 04:05:00,STRUCT_TEMP_PANEL_X,32.0105
2025-01-01 04:05:10,STRUCT_TEMP_PANEL_Y,19.0628
2025-01-01 04:05:20,STRUCT_TEMP_PANEL_Z,31.325
2025-01-01 04:05:30,RADIATOR_TEMP,-7.6512
2025-01-01 04:05:40,GYRO_X,-0.009
2025-01-01 04:05:50,GYRO_Y,0.0448
2025-01-01 04:06:00,GYRO_Z,0.0313
2025-01-01 04:06:10,MAGNETOMETER_X,29.53
2025-01-01 04:06:20,MAGNETOMETER_Y,24.0683
2025-01-01 04:06:30,MAGNETOMETER_Z,15.715
2025-01-01 04:06:40,REACTION_WHEEL_SPD_X,1006.4165
2025-01-01 04:06:50,REACTION_WHEEL_SPD_Y,-579.589
2025-01-01 04:07:00,REACTION_WHEEL_SPD_Z,-660.6578
2025-01-01 04:07:10,ATTITUDE_ROLL,-1.2633
2025-01-01 04:07:20,ATTITUDE_PITCH,-0.6745
2025-01-01 04:07:30,ATTITUDE_YAW,1.224
2025-01-01 04:07:40,STAR_TRACKER_VALID,0.7741
2025-01-01 04:07:50,SUN_SENSOR_ANGLE,69.7078
2025-01-01 04:08:00,RF_SIGNAL_STRENGTH,-69.8523
2025-01-01 04:08:10,RF_NOISE_FLOOR,-88.2962
2025-01-01 04:08:20,TX_POWER,4.0394
2025-01-01 04:08:30,LINK_MARGIN,16.5884
2025-01-01 04:08:40,DATA_RATE_KBPS,153.028
2025-01-01 04:08:50,PACKET_LOSS_RATE,1.4715
2025-01-01 04:09:00,CPU_USAGE,35.206
2025-01-01 04:09:10,MEMORY_USAGE,63.4567
2025-01-01 04:09:20,FLASH_WRITE_RATE,2.1952
2025-01-01 04:09:30,WATCHDOG_COUNTER,63.9916
2025-01-01 04:09:40,TANK_PRESSURE,297.6861
2025-01-01 04:09:50,THRUSTER_VALVE_TEMP,15.5863
2025-01-01 04:10:00,BATT_VOLTAGE_1,28.0793
2025-01-01 04:10:10,BATT_VOLTAGE_2,28.562
2025-01-01 04:10:20,BATT_CURRENT_1,3.3313
2025-01-01 04:10:30,BATT_CURRENT_2,2.0236
2025-01-01 04:10:40,BATT_TEMP_1,28.3292
2025-01-01 04:10:50,BATT_TEMP_2,21.0992
2025-01-01 04:11:00,BATT_SOC,74.0382
2025-01-01 04:11:10,SOLAR_PANEL_VOLT_A,31.0541
2025-01-01 04:11:20,SOLAR_PANEL_VOLT_B,31.4711
2025-01-01 04:11:30,SOLAR_PANEL_CURR_A,5.4612
2025-01-01 04:11:40,SOLAR_PANEL_CURR_B,5.692
2025-01-01 04:11:50,SOLAR_POWER_TOTAL,117.1221
2025-01-01 04:12:00,BUS_VOLTAGE,28.8794
2025-01-01 04:12:10,BUS_CURRENT,9.0688
2025-01-01 04:12:20,THRUSTER_TEMP_1,26.3802
2025-01-01 04:12:30,THRUSTER_TEMP_2,23.0198
2025-01-01 04:12:40,PAYLOAD_TEMP_CAM,25.3372
2025-01-01 04:12:50,PAYLOAD_TEMP_SENSOR,23.9542
2025-01-01 04:13:00,OBC_TEMP,40.3448
2025-01-01 04:13:10,TRANS_TEMP,38.7633
2025-01-01 04:13:20,STRUCT_TEMP_PANEL_X,11.1689
2025-01-01 04:13:30,STRUCT_TEMP_PANEL_Y,39.3131
2025-01-01 04:13:40,STRUCT_TEMP_PANEL_Z,30.8988
2025-01-01 04:13:50,RADIATOR_TEMP,-15.6541
2025-01-01 04:14:00,GYRO_X,0.0027
2025-01-01 04:14:10,GYRO_Y,0.0432
2025-01-01 04:14:20,GYRO_Z,0.0297
2025-01-01 04:14:30,MAGNETOMETER_X,7.4509
2025-01-01 04:14:40,MAGNETOMETER_Y,-15.0011
2025-01-01 04:14:50,MAGNETOMETER_Z,33.7931
2025-01-01 04:15:00,REACTION_WHEEL_SPD_X,-799.4419
2025-01-01 04:15:10,REACTION_WHEEL_SPD_Y,-154.0892
2025-01-01 04:15:20,REACTION_WHEEL_SPD_Z,1505.8186
2025-01-01 04:15:30,ATTITUDE_ROLL,1.0042
2025-01-01 04:15:40,ATTITUDE_PITCH,-0.7423
2025-01-01 04:15:50,ATTITUDE_YAW,2.1129
2025-01-01 04:16:00,STAR_TRACKER_VALID,0.3198
2025-01-01 04:16:10,SUN_SENSOR_ANGLE,60.8677
2025-01-01 04:16:20,RF_SIGNAL_STRENGTH,-56.6288
2025-01-01 04:16:30,RF_NOISE_FLOOR,-87.726
2025-01-01 04:16:40,TX_POWER,3.7163
2025-01-01 04:16:50,LINK_MARGIN,19.6131
2025-01-01 04:17:00,DATA_RATE_KBPS,152.1792
2025-01-01 04:17:10,PACKET_LOSS_RATE,0.7982
2025-01-01 04:17:20,CPU_USAGE,44.3618
2025-01-01 04:17:30,MEMORY_USAGE,62.1718
2025-01-01 04:17:40,FLASH_WRITE_RATE,3.9973
2025-01-01 04:17:50,WATCHDOG_COUNTER,68.4504
2025-01-01 04:18:00,TANK_PRESSURE,309.373
2025-01-01 04:18:10,THRUSTER_VALVE_TEMP,21.0273
2025-01-01 04:18:20,BATT_VOLTAGE_1,27.3786
2025-01-01 04:18:30,BATT_VOLTAGE_2,28.272
2025-01-01 04:18:40,BATT_CURRENT_1,2.265
2025-01-01 04:18:50,BATT_CURRENT_2,2.782
2025-01-01 04:19:00,BATT_TEMP_1,28.8087
2025-01-01 04:19:10,BATT_TEMP_2,28.5788
2025-01-01 04:19:20,BATT_SOC,86.428
2025-01-01 04:19:30,SOLAR_PANEL_VOLT_A,30.2935
2025-01-01 04:19:40,SOLAR_PANEL_VOLT_B,32.0894
2025-01-01 04:19:50,SOLAR_PANEL_CURR_A,4.8914
2025-01-01 04:20:00,SOLAR_PANEL_CURR_B,6.163
2025-01-01 04:20:10,SOLAR_POWER_TOTAL,99.8522
2025-01-01 04:20:20,BUS_VOLTAGE,29.0591
2025-01-01 04:20:30,BUS_CURRENT,7.1159
2025-01-01 04:20:40,THRUSTER_TEMP_1,19.5631
2025-01-01 04:20:50,THRUSTER_TEMP_2,24.3817
2025-01-01 04:21:00,PAYLOAD_TEMP_CAM,21.2415
2025-01-01 04:21:10,PAYLOAD_TEMP_SENSOR,21.2661
2025-01-01 04:21:20,OBC_TEMP,47.5558
2025-01-01 04:21:30,TRANS_TEMP,44.1925
2025-01-01 04:21:40,STRUCT_TEMP_PANEL_X,28.8108
2025-01-01 04:21:50,STRUCT_TEMP_PANEL_Y,35.8195
2025-01-01 04:22:00,STRUCT_TEMP_PANEL_Z,9.5075
2025-01-01 04:22:10,RADIATOR_TEMP,-8.7368
2025-01-01 04:22:20,GYRO_X,0.0152
2025-01-01 04:22:30,GYRO_Y,0.0204
2025-01-01 04:22:40,GYRO_Z,0.0276
2025-01-01 04:22:50,MAGNETOMETER_X,12.4216
2025-01-01 04:23:00,MAGNETOMETER_Y,25.6384
2025-01-01 04:23:10,MAGNETOMETER_Z,26.5675
2025-01-01 04:23:20,REACTION_WHEEL_SPD_X,-554.6634
2025-01-01 04:23:30,REACTION_WHEEL_SPD_Y,-1219.7594
2025-01-01 04:23:40,REACTION_WHEEL_SPD_Z,434.4616
2025-01-01 04:23:50,ATTITUDE_ROLL,-0.7663
2025-01-01 04:24:00,ATTITUDE_PITCH,1.2837
2025-01-01 04:24:10,ATTITUDE_YAW,-1.5569
2025-01-01 04:24:20,STAR_TRACKER_VALID,0.4338
2025-01-01 04:24:30,SUN_SENSOR_ANGLE,127.6409
2025-01-01 04:24:40,RF_SIGNAL_STRENGTH,-55.6402
2025-01-01 04:24:50,RF_NOISE_FLOOR,-87.0951
2025-01-01 04:25:00,TX_POWER,3.8894
2025-01-01 04:25:10,LINK_MARGIN,16.1516
2025-01-01 04:25:20,DATA_RATE_KBPS,116.1223
2025-01-01 04:25:30,PACKET_LOSS_RATE,1.3358
2025-01-01 04:25:40,CPU_USAGE,48.6898
2025-01-01 04:25:50,MEMORY_USAGE,62.6159
2025-01-01 04:26:00,FLASH_WRITE_RATE,3.544
2025-01-01 04:26:10,WATCHDOG_COUNTER,30.6636
2025-01-01 04:26:20,TANK_PRESSURE,308.7324
2025-01-01 04:26:30,THRUSTER_VALVE_TEMP,21.1143
2025-01-01 04:26:40,BATT_VOLTAGE_1,28.6596
2025-01-01 04:26:50,BATT_VOLTAGE_2,27.1989
2025-01-01 04:27:00,BATT_CURRENT_1,2.4317
2025-01-01 04:27:10,BATT_CURRENT_2,3.2059
2025-01-01 04:27:20,BATT_TEMP_1,28.9845
2025-01-01 04:27:30,BATT_TEMP_2,26.6358
2025-01-01 04:27:40,BATT_SOC,82.021
2025-01-01 04:27:50,SOLAR_PANEL_VOLT_A,32.0059
2025-01-01 04:28:00,SOLAR_PANEL_VOLT_B,32.3936
2025-01-01 04:28:10,SOLAR_PANEL_CURR_A,6.2533
2025-01-01 04:28:20,SOLAR_PANEL_CURR_B,4.5831
2025-01-01 04:28:30,SOLAR_POWER_TOTAL,115.897
2025-01-01 04:28:40,BUS_VOLTAGE,28.4464
2025-01-01 04:28:50,BUS_CURRENT,9.9079
2025-01-01 04:29:00,THRUSTER_TEMP_1,26.9825
2025-01-01 04:29:10,THRUSTER_TEMP_2,25.1336
2025-01-01 04:29:20,PAYLOAD_TEMP_CAM,22.5543
2025-01-01 04:29:30,PAYLOAD_TEMP_SENSOR,25.2767
2025-01-01 04:29:40,OBC_TEMP,43.2234
2025-01-01 04:29:50,TRANS_TEMP,42.5388
2025-01-01 04:30:00,STRUCT_TEMP_PANEL_X,37.7971
2025-01-01 04:30:10,STRUCT_TEMP_PANEL_Y,35.0771
2025-01-01 04:30:20,STRUCT_TEMP_PANEL_Z,34.1365
2025-01-01 04:30:30,RADIATOR_TEMP,-0.0846
2025-01-01 04:30:40,GYRO_X,0.0005
2025-01-01 04:30:50,GYRO_Y,-0.0134
2025-01-01 04:31:00,GYRO_Z,-0.0281
2025-01-01 04:31:10,MAGNETOMETER_X,31.0074
2025-01-01 04:31:20,MAGNETOMETER_Y,33.0723
2025-01-01 04:31:30,MAGNETOMETER_Z,9.8178
2025-01-01 04:31:40,REACTION_WHEEL_SPD_X,-1517.7689
2025-01-01 04:31:50,REACTION_WHEEL_SPD_Y,1126.8336
2025-01-01 04:32:00,REACTION_WHEEL_SPD_Z,797.9566
2025-01-01 04:32:10,ATTITUDE_ROLL,-1.0278
2025-01-01 04:32:20,ATTITUDE_PITCH,-1.2132
2025-01-01 04:32:30,ATTITUDE_YAW,-2.2606
2025-01-01 04:32:40,STAR_TRACKER_VALID,0.6911
2025-01-01 04:32:50,SUN_SENSOR_ANGLE,56.1222
2025-01-01 04:33:00,RF_SIGNAL_STRENGTH,-61.1276
2025-01-01 04:33:10,RF_NOISE_FLOOR,-90.5562
2025-01-01 04:33:20,TX_POWER,3.1636
2025-01-01 04:33:30,LINK_MARGIN,17.1066
2025-01-01 04:33:40,DATA_RATE_KBPS,103.3544
2025-01-01 04:33:50,PACKET_LOSS_RATE,1.5232
2025-01-01 04:34:00,CPU_USAGE,47.142
2025-01-01 04:34:10,MEMORY_USAGE,58.6848
2025-01-01 04:34:20,FLASH_WRITE_RATE,3.3794
2025-01-01 04:34:30,WATCHDOG_COUNTER,50.7702
2025-01-01 04:34:40,TANK_PRESSURE,308.6949
2025-01-01 04:34:50,THRUSTER_VALVE_TEMP,20.4206
2025-01-01 04:35:00,BATT_VOLTAGE_1,28.541
2025-01-01 04:35:10,BATT_VOLTAGE_2,28.9044
2025-01-01 04:35:20,BATT_CURRENT_1,2.9891
2025-01-01 04:35:30,BATT_CURRENT_2,2.8108
2025-01-01 04:35:40,BATT_TEMP_1,30.0977
2025-01-01 04:35:50,BATT_TEMP_2,20.8465
2025-01-01 04:36:00,BATT_SOC,89.8873
2025-01-01 04:36:10,SOLAR_PANEL_VOLT_A,30.1974
2025-01-01 04:36:20,SOLAR_PANEL_VOLT_B,30.7665
2025-01-01 04:36:30,SOLAR_PANEL_CURR_A,4.8348
2025-01-01 04:36:40,SOLAR_PANEL_CURR_B,6.527
2025-01-01 04:36:50,SOLAR_POWER_TOTAL,118.266
2025-01-01 04:37:00,BUS_VOLTAGE,28.5584
2025-01-01 04:37:10,BUS_CURRENT,7.0157
2025-01-01 04:37:20,THRUSTER_TEMP_1,26.2977
2025-01-01 04:37:30,THRUSTER_TEMP_2,21.2529
2025-01-01 04:37:40,PAYLOAD_TEMP_CAM,25.4499
2025-01-01 04:37:50,PAYLOAD_TEMP_SENSOR,26.283
2025-01-01 04:38:00,OBC_TEMP,47.0045
2025-01-01 04:38:10,TRANS_TEMP,33.3667
2025-01-01 04:38:20,STRUCT_TEMP_PANEL_X,12.917
2025-01-01 04:38:30,STRUCT_TEMP_PANEL_Y,33.7029
2025-01-01 04:38:40,STRUCT_TEMP_PANEL_Z,34.3383
2025-01-01 04:38:50,RADIATOR_TEMP,-4.4165
2025-01-01 04:39:00,GYRO_X,0.0302
2025-01-01 04:39:10,GYRO_Y,0.015
2025-01-01 04:39:20,GYRO_Z,0.0355
2025-01-01 04:39:30,MAGNETOMETER_X,18.7277
2025-01-01 04:39:40,MAGNETOMETER_Y,30.5376
2025-01-01 04:39:50,MAGNETOMETER_Z,23.6171
2025-01-01 04:40:00,REACTION_WHEEL_SPD_X,1468.6094
2025-01-01 04:40:10,REACTION_WHEEL_SPD_Y,606.0365
2025-01-01 04:40:20,REACTION_WHEEL_SPD_Z,-926.3401
2025-01-01 04:40:30,ATTITUDE_ROLL,-0.9723
2025-01-01 04:40:40,ATTITUDE_PITCH,-0.9145
2025-01-01 04:40:50,ATTITUDE_YAW,1.3666
2025-01-01 04:41:00,STAR_TRACKER_VALID,0.326
2025-01-01 04:41:10,SUN_SENSOR_ANGLE,145.3939
2025-01-01 04:41:20,RF_SIGNAL_STRENGTH,-61.2982
2025-01-01 04:41:30,RF_NOISE_FLOOR,-95.2385
2025-01-01 04:41:40,TX_POWER,2.4502
2025-01-01 04:41:50,LINK_MARGIN,20.1858
2025-01-01 04:42:00,DATA_RATE_KBPS,152.6063
2025-01-01 04:42:10,PACKET_LOSS_RATE,0.5451
2025-01-01 04:42:20,CPU_USAGE,34.5444
2025-01-01 04:42:30,MEMORY_USAGE,55.1875
2025-01-01 04:42:40,FLASH_WRITE_RATE,3.4854
2025-01-01 04:42:50,WATCHDOG_COUNTER,55.5258
2025-01-01 04:43:00,TANK_PRESSURE,307.098
2025-01-01 04:43:10,THRUSTER_VALVE_TEMP,20.3968
2025-01-01 04:43:20,BATT_VOLTAGE_1,28.6639
2025-01-01 04:43:30,BATT_VOLTAGE_2,28.8748
2025-01-01 04:43:40,BATT_CURRENT_1,3.0084
2025-01-01 04:43:50,BATT_CURRENT_2,2.0805
2025-01-01 04:44:00,BATT_TEMP_1,28.7045
2025-01-01 04:44:10,BATT_TEMP_2,21.5751
2025-01-01 04:44:20,BATT_SOC,83.1655
2025-01-01 04:44:30,SOLAR_PANEL_VOLT_A,30.2812
2025-01-01 04:44:40,SOLAR_PANEL_VOLT_B,29.8721
2025-01-01 04:44:50,SOLAR_PANEL_CURR_A,4.4955
2025-01-01 04:45:00,SOLAR_PANEL_CURR_B,4.8671
2025-01-01 04:45:10,SOLAR_POWER_TOTAL,116.8243
2025-01-01 04:45:20,BUS_VOLTAGE,28.5125
2025-01-01 04:45:30,BUS_CURRENT,9.7512
2025-01-01 04:45:40,THRUSTER_TEMP_1,21.4535
2025-01-01 04:45:50,THRUSTER_TEMP_2,20.6957
2025-01-01 04:46:00,PAYLOAD_TEMP_CAM,23.8019
2025-01-01 04:46:10,PAYLOAD_TEMP_SENSOR,25.3799
2025-01-01 04:46:20,OBC_TEMP,38.6167
2025-01-01 04:46:30,TRANS_TEMP,40.245
2025-01-01 04:46:40,STRUCT_TEMP_PANEL_X,28.0828
2025-01-01 04:46:50,STRUCT_TEMP_PANEL_Y,28.6902
2025-01-01 04:47:00,STRUCT_TEMP_PANEL_Z,37.6277
2025-01-01 04:47:10,RADIATOR_TEMP,-2.8438
2025-01-01 04:47:20,GYRO_X,0.0066
2025-01-01 04:47:30,GYRO_Y,0.0346
2025-01-01 04:47:40,GYRO_Z,-0.0343
2025-01-01 04:47:50,MAGNETOMETER_X,-2.077
2025-01-01 04:48:00,MAGNETOMETER_Y,-1.0363
2025-01-01 04:48:10,MAGNETOMETER_Z,23.7795
2025-01-01 04:48:20,REACTION_WHEEL_SPD_X,790.0062
2025-01-01 04:48:30,REACTION_WHEEL_SPD_Y,1802.4107
2025-01-01 04:48:40,REACTION_WHEEL_SPD_Z,1856.8403
2025-01-01 04:48:50,ATTITUDE_ROLL,-1.1566
2025-01-01 04:49:00,ATTITUDE_PITCH,1.2631
2025-01-01 04:49:10,ATTITUDE_YAW,2.184
2025-01-01 04:49:20,STAR_TRACKER_VALID,0.4477
2025-01-01 04:49:30,SUN_SENSOR_ANGLE,136.0226
2025-01-01 04:49:40,RF_SIGNAL_STRENGTH,-56.4041
2025-01-01 04:49:50,RF_NOISE_FLOOR,-100.3203
2025-01-01 04:50:00,TX_POWER,2.1457
2025-01-01 04:50:10,LINK_MARGIN,19.6065
2025-01-01 04:50:20,DATA_RATE_KBPS,131.9049
2025-01-01 04:50:30,PACKET_LOSS_RATE,1.0997
2025-01-01 04:50:40,CPU_USAGE,44.9587
2025-01-01 04:50:50,MEMORY_USAGE,64.8843
2025-01-01 04:51:00,FLASH_WRITE_RATE,2.8125
2025-01-01 04:51:10,WATCHDOG_COUNTER,57.9045
2025-01-01 04:51:20,TANK_PRESSURE,307.6095
2025-01-01 04:51:30,THRUSTER_VALVE_TEMP,15.3755
2025-01-01 04:51:40,BATT_VOLTAGE_1,28.4951
2025-01-01 04:51:50,BATT_VOLTAGE_2,28.4931
2025-01-01 04:52:00,BATT_CURRENT_1,2.0217
2025-01-01 04:52:10,BATT_CURRENT_2,3.3069
2025-01-01 04:52:20,BATT_TEMP_1,20.8921
2025-01-01 04:52:30,BATT_TEMP_2,21.3045
2025-01-01 04:52:40,BATT_SOC,90.8742
2025-01-01 04:52:50,SOLAR_PANEL_VOLT_A,32.2444
2025-01-01 04:53:00,SOLAR_PANEL_VOLT_B,31.2418
2025-01-01 04:53:10,SOLAR_PANEL_CURR_A,6.2588
2025-01-01 04:53:20,SOLAR_PANEL_CURR_B,6.0035
2025-01-01 04:53:30,SOLAR_POWER_TOTAL,96.6876
2025-01-01 04:53:40,BUS_VOLTAGE,28.3131
2025-01-01 04:53:50,BUS_CURRENT,10.078
2025-01-01 04:54:00,THRUSTER_TEMP_1,26.4537
2025-01-01 04:54:10,THRUSTER_TEMP_2,25.581
2025-01-01 04:54:20,PAYLOAD_TEMP_CAM,25.9736
2025-01-01 04:54:30,PAYLOAD_TEMP_SENSOR,25.1292
2025-01-01 04:54:40,OBC_TEMP,43.1195
2025-01-01 04:54:50,TRANS_TEMP,32.7621
2025-01-01 04:55:00,STRUCT_TEMP_PANEL_X,32.2115
2025-01-01 04:55:10,STRUCT_TEMP_PANEL_Y,30.9131
2025-01-01 04:55:20,STRUCT_TEMP_PANEL_Z,19.979
2025-01-01 04:55:30,RADIATOR_TEMP,-13.7736
2025-01-01 04:55:40,GYRO_X,0.0312
2025-01-01 04:55:50,GYRO_Y,0.0267
2025-01-01 04:56:00,GYRO_Z,-0.0057
2025-01-01 04:56:10,MAGNETOMETER_X,-27.6336
2025-01-01 04:56:20,MAGNETOMETER_Y,32.8845
2025-01-01 04:56:30,MAGNETOMETER_Z,11.5662
2025-01-01 04:56:40,REACTION_WHEEL_SPD_X,-1031.0103
2025-01-01 04:56:50,REACTION_WHEEL_SPD_Y,-323.3194
2025-01-01 04:57:00,REACTION_WHEEL_SPD_Z,559.7992
2025-01-01 04:57:10,ATTITUDE_ROLL,0.181
2025-01-01 04:57:20,ATTITUDE_PITCH,-0.6868
2025-01-01 04:57:30,ATTITUDE_YAW,0.8905
2025-01-01 04:57:40,STAR_TRACKER_VALID,0.4224
2025-01-01 04:57:50,SUN_SENSOR_ANGLE,127.1046
2025-01-01 04:58:00,RF_SIGNAL_STRENGTH,-72.1754
2025-01-01 04:58:10,RF_NOISE_FLOOR,-94.7326
2025-01-01 04:58:20,TX_POWER,3.4092
2025-01-01 04:58:30,LINK_MARGIN,16.7699
2025-01-01 04:58:40,DATA_RATE_KBPS,153.7273
2025-01-01 04:58:50,PACKET_LOSS_RATE,1.4211
2025-01-01 04:59:00,CPU_USAGE,34.2371
2025-01-01 04:59:10,MEMORY_USAGE,46.4506
2025-01-01 04:59:20,FLASH_WRITE_RATE,3.9273
2025-01-01 04:59:30,WATCHDOG_COUNTER,75.1826
2025-01-01 04:59:40,TANK_PRESSURE,296.6392
2025-01-01 04:59:50,THRUSTER_VALVE_TEMP,13.2777
2025-01-01 05:00:00,BATT_VOLTAGE_1,28.5797
2025-01-01 05:00:10,BATT_VOLTAGE_2,28.7348
2025-01-01 05:00:20,BATT_CURRENT_1,3.2073
2025-01-01 05:00:30,BATT_CURRENT_2,2.9325
2025-01-01 05:00:40,BATT_TEMP_1,25.9742
2025-01-01 05:00:50,BATT_TEMP_2,23.9142
2025-01-01 05:01:00,BATT_SOC,74.0445
2025-01-01 05:01:10,SOLAR_PANEL_VOLT_A,32.0998
2025-01-01 05:01:20,SOLAR_PANEL_VOLT_B,32.512
2025-01-01 05:01:30,SOLAR_PANEL_CURR_A,6.3453
2025-01-01 05:01:40,SOLAR_PANEL_CURR_B,4.3252
2025-01-01 05:01:50,SOLAR_POWER_TOTAL,101.4496
2025-01-01 05:02:00,BUS_VOLTAGE,29.0935
2025-01-01 05:02:10,BUS_CURRENT,7.2821
2025-01-01 05:02:20,THRUSTER_TEMP_1,21.4547
2025-01-01 05:02:30,THRUSTER_TEMP_2,20.102
2025-01-01 05:02:40,PAYLOAD_TEMP_CAM,25.4555
2025-01-01 05:02:50,PAYLOAD_TEMP_SENSOR,22.5676
2025-01-01 05:03:00,OBC_TEMP,44.5056
2025-01-01 05:03:10,TRANS_TEMP,37.8015
2025-01-01 05:03:20,STRUCT_TEMP_PANEL_X,30.1217
2025-01-01 05:03:30,STRUCT_TEMP_PANEL_Y,30.7415
2025-01-01 05:03:40,STRUCT_TEMP_PANEL_Z,14.7581
2025-01-01 05:03:50,RADIATOR_TEMP,-0.448
2025-01-01 05:04:00,GYRO_X,-0.0179
2025-01-01 05:04:10,GYRO_Y,0.0322
2025-01-01 05:04:20,GYRO_Z,0.0156
2025-01-01 05:04:30,MAGNETOMETER_X,42.9141
2025-01-01 05:04:40,MAGNETOMETER_Y,14.7717
2025-01-01 05:04:50,MAGNETOMETER_Z,13.2831
2025-01-01 05:05:00,REACTION_WHEEL_SPD_X,1349.2404
2025-01-01 05:05:10,REACTION_WHEEL_SPD_Y,1341.2154
2025-01-01 05:05:20,REACTION_WHEEL_SPD_Z,1478.5821
2025-01-01 05:05:30,ATTITUDE_ROLL,0.5363
2025-01-01 05:05:40,ATTITUDE_PITCH,-1.1631
2025-01-01 05:05:50,ATTITUDE_YAW,2.5467
2025-01-01 05:06:00,STAR_TRACKER_VALID,0.7136
2025-01-01 05:06:10,SUN_SENSOR_ANGLE,136.0149
2025-01-01 05:06:20,RF_SIGNAL_STRENGTH,-56.4671
2025-01-01 05:06:30,RF_NOISE_FLOOR,-93.3486
2025-01-01 05:06:40,TX_POWER,2.9739
2025-01-01 05:06:50,LINK_MARGIN,12.2209
2025-01-01 05:07:00,DATA_RATE_KBPS,144.5405
2025-01-01 05:07:10,PACKET_LOSS_RATE,1.6076
2025-01-01 05:07:20,CPU_USAGE,45.9005
2025-01-01 05:07:30,MEMORY_USAGE,49.8623
2025-01-01 05:07:40,FLASH_WRITE_RATE,1.6466
2025-01-01 05:07:50,WATCHDOG_COUNTER,27.4066
2025-01-01 05:08:00,TANK_PRESSURE,314.0628
2025-01-01 05:08:10,THRUSTER_VALVE_TEMP,18.1476
2025-01-01 05:08:20,BATT_VOLTAGE_1,28.8845
2025-01-01 05:08:30,BATT_VOLTAGE_2,28.9838
2025-01-01 05:08:40,BATT_CURRENT_1,2.7172
2025-01-01 05:08:50,BATT_CURRENT_2,3.1924
2025-01-01 05:09:00,BATT_TEMP_1,29.9027
2025-01-01 05:09:10,BATT_TEMP_2,22.4997
2025-01-01 05:09:20,BATT_SOC,80.1464
2025-01-01 05:09:30,SOLAR_PANEL_VOLT_A,31.2696
2025-01-01 05:09:40,SOLAR_PANEL_VOLT_B,31.8755
2025-01-01 05:09:50,SOLAR_PANEL_CURR_A,5.5953
2025-01-01 05:10:00,SOLAR_PANEL_CURR_B,6.3612
2025-01-01 05:10:10,SOLAR_POWER_TOTAL,99.4119
2025-01-01 05:10:20,BUS_VOLTAGE,28.4819
2025-01-01 05:10:30,BUS_CURRENT,9.3344
2025-01-01 05:10:40,THRUSTER_TEMP_1,19.6672
2025-01-01 05:10:50,THRUSTER_TEMP_2,18.7065
2025-01-01 05:11:00,PAYLOAD_TEMP_CAM,25.3997
2025-01-01 05:11:10,PAYLOAD_TEMP_SENSOR,20.4075
2025-01-01 05:11:20,OBC_TEMP,46.718
2025-01-01 05:11:30,TRANS_TEMP,39.3113
2025-01-01 05:11:40,STRUCT_TEMP_PANEL_X,29.9487
2025-01-01 05:11:50,STRUCT_TEMP_PANEL_Y,28.0988
2025-01-01 05:12:00,STRUCT_TEMP_PANEL_Z,34.4799
2025-01-01 05:12:10,RADIATOR_TEMP,-1.6616
2025-01-01 05:12:20,GYRO_X,0.0084
2025-01-01 05:12:30,GYRO_Y,0.0342
2025-01-01 05:12:40,GYRO_Z,-0.0213
2025-01-01 05:12:50,MAGNETOMETER_X,-23.3685
2025-01-01 05:13:00,MAGNETOMETER_Y,41.6259
2025-01-01 05:13:10,MAGNETOMETER_Z,1.3873
2025-01-01 05:13:20,REACTION_WHEEL_SPD_X,765.312
2025-01-01 05:13:30,REACTION_WHEEL_SPD_Y,912.4388
2025-01-01 05:13:40,REACTION_WHEEL_SPD_Z,1287.0263
2025-01-01 05:13:50,ATTITUDE_ROLL,1.6313
2025-01-01 05:14:00,ATTITUDE_PITCH,0.5701
2025-01-01 05:14:10,ATTITUDE_YAW,0.4622
2025-01-01 05:14:20,STAR_TRACKER_VALID,0.6987
2025-01-01 05:14:30,SUN_SENSOR_ANGLE,144.5972
2025-01-01 05:14:40,RF_SIGNAL_STRENGTH,-63.5596
2025-01-01 05:14:50,RF_NOISE_FLOOR,-87.6298
2025-01-01 05:15:00,TX_POWER,3.9623
2025-01-01 05:15:10,LINK_MARGIN,14.4903
2025-01-01 05:15:20,DATA_RATE_KBPS,169.4045
2025-01-01 05:15:30,PACKET_LOSS_RATE,1.5212
2025-01-01 05:15:40,CPU_USAGE,42.667
2025-01-01 05:15:50,MEMORY_USAGE,47.7843
2025-01-01 05:16:00,FLASH_WRITE_RATE,3.7143
2025-01-01 05:16:10,WATCHDOG_COUNTER,70.9543
2025-01-01 05:16:20,TANK_PRESSURE,310.4655
2025-01-01 05:16:30,THRUSTER_VALVE_TEMP,14.68
2025-01-01 05:16:40,BATT_VOLTAGE_1,28.0429
2025-01-01 05:16:50,BATT_VOLTAGE_2,27.3436
2025-01-01 05:17:00,BATT_CURRENT_1,3.1443
2025-01-01 05:17:10,BATT_CURRENT_2,3.3507
2025-01-01 05:17:20,BATT_TEMP_1,26.6587
2025-01-01 05:17:30,BATT_TEMP_2,31.1213
2025-01-01 05:17:40,BATT_SOC,80.2322
2025-01-01 05:17:50,SOLAR_PANEL_VOLT_A,32.6236
2025-01-01 05:18:00,SOLAR_PANEL_VOLT_B,31.8653
2025-01-01 05:18:10,SOLAR_PANEL_CURR_A,6.6665
2025-01-01 05:18:20,SOLAR_PANEL_CURR_B,5.0781
2025-01-01 05:18:30,SOLAR_POWER_TOTAL,104.8897
2025-01-01 05:18:40,BUS_VOLTAGE,28.1281
2025-01-01 05:18:50,BUS_CURRENT,7.4541
2025-01-01 05:19:00,THRUSTER_TEMP_1,22.5814
2025-01-01 05:19:10,THRUSTER_TEMP_2,22.7013
2025-01-01 05:19:20,PAYLOAD_TEMP_CAM,23.9139
2025-01-01 05:19:30,PAYLOAD_TEMP_SENSOR,23.9433
2025-01-01 05:19:40,OBC_TEMP,47.7855
2025-01-01 05:19:50,TRANS_TEMP,40.99
2025-01-01 05:20:00,STRUCT_TEMP_PANEL_X,33.593
2025-01-01 05:20:10,STRUCT_TEMP_PANEL_Y,28.572
2025-01-01 05:20:20,STRUCT_TEMP_PANEL_Z,35.3804
2025-01-01 05:20:30,RADIATOR_TEMP,-9.9655
2025-01-01 05:20:40,GYRO_X,0.0254
2025-01-01 05:20:50,GYRO_Y,0.0147
2025-01-01 05:21:00,GYRO_Z,0.0403
2025-01-01 05:21:10,MAGNETOMETER_X,1.0351
2025-01-01 05:21:20,MAGNETOMETER_Y,-19.4766
2025-01-01 05:21:30,MAGNETOMETER_Z,29.6975
2025-01-01 05:21:40,REACTION_WHEEL_SPD_X,2002.9888
2025-01-01 05:21:50,REACTION_WHEEL_SPD_Y,1608.8225
2025-01-01 05:22:00,REACTION_WHEEL_SPD_Z,-1413.8829
2025-01-01 05:22:10,ATTITUDE_ROLL,1.6873
2025-01-01 05:22:20,ATTITUDE_PITCH,1.0833
2025-01-01 05:22:30,ATTITUDE_YAW,1.8424
2025-01-01 05:22:40,STAR_TRACKER_VALID,0.2813
2025-01-01 05:22:50,SUN_SENSOR_ANGLE,135.7442
2025-01-01 05:23:00,RF_SIGNAL_STRENGTH,-59.6437
2025-01-01 05:23:10,RF_NOISE_FLOOR,-87.8052
2025-01-01 05:23:20,TX_POWER,2.6393
2025-01-01 05:23:30,LINK_MARGIN,18.2882
2025-01-01 05:23:40,DATA_RATE_KBPS,147.3364
2025-01-01 05:23:50,PACKET_LOSS_RATE,0.8605
2025-01-01 05:24:00,CPU_USAGE,42.2281
2025-01-01 05:24:10,MEMORY_USAGE,62.72
2025-01-01 05:24:20,FLASH_WRITE_RATE,3.8455
2025-01-01 05:24:30,WATCHDOG_COUNTER,59.1282
2025-01-01 05:24:40,TANK_PRESSURE,302.688
2025-01-01 05:24:50,THRUSTER_VALVE_TEMP,14.7813
2025-01-01 05:25:00,BATT_VOLTAGE_1,27.3608
2025-01-01 05:25:10,BATT_VOLTAGE_2,27.4786
2025-01-01 05:25:20,BATT_CURRENT_1,3.0183
2025-01-01 05:25:30,BATT_CURRENT_2,1.6085
2025-01-01 05:25:40,BATT_TEMP_1,29.3958
2025-01-01 05:25:50,BATT_TEMP_2,23.9944
2025-01-01 05:26:00,BATT_SOC,87.511
2025-01-01 05:26:10,SOLAR_PANEL_VOLT_A,30.2032
2025-01-01 05:26:20,SOLAR_PANEL_VOLT_B,29.9513
2025-01-01 05:26:30,SOLAR_PANEL_CURR_A,6.6705
2025-01-01 05:26:40,SOLAR_PANEL_CURR_B,5.7677
2025-01-01 05:26:50,SOLAR_POWER_TOTAL,110.6272
2025-01-01 05:27:00,BUS_VOLTAGE,28.062
2025-01-01 05:27:10,BUS_CURRENT,9.3467
2025-01-01 05:27:20,THRUSTER_TEMP_1,27.0585
2025-01-01 05:27:30,THRUSTER_TEMP_2,23.2142
2025-01-01 05:27:40,PAYLOAD_TEMP_CAM,24.8519
2025-01-01 05:27:50,PAYLOAD_TEMP_SENSOR,22.5501
2025-01-01 05:28:00,OBC_TEMP,51.2266
2025-01-01 05:28:10,TRANS_TEMP,36.8454
2025-01-01 05:28:20,STRUCT_TEMP_PANEL_X,37.0961
2025-01-01 05:28:30,STRUCT_TEMP_PANEL_Y,20.4713
2025-01-01 05:28:40,STRUCT_TEMP_PANEL_Z,34.7197
2025-01-01 05:28:50,RADIATOR_TEMP,-12.7969
2025-01-01 05:29:00,GYRO_X,-0.0175
2025-01-01 05:29:10,GYRO_Y,0.0555
2025-01-01 05:29:20,GYRO_Z,0.0468
2025-01-01 05:29:30,MAGNETOMETER_X,1.3741
2025-01-01 05:29:40,MAGNETOMETER_Y,25.1286
2025-01-01 05:29:50,MAGNETOMETER_Z,24.1637
2025-01-01 05:30:00,REACTION_WHEEL_SPD_X,-582.9514
2025-01-01 05:30:10,REACTION_WHEEL_SPD_Y,-1395.5704
2025-01-01 05:30:20,REACTION_WHEEL_SPD_Z,1249.1461
2025-01-01 05:30:30,ATTITUDE_ROLL,-0.1198
2025-01-01 05:30:40,ATTITUDE_PITCH,0.3861
2025-01-01 05:30:50,ATTITUDE_YAW,-2.9968
2025-01-01 05:31:00,STAR_TRACKER_VALID,0.7767
2025-01-01 05:31:10,SUN_SENSOR_ANGLE,92.13
2025-01-01 05:31:20,RF_SIGNAL_STRENGTH,-68.5793
2025-01-01 05:31:30,RF_NOISE_FLOOR,-101.7407
2025-01-01 05:31:40,TX_POWER,3.0022
2025-01-01 05:31:50,LINK_MARGIN,19.1384
2025-01-01 05:32:00,DATA_RATE_KBPS,161.7981
2025-01-01 05:32:10,PACKET_LOSS_RATE,0.8743
2025-01-01 05:32:20,CPU_USAGE,40.071
2025-01-01 05:32:30,MEMORY_USAGE,64.1003
2025-01-01 05:32:40,FLASH_WRITE_RATE,3.4212
2025-01-01 05:32:50,WATCHDOG_COUNTER,71.371
2025-01-01 05:33:00,TANK_PRESSURE,308.0191
2025-01-01 05:33:10,THRUSTER_VALVE_TEMP,16.0201
2025-01-01 05:33:20,BATT_VOLTAGE_1,27.3383
2025-01-01 05:33:30,BATT_VOLTAGE_2,28.2027
2025-01-01 05:33:40,BATT_CURRENT_1,2.4091
2025-01-01 05:33:50,BATT_CURRENT_2,1.8124
2025-01-01 05:34:00,BATT_TEMP_1,23.665
2025-01-01 05:34:10,BATT_TEMP_2,29.6478
2025-01-01 05:34:20,BATT_SOC,88.7062
2025-01-01 05:34:30,SOLAR_PANEL_VOLT_A,32.4993
2025-01-01 05:34:40,SOLAR_PANEL_VOLT_B,32.4884
2025-01-01 05:34:50,SOLAR_PANEL_CURR_A,5.4319
2025-01-01 05:35:00,SOLAR_PANEL_CURR_B,6.7876
2025-01-01 05:35:10,SOLAR_POWER_TOTAL,116.332
2025-01-01 05:35:20,BUS_VOLTAGE,28.8218
2025-01-01 05:35:30,BUS_CURRENT,9.9487
2025-01-01 05:35:40,THRUSTER_TEMP_1,20.9003
2025-01-01 05:35:50,THRUSTER_TEMP_2,19.6975
2025-01-01 05:36:00,PAYLOAD_TEMP_CAM,24.6428
2025-01-01 05:36:10,PAYLOAD_TEMP_SENSOR,21.659
2025-01-01 05:36:20,OBC_TEMP,42.9409
2025-01-01 05:36:30,TRANS_TEMP,40.9046
2025-01-01 05:36:40,STRUCT_TEMP_PANEL_X,30.6727
2025-01-01 05:36:50,STRUCT_TEMP_PANEL_Y,35.4771
2025-01-01 05:37:00,STRUCT_TEMP_PANEL_Z,26.442
2025-01-01 05:37:10,RADIATOR_TEMP,-16.5897
2025-01-01 05:37:20,GYRO_X,-0.0248
2025-01-01 05:37:30,GYRO_Y,-0.0369
2025-01-01 05:37:40,GYRO_Z,-0.0381
2025-01-01 05:37:50,MAGNETOMETER_X,24.2934
2025-01-01 05:38:00,MAGNETOMETER_Y,8.6031
2025-01-01 05:38:10,MAGNETOMETER_Z,20.7704
2025-01-01 05:38:20,REACTION_WHEEL_SPD_X,-1027.7872
2025-01-01 05:38:30,REACTION_WHEEL_SPD_Y,-936.9754
2025-01-01 05:38:40,REACTION_WHEEL_SPD_Z,-1240.6901
2025-01-01 05:38:50,ATTITUDE_ROLL,-0.3481
2025-01-01 05:39:00,ATTITUDE_PITCH,-1.6126
2025-01-01 05:39:10,ATTITUDE_YAW,1.2076
2025-01-01 05:39:20,STAR_TRACKER_VALID,0.4168
2025-01-01 05:39:30,SUN_SENSOR_ANGLE,124.9309
2025-01-01 05:39:40,RF_SIGNAL_STRENGTH,-71.3352
2025-01-01 05:39:50,RF_NOISE_FLOOR,-96.2299
2025-01-01 05:40:00,TX_POWER,2.6494
2025-01-01 05:40:10,LINK_MARGIN,19.6198
2025-01-01 05:40:20,DATA_RATE_KBPS,116.9898
2025-01-01 05:40:30,PACKET_LOSS_RATE,1.5296
2025-01-01 05:40:40,CPU_USAGE,24.9152
2025-01-01 05:40:50,MEMORY_USAGE,47.597
2025-01-01 05:41:00,FLASH_WRITE_RATE,3.3258
2025-01-01 05:41:10,WATCHDOG_COUNTER,51.9285
2025-01-01 05:41:20,TANK_PRESSURE,309.6679
2025-01-01 05:41:30,THRUSTER_VALVE_TEMP,18.4177
2025-01-01 05:41:40,BATT_VOLTAGE_1,28.3414
2025-01-01 05:41:50,BATT_VOLTAGE_2,27.7701
2025-01-01 05:42:00,BATT_CURRENT_1,3.3058
2025-01-01 05:42:10,BATT_CURRENT_2,2.3637
2025-01-01 05:42:20,BATT_TEMP_1,28.5509
2025-01-01 05:42:30,BATT_TEMP_2,30.4729
2025-01-01 05:42:40,BATT_SOC,85.5017
2025-01-01 05:42:50,SOLAR_PANEL_VOLT_A,30.844
2025-01-01 05:43:00,SOLAR_PANEL_VOLT_B,32.5002
2025-01-01 05:43:10,SOLAR_PANEL_CURR_A,6.0731
2025-01-01 05:43:20,SOLAR_PANEL_CURR_B,6.7386
2025-01-01 05:43:30,SOLAR_POWER_TOTAL,92.7378
2025-01-01 05:43:40,BUS_VOLTAGE,28.7074
2025-01-01 05:43:50,BUS_CURRENT,8.5139
2025-01-01 05:44:00,THRUSTER_TEMP_1,24.1751
2025-01-01 05:44:10,THRUSTER_TEMP_2,24.0526
2025-01-01 05:44:20,PAYLOAD_TEMP_CAM,25.5532
2025-01-01 05:44:30,PAYLOAD_TEMP_SENSOR,22.7064
2025-01-01 05:44:40,OBC_TEMP,47.102
2025-01-01 05:44:50,TRANS_TEMP,43.0018
2025-01-01 05:45:00,STRUCT_TEMP_PANEL_X,7.5419
2025-01-01 05:45:10,STRUCT_TEMP_PANEL_Y,30.2461
2025-01-01 05:45:20,STRUCT_TEMP_PANEL_Z,33.0883
2025-01-01 05:45:30,RADIATOR_TEMP,0.0287
2025-01-01 05:45:40,GYRO_X,-0.0014
2025-01-01 05:45:50,GYRO_Y,-0.0347
2025-01-01 05:46:00,GYRO_Z,0.0183
2025-01-01 05:46:10,MAGNETOMETER_X,26.9908
2025-01-01 05:46:20,MAGNETOMETER_Y,-23.5527
2025-01-01 05:46:30,MAGNETOMETER_Z,32.2329
2025-01-01 05:46:40,REACTION_WHEEL_SPD_X,1526.0833
2025-01-01 05:46:50,REACTION_WHEEL_SPD_Y,-1394.8801
2025-01-01 05:47:00,REACTION_WHEEL_SPD_Z,701.956
2025-01-01 05:47:10,ATTITUDE_ROLL,0.758
2025-01-01 05:47:20,ATTITUDE_PITCH,1.2626
2025-01-01 05:47:30,ATTITUDE_YAW,2.8136
2025-01-01 05:47:40,STAR_TRACKER_VALID,0.743
2025-01-01 05:47:50,SUN_SENSOR_ANGLE,58.0702
2025-01-01 05:48:00,RF_SIGNAL_STRENGTH,-55.081
2025-01-01 05:48:10,RF_NOISE_FLOOR,-94.0145
2025-01-01 05:48:20,TX_POWER,2.1966
2025-01-01 05:48:30,LINK_MARGIN,11.4151
2025-01-01 05:48:40,DATA_RATE_KBPS,137.8948
2025-01-01 05:48:50,PACKET_LOSS_RATE,0.3895
2025-01-01 05:49:00,CPU_USAGE,26.0379
2025-01-01 05:49:10,MEMORY_USAGE,59.0695
2025-01-01 05:49:20,FLASH_WRITE_RATE,3.4323
2025-01-01 05:49:30,WATCHDOG_COUNTER,30.9171
2025-01-01 05:49:40,TANK_PRESSURE,305.2134
2025-01-01 05:49:50,THRUSTER_VALVE_TEMP,20.3492
2025-01-01 05:50:00,BATT_VOLTAGE_1,28.7777
2025-01-01 05:50:10,BATT_VOLTAGE_2,28.4313
2025-01-01 05:50:20,BATT_CURRENT_1,2.9763
2025-01-01 05:50:30,BATT_CURRENT_2,1.8233
2025-01-01 05:50:40,BATT_TEMP_1,25.7604
2025-01-01 05:50:50,BATT_TEMP_2,20.1346
2025-01-01 05:51:00,BATT_SOC,88.2929
2025-01-01 05:51:10,SOLAR_PANEL_VOLT_A,31.8336
2025-01-01 05:51:20,SOLAR_PANEL_VOLT_B,32.3534
2025-01-01 05:51:30,SOLAR_PANEL_CURR_A,5.3362
2025-01-01 05:51:40,SOLAR_PANEL_CURR_B,6.8341
2025-01-01 05:51:50,SOLAR_POWER_TOTAL,105.3645
2025-01-01 05:52:00,BUS_VOLTAGE,28.9838
2025-01-01 05:52:10,BUS_CURRENT,7.2255
2025-01-01 05:52:20,THRUSTER_TEMP_1,27.1164
2025-01-01 05:52:30,THRUSTER_TEMP_2,19.1592
2025-01-01 05:52:40,PAYLOAD_TEMP_CAM,20.5829
2025-01-01 05:52:50,PAYLOAD_TEMP_SENSOR,24.6076
2025-01-01 05:53:00,OBC_TEMP,47.096
2025-01-01 05:53:10,TRANS_TEMP,41.302
2025-01-01 05:53:20,STRUCT_TEMP_PANEL_X,13.4572
2025-01-01 05:53:30,STRUCT_TEMP_PANEL_Y,21.2298
2025-01-01 05:53:40,STRUCT_TEMP_PANEL_Z,12.3051
2025-01-01 05:53:50,RADIATOR_TEMP,1.7638
2025-01-01 05:54:00,GYRO_X,0.0021
2025-01-01 05:54:10,GYRO_Y,0.0147
2025-01-01 05:54:20,GYRO_Z,0.0389
2025-01-01 05:54:30,MAGNETOMETER_X,31.8313
2025-01-01 05:54:40,MAGNETOMETER_Y,31.0669
2025-01-01 05:54:50,MAGNETOMETER_Z,28.694
2025-01-01 05:55:00,REACTION_WHEEL_SPD_X,-525.6899
2025-01-01 05:55:10,REACTION_WHEEL_SPD_Y,860.5112
2025-01-01 05:55:20,REACTION_WHEEL_SPD_Z,-344.8678
2025-01-01 05:55:30,ATTITUDE_ROLL,-1.4459
2025-01-01 05:55:40,ATTITUDE_PITCH,-1.2575
2025-01-01 05:55:50,ATTITUDE_YAW,-1.3394
2025-01-01 05:56:00,STAR_TRACKER_VALID,0.7
2025-01-01 05:56:10,SUN_SENSOR_ANGLE,73.1679
2025-01-01 05:56:20,RF_SIGNAL_STRENGTH,-58.2361
2025-01-01 05:56:30,RF_NOISE_FLOOR,-101.4727
2025-01-01 05:56:40,TX_POWER,3.5173
2025-01-01 05:56:50,LINK_MARGIN,19.0681
2025-01-01 05:57:00,DATA_RATE_KBPS,160.3613
2025-01-01 05:57:10,PACKET_LOSS_RATE,0.943
2025-01-01 05:57:20,CPU_USAGE,41.6461
2025-01-01 05:57:30,MEMORY_USAGE,57.0028
2025-01-01 05:57:40,FLASH_WRITE_RATE,1.6074
2025-01-01 05:57:50,WATCHDOG_COUNTER,44.4947
2025-01-01 05:58:00,TANK_PRESSURE,308.1241
2025-01-01 05:58:10,THRUSTER_VALVE_TEMP,21.9344
2025-01-01 05:58:20,BATT_VOLTAGE_1,27.8339
2025-01-01 05:58:30,BATT_VOLTAGE_2,28.5836
2025-01-01 05:58:40,BATT_CURRENT_1,3.1635
2025-01-01 05:58:50,BATT_CURRENT_2,1.8095
2025-01-01 05:59:00,BATT_TEMP_1,29.0529
2025-01-01 05:59:10,BATT_TEMP_2,28.6226
2025-01-01 05:59:20,BATT_SOC,72.0491
2025-01-01 05:59:30,SOLAR_PANEL_VOLT_A,30.9095
2025-01-01 05:59:40,SOLAR_PANEL_VOLT_B,30.1144
2025-01-01 05:59:50,SOLAR_PANEL_CURR_A,7.1343
2025-01-01 06:00:00,SOLAR_PANEL_CURR_B,6.6417
2025-01-01 06:00:10,SOLAR_POWER_TOTAL,113.402
2025-01-01 06:00:20,BUS_VOLTAGE,28.2466
2025-01-01 06:00:30,BUS_CURRENT,7.5686
2025-01-01 06:00:40,THRUSTER_TEMP_1,22.0002
2025-01-01 06:00:50,THRUSTER_TEMP_2,24.7844
2025-01-01 06:01:00,PAYLOAD_TEMP_CAM,21.6224
2025-01-01 06:01:10,PAYLOAD_TEMP_SENSOR,24.9352
2025-01-01 06:01:20,OBC_TEMP,36.0101
2025-01-01 06:01:30,TRANS_TEMP,38.501
2025-01-01 06:01:40,STRUCT_TEMP_PANEL_X,10.4077
2025-01-01 06:01:50,STRUCT_TEMP_PANEL_Y,10.4826
2025-01-01 06:02:00,STRUCT_TEMP_PANEL_Z,32.4596
2025-01-01 06:02:10,RADIATOR_TEMP,-4.4182
2025-01-01 06:02:20,GYRO_X,-0.0253
2025-01-01 06:02:30,GYRO_Y,-0.0174
2025-01-01 06:02:40,GYRO_Z,-0.0295
2025-01-01 06:02:50,MAGNETOMETER_X,35.2234
2025-01-01 06:03:00,MAGNETOMETER_Y,11.9998
2025-01-01 06:03:10,MAGNETOMETER_Z,-7.1401
2025-01-01 06:03:20,REACTION_WHEEL_SPD_X,635.7033
2025-01-01 06:03:30,REACTION_WHEEL_SPD_Y,-708.6784
2025-01-01 06:03:40,REACTION_WHEEL_SPD_Z,-72.7302
2025-01-01 06:03:50,ATTITUDE_ROLL,-1.0477
2025-01-01 06:04:00,ATTITUDE_PITCH,0.1636
2025-01-01 06:04:10,ATTITUDE_YAW,-3.2068
2025-01-01 06:04:20,STAR_TRACKER_VALID,0.489
2025-01-01 06:04:30,SUN_SENSOR_ANGLE,112.1269
2025-01-01 06:04:40,RF_SIGNAL_STRENGTH,-53.9791
2025-01-01 06:04:50,RF_NOISE_FLOOR,-102.157
2025-01-01 06:05:00,TX_POWER,3.1114
2025-01-01 06:05:10,LINK_MARGIN,13.821
2025-01-01 06:05:20,DATA_RATE_KBPS,94.7837
2025-01-01 06:05:30,PACKET_LOSS_RATE,0.9341
2025-01-01 06:05:40,CPU_USAGE,49.5128
2025-01-01 06:05:50,MEMORY_USAGE,50.2301
2025-01-01 06:06:00,FLASH_WRITE_RATE,3.3596
2025-01-01 06:06:10,WATCHDOG_COUNTER,65.6226
2025-01-01 06:06:20,TANK_PRESSURE,291.8976
2025-01-01 06:06:30,THRUSTER_VALVE_TEMP,14.4696
2025-01-01 06:06:40,BATT_VOLTAGE_1,28.5508
2025-01-01 06:06:50,BATT_VOLTAGE_2,27.636
2025-01-01 06:07:00,BATT_CURRENT_1,2.417
2025-01-01 06:07:10,BATT_CURRENT_2,3.2282
2025-01-01 06:07:20,BATT_TEMP_1,30.4964
2025-01-01 06:07:30,BATT_TEMP_2,19.4634
2025-01-01 06:07:40,BATT_SOC,77.6099
2025-01-01 06:07:50,SOLAR_PANEL_VOLT_A,30.2546
2025-01-01 06:08:00,SOLAR_PANEL_VOLT_B,29.2146
2025-01-01 06:08:10,SOLAR_PANEL_CURR_A,6.7885
2025-01-01 06:08:20,SOLAR_PANEL_CURR_B,4.7968
2025-01-01 06:08:30,SOLAR_POWER_TOTAL,104.584
2025-01-01 06:08:40,BUS_VOLTAGE,28.3973
2025-01-01 06:08:50,BUS_CURRENT,9.5239
2025-01-01 06:09:00,THRUSTER_TEMP_1,21.8436
2025-01-01 06:09:10,THRUSTER_TEMP_2,22.1663
2025-01-01 06:09:20,PAYLOAD_TEMP_CAM,25.7243
2025-01-01 06:09:30,PAYLOAD_TEMP_SENSOR,23.2442
2025-01-01 06:09:40,OBC_TEMP,41.7405
2025-01-01 06:09:50,TRANS_TEMP,38.5789
2025-01-01 06:10:00,STRUCT_TEMP_PANEL_X,32.2884
2025-01-01 06:10:10,STRUCT_TEMP_PANEL_Y,36.1536
2025-01-01 06:10:20,STRUCT_TEMP_PANEL_Z,23.6689
2025-01-01 06:10:30,RADIATOR_TEMP,0.7699
2025-01-01 06:10:40,GYRO_X,0.0032
2025-01-01 06:10:50,GYRO_Y,-0.0378
2025-01-01 06:11:00,GYRO_Z,0.0141
2025-01-01 06:11:10,MAGNETOMETER_X,25.8303
2025-01-01 06:11:20,MAGNETOMETER_Y,10.2919
2025-01-01 06:11:30,MAGNETOMETER_Z,28.6217
2025-01-01 06:11:40,REACTION_WHEEL_SPD_X,-19.8839
2025-01-01 06:11:50,REACTION_WHEEL_SPD_Y,1901.7294
2025-01-01 06:12:00,REACTION_WHEEL_SPD_Z,-877.7472
2025-01-01 06:12:10,ATTITUDE_ROLL,1.3488
2025-01-01 06:12:20,ATTITUDE_PITCH,0.1433
2025-01-01 06:12:30,ATTITUDE_YAW,2.4145
2025-01-01 06:12:40,STAR_TRACKER_VALID,0.2765
2025-01-01 06:12:50,SUN_SENSOR_ANGLE,92.3253
2025-01-01 06:13:00,RF_SIGNAL_STRENGTH,-71.0963
2025-01-01 06:13:10,RF_NOISE_FLOOR,-88.4746
2025-01-01 06:13:20,TX_POWER,4.1872
2025-01-01 06:13:30,LINK_MARGIN,18.7748
2025-01-01 06:13:40,DATA_RATE_KBPS,139.5143
2025-01-01 06:13:50,PACKET_LOSS_RATE,0.9147
2025-01-01 06:14:00,CPU_USAGE,31.756
2025-01-01 06:14:10,MEMORY_USAGE,61.5588
2025-01-01 06:14:20,FLASH_WRITE_RATE,3.2265
2025-01-01 06:14:30,WATCHDOG_COUNTER,24.5657
2025-01-01 06:14:40,TANK_PRESSURE,290.7656
2025-01-01 06:14:50,THRUSTER_VALVE_TEMP,16.4002
2025-01-01 06:15:00,BATT_VOLTAGE_1,28.467
2025-01-01 06:15:10,BATT_VOLTAGE_2,28.4163
2025-01-01 06:15:20,BATT_CURRENT_1,1.9281
2025-01-01 06:15:30,BATT_CURRENT_2,1.6683
2025-01-01 06:15:40,BATT_TEMP_1,30.6977
2025-01-01 06:15:50,BATT_TEMP_2,24.0177
2025-01-01 06:16:00,BATT_SOC,78.8426
2025-01-01 06:16:10,SOLAR_PANEL_VOLT_A,29.4818
2025-01-01 06:16:20,SOLAR_PANEL_VOLT_B,30.7233
2025-01-01 06:16:30,SOLAR_PANEL_CURR_A,6.7505
2025-01-01 06:16:40,SOLAR_PANEL_CURR_B,4.5676
2025-01-01 06:16:50,SOLAR_POWER_TOTAL,114.1715
2025-01-01 06:17:00,BUS_VOLTAGE,28.3034
2025-01-01 06:17:10,BUS_CURRENT,10.3955
2025-01-01 06:17:20,THRUSTER_TEMP_1,21.7934
2025-01-01 06:17:30,THRUSTER_TEMP_2,20.1113
2025-01-01 06:17:40,PAYLOAD_TEMP_CAM,22.3135
2025-01-01 06:17:50,PAYLOAD_TEMP_SENSOR,25.7357
2025-01-01 06:18:00,OBC_TEMP,47.4948
2025-01-01 06:18:10,TRANS_TEMP,42.9801
2025-01-01 06:18:20,STRUCT_TEMP_PANEL_X,33.2196
2025-01-01 06:18:30,STRUCT_TEMP_PANEL_Y,36.5528
2025-01-01 06:18:40,STRUCT_TEMP_PANEL_Z,16.4577
2025-01-01 06:18:50,RADIATOR_TEMP,-8.0027
2025-01-01 06:19:00,GYRO_X,0.0361
2025-01-01 06:19:10,GYRO_Y,-0.0282
2025-01-01 06:19:20,GYRO_Z,0.0123
2025-01-01 06:19:30,MAGNETOMETER_X,30.2231
2025-01-01 06:19:40,MAGNETOMETER_Y,9.5243
2025-01-01 06:19:50,MAGNETOMETER_Z,30.0466
2025-01-01 06:20:00,REACTION_WHEEL_SPD_X,-22.908
2025-01-01 06:20:10,REACTION_WHEEL_SPD_Y,-990.4214
2025-01-01 06:20:20,REACTION_WHEEL_SPD_Z,1480.4036
2025-01-01 06:20:30,ATTITUDE_ROLL,0.9039
2025-01-01 06:20:40,ATTITUDE_PITCH,-1.6378
2025-01-01 06:20:50,ATTITUDE_YAW,-1.6768
2025-01-01 06:21:00,STAR_TRACKER_VALID,0.3651
2025-01-01 06:21:10,SUN_SENSOR_ANGLE,140.7409
2025-01-01 06:21:20,RF_SIGNAL_STRENGTH,-61.8844
2025-01-01 06:21:30,RF_NOISE_FLOOR,-103.6777
2025-01-01 06:21:40,TX_POWER,2.8826
2025-01-01 06:21:50,LINK_MARGIN,16.2588
2025-01-01 06:22:00,DATA_RATE_KBPS,88.7893
2025-01-01 06:22:10,PACKET_LOSS_RATE,0.6001
2025-01-01 06:22:20,CPU_USAGE,38.4169
2025-01-01 06:22:30,MEMORY_USAGE,49.6585
2025-01-01 06:22:40,FLASH_WRITE_RATE,3.5102
2025-01-01 06:22:50,WATCHDOG_COUNTER,53.8867
2025-01-01 06:23:00,TANK_PRESSURE,307.3537
2025-01-01 06:23:10,THRUSTER_VALVE_TEMP,20.2356
2025-01-01 06:23:20,BATT_VOLTAGE_1,28.1004
2025-01-01 06:23:30,BATT_VOLTAGE_2,28.3971
2025-01-01 06:23:40,BATT_CURRENT_1,2.1519
2025-01-01 06:23:50,BATT_CURRENT_2,2.9317
2025-01-01 06:24:00,BATT_TEMP_1,22.4694
2025-01-01 06:24:10,BATT_TEMP_2,27.6341
2025-01-01 06:24:20,BATT_SOC,70.2823
2025-01-01 06:24:30,SOLAR_PANEL_VOLT_A,28.9697
2025-01-01 06:24:40,SOLAR_PANEL_VOLT_B,30.5219
2025-01-01 06:24:50,SOLAR_PANEL_CURR_A,4.5056
2025-01-01 06:25:00,SOLAR_PANEL_CURR_B,5.3436
2025-01-01 06:25:10,SOLAR_POWER_TOTAL,91.7806
2025-01-01 06:25:20,BUS_VOLTAGE,28.1985
2025-01-01 06:25:30,BUS_CURRENT,8.4226
2025-01-01 06:25:40,THRUSTER_TEMP_1,23.731
2025-01-01 06:25:50,THRUSTER_TEMP_2,19.7321
2025-01-01 06:26:00,PAYLOAD_TEMP_CAM,22.0913
2025-01-01 06:26:10,PAYLOAD_TEMP_SENSOR,23.5688
2025-01-01 06:26:20,OBC_TEMP,36.2564
2025-01-01 06:26:30,TRANS_TEMP,42.882
2025-01-01 06:26:40,STRUCT_TEMP_PANEL_X,29.8374
2025-01-01 06:26:50,STRUCT_TEMP_PANEL_Y,35.9813
2025-01-01 06:27:00,STRUCT_TEMP_PANEL_Z,34.8588
2025-01-01 06:27:10,RADIATOR_TEMP,-4.5974
2025-01-01 06:27:20,GYRO_X,-0.0481
2025-01-01 06:27:30,GYRO_Y,-0.0364
2025-01-01 06:27:40,GYRO_Z,0.003
2025-01-01 06:27:50,MAGNETOMETER_X,31.4581
2025-01-01 06:28:00,MAGNETOMETER_Y,29.5268
2025-01-01 06:28:10,MAGNETOMETER_Z,-12.0184
2025-01-01 06:28:20,REACTION_WHEEL_SPD_X,450.3852
2025-01-01 06:28:30,REACTION_WHEEL_SPD_Y,216.5498
2025-01-01 06:28:40,REACTION_WHEEL_SPD_Z,479.7736
2025-01-01 06:28:50,ATTITUDE_ROLL,-1.4196
2025-01-01 06:29:00,ATTITUDE_PITCH,1.0342
2025-01-01 06:29:10,ATTITUDE_YAW,-2.3652
2025-01-01 06:29:20,STAR_TRACKER_VALID,0.449
2025-01-01 06:29:30,SUN_SENSOR_ANGLE,43.5285
2025-01-01 06:29:40,RF_SIGNAL_STRENGTH,-58.2306
2025-01-01 06:29:50,RF_NOISE_FLOOR,-88.9183
2025-01-01 06:30:00,TX_POWER,3.2616
2025-01-01 06:30:10,LINK_MARGIN,19.7525
2025-01-01 06:30:20,DATA_RATE_KBPS,125.4632
2025-01-01 06:30:30,PACKET_LOSS_RATE,1.3185
2025-01-01 06:30:40,CPU_USAGE,46.9893
2025-01-01 06:30:50,MEMORY_USAGE,51.8692
2025-01-01 06:31:00,FLASH_WRITE_RATE,1.2754
2025-01-01 06:31:10,WATCHDOG_COUNTER,69.0052
2025-01-01 06:31:20,TANK_PRESSURE,304.2479
2025-01-01 06:31:30,THRUSTER_VALVE_TEMP,14.3144
2025-01-01 06:31:40,BATT_VOLTAGE_1,28.7563
2025-01-01 06:31:50,BATT_VOLTAGE_2,28.5588
2025-01-01 06:32:00,BATT_CURRENT_1,3.4804
2025-01-01 06:32:10,BATT_CURRENT_2,3.1048
2025-01-01 06:32:20,BATT_TEMP_1,24.8912
2025-01-01 06:32:30,BATT_TEMP_2,21.5825
2025-01-01 06:32:40,BATT_SOC,79.4944
2025-01-01 06:32:50,SOLAR_PANEL_VOLT_A,32.2071
2025-01-01 06:33:00,SOLAR_PANEL_VOLT_B,31.4509
2025-01-01 06:33:10,SOLAR_PANEL_CURR_A,4.2242
2025-01-01 06:33:20,SOLAR_PANEL_CURR_B,5.7427
2025-01-01 06:33:30,SOLAR_POWER_TOTAL,114.6192
2025-01-01 06:33:40,BUS_VOLTAGE,28.0516
2025-01-01 06:33:50,BUS_CURRENT,8.4238
2025-01-01 06:34:00,THRUSTER_TEMP_1,23.5416
2025-01-01 06:34:10,THRUSTER_TEMP_2,19.1713
2025-01-01 06:34:20,PAYLOAD_TEMP_CAM,23.0752
2025-01-01 06:34:30,PAYLOAD_TEMP_SENSOR,22.638
2025-01-01 06:34:40,OBC_TEMP,38.2037
2025-01-01 06:34:50,TRANS_TEMP,38.5931
2025-01-01 06:35:00,STRUCT_TEMP_PANEL_X,25.1085
2025-01-01 06:35:10,STRUCT_TEMP_PANEL_Y,6.5686
2025-01-01 06:35:20,STRUCT_TEMP_PANEL_Z,3.5348
2025-01-01 06:35:30,RADIATOR_TEMP,-21.1735
2025-01-01 06:35:40,GYRO_X,-0.0514
2025-01-01 06:35:50,GYRO_Y,-0.004
2025-01-01 06:36:00,GYRO_Z,-0.0136
2025-01-01 06:36:10,MAGNETOMETER_X,25.5714
2025-01-01 06:36:20,MAGNETOMETER_Y,22.3557
2025-01-01 06:36:30,MAGNETOMETER_Z,12.4191
2025-01-01 06:36:40,REACTION_WHEEL_SPD_X,-86.4439
2025-01-01 06:36:50,REACTION_WHEEL_SPD_Y,794.673
2025-01-01 06:37:00,REACTION_WHEEL_SPD_Z,-1799.5036
2025-01-01 06:37:10,ATTITUDE_ROLL,-0.759
2025-01-01 06:37:20,ATTITUDE_PITCH,-1.3013
2025-01-01 06:37:30,ATTITUDE_YAW,-1.8687
2025-01-01 06:37:40,STAR_TRACKER_VALID,0.4449
2025-01-01 06:37:50,SUN_SENSOR_ANGLE,130.2266
2025-01-01 06:38:00,RF_SIGNAL_STRENGTH,-68.6149
2025-01-01 06:38:10,RF_NOISE_FLOOR,-100.5052
2025-01-01 06:38:20,TX_POWER,3.9774
2025-01-01 06:38:30,LINK_MARGIN,20.0477
2025-01-01 06:38:40,DATA_RATE_KBPS,156.7962
2025-01-01 06:38:50,PACKET_LOSS_RATE,0.7576
2025-01-01 06:39:00,CPU_USAGE,33.3096
2025-01-01 06:39:10,MEMORY_USAGE,59.9938
2025-01-01 06:39:20,FLASH_WRITE_RATE,3.8577
2025-01-01 06:39:30,WATCHDOG_COUNTER,67.4958
2025-01-01 06:39:40,TANK_PRESSURE,305.1136
2025-01-01 06:39:50,THRUSTER_VALVE_TEMP,13.7889
2025-01-01 06:40:00,BATT_VOLTAGE_1,27.2854
2025-01-01 06:40:10,BATT_VOLTAGE_2,27.9255
2025-01-01 06:40:20,BATT_CURRENT_1,1.9685
2025-01-01 06:40:30,BATT_CURRENT_2,2.8734
2025-01-01 06:40:40,BATT_TEMP_1,22.1643
2025-01-01 06:40:50,BATT_TEMP_2,22.1518
2025-01-01 06:41:00,BATT_SOC,87.2421
2025-01-01 06:41:10,SOLAR_PANEL_VOLT_A,29.9973
2025-01-01 06:41:20,SOLAR_PANEL_VOLT_B,30.1714
2025-01-01 06:41:30,SOLAR_PANEL_CURR_A,6.1918
2025-01-01 06:41:40,SOLAR_PANEL_CURR_B,5.9655
2025-01-01 06:41:50,SOLAR_POWER_TOTAL,94.7504
2025-01-01 06:42:00,BUS_VOLTAGE,28.9841
2025-01-01 06:42:10,BUS_CURRENT,7.2888
2025-01-01 06:42:20,THRUSTER_TEMP_1,26.1506
2025-01-01 06:42:30,THRUSTER_TEMP_2,26.0212
2025-01-01 06:42:40,PAYLOAD_TEMP_CAM,23.676
2025-01-01 06:42:50,PAYLOAD_TEMP_SENSOR,19.9766
2025-01-01 06:43:00,OBC_TEMP,41.7902
2025-01-01 06:43:10,TRANS_TEMP,45.9906
2025-01-01 06:43:20,STRUCT_TEMP_PANEL_X,26.9333
2025-01-01 06:43:30,STRUCT_TEMP_PANEL_Y,32.808
2025-01-01 06:43:40,STRUCT_TEMP_PANEL_Z,17.7713
2025-01-01 06:43:50,RADIATOR_TEMP,-9.744
2025-01-01 06:44:00,GYRO_X,0.0334
2025-01-01 06:44:10,GYRO_Y,-0.0272
2025-01-01 06:44:20,GYRO_Z,-0.0345
2025-01-01 06:44:30,MAGNETOMETER_X,-10.4891
2025-01-01 06:44:40,MAGNETOMETER_Y,-16.4029
2025-01-01 06:44:50,MAGNETOMETER_Z,9.95
2025-01-01 06:45:00,REACTION_WHEEL_SPD_X,-46.0797
2025-01-01 06:45:10,REACTION_WHEEL_SPD_Y,1388.5099
2025-01-01 06:45:20,REACTION_WHEEL_SPD_Z,461.6623
2025-01-01 06:45:30,ATTITUDE_ROLL,0.9606
2025-01-01 06:45:40,ATTITUDE_PITCH,-0.9176
2025-01-01 06:45:50,ATTITUDE_YAW,2.5732
2025-01-01 06:46:00,STAR_TRACKER_VALID,0.7317
2025-01-01 06:46:10,SUN_SENSOR_ANGLE,103.9762
2025-01-01 06:46:20,RF_SIGNAL_STRENGTH,-54.0137
2025-01-01 06:46:30,RF_NOISE_FLOOR,-100.8478
2025-01-01 06:46:40,TX_POWER,2.5843
2025-01-01 06:46:50,LINK_MARGIN,16.4452
2025-01-01 06:47:00,DATA_RATE_KBPS,95.1012
2025-01-01 06:47:10,PACKET_LOSS_RATE,0.737
2025-01-01 06:47:20,CPU_USAGE,45.0669
2025-01-01 06:47:30,MEMORY_USAGE,49.798
2025-01-01 06:47:40,FLASH_WRITE_RATE,3.1999
2025-01-01 06:47:50,WATCHDOG_COUNTER,74.3174
2025-01-01 06:48:00,TANK_PRESSURE,295.6973
2025-01-01 06:48:10,THRUSTER_VALVE_TEMP,14.0804
2025-01-01 06:48:20,BATT_VOLTAGE_1,27.414
2025-01-01 06:48:30,BATT_VOLTAGE_2,28.8571
2025-01-01 06:48:40,BATT_CURRENT_1,2.1144
2025-01-01 06:48:50,BATT_CURRENT_2,2.8258
2025-01-01 06:49:00,BATT_TEMP_1,20.5038
2025-01-01 06:49:10,BATT_TEMP_2,31.4263
2025-01-01 06:49:20,BATT_SOC,83.7875
2025-01-01 06:49:30,SOLAR_PANEL_VOLT_A,30.3801
2025-01-01 06:49:40,SOLAR_PANEL_VOLT_B,31.6899
2025-01-01 06:49:50,SOLAR_PANEL_CURR_A,4.2665
2025-01-01 06:50:00,SOLAR_PANEL_CURR_B,5.6221
2025-01-01 06:50:10,SOLAR_POWER_TOTAL,97.8082
2025-01-01 06:50:20,BUS_VOLTAGE,28.1872
2025-01-01 06:50:30,BUS_CURRENT,9.7493
2025-01-01 06:50:40,THRUSTER_TEMP_1,25.8019
2025-01-01 06:50:50,THRUSTER_TEMP_2,21.5113
2025-01-01 06:51:00,PAYLOAD_TEMP_CAM,20.6779
2025-01-01 06:51:10,PAYLOAD_TEMP_SENSOR,23.757
2025-01-01 06:51:20,OBC_TEMP,49.5928
2025-01-01 06:51:30,TRANS_TEMP,42.6061
2025-01-01 06:51:40,STRUCT_TEMP_PANEL_X,24.6905
2025-01-01 06:51:50,STRUCT_TEMP_PANEL_Y,28.7043
2025-01-01 06:52:00,STRUCT_TEMP_PANEL_Z,33.8091
2025-01-01 06:52:10,RADIATOR_TEMP,-3.2136
2025-01-01 06:52:20,GYRO_X,-0.0039
2025-01-01 06:52:30,GYRO_Y,-0.0117
2025-01-01 06:52:40,GYRO_Z,0.0305
2025-01-01 06:52:50,MAGNETOMETER_X,27.2638
2025-01-01 06:53:00,MAGNETOMETER_Y,-7.311
2025-01-01 06:53:10,MAGNETOMETER_Z,-27.9375
2025-01-01 06:53:20,REACTION_WHEEL_SPD_X,1055.5343
2025-01-01 06:53:30,REACTION_WHEEL_SPD_Y,580.4305
2025-01-01 06:53:40,REACTION_WHEEL_SPD_Z,1675.3806
2025-01-01 06:53:50,ATTITUDE_ROLL,-0.0253
2025-01-01 06:54:00,ATTITUDE_PITCH,-1.2754
2025-01-01 06:54:10,ATTITUDE_YAW,1.3906
2025-01-01 06:54:20,STAR_TRACKER_VALID,0.7468
2025-01-01 06:54:30,SUN_SENSOR_ANGLE,43.7325
2025-01-01 06:54:40,RF_SIGNAL_STRENGTH,-76.7567
2025-01-01 06:54:50,RF_NOISE_FLOOR,-87.3337
2025-01-01 06:55:00,TX_POWER,2.4702
2025-01-01 06:55:10,LINK_MARGIN,12.1454
2025-01-01 06:55:20,DATA_RATE_KBPS,106.6248
2025-01-01 06:55:30,PACKET_LOSS_RATE,1.3489
2025-01-01 06:55:40,CPU_USAGE,30.1035
2025-01-01 06:55:50,MEMORY_USAGE,63.546
2025-01-01 06:56:00,FLASH_WRITE_RATE,2.2971
2025-01-01 06:56:10,WATCHDOG_COUNTER,68.0324
2025-01-01 06:56:20,TANK_PRESSURE,308.779
2025-01-01 06:56:30,THRUSTER_VALVE_TEMP,20.4451
2025-01-01 06:56:40,BATT_VOLTAGE_1,28.6748
2025-01-01 06:56:50,BATT_VOLTAGE_2,27.4731
2025-01-01 06:57:00,BATT_CURRENT_1,3.023
2025-01-01 06:57:10,BATT_CURRENT_2,3.2413
2025-01-01 06:57:20,BATT_TEMP_1,23.4385
2025-01-01 06:57:30,BATT_TEMP_2,28.2358
2025-01-01 06:57:40,BATT_SOC,81.9567
2025-01-01 06:57:50,SOLAR_PANEL_VOLT_A,31.895
2025-01-01 06:58:00,SOLAR_PANEL_VOLT_B,32.1037
2025-01-01 06:58:10,SOLAR_PANEL_CURR_A,5.9812
2025-01-01 06:58:20,SOLAR_PANEL_CURR_B,4.3914
2025-01-01 06:58:30,SOLAR_POWER_TOTAL,116.2288
2025-01-01 06:58:40,BUS_VOLTAGE,28.2566
2025-01-01 06:58:50,BUS_CURRENT,6.91
2025-01-01 06:59:00,THRUSTER_TEMP_1,19.9377
2025-01-01 06:59:10,THRUSTER_TEMP_2,24.2851
2025-01-01 06:59:20,PAYLOAD_TEMP_CAM,25.9301
2025-01-01 06:59:30,PAYLOAD_TEMP_SENSOR,25.1041
2025-01-01 06:59:40,OBC_TEMP,47.0614
2025-01-01 06:59:50,TRANS_TEMP,43.9771
2025-01-01 07:00:00,STRUCT_TEMP_PANEL_X,36.1227
2025-01-01 07:00:10,STRUCT_TEMP_PANEL_Y,15.0241
2025-01-01 07:00:20,STRUCT_TEMP_PANEL_Z,14.3834
2025-01-01 07:00:30,RADIATOR_TEMP,-1.0561
2025-01-01 07:00:40,GYRO_X,0.0458
2025-01-01 07:00:50,GYRO_Y,-0.01
2025-01-01 07:01:00,GYRO_Z,-0.0279
2025-01-01 07:01:10,MAGNETOMETER_X,-24.2089
2025-01-01 07:01:20,MAGNETOMETER_Y,-35.2248
2025-01-01 07:01:30,MAGNETOMETER_Z,-20.6969
2025-01-01 07:01:40,REACTION_WHEEL_SPD_X,1436.9243
2025-01-01 07:01:50,REACTION_WHEEL_SPD_Y,533.2631
2025-01-01 07:02:00,REACTION_WHEEL_SPD_Z,-1039.3626
2025-01-01 07:02:10,ATTITUDE_ROLL,0.3518
2025-01-01 07:02:20,ATTITUDE_PITCH,-1.0901
2025-01-01 07:02:30,ATTITUDE_YAW,-1.7825
2025-01-01 07:02:40,STAR_TRACKER_VALID,0.666
2025-01-01 07:02:50,SUN_SENSOR_ANGLE,44.7159
2025-01-01 07:03:00,RF_SIGNAL_STRENGTH,-70.8143
2025-01-01 07:03:10,RF_NOISE_FLOOR,-98.8624
2025-01-01 07:03:20,TX_POWER,4.2255
2025-01-01 07:03:30,LINK_MARGIN,18.2831
2025-01-01 07:03:40,DATA_RATE_KBPS,96.8337
2025-01-01 07:03:50,PACKET_LOSS_RATE,1.0364
2025-01-01 07:04:00,CPU_USAGE,30.4683
2025-01-01 07:04:10,MEMORY_USAGE,43.6223
2025-01-01 07:04:20,FLASH_WRITE_RATE,1.1132
2025-01-01 07:04:30,WATCHDOG_COUNTER,33.7479
2025-01-01 07:04:40,TANK_PRESSURE,290.0402
2025-01-01 07:04:50,THRUSTER_VALVE_TEMP,14.9478
2025-01-01 07:05:00,BATT_VOLTAGE_1,28.612
2025-01-01 07:05:10,BATT_VOLTAGE_2,28.6035
2025-01-01 07:05:20,BATT_CURRENT_1,2.9204
2025-01-01 07:05:30,BATT_CURRENT_2,3.3539
2025-01-01 07:05:40,BATT_TEMP_1,27.25
2025-01-01 07:05:50,BATT_TEMP_2,26.2176
2025-01-01 07:06:00,BATT_SOC,87.9392
2025-01-01 07:06:10,SOLAR_PANEL_VOLT_A,32.4246
2025-01-01 07:06:20,SOLAR_PANEL_VOLT_B,32.547
2025-01-01 07:06:30,SOLAR_PANEL_CURR_A,5.4938
2025-01-01 07:06:40,SOLAR_PANEL_CURR_B,4.7328
2025-01-01 07:06:50,SOLAR_POWER_TOTAL,95.4057
2025-01-01 07:07:00,BUS_VOLTAGE,29.0259
2025-01-01 07:07:10,BUS_CURRENT,9.8044
2025-01-01 07:07:20,THRUSTER_TEMP_1,24.028
2025-01-01 07:07:30,THRUSTER_TEMP_2,22.6528
2025-01-01 07:07:40,PAYLOAD_TEMP_CAM,21.401
2025-01-01 07:07:50,PAYLOAD_TEMP_SENSOR,22.0359
2025-01-01 07:08:00,OBC_TEMP,38.2846
2025-01-01 07:08:10,TRANS_TEMP,33.2942
2025-01-01 07:08:20,STRUCT_TEMP_PANEL_X,21.4487
2025-01-01 07:08:30,STRUCT_TEMP_PANEL_Y,7.778
2025-01-01 07:08:40,STRUCT_TEMP_PANEL_Z,24.4475
2025-01-01 07:08:50,RADIATOR_TEMP,-19.9316
2025-01-01 07:09:00,GYRO_X,-0.0382
2025-01-01 07:09:10,GYRO_Y,-0.024
2025-01-01 07:09:20,GYRO_Z,0.0276
2025-01-01 07:09:30,MAGNETOMETER_X,7.7714
2025-01-01 07:09:40,MAGNETOMETER_Y,37.8641
2025-01-01 07:09:50,MAGNETOMETER_Z,1.0848
2025-01-01 07:10:00,REACTION_WHEEL_SPD_X,-893.5021
2025-01-01 07:10:10,REACTION_WHEEL_SPD_Y,-621.6753
2025-01-01 07:10:20,REACTION_WHEEL_SPD_Z,1287.5394
2025-01-01 07:10:30,ATTITUDE_ROLL,-1.6448
2025-01-01 07:10:40,ATTITUDE_PITCH,0.4601
2025-01-01 07:10:50,ATTITUDE_YAW,-1.539
2025-01-01 07:11:00,STAR_TRACKER_VALID,0.4693
2025-01-01 07:11:10,SUN_SENSOR_ANGLE,69.8778
2025-01-01 07:11:20,RF_SIGNAL_STRENGTH,-61.2236
2025-01-01 07:11:30,RF_NOISE_FLOOR,-94.873
2025-01-01 07:11:40,TX_POWER,3.0194
2025-01-01 07:11:50,LINK_MARGIN,13.0762
2025-01-01 07:12:00,DATA_RATE_KBPS,122.7652
2025-01-01 07:12:10,PACKET_LOSS_RATE,1.2272
2025-01-01 07:12:20,CPU_USAGE,23.5048
2025-01-01 07:12:30,MEMORY_USAGE,50.4279
2025-01-01 07:12:40,FLASH_WRITE_RATE,1.7149
2025-01-01 07:12:50,WATCHDOG_COUNTER,58.5797
2025-01-01 07:13:00,TANK_PRESSURE,307.8555
2025-01-01 07:13:10,THRUSTER_VALVE_TEMP,15.7459
2025-01-01 07:13:20,BATT_VOLTAGE_1,28.5071
2025-01-01 07:13:30,BATT_VOLTAGE_2,27.1214
2025-01-01 07:13:40,BATT_CURRENT_1,2.0696
2025-01-01 07:13:50,BATT_CURRENT_2,2.895
2025-01-01 07:14:00,BATT_TEMP_1,19.0128
2025-01-01 07:14:10,BATT_TEMP_2,24.1196
2025-01-01 07:14:20,BATT_SOC,87.1562
2025-01-01 07:14:30,SOLAR_PANEL_VOLT_A,30.1523
2025-01-01 07:14:40,SOLAR_PANEL_VOLT_B,30.0387
2025-01-01 07:14:50,SOLAR_PANEL_CURR_A,4.6078
2025-01-01 07:15:00,SOLAR_PANEL_CURR_B,6.4532
2025-01-01 07:15:10,SOLAR_POWER_TOTAL,90.9291
2025-01-01 07:15:20,BUS_VOLTAGE,28.7086
2025-01-01 07:15:30,BUS_CURRENT,10.112
2025-01-01 07:15:40,THRUSTER_TEMP_1,24.6602
2025-01-01 07:15:50,THRUSTER_TEMP_2,24.1269
2025-01-01 07:16:00,PAYLOAD_TEMP_CAM,24.9688
2025-01-01 07:16:10,PAYLOAD_TEMP_SENSOR,24.9896
2025-01-01 07:16:20,OBC_TEMP,38.4713
2025-01-01 07:16:30,TRANS_TEMP,43.0111
2025-01-01 07:16:40,STRUCT_TEMP_PANEL_X,6.3251
2025-01-01 07:16:50,STRUCT_TEMP_PANEL_Y,13.6239
2025-01-01 07:17:00,STRUCT_TEMP_PANEL_Z,30.5856
2025-01-01 07:17:10,RADIATOR_TEMP,-19.6956
2025-01-01 07:17:20,GYRO_X,0.0085
2025-01-01 07:17:30,GYRO_Y,-0.0284
2025-01-01 07:17:40,GYRO_Z,0.002
2025-01-01 07:17:50,MAGNETOMETER_X,25.3605
2025-01-01 07:18:00,MAGNETOMETER_Y,-28.0802
2025-01-01 07:18:10,MAGNETOMETER_Z,-26.2364
2025-01-01 07:18:20,REACTION_WHEEL_SPD_X,1487.9424
2025-01-01 07:18:30,REACTION_WHEEL_SPD_Y,-755.0727
2025-01-01 07:18:40,REACTION_WHEEL_SPD_Z,-760.8101
2025-01-01 07:18:50,ATTITUDE_ROLL,-1.5531
2025-01-01 07:19:00,ATTITUDE_PITCH,-1.3417
2025-01-01 07:19:10,ATTITUDE_YAW,0.6412
2025-01-01 07:19:20,STAR_TRACKER_VALID,0.7393
2025-01-01 07:19:30,SUN_SENSOR_ANGLE,68.6006
2025-01-01 07:19:40,RF_SIGNAL_STRENGTH,-64.7541
2025-01-01 07:19:50,RF_NOISE_FLOOR,-90.0892
2025-01-01 07:20:00,TX_POWER,1.8751
2025-01-01 07:20:10,LINK_MARGIN,10.2884
2025-01-01 07:20:20,DATA_RATE_KBPS,120.6705
2025-01-01 07:20:30,PACKET_LOSS_RATE,1.2644
2025-01-01 07:20:40,CPU_USAGE,17.9919
2025-01-01 07:20:50,MEMORY_USAGE,44.0078
2025-01-01 07:21:00,FLASH_WRITE_RATE,3.992
2025-01-01 07:21:10,WATCHDOG_COUNTER,81.3878
2025-01-01 07:21:20,TANK_PRESSURE,302.5748
2025-01-01 07:21:30,THRUSTER_VALVE_TEMP,20.5714
2025-01-01 07:21:40,BATT_VOLTAGE_1,27.4998
2025-01-01 07:21:50,BATT_VOLTAGE_2,28.1649
2025-01-01 07:22:00,BATT_CURRENT_1,1.947
2025-01-01 07:22:10,BATT_CURRENT_2,2.8507
2025-01-01 07:22:20,BATT_TEMP_1,21.7355
2025-01-01 07:22:30,BATT_TEMP_2,30.2143
2025-01-01 07:22:40,BATT_SOC,82.0874
2025-01-01 07:22:50,SOLAR_PANEL_VOLT_A,29.6122
2025-01-01 07:23:00,SOLAR_PANEL_VOLT_B,32.689
2025-01-01 07:23:10,SOLAR_PANEL_CURR_A,4.2616
2025-01-01 07:23:20,SOLAR_PANEL_CURR_B,5.3319
2025-01-01 07:23:30,SOLAR_POWER_TOTAL,109.136
2025-01-01 07:23:40,BUS_VOLTAGE,27.7728
2025-01-01 07:23:50,BUS_CURRENT,8.1451
2025-01-01 07:24:00,THRUSTER_TEMP_1,18.8117
2025-01-01 07:24:10,THRUSTER_TEMP_2,24.7293
2025-01-01 07:24:20,PAYLOAD_TEMP_CAM,22.2007
2025-01-01 07:24:30,PAYLOAD_TEMP_SENSOR,21.0263
2025-01-01 07:24:40,OBC_TEMP,41.3727
2025-01-01 07:24:50,TRANS_TEMP,41.2846
2025-01-01 07:25:00,STRUCT_TEMP_PANEL_X,2.8979
2025-01-01 07:25:10,STRUCT_TEMP_PANEL_Y,18.9922
2025-01-01 07:25:20,STRUCT_TEMP_PANEL_Z,27.0403
2025-01-01 07:25:30,RADIATOR_TEMP,-12.6657
2025-01-01 07:25:40,GYRO_X,-0.0155
2025-01-01 07:25:50,GYRO_Y,-0.0531
2025-01-01 07:26:00,GYRO_Z,0.0053
2025-01-01 07:26:10,MAGNETOMETER_X,-3.2485
2025-01-01 07:26:20,MAGNETOMETER_Y,-20.8185
2025-01-01 07:26:30,MAGNETOMETER_Z,25.0557
2025-01-01 07:26:40,REACTION_WHEEL_SPD_X,49.5749
2025-01-01 07:26:50,REACTION_WHEEL_SPD_Y,-185.9715
2025-01-01 07:27:00,REACTION_WHEEL_SPD_Z,1003.7643
2025-01-01 07:27:10,ATTITUDE_ROLL,-1.3422
2025-01-01 07:27:20,ATTITUDE_PITCH,0.2856
2025-01-01 07:27:30,ATTITUDE_YAW,-1.9969
2025-01-01 07:27:40,STAR_TRACKER_VALID,0.7165
2025-01-01 07:27:50,SUN_SENSOR_ANGLE,122.3091
2025-01-01 07:28:00,RF_SIGNAL_STRENGTH,-56.4854
2025-01-01 07:28:10,RF_NOISE_FLOOR,-97.1636
2025-01-01 07:28:20,TX_POWER,3.729
2025-01-01 07:28:30,LINK_MARGIN,11.0441
2025-01-01 07:28:40,DATA_RATE_KBPS,144.442
2025-01-01 07:28:50,PACKET_LOSS_RATE,1.4555
2025-01-01 07:29:00,CPU_USAGE,47.4887
2025-01-01 07:29:10,MEMORY_USAGE,60.6302
2025-01-01 07:29:20,FLASH_WRITE_RATE,3.3659
2025-01-01 07:29:30,WATCHDOG_COUNTER,24.1778
2025-01-01 07:29:40,TANK_PRESSURE,297.218
2025-01-01 07:29:50,THRUSTER_VALVE_TEMP,13.2344
2025-01-01 07:30:00,BATT_VOLTAGE_1,27.5845
2025-01-01 07:30:10,BATT_VOLTAGE_2,28.396
2025-01-01 07:30:20,BATT_CURRENT_1,3.2051
2025-01-01 07:30:30,BATT_CURRENT_2,3.1416
2025-01-01 07:30:40,BATT_TEMP_1,26.0408
2025-01-01 07:30:50,BATT_TEMP_2,19.8153
2025-01-01 07:31:00,BATT_SOC,75.272
2025-01-01 07:31:10,SOLAR_PANEL_VOLT_A,32.4338
2025-01-01 07:31:20,SOLAR_PANEL_VOLT_B,31.9659
2025-01-01 07:31:30,SOLAR_PANEL_CURR_A,4.424
2025-01-01 07:31:40,SOLAR_PANEL_CURR_B,6.3093
2025-01-01 07:31:50,SOLAR_POWER_TOTAL,106.6592
2025-01-01 07:32:00,BUS_VOLTAGE,28.5917
2025-01-01 07:32:10,BUS_CURRENT,6.6714
2025-01-01 07:32:20,THRUSTER_TEMP_1,25.7505
2025-01-01 07:32:30,THRUSTER_TEMP_2,19.1063
2025-01-01 07:32:40,PAYLOAD_TEMP_CAM,23.6068
2025-01-01 07:32:50,PAYLOAD_TEMP_SENSOR,25.4099
2025-01-01 07:33:00,OBC_TEMP,47.9073
2025-01-01 07:33:10,TRANS_TEMP,40.1813
2025-01-01 07:33:20,STRUCT_TEMP_PANEL_X,34.539
2025-01-01 07:33:30,STRUCT_TEMP_PANEL_Y,28.6411
2025-01-01 07:33:40,STRUCT_TEMP_PANEL_Z,33.7325
2025-01-01 07:33:50,RADIATOR_TEMP,-16.8315
2025-01-01 07:34:00,GYRO_X,-0.0332
2025-01-01 07:34:10,GYRO_Y,0.0348
2025-01-01 07:34:20,GYRO_Z,0.0219
2025-01-01 07:34:30,MAGNETOMETER_X,30.3646
2025-01-01 07:34:40,MAGNETOMETER_Y,-17.5404
2025-01-01 07:34:50,MAGNETOMETER_Z,-18.1664
2025-01-01 07:35:00,REACTION_WHEEL_SPD_X,1121.2126
2025-01-01 07:35:10,REACTION_WHEEL_SPD_Y,1025.3551
2025-01-01 07:35:20,REACTION_WHEEL_SPD_Z,-262.6191
2025-01-01 07:35:30,ATTITUDE_ROLL,0.2435
2025-01-01 07:35:40,ATTITUDE_PITCH,-1.3693
2025-01-01 07:35:50,ATTITUDE_YAW,0.8218
2025-01-01 07:36:00,STAR_TRACKER_VALID,0.577
2025-01-01 07:36:10,SUN_SENSOR_ANGLE,54.5173
2025-01-01 07:36:20,RF_SIGNAL_STRENGTH,-58.9661
2025-01-01 07:36:30,RF_NOISE_FLOOR,-99.2684
2025-01-01 07:36:40,TX_POWER,4.0749
2025-01-01 07:36:50,LINK_MARGIN,8.5515
2025-01-01 07:37:00,DATA_RATE_KBPS,110.6033
2025-01-01 07:37:10,PACKET_LOSS_RATE,0.4382
2025-01-01 07:37:20,CPU_USAGE,29.6575
2025-01-01 07:37:30,MEMORY_USAGE,42.0887
2025-01-01 07:37:40,FLASH_WRITE_RATE,1.2755
2025-01-01 07:37:50,WATCHDOG_COUNTER,26.6544
2025-01-01 07:38:00,TANK_PRESSURE,289.9701
2025-01-01 07:38:10,THRUSTER_VALVE_TEMP,14.3924
2025-01-01 07:38:20,BATT_VOLTAGE_1,27.4282
2025-01-01 07:38:30,BATT_VOLTAGE_2,28.4687
2025-01-01 07:38:40,BATT_CURRENT_1,2.7526
2025-01-01 07:38:50,BATT_CURRENT_2,2.2375
2025-01-01 07:39:00,BATT_TEMP_1,23.2253
2025-01-01 07:39:10,BATT_TEMP_2,28.7251
2025-01-01 07:39:20,BATT_SOC,88.2862
2025-01-01 07:39:30,SOLAR_PANEL_VOLT_A,29.5502
2025-01-01 07:39:40,SOLAR_PANEL_VOLT_B,29.6756
2025-01-01 07:39:50,SOLAR_PANEL_CURR_A,6.6154
2025-01-01 07:40:00,SOLAR_PANEL_CURR_B,5.7712
2025-01-01 07:40:10,SOLAR_POWER_TOTAL,95.09
2025-01-01 07:40:20,BUS_VOLTAGE,29.1425
2025-01-01 07:40:30,BUS_CURRENT,7.7836
2025-01-01 07:40:40,THRUSTER_TEMP_1,25.237
2025-01-01 07:40:50,THRUSTER_TEMP_2,24.9267
2025-01-01 07:41:00,PAYLOAD_TEMP_CAM,21.2869
2025-01-01 07:41:10,PAYLOAD_TEMP_SENSOR,21.2865
2025-01-01 07:41:20,OBC_TEMP,47.8213
2025-01-01 07:41:30,TRANS_TEMP,37.9746
2025-01-01 07:41:40,STRUCT_TEMP_PANEL_X,2.3091
2025-01-01 07:41:50,STRUCT_TEMP_PANEL_Y,22.2781
2025-01-01 07:42:00,STRUCT_TEMP_PANEL_Z,6.9246
2025-01-01 07:42:10,RADIATOR_TEMP,-20.4251
2025-01-01 07:42:20,GYRO_X,0.0132
2025-01-01 07:42:30,GYRO_Y,0.0137
2025-01-01 07:42:40,GYRO_Z,-0.0396
2025-01-01 07:42:50,MAGNETOMETER_X,-39.561
2025-01-01 07:43:00,MAGNETOMETER_Y,-4.1371
2025-01-01 07:43:10,MAGNETOMETER_Z,2.6044
2025-01-01 07:43:20,REACTION_WHEEL_SPD_X,-504.4803
2025-01-01 07:43:30,REACTION_WHEEL_SPD_Y,-101.3028
2025-01-01 07:43:40,REACTION_WHEEL_SPD_Z,-1204.1253
2025-01-01 07:43:50,ATTITUDE_ROLL,-1.7297
2025-01-01 07:44:00,ATTITUDE_PITCH,-0.7109
2025-01-01 07:44:10,ATTITUDE_YAW,2.797
2025-01-01 07:44:20,STAR_TRACKER_VALID,0.4898
2025-01-01 07:44:30,SUN_SENSOR_ANGLE,106.1369
2025-01-01 07:44:40,RF_SIGNAL_STRENGTH,-57.3433
2025-01-01 07:44:50,RF_NOISE_FLOOR,-90.8329
2025-01-01 07:45:00,TX_POWER,4.0053
2025-01-01 07:45:10,LINK_MARGIN,15.3827
2025-01-01 07:45:20,DATA_RATE_KBPS,142.655
2025-01-01 07:45:30,PACKET_LOSS_RATE,1.3969
2025-01-01 07:45:40,CPU_USAGE,32.272
2025-01-01 07:45:50,MEMORY_USAGE,44.2723
2025-01-01 07:46:00,FLASH_WRITE_RATE,1.6711
2025-01-01 07:46:10,WATCHDOG_COUNTER,77.7769
2025-01-01 07:46:20,TANK_PRESSURE,305.0932
2025-01-01 07:46:30,THRUSTER_VALVE_TEMP,14.8616
2025-01-01 07:46:40,BATT_VOLTAGE_1,28.6666
2025-01-01 07:46:50,BATT_VOLTAGE_2,27.706
2025-01-01 07:47:00,BATT_CURRENT_1,1.7564
2025-01-01 07:47:10,BATT_CURRENT_2,2.515
2025-01-01 07:47:20,BATT_TEMP_1,19.6215
2025-01-01 07:47:30,BATT_TEMP_2,24.7321
2025-01-01 07:47:40,BATT_SOC,81.8866
2025-01-01 07:47:50,SOLAR_PANEL_VOLT_A,29.9441
2025-01-01 07:48:00,SOLAR_PANEL_VOLT_B,31.3838
2025-01-01 07:48:10,SOLAR_PANEL_CURR_A,4.0688
2025-01-01 07:48:20,SOLAR_PANEL_CURR_B,4.7869
2025-01-01 07:48:30,SOLAR_POWER_TOTAL,92.163
2025-01-01 07:48:40,BUS_VOLTAGE,28.8472
2025-01-01 07:48:50,BUS_CURRENT,8.2502
2025-01-01 07:49:00,THRUSTER_TEMP_1,25.9447
2025-01-01 07:49:10,THRUSTER_TEMP_2,19.4095
2025-01-01 07:49:20,PAYLOAD_TEMP_CAM,21.7269
2025-01-01 07:49:30,PAYLOAD_TEMP_SENSOR,22.4041
2025-01-01 07:49:40,OBC_TEMP,49.5612
2025-01-01 07:49:50,TRANS_TEMP,32.4613
2025-01-01 07:50:00,STRUCT_TEMP_PANEL_X,5.1852
2025-01-01 07:50:10,STRUCT_TEMP_PANEL_Y,20.5917
2025-01-01 07:50:20,STRUCT_TEMP_PANEL_Z,20.7943
2025-01-01 07:50:30,RADIATOR_TEMP,-18.5313
2025-01-01 07:50:40,GYRO_X,0.0245
2025-01-01 07:50:50,GYRO_Y,0.0195
2025-01-01 07:51:00,GYRO_Z,-0.0036
2025-01-01 07:51:10,MAGNETOMETER_X,1.7542
2025-01-01 07:51:20,MAGNETOMETER_Y,11.0774
2025-01-01 07:51:30,MAGNETOMETER_Z,-35.9472
2025-01-01 07:51:40,REACTION_WHEEL_SPD_X,-1212.5855
2025-01-01 07:51:50,REACTION_WHEEL_SPD_Y,-147.3224
2025-01-01 07:52:00,REACTION_WHEEL_SPD_Z,1281.5417
2025-01-01 07:52:10,ATTITUDE_ROLL,0.755
2025-01-01 07:52:20,ATTITUDE_PITCH,-1.6839
2025-01-01 07:52:30,ATTITUDE_YAW,-0.8334
2025-01-01 07:52:40,STAR_TRACKER_VALID,0.3649
2025-01-01 07:52:50,SUN_SENSOR_ANGLE,72.8022
2025-01-01 07:53:00,RF_SIGNAL_STRENGTH,-71.4637
2025-01-01 07:53:10,RF_NOISE_FLOOR,-87.5244
2025-01-01 07:53:20,TX_POWER,2.2221
2025-01-01 07:53:30,LINK_MARGIN,13.0056
2025-01-01 07:53:40,DATA_RATE_KBPS,83.3433
2025-01-01 07:53:50,PACKET_LOSS_RATE,0.8134
2025-01-01 07:54:00,CPU_USAGE,24.2514
2025-01-01 07:54:10,MEMORY_USAGE,59.6962
2025-01-01 07:54:20,FLASH_WRITE_RATE,1.715
2025-01-01 07:54:30,WATCHDOG_COUNTER,56.0581
2025-01-01 07:54:40,TANK_PRESSURE,305.4602
2025-01-01 07:54:50,THRUSTER_VALVE_TEMP,19.4067
2025-01-01 07:55:00,BATT_VOLTAGE_1,27.3083
2025-01-01 07:55:10,BATT_VOLTAGE_2,28.5972
2025-01-01 07:55:20,BATT_CURRENT_1,1.8348
2025-01-01 07:55:30,BATT_CURRENT_2,1.9337
2025-01-01 07:55:40,BATT_TEMP_1,21.8593
2025-01-01 07:55:50,BATT_TEMP_2,29.7969
2025-01-01 07:56:00,BATT_SOC,77.3232
2025-01-01 07:56:10,SOLAR_PANEL_VOLT_A,30.5084
2025-01-01 07:56:20,SOLAR_PANEL_VOLT_B,30.2955
2025-01-01 07:56:30,SOLAR_PANEL_CURR_A,5.6721
2025-01-01 07:56:40,SOLAR_PANEL_CURR_B,5.664
2025-01-01 07:56:50,SOLAR_POWER_TOTAL,113.0224
2025-01-01 07:57:00,BUS_VOLTAGE,28.5003
2025-01-01 07:57:10,BUS_CURRENT,9.9046
2025-01-01 07:57:20,THRUSTER_TEMP_1,24.3653
2025-01-01 07:57:30,THRUSTER_TEMP_2,26.191
2025-01-01 07:57:40,PAYLOAD_TEMP_CAM,22.8625
2025-01-01 07:57:50,PAYLOAD_TEMP_SENSOR,20.7684
2025-01-01 07:58:00,OBC_TEMP,36.0716
2025-01-01 07:58:10,TRANS_TEMP,32.0111
2025-01-01 07:58:20,STRUCT_TEMP_PANEL_X,5.5745
2025-01-01 07:58:30,STRUCT_TEMP_PANEL_Y,31.9821
2025-01-01 07:58:40,STRUCT_TEMP_PANEL_Z,4.4072
2025-01-01 07:58:50,RADIATOR_TEMP,-4.6749
2025-01-01 07:59:00,GYRO_X,-0.0393
2025-01-01 07:59:10,GYRO_Y,-0.0319
2025-01-01 07:59:20,GYRO_Z,-0.0108
2025-01-01 07:59:30,MAGNETOMETER_X,-35.4529
2025-01-01 07:59:40,MAGNETOMETER_Y,-9.2092
2025-01-01 07:59:50,MAGNETOMETER_Z,-25.9052
2025-01-01 08:00:00,REACTION_WHEEL_SPD_X,-1495.5419
2025-01-01 08:00:10,REACTION_WHEEL_SPD_Y,888.0179
2025-01-01 08:00:20,REACTION_WHEEL_SPD_Z,-899.812
2025-01-01 08:00:30,ATTITUDE_ROLL,-0.0857
2025-01-01 08:00:40,ATTITUDE_PITCH,1.0267
2025-01-01 08:00:50,ATTITUDE_YAW,2.6705
2025-01-01 08:01:00,STAR_TRACKER_VALID,0.2463
2025-01-01 08:01:10,SUN_SENSOR_ANGLE,141.3901
2025-01-01 08:01:20,RF_SIGNAL_STRENGTH,-75.2349
2025-01-01 08:01:30,RF_NOISE_FLOOR,-99.1684
2025-01-01 08:01:40,TX_POWER,3.9632
2025-01-01 08:01:50,LINK_MARGIN,12.0959
2025-01-01 08:02:00,DATA_RATE_KBPS,138.4539
2025-01-01 08:02:10,PACKET_LOSS_RATE,1.3229
2025-01-01 08:02:20,CPU_USAGE,46.9244
2025-01-01 08:02:30,MEMORY_USAGE,58.0251
2025-01-01 08:02:40,FLASH_WRITE_RATE,2.8951
2025-01-01 08:02:50,WATCHDOG_COUNTER,25.7723
2025-01-01 08:03:00,TANK_PRESSURE,291.9779
2025-01-01 08:03:10,THRUSTER_VALVE_TEMP,17.2435
2025-01-01 08:03:20,BATT_VOLTAGE_1,27.8537
2025-01-01 08:03:30,BATT_VOLTAGE_2,28.4447
2025-01-01 08:03:40,BATT_CURRENT_1,2.6359
2025-01-01 08:03:50,BATT_CURRENT_2,2.9088
2025-01-01 08:04:00,BATT_TEMP_1,29.2718
2025-01-01 08:04:10,BATT_TEMP_2,22.4312
2025-01-01 08:04:20,BATT_SOC,73.74
2025-01-01 08:04:30,SOLAR_PANEL_VOLT_A,29.8862
2025-01-01 08:04:40,SOLAR_PANEL_VOLT_B,30.6885
2025-01-01 08:04:50,SOLAR_PANEL_CURR_A,5.9351
2025-01-01 08:05:00,SOLAR_PANEL_CURR_B,4.1096
2025-01-01 08:05:10,SOLAR_POWER_TOTAL,118.2649
2025-01-01 08:05:20,BUS_VOLTAGE,28.851
2025-01-01 08:05:30,BUS_CURRENT,8.9326
2025-01-01 08:05:40,THRUSTER_TEMP_1,21.1715
2025-01-01 08:05:50,THRUSTER_TEMP_2,22.8262
2025-01-01 08:06:00,PAYLOAD_TEMP_CAM,22.9962
2025-01-01 08:06:10,PAYLOAD_TEMP_SENSOR,24.8071
2025-01-01 08:06:20,OBC_TEMP,37.1415
2025-01-01 08:06:30,TRANS_TEMP,34.4777
2025-01-01 08:06:40,STRUCT_TEMP_PANEL_X,21.1442
2025-01-01 08:06:50,STRUCT_TEMP_PANEL_Y,12.8823
2025-01-01 08:07:00,STRUCT_TEMP_PANEL_Z,11.9258
2025-01-01 08:07:10,RADIATOR_TEMP,-15.5745
2025-01-01 08:07:20,GYRO_X,0.0445
2025-01-01 08:07:30,GYRO_Y,-0.0391
2025-01-01 08:07:40,GYRO_Z,-0.0118
2025-01-01 08:07:50,MAGNETOMETER_X,2.8264
2025-01-01 08:08:00,MAGNETOMETER_Y,-28.4758
2025-01-01 08:08:10,MAGNETOMETER_Z,-26.3764
2025-01-01 08:08:20,REACTION_WHEEL_SPD_X,1183.2985
2025-01-01 08:08:30,REACTION_WHEEL_SPD_Y,1206.9342
2025-01-01 08:08:40,REACTION_WHEEL_SPD_Z,414.1625
2025-01-01 08:08:50,ATTITUDE_ROLL,0.3105
2025-01-01 08:09:00,ATTITUDE_PITCH,1.2973
2025-01-01 08:09:10,ATTITUDE_YAW,-0.9166
2025-01-01 08:09:20,STAR_TRACKER_VALID,0.57
2025-01-01 08:09:30,SUN_SENSOR_ANGLE,52.3641
2025-01-01 08:09:40,RF_SIGNAL_STRENGTH,-63.5544
2025-01-01 08:09:50,RF_NOISE_FLOOR,-88.638
2025-01-01 08:10:00,TX_POWER,3.1102
2025-01-01 08:10:10,LINK_MARGIN,20.0318
2025-01-01 08:10:20,DATA_RATE_KBPS,156.0522
2025-01-01 08:10:30,PACKET_LOSS_RATE,1.3158
2025-01-01 08:10:40,CPU_USAGE,33.7615
2025-01-01 08:10:50,MEMORY_USAGE,59.1379
2025-01-01 08:11:00,FLASH_WRITE_RATE,1.4859
2025-01-01 08:11:10,WATCHDOG_COUNTER,69.2663
2025-01-01 08:11:20,TANK_PRESSURE,302.1587
2025-01-01 08:11:30,THRUSTER_VALVE_TEMP,19.5239
2025-01-01 08:11:40,BATT_VOLTAGE_1,27.3838
2025-01-01 08:11:50,BATT_VOLTAGE_2,27.1621
2025-01-01 08:12:00,BATT_CURRENT_1,2.2535
2025-01-01 08:12:10,BATT_CURRENT_2,2.7732
2025-01-01 08:12:20,BATT_TEMP_1,20.725
2025-01-01 08:12:30,BATT_TEMP_2,19.2661
2025-01-01 08:12:40,BATT_SOC,80.3201
2025-01-01 08:12:50,SOLAR_PANEL_VOLT_A,29.1121
2025-01-01 08:13:00,SOLAR_PANEL_VOLT_B,29.9867
2025-01-01 08:13:10,SOLAR_PANEL_CURR_A,4.3626
2025-01-01 08:13:20,SOLAR_PANEL_CURR_B,6.6855
2025-01-01 08:13:30,SOLAR_POWER_TOTAL,90.9724
2025-01-01 08:13:40,BUS_VOLTAGE,27.9406
2025-01-01 08:13:50,BUS_CURRENT,8.2857
2025-01-01 08:14:00,THRUSTER_TEMP_1,25.0584
2025-01-01 08:14:10,THRUSTER_TEMP_2,25.2885
2025-01-01 08:14:20,PAYLOAD_TEMP_CAM,21.3399
2025-01-01 08:14:30,PAYLOAD_TEMP_SENSOR,24.5234
2025-01-01 08:14:40,OBC_TEMP,43.6648
2025-01-01 08:14:50,TRANS_TEMP,42.2633
2025-01-01 08:15:00,STRUCT_TEMP_PANEL_X,2.6931
2025-01-01 08:15:10,STRUCT_TEMP_PANEL_Y,11.7997
2025-01-01 08:15:20,STRUCT_TEMP_PANEL_Z,5.5282
2025-01-01 08:15:30,RADIATOR_TEMP,-21.451
2025-01-01 08:15:40,GYRO_X,-0.0193
2025-01-01 08:15:50,GYRO_Y,-0.0229
2025-01-01 08:16:00,GYRO_Z,0.0203
2025-01-01 08:16:10,MAGNETOMETER_X,-15.9659
2025-01-01 08:16:20,MAGNETOMETER_Y,-33.5056
2025-01-01 08:16:30,MAGNETOMETER_Z,16.1542
2025-01-01 08:16:40,REACTION_WHEEL_SPD_X,1245.4418
2025-01-01 08:16:50,REACTION_WHEEL_SPD_Y,-1660.5019
2025-01-01 08:17:00,REACTION_WHEEL_SPD_Z,-1357.9116
2025-01-01 08:17:10,ATTITUDE_ROLL,0.2775
2025-01-01 08:17:20,ATTITUDE_PITCH,1.267
2025-01-01 08:17:30,ATTITUDE_YAW,2.0674
2025-01-01 08:17:40,STAR_TRACKER_VALID,0.5188
2025-01-01 08:17:50,SUN_SENSOR_ANGLE,76.3797
2025-01-01 08:18:00,RF_SIGNAL_STRENGTH,-74.8835
2025-01-01 08:18:10,RF_NOISE_FLOOR,-97.4427
2025-01-01 08:18:20,TX_POWER,2.8694
2025-01-01 08:18:30,LINK_MARGIN,9.288
2025-01-01 08:18:40,DATA_RATE_KBPS,90.2024
2025-01-01 08:18:50,PACKET_LOSS_RATE,0.8026
2025-01-01 08:19:00,CPU_USAGE,21.19
2025-01-01 08:19:10,MEMORY_USAGE,52.5489
2025-01-01 08:19:20,FLASH_WRITE_RATE,2.1147
2025-01-01 08:19:30,WATCHDOG_COUNTER,39.1741
2025-01-01 08:19:40,TANK_PRESSURE,308.4348
2025-01-01 08:19:50,THRUSTER_VALVE_TEMP,16.5527
2025-01-01 08:20:00,BATT_VOLTAGE_1,27.9989
2025-01-01 08:20:10,BATT_VOLTAGE_2,28.0341
2025-01-01 08:20:20,BATT_CURRENT_1,2.7828
2025-01-01 08:20:30,BATT_CURRENT_2,3.0792
2025-01-01 08:20:40,BATT_TEMP_1,29.5956
2025-01-01 08:20:50,BATT_TEMP_2,29.8844
2025-01-01 08:21:00,BATT_SOC,84.6551
2025-01-01 08:21:10,SOLAR_PANEL_VOLT_A,30.8851
2025-01-01 08:21:20,SOLAR_PANEL_VOLT_B,29.4177
2025-01-01 08:21:30,SOLAR_PANEL_CURR_A,6.2929
2025-01-01 08:21:40,SOLAR_PANEL_CURR_B,4.679
2025-01-01 08:21:50,SOLAR_POWER_TOTAL,115.0094
2025-01-01 08:22:00,BUS_VOLTAGE,28.2928
2025-01-01 08:22:10,BUS_CURRENT,7.0888
2025-01-01 08:22:20,THRUSTER_TEMP_1,24.8351
2025-01-01 08:22:30,THRUSTER_TEMP_2,21.1121
2025-01-01 08:22:40,PAYLOAD_TEMP_CAM,21.9534
2025-01-01 08:22:50,PAYLOAD_TEMP_SENSOR,23.34
2025-01-01 08:23:00,OBC_TEMP,35.6263
2025-01-01 08:23:10,TRANS_TEMP,31.4518
2025-01-01 08:23:20,STRUCT_TEMP_PANEL_X,5.4309
2025-01-01 08:23:30,STRUCT_TEMP_PANEL_Y,22.345
2025-01-01 08:23:40,STRUCT_TEMP_PANEL_Z,20.8635
2025-01-01 08:23:50,RADIATOR_TEMP,-21.8135
2025-01-01 08:24:00,GYRO_X,-0.012
2025-01-01 08:24:10,GYRO_Y,0.0022
2025-01-01 08:24:20,GYRO_Z,-0.0482
2025-01-01 08:24:30,MAGNETOMETER_X,16.537
2025-01-01 08:24:40,MAGNETOMETER_Y,-23.4781
2025-01-01 08:24:50,MAGNETOMETER_Z,13.0332
2025-01-01 08:25:00,REACTION_WHEEL_SPD_X,501.9366
2025-01-01 08:25:10,REACTION_WHEEL_SPD_Y,-1502.1406
2025-01-01 08:25:20,REACTION_WHEEL_SPD_Z,595.1857
2025-01-01 08:25:30,ATTITUDE_ROLL,-0.6323
2025-01-01 08:25:40,ATTITUDE_PITCH,-0.3561
2025-01-01 08:25:50,ATTITUDE_YAW,-3.4624
2025-01-01 08:26:00,STAR_TRACKER_VALID,0.2008
2025-01-01 08:26:10,SUN_SENSOR_ANGLE,112.6112
2025-01-01 08:26:20,RF_SIGNAL_STRENGTH,-58.1277
2025-01-01 08:26:30,RF_NOISE_FLOOR,-87.4774
2025-01-01 08:26:40,TX_POWER,3.5515
2025-01-01 08:26:50,LINK_MARGIN,13.8736
2025-01-01 08:27:00,DATA_RATE_KBPS,117.9343
2025-01-01 08:27:10,PACKET_LOSS_RATE,1.2407
2025-01-01 08:27:20,CPU_USAGE,35.8951
2025-01-01 08:27:30,MEMORY_USAGE,53.14
2025-01-01 08:27:40,FLASH_WRITE_RATE,1.6616
2025-01-01 08:27:50,WATCHDOG_COUNTER,76.8721
2025-01-01 08:28:00,TANK_PRESSURE,301.7439
2025-01-01 08:28:10,THRUSTER_VALVE_TEMP,15.4701
2025-01-01 08:28:20,BATT_VOLTAGE_1,28.1438
2025-01-01 08:28:30,BATT_VOLTAGE_2,28.4451
2025-01-01 08:28:40,BATT_CURRENT_1,1.5249
2025-01-01 08:28:50,BATT_CURRENT_2,1.7731
2025-01-01 08:29:00,BATT_TEMP_1,24.0906
2025-01-01 08:29:10,BATT_TEMP_2,19.5455
2025-01-01 08:29:20,BATT_SOC,72.3488
2025-01-01 08:29:30,SOLAR_PANEL_VOLT_A,29.4738
2025-01-01 08:29:40,SOLAR_PANEL_VOLT_B,32.1661
2025-01-01 08:29:50,SOLAR_PANEL_CURR_A,6.5856
2025-01-01 08:30:00,SOLAR_PANEL_CURR_B,3.8374
2025-01-01 08:30:10,SOLAR_POWER_TOTAL,114.0513
2025-01-01 08:30:20,BUS_VOLTAGE,28.061
2025-01-01 08:30:30,BUS_CURRENT,6.5209
2025-01-01 08:30:40,THRUSTER_TEMP_1,19.3876
2025-01-01 08:30:50,THRUSTER_TEMP_2,22.7089
2025-01-01 08:31:00,PAYLOAD_TEMP_CAM,20.0055
2025-01-01 08:31:10,PAYLOAD_TEMP_SENSOR,25.2101
2025-01-01 08:31:20,OBC_TEMP,37.7164
2025-01-01 08:31:30,TRANS_TEMP,34.6495
2025-01-01 08:31:40,STRUCT_TEMP_PANEL_X,26.8138
2025-01-01 08:31:50,STRUCT_TEMP_PANEL_Y,19.0516
2025-01-01 08:32:00,STRUCT_TEMP_PANEL_Z,16.5269
2025-01-01 08:32:10,RADIATOR_TEMP,-20.4881
2025-01-01 08:32:20,GYRO_X,-0.0328
2025-01-01 08:32:30,GYRO_Y,-0.0391
2025-01-01 08:32:40,GYRO_Z,-0.0437
2025-01-01 08:32:50,MAGNETOMETER_X,-16.4553
2025-01-01 08:33:00,MAGNETOMETER_Y,15.8517
2025-01-01 08:33:10,MAGNETOMETER_Z,20.5503
2025-01-01 08:33:20,REACTION_WHEEL_SPD_X,-1053.5403
2025-01-01 08:33:30,REACTION_WHEEL_SPD_Y,-1288.1577
2025-01-01 08:33:40,REACTION_WHEEL_SPD_Z,77.6869
2025-01-01 08:33:50,ATTITUDE_ROLL,0.8953
2025-01-01 08:34:00,ATTITUDE_PITCH,-1.6445
2025-01-01 08:34:10,ATTITUDE_YAW,0.5382
2025-01-01 08:34:20,STAR_TRACKER_VALID,0.3592
2025-01-01 08:34:30,SUN_SENSOR_ANGLE,40.6747
2025-01-01 08:34:40,RF_SIGNAL_STRENGTH,-61.7978
2025-01-01 08:34:50,RF_NOISE_FLOOR,-104.1574
2025-01-01 08:35:00,TX_POWER,3.3925
2025-01-01 08:35:10,LINK_MARGIN,9.9218
2025-01-01 08:35:20,DATA_RATE_KBPS,108.7718
2025-01-01 08:35:30,PACKET_LOSS_RATE,0.9318
2025-01-01 08:35:40,CPU_USAGE,45.9181
2025-01-01 08:35:50,MEMORY_USAGE,60.1208
2025-01-01 08:36:00,FLASH_WRITE_RATE,1.6517
2025-01-01 08:36:10,WATCHDOG_COUNTER,28.4047
2025-01-01 08:36:20,TANK_PRESSURE,297.1458
2025-01-01 08:36:30,THRUSTER_VALVE_TEMP,17.1377
2025-01-01 08:36:40,BATT_VOLTAGE_1,27.7786
2025-01-01 08:36:50,BATT_VOLTAGE_2,28.0425
2025-01-01 08:37:00,BATT_CURRENT_1,2.1171
2025-01-01 08:37:10,BATT_CURRENT_2,3.0889
2025-01-01 08:37:20,BATT_TEMP_1,28.4431
2025-01-01 08:37:30,BATT_TEMP_2,22.7257
2025-01-01 08:37:40,BATT_SOC,67.1854
2025-01-01 08:37:50,SOLAR_PANEL_VOLT_A,31.3408
2025-01-01 08:38:00,SOLAR_PANEL_VOLT_B,29.6378
2025-01-01 08:38:10,SOLAR_PANEL_CURR_A,4.2061
2025-01-01 08:38:20,SOLAR_PANEL_CURR_B,4.6798
2025-01-01 08:38:30,SOLAR_POWER_TOTAL,93.5642
2025-01-01 08:38:40,BUS_VOLTAGE,28.8154
2025-01-01 08:38:50,BUS_CURRENT,7.881
2025-01-01 08:39:00,THRUSTER_TEMP_1,24.625
2025-01-01 08:39:10,THRUSTER_TEMP_2,21.1766
2025-01-01 08:39:20,PAYLOAD_TEMP_CAM,21.2553
2025-01-01 08:39:30,PAYLOAD_TEMP_SENSOR,24.1098
2025-01-01 08:39:40,OBC_TEMP,39.7053
2025-01-01 08:39:50,TRANS_TEMP,33.8636
2025-01-01 08:40:00,STRUCT_TEMP_PANEL_X,20.9818
2025-01-01 08:40:10,STRUCT_TEMP_PANEL_Y,18.6045
2025-01-01 08:40:20,STRUCT_TEMP_PANEL_Z,5.0221
2025-01-01 08:40:30,RADIATOR_TEMP,-0.5891
2025-01-01 08:40:40,GYRO_X,0.0326
2025-01-01 08:40:50,GYRO_Y,0.0313
2025-01-01 08:41:00,GYRO_Z,0.0097
2025-01-01 08:41:10,MAGNETOMETER_X,27.4022
2025-01-01 08:41:20,MAGNETOMETER_Y,5.6536
2025-01-01 08:41:30,MAGNETOMETER_Z,27.9606
2025-01-01 08:41:40,REACTION_WHEEL_SPD_X,1444.1078
2025-01-01 08:41:50,REACTION_WHEEL_SPD_Y,-275.9492
2025-01-01 08:42:00,REACTION_WHEEL_SPD_Z,-1370.0077
2025-01-01 08:42:10,ATTITUDE_ROLL,0.9966
2025-01-01 08:42:20,ATTITUDE_PITCH,-0.6112
2025-01-01 08:42:30,ATTITUDE_YAW,-1.6282
2025-01-01 08:42:40,STAR_TRACKER_VALID,0.2553
2025-01-01 08:42:50,SUN_SENSOR_ANGLE,37.463
2025-01-01 08:43:00,RF_SIGNAL_STRENGTH,-67.4217
2025-01-01 08:43:10,RF_NOISE_FLOOR,-92.855
2025-01-01 08:43:20,TX_POWER,3.1351
2025-01-01 08:43:30,LINK_MARGIN,13.7581
2025-01-01 08:43:40,DATA_RATE_KBPS,94.3813
2025-01-01 08:43:50,PACKET_LOSS_RATE,0.4429
2025-01-01 08:44:00,CPU_USAGE,25.478
2025-01-01 08:44:10,MEMORY_USAGE,62.3227
2025-01-01 08:44:20,FLASH_WRITE_RATE,1.3548
2025-01-01 08:44:30,WATCHDOG_COUNTER,56.2759
2025-01-01 08:44:40,TANK_PRESSURE,291.7219
2025-01-01 08:44:50,THRUSTER_VALVE_TEMP,19.7102
2025-01-01 08:45:00,BATT_VOLTAGE_1,27.9894
2025-01-01 08:45:10,BATT_VOLTAGE_2,28.6259
2025-01-01 08:45:20,BATT_CURRENT_1,1.7433
2025-01-01 08:45:30,BATT_CURRENT_2,1.8232
2025-01-01 08:45:40,BATT_TEMP_1,21.1985
2025-01-01 08:45:50,BATT_TEMP_2,21.5933
2025-01-01 08:46:00,BATT_SOC,73.7734
2025-01-01 08:46:10,SOLAR_PANEL_VOLT_A,29.4139
2025-01-01 08:46:20,SOLAR_PANEL_VOLT_B,29.2758
2025-01-01 08:46:30,SOLAR_PANEL_CURR_A,5.9245
2025-01-01 08:46:40,SOLAR_PANEL_CURR_B,5.0032
2025-01-01 08:46:50,SOLAR_POWER_TOTAL,95.0965
2025-01-01 08:47:00,BUS_VOLTAGE,28.8958
2025-01-01 08:47:10,BUS_CURRENT,6.8272
2025-01-01 08:47:20,THRUSTER_TEMP_1,23.3199
2025-01-01 08:47:30,THRUSTER_TEMP_2,22.0052
2025-01-01 08:47:40,PAYLOAD_TEMP_CAM,20.3013
2025-01-01 08:47:50,PAYLOAD_TEMP_SENSOR,20.8283
2025-01-01 08:48:00,OBC_TEMP,38.462
2025-01-01 08:48:10,TRANS_TEMP,30.8495
2025-01-01 08:48:20,STRUCT_TEMP_PANEL_X,14.4994
2025-01-01 08:48:30,STRUCT_TEMP_PANEL_Y,19.9141
2025-01-01 08:48:40,STRUCT_TEMP_PANEL_Z,2.6042
2025-01-01 08:48:50,RADIATOR_TEMP,-19.3215
2025-01-01 08:49:00,GYRO_X,-0.0401
2025-01-01 08:49:10,GYRO_Y,0.0297
2025-01-01 08:49:20,GYRO_Z,-0.0223
2025-01-01 08:49:30,MAGNETOMETER_X,-7.4925
2025-01-01 08:49:40,MAGNETOMETER_Y,-2.7806
2025-01-01 08:49:50,MAGNETOMETER_Z,23.963
2025-01-01 08:50:00,REACTION_WHEEL_SPD_X,165.6074
2025-01-01 08:50:10,REACTION_WHEEL_SPD_Y,-1046.1622
2025-01-01 08:50:20,REACTION_WHEEL_SPD_Z,-821.3483
2025-01-01 08:50:30,ATTITUDE_ROLL,-1.4488
2025-01-01 08:50:40,ATTITUDE_PITCH,-1.5799
2025-01-01 08:50:50,ATTITUDE_YAW,0.3234
2025-01-01 08:51:00,STAR_TRACKER_VALID,0.2448
2025-01-01 08:51:10,SUN_SENSOR_ANGLE,78.6547
2025-01-01 08:51:20,RF_SIGNAL_STRENGTH,-59.8501
2025-01-01 08:51:30,RF_NOISE_FLOOR,-96.9093
2025-01-01 08:51:40,TX_POWER,2.3501
2025-01-01 08:51:50,LINK_MARGIN,14.5561
2025-01-01 08:52:00,DATA_RATE_KBPS,77.0087
2025-01-01 08:52:10,PACKET_LOSS_RATE,1.4387
2025-01-01 08:52:20,CPU_USAGE,24.4534
2025-01-01 08:52:30,MEMORY_USAGE,41.6394
2025-01-01 08:52:40,FLASH_WRITE_RATE,1.2068
2025-01-01 08:52:50,WATCHDOG_COUNTER,26.7686
2025-01-01 08:53:00,TANK_PRESSURE,300.2412
2025-01-01 08:53:10,THRUSTER_VALVE_TEMP,20.6866
2025-01-01 08:53:20,BATT_VOLTAGE_1,27.1262
2025-01-01 08:53:30,BATT_VOLTAGE_2,28.3361
2025-01-01 08:53:40,BATT_CURRENT_1,1.8408
2025-01-01 08:53:50,BATT_CURRENT_2,2.2218
2025-01-01 08:54:00,BATT_TEMP_1,25.6845
2025-01-01 08:54:10,BATT_TEMP_2,29.6143
2025-01-01 08:54:20,BATT_SOC,77.1698
2025-01-01 08:54:30,SOLAR_PANEL_VOLT_A,32.2783
2025-01-01 08:54:40,SOLAR_PANEL_VOLT_B,29.8838
2025-01-01 08:54:50,SOLAR_PANEL_CURR_A,6.9118
2025-01-01 08:55:00,SOLAR_PANEL_CURR_B,6.04
2025-01-01 08:55:10,SOLAR_POWER_TOTAL,100.501
2025-01-01 08:55:20,BUS_VOLTAGE,28.2317
2025-01-01 08:55:30,BUS_CURRENT,6.7363
2025-01-01 08:55:40,THRUSTER_TEMP_1,18.3345
2025-01-01 08:55:50,THRUSTER_TEMP_2,19.003
2025-01-01 08:56:00,PAYLOAD_TEMP_CAM,23.5507
2025-01-01 08:56:10,PAYLOAD_TEMP_SENSOR,20.9761
2025-01-01 08:56:20,OBC_TEMP,44.9378
2025-01-01 08:56:30,TRANS_TEMP,30.7684
2025-01-01 08:56:40,STRUCT_TEMP_PANEL_X,34.8675
2025-01-01 08:56:50,STRUCT_TEMP_PANEL_Y,31.1562
2025-01-01 08:57:00,STRUCT_TEMP_PANEL_Z,1.3353
2025-01-01 08:57:10,RADIATOR_TEMP,-9.8136
2025-01-01 08:57:20,GYRO_X,0.0268
2025-01-01 08:57:30,GYRO_Y,-0.0256
2025-01-01 08:57:40,GYRO_Z,0.0034
2025-01-01 08:57:50,MAGNETOMETER_X,-13.0548
2025-01-01 08:58:00,MAGNETOMETER_Y,20.7356
2025-01-01 08:58:10,MAGNETOMETER_Z,-30.9881
2025-01-01 08:58:20,REACTION_WHEEL_SPD_X,404.0283
2025-01-01 08:58:30,REACTION_WHEEL_SPD_Y,-1412.1607
2025-01-01 08:58:40,REACTION_WHEEL_SPD_Z,-1966.5643
2025-01-01 08:58:50,ATTITUDE_ROLL,0.615
2025-01-01 08:59:00,ATTITUDE_PITCH,1.4267
2025-01-01 08:59:10,ATTITUDE_YAW,-1.8535
2025-01-01 08:59:20,STAR_TRACKER_VALID,0.3241
2025-01-01 08:59:30,SUN_SENSOR_ANGLE,65.1027
2025-01-01 08:59:40,RF_SIGNAL_STRENGTH,-70.3496
2025-01-01 08:59:50,RF_NOISE_FLOOR,-99.7682
2025-01-01 09:00:00,TX_POWER,2.075
2025-01-01 09:00:10,LINK_MARGIN,19.4865
2025-01-01 09:00:20,DATA_RATE_KBPS,100.9947
2025-01-01 09:00:30,PACKET_LOSS_RATE,0.5337
2025-01-01 09:00:40,CPU_USAGE,24.3447
2025-01-01 09:00:50,MEMORY_USAGE,50.1797
2025-01-01 09:01:00,FLASH_WRITE_RATE,1.7845
2025-01-01 09:01:10,WATCHDOG_COUNTER,52.9929
2025-01-01 09:01:20,TANK_PRESSURE,293.5958
2025-01-01 09:01:30,THRUSTER_VALVE_TEMP,13.9946
2025-01-01 09:01:40,BATT_VOLTAGE_1,27.2678
2025-01-01 09:01:50,BATT_VOLTAGE_2,27.4936
2025-01-01 09:02:00,BATT_CURRENT_1,3.0
2025-01-01 09:02:10,BATT_CURRENT_2,2.2763
2025-01-01 09:02:20,BATT_TEMP_1,21.4684
2025-01-01 09:02:30,BATT_TEMP_2,26.9276
2025-01-01 09:02:40,BATT_SOC,73.8638
2025-01-01 09:02:50,SOLAR_PANEL_VOLT_A,31.2528
2025-01-01 09:03:00,SOLAR_PANEL_VOLT_B,32.5195
2025-01-01 09:03:10,SOLAR_PANEL_CURR_A,6.3735
2025-01-01 09:03:20,SOLAR_PANEL_CURR_B,3.9059
2025-01-01 09:03:30,SOLAR_POWER_TOTAL,115.3666
2025-01-01 09:03:40,BUS_VOLTAGE,28.7997
2025-01-01 09:03:50,BUS_CURRENT,9.2142
2025-01-01 09:04:00,THRUSTER_TEMP_1,25.805
2025-01-01 09:04:10,THRUSTER_TEMP_2,22.8885
2025-01-01 09:04:20,PAYLOAD_TEMP_CAM,23.1329
2025-01-01 09:04:30,PAYLOAD_TEMP_SENSOR,20.2453
2025-01-01 09:04:40,OBC_TEMP,44.2365
2025-01-01 09:04:50,TRANS_TEMP,37.4254
2025-01-01 09:05:00,STRUCT_TEMP_PANEL_X,24.1262
2025-01-01 09:05:10,STRUCT_TEMP_PANEL_Y,14.4167
2025-01-01 09:05:20,STRUCT_TEMP_PANEL_Z,19.7823
2025-01-01 09:05:30,RADIATOR_TEMP,-17.8287
2025-01-01 09:05:40,GYRO_X,-0.0114
2025-01-01 09:05:50,GYRO_Y,-0.0186
2025-01-01 09:06:00,GYRO_Z,0.0347
2025-01-01 09:06:10,MAGNETOMETER_X,-31.4299
2025-01-01 09:06:20,MAGNETOMETER_Y,-1.1486
2025-01-01 09:06:30,MAGNETOMETER_Z,11.3855
2025-01-01 09:06:40,REACTION_WHEEL_SPD_X,1230.8161
2025-01-01 09:06:50,REACTION_WHEEL_SPD_Y,588.0084
2025-01-01 09:07:00,REACTION_WHEEL_SPD_Z,379.933
2025-01-01 09:07:10,ATTITUDE_ROLL,0.9047
2025-01-01 09:07:20,ATTITUDE_PITCH,0.5892
2025-01-01 09:07:30,ATTITUDE_YAW,-1.7872
2025-01-01 09:07:40,STAR_TRACKER_VALID,0.3753
2025-01-01 09:07:50,SUN_SENSOR_ANGLE,110.2369
2025-01-01 09:08:00,RF_SIGNAL_STRENGTH,-73.3672
2025-01-01 09:08:10,RF_NOISE_FLOOR,-101.0329
2025-01-01 09:08:20,TX_POWER,1.7817
2025-01-01 09:08:30,LINK_MARGIN,15.929
2025-01-01 09:08:40,DATA_RATE_KBPS,113.5413
2025-01-01 09:08:50,PACKET_LOSS_RATE,0.9395
2025-01-01 09:09:00,CPU_USAGE,35.9373
2025-01-01 09:09:10,MEMORY_USAGE,42.5141
2025-01-01 09:09:20,FLASH_WRITE_RATE,1.7582
2025-01-01 09:09:30,WATCHDOG_COUNTER,68.1944
2025-01-01 09:09:40,TANK_PRESSURE,286.049
2025-01-01 09:09:50,THRUSTER_VALVE_TEMP,15.9126
2025-01-01 09:10:00,BATT_VOLTAGE_1,27.1188
2025-01-01 09:10:10,BATT_VOLTAGE_2,28.3628
2025-01-01 09:10:20,BATT_CURRENT_1,1.9609
2025-01-01 09:10:30,BATT_CURRENT_2,1.8319
2025-01-01 09:10:40,BATT_TEMP_1,23.8116
2025-01-01 09:10:50,BATT_TEMP_2,20.4002
2025-01-01 09:11:00,BATT_SOC,83.9563
2025-01-01 09:11:10,SOLAR_PANEL_VOLT_A,29.7553
2025-01-01 09:11:20,SOLAR_PANEL_VOLT_B,29.4082
2025-01-01 09:11:30,SOLAR_PANEL_CURR_A,4.5202
2025-01-01 09:11:40,SOLAR_PANEL_CURR_B,4.7825
2025-01-01 09:11:50,SOLAR_POWER_TOTAL,91.0952
2025-01-01 09:12:00,BUS_VOLTAGE,28.4593
2025-01-01 09:12:10,BUS_CURRENT,6.372
2025-01-01 09:12:20,THRUSTER_TEMP_1,18.9022
2025-01-01 09:12:30,THRUSTER_TEMP_2,18.2166
2025-01-01 09:12:40,PAYLOAD_TEMP_CAM,23.7016
2025-01-01 09:12:50,PAYLOAD_TEMP_SENSOR,24.6561
2025-01-01 09:13:00,OBC_TEMP,44.7452
2025-01-01 09:13:10,TRANS_TEMP,31.882
2025-01-01 09:13:20,STRUCT_TEMP_PANEL_X,22.3703
2025-01-01 09:13:30,STRUCT_TEMP_PANEL_Y,15.0389
2025-01-01 09:13:40,STRUCT_TEMP_PANEL_Z,6.8913
2025-01-01 09:13:50,RADIATOR_TEMP,-4.0441
2025-01-01 09:14:00,GYRO_X,0.0216
2025-01-01 09:14:10,GYRO_Y,-0.0365
2025-01-01 09:14:20,GYRO_Z,-0.0466
2025-01-01 09:14:30,MAGNETOMETER_X,-13.7789
2025-01-01 09:14:40,MAGNETOMETER_Y,13.6332
2025-01-01 09:14:50,MAGNETOMETER_Z,-29.6241
2025-01-01 09:15:00,REACTION_WHEEL_SPD_X,920.79
2025-01-01 09:15:10,REACTION_WHEEL_SPD_Y,-1503.532
2025-01-01 09:15:20,REACTION_WHEEL_SPD_Z,-991.7174
2025-01-01 09:15:30,ATTITUDE_ROLL,-0.8361
2025-01-01 09:15:40,ATTITUDE_PITCH,-1.5279
2025-01-01 09:15:50,ATTITUDE_YAW,-1.3923
2025-01-01 09:16:00,STAR_TRACKER_VALID,0.3799
2025-01-01 09:16:10,SUN_SENSOR_ANGLE,56.9065
2025-01-01 09:16:20,RF_SIGNAL_STRENGTH,-58.6457
2025-01-01 09:16:30,RF_NOISE_FLOOR,-100.1878
2025-01-01 09:16:40,TX_POWER,2.0205
2025-01-01 09:16:50,LINK_MARGIN,11.6266
2025-01-01 09:17:00,DATA_RATE_KBPS,147.1981
2025-01-01 09:17:10,PACKET_LOSS_RATE,0.4373
2025-01-01 09:17:20,CPU_USAGE,24.9745
2025-01-01 09:17:30,MEMORY_USAGE,52.4583
2025-01-01 09:17:40,FLASH_WRITE_RATE,3.5938
2025-01-01 09:17:50,WATCHDOG_COUNTER,23.7777
2025-01-01 09:18:00,TANK_PRESSURE,297.564
2025-01-01 09:18:10,THRUSTER_VALVE_TEMP,21.249
2025-01-01 09:18:20,BATT_VOLTAGE_1,28.3749
2025-01-01 09:18:30,BATT_VOLTAGE_2,27.356
2025-01-01 09:18:40,BATT_CURRENT_1,3.0761
2025-01-01 09:18:50,BATT_CURRENT_2,2.6994
2025-01-01 09:19:00,BATT_TEMP_1,21.2251
2025-01-01 09:19:10,BATT_TEMP_2,21.1211
2025-01-01 09:19:20,BATT_SOC,81.8859
2025-01-01 09:19:30,SOLAR_PANEL_VOLT_A,31.8151
2025-01-01 09:19:40,SOLAR_PANEL_VOLT_B,30.7272
2025-01-01 09:19:50,SOLAR_PANEL_CURR_A,4.9232
2025-01-01 09:20:00,SOLAR_PANEL_CURR_B,5.7492
2025-01-01 09:20:10,SOLAR_POWER_TOTAL,96.1213
2025-01-01 09:20:20,BUS_VOLTAGE,28.766
2025-01-01 09:20:30,BUS_CURRENT,7.5609
2025-01-01 09:20:40,THRUSTER_TEMP_1,19.3651
2025-01-01 09:20:50,THRUSTER_TEMP_2,18.7767
2025-01-01 09:21:00,PAYLOAD_TEMP_CAM,21.129
2025-01-01 09:21:10,PAYLOAD_TEMP_SENSOR,21.1851
2025-01-01 09:21:20,OBC_TEMP,36.9033
2025-01-01 09:21:30,TRANS_TEMP,32.1857
2025-01-01 09:21:40,STRUCT_TEMP_PANEL_X,31.1368
2025-01-01 09:21:50,STRUCT_TEMP_PANEL_Y,18.68
2025-01-01 09:22:00,STRUCT_TEMP_PANEL_Z,13.0623
2025-01-01 09:22:10,RADIATOR_TEMP,-19.9174
2025-01-01 09:22:20,GYRO_X,-0.0264
2025-01-01 09:22:30,GYRO_Y,-0.0363
2025-01-01 09:22:40,GYRO_Z,0.0323
2025-01-01 09:22:50,MAGNETOMETER_X,-25.7547
2025-01-01 09:23:00,MAGNETOMETER_Y,-29.626
2025-01-01 09:23:10,MAGNETOMETER_Z,-15.3773
2025-01-01 09:23:20,REACTION_WHEEL_SPD_X,1483.5229
2025-01-01 09:23:30,REACTION_WHEEL_SPD_Y,-654.0579
2025-01-01 09:23:40,REACTION_WHEEL_SPD_Z,47.3609
2025-01-01 09:23:50,ATTITUDE_ROLL,-1.6979
2025-01-01 09:24:00,ATTITUDE_PITCH,-1.199
2025-01-01 09:24:10,ATTITUDE_YAW,-1.9787
2025-01-01 09:24:20,STAR_TRACKER_VALID,0.3251
2025-01-01 09:24:30,SUN_SENSOR_ANGLE,77.7166
2025-01-01 09:24:40,RF_SIGNAL_STRENGTH,-71.024
2025-01-01 09:24:50,RF_NOISE_FLOOR,-97.8936
2025-01-01 09:25:00,TX_POWER,3.7793
2025-01-01 09:25:10,LINK_MARGIN,15.8193
2025-01-01 09:25:20,DATA_RATE_KBPS,124.7611
2025-01-01 09:25:30,PACKET_LOSS_RATE,0.6661
2025-01-01 09:25:40,CPU_USAGE,21.6352
2025-01-01 09:25:50,MEMORY_USAGE,45.3224
2025-01-01 09:26:00,FLASH_WRITE_RATE,2.5568
2025-01-01 09:26:10,WATCHDOG_COUNTER,52.4022
2025-01-01 09:26:20,TANK_PRESSURE,307.6149
2025-01-01 09:26:30,THRUSTER_VALVE_TEMP,13.5266
2025-01-01 09:26:40,BATT_VOLTAGE_1,27.3711
2025-01-01 09:26:50,BATT_VOLTAGE_2,27.6287
2025-01-01 09:27:00,BATT_CURRENT_1,3.0094
2025-01-01 09:27:10,BATT_CURRENT_2,1.9425
2025-01-01 09:27:20,BATT_TEMP_1,21.9553
2025-01-01 09:27:30,BATT_TEMP_2,27.8659
2025-01-01 09:27:40,BATT_SOC,87.564
2025-01-01 09:27:50,SOLAR_PANEL_VOLT_A,30.0008
2025-01-01 09:28:00,SOLAR_PANEL_VOLT_B,30.2537
2025-01-01 09:28:10,SOLAR_PANEL_CURR_A,5.9674
2025-01-01 09:28:20,SOLAR_PANEL_CURR_B,4.4272
2025-01-01 09:28:30,SOLAR_POWER_TOTAL,109.3472
2025-01-01 09:28:40,BUS_VOLTAGE,27.9888
2025-01-01 09:28:50,BUS_CURRENT,6.6204
2025-01-01 09:29:00,THRUSTER_TEMP_1,23.6383
2025-01-01 09:29:10,THRUSTER_TEMP_2,19.8221
2025-01-01 09:29:20,PAYLOAD_TEMP_CAM,23.8894
2025-01-01 09:29:30,PAYLOAD_TEMP_SENSOR,22.3165
2025-01-01 09:29:40,OBC_TEMP,43.0017
2025-01-01 09:29:50,TRANS_TEMP,32.2652
2025-01-01 09:30:00,STRUCT_TEMP_PANEL_X,6.533
2025-01-01 09:30:10,STRUCT_TEMP_PANEL_Y,26.8935
2025-01-01 09:30:20,STRUCT_TEMP_PANEL_Z,18.736
2025-01-01 09:30:30,RADIATOR_TEMP,-16.224
2025-01-01 09:30:40,GYRO_X,-0.0012
2025-01-01 09:30:50,GYRO_Y,-0.0398
2025-01-01 09:31:00,GYRO_Z,-0.0288
2025-01-01 09:31:10,MAGNETOMETER_X,3.0797
2025-01-01 09:31:20,MAGNETOMETER_Y,-1.7297
2025-01-01 09:31:30,MAGNETOMETER_Z,-17.8342
2025-01-01 09:31:40,REACTION_WHEEL_SPD_X,-1158.4523
2025-01-01 09:31:50,REACTION_WHEEL_SPD_Y,-1445.677
2025-01-01 09:32:00,REACTION_WHEEL_SPD_Z,1501.572
2025-01-01 09:32:10,ATTITUDE_ROLL,0.9671
2025-01-01 09:32:20,ATTITUDE_PITCH,-0.2235
2025-01-01 09:32:30,ATTITUDE_YAW,2.4238
2025-01-01 09:32:40,STAR_TRACKER_VALID,0.2492
2025-01-01 09:32:50,SUN_SENSOR_ANGLE,92.4843
2025-01-01 09:33:00,RF_SIGNAL_STRENGTH,-58.5523
2025-01-01 09:33:10,RF_NOISE_FLOOR,-90.9064
2025-01-01 09:33:20,TX_POWER,1.9716
2025-01-01 09:33:30,LINK_MARGIN,19.4724
2025-01-01 09:33:40,DATA_RATE_KBPS,126.399
2025-01-01 09:33:50,PACKET_LOSS_RATE,0.6703
2025-01-01 09:34:00,CPU_USAGE,33.3749
2025-01-01 09:34:10,MEMORY_USAGE,51.6428
2025-01-01 09:34:20,FLASH_WRITE_RATE,2.0371
2025-01-01 09:34:30,WATCHDOG_COUNTER,32.1065
2025-01-01 09:34:40,TANK_PRESSURE,292.0071
2025-01-01 09:34:50,THRUSTER_VALVE_TEMP,18.6926
2025-01-01 09:35:00,BATT_VOLTAGE_1,28.0918
2025-01-01 09:35:10,BATT_VOLTAGE_2,27.219
2025-01-01 09:35:20,BATT_CURRENT_1,3.1119
2025-01-01 09:35:30,BATT_CURRENT_2,1.6879
2025-01-01 09:35:40,BATT_TEMP_1,24.006
2025-01-01 09:35:50,BATT_TEMP_2,23.8493
2025-01-01 09:36:00,BATT_SOC,88.9861
2025-01-01 09:36:10,SOLAR_PANEL_VOLT_A,29.7355
2025-01-01 09:36:20,SOLAR_PANEL_VOLT_B,29.2547
2025-01-01 09:36:30,SOLAR_PANEL_CURR_A,6.4953
2025-01-01 09:36:40,SOLAR_PANEL_CURR_B,5.715
2025-01-01 09:36:50,SOLAR_POWER_TOTAL,106.8118
2025-01-01 09:37:00,BUS_VOLTAGE,28.0778
2025-01-01 09:37:10,BUS_CURRENT,8.4708
2025-01-01 09:37:20,THRUSTER_TEMP_1,23.5321
2025-01-01 09:37:30,THRUSTER_TEMP_2,19.8628
2025-01-01 09:37:40,PAYLOAD_TEMP_CAM,23.3641
2025-01-01 09:37:50,PAYLOAD_TEMP_SENSOR,24.4657
2025-01-01 09:38:00,OBC_TEMP,36.3714
2025-01-01 09:38:10,TRANS_TEMP,34.2329
2025-01-01 09:38:20,STRUCT_TEMP_PANEL_X,10.4744
2025-01-01 09:38:30,STRUCT_TEMP_PANEL_Y,28.0588
2025-01-01 09:38:40,STRUCT_TEMP_PANEL_Z,35.8416
2025-01-01 09:38:50,RADIATOR_TEMP,-22.645
2025-01-01 09:39:00,GYRO_X,0.0203
2025-01-01 09:39:10,GYRO_Y,-0.0075
2025-01-01 09:39:20,GYRO_Z,-0.0084
2025-01-01 09:39:30,MAGNETOMETER_X,-19.044
2025-01-01 09:39:40,MAGNETOMETER_Y,-32.2216
2025-01-01 09:39:50,MAGNETOMETER_Z,-43.5512
2025-01-01 09:40:00,REACTION_WHEEL_SPD_X,-1837.5567
2025-01-01 09:40:10,REACTION_WHEEL_SPD_Y,-1467.6185
2025-01-01 09:40:20,REACTION_WHEEL_SPD_Z,-1309.7051
2025-01-01 09:40:30,ATTITUDE_ROLL,-1.7101
2025-01-01 09:40:40,ATTITUDE_PITCH,0.9808
2025-01-01 09:40:50,ATTITUDE_YAW,-0.8863
2025-01-01 09:41:00,STAR_TRACKER_VALID,0.2982
2025-01-01 09:41:10,SUN_SENSOR_ANGLE,105.0934
2025-01-01 09:41:20,RF_SIGNAL_STRENGTH,-55.6422
2025-01-01 09:41:30,RF_NOISE_FLOOR,-92.3052
2025-01-01 09:41:40,TX_POWER,3.8402
2025-01-01 09:41:50,LINK_MARGIN,9.3459
2025-01-01 09:42:00,DATA_RATE_KBPS,143.1027
2025-01-01 09:42:10,PACKET_LOSS_RATE,0.4738
2025-01-01 09:42:20,CPU_USAGE,23.3369
2025-01-01 09:42:30,MEMORY_USAGE,40.5777
2025-01-01 09:42:40,FLASH_WRITE_RATE,1.2531
2025-01-01 09:42:50,WATCHDOG_COUNTER,59.9498
2025-01-01 09:43:00,TANK_PRESSURE,291.0015
2025-01-01 09:43:10,THRUSTER_VALVE_TEMP,16.1949
2025-01-01 09:43:20,BATT_VOLTAGE_1,27.9424
2025-01-01 09:43:30,BATT_VOLTAGE_2,28.3425
2025-01-01 09:43:40,BATT_CURRENT_1,2.3506
2025-01-01 09:43:50,BATT_CURRENT_2,1.6497
2025-01-01 09:44:00,BATT_TEMP_1,20.5491
2025-01-01 09:44:10,BATT_TEMP_2,27.9318
2025-01-01 09:44:20,BATT_SOC,73.6978
2025-01-01 09:44:30,SOLAR_PANEL_VOLT_A,29.594
2025-01-01 09:44:40,SOLAR_PANEL_VOLT_B,31.4871
2025-01-01 09:44:50,SOLAR_PANEL_CURR_A,4.7856
2025-01-01 09:45:00,SOLAR_PANEL_CURR_B,4.4725
2025-01-01 09:45:10,SOLAR_POWER_TOTAL,92.1672
2025-01-01 09:45:20,BUS_VOLTAGE,27.999
2025-01-01 09:45:30,BUS_CURRENT,6.9685
2025-01-01 09:45:40,THRUSTER_TEMP_1,20.6047
2025-01-01 09:45:50,THRUSTER_TEMP_2,19.4322
2025-01-01 09:46:00,PAYLOAD_TEMP_CAM,24.0122
2025-01-01 09:46:10,PAYLOAD_TEMP_SENSOR,23.1895
2025-01-01 09:46:20,OBC_TEMP,40.4682
2025-01-01 09:46:30,TRANS_TEMP,35.2047
2025-01-01 09:46:40,STRUCT_TEMP_PANEL_X,6.0846
2025-01-01 09:46:50,STRUCT_TEMP_PANEL_Y,25.5218
2025-01-01 09:47:00,STRUCT_TEMP_PANEL_Z,19.2816
2025-01-01 09:47:10,RADIATOR_TEMP,-9.8607
2025-01-01 09:47:20,GYRO_X,0.0163
2025-01-01 09:47:30,GYRO_Y,0.0219
2025-01-01 09:47:40,GYRO_Z,-0.0429
2025-01-01 09:47:50,MAGNETOMETER_X,-26.2373
2025-01-01 09:48:00,MAGNETOMETER_Y,-16.5076
2025-01-01 09:48:10,MAGNETOMETER_Z,0.1451
2025-01-01 09:48:20,REACTION_WHEEL_SPD_X,-928.1624
2025-01-01 09:48:30,REACTION_WHEEL_SPD_Y,150.2744
2025-01-01 09:48:40,REACTION_WHEEL_SPD_Z,-1437.1094
2025-01-01 09:48:50,ATTITUDE_ROLL,-0.9063
2025-01-01 09:49:00,ATTITUDE_PITCH,-0.7368
2025-01-01 09:49:10,ATTITUDE_YAW,-2.0804
2025-01-01 09:49:20,STAR_TRACKER_VALID,0.193
2025-01-01 09:49:30,SUN_SENSOR_ANGLE,70.89
2025-01-01 09:49:40,RF_SIGNAL_STRENGTH,-74.7215
2025-01-01 09:49:50,RF_NOISE_FLOOR,-104.3498
2025-01-01 09:50:00,TX_POWER,2.6028
2025-01-01 09:50:10,LINK_MARGIN,18.2861
2025-01-01 09:50:20,DATA_RATE_KBPS,85.8219
2025-01-01 09:50:30,PACKET_LOSS_RATE,0.4707
2025-01-01 09:50:40,CPU_USAGE,31.9764
2025-01-01 09:50:50,MEMORY_USAGE,62.0843
2025-01-01 09:51:00,FLASH_WRITE_RATE,1.4872
2025-01-01 09:51:10,WATCHDOG_COUNTER,44.2466
2025-01-01 09:51:20,TANK_PRESSURE,298.3779
2025-01-01 09:51:30,THRUSTER_VALVE_TEMP,13.8031
2025-01-01 09:51:40,BATT_VOLTAGE_1,27.3392
2025-01-01 09:51:50,BATT_VOLTAGE_2,27.8565
2025-01-01 09:52:00,BATT_CURRENT_1,1.9317
2025-01-01 09:52:10,BATT_CURRENT_2,2.4401
2025-01-01 09:52:20,BATT_TEMP_1,20.8049
2025-01-01 09:52:30,BATT_TEMP_2,26.0169
2025-01-01 09:52:40,BATT_SOC,68.6514
2025-01-01 09:52:50,SOLAR_PANEL_VOLT_A,30.4119
2025-01-01 09:53:00,SOLAR_PANEL_VOLT_B,30.7923
2025-01-01 09:53:10,SOLAR_PANEL_CURR_A,6.0866
2025-01-01 09:53:20,SOLAR_PANEL_CURR_B,4.3965
2025-01-01 09:53:30,SOLAR_POWER_TOTAL,92.9901
2025-01-01 09:53:40,BUS_VOLTAGE,29.005
2025-01-01 09:53:50,BUS_CURRENT,6.6606
2025-01-01 09:54:00,THRUSTER_TEMP_1,19.7356
2025-01-01 09:54:10,THRUSTER_TEMP_2,18.6795
2025-01-01 09:54:20,PAYLOAD_TEMP_CAM,20.0039
2025-01-01 09:54:30,PAYLOAD_TEMP_SENSOR,21.6542
2025-01-01 09:54:40,OBC_TEMP,36.3076
2025-01-01 09:54:50,TRANS_TEMP,38.6949
2025-01-01 09:55:00,STRUCT_TEMP_PANEL_X,5.2054
2025-01-01 09:55:10,STRUCT_TEMP_PANEL_Y,24.3976
2025-01-01 09:55:20,STRUCT_TEMP_PANEL_Z,3.6155
2025-01-01 09:55:30,RADIATOR_TEMP,-17.786
2025-01-01 09:55:40,GYRO_X,-0.0062
2025-01-01 09:55:50,GYRO_Y,-0.0348
2025-01-01 09:56:00,GYRO_Z,0.0049
2025-01-01 09:56:10,MAGNETOMETER_X,-28.9166
2025-01-01 09:56:20,MAGNETOMETER_Y,-17.881
2025-01-01 09:56:30,MAGNETOMETER_Z,14.215
2025-01-01 09:56:40,REACTION_WHEEL_SPD_X,-507.302
2025-01-01 09:56:50,REACTION_WHEEL_SPD_Y,108.762
2025-01-01 09:57:00,REACTION_WHEEL_SPD_Z,968.1878
2025-01-01 09:57:10,ATTITUDE_ROLL,-0.0952
2025-01-01 09:57:20,ATTITUDE_PITCH,-1.3524
2025-01-01 09:57:30,ATTITUDE_YAW,0.4604
2025-01-01 09:57:40,STAR_TRACKER_VALID,0.3453
2025-01-01 09:57:50,SUN_SENSOR_ANGLE,69.5814
2025-01-01 09:58:00,RF_SIGNAL_STRENGTH,-69.0239
2025-01-01 09:58:10,RF_NOISE_FLOOR,-100.6042
2025-01-01 09:58:20,TX_POWER,2.6295
2025-01-01 09:58:30,LINK_MARGIN,10.107
2025-01-01 09:58:40,DATA_RATE_KBPS,110.5968
2025-01-01 09:58:50,PACKET_LOSS_RATE,0.4611
2025-01-01 09:59:00,CPU_USAGE,29.402
2025-01-01 09:59:10,MEMORY_USAGE,49.7341
2025-01-01 09:59:20,FLASH_WRITE_RATE,2.5874
2025-01-01 09:59:30,WATCHDOG_COUNTER,25.5435
2025-01-01 09:59:40,TANK_PRESSURE,294.6043
2025-01-01 09:59:50,THRUSTER_VALVE_TEMP,15.9807
2025-01-01 10:00:00,BATT_VOLTAGE_1,27.8087
2025-01-01 10:00:10,BATT_VOLTAGE_2,27.7639
2025-01-01 10:00:20,BATT_CURRENT_1,1.8624
2025-01-01 10:00:30,BATT_CURRENT_2,2.7644
2025-01-01 10:00:40,BATT_TEMP_1,26.8892
2025-01-01 10:00:50,BATT_TEMP_2,23.3696
2025-01-01 10:01:00,BATT_SOC,69.7399
2025-01-01 10:01:10,SOLAR_PANEL_VOLT_A,31.8675
2025-01-01 10:01:20,SOLAR_PANEL_VOLT_B,30.7945
2025-01-01 10:01:30,SOLAR_PANEL_CURR_A,4.1833
2025-01-01 10:01:40,SOLAR_PANEL_CURR_B,6.0028
2025-01-01 10:01:50,SOLAR_POWER_TOTAL,98.7572
2025-01-01 10:02:00,BUS_VOLTAGE,28.0187
2025-01-01 10:02:10,BUS_CURRENT,6.477
2025-01-01 10:02:20,THRUSTER_TEMP_1,18.742
2025-01-01 10:02:30,THRUSTER_TEMP_2,20.1057
2025-01-01 10:02:40,PAYLOAD_TEMP_CAM,22.4525
2025-01-01 10:02:50,PAYLOAD_TEMP_SENSOR,20.842
2025-01-01 10:03:00,OBC_TEMP,45.3358
2025-01-01 10:03:10,TRANS_TEMP,32.0565
2025-01-01 10:03:20,STRUCT_TEMP_PANEL_X,32.371
2025-01-01 10:03:30,STRUCT_TEMP_PANEL_Y,6.0563
2025-01-01 10:03:40,STRUCT_TEMP_PANEL_Z,7.6946
2025-01-01 10:03:50,RADIATOR_TEMP,-20.7788
2025-01-01 10:04:00,GYRO_X,0.0172
2025-01-01 10:04:10,GYRO_Y,-0.0437
2025-01-01 10:04:20,GYRO_Z,0.0124
2025-01-01 10:04:30,MAGNETOMETER_X,-29.0776
2025-01-01 10:04:40,MAGNETOMETER_Y,-32.9447
2025-01-01 10:04:50,MAGNETOMETER_Z,-20.3447
2025-01-01 10:05:00,REACTION_WHEEL_SPD_X,116.2991
2025-01-01 10:05:10,REACTION_WHEEL_SPD_Y,-1447.038
2025-01-01 10:05:20,REACTION_WHEEL_SPD_Z,971.6793
2025-01-01 10:05:30,ATTITUDE_ROLL,0.8983
2025-01-01 10:05:40,ATTITUDE_PITCH,-1.1726
2025-01-01 10:05:50,ATTITUDE_YAW,-3.0591
2025-01-01 10:06:00,STAR_TRACKER_VALID,0.4693
2025-01-01 10:06:10,SUN_SENSOR_ANGLE,63.4959
2025-01-01 10:06:20,RF_SIGNAL_STRENGTH,-74.7562
2025-01-01 10:06:30,RF_NOISE_FLOOR,-91.4641
2025-01-01 10:06:40,TX_POWER,2.9449
2025-01-01 10:06:50,LINK_MARGIN,8.7477
2025-01-01 10:07:00,DATA_RATE_KBPS,108.951
2025-01-01 10:07:10,PACKET_LOSS_RATE,0.5159
2025-01-01 10:07:20,CPU_USAGE,43.5108
2025-01-01 10:07:30,MEMORY_USAGE,40.3347
2025-01-01 10:07:40,FLASH_WRITE_RATE,1.3473
2025-01-01 10:07:50,WATCHDOG_COUNTER,25.6854
2025-01-01 10:08:00,TANK_PRESSURE,291.4213
2025-01-01 10:08:10,THRUSTER_VALVE_TEMP,17.5401
2025-01-01 10:08:20,BATT_VOLTAGE_1,28.4319
2025-01-01 10:08:30,BATT_VOLTAGE_2,27.7821
2025-01-01 10:08:40,BATT_CURRENT_1,1.7714
2025-01-01 10:08:50,BATT_CURRENT_2,2.6405
2025-01-01 10:09:00,BATT_TEMP_1,27.18
2025-01-01 10:09:10,BATT_TEMP_2,25.7878
2025-01-01 10:09:20,BATT_SOC,71.4578
2025-01-01 10:09:30,SOLAR_PANEL_VOLT_A,30.1229
2025-01-01 10:09:40,SOLAR_PANEL_VOLT_B,31.3927
2025-01-01 10:09:50,SOLAR_PANEL_CURR_A,4.9843
2025-01-01 10:10:00,SOLAR_PANEL_CURR_B,6.2163
2025-01-01 10:10:10,SOLAR_POWER_TOTAL,93.8554
2025-01-01 10:10:20,BUS_VOLTAGE,28.1559
2025-01-01 10:10:30,BUS_CURRENT,6.8682
2025-01-01 10:10:40,THRUSTER_TEMP_1,19.6248
2025-01-01 10:10:50,THRUSTER_TEMP_2,20.1363
2025-01-01 10:11:00,PAYLOAD_TEMP_CAM,19.6692
2025-01-01 10:11:10,PAYLOAD_TEMP_SENSOR,20.0683
2025-01-01 10:11:20,OBC_TEMP,35.0487
2025-01-01 10:11:30,TRANS_TEMP,34.022
2025-01-01 10:11:40,STRUCT_TEMP_PANEL_X,9.6716
2025-01-01 10:11:50,STRUCT_TEMP_PANEL_Y,31.4465
2025-01-01 10:12:00,STRUCT_TEMP_PANEL_Z,13.5994
2025-01-01 10:12:10,RADIATOR_TEMP,-2.9789
2025-01-01 10:12:20,GYRO_X,-0.0473
2025-01-01 10:12:30,GYRO_Y,-0.0051
2025-01-01 10:12:40,GYRO_Z,-0.0063
2025-01-01 10:12:50,MAGNETOMETER_X,10.0277
2025-01-01 10:13:00,MAGNETOMETER_Y,-31.4083
2025-01-01 10:13:10,MAGNETOMETER_Z,-19.2134
2025-01-01 10:13:20,REACTION_WHEEL_SPD_X,-1145.0909
2025-01-01 10:13:30,REACTION_WHEEL_SPD_Y,-1124.1777
2025-01-01 10:13:40,REACTION_WHEEL_SPD_Z,-1834.7347
2025-01-01 10:13:50,ATTITUDE_ROLL,-1.7952
2025-01-01 10:14:00,ATTITUDE_PITCH,-1.5341
2025-01-01 10:14:10,ATTITUDE_YAW,0.1283
2025-01-01 10:14:20,STAR_TRACKER_VALID,0.3129
2025-01-01 10:14:30,SUN_SENSOR_ANGLE,83.5504
2025-01-01 10:14:40,RF_SIGNAL_STRENGTH,-75.2316
2025-01-01 10:14:50,RF_NOISE_FLOOR,-99.1654
2025-01-01 10:15:00,TX_POWER,2.3717
2025-01-01 10:15:10,LINK_MARGIN,16.2067
2025-01-01 10:15:20,DATA_RATE_KBPS,97.3993
2025-01-01 10:15:30,PACKET_LOSS_RATE,0.563
2025-01-01 10:15:40,CPU_USAGE,26.5229
2025-01-01 10:15:50,MEMORY_USAGE,43.0295
2025-01-01 10:16:00,FLASH_WRITE_RATE,1.6766
2025-01-01 10:16:10,WATCHDOG_COUNTER,33.6693
2025-01-01 10:16:20,TANK_PRESSURE,294.3712
2025-01-01 10:16:30,THRUSTER_VALVE_TEMP,15.1487
2025-01-01 10:16:40,BATT_VOLTAGE_1,27.4506
2025-01-01 10:16:50,BATT_VOLTAGE_2,28.446
2025-01-01 10:17:00,BATT_CURRENT_1,1.9327
2025-01-01 10:17:10,BATT_CURRENT_2,2.8023
2025-01-01 10:17:20,BATT_TEMP_1,20.1819
2025-01-01 10:17:30,BATT_TEMP_2,27.9098
2025-01-01 10:17:40,BATT_SOC,82.7972
2025-01-01 10:17:50,SOLAR_PANEL_VOLT_A,29.782
2025-01-01 10:18:00,SOLAR_PANEL_VOLT_B,30.698
2025-01-01 10:18:10,SOLAR_PANEL_CURR_A,4.3573
2025-01-01 10:18:20,SOLAR_PANEL_CURR_B,6.1525
2025-01-01 10:18:30,SOLAR_POWER_TOTAL,110.2408
2025-01-01 10:18:40,BUS_VOLTAGE,27.907
2025-01-01 10:18:50,BUS_CURRENT,8.6113
2025-01-01 10:19:00,THRUSTER_TEMP_1,18.2
2025-01-01 10:19:10,THRUSTER_TEMP_2,18.64
2025-01-01 10:19:20,PAYLOAD_TEMP_CAM,21.2035
2025-01-01 10:19:30,PAYLOAD_TEMP_SENSOR,24.5097
2025-01-01 10:19:40,OBC_TEMP,37.0183
2025-01-01 10:19:50,TRANS_TEMP,39.6161
2025-01-01 10:20:00,STRUCT_TEMP_PANEL_X,7.0575
2025-01-01 10:20:10,STRUCT_TEMP_PANEL_Y,16.2469
2025-01-01 10:20:20,STRUCT_TEMP_PANEL_Z,7.3845
2025-01-01 10:20:30,RADIATOR_TEMP,-19.1103
2025-01-01 10:20:40,GYRO_X,-0.0317
2025-01-01 10:20:50,GYRO_Y,-0.0398
2025-01-01 10:21:00,GYRO_Z,-0.0079
2025-01-01 10:21:10,MAGNETOMETER_X,-0.5202
2025-01-01 10:21:20,MAGNETOMETER_Y,-30.331
2025-01-01 10:21:30,MAGNETOMETER_Z,-27.225
2025-01-01 10:21:40,REACTION_WHEEL_SPD_X,-1391.5802
2025-01-01 10:21:50,REACTION_WHEEL_SPD_Y,-1291.0119
2025-01-01 10:22:00,REACTION_WHEEL_SPD_Z,-1556.3312
2025-01-01 10:22:10,ATTITUDE_ROLL,-1.0531
2025-01-01 10:22:20,ATTITUDE_PITCH,0.2162
2025-01-01 10:22:30,ATTITUDE_YAW,0.7095
2025-01-01 10:22:40,STAR_TRACKER_VALID,0.2932
2025-01-01 10:22:50,SUN_SENSOR_ANGLE,82.5995
2025-01-01 10:23:00,RF_SIGNAL_STRENGTH,-71.9257
2025-01-01 10:23:10,RF_NOISE_FLOOR,-101.9381
2025-01-01 10:23:20,TX_POWER,3.4289
2025-01-01 10:23:30,LINK_MARGIN,14.5769
2025-01-01 10:23:40,DATA_RATE_KBPS,140.6009
2025-01-01 10:23:50,PACKET_LOSS_RATE,0.5848
2025-01-01 10:24:00,CPU_USAGE,32.1842
2025-01-01 10:24:10,MEMORY_USAGE,43.1886
2025-01-01 10:24:20,FLASH_WRITE_RATE,1.5285
2025-01-01 10:24:30,WATCHDOG_COUNTER,35.8618
2025-01-01 10:24:40,TANK_PRESSURE,292.0825
2025-01-01 10:24:50,THRUSTER_VALVE_TEMP,13.5318
2025-01-01 10:25:00,BATT_VOLTAGE_1,27.3557
2025-01-01 10:25:10,BATT_VOLTAGE_2,28.528
2025-01-01 10:25:20,BATT_CURRENT_1,1.9083
2025-01-01 10:25:30,BATT_CURRENT_2,2.5012
2025-01-01 10:25:40,BATT_TEMP_1,26.6768
2025-01-01 10:25:50,BATT_TEMP_2,21.2065
2025-01-01 10:26:00,BATT_SOC,72.9365
2025-01-01 10:26:10,SOLAR_PANEL_VOLT_A,29.7009
2025-01-01 10:26:20,SOLAR_PANEL_VOLT_B,30.6594
2025-01-01 10:26:30,SOLAR_PANEL_CURR_A,5.0327
2025-01-01 10:26:40,SOLAR_PANEL_CURR_B,5.0182
2025-01-01 10:26:50,SOLAR_POWER_TOTAL,97.3898
2025-01-01 10:27:00,BUS_VOLTAGE,28.2243
2025-01-01 10:27:10,BUS_CURRENT,7.0046
2025-01-01 10:27:20,THRUSTER_TEMP_1,18.5326
2025-01-01 10:27:30,THRUSTER_TEMP_2,19.3889
2025-01-01 10:27:40,PAYLOAD_TEMP_CAM,20.5847
2025-01-01 10:27:50,PAYLOAD_TEMP_SENSOR,21.4132
2025-01-01 10:28:00,OBC_TEMP,37.0277
2025-01-01 10:28:10,TRANS_TEMP,37.8665
2025-01-01 10:28:20,STRUCT_TEMP_PANEL_X,9.6797
2025-01-01 10:28:30,STRUCT_TEMP_PANEL_Y,17.0162
2025-01-01 10:28:40,STRUCT_TEMP_PANEL_Z,6.4669
2025-01-01 10:28:50,RADIATOR_TEMP,-8.532
2025-01-01 10:29:00,GYRO_X,-0.0129
2025-01-01 10:29:10,GYRO_Y,-0.041
2025-01-01 10:29:20,GYRO_Z,-0.0374
2025-01-01 10:29:30,MAGNETOMETER_X,-26.7645
2025-01-01 10:29:40,MAGNETOMETER_Y,-27.1811
2025-01-01 10:29:50,MAGNETOMETER_Z,-21.5224
2025-01-01 10:30:00,REACTION_WHEEL_SPD_X,-1422.1734
2025-01-01 10:30:10,REACTION_WHEEL_SPD_Y,-1309.3615
2025-01-01 10:30:20,REACTION_WHEEL_SPD_Z,-1089.1836
2025-01-01 10:30:30,ATTITUDE_ROLL,0.1105
2025-01-01 10:30:40,ATTITUDE_PITCH,-1.3761
2025-01-01 10:30:50,ATTITUDE_YAW,-1.7651
2025-01-01 10:31:00,STAR_TRACKER_VALID,0.2604
2025-01-01 10:31:10,SUN_SENSOR_ANGLE,59.0918
2025-01-01 10:31:20,RF_SIGNAL_STRENGTH,-73.6845
2025-01-01 10:31:30,RF_NOISE_FLOOR,-103.3936
2025-01-01 10:31:40,TX_POWER,2.4345
2025-01-01 10:31:50,LINK_MARGIN,10.7408
2025-01-01 10:32:00,DATA_RATE_KBPS,95.9254
2025-01-01 10:32:10,PACKET_LOSS_RATE,0.4211
2025-01-01 10:32:20,CPU_USAGE,39.9436
2025-01-01 10:32:30,MEMORY_USAGE,43.3431
2025-01-01 10:32:40,FLASH_WRITE_RATE,2.5566
2025-01-01 10:32:50,WATCHDOG_COUNTER,56.2943
2025-01-01 10:33:00,TANK_PRESSURE,303.4257
2025-01-01 10:33:10,THRUSTER_VALVE_TEMP,13.4185
2025-01-01 10:33:20,BATT_VOLTAGE_1,27.5334
2025-01-01 10:33:30,BATT_VOLTAGE_2,27.2081
2025-01-01 10:33:40,BATT_CURRENT_1,1.5814
2025-01-01 10:33:50,BATT_CURRENT_2,2.3739
2025-01-01 10:34:00,BATT_TEMP_1,19.3237
2025-01-01 10:34:10,BATT_TEMP_2,25.831
2025-01-01 10:34:20,BATT_SOC,69.0282
2025-01-01 10:34:30,SOLAR_PANEL_VOLT_A,30.0791
2025-01-01 10:34:40,SOLAR_PANEL_VOLT_B,30.6131
2025-01-01 10:34:50,SOLAR_PANEL_CURR_A,4.9692
2025-01-01 10:35:00,SOLAR_PANEL_CURR_B,4.3968
2025-01-01 10:35:10,SOLAR_POWER_TOTAL,92.9259
2025-01-01 10:35:20,BUS_VOLTAGE,28.1738
2025-01-01 10:35:30,BUS_CURRENT,7.1974
2025-01-01 10:35:40,THRUSTER_TEMP_1,20.4128
2025-01-01 10:35:50,THRUSTER_TEMP_2,23.4983
2025-01-01 10:36:00,PAYLOAD_TEMP_CAM,22.876
2025-01-01 10:36:10,PAYLOAD_TEMP_SENSOR,22.7254
2025-01-01 10:36:20,OBC_TEMP,44.9239
2025-01-01 10:36:30,TRANS_TEMP,30.8482
2025-01-01 10:36:40,STRUCT_TEMP_PANEL_X,6.7642
2025-01-01 10:36:50,STRUCT_TEMP_PANEL_Y,7.3335
2025-01-01 10:37:00,STRUCT_TEMP_PANEL_Z,11.1735
2025-01-01 10:37:10,RADIATOR_TEMP,-4.2258
2025-01-01 10:37:20,GYRO_X,-0.0004
2025-01-01 10:37:30,GYRO_Y,-0.0472
2025-01-01 10:37:40,GYRO_Z,-0.0036
2025-01-01 10:37:50,MAGNETOMETER_X,-29.0521
2025-01-01 10:38:00,MAGNETOMETER_Y,-26.4045
2025-01-01 10:38:10,MAGNETOMETER_Z,-14.4401
2025-01-01 10:38:20,REACTION_WHEEL_SPD_X,-1353.4629
2025-01-01 10:38:30,REACTION_WHEEL_SPD_Y,212.3843
2025-01-01 10:38:40,REACTION_WHEEL_SPD_Z,269.7701
2025-01-01 10:38:50,ATTITUDE_ROLL,-1.1172
2025-01-01 10:39:00,ATTITUDE_PITCH,0.9489
2025-01-01 10:39:10,ATTITUDE_YAW,-0.1929
2025-01-01 10:39:20,STAR_TRACKER_VALID,0.2938
2025-01-01 10:39:30,SUN_SENSOR_ANGLE,46.4983
2025-01-01 10:39:40,RF_SIGNAL_STRENGTH,-71.8352
2025-01-01 10:39:50,RF_NOISE_FLOOR,-100.1024
2025-01-01 10:40:00,TX_POWER,2.622
2025-01-01 10:40:10,LINK_MARGIN,13.2052
2025-01-01 10:40:20,DATA_RATE_KBPS,86.7779
2025-01-01 10:40:30,PACKET_LOSS_RATE,1.1507
2025-01-01 10:40:40,CPU_USAGE,28.5595
2025-01-01 10:40:50,MEMORY_USAGE,40.2594
2025-01-01 10:41:00,FLASH_WRITE_RATE,1.977
2025-01-01 10:41:10,WATCHDOG_COUNTER,28.8743
2025-01-01 10:41:20,TANK_PRESSURE,297.8704
2025-01-01 10:41:30,THRUSTER_VALVE_TEMP,16.3334
2025-01-01 10:41:40,BATT_VOLTAGE_1,27.5587
2025-01-01 10:41:50,BATT_VOLTAGE_2,27.349
2025-01-01 10:42:00,BATT_CURRENT_1,2.7143
2025-01-01 10:42:10,BATT_CURRENT_2,2.4767
2025-01-01 10:42:20,BATT_TEMP_1,24.3219
2025-01-01 10:42:30,BATT_TEMP_2,23.9095
2025-01-01 10:42:40,BATT_SOC,79.9548
2025-01-01 10:42:50,SOLAR_PANEL_VOLT_A,29.5226
2025-01-01 10:43:00,SOLAR_PANEL_VOLT_B,29.9385
2025-01-01 10:43:10,SOLAR_PANEL_CURR_A,6.0093
2025-01-01 10:43:20,SOLAR_PANEL_CURR_B,4.7562
2025-01-01 10:43:30,SOLAR_POWER_TOTAL,102.1902
2025-01-01 10:43:40,BUS_VOLTAGE,28.1181
2025-01-01 10:43:50,BUS_CURRENT,9.0133
2025-01-01 10:44:00,THRUSTER_TEMP_1,20.2593
2025-01-01 10:44:10,THRUSTER_TEMP_2,20.7736
2025-01-01 10:44:20,PAYLOAD_TEMP_CAM,23.4777
2025-01-01 10:44:30,PAYLOAD_TEMP_SENSOR,20.8789
2025-01-01 10:44:40,OBC_TEMP,36.5272
2025-01-01 10:44:50,TRANS_TEMP,27.9036
2025-01-01 10:45:00,STRUCT_TEMP_PANEL_X,28.0259
2025-01-01 10:45:10,STRUCT_TEMP_PANEL_Y,28.2835
2025-01-01 10:45:20,STRUCT_TEMP_PANEL_Z,22.7646
2025-01-01 10:45:30,RADIATOR_TEMP,-12.5664
2025-01-01 10:45:40,GYRO_X,0.004
2025-01-01 10:45:50,GYRO_Y,-0.0283
2025-01-01 10:46:00,GYRO_Z,-0.0406
2025-01-01 10:46:10,MAGNETOMETER_X,-28.162
2025-01-01 10:46:20,MAGNETOMETER_Y,-31.1668
2025-01-01 10:46:30,MAGNETOMETER_Z,-24.1959
2025-01-01 10:46:40,REACTION_WHEEL_SPD_X,757.5242
2025-01-01 10:46:50,REACTION_WHEEL_SPD_Y,-872.6432
2025-01-01 10:47:00,REACTION_WHEEL_SPD_Z,-1080.8194
2025-01-01 10:47:10,ATTITUDE_ROLL,-1.8068
2025-01-01 10:47:20,ATTITUDE_PITCH,-1.1213
2025-01-01 10:47:30,ATTITUDE_YAW,-1.6619
2025-01-01 10:47:40,STAR_TRACKER_VALID,0.6461
2025-01-01 10:47:50,SUN_SENSOR_ANGLE,65.6482
2025-01-01 10:48:00,RF_SIGNAL_STRENGTH,-71.3861
2025-01-01 10:48:10,RF_NOISE_FLOOR,-100.6883
2025-01-01 10:48:20,TX_POWER,2.1106
2025-01-01 10:48:30,LINK_MARGIN,17.6924
2025-01-01 10:48:40,DATA_RATE_KBPS,100.6159
2025-01-01 10:48:50,PACKET_LOSS_RATE,1.2699
2025-01-01 10:49:00,CPU_USAGE,22.9622
2025-01-01 10:49:10,MEMORY_USAGE,43.6225
2025-01-01 10:49:20,FLASH_WRITE_RATE,3.2863
2025-01-01 10:49:30,WATCHDOG_COUNTER,25.9882
2025-01-01 10:49:40,TANK_PRESSURE,292.8915
2025-01-01 10:49:50,THRUSTER_VALVE_TEMP,13.7489
2025-01-01 10:50:00,BATT_VOLTAGE_1,27.4154
2025-01-01 10:50:10,BATT_VOLTAGE_2,28.3057
2025-01-01 10:50:20,BATT_CURRENT_1,1.8402
2025-01-01 10:50:30,BATT_CURRENT_2,2.0696
2025-01-01 10:50:40,BATT_TEMP_1,19.9137
2025-01-01 10:50:50,BATT_TEMP_2,21.9371
2025-01-01 10:51:00,BATT_SOC,71.285
2025-01-01 10:51:10,SOLAR_PANEL_VOLT_A,31.3378
2025-01-01 10:51:20,SOLAR_PANEL_VOLT_B,29.246
2025-01-01 10:51:30,SOLAR_PANEL_CURR_A,5.2178
2025-01-01 10:51:40,SOLAR_PANEL_CURR_B,4.2574
2025-01-01 10:51:50,SOLAR_POWER_TOTAL,100.9457
2025-01-01 10:52:00,BUS_VOLTAGE,28.1102
2025-01-01 10:52:10,BUS_CURRENT,7.0162
2025-01-01 10:52:20,THRUSTER_TEMP_1,21.241
2025-01-01 10:52:30,THRUSTER_TEMP_2,18.6918
2025-01-01 10:52:40,PAYLOAD_TEMP_CAM,21.198
2025-01-01 10:52:50,PAYLOAD_TEMP_SENSOR,23.5941
2025-01-01 10:53:00,OBC_TEMP,39.7116
2025-01-01 10:53:10,TRANS_TEMP,32.914
2025-01-01 10:53:20,STRUCT_TEMP_PANEL_X,13.3543
2025-01-01 10:53:30,STRUCT_TEMP_PANEL_Y,5.301
2025-01-01 10:53:40,STRUCT_TEMP_PANEL_Z,9.3707
2025-01-01 10:53:50,RADIATOR_TEMP,-17.4869
2025-01-01 10:54:00,GYRO_X,-0.0322
2025-01-01 10:54:10,GYRO_Y,0.002
2025-01-01 10:54:20,GYRO_Z,0.0304
2025-01-01 10:54:30,MAGNETOMETER_X,-41.1619
2025-01-01 10:54:40,MAGNETOMETER_Y,-15.0905
2025-01-01 10:54:50,MAGNETOMETER_Z,28.0701
2025-01-01 10:55:00,REACTION_WHEEL_SPD_X,-1508.0439
2025-01-01 10:55:10,REACTION_WHEEL_SPD_Y,-1319.2488
2025-01-01 10:55:20,REACTION_WHEEL_SPD_Z,-1408.1265
2025-01-01 10:55:30,ATTITUDE_ROLL,-0.0053
2025-01-01 10:55:40,ATTITUDE_PITCH,0.4479
2025-01-01 10:55:50,ATTITUDE_YAW,-1.7998
2025-01-01 10:56:00,STAR_TRACKER_VALID,0.5858
2025-01-01 10:56:10,SUN_SENSOR_ANGLE,82.2107
2025-01-01 10:56:20,RF_SIGNAL_STRENGTH,-70.4643
2025-01-01 10:56:30,RF_NOISE_FLOOR,-101.1869
2025-01-01 10:56:40,TX_POWER,2.7731
2025-01-01 10:56:50,LINK_MARGIN,11.5024
2025-01-01 10:57:00,DATA_RATE_KBPS,111.2061
2025-01-01 10:57:10,PACKET_LOSS_RATE,0.5755
2025-01-01 10:57:20,CPU_USAGE,38.7146
2025-01-01 10:57:30,MEMORY_USAGE,50.0185
2025-01-01 10:57:40,FLASH_WRITE_RATE,1.3424
2025-01-01 10:57:50,WATCHDOG_COUNTER,31.6948
2025-01-01 10:58:00,TANK_PRESSURE,293.8489
2025-01-01 10:58:10,THRUSTER_VALVE_TEMP,20.3493
2025-01-01 10:58:20,BATT_VOLTAGE_1,27.4533
2025-01-01 10:58:30,BATT_VOLTAGE_2,27.4601
2025-01-01 10:58:40,BATT_CURRENT_1,1.6333
2025-01-01 10:58:50,BATT_CURRENT_2,2.8772
2025-01-01 10:59:00,BATT_TEMP_1,20.2651
2025-01-01 10:59:10,BATT_TEMP_2,20.4927
2025-01-01 10:59:20,BATT_SOC,72.0903
2025-01-01 10:59:30,SOLAR_PANEL_VOLT_A,29.3413
2025-01-01 10:59:40,SOLAR_PANEL_VOLT_B,29.4747
2025-01-01 10:59:50,SOLAR_PANEL_CURR_A,4.2565
2025-01-01 11:00:00,SOLAR_PANEL_CURR_B,4.568
2025-01-01 11:00:10,SOLAR_POWER_TOTAL,106.2303
2025-01-01 11:00:20,BUS_VOLTAGE,28.1474
2025-01-01 11:00:30,BUS_CURRENT,7.0
2025-01-01 11:00:40,THRUSTER_TEMP_1,24.053
2025-01-01 11:00:50,THRUSTER_TEMP_2,20.1482
2025-01-01 11:01:00,PAYLOAD_TEMP_CAM,20.06
2025-01-01 11:01:10,PAYLOAD_TEMP_SENSOR,20.2898
2025-01-01 11:01:20,OBC_TEMP,35.8787
2025-01-01 11:01:30,TRANS_TEMP,35.0957
2025-01-01 11:01:40,STRUCT_TEMP_PANEL_X,22.5946
2025-01-01 11:01:50,STRUCT_TEMP_PANEL_Y,9.0979
2025-01-01 11:02:00,STRUCT_TEMP_PANEL_Z,8.8812
2025-01-01 11:02:10,RADIATOR_TEMP,-18.3573
2025-01-01 11:02:20,GYRO_X,-0.0481
2025-01-01 11:02:30,GYRO_Y,-0.0459
2025-01-01 11:02:40,GYRO_Z,-0.0203
2025-01-01 11:02:50,MAGNETOMETER_X,-23.9794
2025-01-01 11:03:00,MAGNETOMETER_Y,11.2718
2025-01-01 11:03:10,MAGNETOMETER_Z,2.6327
2025-01-01 11:03:20,REACTION_WHEEL_SPD_X,203.5655
2025-01-01 11:03:30,REACTION_WHEEL_SPD_Y,382.2603
2025-01-01 11:03:40,REACTION_WHEEL_SPD_Z,-717.9909
2025-01-01 11:03:50,ATTITUDE_ROLL,-1.2275
2025-01-01 11:04:00,ATTITUDE_PITCH,-1.5366
2025-01-01 11:04:10,ATTITUDE_YAW,-0.8386
2025-01-01 11:04:20,STAR_TRACKER_VALID,0.2411
2025-01-01 11:04:30,SUN_SENSOR_ANGLE,85.2037
2025-01-01 11:04:40,RF_SIGNAL_STRENGTH,-72.0456
2025-01-01 11:04:50,RF_NOISE_FLOOR,-98.5933
2025-01-01 11:05:00,TX_POWER,1.9223
2025-01-01 11:05:10,LINK_MARGIN,10.7342
2025-01-01 11:05:20,DATA_RATE_KBPS,141.3844
2025-01-01 11:05:30,PACKET_LOSS_RATE,0.704
2025-01-01 11:05:40,CPU_USAGE,30.3336
2025-01-01 11:05:50,MEMORY_USAGE,42.7275
2025-01-01 11:06:00,FLASH_WRITE_RATE,1.1321
2025-01-01 11:06:10,WATCHDOG_COUNTER,26.8805
2025-01-01 11:06:20,TANK_PRESSURE,294.7731
2025-01-01 11:06:30,THRUSTER_VALVE_TEMP,18.9224
2025-01-01 11:06:40,BATT_VOLTAGE_1,27.4184
2025-01-01 11:06:50,BATT_VOLTAGE_2,28.5339
2025-01-01 11:07:00,BATT_CURRENT_1,1.9248
2025-01-01 11:07:10,BATT_CURRENT_2,2.0853
2025-01-01 11:07:20,BATT_TEMP_1,24.5582
2025-01-01 11:07:30,BATT_TEMP_2,18.6988
2025-01-01 11:07:40,BATT_SOC,75.0394
2025-01-01 11:07:50,SOLAR_PANEL_VOLT_A,30.6688
2025-01-01 11:08:00,SOLAR_PANEL_VOLT_B,31.1156
2025-01-01 11:08:10,SOLAR_PANEL_CURR_A,4.3796
2025-01-01 11:08:20,SOLAR_PANEL_CURR_B,5.1047
2025-01-01 11:08:30,SOLAR_POWER_TOTAL,99.2808
2025-01-01 11:08:40,BUS_VOLTAGE,28.498
2025-01-01 11:08:50,BUS_CURRENT,7.2604
2025-01-01 11:09:00,THRUSTER_TEMP_1,21.0236
2025-01-01 11:09:10,THRUSTER_TEMP_2,19.1971
2025-01-01 11:09:20,PAYLOAD_TEMP_CAM,21.519
2025-01-01 11:09:30,PAYLOAD_TEMP_SENSOR,20.8096
2025-01-01 11:09:40,OBC_TEMP,36.3971
2025-01-01 11:09:50,TRANS_TEMP,37.765
2025-01-01 11:10:00,STRUCT_TEMP_PANEL_X,10.2306
2025-01-01 11:10:10,STRUCT_TEMP_PANEL_Y,15.7101
2025-01-01 11:10:20,STRUCT_TEMP_PANEL_Z,4.9675
2025-01-01 11:10:30,RADIATOR_TEMP,-7.3732
2025-01-01 11:10:40,GYRO_X,-0.0157
2025-01-01 11:10:50,GYRO_Y,-0.0246
2025-01-01 11:11:00,GYRO_Z,-0.0297
2025-01-01 11:11:10,MAGNETOMETER_X,-34.6807
2025-01-01 11:11:20,MAGNETOMETER_Y,-32.0703
2025-01-01 11:11:30,MAGNETOMETER_Z,-24.4159
2025-01-01 11:11:40,REACTION_WHEEL_SPD_X,510.6335
2025-01-01 11:11:50,REACTION_WHEEL_SPD_Y,-652.9792
2025-01-01 11:12:00,REACTION_WHEEL_SPD_Z,-866.6504
2025-01-01 11:12:10,ATTITUDE_ROLL,-0.6292
2025-01-01 11:12:20,ATTITUDE_PITCH,-0.9268
2025-01-01 11:12:30,ATTITUDE_YAW,0.2786
2025-01-01 11:12:40,STAR_TRACKER_VALID,0.3993
2025-01-01 11:12:50,SUN_SENSOR_ANGLE,44.0424
2025-01-01 11:13:00,RF_SIGNAL_STRENGTH,-60.4693
2025-01-01 11:13:10,RF_NOISE_FLOOR,-95.604
2025-01-01 11:13:20,TX_POWER,2.9218
2025-01-01 11:13:30,LINK_MARGIN,18.8607
2025-01-01 11:13:40,DATA_RATE_KBPS,93.9164
2025-01-01 11:13:50,PACKET_LOSS_RATE,0.4827
2025-01-01 11:14:00,CPU_USAGE,24.4433
2025-01-01 11:14:10,MEMORY_USAGE,60.5357
2025-01-01 11:14:20,FLASH_WRITE_RATE,1.7406
2025-01-01 11:14:30,WATCHDOG_COUNTER,59.1292
2025-01-01 11:14:40,TANK_PRESSURE,290.2492
2025-01-01 11:14:50,THRUSTER_VALVE_TEMP,14.1411
2025-01-01 11:15:00,BATT_VOLTAGE_1,27.7318
2025-01-01 11:15:10,BATT_VOLTAGE_2,27.2672
2025-01-01 11:15:20,BATT_CURRENT_1,1.9588
2025-01-01 11:15:30,BATT_CURRENT_2,1.6525
2025-01-01 11:15:40,BATT_TEMP_1,20.9249
2025-01-01 11:15:50,BATT_TEMP_2,21.6332
2025-01-01 11:16:00,BATT_SOC,83.2919
2025-01-01 11:16:10,SOLAR_PANEL_VOLT_A,30.3419
2025-01-01 11:16:20,SOLAR_PANEL_VOLT_B,29.8763
2025-01-01 11:16:30,SOLAR_PANEL_CURR_A,5.6813
2025-01-01 11:16:40,SOLAR_PANEL_CURR_B,4.4836
2025-01-01 11:16:50,SOLAR_POWER_TOTAL,96.3604
2025-01-01 11:17:00,BUS_VOLTAGE,28.1968
2025-01-01 11:17:10,BUS_CURRENT,9.3339
2025-01-01 11:17:20,THRUSTER_TEMP_1,20.7843
2025-01-01 11:17:30,THRUSTER_TEMP_2,20.2908
2025-01-01 11:17:40,PAYLOAD_TEMP_CAM,24.2549
2025-01-01 11:17:50,PAYLOAD_TEMP_SENSOR,20.1212
2025-01-01 11:18:00,OBC_TEMP,40.7815
2025-01-01 11:18:10,TRANS_TEMP,32.3322
2025-01-01 11:18:20,STRUCT_TEMP_PANEL_X,7.6327
2025-01-01 11:18:30,STRUCT_TEMP_PANEL_Y,10.9934
2025-01-01 11:18:40,STRUCT_TEMP_PANEL_Z,18.9768
2025-01-01 11:18:50,RADIATOR_TEMP,-19.9723
2025-01-01 11:19:00,GYRO_X,-0.0013
2025-01-01 11:19:10,GYRO_Y,-0.022
2025-01-01 11:19:20,GYRO_Z,-0.004
2025-01-01 11:19:30,MAGNETOMETER_X,2.2843
2025-01-01 11:19:40,MAGNETOMETER_Y,-12.9624
2025-01-01 11:19:50,MAGNETOMETER_Z,-29.2657
2025-01-01 11:20:00,REACTION_WHEEL_SPD_X,-1392.7473
2025-01-01 11:20:10,REACTION_WHEEL_SPD_Y,-469.5445
2025-01-01 11:20:20,REACTION_WHEEL_SPD_Z,-65.1776
2025-01-01 11:20:30,ATTITUDE_ROLL,-1.5791
2025-01-01 11:20:40,ATTITUDE_PITCH,-1.1454
2025-01-01 11:20:50,ATTITUDE_YAW,-1.4747
2025-01-01 11:21:00,STAR_TRACKER_VALID,0.4003
2025-01-01 11:21:10,SUN_SENSOR_ANGLE,104.5459
2025-01-01 11:21:20,RF_SIGNAL_STRENGTH,-71.603
2025-01-01 11:21:30,RF_NOISE_FLOOR,-92.6051
2025-01-01 11:21:40,TX_POWER,2.2427
2025-01-01 11:21:50,LINK_MARGIN,11.6422
2025-01-01 11:22:00,DATA_RATE_KBPS,101.2651
2025-01-01 11:22:10,PACKET_LOSS_RATE,0.4205
2025-01-01 11:22:20,CPU_USAGE,24.9764
2025-01-01 11:22:30,MEMORY_USAGE,44.0215
2025-01-01 11:22:40,FLASH_WRITE_RATE,1.4228
2025-01-01 11:22:50,WATCHDOG_COUNTER,27.2725
2025-01-01 11:23:00,TANK_PRESSURE,294.0097
2025-01-01 11:23:10,THRUSTER_VALVE_TEMP,18.0054
2025-01-01 11:23:20,BATT_VOLTAGE_1,27.7416
2025-01-01 11:23:30,BATT_VOLTAGE_2,27.6768
2025-01-01 11:23:40,BATT_CURRENT_1,2.4604
2025-01-01 11:23:50,BATT_CURRENT_2,1.9669
2025-01-01 11:24:00,BATT_TEMP_1,21.5343
2025-01-01 11:24:10,BATT_TEMP_2,19.0368
2025-01-01 11:24:20,BATT_SOC,79.4646
2025-01-01 11:24:30,SOLAR_PANEL_VOLT_A,30.1537
2025-01-01 11:24:40,SOLAR_PANEL_VOLT_B,30.8334
2025-01-01 11:24:50,SOLAR_PANEL_CURR_A,4.1331
2025-01-01 11:25:00,SOLAR_PANEL_CURR_B,4.1846
2025-01-01 11:25:10,SOLAR_POWER_TOTAL,95.6376
2025-01-01 11:25:20,BUS_VOLTAGE,28.2399
2025-01-01 11:25:30,BUS_CURRENT,7.1226
2025-01-01 11:25:40,THRUSTER_TEMP_1,22.1629
2025-01-01 11:25:50,THRUSTER_TEMP_2,18.8179
2025-01-01 11:26:00,PAYLOAD_TEMP_CAM,20.9846
2025-01-01 11:26:10,PAYLOAD_TEMP_SENSOR,21.2483
2025-01-01 11:26:20,OBC_TEMP,44.5944
2025-01-01 11:26:30,TRANS_TEMP,36.6586
2025-01-01 11:26:40,STRUCT_TEMP_PANEL_X,25.8107
2025-01-01 11:26:50,STRUCT_TEMP_PANEL_Y,21.7152
2025-01-01 11:27:00,STRUCT_TEMP_PANEL_Z,7.8113
2025-01-01 11:27:10,RADIATOR_TEMP,-15.6918
2025-01-01 11:27:20,GYRO_X,-0.0317
2025-01-01 11:27:30,GYRO_Y,-0.0401
2025-01-01 11:27:40,GYRO_Z,-0.0324
2025-01-01 11:27:50,MAGNETOMETER_X,-25.8652
2025-01-01 11:28:00,MAGNETOMETER_Y,-24.4221
2025-01-01 11:28:10,MAGNETOMETER_Z,-25.2888
2025-01-01 11:28:20,REACTION_WHEEL_SPD_X,-1045.8659
2025-01-01 11:28:30,REACTION_WHEEL_SPD_Y,-1301.4391
2025-01-01 11:28:40,REACTION_WHEEL_SPD_Z,-1426.0031
2025-01-01 11:28:50,ATTITUDE_ROLL,-1.7965
2025-01-01 11:29:00,ATTITUDE_PITCH,-1.1559
2025-01-01 11:29:10,ATTITUDE_YAW,1.8117
2025-01-01 11:29:20,STAR_TRACKER_VALID,0.587
2025-01-01 11:29:30,SUN_SENSOR_ANGLE,88.6088
2025-01-01 11:29:40,RF_SIGNAL_STRENGTH,-74.1678
2025-01-01 11:29:50,RF_NOISE_FLOOR,-100.0708
2025-01-01 11:30:00,TX_POWER,2.7874
2025-01-01 11:30:10,LINK_MARGIN,10.061
2025-01-01 11:30:20,DATA_RATE_KBPS,114.4237
2025-01-01 11:30:30,PACKET_LOSS_RATE,0.5024
2025-01-01 11:30:40,CPU_USAGE,22.7565
2025-01-01 11:30:50,MEMORY_USAGE,54.201
2025-01-01 11:31:00,FLASH_WRITE_RATE,1.3226
2025-01-01 11:31:10,WATCHDOG_COUNTER,20.9767
2025-01-01 11:31:20,TANK_PRESSURE,296.5509
2025-01-01 11:31:30,THRUSTER_VALVE_TEMP,15.7909
2025-01-01 11:31:40,BATT_VOLTAGE_1,27.4327
2025-01-01 11:31:50,BATT_VOLTAGE_2,27.4729
2025-01-01 11:32:00,BATT_CURRENT_1,1.9969
2025-01-01 11:32:10,BATT_CURRENT_2,2.5031
2025-01-01 11:32:20,BATT_TEMP_1,19.2074
2025-01-01 11:32:30,BATT_TEMP_2,22.2072
2025-01-01 11:32:40,BATT_SOC,68.8448
2025-01-01 11:32:50,SOLAR_PANEL_VOLT_A,31.4291
2025-01-01 11:33:00,SOLAR_PANEL_VOLT_B,30.5649
2025-01-01 11:33:10,SOLAR_PANEL_CURR_A,5.5083
2025-01-01 11:33:20,SOLAR_PANEL_CURR_B,4.5801
2025-01-01 11:33:30,SOLAR_POWER_TOTAL,101.6569
2025-01-01 11:33:40,BUS_VOLTAGE,28.0332
2025-01-01 11:33:50,BUS_CURRENT,8.4825
2025-01-01 11:34:00,THRUSTER_TEMP_1,18.9998
2025-01-01 11:34:10,THRUSTER_TEMP_2,18.6547
2025-01-01 11:34:20,PAYLOAD_TEMP_CAM,21.0157
2025-01-01 11:34:30,PAYLOAD_TEMP_SENSOR,23.6691
2025-01-01 11:34:40,OBC_TEMP,37.7628
2025-01-01 11:34:50,TRANS_TEMP,33.5885
2025-01-01 11:35:00,STRUCT_TEMP_PANEL_X,9.7883
2025-01-01 11:35:10,STRUCT_TEMP_PANEL_Y,13.5449
2025-01-01 11:35:20,STRUCT_TEMP_PANEL_Z,9.5721
2025-01-01 11:35:30,RADIATOR_TEMP,-10.745
2025-01-01 11:35:40,GYRO_X,-0.0303
2025-01-01 11:35:50,GYRO_Y,0.0114
2025-01-01 11:36:00,GYRO_Z,0.0119
2025-01-01 11:36:10,MAGNETOMETER_X,-34.4137
2025-01-01 11:36:20,MAGNETOMETER_Y,-22.0904
2025-01-01 11:36:30,MAGNETOMETER_Z,0.1818
2025-01-01 11:36:40,REACTION_WHEEL_SPD_X,-703.4189
2025-01-01 11:36:50,REACTION_WHEEL_SPD_Y,-1472.3658
2025-01-01 11:37:00,REACTION_WHEEL_SPD_Z,-1161.4136
2025-01-01 11:37:10,ATTITUDE_ROLL,-0.2621
2025-01-01 11:37:20,ATTITUDE_PITCH,-1.2483
2025-01-01 11:37:30,ATTITUDE_YAW,-1.0155
2025-01-01 11:37:40,STAR_TRACKER_VALID,0.3088
2025-01-01 11:37:50,SUN_SENSOR_ANGLE,45.0831
2025-01-01 11:38:00,RF_SIGNAL_STRENGTH,-68.5946
2025-01-01 11:38:10,RF_NOISE_FLOOR,-103.3473
2025-01-01 11:38:20,TX_POWER,3.4151
2025-01-01 11:38:30,LINK_MARGIN,15.7566
2025-01-01 11:38:40,DATA_RATE_KBPS,95.5594
2025-01-01 11:38:50,PACKET_LOSS_RATE,0.8073
2025-01-01 11:39:00,CPU_USAGE,30.1609
2025-01-01 11:39:10,MEMORY_USAGE,41.5329
2025-01-01 11:39:20,FLASH_WRITE_RATE,3.0293
2025-01-01 11:39:30,WATCHDOG_COUNTER,54.7638
2025-01-01 11:39:40,TANK_PRESSURE,294.5708
2025-01-01 11:39:50,THRUSTER_VALVE_TEMP,14.716
2025-01-01 11:40:00,BATT_VOLTAGE_1,27.6991
2025-01-01 11:40:10,BATT_VOLTAGE_2,27.191
2025-01-01 11:40:20,BATT_CURRENT_1,2.6388
2025-01-01 11:40:30,BATT_CURRENT_2,2.1298
2025-01-01 11:40:40,BATT_TEMP_1,20.5662
2025-01-01 11:40:50,BATT_TEMP_2,25.5018
2025-01-01 11:41:00,BATT_SOC,80.3609
2025-01-01 11:41:10,SOLAR_PANEL_VOLT_A,29.9784
2025-01-01 11:41:20,SOLAR_PANEL_VOLT_B,31.5344
2025-01-01 11:41:30,SOLAR_PANEL_CURR_A,4.6843
2025-01-01 11:41:40,SOLAR_PANEL_CURR_B,6.0855
2025-01-01 11:41:50,SOLAR_POWER_TOTAL,92.9025
2025-01-01 11:42:00,BUS_VOLTAGE,28.0905
2025-01-01 11:42:10,BUS_CURRENT,6.7489
2025-01-01 11:42:20,THRUSTER_TEMP_1,20.7844
2025-01-01 11:42:30,THRUSTER_TEMP_2,18.8031
2025-01-01 11:42:40,PAYLOAD_TEMP_CAM,20.6678
2025-01-01 11:42:50,PAYLOAD_TEMP_SENSOR,23.9009
2025-01-01 11:43:00,OBC_TEMP,44.1955
2025-01-01 11:43:10,TRANS_TEMP,33.6087
2025-01-01 11:43:20,STRUCT_TEMP_PANEL_X,3.5433
2025-01-01 11:43:30,STRUCT_TEMP_PANEL_Y,3.7088
2025-01-01 11:43:40,STRUCT_TEMP_PANEL_Z,19.2912
2025-01-01 11:43:50,RADIATOR_TEMP,-16.3152
2025-01-01 11:44:00,GYRO_X,-0.0232
2025-01-01 11:44:10,GYRO_Y,0.0128
2025-01-01 11:44:20,GYRO_Z,-0.0481
2025-01-01 11:44:30,MAGNETOMETER_X,-22.2976
2025-01-01 11:44:40,MAGNETOMETER_Y,-32.2643
2025-01-01 11:44:50,MAGNETOMETER_Z,-24.3704
2025-01-01 11:45:00,REACTION_WHEEL_SPD_X,469.9205
2025-01-01 11:45:10,REACTION_WHEEL_SPD_Y,629.0526
2025-01-01 11:45:20,REACTION_WHEEL_SPD_Z,-1345.4938
2025-01-01 11:45:30,ATTITUDE_ROLL,-1.1798
2025-01-01 11:45:40,ATTITUDE_PITCH,-0.0311
2025-01-01 11:45:50,ATTITUDE_YAW,-0.2991
2025-01-01 11:46:00,STAR_TRACKER_VALID,0.3404
2025-01-01 11:46:10,SUN_SENSOR_ANGLE,67.8071
2025-01-01 11:46:20,RF_SIGNAL_STRENGTH,-75.1595
2025-01-01 11:46:30,RF_NOISE_FLOOR,-94.7231
2025-01-01 11:46:40,TX_POWER,2.213
2025-01-01 11:46:50,LINK_MARGIN,13.4879
2025-01-01 11:47:00,DATA_RATE_KBPS,81.5746
2025-01-01 11:47:10,PACKET_LOSS_RATE,0.4757
2025-01-01 11:47:20,CPU_USAGE,34.2926
2025-01-01 11:47:30,MEMORY_USAGE,52.5382
2025-01-01 11:47:40,FLASH_WRITE_RATE,1.7113
2025-01-01 11:47:50,WATCHDOG_COUNTER,58.4926
2025-01-01 11:48:00,TANK_PRESSURE,288.0929
2025-01-01 11:48:10,THRUSTER_VALVE_TEMP,17.7195
2025-01-01 11:48:20,BATT_VOLTAGE_1,27.6421
2025-01-01 11:48:30,BATT_VOLTAGE_2,27.3822
2025-01-01 11:48:40,BATT_CURRENT_1,1.686
2025-01-01 11:48:50,BATT_CURRENT_2,2.3619
2025-01-01 11:49:00,BATT_TEMP_1,23.5405
2025-01-01 11:49:10,BATT_TEMP_2,18.9517
2025-01-01 11:49:20,BATT_SOC,74.8766
2025-01-01 11:49:30,SOLAR_PANEL_VOLT_A,29.4311
2025-01-01 11:49:40,SOLAR_PANEL_VOLT_B,29.3506
2025-01-01 11:49:50,SOLAR_PANEL_CURR_A,5.742
2025-01-01 11:50:00,SOLAR_PANEL_CURR_B,5.049
2025-01-01 11:50:10,SOLAR_POWER_TOTAL,91.667
2025-01-01 11:50:20,BUS_VOLTAGE,28.0186
2025-01-01 11:50:30,BUS_CURRENT,8.8637
2025-01-01 11:50:40,THRUSTER_TEMP_1,20.2027
2025-01-01 11:50:50,THRUSTER_TEMP_2,23.4772
2025-01-01 11:51:00,PAYLOAD_TEMP_CAM,20.7761
2025-01-01 11:51:10,PAYLOAD_TEMP_SENSOR,23.1124
2025-01-01 11:51:20,OBC_TEMP,39.5945
2025-01-01 11:51:30,TRANS_TEMP,33.6908
2025-01-01 11:51:40,STRUCT_TEMP_PANEL_X,11.5344
2025-01-01 11:51:50,STRUCT_TEMP_PANEL_Y,3.9612
2025-01-01 11:52:00,STRUCT_TEMP_PANEL_Z,7.1
2025-01-01 11:52:10,RADIATOR_TEMP,-19.9582
2025-01-01 11:52:20,GYRO_X,-0.0407
2025-01-01 11:52:30,GYRO_Y,-0.0362
2025-01-01 11:52:40,GYRO_Z,-0.0339
2025-01-01 11:52:50,MAGNETOMETER_X,-3.5642
2025-01-01 11:53:00,MAGNETOMETER_Y,-32.0014
2025-01-01 11:53:10,MAGNETOMETER_Z,2.687
2025-01-01 11:53:20,REACTION_WHEEL_SPD_X,152.3034
2025-01-01 11:53:30,REACTION_WHEEL_SPD_Y,-1605.6455
2025-01-01 11:53:40,REACTION_WHEEL_SPD_Z,-309.9301
2025-01-01 11:53:50,ATTITUDE_ROLL,-0.2366
2025-01-01 11:54:00,ATTITUDE_PITCH,-1.6687
2025-01-01 11:54:10,ATTITUDE_YAW,-0.9871
2025-01-01 11:54:20,STAR_TRACKER_VALID,0.5164
2025-01-01 11:54:30,SUN_SENSOR_ANGLE,57.4909
2025-01-01 11:54:40,RF_SIGNAL_STRENGTH,-75.7733
2025-01-01 11:54:50,RF_NOISE_FLOOR,-98.4374
2025-01-01 11:55:00,TX_POWER,2.0643
2025-01-01 11:55:10,LINK_MARGIN,14.831
2025-01-01 11:55:20,DATA_RATE_KBPS,124.1669
2025-01-01 11:55:30,PACKET_LOSS_RATE,0.6808
2025-01-01 11:55:40,CPU_USAGE,26.3903
2025-01-01 11:55:50,MEMORY_USAGE,58.3527
2025-01-01 11:56:00,FLASH_WRITE_RATE,1.6341
2025-01-01 11:56:10,WATCHDOG_COUNTER,28.8258
2025-01-01 11:56:20,TANK_PRESSURE,290.8067
2025-01-01 11:56:30,THRUSTER_VALVE_TEMP,18.2243
2025-01-01 11:56:40,BATT_VOLTAGE_1,27.2422
2025-01-01 11:56:50,BATT_VOLTAGE_2,27.7873
2025-01-01 11:57:00,BATT_CURRENT_1,2.3517
2025-01-01 11:57:10,BATT_CURRENT_2,2.4984
2025-01-01 11:57:20,BATT_TEMP_1,22.9389
2025-01-01 11:57:30,BATT_TEMP_2,19.3789
2025-01-01 11:57:40,BATT_SOC,76.2618
2025-01-01 11:57:50,SOLAR_PANEL_VOLT_A,29.9591
2025-01-01 11:58:00,SOLAR_PANEL_VOLT_B,31.1519
2025-01-01 11:58:10,SOLAR_PANEL_CURR_A,4.3579
2025-01-01 11:58:20,SOLAR_PANEL_CURR_B,4.0025
2025-01-01 11:58:30,SOLAR_POWER_TOTAL,98.6722
2025-01-01 11:58:40,BUS_VOLTAGE,28.0138
2025-01-01 11:58:50,BUS_CURRENT,7.0955
2025-01-01 11:59:00,THRUSTER_TEMP_1,23.0698
2025-01-01 11:59:10,THRUSTER_TEMP_2,22.9585
2025-01-01 11:59:20,PAYLOAD_TEMP_CAM,21.9707
2025-01-01 11:59:30,PAYLOAD_TEMP_SENSOR,22.0269
2025-01-01 11:59:40,OBC_TEMP,37.4599
2025-01-01 11:59:50,TRANS_TEMP,31.3821
2025-01-01 12:00:00,STRUCT_TEMP_PANEL_X,7.6486
2025-01-01 12:00:10,STRUCT_TEMP_PANEL_Y,4.4424
2025-01-01 12:00:20,STRUCT_TEMP_PANEL_Z,7.0569
2025-01-01 12:00:30,RADIATOR_TEMP,-18.6731
2025-01-01 12:00:40,GYRO_X,-0.0244
2025-01-01 12:00:50,GYRO_Y,-0.0323
2025-01-01 12:01:00,GYRO_Z,-0.0093
2025-01-01 12:01:10,MAGNETOMETER_X,-17.7783
2025-01-01 12:01:20,MAGNETOMETER_Y,-13.5989
2025-01-01 12:01:30,MAGNETOMETER_Z,-34.721
2025-01-01 12:01:40,REACTION_WHEEL_SPD_X,-1492.156
2025-01-01 12:01:50,REACTION_WHEEL_SPD_Y,-1660.4847
2025-01-01 12:02:00,REACTION_WHEEL_SPD_Z,-949.8438
2025-01-01 12:02:10,ATTITUDE_ROLL,-1.4444
2025-01-01 12:02:20,ATTITUDE_PITCH,-0.9471
2025-01-01 12:02:30,ATTITUDE_YAW,-2.4837
2025-01-01 12:02:40,STAR_TRACKER_VALID,0.285
2025-01-01 12:02:50,SUN_SENSOR_ANGLE,58.3608
2025-01-01 12:03:00,RF_SIGNAL_STRENGTH,-70.8598
2025-01-01 12:03:10,RF_NOISE_FLOOR,-104.0042
2025-01-01 12:03:20,TX_POWER,2.1726
2025-01-01 12:03:30,LINK_MARGIN,10.7228
2025-01-01 12:03:40,DATA_RATE_KBPS,119.7667
2025-01-01 12:03:50,PACKET_LOSS_RATE,1.0181
2025-01-01 12:04:00,CPU_USAGE,26.82
2025-01-01 12:04:10,MEMORY_USAGE,42.9756
2025-01-01 12:04:20,FLASH_WRITE_RATE,1.1639
2025-01-01 12:04:30,WATCHDOG_COUNTER,23.2381
2025-01-01 12:04:40,TANK_PRESSURE,296.6666
2025-01-01 12:04:50,THRUSTER_VALVE_TEMP,17.1907
2025-01-01 12:05:00,BATT_VOLTAGE_1,28.3383
2025-01-01 12:05:10,BATT_VOLTAGE_2,27.172
2025-01-01 12:05:20,BATT_CURRENT_1,1.6659
2025-01-01 12:05:30,BATT_CURRENT_2,2.1878
2025-01-01 12:05:40,BATT_TEMP_1,26.7334
2025-01-01 12:05:50,BATT_TEMP_2,20.9915
2025-01-01 12:06:00,BATT_SOC,79.9508
2025-01-01 12:06:10,SOLAR_PANEL_VOLT_A,30.9716
2025-01-01 12:06:20,SOLAR_PANEL_VOLT_B,29.9767
2025-01-01 12:06:30,SOLAR_PANEL_CURR_A,5.7958
2025-01-01 12:06:40,SOLAR_PANEL_CURR_B,4.4865
2025-01-01 12:06:50,SOLAR_POWER_TOTAL,109.3606
2025-01-01 12:07:00,BUS_VOLTAGE,28.5799
2025-01-01 12:07:10,BUS_CURRENT,6.6881
2025-01-01 12:07:20,THRUSTER_TEMP_1,20.8546
2025-01-01 12:07:30,THRUSTER_TEMP_2,23.7492
2025-01-01 12:07:40,PAYLOAD_TEMP_CAM,22.2734
2025-01-01 12:07:50,PAYLOAD_TEMP_SENSOR,22.4844
2025-01-01 12:08:00,OBC_TEMP,40.8953
2025-01-01 12:08:10,TRANS_TEMP,32.4942
2025-01-01 12:08:20,STRUCT_TEMP_PANEL_X,6.5843
2025-01-01 12:08:30,STRUCT_TEMP_PANEL_Y,27.1438
2025-01-01 12:08:40,STRUCT_TEMP_PANEL_Z,6.8225
2025-01-01 12:08:50,RADIATOR_TEMP,-6.7643
2025-01-01 12:09:00,GYRO_X,-0.0217
2025-01-01 12:09:10,GYRO_Y,-0.0458
2025-01-01 12:09:20,GYRO_Z,-0.0364
2025-01-01 12:09:30,MAGNETOMETER_X,-7.1728
2025-01-01 12:09:40,MAGNETOMETER_Y,-17.7053
2025-01-01 12:09:50,MAGNETOMETER_Z,-33.5608
2025-01-01 12:10:00,REACTION_WHEEL_SPD_X,-1655.8426
2025-01-01 12:10:10,REACTION_WHEEL_SPD_Y,-206.8919
2025-01-01 12:10:20,REACTION_WHEEL_SPD_Z,105.5281
2025-01-01 12:10:30,ATTITUDE_ROLL,-1.5607
2025-01-01 12:10:40,ATTITUDE_PITCH,-1.371
2025-01-01 12:10:50,ATTITUDE_YAW,-3.0443
2025-01-01 12:11:00,STAR_TRACKER_VALID,0.2537
2025-01-01 12:11:10,SUN_SENSOR_ANGLE,67.2248
2025-01-01 12:11:20,RF_SIGNAL_STRENGTH,-74.0997
2025-01-01 12:11:30,RF_NOISE_FLOOR,-95.8802
2025-01-01 12:11:40,TX_POWER,3.1589
2025-01-01 12:11:50,LINK_MARGIN,13.4436
2025-01-01 12:12:00,DATA_RATE_KBPS,82.3889
2025-01-01 12:12:10,PACKET_LOSS_RATE,0.6049
2025-01-01 12:12:20,CPU_USAGE,24.1592
2025-01-01 12:12:30,MEMORY_USAGE,47.8341
2025-01-01 12:12:40,FLASH_WRITE_RATE,2.7973
2025-01-01 12:12:50,WATCHDOG_COUNTER,40.3041
2025-01-01 12:13:00,TANK_PRESSURE,290.779
2025-01-01 12:13:10,THRUSTER_VALVE_TEMP,14.8417
2025-01-01 12:13:20,BATT_VOLTAGE_1,27.5016
2025-01-01 12:13:30,BATT_VOLTAGE_2,27.8432
2025-01-01 12:13:40,BATT_CURRENT_1,1.843
2025-01-01 12:13:50,BATT_CURRENT_2,1.6887
2025-01-01 12:14:00,BATT_TEMP_1,21.4973
2025-01-01 12:14:10,BATT_TEMP_2,21.0285
2025-01-01 12:14:20,BATT_SOC,73.8109
2025-01-01 12:14:30,SOLAR_PANEL_VOLT_A,30.1048
2025-01-01 12:14:40,SOLAR_PANEL_VOLT_B,29.5086
2025-01-01 12:14:50,SOLAR_PANEL_CURR_A,4.9126
2025-01-01 12:15:00,SOLAR_PANEL_CURR_B,5.3296
2025-01-01 12:15:10,SOLAR_POWER_TOTAL,94.2175
2025-01-01 12:15:20,BUS_VOLTAGE,28.6966
2025-01-01 12:15:30,BUS_CURRENT,7.5614
2025-01-01 12:15:40,THRUSTER_TEMP_1,20.3928
2025-01-01 12:15:50,THRUSTER_TEMP_2,21.6555
2025-01-01 12:16:00,PAYLOAD_TEMP_CAM,21.4098
2025-01-01 12:16:10,PAYLOAD_TEMP_SENSOR,20.3413
2025-01-01 12:16:20,OBC_TEMP,35.5763
2025-01-01 12:16:30,TRANS_TEMP,40.3085
2025-01-01 12:16:40,STRUCT_TEMP_PANEL_X,8.6342
2025-01-01 12:16:50,STRUCT_TEMP_PANEL_Y,7.8165
2025-01-01 12:17:00,STRUCT_TEMP_PANEL_Z,-0.874
2025-01-01 12:17:10,RADIATOR_TEMP,-20.6521
2025-01-01 12:17:20,GYRO_X,-0.0457
2025-01-01 12:17:30,GYRO_Y,0.0041
2025-01-01 12:17:40,GYRO_Z,-0.0433
2025-01-01 12:17:50,MAGNETOMETER_X,-31.7955
2025-01-01 12:18:00,MAGNETOMETER_Y,-29.229
2025-01-01 12:18:10,MAGNETOMETER_Z,-11.1918
2025-01-01 12:18:20,REACTION_WHEEL_SPD_X,-672.2304
2025-01-01 12:18:30,REACTION_WHEEL_SPD_Y,-565.8824
2025-01-01 12:18:40,REACTION_WHEEL_SPD_Z,-805.0848
2025-01-01 12:18:50,ATTITUDE_ROLL,-1.445
2025-01-01 12:19:00,ATTITUDE_PITCH,0.2786
2025-01-01 12:19:10,ATTITUDE_YAW,-2.3317
2025-01-01 12:19:20,STAR_TRACKER_VALID,0.2317
2025-01-01 12:19:30,SUN_SENSOR_ANGLE,44.9764
2025-01-01 12:19:40,RF_SIGNAL_STRENGTH,-72.0864
2025-01-01 12:19:50,RF_NOISE_FLOOR,-98.2259
2025-01-01 12:20:00,TX_POWER,2.5991
2025-01-01 12:20:10,LINK_MARGIN,10.4535
2025-01-01 12:20:20,DATA_RATE_KBPS,103.8634
2025-01-01 12:20:30,PACKET_LOSS_RATE,0.3884
2025-01-01 12:20:40,CPU_USAGE,30.4024
2025-01-01 12:20:50,MEMORY_USAGE,45.2273
2025-01-01 12:21:00,FLASH_WRITE_RATE,1.1564
2025-01-01 12:21:10,WATCHDOG_COUNTER,22.8061
2025-01-01 12:21:20,TANK_PRESSURE,293.0538
2025-01-01 12:21:30,THRUSTER_VALVE_TEMP,17.9294
2025-01-01 12:21:40,BATT_VOLTAGE_1,27.1731
2025-01-01 12:21:50,BATT_VOLTAGE_2,27.853
2025-01-01 12:22:00,BATT_CURRENT_1,2.4208
2025-01-01 12:22:10,BATT_CURRENT_2,1.8529
2025-01-01 12:22:20,BATT_TEMP_1,26.7425
2025-01-01 12:22:30,BATT_TEMP_2,20.0574
2025-01-01 12:22:40,BATT_SOC,81.0771
2025-01-01 12:22:50,SOLAR_PANEL_VOLT_A,30.2199
2025-01-01 12:23:00,SOLAR_PANEL_VOLT_B,29.647
2025-01-01 12:23:10,SOLAR_PANEL_CURR_A,4.1188
2025-01-01 12:23:20,SOLAR_PANEL_CURR_B,5.9408
2025-01-01 12:23:30,SOLAR_POWER_TOTAL,96.5375
2025-01-01 12:23:40,BUS_VOLTAGE,28.6819
2025-01-01 12:23:50,BUS_CURRENT,7.1004
2025-01-01 12:24:00,THRUSTER_TEMP_1,19.1626
2025-01-01 12:24:10,THRUSTER_TEMP_2,19.2924
2025-01-01 12:24:20,PAYLOAD_TEMP_CAM,21.5953
2025-01-01 12:24:30,PAYLOAD_TEMP_SENSOR,21.8814
2025-01-01 12:24:40,OBC_TEMP,37.8128
2025-01-01 12:24:50,TRANS_TEMP,34.6562
2025-01-01 12:25:00,STRUCT_TEMP_PANEL_X,11.4839
2025-01-01 12:25:10,STRUCT_TEMP_PANEL_Y,7.9716
2025-01-01 12:25:20,STRUCT_TEMP_PANEL_Z,8.0702
2025-01-01 12:25:30,RADIATOR_TEMP,-10.9497
2025-01-01 12:25:40,GYRO_X,-0.0335
2025-01-01 12:25:50,GYRO_Y,-0.0496
2025-01-01 12:26:00,GYRO_Z,-0.0383
2025-01-01 12:26:10,MAGNETOMETER_X,-18.0782
2025-01-01 12:26:20,MAGNETOMETER_Y,1.7886
2025-01-01 12:26:30,MAGNETOMETER_Z,-33.0696
2025-01-01 12:26:40,REACTION_WHEEL_SPD_X,-2019.4286
2025-01-01 12:26:50,REACTION_WHEEL_SPD_Y,-1279.5564
2025-01-01 12:27:00,REACTION_WHEEL_SPD_Z,-1202.5906
2025-01-01 12:27:10,ATTITUDE_ROLL,-0.9916
2025-01-01 12:27:20,ATTITUDE_PITCH,-0.2328
2025-01-01 12:27:30,ATTITUDE_YAW,-1.8404
2025-01-01 12:27:40,STAR_TRACKER_VALID,0.555
2025-01-01 12:27:50,SUN_SENSOR_ANGLE,69.3588
2025-01-01 12:28:00,RF_SIGNAL_STRENGTH,-75.504
2025-01-01 12:28:10,RF_NOISE_FLOOR,-97.2629
2025-01-01 12:28:20,TX_POWER,1.947
2025-01-01 12:28:30,LINK_MARGIN,11.1006
2025-01-01 12:28:40,DATA_RATE_KBPS,121.8821
2025-01-01 12:28:50,PACKET_LOSS_RATE,0.8472
2025-01-01 12:29:00,CPU_USAGE,38.2819
2025-01-01 12:29:10,MEMORY_USAGE,45.1647
2025-01-01 12:29:20,FLASH_WRITE_RATE,2.6029
2025-01-01 12:29:30,WATCHDOG_COUNTER,29.638
2025-01-01 12:29:40,TANK_PRESSURE,290.72
2025-01-01 12:29:50,THRUSTER_VALVE_TEMP,16.4531
2025-01-01 12:30:00,BATT_VOLTAGE_1,27.4902
2025-01-01 12:30:10,BATT_VOLTAGE_2,27.4284
2025-01-01 12:30:20,BATT_CURRENT_1,2.2923
2025-01-01 12:30:30,BATT_CURRENT_2,1.7957
2025-01-01 12:30:40,BATT_TEMP_1,22.7288
2025-01-01 12:30:50,BATT_TEMP_2,19.9088
2025-01-01 12:31:00,BATT_SOC,73.0206
2025-01-01 12:31:10,SOLAR_PANEL_VOLT_A,30.0943
2025-01-01 12:31:20,SOLAR_PANEL_VOLT_B,29.4897
2025-01-01 12:31:30,SOLAR_PANEL_CURR_A,4.4064
2025-01-01 12:31:40,SOLAR_PANEL_CURR_B,5.0002
2025-01-01 12:31:50,SOLAR_POWER_TOTAL,108.0429
2025-01-01 12:32:00,BUS_VOLTAGE,28.0867
2025-01-01 12:32:10,BUS_CURRENT,8.5748
2025-01-01 12:32:20,THRUSTER_TEMP_1,19.5705
2025-01-01 12:32:30,THRUSTER_TEMP_2,21.4834
2025-01-01 12:32:40,PAYLOAD_TEMP_CAM,21.0908
2025-01-01 12:32:50,PAYLOAD_TEMP_SENSOR,20.7375
2025-01-01 12:33:00,OBC_TEMP,36.4444
2025-01-01 12:33:10,TRANS_TEMP,31.1494
2025-01-01 12:33:20,STRUCT_TEMP_PANEL_X,20.1972
2025-01-01 12:33:30,STRUCT_TEMP_PANEL_Y,7.9954
2025-01-01 12:33:40,STRUCT_TEMP_PANEL_Z,4.2852
2025-01-01 12:33:50,RADIATOR_TEMP,-20.0625
2025-01-01 12:34:00,GYRO_X,-0.0214
2025-01-01 12:34:10,GYRO_Y,-0.0065
2025-01-01 12:34:20,GYRO_Z,-0.0394
2025-01-01 12:34:30,MAGNETOMETER_X,2.5716
2025-01-01 12:34:40,MAGNETOMETER_Y,-20.1573
2025-01-01 12:34:50,MAGNETOMETER_Z,-0.9669
2025-01-01 12:35:00,REACTION_WHEEL_SPD_X,-1057.7436
2025-01-01 12:35:10,REACTION_WHEEL_SPD_Y,-1086.1792
2025-01-01 12:35:20,REACTION_WHEEL_SPD_Z,-861.736
2025-01-01 12:35:30,ATTITUDE_ROLL,-0.4014
2025-01-01 12:35:40,ATTITUDE_PITCH,-0.6324
2025-01-01 12:35:50,ATTITUDE_YAW,-0.9806
2025-01-01 12:36:00,STAR_TRACKER_VALID,0.3671
2025-01-01 12:36:10,SUN_SENSOR_ANGLE,44.2696
2025-01-01 12:36:20,RF_SIGNAL_STRENGTH,-73.1947
2025-01-01 12:36:30,RF_NOISE_FLOOR,-98.4616
2025-01-01 12:36:40,TX_POWER,1.9285
2025-01-01 12:36:50,LINK_MARGIN,11.6723
2025-01-01 12:37:00,DATA_RATE_KBPS,91.6751
2025-01-01 12:37:10,PACKET_LOSS_RATE,0.5549
2025-01-01 12:37:20,CPU_USAGE,33.3263
2025-01-01 12:37:30,MEMORY_USAGE,44.2244
2025-01-01 12:37:40,FLASH_WRITE_RATE,1.538
2025-01-01 12:37:50,WATCHDOG_COUNTER,29.3423
2025-01-01 12:38:00,TANK_PRESSURE,297.0928
2025-01-01 12:38:10,THRUSTER_VALVE_TEMP,14.1124
2025-01-01 12:38:20,BATT_VOLTAGE_1,27.5273
2025-01-01 12:38:30,BATT_VOLTAGE_2,27.2984
2025-01-01 12:38:40,BATT_CURRENT_1,2.089
2025-01-01 12:38:50,BATT_CURRENT_2,1.7357
2025-01-01 12:39:00,BATT_TEMP_1,24.5174
2025-01-01 12:39:10,BATT_TEMP_2,26.2817
2025-01-01 12:39:20,BATT_SOC,70.5687
2025-01-01 12:39:30,SOLAR_PANEL_VOLT_A,29.4554
2025-01-01 12:39:40,SOLAR_PANEL_VOLT_B,30.3658
2025-01-01 12:39:50,SOLAR_PANEL_CURR_A,4.4544
2025-01-01 12:40:00,SOLAR_PANEL_CURR_B,3.9264
2025-01-01 12:40:10,SOLAR_POWER_TOTAL,100.7503
2025-01-01 12:40:20,BUS_VOLTAGE,28.0254
2025-01-01 12:40:30,BUS_CURRENT,6.8236
2025-01-01 12:40:40,THRUSTER_TEMP_1,22.2572
2025-01-01 12:40:50,THRUSTER_TEMP_2,19.4315
2025-01-01 12:41:00,PAYLOAD_TEMP_CAM,20.5806
2025-01-01 12:41:10,PAYLOAD_TEMP_SENSOR,21.7221
2025-01-01 12:41:20,OBC_TEMP,38.6254
2025-01-01 12:41:30,TRANS_TEMP,35.1122
2025-01-01 12:41:40,STRUCT_TEMP_PANEL_X,15.5577
2025-01-01 12:41:50,STRUCT_TEMP_PANEL_Y,6.5544
2025-01-01 12:42:00,STRUCT_TEMP_PANEL_Z,21.7055
2025-01-01 12:42:10,RADIATOR_TEMP,-17.1113
2025-01-01 12:42:20,GYRO_X,-0.047
2025-01-01 12:42:30,GYRO_Y,-0.0231
2025-01-01 12:42:40,GYRO_Z,-0.0122
2025-01-01 12:42:50,MAGNETOMETER_X,-33.409
2025-01-01 12:43:00,MAGNETOMETER_Y,-27.969
2025-01-01 12:43:10,MAGNETOMETER_Z,-26.4917
2025-01-01 12:43:20,REACTION_WHEEL_SPD_X,-622.8426
2025-01-01 12:43:30,REACTION_WHEEL_SPD_Y,-1122.1553
2025-01-01 12:43:40,REACTION_WHEEL_SPD_Z,-1441.4687
2025-01-01 12:43:50,ATTITUDE_ROLL,-1.6847
2025-01-01 12:44:00,ATTITUDE_PITCH,0.0378
2025-01-01 12:44:10,ATTITUDE_YAW,-2.1805
2025-01-01 12:44:20,STAR_TRACKER_VALID,0.2779
2025-01-01 12:44:30,SUN_SENSOR_ANGLE,65.3789
2025-01-01 12:44:40,RF_SIGNAL_STRENGTH,-66.0732
2025-01-01 12:44:50,RF_NOISE_FLOOR,-94.7192
2025-01-01 12:45:00,TX_POWER,2.1608
2025-01-01 12:45:10,LINK_MARGIN,11.0843
2025-01-01 12:45:20,DATA_RATE_KBPS,83.7323
2025-01-01 12:45:30,PACKET_LOSS_RATE,0.6364
2025-01-01 12:45:40,CPU_USAGE,24.4442
2025-01-01 12:45:50,MEMORY_USAGE,49.526
2025-01-01 12:46:00,FLASH_WRITE_RATE,1.6605
2025-01-01 12:46:10,WATCHDOG_COUNTER,32.2858
2025-01-01 12:46:20,TANK_PRESSURE,287.9162
2025-01-01 12:46:30,THRUSTER_VALVE_TEMP,14.3746
2025-01-01 12:46:40,BATT_VOLTAGE_1,28.2259
2025-01-01 12:46:50,BATT_VOLTAGE_2,27.6688
2025-01-01 12:47:00,BATT_CURRENT_1,2.1243
2025-01-01 12:47:10,BATT_CURRENT_2,1.6936
2025-01-01 12:47:20,BATT_TEMP_1,23.2237
2025-01-01 12:47:30,BATT_TEMP_2,22.4356
2025-01-01 12:47:40,BATT_SOC,73.0859
2025-01-01 12:47:50,SOLAR_PANEL_VOLT_A,29.4825
2025-01-01 12:48:00,SOLAR_PANEL_VOLT_B,30.0531
2025-01-01 12:48:10,SOLAR_PANEL_CURR_A,4.4142
2025-01-01 12:48:20,SOLAR_PANEL_CURR_B,5.059
2025-01-01 12:48:30,SOLAR_POWER_TOTAL,100.2354
2025-01-01 12:48:40,BUS_VOLTAGE,28.5579
2025-01-01 12:48:50,BUS_CURRENT,7.4487
2025-01-01 12:49:00,THRUSTER_TEMP_1,20.785
2025-01-01 12:49:10,THRUSTER_TEMP_2,20.8562
2025-01-01 12:49:20,PAYLOAD_TEMP_CAM,19.8687
2025-01-01 12:49:30,PAYLOAD_TEMP_SENSOR,23.6197
2025-01-01 12:49:40,OBC_TEMP,44.2937
2025-01-01 12:49:50,TRANS_TEMP,31.2519
2025-01-01 12:50:00,STRUCT_TEMP_PANEL_X,10.5268
2025-01-01 12:50:10,STRUCT_TEMP_PANEL_Y,11.5384
2025-01-01 12:50:20,STRUCT_TEMP_PANEL_Z,13.2484
2025-01-01 12:50:30,RADIATOR_TEMP,-18.149
2025-01-01 12:50:40,GYRO_X,-0.0237
2025-01-01 12:50:50,GYRO_Y,-0.0406
2025-01-01 12:51:00,GYRO_Z,-0.0328
2025-01-01 12:51:10,MAGNETOMETER_X,-19.5529
2025-01-01 12:51:20,MAGNETOMETER_Y,-27.016
2025-01-01 12:51:30,MAGNETOMETER_Z,-32.0446
2025-01-01 12:51:40,REACTION_WHEEL_SPD_X,-1468.6302
2025-01-01 12:51:50,REACTION_WHEEL_SPD_Y,-1486.9593
2025-01-01 12:52:00,REACTION_WHEEL_SPD_Z,-1052.3989
2025-01-01 12:52:10,ATTITUDE_ROLL,-1.6401
2025-01-01 12:52:20,ATTITUDE_PITCH,0.2001
2025-01-01 12:52:30,ATTITUDE_YAW,-1.7747
2025-01-01 12:52:40,STAR_TRACKER_VALID,0.3965
2025-01-01 12:52:50,SUN_SENSOR_ANGLE,61.9434
2025-01-01 12:53:00,RF_SIGNAL_STRENGTH,-71.8336
2025-01-01 12:53:10,RF_NOISE_FLOOR,-102.8783
2025-01-01 12:53:20,TX_POWER,2.243
2025-01-01 12:53:30,LINK_MARGIN,10.4994
2025-01-01 12:53:40,DATA_RATE_KBPS,118.52
2025-01-01 12:53:50,PACKET_LOSS_RATE,0.91
2025-01-01 12:54:00,CPU_USAGE,34.7501
2025-01-01 12:54:10,MEMORY_USAGE,43.1054
2025-01-01 12:54:20,FLASH_WRITE_RATE,2.312
2025-01-01 12:54:30,WATCHDOG_COUNTER,38.6474
2025-01-01 12:54:40,TANK_PRESSURE,294.6299
2025-01-01 12:54:50,THRUSTER_VALVE_TEMP,15.443
2025-01-01 12:55:00,BATT_VOLTAGE_1,27.7422
2025-01-01 12:55:10,BATT_VOLTAGE_2,27.9615
2025-01-01 12:55:20,BATT_CURRENT_1,1.9529
2025-01-01 12:55:30,BATT_CURRENT_2,2.2698
2025-01-01 12:55:40,BATT_TEMP_1,24.9678
2025-01-01 12:55:50,BATT_TEMP_2,23.9786
2025-01-01 12:56:00,BATT_SOC,70.0336
2025-01-01 12:56:10,SOLAR_PANEL_VOLT_A,30.5957
2025-01-01 12:56:20,SOLAR_PANEL_VOLT_B,30.1905
2025-01-01 12:56:30,SOLAR_PANEL_CURR_A,4.6271
2025-01-01 12:56:40,SOLAR_PANEL_CURR_B,5.1315
2025-01-01 12:56:50,SOLAR_POWER_TOTAL,99.4203
2025-01-01 12:57:00,BUS_VOLTAGE,28.0065
2025-01-01 12:57:10,BUS_CURRENT,7.9771
2025-01-01 12:57:20,THRUSTER_TEMP_1,19.0967
2025-01-01 12:57:30,THRUSTER_TEMP_2,20.6478
2025-01-01 12:57:40,PAYLOAD_TEMP_CAM,20.2755
2025-01-01 12:57:50,PAYLOAD_TEMP_SENSOR,21.2304
2025-01-01 12:58:00,OBC_TEMP,37.9712
2025-01-01 12:58:10,TRANS_TEMP,33.9767
2025-01-01 12:58:20,STRUCT_TEMP_PANEL_X,15.6835
2025-01-01 12:58:30,STRUCT_TEMP_PANEL_Y,7.7039
2025-01-01 12:58:40,STRUCT_TEMP_PANEL_Z,7.5615
2025-01-01 12:58:50,RADIATOR_TEMP,-19.1988
2025-01-01 12:59:00,GYRO_X,-0.0004
2025-01-01 12:59:10,GYRO_Y,-0.0263
2025-01-01 12:59:20,GYRO_Z,-0.0278
2025-01-01 12:59:30,MAGNETOMETER_X,-16.3141
2025-01-01 12:59:40,MAGNETOMETER_Y,-23.9831
2025-01-01 12:59:50,MAGNETOMETER_Z,-13.775
2025-01-01 13:00:00,REACTION_WHEEL_SPD_X,-1514.1652
2025-01-01 13:00:10,REACTION_WHEEL_SPD_Y,-313.9258
2025-01-01 13:00:20,REACTION_WHEEL_SPD_Z,-578.197
2025-01-01 13:00:30,ATTITUDE_ROLL,-0.9709
2025-01-01 13:00:40,ATTITUDE_PITCH,-1.4233
2025-01-01 13:00:50,ATTITUDE_YAW,-0.5197
2025-01-01 13:01:00,STAR_TRACKER_VALID,0.1785
2025-01-01 13:01:10,SUN_SENSOR_ANGLE,56.9602
2025-01-01 13:01:20,RF_SIGNAL_STRENGTH,-71.1954
2025-01-01 13:01:30,RF_NOISE_FLOOR,-98.3862
2025-01-01 13:01:40,TX_POWER,3.3138
2025-01-01 13:01:50,LINK_MARGIN,13.6002
2025-01-01 13:02:00,DATA_RATE_KBPS,103.8548
2025-01-01 13:02:10,PACKET_LOSS_RATE,0.7664
2025-01-01 13:02:20,CPU_USAGE,37.7433
2025-01-01 13:02:30,MEMORY_USAGE,41.9909
2025-01-01 13:02:40,FLASH_WRITE_RATE,1.9721
2025-01-01 13:02:50,WATCHDOG_COUNTER,34.5267
2025-01-01 13:03:00,TANK_PRESSURE,293.7642
2025-01-01 13:03:10,THRUSTER_VALVE_TEMP,15.9495
2025-01-01 13:03:20,BATT_VOLTAGE_1,27.3875
2025-01-01 13:03:30,BATT_VOLTAGE_2,27.8686
2025-01-01 13:03:40,BATT_CURRENT_1,2.2839
2025-01-01 13:03:50,BATT_CURRENT_2,1.9492
2025-01-01 13:04:00,BATT_TEMP_1,24.9942
2025-01-01 13:04:10,BATT_TEMP_2,20.7125
2025-01-01 13:04:20,BATT_SOC,74.1906
2025-01-01 13:04:30,SOLAR_PANEL_VOLT_A,30.5925
2025-01-01 13:04:40,SOLAR_PANEL_VOLT_B,31.2468
2025-01-01 13:04:50,SOLAR_PANEL_CURR_A,4.5022
2025-01-01 13:05:00,SOLAR_PANEL_CURR_B,4.345
2025-01-01 13:05:10,SOLAR_POWER_TOTAL,94.7543
2025-01-01 13:05:20,BUS_VOLTAGE,28.382
2025-01-01 13:05:30,BUS_CURRENT,7.2775
2025-01-01 13:05:40,THRUSTER_TEMP_1,18.9955
2025-01-01 13:05:50,THRUSTER_TEMP_2,19.6328
2025-01-01 13:06:00,PAYLOAD_TEMP_CAM,20.3892
2025-01-01 13:06:10,PAYLOAD_TEMP_SENSOR,20.5025
2025-01-01 13:06:20,OBC_TEMP,37.7918
2025-01-01 13:06:30,TRANS_TEMP,31.9398
2025-01-01 13:06:40,STRUCT_TEMP_PANEL_X,9.2007
2025-01-01 13:06:50,STRUCT_TEMP_PANEL_Y,3.7174
2025-01-01 13:07:00,STRUCT_TEMP_PANEL_Z,11.2794
2025-01-01 13:07:10,RADIATOR_TEMP,-18.3496
2025-01-01 13:07:20,GYRO_X,-0.0374
2025-01-01 13:07:30,GYRO_Y,-0.0307
2025-01-01 13:07:40,GYRO_Z,-0.0221
2025-01-01 13:07:50,MAGNETOMETER_X,8.887
2025-01-01 13:08:00,MAGNETOMETER_Y,-22.1427
2025-01-01 13:08:10,MAGNETOMETER_Z,-18.5656
2025-01-01 13:08:20,REACTION_WHEEL_SPD_X,-724.5989
2025-01-01 13:08:30,REACTION_WHEEL_SPD_Y,-1102.1417
2025-01-01 13:08:40,REACTION_WHEEL_SPD_Z,-1196.1096
2025-01-01 13:08:50,ATTITUDE_ROLL,-1.3348
2025-01-01 13:09:00,ATTITUDE_PITCH,-1.1682
2025-01-01 13:09:10,ATTITUDE_YAW,-2.6791
2025-01-01 13:09:20,STAR_TRACKER_VALID,0.241
2025-01-01 13:09:30,SUN_SENSOR_ANGLE,29.6465
2025-01-01 13:09:40,RF_SIGNAL_STRENGTH,-75.6337
2025-01-01 13:09:50,RF_NOISE_FLOOR,-96.2812
2025-01-01 13:10:00,TX_POWER,2.6376
2025-01-01 13:10:10,LINK_MARGIN,13.2482
2025-01-01 13:10:20,DATA_RATE_KBPS,119.3621
2025-01-01 13:10:30,PACKET_LOSS_RATE,0.5588
2025-01-01 13:10:40,CPU_USAGE,26.5635
2025-01-01 13:10:50,MEMORY_USAGE,42.5332
2025-01-01 13:11:00,FLASH_WRITE_RATE,1.6376
2025-01-01 13:11:10,WATCHDOG_COUNTER,29.5223
2025-01-01 13:11:20,TANK_PRESSURE,292.9354
2025-01-01 13:11:30,THRUSTER_VALVE_TEMP,16.5299
2025-01-01 13:11:40,BATT_VOLTAGE_1,27.3608
2025-01-01 13:11:50,BATT_VOLTAGE_2,27.3028
2025-01-01 13:12:00,BATT_CURRENT_1,2.1382
2025-01-01 13:12:10,BATT_CURRENT_2,2.0414
2025-01-01 13:12:20,BATT_TEMP_1,24.3435
2025-01-01 13:12:30,BATT_TEMP_2,20.6931
2025-01-01 13:12:40,BATT_SOC,73.6812
2025-01-01 13:12:50,SOLAR_PANEL_VOLT_A,29.7572
2025-01-01 13:13:00,SOLAR_PANEL_VOLT_B,29.6155
2025-01-01 13:13:10,SOLAR_PANEL_CURR_A,4.114
2025-01-01 13:13:20,SOLAR_PANEL_CURR_B,5.277
2025-01-01 13:13:30,SOLAR_POWER_TOTAL,102.405
2025-01-01 13:13:40,BUS_VOLTAGE,28.0851
2025-01-01 13:13:50,BUS_CURRENT,7.5863
2025-01-01 13:14:00,THRUSTER_TEMP_1,18.9474
2025-01-01 13:14:10,THRUSTER_TEMP_2,19.3182
2025-01-01 13:14:20,PAYLOAD_TEMP_CAM,22.0188
2025-01-01 13:14:30,PAYLOAD_TEMP_SENSOR,21.2263
2025-01-01 13:14:40,OBC_TEMP,41.1668
2025-01-01 13:14:50,TRANS_TEMP,35.6241
2025-01-01 13:15:00,STRUCT_TEMP_PANEL_X,15.0035
2025-01-01 13:15:10,STRUCT_TEMP_PANEL_Y,5.4922
2025-01-01 13:15:20,STRUCT_TEMP_PANEL_Z,3.873
2025-01-01 13:15:30,RADIATOR_TEMP,-18.5651
2025-01-01 13:15:40,GYRO_X,-0.0332
2025-01-01 13:15:50,GYRO_Y,-0.0411
2025-01-01 13:16:00,GYRO_Z,-0.0166
2025-01-01 13:16:10,MAGNETOMETER_X,-31.2685
2025-01-01 13:16:20,MAGNETOMETER_Y,-3.115
2025-01-01 13:16:30,MAGNETOMETER_Z,-17.7056
2025-01-01 13:16:40,REACTION_WHEEL_SPD_X,199.3555
2025-01-01 13:16:50,REACTION_WHEEL_SPD_Y,-583.5368
2025-01-01 13:17:00,REACTION_WHEEL_SPD_Z,-723.8228
2025-01-01 13:17:10,ATTITUDE_ROLL,-1.9423
2025-01-01 13:17:20,ATTITUDE_PITCH,-0.3108
2025-01-01 13:17:30,ATTITUDE_YAW,-0.0467
2025-01-01 13:17:40,STAR_TRACKER_VALID,0.2929
2025-01-01 13:17:50,SUN_SENSOR_ANGLE,68.068
2025-01-01 13:18:00,RF_SIGNAL_STRENGTH,-64.0558
2025-01-01 13:18:10,RF_NOISE_FLOOR,-96.572
2025-01-01 13:18:20,TX_POWER,2.6506
2025-01-01 13:18:30,LINK_MARGIN,12.027
2025-01-01 13:18:40,DATA_RATE_KBPS,119.6621
2025-01-01 13:18:50,PACKET_LOSS_RATE,0.599
2025-01-01 13:19:00,CPU_USAGE,25.2498
2025-01-01 13:19:10,MEMORY_USAGE,42.7248
2025-01-01 13:19:20,FLASH_WRITE_RATE,1.1303
2025-01-01 13:19:30,WATCHDOG_COUNTER,16.9582
2025-01-01 13:19:40,TANK_PRESSURE,292.3541
2025-01-01 13:19:50,THRUSTER_VALVE_TEMP,16.1424
2025-01-01 13:20:00,BATT_VOLTAGE_1,27.8919
2025-01-01 13:20:10,BATT_VOLTAGE_2,27.482
2025-01-01 13:20:20,BATT_CURRENT_1,1.6608
2025-01-01 13:20:30,BATT_CURRENT_2,2.6427
2025-01-01 13:20:40,BATT_TEMP_1,21.4952
2025-01-01 13:20:50,BATT_TEMP_2,19.9711
2025-01-01 13:21:00,BATT_SOC,68.1042
2025-01-01 13:21:10,SOLAR_PANEL_VOLT_A,29.7652
2025-01-01 13:21:20,SOLAR_PANEL_VOLT_B,29.5932
2025-01-01 13:21:30,SOLAR_PANEL_CURR_A,4.3043
2025-01-01 13:21:40,SOLAR_PANEL_CURR_B,4.3272
2025-01-01 13:21:50,SOLAR_POWER_TOTAL,91.1802
2025-01-01 13:22:00,BUS_VOLTAGE,28.4102
2025-01-01 13:22:10,BUS_CURRENT,8.4598
2025-01-01 13:22:20,THRUSTER_TEMP_1,20.5003
2025-01-01 13:22:30,THRUSTER_TEMP_2,19.8766
2025-01-01 13:22:40,PAYLOAD_TEMP_CAM,20.3282
2025-01-01 13:22:50,PAYLOAD_TEMP_SENSOR,20.8396
2025-01-01 13:23:00,OBC_TEMP,37.1241
2025-01-01 13:23:10,TRANS_TEMP,34.7273
2025-01-01 13:23:20,STRUCT_TEMP_PANEL_X,19.1798
2025-01-01 13:23:30,STRUCT_TEMP_PANEL_Y,14.979
2025-01-01 13:23:40,STRUCT_TEMP_PANEL_Z,9.3978
2025-01-01 13:23:50,RADIATOR_TEMP,-18.2848
2025-01-01 13:24:00,GYRO_X,-0.014
2025-01-01 13:24:10,GYRO_Y,-0.029
2025-01-01 13:24:20,GYRO_Z,-0.029
2025-01-01 13:24:30,MAGNETOMETER_X,-24.3115
2025-01-01 13:24:40,MAGNETOMETER_Y,-16.718
2025-01-01 13:24:50,MAGNETOMETER_Z,-22.9333
2025-01-01 13:25:00,REACTION_WHEEL_SPD_X,-560.7591
2025-01-01 13:25:10,REACTION_WHEEL_SPD_Y,-1294.4988
2025-01-01 13:25:20,REACTION_WHEEL_SPD_Z,-747.9334
2025-01-01 13:25:30,ATTITUDE_ROLL,-1.2855
2025-01-01 13:25:40,ATTITUDE_PITCH,-1.4366
2025-01-01 13:25:50,ATTITUDE_YAW,-2.3543
2025-01-01 13:26:00,STAR_TRACKER_VALID,0.4906
2025-01-01 13:26:10,SUN_SENSOR_ANGLE,72.2484
2025-01-01 13:26:20,RF_SIGNAL_STRENGTH,-73.6829
2025-01-01 13:26:30,RF_NOISE_FLOOR,-104.4206
2025-01-01 13:26:40,TX_POWER,2.8645
2025-01-01 13:26:50,LINK_MARGIN,13.0508
2025-01-01 13:27:00,DATA_RATE_KBPS,90.0496
2025-01-01 13:27:10,PACKET_LOSS_RATE,0.9322
2025-01-01 13:27:20,CPU_USAGE,18.4271
2025-01-01 13:27:30,MEMORY_USAGE,39.2608
2025-01-01 13:27:40,FLASH_WRITE_RATE,2.2994
2025-01-01 13:27:50,WATCHDOG_COUNTER,50.7132
2025-01-01 13:28:00,TANK_PRESSURE,294.4544
2025-01-01 13:28:10,THRUSTER_VALVE_TEMP,16.8993
2025-01-01 13:28:20,BATT_VOLTAGE_1,27.3022
2025-01-01 13:28:30,BATT_VOLTAGE_2,27.4452
2025-01-01 13:28:40,BATT_CURRENT_1,1.8142
2025-01-01 13:28:50,BATT_CURRENT_2,1.8967
2025-01-01 13:29:00,BATT_TEMP_1,19.4991
2025-01-01 13:29:10,BATT_TEMP_2,21.537
2025-01-01 13:29:20,BATT_SOC,80.7739
2025-01-01 13:29:30,SOLAR_PANEL_VOLT_A,29.8098
2025-01-01 13:29:40,SOLAR_PANEL_VOLT_B,31.0725
2025-01-01 13:29:50,SOLAR_PANEL_CURR_A,4.8105
2025-01-01 13:30:00,SOLAR_PANEL_CURR_B,5.1635
2025-01-01 13:30:10,SOLAR_POWER_TOTAL,104.2544
2025-01-01 13:30:20,BUS_VOLTAGE,28.2599
2025-01-01 13:30:30,BUS_CURRENT,6.1623
2025-01-01 13:30:40,THRUSTER_TEMP_1,19.7893
2025-01-01 13:30:50,THRUSTER_TEMP_2,22.718
2025-01-01 13:31:00,PAYLOAD_TEMP_CAM,20.1365
2025-01-01 13:31:10,PAYLOAD_TEMP_SENSOR,21.5766
2025-01-01 13:31:20,OBC_TEMP,39.4072
2025-01-01 13:31:30,TRANS_TEMP,29.9679
2025-01-01 13:31:40,STRUCT_TEMP_PANEL_X,9.6076
2025-01-01 13:31:50,STRUCT_TEMP_PANEL_Y,4.5669
2025-01-01 13:32:00,STRUCT_TEMP_PANEL_Z,6.4303
2025-01-01 13:32:10,RADIATOR_TEMP,-16.4142
2025-01-01 13:32:20,GYRO_X,-0.0042
2025-01-01 13:32:30,GYRO_Y,-0.0447
2025-01-01 13:32:40,GYRO_Z,-0.0306
2025-01-01 13:32:50,MAGNETOMETER_X,0.383
2025-01-01 13:33:00,MAGNETOMETER_Y,-19.4854
2025-01-01 13:33:10,MAGNETOMETER_Z,-23.941
2025-01-01 13:33:20,REACTION_WHEEL_SPD_X,-1145.3921
2025-01-01 13:33:30,REACTION_WHEEL_SPD_Y,-1553.4867
2025-01-01 13:33:40,REACTION_WHEEL_SPD_Z,-820.7751
2025-01-01 13:33:50,ATTITUDE_ROLL,-0.4975
2025-01-01 13:34:00,ATTITUDE_PITCH,0.4119
2025-01-01 13:34:10,ATTITUDE_YAW,-1.8192
2025-01-01 13:34:20,STAR_TRACKER_VALID,0.4919
2025-01-01 13:34:30,SUN_SENSOR_ANGLE,47.8628
2025-01-01 13:34:40,RF_SIGNAL_STRENGTH,-73.4802
2025-01-01 13:34:50,RF_NOISE_FLOOR,-103.4986
2025-01-01 13:35:00,TX_POWER,3.1362
2025-01-01 13:35:10,LINK_MARGIN,10.7782
2025-01-01 13:35:20,DATA_RATE_KBPS,90.991
2025-01-01 13:35:30,PACKET_LOSS_RATE,0.6707
2025-01-01 13:35:40,CPU_USAGE,26.1353
2025-01-01 13:35:50,MEMORY_USAGE,51.0122
2025-01-01 13:36:00,FLASH_WRITE_RATE,1.5742
2025-01-01 13:36:10,WATCHDOG_COUNTER,49.8269
2025-01-01 13:36:20,TANK_PRESSURE,292.2712
2025-01-01 13:36:30,THRUSTER_VALVE_TEMP,15.5081
2025-01-01 13:36:40,BATT_VOLTAGE_1,27.4526
2025-01-01 13:36:50,BATT_VOLTAGE_2,27.4481
2025-01-01 13:37:00,BATT_CURRENT_1,2.1253
2025-01-01 13:37:10,BATT_CURRENT_2,2.1201
2025-01-01 13:37:20,BATT_TEMP_1,19.5657
2025-01-01 13:37:30,BATT_TEMP_2,21.5512
2025-01-01 13:37:40,BATT_SOC,73.3374
2025-01-01 13:37:50,SOLAR_PANEL_VOLT_A,29.7772
2025-01-01 13:38:00,SOLAR_PANEL_VOLT_B,30.7795
2025-01-01 13:38:10,SOLAR_PANEL_CURR_A,4.9425
2025-01-01 13:38:20,SOLAR_PANEL_CURR_B,4.8864
2025-01-01 13:38:30,SOLAR_POWER_TOTAL,94.5445
2025-01-01 13:38:40,BUS_VOLTAGE,28.5508
2025-01-01 13:38:50,BUS_CURRENT,8.6036
2025-01-01 13:39:00,THRUSTER_TEMP_1,20.0933
2025-01-01 13:39:10,THRUSTER_TEMP_2,22.7024
2025-01-01 13:39:20,PAYLOAD_TEMP_CAM,21.9335
2025-01-01 13:39:30,PAYLOAD_TEMP_SENSOR,21.0654
2025-01-01 13:39:40,OBC_TEMP,36.1034
2025-01-01 13:39:50,TRANS_TEMP,31.1153
2025-01-01 13:40:00,STRUCT_TEMP_PANEL_X,16.5791
2025-01-01 13:40:10,STRUCT_TEMP_PANEL_Y,6.3277
2025-01-01 13:40:20,STRUCT_TEMP_PANEL_Z,8.6788
2025-01-01 13:40:30,RADIATOR_TEMP,-19.795
2025-01-01 13:40:40,GYRO_X,-0.0137
2025-01-01 13:40:50,GYRO_Y,-0.0244
2025-01-01 13:41:00,GYRO_Z,-0.0077
2025-01-01 13:41:10,MAGNETOMETER_X,-26.0764
2025-01-01 13:41:20,MAGNETOMETER_Y,-28.889
2025-01-01 13:41:30,MAGNETOMETER_Z,-34.0586
2025-01-01 13:41:40,REACTION_WHEEL_SPD_X,-1619.9503
2025-01-01 13:41:50,REACTION_WHEEL_SPD_Y,-1430.8499
2025-01-01 13:42:00,REACTION_WHEEL_SPD_Z,-1096.2223
2025-01-01 13:42:10,ATTITUDE_ROLL,-1.25
2025-01-01 13:42:20,ATTITUDE_PITCH,-0.908
2025-01-01 13:42:30,ATTITUDE_YAW,-2.4981
2025-01-01 13:42:40,STAR_TRACKER_VALID,0.3781
2025-01-01 13:42:50,SUN_SENSOR_ANGLE,48.3997
2025-01-01 13:43:00,RF_SIGNAL_STRENGTH,-75.1541
2025-01-01 13:43:10,RF_NOISE_FLOOR,-99.32
2025-01-01 13:43:20,TX_POWER,2.3527
2025-01-01 13:43:30,LINK_MARGIN,10.2513
2025-01-01 13:43:40,DATA_RATE_KBPS,104.4812
2025-01-01 13:43:50,PACKET_LOSS_RATE,0.6854
2025-01-01 13:44:00,CPU_USAGE,24.2156
2025-01-01 13:44:10,MEMORY_USAGE,45.6149
2025-01-01 13:44:20,FLASH_WRITE_RATE,2.005
2025-01-01 13:44:30,WATCHDOG_COUNTER,48.1628
2025-01-01 13:44:40,TANK_PRESSURE,300.8684
2025-01-01 13:44:50,THRUSTER_VALVE_TEMP,14.5765
2025-01-01 13:45:00,BATT_VOLTAGE_1,27.5538
2025-01-01 13:45:10,BATT_VOLTAGE_2,27.0835
2025-01-01 13:45:20,BATT_CURRENT_1,1.955
2025-01-01 13:45:30,BATT_CURRENT_2,2.1528
2025-01-01 13:45:40,BATT_TEMP_1,23.2627
2025-01-01 13:45:50,BATT_TEMP_2,23.3739
2025-01-01 13:46:00,BATT_SOC,68.4384
2025-01-01 13:46:10,SOLAR_PANEL_VOLT_A,29.3325
2025-01-01 13:46:20,SOLAR_PANEL_VOLT_B,29.9601
2025-01-01 13:46:30,SOLAR_PANEL_CURR_A,4.8272
2025-01-01 13:46:40,SOLAR_PANEL_CURR_B,5.1872
2025-01-01 13:46:50,SOLAR_POWER_TOTAL,90.9708
2025-01-01 13:47:00,BUS_VOLTAGE,28.0604
2025-01-01 13:47:10,BUS_CURRENT,6.6348
2025-01-01 13:47:20,THRUSTER_TEMP_1,22.0728
2025-01-01 13:47:30,THRUSTER_TEMP_2,20.902
2025-01-01 13:47:40,PAYLOAD_TEMP_CAM,20.6666
2025-01-01 13:47:50,PAYLOAD_TEMP_SENSOR,21.0198
2025-01-01 13:48:00,OBC_TEMP,36.742
2025-01-01 13:48:10,TRANS_TEMP,35.545
2025-01-01 13:48:20,STRUCT_TEMP_PANEL_X,7.7286
2025-01-01 13:48:30,STRUCT_TEMP_PANEL_Y,19.3623
2025-01-01 13:48:40,STRUCT_TEMP_PANEL_Z,18.3396
2025-01-01 13:48:50,RADIATOR_TEMP,-17.71
2025-01-01 13:49:00,GYRO_X,-0.0349
2025-01-01 13:49:10,GYRO_Y,-0.0353
2025-01-01 13:49:20,GYRO_Z,-0.0298
2025-01-01 13:49:30,MAGNETOMETER_X,-19.0701
2025-01-01 13:49:40,MAGNETOMETER_Y,-18.6693
2025-01-01 13:49:50,MAGNETOMETER_Z,-26.9707
2025-01-01 13:50:00,REACTION_WHEEL_SPD_X,-1169.04
2025-01-01 13:50:10,REACTION_WHEEL_SPD_Y,-1487.1067
2025-01-01 13:50:20,REACTION_WHEEL_SPD_Z,-1514.6777
2025-01-01 13:50:30,ATTITUDE_ROLL,-0.8734
2025-01-01 13:50:40,ATTITUDE_PITCH,-1.4226
2025-01-01 13:50:50,ATTITUDE_YAW,-1.1869
2025-01-01 13:51:00,STAR_TRACKER_VALID,0.3165
2025-01-01 13:51:10,SUN_SENSOR_ANGLE,75.064
2025-01-01 13:51:20,RF_SIGNAL_STRENGTH,-68.1138
2025-01-01 13:51:30,RF_NOISE_FLOOR,-101.9424
2025-01-01 13:51:40,TX_POWER,2.5757
2025-01-01 13:51:50,LINK_MARGIN,10.0759
2025-01-01 13:52:00,DATA_RATE_KBPS,95.7393
2025-01-01 13:52:10,PACKET_LOSS_RATE,1.0969
2025-01-01 13:52:20,CPU_USAGE,25.366
2025-01-01 13:52:30,MEMORY_USAGE,40.3578
2025-01-01 13:52:40,FLASH_WRITE_RATE,2.5036
2025-01-01 13:52:50,WATCHDOG_COUNTER,23.8046
2025-01-01 13:53:00,TANK_PRESSURE,292.9153
2025-01-01 13:53:10,THRUSTER_VALVE_TEMP,14.0869
2025-01-01 13:53:20,BATT_VOLTAGE_1,27.1558
2025-01-01 13:53:30,BATT_VOLTAGE_2,27.368
2025-01-01 13:53:40,BATT_CURRENT_1,2.3792
2025-01-01 13:53:50,BATT_CURRENT_2,2.1145
2025-01-01 13:54:00,BATT_TEMP_1,21.6036
2025-01-01 13:54:10,BATT_TEMP_2,21.8135
2025-01-01 13:54:20,BATT_SOC,71.4823
2025-01-01 13:54:30,SOLAR_PANEL_VOLT_A,29.8001
2025-01-01 13:54:40,SOLAR_PANEL_VOLT_B,30.5683
2025-01-01 13:54:50,SOLAR_PANEL_CURR_A,4.261
2025-01-01 13:55:00,SOLAR_PANEL_CURR_B,4.6477
2025-01-01 13:55:10,SOLAR_POWER_TOTAL,93.674
2025-01-01 13:55:20,BUS_VOLTAGE,27.9246
2025-01-01 13:55:30,BUS_CURRENT,6.7354
2025-01-01 13:55:40,THRUSTER_TEMP_1,21.5085
2025-01-01 13:55:50,THRUSTER_TEMP_2,18.8858
2025-01-01 13:56:00,PAYLOAD_TEMP_CAM,22.9832
2025-01-01 13:56:10,PAYLOAD_TEMP_SENSOR,20.2545
2025-01-01 13:56:20,OBC_TEMP,38.8051
2025-01-01 13:56:30,TRANS_TEMP,31.8885
2025-01-01 13:56:40,STRUCT_TEMP_PANEL_X,11.8482
2025-01-01 13:56:50,STRUCT_TEMP_PANEL_Y,5.9957
2025-01-01 13:57:00,STRUCT_TEMP_PANEL_Z,22.4302
2025-01-01 13:57:10,RADIATOR_TEMP,-20.231
2025-01-01 13:57:20,GYRO_X,-0.0444
2025-01-01 13:57:30,GYRO_Y,-0.0333
2025-01-01 13:57:40,GYRO_Z,-0.0315
2025-01-01 13:57:50,MAGNETOMETER_X,-28.2451
2025-01-01 13:58:00,MAGNETOMETER_Y,-10.4819
2025-01-01 13:58:10,MAGNETOMETER_Z,-12.3643
2025-01-01 13:58:20,REACTION_WHEEL_SPD_X,-869.5306
2025-01-01 13:58:30,REACTION_WHEEL_SPD_Y,-1418.0689
2025-01-01 13:58:40,REACTION_WHEEL_SPD_Z,-76.984
2025-01-01 13:58:50,ATTITUDE_ROLL,-1.4649
2025-01-01 13:59:00,ATTITUDE_PITCH,-0.4973
2025-01-01 13:59:10,ATTITUDE_YAW,-0.4789
2025-01-01 13:59:20,STAR_TRACKER_VALID,0.322
2025-01-01 13:59:30,SUN_SENSOR_ANGLE,75.865
2025-01-01 13:59:40,RF_SIGNAL_STRENGTH,-70.9365
2025-01-01 13:59:50,RF_NOISE_FLOOR,-97.276
2025-01-01 14:00:00,TX_POWER,3.0725
2025-01-01 14:00:10,LINK_MARGIN,11.7165
2025-01-01 14:00:20,DATA_RATE_KBPS,84.4849
2025-01-01 14:00:30,PACKET_LOSS_RATE,0.8463
2025-01-01 14:00:40,CPU_USAGE,25.4414
2025-01-01 14:00:50,MEMORY_USAGE,37.8947
2025-01-01 14:01:00,FLASH_WRITE_RATE,1.5083
2025-01-01 14:01:10,WATCHDOG_COUNTER,21.7688
2025-01-01 14:01:20,TANK_PRESSURE,294.5401
2025-01-01 14:01:30,THRUSTER_VALVE_TEMP,14.4254
2025-01-01 14:01:40,BATT_VOLTAGE_1,27.2983
2025-01-01 14:01:50,BATT_VOLTAGE_2,27.4366
2025-01-01 14:02:00,BATT_CURRENT_1,2.1684
2025-01-01 14:02:10,BATT_CURRENT_2,2.4427
2025-01-01 14:02:20,BATT_TEMP_1,21.0582
2025-01-01 14:02:30,BATT_TEMP_2,21.1264
2025-01-01 14:02:40,BATT_SOC,69.4164
2025-01-01 14:02:50,SOLAR_PANEL_VOLT_A,29.4386
2025-01-01 14:03:00,SOLAR_PANEL_VOLT_B,31.0043
2025-01-01 14:03:10,SOLAR_PANEL_CURR_A,4.3785
2025-01-01 14:03:20,SOLAR_PANEL_CURR_B,4.3384
2025-01-01 14:03:30,SOLAR_POWER_TOTAL,102.1218
2025-01-01 14:03:40,BUS_VOLTAGE,28.1515
2025-01-01 14:03:50,BUS_CURRENT,8.5666
2025-01-01 14:04:00,THRUSTER_TEMP_1,20.1002
2025-01-01 14:04:10,THRUSTER_TEMP_2,19.578
2025-01-01 14:04:20,PAYLOAD_TEMP_CAM,22.1317
2025-01-01 14:04:30,PAYLOAD_TEMP_SENSOR,21.478
2025-01-01 14:04:40,OBC_TEMP,41.9297
2025-01-01 14:04:50,TRANS_TEMP,33.9685
2025-01-01 14:05:00,STRUCT_TEMP_PANEL_X,22.4662
2025-01-01 14:05:10,STRUCT_TEMP_PANEL_Y,8.9319
2025-01-01 14:05:20,STRUCT_TEMP_PANEL_Z,13.5189
2025-01-01 14:05:30,RADIATOR_TEMP,-20.3636
2025-01-01 14:05:40,GYRO_X,-0.0377
2025-01-01 14:05:50,GYRO_Y,-0.0224
2025-01-01 14:06:00,GYRO_Z,-0.0339
2025-01-01 14:06:10,MAGNETOMETER_X,-21.6989
2025-01-01 14:06:20,MAGNETOMETER_Y,-22.5435
2025-01-01 14:06:30,MAGNETOMETER_Z,-13.7182
2025-01-01 14:06:40,REACTION_WHEEL_SPD_X,-697.4826
2025-01-01 14:06:50,REACTION_WHEEL_SPD_Y,-856.6257
2025-01-01 14:07:00,REACTION_WHEEL_SPD_Z,-207.2764
2025-01-01 14:07:10,ATTITUDE_ROLL,-1.2258
2025-01-01 14:07:20,ATTITUDE_PITCH,-0.3246
2025-01-01 14:07:30,ATTITUDE_YAW,-1.6495
2025-01-01 14:07:40,STAR_TRACKER_VALID,0.2671
2025-01-01 14:07:50,SUN_SENSOR_ANGLE,52.4292
2025-01-01 14:08:00,RF_SIGNAL_STRENGTH,-70.2431
2025-01-01 14:08:10,RF_NOISE_FLOOR,-97.6838
2025-01-01 14:08:20,TX_POWER,2.1803
2025-01-01 14:08:30,LINK_MARGIN,11.2874
2025-01-01 14:08:40,DATA_RATE_KBPS,120.2081
2025-01-01 14:08:50,PACKET_LOSS_RATE,0.6895
2025-01-01 14:09:00,CPU_USAGE,22.1689
2025-01-01 14:09:10,MEMORY_USAGE,53.2496
2025-01-01 14:09:20,FLASH_WRITE_RATE,1.5172
2025-01-01 14:09:30,WATCHDOG_COUNTER,34.8164
2025-01-01 14:09:40,TANK_PRESSURE,289.5435
2025-01-01 14:09:50,THRUSTER_VALVE_TEMP,14.0584
2025-01-01 14:10:00,BATT_VOLTAGE_1,27.2254
2025-01-01 14:10:10,BATT_VOLTAGE_2,27.7203
2025-01-01 14:10:20,BATT_CURRENT_1,1.9068
2025-01-01 14:10:30,BATT_CURRENT_2,1.9265
2025-01-01 14:10:40,BATT_TEMP_1,21.1926
2025-01-01 14:10:50,BATT_TEMP_2,24.9386
2025-01-01 14:11:00,BATT_SOC,78.3518
2025-01-01 14:11:10,SOLAR_PANEL_VOLT_A,29.5316
2025-01-01 14:11:20,SOLAR_PANEL_VOLT_B,30.0827
2025-01-01 14:11:30,SOLAR_PANEL_CURR_A,4.2327
2025-01-01 14:11:40,SOLAR_PANEL_CURR_B,5.359
2025-01-01 14:11:50,SOLAR_POWER_TOTAL,102.3642
2025-01-01 14:12:00,BUS_VOLTAGE,28.1769
2025-01-01 14:12:10,BUS_CURRENT,6.5047
2025-01-01 14:12:20,THRUSTER_TEMP_1,18.8527
2025-01-01 14:12:30,THRUSTER_TEMP_2,20.7152
2025-01-01 14:12:40,PAYLOAD_TEMP_CAM,20.1459
2025-01-01 14:12:50,PAYLOAD_TEMP_SENSOR,22.4242
2025-01-01 14:13:00,OBC_TEMP,36.4869
2025-01-01 14:13:10,TRANS_TEMP,34.4185
2025-01-01 14:13:20,STRUCT_TEMP_PANEL_X,4.2177
2025-01-01 14:13:30,STRUCT_TEMP_PANEL_Y,11.55
2025-01-01 14:13:40,STRUCT_TEMP_PANEL_Z,17.2906
2025-01-01 14:13:50,RADIATOR_TEMP,-9.0595
2025-01-01 14:14:00,GYRO_X,-0.033
2025-01-01 14:14:10,GYRO_Y,0.0002
2025-01-01 14:14:20,GYRO_Z,-0.0314
2025-01-01 14:14:30,MAGNETOMETER_X,-24.7882
2025-01-01 14:14:40,MAGNETOMETER_Y,-26.092
2025-01-01 14:14:50,MAGNETOMETER_Z,-0.0841
2025-01-01 14:15:00,REACTION_WHEEL_SPD_X,-1461.3703
2025-01-01 14:15:10,REACTION_WHEEL_SPD_Y,-450.9177
2025-01-01 14:15:20,REACTION_WHEEL_SPD_Z,-464.6317
2025-01-01 14:15:30,ATTITUDE_ROLL,-1.5979
2025-01-01 14:15:40,ATTITUDE_PITCH,-1.6061
2025-01-01 14:15:50,ATTITUDE_YAW,-2.0293
2025-01-01 14:16:00,STAR_TRACKER_VALID,0.2233
2025-01-01 14:16:10,SUN_SENSOR_ANGLE,58.4434
2025-01-01 14:16:20,RF_SIGNAL_STRENGTH,-76.0703
2025-01-01 14:16:30,RF_NOISE_FLOOR,-101.0622
2025-01-01 14:16:40,TX_POWER,2.3906
2025-01-01 14:16:50,LINK_MARGIN,10.6527
2025-01-01 14:17:00,DATA_RATE_KBPS,81.6344
2025-01-01 14:17:10,PACKET_LOSS_RATE,0.5377
2025-01-01 14:17:20,CPU_USAGE,29.3541
2025-01-01 14:17:30,MEMORY_USAGE,53.6696
2025-01-01 14:17:40,FLASH_WRITE_RATE,1.5176
2025-01-01 14:17:50,WATCHDOG_COUNTER,40.047
2025-01-01 14:18:00,TANK_PRESSURE,290.1484
2025-01-01 14:18:10,THRUSTER_VALVE_TEMP,13.5861
2025-01-01 14:18:20,BATT_VOLTAGE_1,27.627
2025-01-01 14:18:30,BATT_VOLTAGE_2,27.4421
2025-01-01 14:18:40,BATT_CURRENT_1,2.154
2025-01-01 14:18:50,BATT_CURRENT_2,1.9235
2025-01-01 14:19:00,BATT_TEMP_1,19.2204
2025-01-01 14:19:10,BATT_TEMP_2,21.4678
2025-01-01 14:19:20,BATT_SOC,75.7254
2025-01-01 14:19:30,SOLAR_PANEL_VOLT_A,29.8324
2025-01-01 14:19:40,SOLAR_PANEL_VOLT_B,29.0523
2025-01-01 14:19:50,SOLAR_PANEL_CURR_A,4.3302
2025-01-01 14:20:00,SOLAR_PANEL_CURR_B,4.6657
2025-01-01 14:20:10,SOLAR_POWER_TOTAL,96.1643
2025-01-01 14:20:20,BUS_VOLTAGE,27.9063
2025-01-01 14:20:30,BUS_CURRENT,8.4331
2025-01-01 14:20:40,THRUSTER_TEMP_1,20.8168
2025-01-01 14:20:50,THRUSTER_TEMP_2,20.6361
2025-01-01 14:21:00,PAYLOAD_TEMP_CAM,21.1566
2025-01-01 14:21:10,PAYLOAD_TEMP_SENSOR,19.985
2025-01-01 14:21:20,OBC_TEMP,41.4959
2025-01-01 14:21:30,TRANS_TEMP,34.8322
2025-01-01 14:21:40,STRUCT_TEMP_PANEL_X,4.7073
2025-01-01 14:21:50,STRUCT_TEMP_PANEL_Y,3.306
2025-01-01 14:22:00,STRUCT_TEMP_PANEL_Z,7.4296
2025-01-01 14:22:10,RADIATOR_TEMP,-17.8755
2025-01-01 14:22:20,GYRO_X,-0.002
2025-01-01 14:22:30,GYRO_Y,-0.0412
2025-01-01 14:22:40,GYRO_Z,-0.0207
2025-01-01 14:22:50,MAGNETOMETER_X,-23.6715
2025-01-01 14:23:00,MAGNETOMETER_Y,-16.9046
2025-01-01 14:23:10,MAGNETOMETER_Z,-2.8163
2025-01-01 14:23:20,REACTION_WHEEL_SPD_X,-833.664
2025-01-01 14:23:30,REACTION_WHEEL_SPD_Y,-824.6659
2025-01-01 14:23:40,REACTION_WHEEL_SPD_Z,-691.6607
2025-01-01 14:23:50,ATTITUDE_ROLL,-0.7456
2025-01-01 14:24:00,ATTITUDE_PITCH,-1.3644
2025-01-01 14:24:10,ATTITUDE_YAW,-2.4712
2025-01-01 14:24:20,STAR_TRACKER_VALID,0.29
2025-01-01 14:24:30,SUN_SENSOR_ANGLE,83.8192
2025-01-01 14:24:40,RF_SIGNAL_STRENGTH,-63.4393
2025-01-01 14:24:50,RF_NOISE_FLOOR,-97.7779
2025-01-01 14:25:00,TX_POWER,2.7097
2025-01-01 14:25:10,LINK_MARGIN,9.5644
2025-01-01 14:25:20,DATA_RATE_KBPS,93.9304
2025-01-01 14:25:30,PACKET_LOSS_RATE,0.4938
2025-01-01 14:25:40,CPU_USAGE,31.9027
2025-01-01 14:25:50,MEMORY_USAGE,50.2126
2025-01-01 14:26:00,FLASH_WRITE_RATE,1.7632
2025-01-01 14:26:10,WATCHDOG_COUNTER,42.9855
2025-01-01 14:26:20,TANK_PRESSURE,293.9203
2025-01-01 14:26:30,THRUSTER_VALVE_TEMP,15.3598
2025-01-01 14:26:40,BATT_VOLTAGE_1,27.5896
2025-01-01 14:26:50,BATT_VOLTAGE_2,27.7794
2025-01-01 14:27:00,BATT_CURRENT_1,1.787
2025-01-01 14:27:10,BATT_CURRENT_2,2.0506
2025-01-01 14:27:20,BATT_TEMP_1,24.9131
2025-01-01 14:27:30,BATT_TEMP_2,21.2453
2025-01-01 14:27:40,BATT_SOC,79.8151
2025-01-01 14:27:50,SOLAR_PANEL_VOLT_A,31.3022
2025-01-01 14:28:00,SOLAR_PANEL_VOLT_B,29.8014
2025-01-01 14:28:10,SOLAR_PANEL_CURR_A,5.2007
2025-01-01 14:28:20,SOLAR_PANEL_CURR_B,4.519
2025-01-01 14:28:30,SOLAR_POWER_TOTAL,96.5096
2025-01-01 14:28:40,BUS_VOLTAGE,28.4301
2025-01-01 14:28:50,BUS_CURRENT,6.9526
2025-01-01 14:29:00,THRUSTER_TEMP_1,21.8583
2025-01-01 14:29:10,THRUSTER_TEMP_2,18.6556
2025-01-01 14:29:20,PAYLOAD_TEMP_CAM,22.7623
2025-01-01 14:29:30,PAYLOAD_TEMP_SENSOR,21.8101
2025-01-01 14:29:40,OBC_TEMP,35.7202
2025-01-01 14:29:50,TRANS_TEMP,36.1543
2025-01-01 14:30:00,STRUCT_TEMP_PANEL_X,9.1049
2025-01-01 14:30:10,STRUCT_TEMP_PANEL_Y,5.7397
2025-01-01 14:30:20,STRUCT_TEMP_PANEL_Z,9.7479
2025-01-01 14:30:30,RADIATOR_TEMP,-14.6328
2025-01-01 14:30:40,GYRO_X,-0.0338
2025-01-01 14:30:50,GYRO_Y,-0.0352
2025-01-01 14:31:00,GYRO_Z,-0.0118
2025-01-01 14:31:10,MAGNETOMETER_X,-11.9334
2025-01-01 14:31:20,MAGNETOMETER_Y,-2.1235
2025-01-01 14:31:30,MAGNETOMETER_Z,-20.7833
2025-01-01 14:31:40,REACTION_WHEEL_SPD_X,-1413.6667
2025-01-01 14:31:50,REACTION_WHEEL_SPD_Y,-468.1972
2025-01-01 14:32:00,REACTION_WHEEL_SPD_Z,-436.1587
2025-01-01 14:32:10,ATTITUDE_ROLL,-0.0515
2025-01-01 14:32:20,ATTITUDE_PITCH,-0.0988
2025-01-01 14:32:30,ATTITUDE_YAW,-1.7728
2025-01-01 14:32:40,STAR_TRACKER_VALID,0.3884
2025-01-01 14:32:50,SUN_SENSOR_ANGLE,51.8943
2025-01-01 14:33:00,RF_SIGNAL_STRENGTH,-73.5954
2025-01-01 14:33:10,RF_NOISE_FLOOR,-99.4592
2025-01-01 14:33:20,TX_POWER,2.1052
2025-01-01 14:33:30,LINK_MARGIN,9.5736
2025-01-01 14:33:40,DATA_RATE_KBPS,103.4788
2025-01-01 14:33:50,PACKET_LOSS_RATE,0.7326
2025-01-01 14:34:00,CPU_USAGE,24.1488
2025-01-01 14:34:10,MEMORY_USAGE,44.7661
2025-01-01 14:34:20,FLASH_WRITE_RATE,1.4858
2025-01-01 14:34:30,WATCHDOG_COUNTER,44.024
2025-01-01 14:34:40,TANK_PRESSURE,292.4828
2025-01-01 14:34:50,THRUSTER_VALVE_TEMP,17.4443
2025-01-01 14:35:00,BATT_VOLTAGE_1,27.9862
2025-01-01 14:35:10,BATT_VOLTAGE_2,27.5774
2025-01-01 14:35:20,BATT_CURRENT_1,1.91
2025-01-01 14:35:30,BATT_CURRENT_2,2.1427
2025-01-01 14:35:40,BATT_TEMP_1,20.582
2025-01-01 14:35:50,BATT_TEMP_2,20.584
2025-01-01 14:36:00,BATT_SOC,68.4838
2025-01-01 14:36:10,SOLAR_PANEL_VOLT_A,30.6822
2025-01-01 14:36:20,SOLAR_PANEL_VOLT_B,29.4844
2025-01-01 14:36:30,SOLAR_PANEL_CURR_A,4.5989
2025-01-01 14:36:40,SOLAR_PANEL_CURR_B,4.7869
2025-01-01 14:36:50,SOLAR_POWER_TOTAL,98.7063
2025-01-01 14:37:00,BUS_VOLTAGE,27.8808
2025-01-01 14:37:10,BUS_CURRENT,7.5284
2025-01-01 14:37:20,THRUSTER_TEMP_1,20.7934
2025-01-01 14:37:30,THRUSTER_TEMP_2,18.9588
2025-01-01 14:37:40,PAYLOAD_TEMP_CAM,20.962
2025-01-01 14:37:50,PAYLOAD_TEMP_SENSOR,21.6251
2025-01-01 14:38:00,OBC_TEMP,36.334
2025-01-01 14:38:10,TRANS_TEMP,36.7576
2025-01-01 14:38:20,STRUCT_TEMP_PANEL_X,6.8075
2025-01-01 14:38:30,STRUCT_TEMP_PANEL_Y,14.646
2025-01-01 14:38:40,STRUCT_TEMP_PANEL_Z,7.33
2025-01-01 14:38:50,RADIATOR_TEMP,-13.0436
2025-01-01 14:39:00,GYRO_X,-0.0274
2025-01-01 14:39:10,GYRO_Y,-0.041
2025-01-01 14:39:20,GYRO_Z,-0.0115
2025-01-01 14:39:30,MAGNETOMETER_X,-8.6629
2025-01-01 14:39:40,MAGNETOMETER_Y,-25.2938
2025-01-01 14:39:50,MAGNETOMETER_Z,-17.3119
2025-01-01 14:40:00,REACTION_WHEEL_SPD_X,-1187.5237
2025-01-01 14:40:10,REACTION_WHEEL_SPD_Y,-1606.7815
2025-01-01 14:40:20,REACTION_WHEEL_SPD_Z,-689.1615
2025-01-01 14:40:30,ATTITUDE_ROLL,-0.3662
2025-01-01 14:40:40,ATTITUDE_PITCH,-1.2795
2025-01-01 14:40:50,ATTITUDE_YAW,-2.9066
2025-01-01 14:41:00,STAR_TRACKER_VALID,0.4928
2025-01-01 14:41:10,SUN_SENSOR_ANGLE,66.647
2025-01-01 14:41:20,RF_SIGNAL_STRENGTH,-75.6918
2025-01-01 14:41:30,RF_NOISE_FLOOR,-102.9529
2025-01-01 14:41:40,TX_POWER,2.3354
2025-01-01 14:41:50,LINK_MARGIN,10.7768
2025-01-01 14:42:00,DATA_RATE_KBPS,103.8626
2025-01-01 14:42:10,PACKET_LOSS_RATE,0.5232
2025-01-01 14:42:20,CPU_USAGE,36.1693
2025-01-01 14:42:30,MEMORY_USAGE,45.9782
2025-01-01 14:42:40,FLASH_WRITE_RATE,2.0909
2025-01-01 14:42:50,WATCHDOG_COUNTER,49.7361
2025-01-01 14:43:00,TANK_PRESSURE,296.9583
2025-01-01 14:43:10,THRUSTER_VALVE_TEMP,12.5754
2025-01-01 14:43:20,BATT_VOLTAGE_1,27.5293
2025-01-01 14:43:30,BATT_VOLTAGE_2,27.9098
2025-01-01 14:43:40,BATT_CURRENT_1,1.9199
2025-01-01 14:43:50,BATT_CURRENT_2,2.1128
2025-01-01 14:44:00,BATT_TEMP_1,20.0757
2025-01-01 14:44:10,BATT_TEMP_2,21.3437
2025-01-01 14:44:20,BATT_SOC,77.2603
2025-01-01 14:44:30,SOLAR_PANEL_VOLT_A,29.2734
2025-01-01 14:44:40,SOLAR_PANEL_VOLT_B,29.3072
2025-01-01 14:44:50,SOLAR_PANEL_CURR_A,4.5486
2025-01-01 14:45:00,SOLAR_PANEL_CURR_B,4.8384
2025-01-01 14:45:10,SOLAR_POWER_TOTAL,98.2978
2025-01-01 14:45:20,BUS_VOLTAGE,28.1879
2025-01-01 14:45:30,BUS_CURRENT,7.3188
2025-01-01 14:45:40,THRUSTER_TEMP_1,18.381
2025-01-01 14:45:50,THRUSTER_TEMP_2,22.039
2025-01-01 14:46:00,PAYLOAD_TEMP_CAM,21.425
2025-01-01 14:46:10,PAYLOAD_TEMP_SENSOR,20.5463
2025-01-01 14:46:20,OBC_TEMP,38.2822
2025-01-01 14:46:30,TRANS_TEMP,36.1878
2025-01-01 14:46:40,STRUCT_TEMP_PANEL_X,22.6689
2025-01-01 14:46:50,STRUCT_TEMP_PANEL_Y,11.9398
2025-01-01 14:47:00,STRUCT_TEMP_PANEL_Z,11.612
2025-01-01 14:47:10,RADIATOR_TEMP,-18.0098
2025-01-01 14:47:20,GYRO_X,-0.0362
2025-01-01 14:47:30,GYRO_Y,0.0089
2025-01-01 14:47:40,GYRO_Z,-0.015
2025-01-01 14:47:50,MAGNETOMETER_X,-29.7168
2025-01-01 14:48:00,MAGNETOMETER_Y,-20.4161
2025-01-01 14:48:10,MAGNETOMETER_Z,-29.0371
2025-01-01 14:48:20,REACTION_WHEEL_SPD_X,-683.8402
2025-01-01 14:48:30,REACTION_WHEEL_SPD_Y,384.3879
2025-01-01 14:48:40,REACTION_WHEEL_SPD_Z,-1129.6695
2025-01-01 14:48:50,ATTITUDE_ROLL,-1.4834
2025-01-01 14:49:00,ATTITUDE_PITCH,-0.5479
2025-01-01 14:49:10,ATTITUDE_YAW,-3.0893
2025-01-01 14:49:20,STAR_TRACKER_VALID,0.3871
2025-01-01 14:49:30,SUN_SENSOR_ANGLE,61.2837
2025-01-01 14:49:40,RF_SIGNAL_STRENGTH,-67.8193
2025-01-01 14:49:50,RF_NOISE_FLOOR,-100.6731
2025-01-01 14:50:00,TX_POWER,2.141
2025-01-01 14:50:10,LINK_MARGIN,12.6708
2025-01-01 14:50:20,DATA_RATE_KBPS,94.9557
2025-01-01 14:50:30,PACKET_LOSS_RATE,0.7599
2025-01-01 14:50:40,CPU_USAGE,20.6769
2025-01-01 14:50:50,MEMORY_USAGE,48.1749
2025-01-01 14:51:00,FLASH_WRITE_RATE,2.05
2025-01-01 14:51:10,WATCHDOG_COUNTER,28.9347
2025-01-01 14:51:20,TANK_PRESSURE,289.6492
2025-01-01 14:51:30,THRUSTER_VALVE_TEMP,16.7009
2025-01-01 14:51:40,BATT_VOLTAGE_1,27.2156
2025-01-01 14:51:50,BATT_VOLTAGE_2,27.5122
2025-01-01 14:52:00,BATT_CURRENT_1,2.0359
2025-01-01 14:52:10,BATT_CURRENT_2,2.0403
2025-01-01 14:52:20,BATT_TEMP_1,19.2961
2025-01-01 14:52:30,BATT_TEMP_2,20.6471
2025-01-01 14:52:40,BATT_SOC,75.4244
2025-01-01 14:52:50,SOLAR_PANEL_VOLT_A,29.7455
2025-01-01 14:53:00,SOLAR_PANEL_VOLT_B,29.5019
2025-01-01 14:53:10,SOLAR_PANEL_CURR_A,4.9393
2025-01-01 14:53:20,SOLAR_PANEL_CURR_B,4.6014
2025-01-01 14:53:30,SOLAR_POWER_TOTAL,96.7823
2025-01-01 14:53:40,BUS_VOLTAGE,28.1066
2025-01-01 14:53:50,BUS_CURRENT,8.8066
2025-01-01 14:54:00,THRUSTER_TEMP_1,19.2512
2025-01-01 14:54:10,THRUSTER_TEMP_2,18.1526
2025-01-01 14:54:20,PAYLOAD_TEMP_CAM,21.4758
2025-01-01 14:54:30,PAYLOAD_TEMP_SENSOR,21.7991
2025-01-01 14:54:40,OBC_TEMP,39.3159
2025-01-01 14:54:50,TRANS_TEMP,31.2806
2025-01-01 14:55:00,STRUCT_TEMP_PANEL_X,5.841
2025-01-01 14:55:10,STRUCT_TEMP_PANEL_Y,4.7523
2025-01-01 14:55:20,STRUCT_TEMP_PANEL_Z,7.2456
2025-01-01 14:55:30,RADIATOR_TEMP,-11.0046
2025-01-01 14:55:40,GYRO_X,-0.0204
2025-01-01 14:55:50,GYRO_Y,0.0129
2025-01-01 14:56:00,GYRO_Z,-0.0223
2025-01-01 14:56:10,MAGNETOMETER_X,3.2152
2025-01-01 14:56:20,MAGNETOMETER_Y,-18.3145
2025-01-01 14:56:30,MAGNETOMETER_Z,-24.8393
2025-01-01 14:56:40,REACTION_WHEEL_SPD_X,-979.171
2025-01-01 14:56:50,REACTION_WHEEL_SPD_Y,-1156.6815
2025-01-01 14:57:00,REACTION_WHEEL_SPD_Z,-1063.0576
2025-01-01 14:57:10,ATTITUDE_ROLL,-0.9069
2025-01-01 14:57:20,ATTITUDE_PITCH,-0.7633
2025-01-01 14:57:30,ATTITUDE_YAW,-2.5015
2025-01-01 14:57:40,STAR_TRACKER_VALID,0.2522
2025-01-01 14:57:50,SUN_SENSOR_ANGLE,54.0054
2025-01-01 14:58:00,RF_SIGNAL_STRENGTH,-67.7592
2025-01-01 14:58:10,RF_NOISE_FLOOR,-101.2886
2025-01-01 14:58:20,TX_POWER,1.7544
2025-01-01 14:58:30,LINK_MARGIN,12.1104
2025-01-01 14:58:40,DATA_RATE_KBPS,104.3851
2025-01-01 14:58:50,PACKET_LOSS_RATE,0.842
2025-01-01 14:59:00,CPU_USAGE,22.8297
2025-01-01 14:59:10,MEMORY_USAGE,41.3279
2025-01-01 14:59:20,FLASH_WRITE_RATE,1.4085
2025-01-01 14:59:30,WATCHDOG_COUNTER,32.7913
2025-01-01 14:59:40,TANK_PRESSURE,295.6684
2025-01-01 14:59:50,THRUSTER_VALVE_TEMP,14.1791
2025-01-01 15:00:00,BATT_VOLTAGE_1,27.3607
2025-01-01 15:00:10,BATT_VOLTAGE_2,27.3548
2025-01-01 15:00:20,BATT_CURRENT_1,1.8699
2025-01-01 15:00:30,BATT_CURRENT_2,2.1654
2025-01-01 15:00:40,BATT_TEMP_1,21.0188
2025-01-01 15:00:50,BATT_TEMP_2,20.0725
2025-01-01 15:01:00,BATT_SOC,69.8958
2025-01-01 15:01:10,SOLAR_PANEL_VOLT_A,31.3457
2025-01-01 15:01:20,SOLAR_PANEL_VOLT_B,29.72
2025-01-01 15:01:30,SOLAR_PANEL_CURR_A,5.0875
2025-01-01 15:01:40,SOLAR_PANEL_CURR_B,5.079
2025-01-01 15:01:50,SOLAR_POWER_TOTAL,105.1867
2025-01-01 15:02:00,BUS_VOLTAGE,28.4351
2025-01-01 15:02:10,BUS_CURRENT,7.6233
2025-01-01 15:02:20,THRUSTER_TEMP_1,20.5548
2025-01-01 15:02:30,THRUSTER_TEMP_2,19.9938
2025-01-01 15:02:40,PAYLOAD_TEMP_CAM,20.7315
2025-01-01 15:02:50,PAYLOAD_TEMP_SENSOR,20.6932
2025-01-01 15:03:00,OBC_TEMP,35.9267
2025-01-01 15:03:10,TRANS_TEMP,35.4502
2025-01-01 15:03:20,STRUCT_TEMP_PANEL_X,14.6014
2025-01-01 15:03:30,STRUCT_TEMP_PANEL_Y,14.5291
2025-01-01 15:03:40,STRUCT_TEMP_PANEL_Z,7.9502
2025-01-01 15:03:50,RADIATOR_TEMP,-21.2093
2025-01-01 15:04:00,GYRO_X,-0.0162
2025-01-01 15:04:10,GYRO_Y,-0.0369
2025-01-01 15:04:20,GYRO_Z,-0.0095
2025-01-01 15:04:30,MAGNETOMETER_X,-19.3145
2025-01-01 15:04:40,MAGNETOMETER_Y,-23.2293
2025-01-01 15:04:50,MAGNETOMETER_Z,-30.9127
2025-01-01 15:05:00,REACTION_WHEEL_SPD_X,-1766.3816
2025-01-01 15:05:10,REACTION_WHEEL_SPD_Y,-1692.1536
2025-01-01 15:05:20,REACTION_WHEEL_SPD_Z,46.71
2025-01-01 15:05:30,ATTITUDE_ROLL,0.3767
2025-01-01 15:05:40,ATTITUDE_PITCH,-1.4195
2025-01-01 15:05:50,ATTITUDE_YAW,-1.323
2025-01-01 15:06:00,STAR_TRACKER_VALID,0.2785
2025-01-01 15:06:10,SUN_SENSOR_ANGLE,39.9119
2025-01-01 15:06:20,RF_SIGNAL_STRENGTH,-62.1724
2025-01-01 15:06:30,RF_NOISE_FLOOR,-95.6875
2025-01-01 15:06:40,TX_POWER,2.3172
2025-01-01 15:06:50,LINK_MARGIN,10.1853
2025-01-01 15:07:00,DATA_RATE_KBPS,94.6369
2025-01-01 15:07:10,PACKET_LOSS_RATE,0.4819
2025-01-01 15:07:20,CPU_USAGE,23.778
2025-01-01 15:07:30,MEMORY_USAGE,43.7607
2025-01-01 15:07:40,FLASH_WRITE_RATE,2.7871
2025-01-01 15:07:50,WATCHDOG_COUNTER,56.2223
2025-01-01 15:08:00,TANK_PRESSURE,295.6141
2025-01-01 15:08:10,THRUSTER_VALVE_TEMP,14.0079
2025-01-01 15:08:20,BATT_VOLTAGE_1,28.0211
2025-01-01 15:08:30,BATT_VOLTAGE_2,27.2358
2025-01-01 15:08:40,BATT_CURRENT_1,1.9843
2025-01-01 15:08:50,BATT_CURRENT_2,2.023
2025-01-01 15:09:00,BATT_TEMP_1,19.2172
2025-01-01 15:09:10,BATT_TEMP_2,26.0377
2025-01-01 15:09:20,BATT_SOC,68.6531
2025-01-01 15:09:30,SOLAR_PANEL_VOLT_A,29.5667
2025-01-01 15:09:40,SOLAR_PANEL_VOLT_B,30.8286
2025-01-01 15:09:50,SOLAR_PANEL_CURR_A,4.4786
2025-01-01 15:10:00,SOLAR_PANEL_CURR_B,4.7249
2025-01-01 15:10:10,SOLAR_POWER_TOTAL,108.0661
2025-01-01 15:10:20,BUS_VOLTAGE,28.2487
2025-01-01 15:10:30,BUS_CURRENT,7.7229
2025-01-01 15:10:40,THRUSTER_TEMP_1,20.9057
2025-01-01 15:10:50,THRUSTER_TEMP_2,20.4562
2025-01-01 15:11:00,PAYLOAD_TEMP_CAM,19.8969
2025-01-01 15:11:10,PAYLOAD_TEMP_SENSOR,20.2532
2025-01-01 15:11:20,OBC_TEMP,37.1444
2025-01-01 15:11:30,TRANS_TEMP,33.0193
2025-01-01 15:11:40,STRUCT_TEMP_PANEL_X,7.9234
2025-01-01 15:11:50,STRUCT_TEMP_PANEL_Y,5.2096
2025-01-01 15:12:00,STRUCT_TEMP_PANEL_Z,8.3761
2025-01-01 15:12:10,RADIATOR_TEMP,-18.1012
2025-01-01 15:12:20,GYRO_X,-0.0333
2025-01-01 15:12:30,GYRO_Y,-0.0437
2025-01-01 15:12:40,GYRO_Z,-0.0391
2025-01-01 15:12:50,MAGNETOMETER_X,-12.0469
2025-01-01 15:13:00,MAGNETOMETER_Y,-17.2298
2025-01-01 15:13:10,MAGNETOMETER_Z,-20.7255
2025-01-01 15:13:20,REACTION_WHEEL_SPD_X,-1130.1781
2025-01-01 15:13:30,REACTION_WHEEL_SPD_Y,-1085.9095
2025-01-01 15:13:40,REACTION_WHEEL_SPD_Z,-1092.75
2025-01-01 15:13:50,ATTITUDE_ROLL,-0.2372
2025-01-01 15:14:00,ATTITUDE_PITCH,-0.7363
2025-01-01 15:14:10,ATTITUDE_YAW,1.2175
2025-01-01 15:14:20,STAR_TRACKER_VALID,0.3142
2025-01-01 15:14:30,SUN_SENSOR_ANGLE,108.0607
2025-01-01 15:14:40,RF_SIGNAL_STRENGTH,-69.8541
2025-01-01 15:14:50,RF_NOISE_FLOOR,-102.3681
2025-01-01 15:15:00,TX_POWER,2.0153
2025-01-01 15:15:10,LINK_MARGIN,11.1761
2025-01-01 15:15:20,DATA_RATE_KBPS,110.2496
2025-01-01 15:15:30,PACKET_LOSS_RATE,0.5795
2025-01-01 15:15:40,CPU_USAGE,30.2255
2025-01-01 15:15:50,MEMORY_USAGE,49.0772
2025-01-01 15:16:00,FLASH_WRITE_RATE,1.4226
2025-01-01 15:16:10,WATCHDOG_COUNTER,30.3995
2025-01-01 15:16:20,TANK_PRESSURE,294.0123
2025-01-01 15:16:30,THRUSTER_VALVE_TEMP,14.063
2025-01-01 15:16:40,BATT_VOLTAGE_1,27.3748
2025-01-01 15:16:50,BATT_VOLTAGE_2,27.6833
2025-01-01 15:17:00,BATT_CURRENT_1,2.1752
2025-01-01 15:17:10,BATT_CURRENT_2,1.8564
2025-01-01 15:17:20,BATT_TEMP_1,20.6715
2025-01-01 15:17:30,BATT_TEMP_2,21.1465
2025-01-01 15:17:40,BATT_SOC,72.7313
2025-01-01 15:17:50,SOLAR_PANEL_VOLT_A,30.2608
2025-01-01 15:18:00,SOLAR_PANEL_VOLT_B,29.8511
2025-01-01 15:18:10,SOLAR_PANEL_CURR_A,4.6732
2025-01-01 15:18:20,SOLAR_PANEL_CURR_B,4.8908
2025-01-01 15:18:30,SOLAR_POWER_TOTAL,95.2435
2025-01-01 15:18:40,BUS_VOLTAGE,28.3818
2025-01-01 15:18:50,BUS_CURRENT,8.2084
2025-01-01 15:19:00,THRUSTER_TEMP_1,19.1868
2025-01-01 15:19:10,THRUSTER_TEMP_2,21.2067
2025-01-01 15:19:20,PAYLOAD_TEMP_CAM,20.8856
2025-01-01 15:19:30,PAYLOAD_TEMP_SENSOR,21.3943
2025-01-01 15:19:40,OBC_TEMP,37.1556
2025-01-01 15:19:50,TRANS_TEMP,31.8025
2025-01-01 15:20:00,STRUCT_TEMP_PANEL_X,5.3986
2025-01-01 15:20:10,STRUCT_TEMP_PANEL_Y,17.2095
2025-01-01 15:20:20,STRUCT_TEMP_PANEL_Z,5.316
2025-01-01 15:20:30,RADIATOR_TEMP,-15.0609
2025-01-01 15:20:40,GYRO_X,0.0106
2025-01-01 15:20:50,GYRO_Y,-0.0266
2025-01-01 15:21:00,GYRO_Z,-0.0448
2025-01-01 15:21:10,MAGNETOMETER_X,-13.1412
2025-01-01 15:21:20,MAGNETOMETER_Y,-9.1669
2025-01-01 15:21:30,MAGNETOMETER_Z,-36.0174
2025-01-01 15:21:40,REACTION_WHEEL_SPD_X,-1995.2912
2025-01-01 15:21:50,REACTION_WHEEL_SPD_Y,-1990.2248
2025-01-01 15:22:00,REACTION_WHEEL_SPD_Z,186.4106
2025-01-01 15:22:10,ATTITUDE_ROLL,-0.2384
2025-01-01 15:22:20,ATTITUDE_PITCH,-0.2034
2025-01-01 15:22:30,ATTITUDE_YAW,-0.8623
2025-01-01 15:22:40,STAR_TRACKER_VALID,0.29
2025-01-01 15:22:50,SUN_SENSOR_ANGLE,57.0158
2025-01-01 15:23:00,RF_SIGNAL_STRENGTH,-68.3997
2025-01-01 15:23:10,RF_NOISE_FLOOR,-94.8504
2025-01-01 15:23:20,TX_POWER,3.051
2025-01-01 15:23:30,LINK_MARGIN,9.7621
2025-01-01 15:23:40,DATA_RATE_KBPS,88.5838
2025-01-01 15:23:50,PACKET_LOSS_RATE,0.8336
2025-01-01 15:24:00,CPU_USAGE,26.6496
2025-01-01 15:24:10,MEMORY_USAGE,43.4741
2025-01-01 15:24:20,FLASH_WRITE_RATE,1.7953
2025-01-01 15:24:30,WATCHDOG_COUNTER,44.1484
2025-01-01 15:24:40,TANK_PRESSURE,291.7893
2025-01-01 15:24:50,THRUSTER_VALVE_TEMP,19.1291
2025-01-01 15:25:00,BATT_VOLTAGE_1,27.1166
2025-01-01 15:25:10,BATT_VOLTAGE_2,27.3366
2025-01-01 15:25:20,BATT_CURRENT_1,2.0436
2025-01-01 15:25:30,BATT_CURRENT_2,1.997
2025-01-01 15:25:40,BATT_TEMP_1,18.8244
2025-01-01 15:25:50,BATT_TEMP_2,20.275
2025-01-01 15:26:00,BATT_SOC,75.4101
2025-01-01 15:26:10,SOLAR_PANEL_VOLT_A,30.5059
2025-01-01 15:26:20,SOLAR_PANEL_VOLT_B,30.0033
2025-01-01 15:26:30,SOLAR_PANEL_CURR_A,4.8649
2025-01-01 15:26:40,SOLAR_PANEL_CURR_B,4.4709
2025-01-01 15:26:50,SOLAR_POWER_TOTAL,99.1442
2025-01-01 15:27:00,BUS_VOLTAGE,28.0247
2025-01-01 15:27:10,BUS_CURRENT,7.3983
2025-01-01 15:27:20,THRUSTER_TEMP_1,18.3022
2025-01-01 15:27:30,THRUSTER_TEMP_2,21.6879
2025-01-01 15:27:40,PAYLOAD_TEMP_CAM,22.256
2025-01-01 15:27:50,PAYLOAD_TEMP_SENSOR,21.5775
2025-01-01 15:28:00,OBC_TEMP,36.3618
2025-01-01 15:28:10,TRANS_TEMP,36.7192
2025-01-01 15:28:20,STRUCT_TEMP_PANEL_X,10.7723
2025-01-01 15:28:30,STRUCT_TEMP_PANEL_Y,2.8758
2025-01-01 15:28:40,STRUCT_TEMP_PANEL_Z,8.2972
2025-01-01 15:28:50,RADIATOR_TEMP,-9.4463
2025-01-01 15:29:00,GYRO_X,-0.0263
2025-01-01 15:29:10,GYRO_Y,-0.0039
2025-01-01 15:29:20,GYRO_Z,0.0062
2025-01-01 15:29:30,MAGNETOMETER_X,-33.1149
2025-01-01 15:29:40,MAGNETOMETER_Y,-15.2682
2025-01-01 15:29:50,MAGNETOMETER_Z,1.4004
2025-01-01 15:30:00,REACTION_WHEEL_SPD_X,-1254.1664
2025-01-01 15:30:10,REACTION_WHEEL_SPD_Y,-1138.0998
2025-01-01 15:30:20,REACTION_WHEEL_SPD_Z,-1024.023
2025-01-01 15:30:30,ATTITUDE_ROLL,-1.5353
2025-01-01 15:30:40,ATTITUDE_PITCH,-0.8148
2025-01-01 15:30:50,ATTITUDE_YAW,-0.91
2025-01-01 15:31:00,STAR_TRACKER_VALID,0.2989
2025-01-01 15:31:10,SUN_SENSOR_ANGLE,100.2192
2025-01-01 15:31:20,RF_SIGNAL_STRENGTH,-66.7915
2025-01-01 15:31:30,RF_NOISE_FLOOR,-100.8054
2025-01-01 15:31:40,TX_POWER,2.3054
2025-01-01 15:31:50,LINK_MARGIN,9.8626
2025-01-01 15:32:00,DATA_RATE_KBPS,80.878
2025-01-01 15:32:10,PACKET_LOSS_RATE,0.5873
2025-01-01 15:32:20,CPU_USAGE,38.2428
2025-01-01 15:32:30,MEMORY_USAGE,45.58
2025-01-01 15:32:40,FLASH_WRITE_RATE,1.2511
2025-01-01 15:32:50,WATCHDOG_COUNTER,39.179
2025-01-01 15:33:00,TANK_PRESSURE,291.5343
2025-01-01 15:33:10,THRUSTER_VALVE_TEMP,14.7444
2025-01-01 15:33:20,BATT_VOLTAGE_1,27.4218
2025-01-01 15:33:30,BATT_VOLTAGE_2,27.8454
2025-01-01 15:33:40,BATT_CURRENT_1,1.7149
2025-01-01 15:33:50,BATT_CURRENT_2,1.8068
2025-01-01 15:34:00,BATT_TEMP_1,20.2475
2025-01-01 15:34:10,BATT_TEMP_2,22.7778
2025-01-01 15:34:20,BATT_SOC,79.8446
2025-01-01 15:34:30,SOLAR_PANEL_VOLT_A,31.4504
2025-01-01 15:34:40,SOLAR_PANEL_VOLT_B,29.8729
2025-01-01 15:34:50,SOLAR_PANEL_CURR_A,4.3944
2025-01-01 15:35:00,SOLAR_PANEL_CURR_B,4.3701
2025-01-01 15:35:10,SOLAR_POWER_TOTAL,88.0867
2025-01-01 15:35:20,BUS_VOLTAGE,28.0987
2025-01-01 15:35:30,BUS_CURRENT,6.8643
2025-01-01 15:35:40,THRUSTER_TEMP_1,20.49
2025-01-01 15:35:50,THRUSTER_TEMP_2,20.6148
2025-01-01 15:36:00,PAYLOAD_TEMP_CAM,21.7869
2025-01-01 15:36:10,PAYLOAD_TEMP_SENSOR,20.6374
2025-01-01 15:36:20,OBC_TEMP,36.9539
2025-01-01 15:36:30,TRANS_TEMP,38.493
2025-01-01 15:36:40,STRUCT_TEMP_PANEL_X,9.9933
2025-01-01 15:36:50,STRUCT_TEMP_PANEL_Y,4.7263
2025-01-01 15:37:00,STRUCT_TEMP_PANEL_Z,7.7706
2025-01-01 15:37:10,RADIATOR_TEMP,-15.8243
2025-01-01 15:37:20,GYRO_X,-0.0107
2025-01-01 15:37:30,GYRO_Y,-0.0353
2025-01-01 15:37:40,GYRO_Z,-0.0479
2025-01-01 15:37:50,MAGNETOMETER_X,-19.7761
2025-01-01 15:38:00,MAGNETOMETER_Y,-28.5363
2025-01-01 15:38:10,MAGNETOMETER_Z,7.3015
2025-01-01 15:38:20,REACTION_WHEEL_SPD_X,-1761.8782
2025-01-01 15:38:30,REACTION_WHEEL_SPD_Y,-1263.2849
2025-01-01 15:38:40,REACTION_WHEEL_SPD_Z,-973.2934
2025-01-01 15:38:50,ATTITUDE_ROLL,-1.2324
2025-01-01 15:39:00,ATTITUDE_PITCH,-0.517
2025-01-01 15:39:10,ATTITUDE_YAW,-1.7936
2025-01-01 15:39:20,STAR_TRACKER_VALID,0.2332
2025-01-01 15:39:30,SUN_SENSOR_ANGLE,37.4359
2025-01-01 15:39:40,RF_SIGNAL_STRENGTH,-73.7451
2025-01-01 15:39:50,RF_NOISE_FLOOR,-102.1893
2025-01-01 15:40:00,TX_POWER,2.2659
2025-01-01 15:40:10,LINK_MARGIN,10.5946
2025-01-01 15:40:20,DATA_RATE_KBPS,87.7784
2025-01-01 15:40:30,PACKET_LOSS_RATE,0.4281
2025-01-01 15:40:40,CPU_USAGE,34.719
2025-01-01 15:40:50,MEMORY_USAGE,41.5058
2025-01-01 15:41:00,FLASH_WRITE_RATE,2.1117
2025-01-01 15:41:10,WATCHDOG_COUNTER,29.5634
2025-01-01 15:41:20,TANK_PRESSURE,296.8898
2025-01-01 15:41:30,THRUSTER_VALVE_TEMP,15.5281
2025-01-01 15:41:40,BATT_VOLTAGE_1,27.2577
2025-01-01 15:41:50,BATT_VOLTAGE_2,27.3225
2025-01-01 15:42:00,BATT_CURRENT_1,1.7544
2025-01-01 15:42:10,BATT_CURRENT_2,2.019
2025-01-01 15:42:20,BATT_TEMP_1,22.099
2025-01-01 15:42:30,BATT_TEMP_2,25.9759
2025-01-01 15:42:40,BATT_SOC,73.1999
2025-01-01 15:42:50,SOLAR_PANEL_VOLT_A,29.8565
2025-01-01 15:43:00,SOLAR_PANEL_VOLT_B,29.8855
2025-01-01 15:43:10,SOLAR_PANEL_CURR_A,5.0978
2025-01-01 15:43:20,SOLAR_PANEL_CURR_B,4.252
2025-01-01 15:43:30,SOLAR_POWER_TOTAL,97.089
2025-01-01 15:43:40,BUS_VOLTAGE,28.0213
2025-01-01 15:43:50,BUS_CURRENT,8.0165
2025-01-01 15:44:00,THRUSTER_TEMP_1,19.4633
2025-01-01 15:44:10,THRUSTER_TEMP_2,23.8269
2025-01-01 15:44:20,PAYLOAD_TEMP_CAM,20.4946
2025-01-01 15:44:30,PAYLOAD_TEMP_SENSOR,22.6658
2025-01-01 15:44:40,OBC_TEMP,44.3646
2025-01-01 15:44:50,TRANS_TEMP,38.3434
2025-01-01 15:45:00,STRUCT_TEMP_PANEL_X,16.5983
2025-01-01 15:45:10,STRUCT_TEMP_PANEL_Y,27.044
2025-01-01 15:45:20,STRUCT_TEMP_PANEL_Z,20.1173
2025-01-01 15:45:30,RADIATOR_TEMP,-17.1288
2025-01-01 15:45:40,GYRO_X,-0.0156
2025-01-01 15:45:50,GYRO_Y,-0.0354
2025-01-01 15:46:00,GYRO_Z,-0.04
2025-01-01 15:46:10,MAGNETOMETER_X,-26.7673
2025-01-01 15:46:20,MAGNETOMETER_Y,-18.2296
2025-01-01 15:46:30,MAGNETOMETER_Z,-4.3369
2025-01-01 15:46:40,REACTION_WHEEL_SPD_X,-1408.9549
2025-01-01 15:46:50,REACTION_WHEEL_SPD_Y,-1175.5695
2025-01-01 15:47:00,REACTION_WHEEL_SPD_Z,-792.6761
2025-01-01 15:47:10,ATTITUDE_ROLL,-0.4415
2025-01-01 15:47:20,ATTITUDE_PITCH,-1.4714
2025-01-01 15:47:30,ATTITUDE_YAW,-1.797
2025-01-01 15:47:40,STAR_TRACKER_VALID,0.3499
2025-01-01 15:47:50,SUN_SENSOR_ANGLE,52.0235
2025-01-01 15:48:00,RF_SIGNAL_STRENGTH,-73.1329
2025-01-01 15:48:10,RF_NOISE_FLOOR,-100.1403
2025-01-01 15:48:20,TX_POWER,2.089
2025-01-01 15:48:30,LINK_MARGIN,10.959
2025-01-01 15:48:40,DATA_RATE_KBPS,86.3271
2025-01-01 15:48:50,PACKET_LOSS_RATE,1.2688
2025-01-01 15:49:00,CPU_USAGE,28.7539
2025-01-01 15:49:10,MEMORY_USAGE,45.3224
2025-01-01 15:49:20,FLASH_WRITE_RATE,1.6585
2025-01-01 15:49:30,WATCHDOG_COUNTER,48.6937
2025-01-01 15:49:40,TANK_PRESSURE,298.0703
2025-01-01 15:49:50,THRUSTER_VALVE_TEMP,15.6319
2025-01-01 15:50:00,BATT_VOLTAGE_1,27.2846
2025-01-01 15:50:10,BATT_VOLTAGE_2,27.4036
2025-01-01 15:50:20,BATT_CURRENT_1,1.9702
2025-01-01 15:50:30,BATT_CURRENT_2,2.6883
2025-01-01 15:50:40,BATT_TEMP_1,26.3182
2025-01-01 15:50:50,BATT_TEMP_2,22.3566
2025-01-01 15:51:00,BATT_SOC,80.2764
2025-01-01 15:51:10,SOLAR_PANEL_VOLT_A,29.9421
2025-01-01 15:51:20,SOLAR_PANEL_VOLT_B,29.5429
2025-01-01 15:51:30,SOLAR_PANEL_CURR_A,5.6098
2025-01-01 15:51:40,SOLAR_PANEL_CURR_B,4.3032
2025-01-01 15:51:50,SOLAR_POWER_TOTAL,94.4495
2025-01-01 15:52:00,BUS_VOLTAGE,28.3987
2025-01-01 15:52:10,BUS_CURRENT,7.1425
2025-01-01 15:52:20,THRUSTER_TEMP_1,18.8466
2025-01-01 15:52:30,THRUSTER_TEMP_2,22.8282
2025-01-01 15:52:40,PAYLOAD_TEMP_CAM,23.9624
2025-01-01 15:52:50,PAYLOAD_TEMP_SENSOR,22.6612
2025-01-01 15:53:00,OBC_TEMP,38.5451
2025-01-01 15:53:10,TRANS_TEMP,31.0443
2025-01-01 15:53:20,STRUCT_TEMP_PANEL_X,2.6689
2025-01-01 15:53:30,STRUCT_TEMP_PANEL_Y,5.1827
2025-01-01 15:53:40,STRUCT_TEMP_PANEL_Z,12.7194
2025-01-01 15:53:50,RADIATOR_TEMP,-16.4334
2025-01-01 15:54:00,GYRO_X,-0.0273
2025-01-01 15:54:10,GYRO_Y,-0.017
2025-01-01 15:54:20,GYRO_Z,0.0106
2025-01-01 15:54:30,MAGNETOMETER_X,-12.7227
2025-01-01 15:54:40,MAGNETOMETER_Y,-23.8081
2025-01-01 15:54:50,MAGNETOMETER_Z,-25.892
2025-01-01 15:55:00,REACTION_WHEEL_SPD_X,215.6387
2025-01-01 15:55:10,REACTION_WHEEL_SPD_Y,-1093.7073
2025-01-01 15:55:20,REACTION_WHEEL_SPD_Z,-1245.6329
2025-01-01 15:55:30,ATTITUDE_ROLL,-1.6262
2025-01-01 15:55:40,ATTITUDE_PITCH,-1.3321
2025-01-01 15:55:50,ATTITUDE_YAW,-1.6904
2025-01-01 15:56:00,STAR_TRACKER_VALID,0.3605
2025-01-01 15:56:10,SUN_SENSOR_ANGLE,66.981
2025-01-01 15:56:20,RF_SIGNAL_STRENGTH,-75.2665
2025-01-01 15:56:30,RF_NOISE_FLOOR,-100.8384
2025-01-01 15:56:40,TX_POWER,3.4889
2025-01-01 15:56:50,LINK_MARGIN,12.4478
2025-01-01 15:57:00,DATA_RATE_KBPS,123.3322
2025-01-01 15:57:10,PACKET_LOSS_RATE,0.5852
2025-01-01 15:57:20,CPU_USAGE,21.5704
2025-01-01 15:57:30,MEMORY_USAGE,48.6282
2025-01-01 15:57:40,FLASH_WRITE_RATE,0.9985
2025-01-01 15:57:50,WATCHDOG_COUNTER,23.3868
2025-01-01 15:58:00,TANK_PRESSURE,291.3177
2025-01-01 15:58:10,THRUSTER_VALVE_TEMP,13.7338
2025-01-01 15:58:20,BATT_VOLTAGE_1,27.2116
2025-01-01 15:58:30,BATT_VOLTAGE_2,27.7473
2025-01-01 15:58:40,BATT_CURRENT_1,2.0297
2025-01-01 15:58:50,BATT_CURRENT_2,2.8279
2025-01-01 15:59:00,BATT_TEMP_1,26.4374
2025-01-01 15:59:10,BATT_TEMP_2,20.2694
2025-01-01 15:59:20,BATT_SOC,76.2691
2025-01-01 15:59:30,SOLAR_PANEL_VOLT_A,29.3478
2025-01-01 15:59:40,SOLAR_PANEL_VOLT_B,29.6389
2025-01-01 15:59:50,SOLAR_PANEL_CURR_A,4.3832
2025-01-01 16:00:00,SOLAR_PANEL_CURR_B,4.5982
2025-01-01 16:00:10,SOLAR_POWER_TOTAL,98.7319
2025-01-01 16:00:20,BUS_VOLTAGE,28.2152
2025-01-01 16:00:30,BUS_CURRENT,7.0853
2025-01-01 16:00:40,THRUSTER_TEMP_1,20.7546
2025-01-01 16:00:50,THRUSTER_TEMP_2,18.1185
2025-01-01 16:01:00,PAYLOAD_TEMP_CAM,21.2568
2025-01-01 16:01:10,PAYLOAD_TEMP_SENSOR,20.6708
2025-01-01 16:01:20,OBC_TEMP,37.9516
2025-01-01 16:01:30,TRANS_TEMP,33.3309
2025-01-01 16:01:40,STRUCT_TEMP_PANEL_X,12.1385
2025-01-01 16:01:50,STRUCT_TEMP_PANEL_Y,13.3011
2025-01-01 16:02:00,STRUCT_TEMP_PANEL_Z,9.9437
2025-01-01 16:02:10,RADIATOR_TEMP,-17.4487
2025-01-01 16:02:20,GYRO_X,-0.0339
2025-01-01 16:02:30,GYRO_Y,-0.0357
2025-01-01 16:02:40,GYRO_Z,-0.0343
2025-01-01 16:02:50,MAGNETOMETER_X,-21.2663
2025-01-01 16:03:00,MAGNETOMETER_Y,-28.3554
2025-01-01 16:03:10,MAGNETOMETER_Z,-20.084
2025-01-01 16:03:20,REACTION_WHEEL_SPD_X,-1726.0934
2025-01-01 16:03:30,REACTION_WHEEL_SPD_Y,-290.4101
2025-01-01 16:03:40,REACTION_WHEEL_SPD_Z,-1173.5087
2025-01-01 16:03:50,ATTITUDE_ROLL,-1.2633
2025-01-01 16:04:00,ATTITUDE_PITCH,-1.7005
2025-01-01 16:04:10,ATTITUDE_YAW,-1.5141
2025-01-01 16:04:20,STAR_TRACKER_VALID,0.3138
2025-01-01 16:04:30,SUN_SENSOR_ANGLE,81.0656
2025-01-01 16:04:40,RF_SIGNAL_STRENGTH,-75.4482
2025-01-01 16:04:50,RF_NOISE_FLOOR,-100.9185
2025-01-01 16:05:00,TX_POWER,1.8771
2025-01-01 16:05:10,LINK_MARGIN,10.6789
2025-01-01 16:05:20,DATA_RATE_KBPS,124.107
2025-01-01 16:05:30,PACKET_LOSS_RATE,1.0125
2025-01-01 16:05:40,CPU_USAGE,24.5469
2025-01-01 16:05:50,MEMORY_USAGE,53.753
2025-01-01 16:06:00,FLASH_WRITE_RATE,1.557
2025-01-01 16:06:10,WATCHDOG_COUNTER,31.9584
2025-01-01 16:06:20,TANK_PRESSURE,288.0151
2025-01-01 16:06:30,THRUSTER_VALVE_TEMP,15.3071
2025-01-01 16:06:40,BATT_VOLTAGE_1,27.8795
2025-01-01 16:06:50,BATT_VOLTAGE_2,28.0954
2025-01-01 16:07:00,BATT_CURRENT_1,2.3524
2025-01-01 16:07:10,BATT_CURRENT_2,1.9015
2025-01-01 16:07:20,BATT_TEMP_1,19.6581
2025-01-01 16:07:30,BATT_TEMP_2,20.3764
2025-01-01 16:07:40,BATT_SOC,75.9127
2025-01-01 16:07:50,SOLAR_PANEL_VOLT_A,30.1107
2025-01-01 16:08:00,SOLAR_PANEL_VOLT_B,30.5179
2025-01-01 16:08:10,SOLAR_PANEL_CURR_A,5.073
2025-01-01 16:08:20,SOLAR_PANEL_CURR_B,4.309
2025-01-01 16:08:30,SOLAR_POWER_TOTAL,91.3765
2025-01-01 16:08:40,BUS_VOLTAGE,28.177
2025-01-01 16:08:50,BUS_CURRENT,6.5689
2025-01-01 16:09:00,THRUSTER_TEMP_1,18.7716
2025-01-01 16:09:10,THRUSTER_TEMP_2,18.5974
2025-01-01 16:09:20,PAYLOAD_TEMP_CAM,21.767
2025-01-01 16:09:30,PAYLOAD_TEMP_SENSOR,20.203
2025-01-01 16:09:40,OBC_TEMP,39.9647
2025-01-01 16:09:50,TRANS_TEMP,41.4896
2025-01-01 16:10:00,STRUCT_TEMP_PANEL_X,11.3217
2025-01-01 16:10:10,STRUCT_TEMP_PANEL_Y,5.4703
2025-01-01 16:10:20,STRUCT_TEMP_PANEL_Z,10.6899
2025-01-01 16:10:30,RADIATOR_TEMP,-18.7859
2025-01-01 16:10:40,GYRO_X,-0.0366
2025-01-01 16:10:50,GYRO_Y,0.0135
2025-01-01 16:11:00,GYRO_Z,-0.0068
2025-01-01 16:11:10,MAGNETOMETER_X,-31.4951
2025-01-01 16:11:20,MAGNETOMETER_Y,-30.6331
2025-01-01 16:11:30,MAGNETOMETER_Z,-32.067
2025-01-01 16:11:40,REACTION_WHEEL_SPD_X,-1187.1356
2025-01-01 16:11:50,REACTION_WHEEL_SPD_Y,-992.2296
2025-01-01 16:12:00,REACTION_WHEEL_SPD_Z,-1705.6544
2025-01-01 16:12:10,ATTITUDE_ROLL,-0.7798
2025-01-01 16:12:20,ATTITUDE_PITCH,-1.2125
2025-01-01 16:12:30,ATTITUDE_YAW,-0.5693
2025-01-01 16:12:40,STAR_TRACKER_VALID,0.3689
2025-01-01 16:12:50,SUN_SENSOR_ANGLE,118.7222
2025-01-01 16:13:00,RF_SIGNAL_STRENGTH,-65.0261
2025-01-01 16:13:10,RF_NOISE_FLOOR,-101.755
2025-01-01 16:13:20,TX_POWER,2.1028
2025-01-01 16:13:30,LINK_MARGIN,13.0578
2025-01-01 16:13:40,DATA_RATE_KBPS,96.8027
2025-01-01 16:13:50,PACKET_LOSS_RATE,0.6259
2025-01-01 16:14:00,CPU_USAGE,30.9938
2025-01-01 16:14:10,MEMORY_USAGE,38.632
2025-01-01 16:14:20,FLASH_WRITE_RATE,1.8561
2025-01-01 16:14:30,WATCHDOG_COUNTER,22.5368
2025-01-01 16:14:40,TANK_PRESSURE,290.1661
2025-01-01 16:14:50,THRUSTER_VALVE_TEMP,16.7041
2025-01-01 16:15:00,BATT_VOLTAGE_1,27.3535
2025-01-01 16:15:10,BATT_VOLTAGE_2,27.3033
2025-01-01 16:15:20,BATT_CURRENT_1,1.8897
2025-01-01 16:15:30,BATT_CURRENT_2,1.9773
2025-01-01 16:15:40,BATT_TEMP_1,20.5486
2025-01-01 16:15:50,BATT_TEMP_2,21.756
2025-01-01 16:16:00,BATT_SOC,71.6269
2025-01-01 16:16:10,SOLAR_PANEL_VOLT_A,29.3932
2025-01-01 16:16:20,SOLAR_PANEL_VOLT_B,31.4855
2025-01-01 16:16:30,SOLAR_PANEL_CURR_A,4.7383
2025-01-01 16:16:40,SOLAR_PANEL_CURR_B,4.5819
2025-01-01 16:16:50,SOLAR_POWER_TOTAL,90.9405
2025-01-01 16:17:00,BUS_VOLTAGE,27.8841
2025-01-01 16:17:10,BUS_CURRENT,7.1537
2025-01-01 16:17:20,THRUSTER_TEMP_1,19.4436
2025-01-01 16:17:30,THRUSTER_TEMP_2,19.3918
2025-01-01 16:17:40,PAYLOAD_TEMP_CAM,22.8911
2025-01-01 16:17:50,PAYLOAD_TEMP_SENSOR,22.0652
2025-01-01 16:18:00,OBC_TEMP,44.0025
2025-01-01 16:18:10,TRANS_TEMP,36.5772
2025-01-01 16:18:20,STRUCT_TEMP_PANEL_X,10.3349
2025-01-01 16:18:30,STRUCT_TEMP_PANEL_Y,4.0737
2025-01-01 16:18:40,STRUCT_TEMP_PANEL_Z,8.1907
2025-01-01 16:18:50,RADIATOR_TEMP,-21.5778
2025-01-01 16:19:00,GYRO_X,-0.0306
2025-01-01 16:19:10,GYRO_Y,0.0034
2025-01-01 16:19:20,GYRO_Z,-0.0252
2025-01-01 16:19:30,MAGNETOMETER_X,-32.6332
2025-01-01 16:19:40,MAGNETOMETER_Y,-25.0372
2025-01-01 16:19:50,MAGNETOMETER_Z,-20.034
2025-01-01 16:20:00,REACTION_WHEEL_SPD_X,-1170.2256
2025-01-01 16:20:10,REACTION_WHEEL_SPD_Y,-41.3757
2025-01-01 16:20:20,REACTION_WHEEL_SPD_Z,-1551.9271
2025-01-01 16:20:30,ATTITUDE_ROLL,0.6044
2025-01-01 16:20:40,ATTITUDE_PITCH,0.3963
2025-01-01 16:20:50,ATTITUDE_YAW,-1.2014
2025-01-01 16:21:00,STAR_TRACKER_VALID,0.5134
2025-01-01 16:21:10,SUN_SENSOR_ANGLE,91.3294
2025-01-01 16:21:20,RF_SIGNAL_STRENGTH,-75.98
2025-01-01 16:21:30,RF_NOISE_FLOOR,-92.7751
2025-01-01 16:21:40,TX_POWER,1.6186
2025-01-01 16:21:50,LINK_MARGIN,17.4687
2025-01-01 16:22:00,DATA_RATE_KBPS,90.5484
2025-01-01 16:22:10,PACKET_LOSS_RATE,0.5633
2025-01-01 16:22:20,CPU_USAGE,23.3653
2025-01-01 16:22:30,MEMORY_USAGE,50.5411
2025-01-01 16:22:40,FLASH_WRITE_RATE,1.2525
2025-01-01 16:22:50,WATCHDOG_COUNTER,36.1806
2025-01-01 16:23:00,TANK_PRESSURE,301.2355
2025-01-01 16:23:10,THRUSTER_VALVE_TEMP,14.7081
2025-01-01 16:23:20,BATT_VOLTAGE_1,28.1359
2025-01-01 16:23:30,BATT_VOLTAGE_2,27.8845
2025-01-01 16:23:40,BATT_CURRENT_1,2.0016
2025-01-01 16:23:50,BATT_CURRENT_2,2.2112
2025-01-01 16:24:00,BATT_TEMP_1,23.3047
2025-01-01 16:24:10,BATT_TEMP_2,27.3723
2025-01-01 16:24:20,BATT_SOC,68.4548
2025-01-01 16:24:30,SOLAR_PANEL_VOLT_A,29.9869
2025-01-01 16:24:40,SOLAR_PANEL_VOLT_B,29.4486
2025-01-01 16:24:50,SOLAR_PANEL_CURR_A,4.3274
2025-01-01 16:25:00,SOLAR_PANEL_CURR_B,4.4152
2025-01-01 16:25:10,SOLAR_POWER_TOTAL,110.4248
2025-01-01 16:25:20,BUS_VOLTAGE,28.3217
2025-01-01 16:25:30,BUS_CURRENT,9.3593
2025-01-01 16:25:40,THRUSTER_TEMP_1,18.908
2025-01-01 16:25:50,THRUSTER_TEMP_2,19.4738
2025-01-01 16:26:00,PAYLOAD_TEMP_CAM,23.0986
2025-01-01 16:26:10,PAYLOAD_TEMP_SENSOR,20.4052
2025-01-01 16:26:20,OBC_TEMP,41.1446
2025-01-01 16:26:30,TRANS_TEMP,32.5166
2025-01-01 16:26:40,STRUCT_TEMP_PANEL_X,2.8931
2025-01-01 16:26:50,STRUCT_TEMP_PANEL_Y,14.5748
2025-01-01 16:27:00,STRUCT_TEMP_PANEL_Z,6.882
2025-01-01 16:27:10,RADIATOR_TEMP,-9.394
2025-01-01 16:27:20,GYRO_X,-0.0408
2025-01-01 16:27:30,GYRO_Y,0.0326
2025-01-01 16:27:40,GYRO_Z,-0.0187
2025-01-01 16:27:50,MAGNETOMETER_X,22.108
2025-01-01 16:28:00,MAGNETOMETER_Y,-32.4199
2025-01-01 16:28:10,MAGNETOMETER_Z,-36.791
2025-01-01 16:28:20,REACTION_WHEEL_SPD_X,-1210.3143
2025-01-01 16:28:30,REACTION_WHEEL_SPD_Y,492.3741
2025-01-01 16:28:40,REACTION_WHEEL_SPD_Z,174.8371
2025-01-01 16:28:50,ATTITUDE_ROLL,-1.5458
2025-01-01 16:29:00,ATTITUDE_PITCH,0.0737
2025-01-01 16:29:10,ATTITUDE_YAW,-3.0975
2025-01-01 16:29:20,STAR_TRACKER_VALID,0.2489
2025-01-01 16:29:30,SUN_SENSOR_ANGLE,78.3603
2025-01-01 16:29:40,RF_SIGNAL_STRENGTH,-64.795
2025-01-01 16:29:50,RF_NOISE_FLOOR,-95.8371
2025-01-01 16:30:00,TX_POWER,2.276
2025-01-01 16:30:10,LINK_MARGIN,13.2303
2025-01-01 16:30:20,DATA_RATE_KBPS,106.996
2025-01-01 16:30:30,PACKET_LOSS_RATE,0.6179
2025-01-01 16:30:40,CPU_USAGE,25.2904
2025-01-01 16:30:50,MEMORY_USAGE,42.0426
2025-01-01 16:31:00,FLASH_WRITE_RATE,2.2209
2025-01-01 16:31:10,WATCHDOG_COUNTER,44.3627
2025-01-01 16:31:20,TANK_PRESSURE,291.105
2025-01-01 16:31:30,THRUSTER_VALVE_TEMP,13.8044
2025-01-01 16:31:40,BATT_VOLTAGE_1,27.2883
2025-01-01 16:31:50,BATT_VOLTAGE_2,27.4515
2025-01-01 16:32:00,BATT_CURRENT_1,1.8483
2025-01-01 16:32:10,BATT_CURRENT_2,2.5894
2025-01-01 16:32:20,BATT_TEMP_1,22.6638
2025-01-01 16:32:30,BATT_TEMP_2,25.9808
2025-01-01 16:32:40,BATT_SOC,70.8105
2025-01-01 16:32:50,SOLAR_PANEL_VOLT_A,30.3718
2025-01-01 16:33:00,SOLAR_PANEL_VOLT_B,29.6001
2025-01-01 16:33:10,SOLAR_PANEL_CURR_A,5.2616
2025-01-01 16:33:20,SOLAR_PANEL_CURR_B,4.0974
2025-01-01 16:33:30,SOLAR_POWER_TOTAL,91.7727
2025-01-01 16:33:40,BUS_VOLTAGE,28.6641
2025-01-01 16:33:50,BUS_CURRENT,7.1309
2025-01-01 16:34:00,THRUSTER_TEMP_1,19.7529
2025-01-01 16:34:10,THRUSTER_TEMP_2,18.5171
2025-01-01 16:34:20,PAYLOAD_TEMP_CAM,21.3157
2025-01-01 16:34:30,PAYLOAD_TEMP_SENSOR,21.6487
2025-01-01 16:34:40,OBC_TEMP,37.9714
2025-01-01 16:34:50,TRANS_TEMP,37.0393
2025-01-01 16:35:00,STRUCT_TEMP_PANEL_X,4.9516
2025-01-01 16:35:10,STRUCT_TEMP_PANEL_Y,14.5591
2025-01-01 16:35:20,STRUCT_TEMP_PANEL_Z,7.0106
2025-01-01 16:35:30,RADIATOR_TEMP,-16.6464
2025-01-01 16:35:40,GYRO_X,-0.0287
2025-01-01 16:35:50,GYRO_Y,-0.0269
2025-01-01 16:36:00,GYRO_Z,-0.0362
2025-01-01 16:36:10,MAGNETOMETER_X,-32.7294
2025-01-01 16:36:20,MAGNETOMETER_Y,14.247
2025-01-01 16:36:30,MAGNETOMETER_Z,10.1153
2025-01-01 16:36:40,REACTION_WHEEL_SPD_X,273.5752
2025-01-01 16:36:50,REACTION_WHEEL_SPD_Y,-763.5557
2025-01-01 16:37:00,REACTION_WHEEL_SPD_Z,-664.1457
2025-01-01 16:37:10,ATTITUDE_ROLL,-1.1349
2025-01-01 16:37:20,ATTITUDE_PITCH,-0.3607
2025-01-01 16:37:30,ATTITUDE_YAW,-0.8978
2025-01-01 16:37:40,STAR_TRACKER_VALID,0.2847
2025-01-01 16:37:50,SUN_SENSOR_ANGLE,59.5183
2025-01-01 16:38:00,RF_SIGNAL_STRENGTH,-67.5558
2025-01-01 16:38:10,RF_NOISE_FLOOR,-89.5496
2025-01-01 16:38:20,TX_POWER,1.8134
2025-01-01 16:38:30,LINK_MARGIN,10.9006
2025-01-01 16:38:40,DATA_RATE_KBPS,125.3365
2025-01-01 16:38:50,PACKET_LOSS_RATE,0.7111
2025-01-01 16:39:00,CPU_USAGE,23.9327
2025-01-01 16:39:10,MEMORY_USAGE,43.1249
2025-01-01 16:39:20,FLASH_WRITE_RATE,2.8373
2025-01-01 16:39:30,WATCHDOG_COUNTER,34.4097
2025-01-01 16:39:40,TANK_PRESSURE,288.8248
2025-01-01 16:39:50,THRUSTER_VALVE_TEMP,19.0976
2025-01-01 16:40:00,BATT_VOLTAGE_1,27.3817
2025-01-01 16:40:10,BATT_VOLTAGE_2,28.0972
2025-01-01 16:40:20,BATT_CURRENT_1,2.7806
2025-01-01 16:40:30,BATT_CURRENT_2,1.8102
2025-01-01 16:40:40,BATT_TEMP_1,21.7035
2025-01-01 16:40:50,BATT_TEMP_2,22.7315
2025-01-01 16:41:00,BATT_SOC,79.5644
2025-01-01 16:41:10,SOLAR_PANEL_VOLT_A,29.5639
2025-01-01 16:41:20,SOLAR_PANEL_VOLT_B,31.4408
2025-01-01 16:41:30,SOLAR_PANEL_CURR_A,4.2739
2025-01-01 16:41:40,SOLAR_PANEL_CURR_B,6.2604
2025-01-01 16:41:50,SOLAR_POWER_TOTAL,96.6775
2025-01-01 16:42:00,BUS_VOLTAGE,28.0872
2025-01-01 16:42:10,BUS_CURRENT,6.5026
2025-01-01 16:42:20,THRUSTER_TEMP_1,24.2745
2025-01-01 16:42:30,THRUSTER_TEMP_2,19.9344
2025-01-01 16:42:40,PAYLOAD_TEMP_CAM,22.835
2025-01-01 16:42:50,PAYLOAD_TEMP_SENSOR,20.4976
2025-01-01 16:43:00,OBC_TEMP,37.5589
2025-01-01 16:43:10,TRANS_TEMP,33.6154
2025-01-01 16:43:20,STRUCT_TEMP_PANEL_X,5.1132
2025-01-01 16:43:30,STRUCT_TEMP_PANEL_Y,7.1542
2025-01-01 16:43:40,STRUCT_TEMP_PANEL_Z,25.6354
2025-01-01 16:43:50,RADIATOR_TEMP,-18.8411
2025-01-01 16:44:00,GYRO_X,-0.038
2025-01-01 16:44:10,GYRO_Y,-0.0014
2025-01-01 16:44:20,GYRO_Z,-0.0111
2025-01-01 16:44:30,MAGNETOMETER_X,8.8221
2025-01-01 16:44:40,MAGNETOMETER_Y,-28.807
2025-01-01 16:44:50,MAGNETOMETER_Z,-15.8015
2025-01-01 16:45:00,REACTION_WHEEL_SPD_X,-937.176
2025-01-01 16:45:10,REACTION_WHEEL_SPD_Y,-1235.5236
2025-01-01 16:45:20,REACTION_WHEEL_SPD_Z,-1397.5041
2025-01-01 16:45:30,ATTITUDE_ROLL,-1.6755
2025-01-01 16:45:40,ATTITUDE_PITCH,-1.8619
2025-01-01 16:45:50,ATTITUDE_YAW,0.5305
2025-01-01 16:46:00,STAR_TRACKER_VALID,0.2518
2025-01-01 16:46:10,SUN_SENSOR_ANGLE,52.5433
2025-01-01 16:46:20,RF_SIGNAL_STRENGTH,-73.7572
2025-01-01 16:46:30,RF_NOISE_FLOOR,-99.4287
2025-01-01 16:46:40,TX_POWER,2.9423
2025-01-01 16:46:50,LINK_MARGIN,14.2959
2025-01-01 16:47:00,DATA_RATE_KBPS,123.8609
2025-01-01 16:47:10,PACKET_LOSS_RATE,1.2389
2025-01-01 16:47:20,CPU_USAGE,26.0916
2025-01-01 16:47:30,MEMORY_USAGE,49.8255
2025-01-01 16:47:40,FLASH_WRITE_RATE,3.0553
2025-01-01 16:47:50,WATCHDOG_COUNTER,21.9886
2025-01-01 16:48:00,TANK_PRESSURE,297.796
2025-01-01 16:48:10,THRUSTER_VALVE_TEMP,16.1701
2025-01-01 16:48:20,BATT_VOLTAGE_1,27.3405
2025-01-01 16:48:30,BATT_VOLTAGE_2,27.7723
2025-01-01 16:48:40,BATT_CURRENT_1,2.8027
2025-01-01 16:48:50,BATT_CURRENT_2,2.565
2025-01-01 16:49:00,BATT_TEMP_1,27.768
2025-01-01 16:49:10,BATT_TEMP_2,20.5308
2025-01-01 16:49:20,BATT_SOC,69.0668
2025-01-01 16:49:30,SOLAR_PANEL_VOLT_A,29.452
2025-01-01 16:49:40,SOLAR_PANEL_VOLT_B,31.1612
2025-01-01 16:49:50,SOLAR_PANEL_CURR_A,4.0153
2025-01-01 16:50:00,SOLAR_PANEL_CURR_B,4.689
2025-01-01 16:50:10,SOLAR_POWER_TOTAL,93.84
2025-01-01 16:50:20,BUS_VOLTAGE,28.1549
2025-01-01 16:50:30,BUS_CURRENT,6.3164
2025-01-01 16:50:40,THRUSTER_TEMP_1,18.061
2025-01-01 16:50:50,THRUSTER_TEMP_2,18.7188
2025-01-01 16:51:00,PAYLOAD_TEMP_CAM,22.3918
2025-01-01 16:51:10,PAYLOAD_TEMP_SENSOR,23.3943
2025-01-01 16:51:20,OBC_TEMP,36.5972
2025-01-01 16:51:30,TRANS_TEMP,33.1397
2025-01-01 16:51:40,STRUCT_TEMP_PANEL_X,4.3862
2025-01-01 16:51:50,STRUCT_TEMP_PANEL_Y,3.9014
2025-01-01 16:52:00,STRUCT_TEMP_PANEL_Z,20.1258
2025-01-01 16:52:10,RADIATOR_TEMP,-22.9554
2025-01-01 16:52:20,GYRO_X,-0.0343
2025-01-01 16:52:30,GYRO_Y,-0.0329
2025-01-01 16:52:40,GYRO_Z,-0.0396
2025-01-01 16:52:50,MAGNETOMETER_X,-22.6657
2025-01-01 16:53:00,MAGNETOMETER_Y,-34.947
2025-01-01 16:53:10,MAGNETOMETER_Z,4.0575
2025-01-01 16:53:20,REACTION_WHEEL_SPD_X,-26.3951
2025-01-01 16:53:30,REACTION_WHEEL_SPD_Y,-1349.5084
2025-01-01 16:53:40,REACTION_WHEEL_SPD_Z,-389.4124
2025-01-01 16:53:50,ATTITUDE_ROLL,-1.5454
2025-01-01 16:54:00,ATTITUDE_PITCH,-0.6967
2025-01-01 16:54:10,ATTITUDE_YAW,-1.5671
2025-01-01 16:54:20,STAR_TRACKER_VALID,0.3666
2025-01-01 16:54:30,SUN_SENSOR_ANGLE,104.2817
2025-01-01 16:54:40,RF_SIGNAL_STRENGTH,-69.6774
2025-01-01 16:54:50,RF_NOISE_FLOOR,-101.8988
2025-01-01 16:55:00,TX_POWER,2.0422
2025-01-01 16:55:10,LINK_MARGIN,12.1445
2025-01-01 16:55:20,DATA_RATE_KBPS,95.151
2025-01-01 16:55:30,PACKET_LOSS_RATE,1.1518
2025-01-01 16:55:40,CPU_USAGE,22.6905
2025-01-01 16:55:50,MEMORY_USAGE,50.8913
2025-01-01 16:56:00,FLASH_WRITE_RATE,1.7459
2025-01-01 16:56:10,WATCHDOG_COUNTER,50.4071
2025-01-01 16:56:20,TANK_PRESSURE,295.2258
2025-01-01 16:56:30,THRUSTER_VALVE_TEMP,14.6707
2025-01-01 16:56:40,BATT_VOLTAGE_1,28.3909
2025-01-01 16:56:50,BATT_VOLTAGE_2,27.2698
2025-01-01 16:57:00,BATT_CURRENT_1,2.0522
2025-01-01 16:57:10,BATT_CURRENT_2,2.5427
2025-01-01 16:57:20,BATT_TEMP_1,25.6297
2025-01-01 16:57:30,BATT_TEMP_2,20.8069
2025-01-01 16:57:40,BATT_SOC,70.8382
2025-01-01 16:57:50,SOLAR_PANEL_VOLT_A,29.2946
2025-01-01 16:58:00,SOLAR_PANEL_VOLT_B,29.4844
2025-01-01 16:58:10,SOLAR_PANEL_CURR_A,6.1714
2025-01-01 16:58:20,SOLAR_PANEL_CURR_B,4.5172
2025-01-01 16:58:30,SOLAR_POWER_TOTAL,93.4649
2025-01-01 16:58:40,BUS_VOLTAGE,28.3154
2025-01-01 16:58:50,BUS_CURRENT,9.3788
2025-01-01 16:59:00,THRUSTER_TEMP_1,18.7489
2025-01-01 16:59:10,THRUSTER_TEMP_2,18.6711
2025-01-01 16:59:20,PAYLOAD_TEMP_CAM,20.9601
2025-01-01 16:59:30,PAYLOAD_TEMP_SENSOR,22.9449
2025-01-01 16:59:40,OBC_TEMP,46.0465
2025-01-01 16:59:50,TRANS_TEMP,31.9566
2025-01-01 17:00:00,STRUCT_TEMP_PANEL_X,10.935
2025-01-01 17:00:10,STRUCT_TEMP_PANEL_Y,9.1801
2025-01-01 17:00:20,STRUCT_TEMP_PANEL_Z,23.6772
2025-01-01 17:00:30,RADIATOR_TEMP,-16.4577
2025-01-01 17:00:40,GYRO_X,-0.0002
2025-01-01 17:00:50,GYRO_Y,-0.0373
2025-01-01 17:01:00,GYRO_Z,-0.0224
2025-01-01 17:01:10,MAGNETOMETER_X,5.5084
2025-01-01 17:01:20,MAGNETOMETER_Y,-33.0058
2025-01-01 17:01:30,MAGNETOMETER_Z,-27.4831
2025-01-01 17:01:40,REACTION_WHEEL_SPD_X,-1525.5533
2025-01-01 17:01:50,REACTION_WHEEL_SPD_Y,-1352.9615
2025-01-01 17:02:00,REACTION_WHEEL_SPD_Z,605.0949
2025-01-01 17:02:10,ATTITUDE_ROLL,-1.1773
2025-01-01 17:02:20,ATTITUDE_PITCH,-1.4268
2025-01-01 17:02:30,ATTITUDE_YAW,-2.0547
2025-01-01 17:02:40,STAR_TRACKER_VALID,0.4662
2025-01-01 17:02:50,SUN_SENSOR_ANGLE,109.152
2025-01-01 17:03:00,RF_SIGNAL_STRENGTH,-74.314
2025-01-01 17:03:10,RF_NOISE_FLOOR,-87.3352
2025-01-01 17:03:20,TX_POWER,3.151
2025-01-01 17:03:30,LINK_MARGIN,15.2929
2025-01-01 17:03:40,DATA_RATE_KBPS,89.3593
2025-01-01 17:03:50,PACKET_LOSS_RATE,0.4729
2025-01-01 17:04:00,CPU_USAGE,23.7253
2025-01-01 17:04:10,MEMORY_USAGE,39.082
2025-01-01 17:04:20,FLASH_WRITE_RATE,2.0283
2025-01-01 17:04:30,WATCHDOG_COUNTER,49.9339
2025-01-01 17:04:40,TANK_PRESSURE,304.3279
2025-01-01 17:04:50,THRUSTER_VALVE_TEMP,16.5626
2025-01-01 17:05:00,BATT_VOLTAGE_1,27.3303
2025-01-01 17:05:10,BATT_VOLTAGE_2,27.0164
2025-01-01 17:05:20,BATT_CURRENT_1,2.0044
2025-01-01 17:05:30,BATT_CURRENT_2,1.7636
2025-01-01 17:05:40,BATT_TEMP_1,19.6817
2025-01-01 17:05:50,BATT_TEMP_2,19.9649
2025-01-01 17:06:00,BATT_SOC,86.8197
2025-01-01 17:06:10,SOLAR_PANEL_VOLT_A,29.9464
2025-01-01 17:06:20,SOLAR_PANEL_VOLT_B,29.5082
2025-01-01 17:06:30,SOLAR_PANEL_CURR_A,5.9537
2025-01-01 17:06:40,SOLAR_PANEL_CURR_B,4.3689
2025-01-01 17:06:50,SOLAR_POWER_TOTAL,96.0832
2025-01-01 17:07:00,BUS_VOLTAGE,28.5645
2025-01-01 17:07:10,BUS_CURRENT,6.6059
2025-01-01 17:07:20,THRUSTER_TEMP_1,19.7923
2025-01-01 17:07:30,THRUSTER_TEMP_2,23.7166
2025-01-01 17:07:40,PAYLOAD_TEMP_CAM,21.1659
2025-01-01 17:07:50,PAYLOAD_TEMP_SENSOR,21.4534
2025-01-01 17:08:00,OBC_TEMP,35.0452
2025-01-01 17:08:10,TRANS_TEMP,38.4391
2025-01-01 17:08:20,STRUCT_TEMP_PANEL_X,27.6043
2025-01-01 17:08:30,STRUCT_TEMP_PANEL_Y,6.254
2025-01-01 17:08:40,STRUCT_TEMP_PANEL_Z,20.568
2025-01-01 17:08:50,RADIATOR_TEMP,-19.1435
2025-01-01 17:09:00,GYRO_X,-0.0322
2025-01-01 17:09:10,GYRO_Y,0.0354
2025-01-01 17:09:20,GYRO_Z,-0.0074
2025-01-01 17:09:30,MAGNETOMETER_X,0.2208
2025-01-01 17:09:40,MAGNETOMETER_Y,-25.0879
2025-01-01 17:09:50,MAGNETOMETER_Z,-33.1855
2025-01-01 17:10:00,REACTION_WHEEL_SPD_X,-712.6214
2025-01-01 17:10:10,REACTION_WHEEL_SPD_Y,-1466.7613
2025-01-01 17:10:20,REACTION_WHEEL_SPD_Z,13.5757
2025-01-01 17:10:30,ATTITUDE_ROLL,-0.8644
2025-01-01 17:10:40,ATTITUDE_PITCH,-1.769
2025-01-01 17:10:50,ATTITUDE_YAW,-2.5625
2025-01-01 17:11:00,STAR_TRACKER_VALID,0.6637
2025-01-01 17:11:10,SUN_SENSOR_ANGLE,46.3527
2025-01-01 17:11:20,RF_SIGNAL_STRENGTH,-66.3755
2025-01-01 17:11:30,RF_NOISE_FLOOR,-97.1405
2025-01-01 17:11:40,TX_POWER,2.8289
2025-01-01 17:11:50,LINK_MARGIN,9.3754
2025-01-01 17:12:00,DATA_RATE_KBPS,87.9522
2025-01-01 17:12:10,PACKET_LOSS_RATE,0.4447
2025-01-01 17:12:20,CPU_USAGE,30.5883
2025-01-01 17:12:30,MEMORY_USAGE,41.3502
2025-01-01 17:12:40,FLASH_WRITE_RATE,1.8282
2025-01-01 17:12:50,WATCHDOG_COUNTER,49.1281
2025-01-01 17:13:00,TANK_PRESSURE,295.3777
2025-01-01 17:13:10,THRUSTER_VALVE_TEMP,14.2186
2025-01-01 17:13:20,BATT_VOLTAGE_1,27.6799
2025-01-01 17:13:30,BATT_VOLTAGE_2,27.2371
2025-01-01 17:13:40,BATT_CURRENT_1,2.1943
2025-01-01 17:13:50,BATT_CURRENT_2,1.8997
2025-01-01 17:14:00,BATT_TEMP_1,25.7774
2025-01-01 17:14:10,BATT_TEMP_2,21.6363
2025-01-01 17:14:20,BATT_SOC,71.5423
2025-01-01 17:14:30,SOLAR_PANEL_VOLT_A,29.6332
2025-01-01 17:14:40,SOLAR_PANEL_VOLT_B,29.4343
2025-01-01 17:14:50,SOLAR_PANEL_CURR_A,5.8756
2025-01-01 17:15:00,SOLAR_PANEL_CURR_B,4.5394
2025-01-01 17:15:10,SOLAR_POWER_TOTAL,94.2513
2025-01-01 17:15:20,BUS_VOLTAGE,28.3392
2025-01-01 17:15:30,BUS_CURRENT,7.8188
2025-01-01 17:15:40,THRUSTER_TEMP_1,19.0882
2025-01-01 17:15:50,THRUSTER_TEMP_2,18.6663
2025-01-01 17:16:00,PAYLOAD_TEMP_CAM,24.2248
2025-01-01 17:16:10,PAYLOAD_TEMP_SENSOR,20.0948
2025-01-01 17:16:20,OBC_TEMP,36.3071
2025-01-01 17:16:30,TRANS_TEMP,34.244
2025-01-01 17:16:40,STRUCT_TEMP_PANEL_X,10.7315
2025-01-01 17:16:50,STRUCT_TEMP_PANEL_Y,13.7559
2025-01-01 17:17:00,STRUCT_TEMP_PANEL_Z,8.8871
2025-01-01 17:17:10,RADIATOR_TEMP,-7.5892
2025-01-01 17:17:20,GYRO_X,0.0033
2025-01-01 17:17:30,GYRO_Y,0.027
2025-01-01 17:17:40,GYRO_Z,0.0187
2025-01-01 17:17:50,MAGNETOMETER_X,-22.7266
2025-01-01 17:18:00,MAGNETOMETER_Y,-27.9101
2025-01-01 17:18:10,MAGNETOMETER_Z,-25.363
2025-01-01 17:18:20,REACTION_WHEEL_SPD_X,-254.4758
2025-01-01 17:18:30,REACTION_WHEEL_SPD_Y,-943.5925
2025-01-01 17:18:40,REACTION_WHEEL_SPD_Z,-690.1515
2025-01-01 17:18:50,ATTITUDE_ROLL,-0.3935
2025-01-01 17:19:00,ATTITUDE_PITCH,-1.2824
2025-01-01 17:19:10,ATTITUDE_YAW,1.339
2025-01-01 17:19:20,STAR_TRACKER_VALID,0.6342
2025-01-01 17:19:30,SUN_SENSOR_ANGLE,33.5777
2025-01-01 17:19:40,RF_SIGNAL_STRENGTH,-60.864
2025-01-01 17:19:50,RF_NOISE_FLOOR,-102.1064
2025-01-01 17:20:00,TX_POWER,2.1409
2025-01-01 17:20:10,LINK_MARGIN,19.6919
2025-01-01 17:20:20,DATA_RATE_KBPS,91.4301
2025-01-01 17:20:30,PACKET_LOSS_RATE,1.2109
2025-01-01 17:20:40,CPU_USAGE,37.0824
2025-01-01 17:20:50,MEMORY_USAGE,59.9822
2025-01-01 17:21:00,FLASH_WRITE_RATE,1.2838
2025-01-01 17:21:10,WATCHDOG_COUNTER,52.8287
2025-01-01 17:21:20,TANK_PRESSURE,293.2133
2025-01-01 17:21:30,THRUSTER_VALVE_TEMP,14.2418
2025-01-01 17:21:40,BATT_VOLTAGE_1,28.4389
2025-01-01 17:21:50,BATT_VOLTAGE_2,27.125
2025-01-01 17:22:00,BATT_CURRENT_1,1.6361
2025-01-01 17:22:10,BATT_CURRENT_2,1.6947
2025-01-01 17:22:20,BATT_TEMP_1,21.2447
2025-01-01 17:22:30,BATT_TEMP_2,22.2781
2025-01-01 17:22:40,BATT_SOC,86.6478
2025-01-01 17:22:50,SOLAR_PANEL_VOLT_A,30.8675
2025-01-01 17:23:00,SOLAR_PANEL_VOLT_B,29.6803
2025-01-01 17:23:10,SOLAR_PANEL_CURR_A,5.9695
2025-01-01 17:23:20,SOLAR_PANEL_CURR_B,5.7761
2025-01-01 17:23:30,SOLAR_POWER_TOTAL,94.2452
2025-01-01 17:23:40,BUS_VOLTAGE,28.0593
2025-01-01 17:23:50,BUS_CURRENT,7.3981
2025-01-01 17:24:00,THRUSTER_TEMP_1,19.3973
2025-01-01 17:24:10,THRUSTER_TEMP_2,21.6607
2025-01-01 17:24:20,PAYLOAD_TEMP_CAM,20.779
2025-01-01 17:24:30,PAYLOAD_TEMP_SENSOR,21.746
2025-01-01 17:24:40,OBC_TEMP,36.0348
2025-01-01 17:24:50,TRANS_TEMP,30.6933
2025-01-01 17:25:00,STRUCT_TEMP_PANEL_X,8.9704
2025-01-01 17:25:10,STRUCT_TEMP_PANEL_Y,4.9654
2025-01-01 17:25:20,STRUCT_TEMP_PANEL_Z,19.8602
2025-01-01 17:25:30,RADIATOR_TEMP,-17.5391
2025-01-01 17:25:40,GYRO_X,0.0165
2025-01-01 17:25:50,GYRO_Y,-0.0208
2025-01-01 17:26:00,GYRO_Z,0.0262
2025-01-01 17:26:10,MAGNETOMETER_X,-23.153
2025-01-01 17:26:20,MAGNETOMETER_Y,-33.3771
2025-01-01 17:26:30,MAGNETOMETER_Z,13.8536
2025-01-01 17:26:40,REACTION_WHEEL_SPD_X,-1216.3505
2025-01-01 17:26:50,REACTION_WHEEL_SPD_Y,-1586.3919
2025-01-01 17:27:00,REACTION_WHEEL_SPD_Z,-1734.3707
2025-01-01 17:27:10,ATTITUDE_ROLL,-1.469
2025-01-01 17:27:20,ATTITUDE_PITCH,-1.8174
2025-01-01 17:27:30,ATTITUDE_YAW,-2.4861
2025-01-01 17:27:40,STAR_TRACKER_VALID,0.2887
2025-01-01 17:27:50,SUN_SENSOR_ANGLE,46.3191
2025-01-01 17:28:00,RF_SIGNAL_STRENGTH,-59.9225
2025-01-01 17:28:10,RF_NOISE_FLOOR,-91.0125
2025-01-01 17:28:20,TX_POWER,2.1773
2025-01-01 17:28:30,LINK_MARGIN,15.4195
2025-01-01 17:28:40,DATA_RATE_KBPS,151.4327
2025-01-01 17:28:50,PACKET_LOSS_RATE,0.9701
2025-01-01 17:29:00,CPU_USAGE,37.3692
2025-01-01 17:29:10,MEMORY_USAGE,55.515
2025-01-01 17:29:20,FLASH_WRITE_RATE,2.6563
2025-01-01 17:29:30,WATCHDOG_COUNTER,34.2821
2025-01-01 17:29:40,TANK_PRESSURE,303.0857
2025-01-01 17:29:50,THRUSTER_VALVE_TEMP,14.3297
2025-01-01 17:30:00,BATT_VOLTAGE_1,28.2551
2025-01-01 17:30:10,BATT_VOLTAGE_2,27.8303
2025-01-01 17:30:20,BATT_CURRENT_1,1.817
2025-01-01 17:30:30,BATT_CURRENT_2,2.3131
2025-01-01 17:30:40,BATT_TEMP_1,27.226
2025-01-01 17:30:50,BATT_TEMP_2,25.6957
2025-01-01 17:31:00,BATT_SOC,75.8525
2025-01-01 17:31:10,SOLAR_PANEL_VOLT_A,29.8926
2025-01-01 17:31:20,SOLAR_PANEL_VOLT_B,30.2922
2025-01-01 17:31:30,SOLAR_PANEL_CURR_A,4.5022
2025-01-01 17:31:40,SOLAR_PANEL_CURR_B,5.2997
2025-01-01 17:31:50,SOLAR_POWER_TOTAL,102.0336
2025-01-01 17:32:00,BUS_VOLTAGE,28.9921
2025-01-01 17:32:10,BUS_CURRENT,7.0362
2025-01-01 17:32:20,THRUSTER_TEMP_1,19.5785
2025-01-01 17:32:30,THRUSTER_TEMP_2,20.0363
2025-01-01 17:32:40,PAYLOAD_TEMP_CAM,22.1255
2025-01-01 17:32:50,PAYLOAD_TEMP_SENSOR,20.6482
2025-01-01 17:33:00,OBC_TEMP,39.6452
2025-01-01 17:33:10,TRANS_TEMP,31.161
2025-01-01 17:33:20,STRUCT_TEMP_PANEL_X,4.4777
2025-01-01 17:33:30,STRUCT_TEMP_PANEL_Y,9.4145
2025-01-01 17:33:40,STRUCT_TEMP_PANEL_Z,34.6105
2025-01-01 17:33:50,RADIATOR_TEMP,-3.978
2025-01-01 17:34:00,GYRO_X,0.0177
2025-01-01 17:34:10,GYRO_Y,0.0189
2025-01-01 17:34:20,GYRO_Z,-0.0439
2025-01-01 17:34:30,MAGNETOMETER_X,-30.2774
2025-01-01 17:34:40,MAGNETOMETER_Y,-2.9675
2025-01-01 17:34:50,MAGNETOMETER_Z,-20.8398
2025-01-01 17:35:00,REACTION_WHEEL_SPD_X,757.7316
2025-01-01 17:35:10,REACTION_WHEEL_SPD_Y,511.185
2025-01-01 17:35:20,REACTION_WHEEL_SPD_Z,-601.3547
2025-01-01 17:35:30,ATTITUDE_ROLL,1.0396
2025-01-01 17:35:40,ATTITUDE_PITCH,-1.4172
2025-01-01 17:35:50,ATTITUDE_YAW,-1.1214
2025-01-01 17:36:00,STAR_TRACKER_VALID,0.6242
2025-01-01 17:36:10,SUN_SENSOR_ANGLE,52.2061
2025-01-01 17:36:20,RF_SIGNAL_STRENGTH,-74.5612
2025-01-01 17:36:30,RF_NOISE_FLOOR,-92.7359
2025-01-01 17:36:40,TX_POWER,2.1334
2025-01-01 17:36:50,LINK_MARGIN,14.9234
2025-01-01 17:37:00,DATA_RATE_KBPS,88.6377
2025-01-01 17:37:10,PACKET_LOSS_RATE,0.532
2025-01-01 17:37:20,CPU_USAGE,32.3811
2025-01-01 17:37:30,MEMORY_USAGE,42.562
2025-01-01 17:37:40,FLASH_WRITE_RATE,2.4666
2025-01-01 17:37:50,WATCHDOG_COUNTER,31.7649
2025-01-01 17:38:00,TANK_PRESSURE,305.6222
2025-01-01 17:38:10,THRUSTER_VALVE_TEMP,16.2322
2025-01-01 17:38:20,BATT_VOLTAGE_1,28.401
2025-01-01 17:38:30,BATT_VOLTAGE_2,27.281
2025-01-01 17:38:40,BATT_CURRENT_1,1.8456
2025-01-01 17:38:50,BATT_CURRENT_2,1.8017
2025-01-01 17:39:00,BATT_TEMP_1,29.4104
2025-01-01 17:39:10,BATT_TEMP_2,27.8363
2025-01-01 17:39:20,BATT_SOC,84.4571
2025-01-01 17:39:30,SOLAR_PANEL_VOLT_A,29.2511
2025-01-01 17:39:40,SOLAR_PANEL_VOLT_B,29.971
2025-01-01 17:39:50,SOLAR_PANEL_CURR_A,4.4549
2025-01-01 17:40:00,SOLAR_PANEL_CURR_B,5.0613
2025-01-01 17:40:10,SOLAR_POWER_TOTAL,92.7245
2025-01-01 17:40:20,BUS_VOLTAGE,28.3639
2025-01-01 17:40:30,BUS_CURRENT,6.7304
2025-01-01 17:40:40,THRUSTER_TEMP_1,18.2052
2025-01-01 17:40:50,THRUSTER_TEMP_2,19.04
2025-01-01 17:41:00,PAYLOAD_TEMP_CAM,21.0793
2025-01-01 17:41:10,PAYLOAD_TEMP_SENSOR,21.16
2025-01-01 17:41:20,OBC_TEMP,38.1812
2025-01-01 17:41:30,TRANS_TEMP,32.607
2025-01-01 17:41:40,STRUCT_TEMP_PANEL_X,20.5489
2025-01-01 17:41:50,STRUCT_TEMP_PANEL_Y,8.9386
2025-01-01 17:42:00,STRUCT_TEMP_PANEL_Z,15.1609
2025-01-01 17:42:10,RADIATOR_TEMP,-17.6857
2025-01-01 17:42:20,GYRO_X,-0.0008
2025-01-01 17:42:30,GYRO_Y,0.0081
2025-01-01 17:42:40,GYRO_Z,-0.0286
2025-01-01 17:42:50,MAGNETOMETER_X,-23.1731
2025-01-01 17:43:00,MAGNETOMETER_Y,-29.5118
2025-01-01 17:43:10,MAGNETOMETER_Z,15.0982
2025-01-01 17:43:20,REACTION_WHEEL_SPD_X,-1672.5892
2025-01-01 17:43:30,REACTION_WHEEL_SPD_Y,-1483.1853
2025-01-01 17:43:40,REACTION_WHEEL_SPD_Z,-1043.9444
2025-01-01 17:43:50,ATTITUDE_ROLL,-1.3656
2025-01-01 17:44:00,ATTITUDE_PITCH,0.3474
2025-01-01 17:44:10,ATTITUDE_YAW,-2.7764
2025-01-01 17:44:20,STAR_TRACKER_VALID,0.4776
2025-01-01 17:44:30,SUN_SENSOR_ANGLE,125.97
2025-01-01 17:44:40,RF_SIGNAL_STRENGTH,-59.3481
2025-01-01 17:44:50,RF_NOISE_FLOOR,-102.6637
2025-01-01 17:45:00,TX_POWER,3.2083
2025-01-01 17:45:10,LINK_MARGIN,14.0022
2025-01-01 17:45:20,DATA_RATE_KBPS,97.4113
2025-01-01 17:45:30,PACKET_LOSS_RATE,1.3069
2025-01-01 17:45:40,CPU_USAGE,33.9597
2025-01-01 17:45:50,MEMORY_USAGE,61.4311
2025-01-01 17:46:00,FLASH_WRITE_RATE,1.5171
2025-01-01 17:46:10,WATCHDOG_COUNTER,31.3588
2025-01-01 17:46:20,TANK_PRESSURE,303.0825
2025-01-01 17:46:30,THRUSTER_VALVE_TEMP,18.5231
2025-01-01 17:46:40,BATT_VOLTAGE_1,27.2109
2025-01-01 17:46:50,BATT_VOLTAGE_2,27.286
2025-01-01 17:47:00,BATT_CURRENT_1,2.2749
2025-01-01 17:47:10,BATT_CURRENT_2,2.5089
2025-01-01 17:47:20,BATT_TEMP_1,22.7405
2025-01-01 17:47:30,BATT_TEMP_2,20.212
2025-01-01 17:47:40,BATT_SOC,80.1976
2025-01-01 17:47:50,SOLAR_PANEL_VOLT_A,31.7577
2025-01-01 17:48:00,SOLAR_PANEL_VOLT_B,31.4926
2025-01-01 17:48:10,SOLAR_PANEL_CURR_A,4.4372
2025-01-01 17:48:20,SOLAR_PANEL_CURR_B,6.3453
2025-01-01 17:48:30,SOLAR_POWER_TOTAL,99.4126
2025-01-01 17:48:40,BUS_VOLTAGE,27.8264
2025-01-01 17:48:50,BUS_CURRENT,8.5906
2025-01-01 17:49:00,THRUSTER_TEMP_1,20.2147
2025-01-01 17:49:10,THRUSTER_TEMP_2,22.6728
2025-01-01 17:49:20,PAYLOAD_TEMP_CAM,20.2437
2025-01-01 17:49:30,PAYLOAD_TEMP_SENSOR,22.0902
2025-01-01 17:49:40,OBC_TEMP,35.2851
2025-01-01 17:49:50,TRANS_TEMP,34.5606
2025-01-01 17:50:00,STRUCT_TEMP_PANEL_X,16.7748
2025-01-01 17:50:10,STRUCT_TEMP_PANEL_Y,21.3111
2025-01-01 17:50:20,STRUCT_TEMP_PANEL_Z,4.5545
2025-01-01 17:50:30,RADIATOR_TEMP,-17.7058
2025-01-01 17:50:40,GYRO_X,-0.0431
2025-01-01 17:50:50,GYRO_Y,0.0281
2025-01-01 17:51:00,GYRO_Z,-0.0212
2025-01-01 17:51:10,MAGNETOMETER_X,-31.0052
2025-01-01 17:51:20,MAGNETOMETER_Y,-22.2296
2025-01-01 17:51:30,MAGNETOMETER_Z,-31.9734
2025-01-01 17:51:40,REACTION_WHEEL_SPD_X,172.9279
2025-01-01 17:51:50,REACTION_WHEEL_SPD_Y,-1308.8987
2025-01-01 17:52:00,REACTION_WHEEL_SPD_Z,-1750.3924
2025-01-01 17:52:10,ATTITUDE_ROLL,-0.4428
2025-01-01 17:52:20,ATTITUDE_PITCH,1.1655
2025-01-01 17:52:30,ATTITUDE_YAW,-1.1747
2025-01-01 17:52:40,STAR_TRACKER_VALID,0.7713
2025-01-01 17:52:50,SUN_SENSOR_ANGLE,62.1525
2025-01-01 17:53:00,RF_SIGNAL_STRENGTH,-75.0449
2025-01-01 17:53:10,RF_NOISE_FLOOR,-102.3131
2025-01-01 17:53:20,TX_POWER,2.5674
2025-01-01 17:53:30,LINK_MARGIN,8.6205
2025-01-01 17:53:40,DATA_RATE_KBPS,155.8617
2025-01-01 17:53:50,PACKET_LOSS_RATE,0.4064
2025-01-01 17:54:00,CPU_USAGE,24.3584
2025-01-01 17:54:10,MEMORY_USAGE,57.0084
2025-01-01 17:54:20,FLASH_WRITE_RATE,2.1538
2025-01-01 17:54:30,WATCHDOG_COUNTER,66.1912
2025-01-01 17:54:40,TANK_PRESSURE,308.0018
2025-01-01 17:54:50,THRUSTER_VALVE_TEMP,15.586
2025-01-01 17:55:00,BATT_VOLTAGE_1,27.4262
2025-01-01 17:55:10,BATT_VOLTAGE_2,27.6972
2025-01-01 17:55:20,BATT_CURRENT_1,2.6079
2025-01-01 17:55:30,BATT_CURRENT_2,1.907
2025-01-01 17:55:40,BATT_TEMP_1,20.6842
2025-01-01 17:55:50,BATT_TEMP_2,28.9746
2025-01-01 17:56:00,BATT_SOC,70.2624
2025-01-01 17:56:10,SOLAR_PANEL_VOLT_A,29.892
2025-01-01 17:56:20,SOLAR_PANEL_VOLT_B,29.9021
2025-01-01 17:56:30,SOLAR_PANEL_CURR_A,5.4305
2025-01-01 17:56:40,SOLAR_PANEL_CURR_B,5.5736
2025-01-01 17:56:50,SOLAR_POWER_TOTAL,110.7826
2025-01-01 17:57:00,BUS_VOLTAGE,28.1441
2025-01-01 17:57:10,BUS_CURRENT,6.8855
2025-01-01 17:57:20,THRUSTER_TEMP_1,19.8113
2025-01-01 17:57:30,THRUSTER_TEMP_2,21.0231
2025-01-01 17:57:40,PAYLOAD_TEMP_CAM,23.6302
2025-01-01 17:57:50,PAYLOAD_TEMP_SENSOR,21.2921
2025-01-01 17:58:00,OBC_TEMP,36.9597
2025-01-01 17:58:10,TRANS_TEMP,40.9413
2025-01-01 17:58:20,STRUCT_TEMP_PANEL_X,19.5201
2025-01-01 17:58:30,STRUCT_TEMP_PANEL_Y,29.763
2025-01-01 17:58:40,STRUCT_TEMP_PANEL_Z,12.6568
2025-01-01 17:58:50,RADIATOR_TEMP,-13.2847
2025-01-01 17:59:00,GYRO_X,-0.0432
2025-01-01 17:59:10,GYRO_Y,-0.0347
2025-01-01 17:59:20,GYRO_Z,-0.0435
2025-01-01 17:59:30,MAGNETOMETER_X,13.6697
2025-01-01 17:59:40,MAGNETOMETER_Y,-1.4757
2025-01-01 17:59:50,MAGNETOMETER_Z,-47.8548
2025-01-01 18:00:00,REACTION_WHEEL_SPD_X,-973.6416
2025-01-01 18:00:10,REACTION_WHEEL_SPD_Y,-1794.0238
2025-01-01 18:00:20,REACTION_WHEEL_SPD_Z,-1748.6166
2025-01-01 18:00:30,ATTITUDE_ROLL,-1.1408
2025-01-01 18:00:40,ATTITUDE_PITCH,-1.595
2025-01-01 18:00:50,ATTITUDE_YAW,-3.0455
2025-01-01 18:01:00,STAR_TRACKER_VALID,0.3954
2025-01-01 18:01:10,SUN_SENSOR_ANGLE,114.5025
2025-01-01 18:01:20,RF_SIGNAL_STRENGTH,-69.8788
2025-01-01 18:01:30,RF_NOISE_FLOOR,-100.5938
2025-01-01 18:01:40,TX_POWER,2.6859
2025-01-01 18:01:50,LINK_MARGIN,14.6688
2025-01-01 18:02:00,DATA_RATE_KBPS,80.7035
2025-01-01 18:02:10,PACKET_LOSS_RATE,0.5061
2025-01-01 18:02:20,CPU_USAGE,25.2379
2025-01-01 18:02:30,MEMORY_USAGE,56.1331
2025-01-01 18:02:40,FLASH_WRITE_RATE,1.4168
2025-01-01 18:02:50,WATCHDOG_COUNTER,30.254
2025-01-01 18:03:00,TANK_PRESSURE,305.5851
2025-01-01 18:03:10,THRUSTER_VALVE_TEMP,14.2573
2025-01-01 18:03:20,BATT_VOLTAGE_1,27.5026
2025-01-01 18:03:30,BATT_VOLTAGE_2,28.098
2025-01-01 18:03:40,BATT_CURRENT_1,2.1834
2025-01-01 18:03:50,BATT_CURRENT_2,2.3088
2025-01-01 18:04:00,BATT_TEMP_1,21.026
2025-01-01 18:04:10,BATT_TEMP_2,21.3149
2025-01-01 18:04:20,BATT_SOC,77.686
2025-01-01 18:04:30,SOLAR_PANEL_VOLT_A,29.794
2025-01-01 18:04:40,SOLAR_PANEL_VOLT_B,29.0666
2025-01-01 18:04:50,SOLAR_PANEL_CURR_A,5.3937
2025-01-01 18:05:00,SOLAR_PANEL_CURR_B,5.7387
2025-01-01 18:05:10,SOLAR_POWER_TOTAL,113.4904
2025-01-01 18:05:20,BUS_VOLTAGE,28.5104
2025-01-01 18:05:30,BUS_CURRENT,6.9653
2025-01-01 18:05:40,THRUSTER_TEMP_1,19.5379
2025-01-01 18:05:50,THRUSTER_TEMP_2,19.5967
2025-01-01 18:06:00,PAYLOAD_TEMP_CAM,24.8606
2025-01-01 18:06:10,PAYLOAD_TEMP_SENSOR,21.5681
2025-01-01 18:06:20,OBC_TEMP,36.6432
2025-01-01 18:06:30,TRANS_TEMP,30.5344
2025-01-01 18:06:40,STRUCT_TEMP_PANEL_X,4.9812
2025-01-01 18:06:50,STRUCT_TEMP_PANEL_Y,4.548
2025-01-01 18:07:00,STRUCT_TEMP_PANEL_Z,7.6177
2025-01-01 18:07:10,RADIATOR_TEMP,-7.9565
2025-01-01 18:07:20,GYRO_X,-0.0309
2025-01-01 18:07:30,GYRO_Y,-0.0369
2025-01-01 18:07:40,GYRO_Z,-0.0285
2025-01-01 18:07:50,MAGNETOMETER_X,-6.8656
2025-01-01 18:08:00,MAGNETOMETER_Y,-23.0767
2025-01-01 18:08:10,MAGNETOMETER_Z,-27.6353
2025-01-01 18:08:20,REACTION_WHEEL_SPD_X,609.3669
2025-01-01 18:08:30,REACTION_WHEEL_SPD_Y,954.6912
2025-01-01 18:08:40,REACTION_WHEEL_SPD_Z,1224.1835
2025-01-01 18:08:50,ATTITUDE_ROLL,-0.7253
2025-01-01 18:09:00,ATTITUDE_PITCH,0.7796
2025-01-01 18:09:10,ATTITUDE_YAW,-1.8722
2025-01-01 18:09:20,STAR_TRACKER_VALID,0.3711
2025-01-01 18:09:30,SUN_SENSOR_ANGLE,50.4596
2025-01-01 18:09:40,RF_SIGNAL_STRENGTH,-74.9481
2025-01-01 18:09:50,RF_NOISE_FLOOR,-92.1373
2025-01-01 18:10:00,TX_POWER,2.3449
2025-01-01 18:10:10,LINK_MARGIN,10.3671
2025-01-01 18:10:20,DATA_RATE_KBPS,77.6379
2025-01-01 18:10:30,PACKET_LOSS_RATE,0.3588
2025-01-01 18:10:40,CPU_USAGE,31.2159
2025-01-01 18:10:50,MEMORY_USAGE,41.4417
2025-01-01 18:11:00,FLASH_WRITE_RATE,2.2354
2025-01-01 18:11:10,WATCHDOG_COUNTER,62.3381
2025-01-01 18:11:20,TANK_PRESSURE,297.562
2025-01-01 18:11:30,THRUSTER_VALVE_TEMP,16.9472
2025-01-01 18:11:40,BATT_VOLTAGE_1,28.3874
2025-01-01 18:11:50,BATT_VOLTAGE_2,28.0999
2025-01-01 18:12:00,BATT_CURRENT_1,1.8462
2025-01-01 18:12:10,BATT_CURRENT_2,2.0897
2025-01-01 18:12:20,BATT_TEMP_1,27.9661
2025-01-01 18:12:30,BATT_TEMP_2,19.9886
2025-01-01 18:12:40,BATT_SOC,73.7132
2025-01-01 18:12:50,SOLAR_PANEL_VOLT_A,30.0312
2025-01-01 18:13:00,SOLAR_PANEL_VOLT_B,30.8226
2025-01-01 18:13:10,SOLAR_PANEL_CURR_A,4.5721
2025-01-01 18:13:20,SOLAR_PANEL_CURR_B,6.7833
2025-01-01 18:13:30,SOLAR_POWER_TOTAL,95.3012
2025-01-01 18:13:40,BUS_VOLTAGE,28.7202
2025-01-01 18:13:50,BUS_CURRENT,9.6991
2025-01-01 18:14:00,THRUSTER_TEMP_1,24.2794
2025-01-01 18:14:10,THRUSTER_TEMP_2,19.8196
2025-01-01 18:14:20,PAYLOAD_TEMP_CAM,23.1343
2025-01-01 18:14:30,PAYLOAD_TEMP_SENSOR,20.9206
2025-01-01 18:14:40,OBC_TEMP,42.4303
2025-01-01 18:14:50,TRANS_TEMP,37.0114
2025-01-01 18:15:00,STRUCT_TEMP_PANEL_X,12.6172
2025-01-01 18:15:10,STRUCT_TEMP_PANEL_Y,12.4726
2025-01-01 18:15:20,STRUCT_TEMP_PANEL_Z,14.5374
2025-01-01 18:15:30,RADIATOR_TEMP,-5.2411
2025-01-01 18:15:40,GYRO_X,-0.0266
2025-01-01 18:15:50,GYRO_Y,0.0043
2025-01-01 18:16:00,GYRO_Z,-0.0404
2025-01-01 18:16:10,MAGNETOMETER_X,18.3358
2025-01-01 18:16:20,MAGNETOMETER_Y,-28.7385
2025-01-01 18:16:30,MAGNETOMETER_Z,-14.8648
2025-01-01 18:16:40,REACTION_WHEEL_SPD_X,-135.3076
2025-01-01 18:16:50,REACTION_WHEEL_SPD_Y,743.9879
2025-01-01 18:17:00,REACTION_WHEEL_SPD_Z,-950.0473
2025-01-01 18:17:10,ATTITUDE_ROLL,-1.1407
2025-01-01 18:17:20,ATTITUDE_PITCH,-0.349
2025-01-01 18:17:30,ATTITUDE_YAW,-0.4209
2025-01-01 18:17:40,STAR_TRACKER_VALID,0.1709
2025-01-01 18:17:50,SUN_SENSOR_ANGLE,59.5687
2025-01-01 18:18:00,RF_SIGNAL_STRENGTH,-59.5422
2025-01-01 18:18:10,RF_NOISE_FLOOR,-90.3842
2025-01-01 18:18:20,TX_POWER,2.2875
2025-01-01 18:18:30,LINK_MARGIN,15.1615
2025-01-01 18:18:40,DATA_RATE_KBPS,86.1246
2025-01-01 18:18:50,PACKET_LOSS_RATE,0.4989
2025-01-01 18:19:00,CPU_USAGE,22.2624
2025-01-01 18:19:10,MEMORY_USAGE,52.4613
2025-01-01 18:19:20,FLASH_WRITE_RATE,1.1885
2025-01-01 18:19:30,WATCHDOG_COUNTER,69.7846
2025-01-01 18:19:40,TANK_PRESSURE,308.0181
2025-01-01 18:19:50,THRUSTER_VALVE_TEMP,13.3722
2025-01-01 18:20:00,BATT_VOLTAGE_1,28.4617
2025-01-01 18:20:10,BATT_VOLTAGE_2,27.3495
2025-01-01 18:20:20,BATT_CURRENT_1,1.9827
2025-01-01 18:20:30,BATT_CURRENT_2,1.9191
2025-01-01 18:20:40,BATT_TEMP_1,20.7345
2025-01-01 18:20:50,BATT_TEMP_2,19.7607
2025-01-01 18:21:00,BATT_SOC,84.364
2025-01-01 18:21:10,SOLAR_PANEL_VOLT_A,29.4483
2025-01-01 18:21:20,SOLAR_PANEL_VOLT_B,29.3598
2025-01-01 18:21:30,SOLAR_PANEL_CURR_A,4.9659
2025-01-01 18:21:40,SOLAR_PANEL_CURR_B,4.7836
2025-01-01 18:21:50,SOLAR_POWER_TOTAL,100.273
2025-01-01 18:22:00,BUS_VOLTAGE,28.4846
2025-01-01 18:22:10,BUS_CURRENT,6.7446
2025-01-01 18:22:20,THRUSTER_TEMP_1,19.3979
2025-01-01 18:22:30,THRUSTER_TEMP_2,24.866
2025-01-01 18:22:40,PAYLOAD_TEMP_CAM,21.3323
2025-01-01 18:22:50,PAYLOAD_TEMP_SENSOR,19.8357
2025-01-01 18:23:00,OBC_TEMP,44.6397
2025-01-01 18:23:10,TRANS_TEMP,32.3485
2025-01-01 18:23:20,STRUCT_TEMP_PANEL_X,6.3456
2025-01-01 18:23:30,STRUCT_TEMP_PANEL_Y,31.8563
2025-01-01 18:23:40,STRUCT_TEMP_PANEL_Z,9.3616
2025-01-01 18:23:50,RADIATOR_TEMP,-15.9292
2025-01-01 18:24:00,GYRO_X,-0.0273
2025-01-01 18:24:10,GYRO_Y,-0.0353
2025-01-01 18:24:20,GYRO_Z,0.003
2025-01-01 18:24:30,MAGNETOMETER_X,-26.4145
2025-01-01 18:24:40,MAGNETOMETER_Y,-33.2762
2025-01-01 18:24:50,MAGNETOMETER_Z,8.766
2025-01-01 18:25:00,REACTION_WHEEL_SPD_X,580.2034
2025-01-01 18:25:10,REACTION_WHEEL_SPD_Y,1113.0069
2025-01-01 18:25:20,REACTION_WHEEL_SPD_Z,254.1311
2025-01-01 18:25:30,ATTITUDE_ROLL,0.6381
2025-01-01 18:25:40,ATTITUDE_PITCH,1.1641
2025-01-01 18:25:50,ATTITUDE_YAW,-0.5328
2025-01-01 18:26:00,STAR_TRACKER_VALID,0.1975
2025-01-01 18:26:10,SUN_SENSOR_ANGLE,55.0515
2025-01-01 18:26:20,RF_SIGNAL_STRENGTH,-75.6956
2025-01-01 18:26:30,RF_NOISE_FLOOR,-97.2427
2025-01-01 18:26:40,TX_POWER,2.1347
2025-01-01 18:26:50,LINK_MARGIN,15.7067
2025-01-01 18:27:00,DATA_RATE_KBPS,89.2609
2025-01-01 18:27:10,PACKET_LOSS_RATE,0.5067
2025-01-01 18:27:20,CPU_USAGE,42.6981
2025-01-01 18:27:30,MEMORY_USAGE,44.182
2025-01-01 18:27:40,FLASH_WRITE_RATE,2.047
2025-01-01 18:27:50,WATCHDOG_COUNTER,35.7189
2025-01-01 18:28:00,TANK_PRESSURE,289.9657
2025-01-01 18:28:10,THRUSTER_VALVE_TEMP,16.782
2025-01-01 18:28:20,BATT_VOLTAGE_1,27.303
2025-01-01 18:28:30,BATT_VOLTAGE_2,27.289
2025-01-01 18:28:40,BATT_CURRENT_1,1.7015
2025-01-01 18:28:50,BATT_CURRENT_2,1.8079
2025-01-01 18:29:00,BATT_TEMP_1,28.9604
2025-01-01 18:29:10,BATT_TEMP_2,23.3049
2025-01-01 18:29:20,BATT_SOC,73.1912
2025-01-01 18:29:30,SOLAR_PANEL_VOLT_A,29.5494
2025-01-01 18:29:40,SOLAR_PANEL_VOLT_B,31.4584
2025-01-01 18:29:50,SOLAR_PANEL_CURR_A,4.364
2025-01-01 18:30:00,SOLAR_PANEL_CURR_B,6.5847
2025-01-01 18:30:10,SOLAR_POWER_TOTAL,93.4612
2025-01-01 18:30:20,BUS_VOLTAGE,28.3756
2025-01-01 18:30:30,BUS_CURRENT,6.8263
2025-01-01 18:30:40,THRUSTER_TEMP_1,19.4649
2025-01-01 18:30:50,THRUSTER_TEMP_2,25.1701
2025-01-01 18:31:00,PAYLOAD_TEMP_CAM,25.5471
2025-01-01 18:31:10,PAYLOAD_TEMP_SENSOR,24.4413
2025-01-01 18:31:20,OBC_TEMP,36.9852
2025-01-01 18:31:30,TRANS_TEMP,33.9943
2025-01-01 18:31:40,STRUCT_TEMP_PANEL_X,0.0304
2025-01-01 18:31:50,STRUCT_TEMP_PANEL_Y,14.1136
2025-01-01 18:32:00,STRUCT_TEMP_PANEL_Z,6.4304
2025-01-01 18:32:10,RADIATOR_TEMP,2.0237
2025-01-01 18:32:20,GYRO_X,-0.0367
2025-01-01 18:32:30,GYRO_Y,-0.0415
2025-01-01 18:32:40,GYRO_Z,0.0074
2025-01-01 18:32:50,MAGNETOMETER_X,9.0426
2025-01-01 18:33:00,MAGNETOMETER_Y,0.2045
2025-01-01 18:33:10,MAGNETOMETER_Z,-4.6562
2025-01-01 18:33:20,REACTION_WHEEL_SPD_X,87.8973
2025-01-01 18:33:30,REACTION_WHEEL_SPD_Y,-582.6695
2025-01-01 18:33:40,REACTION_WHEEL_SPD_Z,-342.8119
2025-01-01 18:33:50,ATTITUDE_ROLL,-0.3572
2025-01-01 18:34:00,ATTITUDE_PITCH,-1.8496
2025-01-01 18:34:10,ATTITUDE_YAW,1.1983
2025-01-01 18:34:20,STAR_TRACKER_VALID,0.2013
2025-01-01 18:34:30,SUN_SENSOR_ANGLE,85.527
2025-01-01 18:34:40,RF_SIGNAL_STRENGTH,-70.5178
2025-01-01 18:34:50,RF_NOISE_FLOOR,-95.9502
2025-01-01 18:35:00,TX_POWER,3.1592
2025-01-01 18:35:10,LINK_MARGIN,19.8221
2025-01-01 18:35:20,DATA_RATE_KBPS,96.8774
2025-01-01 18:35:30,PACKET_LOSS_RATE,1.1166
2025-01-01 18:35:40,CPU_USAGE,24.5537
2025-01-01 18:35:50,MEMORY_USAGE,41.7022
2025-01-01 18:36:00,FLASH_WRITE_RATE,2.051
2025-01-01 18:36:10,WATCHDOG_COUNTER,30.3162
2025-01-01 18:36:20,TANK_PRESSURE,300.0741
2025-01-01 18:36:30,THRUSTER_VALVE_TEMP,19.8909
2025-01-01 18:36:40,BATT_VOLTAGE_1,28.3202
2025-01-01 18:36:50,BATT_VOLTAGE_2,27.3891
2025-01-01 18:37:00,BATT_CURRENT_1,1.8416
2025-01-01 18:37:10,BATT_CURRENT_2,2.2343
2025-01-01 18:37:20,BATT_TEMP_1,26.6988
2025-01-01 18:37:30,BATT_TEMP_2,23.6494
2025-01-01 18:37:40,BATT_SOC,78.4263
2025-01-01 18:37:50,SOLAR_PANEL_VOLT_A,32.1473
2025-01-01 18:38:00,SOLAR_PANEL_VOLT_B,30.7205
2025-01-01 18:38:10,SOLAR_PANEL_CURR_A,6.5373
2025-01-01 18:38:20,SOLAR_PANEL_CURR_B,4.2996
2025-01-01 18:38:30,SOLAR_POWER_TOTAL,89.4447
2025-01-01 18:38:40,BUS_VOLTAGE,28.4553
2025-01-01 18:38:50,BUS_CURRENT,6.7539
2025-01-01 18:39:00,THRUSTER_TEMP_1,23.0181
2025-01-01 18:39:10,THRUSTER_TEMP_2,22.1062
2025-01-01 18:39:20,PAYLOAD_TEMP_CAM,21.4499
2025-01-01 18:39:30,PAYLOAD_TEMP_SENSOR,24.761
2025-01-01 18:39:40,OBC_TEMP,38.2688
2025-01-01 18:39:50,TRANS_TEMP,43.6163
2025-01-01 18:40:00,STRUCT_TEMP_PANEL_X,10.8659
2025-01-01 18:40:10,STRUCT_TEMP_PANEL_Y,5.0273
2025-01-01 18:40:20,STRUCT_TEMP_PANEL_Z,4.7538
2025-01-01 18:40:30,RADIATOR_TEMP,-17.1719
2025-01-01 18:40:40,GYRO_X,-0.0302
2025-01-01 18:40:50,GYRO_Y,-0.0134
2025-01-01 18:41:00,GYRO_Z,-0.0312
2025-01-01 18:41:10,MAGNETOMETER_X,8.2788
2025-01-01 18:41:20,MAGNETOMETER_Y,16.7537
2025-01-01 18:41:30,MAGNETOMETER_Z,-26.7143
2025-01-01 18:41:40,REACTION_WHEEL_SPD_X,-1642.8701
2025-01-01 18:41:50,REACTION_WHEEL_SPD_Y,-1263.4119
2025-01-01 18:42:00,REACTION_WHEEL_SPD_Z,-962.3813
2025-01-01 18:42:10,ATTITUDE_ROLL,0.9072
2025-01-01 18:42:20,ATTITUDE_PITCH,0.6561
2025-01-01 18:42:30,ATTITUDE_YAW,0.7177
2025-01-01 18:42:40,STAR_TRACKER_VALID,0.4456
2025-01-01 18:42:50,SUN_SENSOR_ANGLE,55.8118
2025-01-01 18:43:00,RF_SIGNAL_STRENGTH,-57.9679
2025-01-01 18:43:10,RF_NOISE_FLOOR,-102.9392
2025-01-01 18:43:20,TX_POWER,2.3068
2025-01-01 18:43:30,LINK_MARGIN,12.8624
2025-01-01 18:43:40,DATA_RATE_KBPS,156.5289
2025-01-01 18:43:50,PACKET_LOSS_RATE,1.0684
2025-01-01 18:44:00,CPU_USAGE,21.6381
2025-01-01 18:44:10,MEMORY_USAGE,39.0089
2025-01-01 18:44:20,FLASH_WRITE_RATE,1.2189
2025-01-01 18:44:30,WATCHDOG_COUNTER,57.3183
2025-01-01 18:44:40,TANK_PRESSURE,311.0112
2025-01-01 18:44:50,THRUSTER_VALVE_TEMP,14.5767
2025-01-01 18:45:00,BATT_VOLTAGE_1,28.5642
2025-01-01 18:45:10,BATT_VOLTAGE_2,28.4653
2025-01-01 18:45:20,BATT_CURRENT_1,2.3233
2025-01-01 18:45:30,BATT_CURRENT_2,1.9839
2025-01-01 18:45:40,BATT_TEMP_1,27.2885
2025-01-01 18:45:50,BATT_TEMP_2,23.2065
2025-01-01 18:46:00,BATT_SOC,73.6744
2025-01-01 18:46:10,SOLAR_PANEL_VOLT_A,29.1931
2025-01-01 18:46:20,SOLAR_PANEL_VOLT_B,30.2998
2025-01-01 18:46:30,SOLAR_PANEL_CURR_A,3.9084
2025-01-01 18:46:40,SOLAR_PANEL_CURR_B,6.3162
2025-01-01 18:46:50,SOLAR_POWER_TOTAL,98.6202
2025-01-01 18:47:00,BUS_VOLTAGE,28.7167
2025-01-01 18:47:10,BUS_CURRENT,9.4423
2025-01-01 18:47:20,THRUSTER_TEMP_1,20.1361
2025-01-01 18:47:30,THRUSTER_TEMP_2,22.0779
2025-01-01 18:47:40,PAYLOAD_TEMP_CAM,25.3226
2025-01-01 18:47:50,PAYLOAD_TEMP_SENSOR,24.6991
2025-01-01 18:48:00,OBC_TEMP,37.0543
2025-01-01 18:48:10,TRANS_TEMP,32.7585
2025-01-01 18:48:20,STRUCT_TEMP_PANEL_X,14.2055
2025-01-01 18:48:30,STRUCT_TEMP_PANEL_Y,14.5432
2025-01-01 18:48:40,STRUCT_TEMP_PANEL_Z,33.3193
2025-01-01 18:48:50,RADIATOR_TEMP,-21.7112
2025-01-01 18:49:00,GYRO_X,0.0022
2025-01-01 18:49:10,GYRO_Y,0.0265
2025-01-01 18:49:20,GYRO_Z,0.023
2025-01-01 18:49:30,MAGNETOMETER_X,1.1002
2025-01-01 18:49:40,MAGNETOMETER_Y,-12.1663
2025-01-01 18:49:50,MAGNETOMETER_Z,-26.7727
2025-01-01 18:50:00,REACTION_WHEEL_SPD_X,-1164.402
2025-01-01 18:50:10,REACTION_WHEEL_SPD_Y,-1095.4293
2025-01-01 18:50:20,REACTION_WHEEL_SPD_Z,-1691.8029
2025-01-01 18:50:30,ATTITUDE_ROLL,1.5413
2025-01-01 18:50:40,ATTITUDE_PITCH,0.2018
2025-01-01 18:50:50,ATTITUDE_YAW,-1.6068
2025-01-01 18:51:00,STAR_TRACKER_VALID,0.3532
2025-01-01 18:51:10,SUN_SENSOR_ANGLE,102.1931
2025-01-01 18:51:20,RF_SIGNAL_STRENGTH,-58.3298
2025-01-01 18:51:30,RF_NOISE_FLOOR,-100.2789
2025-01-01 18:51:40,TX_POWER,1.933
2025-01-01 18:51:50,LINK_MARGIN,12.707
2025-01-01 18:52:00,DATA_RATE_KBPS,91.5445
2025-01-01 18:52:10,PACKET_LOSS_RATE,0.5954
2025-01-01 18:52:20,CPU_USAGE,41.3774
2025-01-01 18:52:30,MEMORY_USAGE,51.4576
2025-01-01 18:52:40,FLASH_WRITE_RATE,1.4015
2025-01-01 18:52:50,WATCHDOG_COUNTER,26.2917
2025-01-01 18:53:00,TANK_PRESSURE,290.2824
2025-01-01 18:53:10,THRUSTER_VALVE_TEMP,17.9811
2025-01-01 18:53:20,BATT_VOLTAGE_1,27.5722
2025-01-01 18:53:30,BATT_VOLTAGE_2,27.5539
2025-01-01 18:53:40,BATT_CURRENT_1,1.8835
2025-01-01 18:53:50,BATT_CURRENT_2,2.676
2025-01-01 18:54:00,BATT_TEMP_1,25.0378
2025-01-01 18:54:10,BATT_TEMP_2,21.7892
2025-01-01 18:54:20,BATT_SOC,69.7758
2025-01-01 18:54:30,SOLAR_PANEL_VOLT_A,31.6214
2025-01-01 18:54:40,SOLAR_PANEL_VOLT_B,32.1711
2025-01-01 18:54:50,SOLAR_PANEL_CURR_A,4.4698
2025-01-01 18:55:00,SOLAR_PANEL_CURR_B,5.9632
2025-01-01 18:55:10,SOLAR_POWER_TOTAL,91.3472
2025-01-01 18:55:20,BUS_VOLTAGE,28.2409
2025-01-01 18:55:30,BUS_CURRENT,7.4143
2025-01-01 18:55:40,THRUSTER_TEMP_1,25.6422
2025-01-01 18:55:50,THRUSTER_TEMP_2,18.9265
2025-01-01 18:56:00,PAYLOAD_TEMP_CAM,20.0448
2025-01-01 18:56:10,PAYLOAD_TEMP_SENSOR,24.1462
2025-01-01 18:56:20,OBC_TEMP,44.1771
2025-01-01 18:56:30,TRANS_TEMP,35.3937
2025-01-01 18:56:40,STRUCT_TEMP_PANEL_X,2.8217
2025-01-01 18:56:50,STRUCT_TEMP_PANEL_Y,8.1494
2025-01-01 18:57:00,STRUCT_TEMP_PANEL_Z,5.2154
2025-01-01 18:57:10,RADIATOR_TEMP,-11.1305
2025-01-01 18:57:20,GYRO_X,0.0041
2025-01-01 18:57:30,GYRO_Y,-0.0332
2025-01-01 18:57:40,GYRO_Z,-0.0369
2025-01-01 18:57:50,MAGNETOMETER_X,-26.1442
2025-01-01 18:58:00,MAGNETOMETER_Y,-23.4611
2025-01-01 18:58:10,MAGNETOMETER_Z,17.1098
2025-01-01 18:58:20,REACTION_WHEEL_SPD_X,-1222.0931
2025-01-01 18:58:30,REACTION_WHEEL_SPD_Y,87.6036
2025-01-01 18:58:40,REACTION_WHEEL_SPD_Z,718.6801
2025-01-01 18:58:50,ATTITUDE_ROLL,0.8846
2025-01-01 18:59:00,ATTITUDE_PITCH,-1.1525
2025-01-01 18:59:10,ATTITUDE_YAW,-2.2674
2025-01-01 18:59:20,STAR_TRACKER_VALID,0.3567
2025-01-01 18:59:30,SUN_SENSOR_ANGLE,105.2341
2025-01-01 18:59:40,RF_SIGNAL_STRENGTH,-60.2641
2025-01-01 18:59:50,RF_NOISE_FLOOR,-99.1146
2025-01-01 19:00:00,TX_POWER,2.8994
2025-01-01 19:00:10,LINK_MARGIN,11.7427
2025-01-01 19:00:20,DATA_RATE_KBPS,152.8991
2025-01-01 19:00:30,PACKET_LOSS_RATE,0.6627
2025-01-01 19:00:40,CPU_USAGE,31.9276
2025-01-01 19:00:50,MEMORY_USAGE,48.75
2025-01-01 19:01:00,FLASH_WRITE_RATE,3.2302
2025-01-01 19:01:10,WATCHDOG_COUNTER,67.2701
2025-01-01 19:01:20,TANK_PRESSURE,304.5562
2025-01-01 19:01:30,THRUSTER_VALVE_TEMP,14.0575
2025-01-01 19:01:40,BATT_VOLTAGE_1,27.3804
2025-01-01 19:01:50,BATT_VOLTAGE_2,27.2075
2025-01-01 19:02:00,BATT_CURRENT_1,2.6572
2025-01-01 19:02:10,BATT_CURRENT_2,2.9983
2025-01-01 19:02:20,BATT_TEMP_1,19.1427
2025-01-01 19:02:30,BATT_TEMP_2,19.2737
2025-01-01 19:02:40,BATT_SOC,78.1703
2025-01-01 19:02:50,SOLAR_PANEL_VOLT_A,31.6154
2025-01-01 19:03:00,SOLAR_PANEL_VOLT_B,30.6303
2025-01-01 19:03:10,SOLAR_PANEL_CURR_A,4.2098
2025-01-01 19:03:20,SOLAR_PANEL_CURR_B,5.2541
2025-01-01 19:03:30,SOLAR_POWER_TOTAL,113.3016
2025-01-01 19:03:40,BUS_VOLTAGE,28.8421
2025-01-01 19:03:50,BUS_CURRENT,8.5388
2025-01-01 19:04:00,THRUSTER_TEMP_1,26.0283
2025-01-01 19:04:10,THRUSTER_TEMP_2,18.6763
2025-01-01 19:04:20,PAYLOAD_TEMP_CAM,20.9983
2025-01-01 19:04:30,PAYLOAD_TEMP_SENSOR,24.5321
2025-01-01 19:04:40,OBC_TEMP,47.2965
2025-01-01 19:04:50,TRANS_TEMP,41.8549
2025-01-01 19:05:00,STRUCT_TEMP_PANEL_X,5.9836
2025-01-01 19:05:10,STRUCT_TEMP_PANEL_Y,9.858
2025-01-01 19:05:20,STRUCT_TEMP_PANEL_Z,9.6759
2025-01-01 19:05:30,RADIATOR_TEMP,-7.3391
2025-01-01 19:05:40,GYRO_X,-0.0126
2025-01-01 19:05:50,GYRO_Y,-0.0402
2025-01-01 19:06:00,GYRO_Z,-0.0374
2025-01-01 19:06:10,MAGNETOMETER_X,-36.6895
2025-01-01 19:06:20,MAGNETOMETER_Y,-7.1727
2025-01-01 19:06:30,MAGNETOMETER_Z,25.7306
2025-01-01 19:06:40,REACTION_WHEEL_SPD_X,-1661.6317
2025-01-01 19:06:50,REACTION_WHEEL_SPD_Y,837.2839
2025-01-01 19:07:00,REACTION_WHEEL_SPD_Z,-970.0582
2025-01-01 19:07:10,ATTITUDE_ROLL,0.3054
2025-01-01 19:07:20,ATTITUDE_PITCH,-0.8248
2025-01-01 19:07:30,ATTITUDE_YAW,0.9095
2025-01-01 19:07:40,STAR_TRACKER_VALID,0.707
2025-01-01 19:07:50,SUN_SENSOR_ANGLE,40.2651
2025-01-01 19:08:00,RF_SIGNAL_STRENGTH,-75.3578
2025-01-01 19:08:10,RF_NOISE_FLOOR,-97.8386
2025-01-01 19:08:20,TX_POWER,2.439
2025-01-01 19:08:30,LINK_MARGIN,15.888
2025-01-01 19:08:40,DATA_RATE_KBPS,111.678
2025-01-01 19:08:50,PACKET_LOSS_RATE,0.6069
2025-01-01 19:09:00,CPU_USAGE,22.4386
2025-01-01 19:09:10,MEMORY_USAGE,58.2721
2025-01-01 19:09:20,FLASH_WRITE_RATE,1.6258
2025-01-01 19:09:30,WATCHDOG_COUNTER,64.8364
2025-01-01 19:09:40,TANK_PRESSURE,300.4958
2025-01-01 19:09:50,THRUSTER_VALVE_TEMP,13.7429
2025-01-01 19:10:00,BATT_VOLTAGE_1,27.3042
2025-01-01 19:10:10,BATT_VOLTAGE_2,27.0469
2025-01-01 19:10:20,BATT_CURRENT_1,1.8069
2025-01-01 19:10:30,BATT_CURRENT_2,2.3565
2025-01-01 19:10:40,BATT_TEMP_1,23.3756
2025-01-01 19:10:50,BATT_TEMP_2,18.9326
2025-01-01 19:11:00,BATT_SOC,71.6237
2025-01-01 19:11:10,SOLAR_PANEL_VOLT_A,31.1698
2025-01-01 19:11:20,SOLAR_PANEL_VOLT_B,29.2841
2025-01-01 19:11:30,SOLAR_PANEL_CURR_A,4.8504
2025-01-01 19:11:40,SOLAR_PANEL_CURR_B,5.2937
2025-01-01 19:11:50,SOLAR_POWER_TOTAL,94.481
2025-01-01 19:12:00,BUS_VOLTAGE,28.0066
2025-01-01 19:12:10,BUS_CURRENT,9.4458
2025-01-01 19:12:20,THRUSTER_TEMP_1,18.4417
2025-01-01 19:12:30,THRUSTER_TEMP_2,24.5305
2025-01-01 19:12:40,PAYLOAD_TEMP_CAM,20.496
2025-01-01 19:12:50,PAYLOAD_TEMP_SENSOR,20.3851
2025-01-01 19:13:00,OBC_TEMP,39.4026
2025-01-01 19:13:10,TRANS_TEMP,29.6408
2025-01-01 19:13:20,STRUCT_TEMP_PANEL_X,4.0425
2025-01-01 19:13:30,STRUCT_TEMP_PANEL_Y,4.598
2025-01-01 19:13:40,STRUCT_TEMP_PANEL_Z,17.6243
2025-01-01 19:13:50,RADIATOR_TEMP,-5.7012
2025-01-01 19:14:00,GYRO_X,0.0141
2025-01-01 19:14:10,GYRO_Y,-0.0026
2025-01-01 19:14:20,GYRO_Z,-0.0458
2025-01-01 19:14:30,MAGNETOMETER_X,-10.1074
2025-01-01 19:14:40,MAGNETOMETER_Y,-26.2112
2025-01-01 19:14:50,MAGNETOMETER_Z,-26.5343
2025-01-01 19:15:00,REACTION_WHEEL_SPD_X,-667.799
2025-01-01 19:15:10,REACTION_WHEEL_SPD_Y,-302.3171
2025-01-01 19:15:20,REACTION_WHEEL_SPD_Z,1348.7789
2025-01-01 19:15:30,ATTITUDE_ROLL,1.1494
2025-01-01 19:15:40,ATTITUDE_PITCH,-0.2189
2025-01-01 19:15:50,ATTITUDE_YAW,-1.5643
2025-01-01 19:16:00,STAR_TRACKER_VALID,0.3193
2025-01-01 19:16:10,SUN_SENSOR_ANGLE,116.4043
2025-01-01 19:16:20,RF_SIGNAL_STRENGTH,-76.979
2025-01-01 19:16:30,RF_NOISE_FLOOR,-94.0939
2025-01-01 19:16:40,TX_POWER,1.9802
2025-01-01 19:16:50,LINK_MARGIN,11.0018
2025-01-01 19:17:00,DATA_RATE_KBPS,148.064
2025-01-01 19:17:10,PACKET_LOSS_RATE,0.8176
2025-01-01 19:17:20,CPU_USAGE,22.6269
2025-01-01 19:17:30,MEMORY_USAGE,42.8176
2025-01-01 19:17:40,FLASH_WRITE_RATE,2.0588
2025-01-01 19:17:50,WATCHDOG_COUNTER,21.0314
2025-01-01 19:18:00,TANK_PRESSURE,297.6561
2025-01-01 19:18:10,THRUSTER_VALVE_TEMP,21.6842
2025-01-01 19:18:20,BATT_VOLTAGE_1,27.0237
2025-01-01 19:18:30,BATT_VOLTAGE_2,27.2721
2025-01-01 19:18:40,BATT_CURRENT_1,2.8972
2025-01-01 19:18:50,BATT_CURRENT_2,1.8321
2025-01-01 19:19:00,BATT_TEMP_1,24.4328
2025-01-01 19:19:10,BATT_TEMP_2,24.6707
2025-01-01 19:19:20,BATT_SOC,73.9733
2025-01-01 19:19:30,SOLAR_PANEL_VOLT_A,31.94
2025-01-01 19:19:40,SOLAR_PANEL_VOLT_B,29.483
2025-01-01 19:19:50,SOLAR_PANEL_CURR_A,4.2416
2025-01-01 19:20:00,SOLAR_PANEL_CURR_B,4.2696
2025-01-01 19:20:10,SOLAR_POWER_TOTAL,91.3474
2025-01-01 19:20:20,BUS_VOLTAGE,28.8989
2025-01-01 19:20:30,BUS_CURRENT,6.7938
2025-01-01 19:20:40,THRUSTER_TEMP_1,26.1591
2025-01-01 19:20:50,THRUSTER_TEMP_2,19.1532
2025-01-01 19:21:00,PAYLOAD_TEMP_CAM,24.037
2025-01-01 19:21:10,PAYLOAD_TEMP_SENSOR,22.5206
2025-01-01 19:21:20,OBC_TEMP,46.7542
2025-01-01 19:21:30,TRANS_TEMP,43.0363
2025-01-01 19:21:40,STRUCT_TEMP_PANEL_X,5.6457
2025-01-01 19:21:50,STRUCT_TEMP_PANEL_Y,31.2622
2025-01-01 19:22:00,STRUCT_TEMP_PANEL_Z,4.2078
2025-01-01 19:22:10,RADIATOR_TEMP,-15.4134
2025-01-01 19:22:20,GYRO_X,-0.0344
2025-01-01 19:22:30,GYRO_Y,-0.0409
2025-01-01 19:22:40,GYRO_Z,-0.0239
2025-01-01 19:22:50,MAGNETOMETER_X,-30.874
2025-01-01 19:23:00,MAGNETOMETER_Y,-27.6507
2025-01-01 19:23:10,MAGNETOMETER_Z,-20.954
2025-01-01 19:23:20,REACTION_WHEEL_SPD_X,-172.0627
2025-01-01 19:23:30,REACTION_WHEEL_SPD_Y,-422.9336
2025-01-01 19:23:40,REACTION_WHEEL_SPD_Z,-1392.2474
2025-01-01 19:23:50,ATTITUDE_ROLL,1.2433
2025-01-01 19:24:00,ATTITUDE_PITCH,1.2456
2025-01-01 19:24:10,ATTITUDE_YAW,-2.2539
2025-01-01 19:24:20,STAR_TRACKER_VALID,0.2765
2025-01-01 19:24:30,SUN_SENSOR_ANGLE,78.7497
2025-01-01 19:24:40,RF_SIGNAL_STRENGTH,-66.8785
2025-01-01 19:24:50,RF_NOISE_FLOOR,-91.6223
2025-01-01 19:25:00,TX_POWER,3.0495
2025-01-01 19:25:10,LINK_MARGIN,10.6076
2025-01-01 19:25:20,DATA_RATE_KBPS,104.0728
2025-01-01 19:25:30,PACKET_LOSS_RATE,1.1604
2025-01-01 19:25:40,CPU_USAGE,48.5096
2025-01-01 19:25:50,MEMORY_USAGE,60.7665
2025-01-01 19:26:00,FLASH_WRITE_RATE,1.9155
2025-01-01 19:26:10,WATCHDOG_COUNTER,26.977
2025-01-01 19:26:20,TANK_PRESSURE,302.4033
2025-01-01 19:26:30,THRUSTER_VALVE_TEMP,16.0074
2025-01-01 19:26:40,BATT_VOLTAGE_1,28.8337
2025-01-01 19:26:50,BATT_VOLTAGE_2,27.7407
2025-01-01 19:27:00,BATT_CURRENT_1,2.5719
2025-01-01 19:27:10,BATT_CURRENT_2,2.4231
2025-01-01 19:27:20,BATT_TEMP_1,29.3865
2025-01-01 19:27:30,BATT_TEMP_2,26.7076
2025-01-01 19:27:40,BATT_SOC,84.1964
2025-01-01 19:27:50,SOLAR_PANEL_VOLT_A,29.1458
2025-01-01 19:28:00,SOLAR_PANEL_VOLT_B,30.53
2025-01-01 19:28:10,SOLAR_PANEL_CURR_A,4.5556
2025-01-01 19:28:20,SOLAR_PANEL_CURR_B,4.803
2025-01-01 19:28:30,SOLAR_POWER_TOTAL,112.2161
2025-01-01 19:28:40,BUS_VOLTAGE,28.9725
2025-01-01 19:28:50,BUS_CURRENT,9.1784
2025-01-01 19:29:00,THRUSTER_TEMP_1,19.5557
2025-01-01 19:29:10,THRUSTER_TEMP_2,21.2821
2025-01-01 19:29:20,PAYLOAD_TEMP_CAM,23.4755
2025-01-01 19:29:30,PAYLOAD_TEMP_SENSOR,25.2616
2025-01-01 19:29:40,OBC_TEMP,40.3132
2025-01-01 19:29:50,TRANS_TEMP,33.8501
2025-01-01 19:30:00,STRUCT_TEMP_PANEL_X,21.7928
2025-01-01 19:30:10,STRUCT_TEMP_PANEL_Y,31.458
2025-01-01 19:30:20,STRUCT_TEMP_PANEL_Z,17.3596
2025-01-01 19:30:30,RADIATOR_TEMP,-2.3044
2025-01-01 19:30:40,GYRO_X,-0.0416
2025-01-01 19:30:50,GYRO_Y,0.0115
2025-01-01 19:31:00,GYRO_Z,0.0357
2025-01-01 19:31:10,MAGNETOMETER_X,9.733
2025-01-01 19:31:20,MAGNETOMETER_Y,25.7121
2025-01-01 19:31:30,MAGNETOMETER_Z,16.9864
2025-01-01 19:31:40,REACTION_WHEEL_SPD_X,883.5005
2025-01-01 19:31:50,REACTION_WHEEL_SPD_Y,1730.6422
2025-01-01 19:32:00,REACTION_WHEEL_SPD_Z,-732.279
2025-01-01 19:32:10,ATTITUDE_ROLL,-1.5376
2025-01-01 19:32:20,ATTITUDE_PITCH,-1.5265
2025-01-01 19:32:30,ATTITUDE_YAW,0.7126
2025-01-01 19:32:40,STAR_TRACKER_VALID,0.2466
2025-01-01 19:32:50,SUN_SENSOR_ANGLE,85.7672
2025-01-01 19:33:00,RF_SIGNAL_STRENGTH,-56.6808
2025-01-01 19:33:10,RF_NOISE_FLOOR,-103.407
2025-01-01 19:33:20,TX_POWER,3.5686
2025-01-01 19:33:30,LINK_MARGIN,9.9918
2025-01-01 19:33:40,DATA_RATE_KBPS,93.2164
2025-01-01 19:33:50,PACKET_LOSS_RATE,1.4804
2025-01-01 19:34:00,CPU_USAGE,36.9823
2025-01-01 19:34:10,MEMORY_USAGE,52.9087
2025-01-01 19:34:20,FLASH_WRITE_RATE,3.0712
2025-01-01 19:34:30,WATCHDOG_COUNTER,72.4439
2025-01-01 19:34:40,TANK_PRESSURE,296.0404
2025-01-01 19:34:50,THRUSTER_VALVE_TEMP,18.8361
2025-01-01 19:35:00,BATT_VOLTAGE_1,28.1367
2025-01-01 19:35:10,BATT_VOLTAGE_2,27.1979
2025-01-01 19:35:20,BATT_CURRENT_1,2.8798
2025-01-01 19:35:30,BATT_CURRENT_2,2.7149
2025-01-01 19:35:40,BATT_TEMP_1,19.7784
2025-01-01 19:35:50,BATT_TEMP_2,19.59
2025-01-01 19:36:00,BATT_SOC,70.8594
2025-01-01 19:36:10,SOLAR_PANEL_VOLT_A,29.4129
2025-01-01 19:36:20,SOLAR_PANEL_VOLT_B,31.7668
2025-01-01 19:36:30,SOLAR_PANEL_CURR_A,4.8809
2025-01-01 19:36:40,SOLAR_PANEL_CURR_B,5.3834
2025-01-01 19:36:50,SOLAR_POWER_TOTAL,97.5689
2025-01-01 19:37:00,BUS_VOLTAGE,29.0513
2025-01-01 19:37:10,BUS_CURRENT,9.9341
2025-01-01 19:37:20,THRUSTER_TEMP_1,24.0871
2025-01-01 19:37:30,THRUSTER_TEMP_2,22.5982
2025-01-01 19:37:40,PAYLOAD_TEMP_CAM,25.206
2025-01-01 19:37:50,PAYLOAD_TEMP_SENSOR,20.2423
2025-01-01 19:38:00,OBC_TEMP,47.6192
2025-01-01 19:38:10,TRANS_TEMP,31.7975
2025-01-01 19:38:20,STRUCT_TEMP_PANEL_X,26.3837
2025-01-01 19:38:30,STRUCT_TEMP_PANEL_Y,35.4436
2025-01-01 19:38:40,STRUCT_TEMP_PANEL_Z,38.8728
2025-01-01 19:38:50,RADIATOR_TEMP,-15.0699
2025-01-01 19:39:00,GYRO_X,-0.0116
2025-01-01 19:39:10,GYRO_Y,-0.0434
2025-01-01 19:39:20,GYRO_Z,-0.0333
2025-01-01 19:39:30,MAGNETOMETER_X,-5.0757
2025-01-01 19:39:40,MAGNETOMETER_Y,-4.0186
2025-01-01 19:39:50,MAGNETOMETER_Z,12.2804
2025-01-01 19:40:00,REACTION_WHEEL_SPD_X,-505.918
2025-01-01 19:40:10,REACTION_WHEEL_SPD_Y,370.1729
2025-01-01 19:40:20,REACTION_WHEEL_SPD_Z,-1265.1557
2025-01-01 19:40:30,ATTITUDE_ROLL,1.4543
2025-01-01 19:40:40,ATTITUDE_PITCH,1.5839
2025-01-01 19:40:50,ATTITUDE_YAW,-1.6746
2025-01-01 19:41:00,STAR_TRACKER_VALID,0.4914
2025-01-01 19:41:10,SUN_SENSOR_ANGLE,127.4303
2025-01-01 19:41:20,RF_SIGNAL_STRENGTH,-70.1828
2025-01-01 19:41:30,RF_NOISE_FLOOR,-93.1666
2025-01-01 19:41:40,TX_POWER,2.2929
2025-01-01 19:41:50,LINK_MARGIN,16.5066
2025-01-01 19:42:00,DATA_RATE_KBPS,133.2887
2025-01-01 19:42:10,PACKET_LOSS_RATE,0.5274
2025-01-01 19:42:20,CPU_USAGE,38.4645
2025-01-01 19:42:30,MEMORY_USAGE,60.0702
2025-01-01 19:42:40,FLASH_WRITE_RATE,1.58
2025-01-01 19:42:50,WATCHDOG_COUNTER,28.2578
2025-01-01 19:43:00,TANK_PRESSURE,309.3717
2025-01-01 19:43:10,THRUSTER_VALVE_TEMP,15.2034
2025-01-01 19:43:20,BATT_VOLTAGE_1,27.3556
2025-01-01 19:43:30,BATT_VOLTAGE_2,28.355
2025-01-01 19:43:40,BATT_CURRENT_1,3.2584
2025-01-01 19:43:50,BATT_CURRENT_2,2.0599
2025-01-01 19:44:00,BATT_TEMP_1,20.9235
2025-01-01 19:44:10,BATT_TEMP_2,29.5843
2025-01-01 19:44:20,BATT_SOC,69.6715
2025-01-01 19:44:30,SOLAR_PANEL_VOLT_A,29.5867
2025-01-01 19:44:40,SOLAR_PANEL_VOLT_B,31.8774
2025-01-01 19:44:50,SOLAR_PANEL_CURR_A,5.2094
2025-01-01 19:45:00,SOLAR_PANEL_CURR_B,4.2394
2025-01-01 19:45:10,SOLAR_POWER_TOTAL,112.3929
2025-01-01 19:45:20,BUS_VOLTAGE,28.2538
2025-01-01 19:45:30,BUS_CURRENT,7.1142
2025-01-01 19:45:40,THRUSTER_TEMP_1,20.8521
2025-01-01 19:45:50,THRUSTER_TEMP_2,22.934
2025-01-01 19:46:00,PAYLOAD_TEMP_CAM,23.8227
2025-01-01 19:46:10,PAYLOAD_TEMP_SENSOR,21.6176
2025-01-01 19:46:20,OBC_TEMP,35.7888
2025-01-01 19:46:30,TRANS_TEMP,43.0499
2025-01-01 19:46:40,STRUCT_TEMP_PANEL_X,30.3429
2025-01-01 19:46:50,STRUCT_TEMP_PANEL_Y,30.0006
2025-01-01 19:47:00,STRUCT_TEMP_PANEL_Z,38.1673
2025-01-01 19:47:10,RADIATOR_TEMP,-15.5585
2025-01-01 19:47:20,GYRO_X,-0.0211
2025-01-01 19:47:30,GYRO_Y,0.0077
2025-01-01 19:47:40,GYRO_Z,0.0219
2025-01-01 19:47:50,MAGNETOMETER_X,-6.6528
2025-01-01 19:48:00,MAGNETOMETER_Y,-35.2097
2025-01-01 19:48:10,MAGNETOMETER_Z,23.2963
2025-01-01 19:48:20,REACTION_WHEEL_SPD_X,689.1755
2025-01-01 19:48:30,REACTION_WHEEL_SPD_Y,304.8907
2025-01-01 19:48:40,REACTION_WHEEL_SPD_Z,1358.4839
2025-01-01 19:48:50,ATTITUDE_ROLL,-1.4521
2025-01-01 19:49:00,ATTITUDE_PITCH,-0.9432
2025-01-01 19:49:10,ATTITUDE_YAW,1.6792
2025-01-01 19:49:20,STAR_TRACKER_VALID,0.2462
2025-01-01 19:49:30,SUN_SENSOR_ANGLE,123.7672
2025-01-01 19:49:40,RF_SIGNAL_STRENGTH,-68.7238
2025-01-01 19:49:50,RF_NOISE_FLOOR,-91.4745
2025-01-01 19:50:00,TX_POWER,2.6399
2025-01-01 19:50:10,LINK_MARGIN,14.1583
2025-01-01 19:50:20,DATA_RATE_KBPS,93.9867
2025-01-01 19:50:30,PACKET_LOSS_RATE,0.6838
2025-01-01 19:50:40,CPU_USAGE,35.7913
2025-01-01 19:50:50,MEMORY_USAGE,48.9954
2025-01-01 19:51:00,FLASH_WRITE_RATE,1.7816
2025-01-01 19:51:10,WATCHDOG_COUNTER,55.1174
2025-01-01 19:51:20,TANK_PRESSURE,308.7202
2025-01-01 19:51:30,THRUSTER_VALVE_TEMP,14.3369
2025-01-01 19:51:40,BATT_VOLTAGE_1,27.4682
2025-01-01 19:51:50,BATT_VOLTAGE_2,28.7646
2025-01-01 19:52:00,BATT_CURRENT_1,2.6729
2025-01-01 19:52:10,BATT_CURRENT_2,2.0451
2025-01-01 19:52:20,BATT_TEMP_1,25.314
2025-01-01 19:52:30,BATT_TEMP_2,28.3197
2025-01-01 19:52:40,BATT_SOC,69.987
2025-01-01 19:52:50,SOLAR_PANEL_VOLT_A,29.6051
2025-01-01 19:53:00,SOLAR_PANEL_VOLT_B,30.9766
2025-01-01 19:53:10,SOLAR_PANEL_CURR_A,6.8221
2025-01-01 19:53:20,SOLAR_PANEL_CURR_B,3.8895
2025-01-01 19:53:30,SOLAR_POWER_TOTAL,116.5244
2025-01-01 19:53:40,BUS_VOLTAGE,28.2495
2025-01-01 19:53:50,BUS_CURRENT,7.3832
2025-01-01 19:54:00,THRUSTER_TEMP_1,19.7606
2025-01-01 19:54:10,THRUSTER_TEMP_2,18.6968
2025-01-01 19:54:20,PAYLOAD_TEMP_CAM,22.0221
2025-01-01 19:54:30,PAYLOAD_TEMP_SENSOR,24.1538
2025-01-01 19:54:40,OBC_TEMP,38.7853
2025-01-01 19:54:50,TRANS_TEMP,31.6502
2025-01-01 19:55:00,STRUCT_TEMP_PANEL_X,12.2306
2025-01-01 19:55:10,STRUCT_TEMP_PANEL_Y,29.8365
2025-01-01 19:55:20,STRUCT_TEMP_PANEL_Z,6.5501
2025-01-01 19:55:30,RADIATOR_TEMP,-7.6547
2025-01-01 19:55:40,GYRO_X,0.0254
2025-01-01 19:55:50,GYRO_Y,-0.0312
2025-01-01 19:56:00,GYRO_Z,-0.0273
2025-01-01 19:56:10,MAGNETOMETER_X,-35.6327
2025-01-01 19:56:20,MAGNETOMETER_Y,-27.4583
2025-01-01 19:56:30,MAGNETOMETER_Z,22.9011
2025-01-01 19:56:40,REACTION_WHEEL_SPD_X,-1472.1631
2025-01-01 19:56:50,REACTION_WHEEL_SPD_Y,1138.0403
2025-01-01 19:57:00,REACTION_WHEEL_SPD_Z,-362.4971
2025-01-01 19:57:10,ATTITUDE_ROLL,1.2671
2025-01-01 19:57:20,ATTITUDE_PITCH,-1.282
2025-01-01 19:57:30,ATTITUDE_YAW,1.6101
2025-01-01 19:57:40,STAR_TRACKER_VALID,0.3812
2025-01-01 19:57:50,SUN_SENSOR_ANGLE,125.1675
2025-01-01 19:58:00,RF_SIGNAL_STRENGTH,-64.2738
2025-01-01 19:58:10,RF_NOISE_FLOOR,-93.9532
2025-01-01 19:58:20,TX_POWER,3.708
2025-01-01 19:58:30,LINK_MARGIN,9.9682
2025-01-01 19:58:40,DATA_RATE_KBPS,94.651
2025-01-01 19:58:50,PACKET_LOSS_RATE,1.3327
2025-01-01 19:59:00,CPU_USAGE,22.6757
2025-01-01 19:59:10,MEMORY_USAGE,57.5798
2025-01-01 19:59:20,FLASH_WRITE_RATE,1.7386
2025-01-01 19:59:30,WATCHDOG_COUNTER,32.2231
2025-01-01 19:59:40,TANK_PRESSURE,294.7509
2025-01-01 19:59:50,THRUSTER_VALVE_TEMP,19.7672
2025-01-01 20:00:00,BATT_VOLTAGE_1,28.0977
2025-01-01 20:00:10,BATT_VOLTAGE_2,27.1985
2025-01-01 20:00:20,BATT_CURRENT_1,1.7144
2025-01-01 20:00:30,BATT_CURRENT_2,3.2292
2025-01-01 20:00:40,BATT_TEMP_1,29.6165
2025-01-01 20:00:50,BATT_TEMP_2,20.005
2025-01-01 20:01:00,BATT_SOC,68.7636
2025-01-01 20:01:10,SOLAR_PANEL_VOLT_A,31.7265
2025-01-01 20:01:20,SOLAR_PANEL_VOLT_B,29.4219
2025-01-01 20:01:30,SOLAR_PANEL_CURR_A,6.0972
2025-01-01 20:01:40,SOLAR_PANEL_CURR_B,4.4105
2025-01-01 20:01:50,SOLAR_POWER_TOTAL,91.7303
2025-01-01 20:02:00,BUS_VOLTAGE,28.6993
2025-01-01 20:02:10,BUS_CURRENT,8.2188
2025-01-01 20:02:20,THRUSTER_TEMP_1,20.3691
2025-01-01 20:02:30,THRUSTER_TEMP_2,18.7526
2025-01-01 20:02:40,PAYLOAD_TEMP_CAM,20.1886
2025-01-01 20:02:50,PAYLOAD_TEMP_SENSOR,22.1656
2025-01-01 20:03:00,OBC_TEMP,37.1114
2025-01-01 20:03:10,TRANS_TEMP,38.1257
2025-01-01 20:03:20,STRUCT_TEMP_PANEL_X,35.1873
2025-01-01 20:03:30,STRUCT_TEMP_PANEL_Y,9.2924
2025-01-01 20:03:40,STRUCT_TEMP_PANEL_Z,4.1886
2025-01-01 20:03:50,RADIATOR_TEMP,-18.6446
2025-01-01 20:04:00,GYRO_X,-0.0518
2025-01-01 20:04:10,GYRO_Y,-0.0441
2025-01-01 20:04:20,GYRO_Z,-0.0312
2025-01-01 20:04:30,MAGNETOMETER_X,17.6092
2025-01-01 20:04:40,MAGNETOMETER_Y,-1.8345
2025-01-01 20:04:50,MAGNETOMETER_Z,-18.5049
2025-01-01 20:05:00,REACTION_WHEEL_SPD_X,-103.1477
2025-01-01 20:05:10,REACTION_WHEEL_SPD_Y,-1618.8047
2025-01-01 20:05:20,REACTION_WHEEL_SPD_Z,1772.4626
2025-01-01 20:05:30,ATTITUDE_ROLL,-0.5288
2025-01-01 20:05:40,ATTITUDE_PITCH,0.9897
2025-01-01 20:05:50,ATTITUDE_YAW,3.4193
2025-01-01 20:06:00,STAR_TRACKER_VALID,0.6465
2025-01-01 20:06:10,SUN_SENSOR_ANGLE,92.2427
2025-01-01 20:06:20,RF_SIGNAL_STRENGTH,-66.426
2025-01-01 20:06:30,RF_NOISE_FLOOR,-89.6422
2025-01-01 20:06:40,TX_POWER,1.7835
2025-01-01 20:06:50,LINK_MARGIN,11.1204
2025-01-01 20:07:00,DATA_RATE_KBPS,115.9241
2025-01-01 20:07:10,PACKET_LOSS_RATE,0.8621
2025-01-01 20:07:20,CPU_USAGE,40.5698
2025-01-01 20:07:30,MEMORY_USAGE,51.7875
2025-01-01 20:07:40,FLASH_WRITE_RATE,2.9391
2025-01-01 20:07:50,WATCHDOG_COUNTER,25.0361
2025-01-01 20:08:00,TANK_PRESSURE,296.4372
2025-01-01 20:08:10,THRUSTER_VALVE_TEMP,20.8947
2025-01-01 20:08:20,BATT_VOLTAGE_1,28.8538
2025-01-01 20:08:30,BATT_VOLTAGE_2,27.7946
2025-01-01 20:08:40,BATT_CURRENT_1,3.1501
2025-01-01 20:08:50,BATT_CURRENT_2,2.5067
2025-01-01 20:09:00,BATT_TEMP_1,29.5231
2025-01-01 20:09:10,BATT_TEMP_2,26.6366
2025-01-01 20:09:20,BATT_SOC,88.1994
2025-01-01 20:09:30,SOLAR_PANEL_VOLT_A,29.3446
2025-01-01 20:09:40,SOLAR_PANEL_VOLT_B,32.2195
2025-01-01 20:09:50,SOLAR_PANEL_CURR_A,6.7805
2025-01-01 20:10:00,SOLAR_PANEL_CURR_B,6.5637
2025-01-01 20:10:10,SOLAR_POWER_TOTAL,104.9054
2025-01-01 20:10:20,BUS_VOLTAGE,28.6464
2025-01-01 20:10:30,BUS_CURRENT,10.241
2025-01-01 20:10:40,THRUSTER_TEMP_1,18.1933
2025-01-01 20:10:50,THRUSTER_TEMP_2,24.3144
2025-01-01 20:11:00,PAYLOAD_TEMP_CAM,24.5979
2025-01-01 20:11:10,PAYLOAD_TEMP_SENSOR,20.1767
2025-01-01 20:11:20,OBC_TEMP,38.2584
2025-01-01 20:11:30,TRANS_TEMP,42.9171
2025-01-01 20:11:40,STRUCT_TEMP_PANEL_X,15.7518
2025-01-01 20:11:50,STRUCT_TEMP_PANEL_Y,37.2414
2025-01-01 20:12:00,STRUCT_TEMP_PANEL_Z,12.2793
2025-01-01 20:12:10,RADIATOR_TEMP,1.6534
2025-01-01 20:12:20,GYRO_X,-0.049
2025-01-01 20:12:30,GYRO_Y,-0.0003
2025-01-01 20:12:40,GYRO_Z,-0.0327
2025-01-01 20:12:50,MAGNETOMETER_X,-21.0954
2025-01-01 20:13:00,MAGNETOMETER_Y,-28.861
2025-01-01 20:13:10,MAGNETOMETER_Z,28.0758
2025-01-01 20:13:20,REACTION_WHEEL_SPD_X,99.6458
2025-01-01 20:13:30,REACTION_WHEEL_SPD_Y,1663.3808
2025-01-01 20:13:40,REACTION_WHEEL_SPD_Z,-355.4516
2025-01-01 20:13:50,ATTITUDE_ROLL,1.5011
2025-01-01 20:14:00,ATTITUDE_PITCH,-0.0561
2025-01-01 20:14:10,ATTITUDE_YAW,0.3137
2025-01-01 20:14:20,STAR_TRACKER_VALID,0.4496
2025-01-01 20:14:30,SUN_SENSOR_ANGLE,80.1428
2025-01-01 20:14:40,RF_SIGNAL_STRENGTH,-57.5547
2025-01-01 20:14:50,RF_NOISE_FLOOR,-89.9466
2025-01-01 20:15:00,TX_POWER,3.4542
2025-01-01 20:15:10,LINK_MARGIN,13.8575
2025-01-01 20:15:20,DATA_RATE_KBPS,114.2478
2025-01-01 20:15:30,PACKET_LOSS_RATE,0.6567
2025-01-01 20:15:40,CPU_USAGE,22.389
2025-01-01 20:15:50,MEMORY_USAGE,62.7121
2025-01-01 20:16:00,FLASH_WRITE_RATE,4.1372
2025-01-01 20:16:10,WATCHDOG_COUNTER,27.1136
2025-01-01 20:16:20,TANK_PRESSURE,289.495
2025-01-01 20:16:30,THRUSTER_VALVE_TEMP,14.396
2025-01-01 20:16:40,BATT_VOLTAGE_1,28.2385
2025-01-01 20:16:50,BATT_VOLTAGE_2,27.6396
2025-01-01 20:17:00,BATT_CURRENT_1,2.6899
2025-01-01 20:17:10,BATT_CURRENT_2,2.4016
2025-01-01 20:17:20,BATT_TEMP_1,26.1107
2025-01-01 20:17:30,BATT_TEMP_2,22.7764
2025-01-01 20:17:40,BATT_SOC,88.2819
2025-01-01 20:17:50,SOLAR_PANEL_VOLT_A,32.3808
2025-01-01 20:18:00,SOLAR_PANEL_VOLT_B,29.682
2025-01-01 20:18:10,SOLAR_PANEL_CURR_A,5.4483
2025-01-01 20:18:20,SOLAR_PANEL_CURR_B,5.8907
2025-01-01 20:18:30,SOLAR_POWER_TOTAL,96.8502
2025-01-01 20:18:40,BUS_VOLTAGE,28.888
2025-01-01 20:18:50,BUS_CURRENT,9.0134
2025-01-01 20:19:00,THRUSTER_TEMP_1,25.406
2025-01-01 20:19:10,THRUSTER_TEMP_2,18.6463
2025-01-01 20:19:20,PAYLOAD_TEMP_CAM,25.7201
2025-01-01 20:19:30,PAYLOAD_TEMP_SENSOR,20.722
2025-01-01 20:19:40,OBC_TEMP,48.4175
2025-01-01 20:19:50,TRANS_TEMP,36.7633
2025-01-01 20:20:00,STRUCT_TEMP_PANEL_X,28.8266
2025-01-01 20:20:10,STRUCT_TEMP_PANEL_Y,28.995
2025-01-01 20:20:20,STRUCT_TEMP_PANEL_Z,34.1765
2025-01-01 20:20:30,RADIATOR_TEMP,-17.721
2025-01-01 20:20:40,GYRO_X,-0.039
2025-01-01 20:20:50,GYRO_Y,-0.0231
2025-01-01 20:21:00,GYRO_Z,0.0157
2025-01-01 20:21:10,MAGNETOMETER_X,27.3257
2025-01-01 20:21:20,MAGNETOMETER_Y,-18.2255
2025-01-01 20:21:30,MAGNETOMETER_Z,-24.9659
2025-01-01 20:21:40,REACTION_WHEEL_SPD_X,-922.7145
2025-01-01 20:21:50,REACTION_WHEEL_SPD_Y,1488.3646
2025-01-01 20:22:00,REACTION_WHEEL_SPD_Z,143.6119
2025-01-01 20:22:10,ATTITUDE_ROLL,0.0608
2025-01-01 20:22:20,ATTITUDE_PITCH,-0.06
2025-01-01 20:22:30,ATTITUDE_YAW,2.3525
2025-01-01 20:22:40,STAR_TRACKER_VALID,0.3402
2025-01-01 20:22:50,SUN_SENSOR_ANGLE,46.9899
2025-01-01 20:23:00,RF_SIGNAL_STRENGTH,-56.8794
2025-01-01 20:23:10,RF_NOISE_FLOOR,-93.7432
2025-01-01 20:23:20,TX_POWER,2.4423
2025-01-01 20:23:30,LINK_MARGIN,16.3438
2025-01-01 20:23:40,DATA_RATE_KBPS,113.1986
2025-01-01 20:23:50,PACKET_LOSS_RATE,1.0355
2025-01-01 20:24:00,CPU_USAGE,25.3605
2025-01-01 20:24:10,MEMORY_USAGE,43.322
2025-01-01 20:24:20,FLASH_WRITE_RATE,2.644
2025-01-01 20:24:30,WATCHDOG_COUNTER,49.5015
2025-01-01 20:24:40,TANK_PRESSURE,309.0018
2025-01-01 20:24:50,THRUSTER_VALVE_TEMP,20.1216
2025-01-01 20:25:00,BATT_VOLTAGE_1,28.2325
2025-01-01 20:25:10,BATT_VOLTAGE_2,28.5499
2025-01-01 20:25:20,BATT_CURRENT_1,2.1264
2025-01-01 20:25:30,BATT_CURRENT_2,2.0936
2025-01-01 20:25:40,BATT_TEMP_1,16.7968
2025-01-01 20:25:50,BATT_TEMP_2,25.0372
2025-01-01 20:26:00,BATT_SOC,76.5091
2025-01-01 20:26:10,SOLAR_PANEL_VOLT_A,32.5274
2025-01-01 20:26:20,SOLAR_PANEL_VOLT_B,31.0193
2025-01-01 20:26:30,SOLAR_PANEL_CURR_A,4.5869
2025-01-01 20:26:40,SOLAR_PANEL_CURR_B,4.3499
2025-01-01 20:26:50,SOLAR_POWER_TOTAL,113.2711
2025-01-01 20:27:00,BUS_VOLTAGE,28.93
2025-01-01 20:27:10,BUS_CURRENT,10.2856
2025-01-01 20:27:20,THRUSTER_TEMP_1,21.5987
2025-01-01 20:27:30,THRUSTER_TEMP_2,24.0114
2025-01-01 20:27:40,PAYLOAD_TEMP_CAM,25.8056
2025-01-01 20:27:50,PAYLOAD_TEMP_SENSOR,19.7784
2025-01-01 20:28:00,OBC_TEMP,38.9533
2025-01-01 20:28:10,TRANS_TEMP,41.7285
2025-01-01 20:28:20,STRUCT_TEMP_PANEL_X,3.8997
2025-01-01 20:28:30,STRUCT_TEMP_PANEL_Y,5.9811
2025-01-01 20:28:40,STRUCT_TEMP_PANEL_Z,19.6915
2025-01-01 20:28:50,RADIATOR_TEMP,-21.2167
2025-01-01 20:29:00,GYRO_X,-0.0246
2025-01-01 20:29:10,GYRO_Y,-0.0323
2025-01-01 20:29:20,GYRO_Z,0.0093
2025-01-01 20:29:30,MAGNETOMETER_X,-24.6499
2025-01-01 20:29:40,MAGNETOMETER_Y,5.3611
2025-01-01 20:29:50,MAGNETOMETER_Z,26.2516
2025-01-01 20:30:00,REACTION_WHEEL_SPD_X,1468.2287
2025-01-01 20:30:10,REACTION_WHEEL_SPD_Y,1035.5675
2025-01-01 20:30:20,REACTION_WHEEL_SPD_Z,750.3774
2025-01-01 20:30:30,ATTITUDE_ROLL,0.7765
2025-01-01 20:30:40,ATTITUDE_PITCH,-0.6678
2025-01-01 20:30:50,ATTITUDE_YAW,-2.6019
2025-01-01 20:31:00,STAR_TRACKER_VALID,0.6325
2025-01-01 20:31:10,SUN_SENSOR_ANGLE,135.2895
2025-01-01 20:31:20,RF_SIGNAL_STRENGTH,-60.742
2025-01-01 20:31:30,RF_NOISE_FLOOR,-101.6965
2025-01-01 20:31:40,TX_POWER,1.9704
2025-01-01 20:31:50,LINK_MARGIN,15.8258
2025-01-01 20:32:00,DATA_RATE_KBPS,148.9166
2025-01-01 20:32:10,PACKET_LOSS_RATE,1.1656
2025-01-01 20:32:20,CPU_USAGE,40.7838
2025-01-01 20:32:30,MEMORY_USAGE,58.1012
2025-01-01 20:32:40,FLASH_WRITE_RATE,0.9857
2025-01-01 20:32:50,WATCHDOG_COUNTER,29.9794
2025-01-01 20:33:00,TANK_PRESSURE,300.437
2025-01-01 20:33:10,THRUSTER_VALVE_TEMP,18.7834
2025-01-01 20:33:20,BATT_VOLTAGE_1,28.0957
2025-01-01 20:33:30,BATT_VOLTAGE_2,28.0872
2025-01-01 20:33:40,BATT_CURRENT_1,2.0114
2025-01-01 20:33:50,BATT_CURRENT_2,2.3454
2025-01-01 20:34:00,BATT_TEMP_1,20.4269
2025-01-01 20:34:10,BATT_TEMP_2,27.854
2025-01-01 20:34:20,BATT_SOC,71.041
2025-01-01 20:34:30,SOLAR_PANEL_VOLT_A,32.2798
2025-01-01 20:34:40,SOLAR_PANEL_VOLT_B,29.9553
2025-01-01 20:34:50,SOLAR_PANEL_CURR_A,4.6503
2025-01-01 20:35:00,SOLAR_PANEL_CURR_B,6.0978
2025-01-01 20:35:10,SOLAR_POWER_TOTAL,93.2651
2025-01-01 20:35:20,BUS_VOLTAGE,29.0013
2025-01-01 20:35:30,BUS_CURRENT,7.0766
2025-01-01 20:35:40,THRUSTER_TEMP_1,16.9949
2025-01-01 20:35:50,THRUSTER_TEMP_2,20.0147
2025-01-01 20:36:00,PAYLOAD_TEMP_CAM,25.6616
2025-01-01 20:36:10,PAYLOAD_TEMP_SENSOR,21.1679
2025-01-01 20:36:20,OBC_TEMP,45.9139
2025-01-01 20:36:30,TRANS_TEMP,45.1255
2025-01-01 20:36:40,STRUCT_TEMP_PANEL_X,6.226
2025-01-01 20:36:50,STRUCT_TEMP_PANEL_Y,31.3182
2025-01-01 20:37:00,STRUCT_TEMP_PANEL_Z,22.7474
2025-01-01 20:37:10,RADIATOR_TEMP,-20.7636
2025-01-01 20:37:20,GYRO_X,-0.0458
2025-01-01 20:37:30,GYRO_Y,-0.0307
2025-01-01 20:37:40,GYRO_Z,0.0475
2025-01-01 20:37:50,MAGNETOMETER_X,-29.3763
2025-01-01 20:38:00,MAGNETOMETER_Y,-20.0829
2025-01-01 20:38:10,MAGNETOMETER_Z,-28.7857
2025-01-01 20:38:20,REACTION_WHEEL_SPD_X,1435.7458
2025-01-01 20:38:30,REACTION_WHEEL_SPD_Y,-1492.8651
2025-01-01 20:38:40,REACTION_WHEEL_SPD_Z,297.1673
2025-01-01 20:38:50,ATTITUDE_ROLL,-1.2696
2025-01-01 20:39:00,ATTITUDE_PITCH,1.4372
2025-01-01 20:39:10,ATTITUDE_YAW,2.096
2025-01-01 20:39:20,STAR_TRACKER_VALID,0.7038
2025-01-01 20:39:30,SUN_SENSOR_ANGLE,116.8265
2025-01-01 20:39:40,RF_SIGNAL_STRENGTH,-63.0681
2025-01-01 20:39:50,RF_NOISE_FLOOR,-96.9253
2025-01-01 20:40:00,TX_POWER,2.4693
2025-01-01 20:40:10,LINK_MARGIN,20.631
2025-01-01 20:40:20,DATA_RATE_KBPS,84.2923
2025-01-01 20:40:30,PACKET_LOSS_RATE,1.5299
2025-01-01 20:40:40,CPU_USAGE,25.2472
2025-01-01 20:40:50,MEMORY_USAGE,48.2977
2025-01-01 20:41:00,FLASH_WRITE_RATE,3.6382
2025-01-01 20:41:10,WATCHDOG_COUNTER,28.1433
2025-01-01 20:41:20,TANK_PRESSURE,294.7118
2025-01-01 20:41:30,THRUSTER_VALVE_TEMP,21.0194
2025-01-01 20:41:40,BATT_VOLTAGE_1,27.5685
2025-01-01 20:41:50,BATT_VOLTAGE_2,27.0942
2025-01-01 20:42:00,BATT_CURRENT_1,2.2437
2025-01-01 20:42:10,BATT_CURRENT_2,2.6104
2025-01-01 20:42:20,BATT_TEMP_1,28.0797
2025-01-01 20:42:30,BATT_TEMP_2,27.2908
2025-01-01 20:42:40,BATT_SOC,90.8242
2025-01-01 20:42:50,SOLAR_PANEL_VOLT_A,32.3221
2025-01-01 20:43:00,SOLAR_PANEL_VOLT_B,30.8249
2025-01-01 20:43:10,SOLAR_PANEL_CURR_A,6.2219
2025-01-01 20:43:20,SOLAR_PANEL_CURR_B,6.8044
2025-01-01 20:43:30,SOLAR_POWER_TOTAL,95.7522
2025-01-01 20:43:40,BUS_VOLTAGE,28.2079
2025-01-01 20:43:50,BUS_CURRENT,9.493
2025-01-01 20:44:00,THRUSTER_TEMP_1,19.9216
2025-01-01 20:44:10,THRUSTER_TEMP_2,17.6332
2025-01-01 20:44:20,PAYLOAD_TEMP_CAM,25.2778
2025-01-01 20:44:30,PAYLOAD_TEMP_SENSOR,24.8288
2025-01-01 20:44:40,OBC_TEMP,45.6142
2025-01-01 20:44:50,TRANS_TEMP,34.267
2025-01-01 20:45:00,STRUCT_TEMP_PANEL_X,12.3451
2025-01-01 20:45:10,STRUCT_TEMP_PANEL_Y,35.7171
2025-01-01 20:45:20,STRUCT_TEMP_PANEL_Z,6.4278
2025-01-01 20:45:30,RADIATOR_TEMP,-5.2548
2025-01-01 20:45:40,GYRO_X,-0.0345
2025-01-01 20:45:50,GYRO_Y,0.01
2025-01-01 20:46:00,GYRO_Z,0.0086
2025-01-01 20:46:10,MAGNETOMETER_X,-23.3044
2025-01-01 20:46:20,MAGNETOMETER_Y,6.4615
2025-01-01 20:46:30,MAGNETOMETER_Z,-31.4742
2025-01-01 20:46:40,REACTION_WHEEL_SPD_X,-125.5188
2025-01-01 20:46:50,REACTION_WHEEL_SPD_Y,-1386.7122
2025-01-01 20:47:00,REACTION_WHEEL_SPD_Z,-984.9153
2025-01-01 20:47:10,ATTITUDE_ROLL,-1.4192
2025-01-01 20:47:20,ATTITUDE_PITCH,1.6309
2025-01-01 20:47:30,ATTITUDE_YAW,3.3517
2025-01-01 20:47:40,STAR_TRACKER_VALID,0.6577
2025-01-01 20:47:50,SUN_SENSOR_ANGLE,104.2702
2025-01-01 20:48:00,RF_SIGNAL_STRENGTH,-60.3762
2025-01-01 20:48:10,RF_NOISE_FLOOR,-102.7421
2025-01-01 20:48:20,TX_POWER,2.319
2025-01-01 20:48:30,LINK_MARGIN,19.2358
2025-01-01 20:48:40,DATA_RATE_KBPS,115.192
2025-01-01 20:48:50,PACKET_LOSS_RATE,1.4993
2025-01-01 20:49:00,CPU_USAGE,38.9449
2025-01-01 20:49:10,MEMORY_USAGE,45.8123
2025-01-01 20:49:20,FLASH_WRITE_RATE,2.6392
2025-01-01 20:49:30,WATCHDOG_COUNTER,35.5251
2025-01-01 20:49:40,TANK_PRESSURE,309.1291
2025-01-01 20:49:50,THRUSTER_VALVE_TEMP,14.7399
2025-01-01 20:50:00,BATT_VOLTAGE_1,27.6723
2025-01-01 20:50:10,BATT_VOLTAGE_2,27.7862
2025-01-01 20:50:20,BATT_CURRENT_1,1.8715
2025-01-01 20:50:30,BATT_CURRENT_2,3.3335
2025-01-01 20:50:40,BATT_TEMP_1,28.7479
2025-01-01 20:50:50,BATT_TEMP_2,27.5789
2025-01-01 20:51:00,BATT_SOC,78.2008
2025-01-01 20:51:10,SOLAR_PANEL_VOLT_A,30.7105
2025-01-01 20:51:20,SOLAR_PANEL_VOLT_B,29.6437
2025-01-01 20:51:30,SOLAR_PANEL_CURR_A,4.3346
2025-01-01 20:51:40,SOLAR_PANEL_CURR_B,4.2893
2025-01-01 20:51:50,SOLAR_POWER_TOTAL,115.3848
2025-01-01 20:52:00,BUS_VOLTAGE,28.3896
2025-01-01 20:52:10,BUS_CURRENT,7.6616
2025-01-01 20:52:20,THRUSTER_TEMP_1,21.8392
2025-01-01 20:52:30,THRUSTER_TEMP_2,20.0583
2025-01-01 20:52:40,PAYLOAD_TEMP_CAM,23.9492
2025-01-01 20:52:50,PAYLOAD_TEMP_SENSOR,24.723
2025-01-01 20:53:00,OBC_TEMP,48.5789
2025-01-01 20:53:10,TRANS_TEMP,44.7737
2025-01-01 20:53:20,STRUCT_TEMP_PANEL_X,27.0549
2025-01-01 20:53:30,STRUCT_TEMP_PANEL_Y,28.7372
2025-01-01 20:53:40,STRUCT_TEMP_PANEL_Z,28.6583
2025-01-01 20:53:50,RADIATOR_TEMP,-20.9724
2025-01-01 20:54:00,GYRO_X,0.0019
2025-01-01 20:54:10,GYRO_Y,0.0142
2025-01-01 20:54:20,GYRO_Z,0.038
2025-01-01 20:54:30,MAGNETOMETER_X,8.7362
2025-01-01 20:54:40,MAGNETOMETER_Y,19.8823
2025-01-01 20:54:50,MAGNETOMETER_Z,4.088
2025-01-01 20:55:00,REACTION_WHEEL_SPD_X,444.1956
2025-01-01 20:55:10,REACTION_WHEEL_SPD_Y,1504.0755
2025-01-01 20:55:20,REACTION_WHEEL_SPD_Z,1187.9022
2025-01-01 20:55:30,ATTITUDE_ROLL,-1.4688
2025-01-01 20:55:40,ATTITUDE_PITCH,-1.634
2025-01-01 20:55:50,ATTITUDE_YAW,-0.6786
2025-01-01 20:56:00,STAR_TRACKER_VALID,0.6638
2025-01-01 20:56:10,SUN_SENSOR_ANGLE,80.3912
2025-01-01 20:56:20,RF_SIGNAL_STRENGTH,-73.1901
2025-01-01 20:56:30,RF_NOISE_FLOOR,-89.1296
2025-01-01 20:56:40,TX_POWER,1.9144
2025-01-01 20:56:50,LINK_MARGIN,17.8332
2025-01-01 20:57:00,DATA_RATE_KBPS,102.1267
2025-01-01 20:57:10,PACKET_LOSS_RATE,0.8546
2025-01-01 20:57:20,CPU_USAGE,21.4189
2025-01-01 20:57:30,MEMORY_USAGE,61.7278
2025-01-01 20:57:40,FLASH_WRITE_RATE,2.6771
2025-01-01 20:57:50,WATCHDOG_COUNTER,48.0688
2025-01-01 20:58:00,TANK_PRESSURE,293.3917
2025-01-01 20:58:10,THRUSTER_VALVE_TEMP,18.9816
2025-01-01 20:58:20,BATT_VOLTAGE_1,28.593
2025-01-01 20:58:30,BATT_VOLTAGE_2,27.4181
2025-01-01 20:58:40,BATT_CURRENT_1,2.8313
2025-01-01 20:58:50,BATT_CURRENT_2,2.1907
2025-01-01 20:59:00,BATT_TEMP_1,20.7504
2025-01-01 20:59:10,BATT_TEMP_2,23.7539
2025-01-01 20:59:20,BATT_SOC,71.3729
2025-01-01 20:59:30,SOLAR_PANEL_VOLT_A,31.5153
2025-01-01 20:59:40,SOLAR_PANEL_VOLT_B,32.5466
2025-01-01 20:59:50,SOLAR_PANEL_CURR_A,6.3179
2025-01-01 21:00:00,SOLAR_PANEL_CURR_B,5.6809
2025-01-01 21:00:10,SOLAR_POWER_TOTAL,108.0775
2025-01-01 21:00:20,BUS_VOLTAGE,28.905
2025-01-01 21:00:30,BUS_CURRENT,9.6266
2025-01-01 21:00:40,THRUSTER_TEMP_1,20.5071
2025-01-01 21:00:50,THRUSTER_TEMP_2,25.941
2025-01-01 21:01:00,PAYLOAD_TEMP_CAM,19.8326
2025-01-01 21:01:10,PAYLOAD_TEMP_SENSOR,21.3173
2025-01-01 21:01:20,OBC_TEMP,43.4863
2025-01-01 21:01:30,TRANS_TEMP,44.2671
2025-01-01 21:01:40,STRUCT_TEMP_PANEL_X,4.1994
2025-01-01 21:01:50,STRUCT_TEMP_PANEL_Y,17.6837
2025-01-01 21:02:00,STRUCT_TEMP_PANEL_Z,25.6971
2025-01-01 21:02:10,RADIATOR_TEMP,-11.7169
2025-01-01 21:02:20,GYRO_X,0.035
2025-01-01 21:02:30,GYRO_Y,-0.0344
2025-01-01 21:02:40,GYRO_Z,-0.0349
2025-01-01 21:02:50,MAGNETOMETER_X,-3.061
2025-01-01 21:03:00,MAGNETOMETER_Y,1.1177
2025-01-01 21:03:10,MAGNETOMETER_Z,-5.6384
2025-01-01 21:03:20,REACTION_WHEEL_SPD_X,-908.0946
2025-01-01 21:03:30,REACTION_WHEEL_SPD_Y,486.7611
2025-01-01 21:03:40,REACTION_WHEEL_SPD_Z,-1496.9841
2025-01-01 21:03:50,ATTITUDE_ROLL,-0.8768
2025-01-01 21:04:00,ATTITUDE_PITCH,-0.577
2025-01-01 21:04:10,ATTITUDE_YAW,0.571
2025-01-01 21:04:20,STAR_TRACKER_VALID,0.638
2025-01-01 21:04:30,SUN_SENSOR_ANGLE,92.2838
2025-01-01 21:04:40,RF_SIGNAL_STRENGTH,-67.0688
2025-01-01 21:04:50,RF_NOISE_FLOOR,-86.9976
2025-01-01 21:05:00,TX_POWER,3.3984
2025-01-01 21:05:10,LINK_MARGIN,19.5714
2025-01-01 21:05:20,DATA_RATE_KBPS,136.3424
2025-01-01 21:05:30,PACKET_LOSS_RATE,1.2273
2025-01-01 21:05:40,CPU_USAGE,24.1596
2025-01-01 21:05:50,MEMORY_USAGE,53.526
2025-01-01 21:06:00,FLASH_WRITE_RATE,4.163
2025-01-01 21:06:10,WATCHDOG_COUNTER,75.7043
2025-01-01 21:06:20,TANK_PRESSURE,301.928
2025-01-01 21:06:30,THRUSTER_VALVE_TEMP,16.7204
2025-01-01 21:06:40,BATT_VOLTAGE_1,27.7803
2025-01-01 21:06:50,BATT_VOLTAGE_2,28.5793
2025-01-01 21:07:00,BATT_CURRENT_1,2.7681
2025-01-01 21:07:10,BATT_CURRENT_2,1.9574
2025-01-01 21:07:20,BATT_TEMP_1,27.664
2025-01-01 21:07:30,BATT_TEMP_2,30.1713
2025-01-01 21:07:40,BATT_SOC,71.0287
2025-01-01 21:07:50,SOLAR_PANEL_VOLT_A,29.3552
2025-01-01 21:08:00,SOLAR_PANEL_VOLT_B,32.3124
2025-01-01 21:08:10,SOLAR_PANEL_CURR_A,4.8302
2025-01-01 21:08:20,SOLAR_PANEL_CURR_B,5.221
2025-01-01 21:08:30,SOLAR_POWER_TOTAL,116.8376
2025-01-01 21:08:40,BUS_VOLTAGE,28.7564
2025-01-01 21:08:50,BUS_CURRENT,9.6127
2025-01-01 21:09:00,THRUSTER_TEMP_1,24.2079
2025-01-01 21:09:10,THRUSTER_TEMP_2,21.0959
2025-01-01 21:09:20,PAYLOAD_TEMP_CAM,21.8181
2025-01-01 21:09:30,PAYLOAD_TEMP_SENSOR,23.9771
2025-01-01 21:09:40,OBC_TEMP,44.251
2025-01-01 21:09:50,TRANS_TEMP,32.6058
2025-01-01 21:10:00,STRUCT_TEMP_PANEL_X,31.0848
2025-01-01 21:10:10,STRUCT_TEMP_PANEL_Y,11.6563
2025-01-01 21:10:20,STRUCT_TEMP_PANEL_Z,2.3241
2025-01-01 21:10:30,RADIATOR_TEMP,0.1994
2025-01-01 21:10:40,GYRO_X,-0.0109
2025-01-01 21:10:50,GYRO_Y,-0.0269
2025-01-01 21:11:00,GYRO_Z,0.023
2025-01-01 21:11:10,MAGNETOMETER_X,5.9103
2025-01-01 21:11:20,MAGNETOMETER_Y,-8.5762
2025-01-01 21:11:30,MAGNETOMETER_Z,6.4603
2025-01-01 21:11:40,REACTION_WHEEL_SPD_X,1413.0721
2025-01-01 21:11:50,REACTION_WHEEL_SPD_Y,1220.7729
2025-01-01 21:12:00,REACTION_WHEEL_SPD_Z,1327.2827
2025-01-01 21:12:10,ATTITUDE_ROLL,1.8277
2025-01-01 21:12:20,ATTITUDE_PITCH,-0.6827
2025-01-01 21:12:30,ATTITUDE_YAW,2.6683
2025-01-01 21:12:40,STAR_TRACKER_VALID,0.6962
2025-01-01 21:12:50,SUN_SENSOR_ANGLE,121.5614
2025-01-01 21:13:00,RF_SIGNAL_STRENGTH,-71.9682
2025-01-01 21:13:10,RF_NOISE_FLOOR,-95.0461
2025-01-01 21:13:20,TX_POWER,2.1824
2025-01-01 21:13:30,LINK_MARGIN,11.1982
2025-01-01 21:13:40,DATA_RATE_KBPS,89.8801
2025-01-01 21:13:50,PACKET_LOSS_RATE,0.95
2025-01-01 21:14:00,CPU_USAGE,38.8464
2025-01-01 21:14:10,MEMORY_USAGE,43.9323
2025-01-01 21:14:20,FLASH_WRITE_RATE,1.8336
2025-01-01 21:14:30,WATCHDOG_COUNTER,26.2548
2025-01-01 21:14:40,TANK_PRESSURE,292.1152
2025-01-01 21:14:50,THRUSTER_VALVE_TEMP,21.1194
2025-01-01 21:15:00,BATT_VOLTAGE_1,27.9946
2025-01-01 21:15:10,BATT_VOLTAGE_2,28.2522
2025-01-01 21:15:20,BATT_CURRENT_1,2.4348
2025-01-01 21:15:30,BATT_CURRENT_2,3.0748
2025-01-01 21:15:40,BATT_TEMP_1,29.5371
2025-01-01 21:15:50,BATT_TEMP_2,20.0296
2025-01-01 21:16:00,BATT_SOC,68.1731
2025-01-01 21:16:10,SOLAR_PANEL_VOLT_A,30.8208
2025-01-01 21:16:20,SOLAR_PANEL_VOLT_B,32.533
2025-01-01 21:16:30,SOLAR_PANEL_CURR_A,4.1126
2025-01-01 21:16:40,SOLAR_PANEL_CURR_B,5.0673
2025-01-01 21:16:50,SOLAR_POWER_TOTAL,102.1039
2025-01-01 21:17:00,BUS_VOLTAGE,27.94
2025-01-01 21:17:10,BUS_CURRENT,7.2206
2025-01-01 21:17:20,THRUSTER_TEMP_1,24.1751
2025-01-01 21:17:30,THRUSTER_TEMP_2,23.6729
2025-01-01 21:17:40,PAYLOAD_TEMP_CAM,23.1497
2025-01-01 21:17:50,PAYLOAD_TEMP_SENSOR,21.6896
2025-01-01 21:18:00,OBC_TEMP,41.0767
2025-01-01 21:18:10,TRANS_TEMP,30.2173
2025-01-01 21:18:20,STRUCT_TEMP_PANEL_X,15.8937
2025-01-01 21:18:30,STRUCT_TEMP_PANEL_Y,8.9542
2025-01-01 21:18:40,STRUCT_TEMP_PANEL_Z,26.5421
2025-01-01 21:18:50,RADIATOR_TEMP,-17.371
2025-01-01 21:19:00,GYRO_X,0.0354
2025-01-01 21:19:10,GYRO_Y,-0.0042
2025-01-01 21:19:20,GYRO_Z,0.0197
2025-01-01 21:19:30,MAGNETOMETER_X,22.72
2025-01-01 21:19:40,MAGNETOMETER_Y,3.2289
2025-01-01 21:19:50,MAGNETOMETER_Z,-29.1173
2025-01-01 21:20:00,REACTION_WHEEL_SPD_X,676.9955
2025-01-01 21:20:10,REACTION_WHEEL_SPD_Y,1476.0424
2025-01-01 21:20:20,REACTION_WHEEL_SPD_Z,-1360.4121
2025-01-01 21:20:30,ATTITUDE_ROLL,0.341
2025-01-01 21:20:40,ATTITUDE_PITCH,1.0854
2025-01-01 21:20:50,ATTITUDE_YAW,0.1495
2025-01-01 21:21:00,STAR_TRACKER_VALID,0.5129
2025-01-01 21:21:10,SUN_SENSOR_ANGLE,143.7615
2025-01-01 21:21:20,RF_SIGNAL_STRENGTH,-69.9031
2025-01-01 21:21:30,RF_NOISE_FLOOR,-87.1168
2025-01-01 21:21:40,TX_POWER,4.327
2025-01-01 21:21:50,LINK_MARGIN,14.0556
2025-01-01 21:22:00,DATA_RATE_KBPS,127.5782
2025-01-01 21:22:10,PACKET_LOSS_RATE,1.2413
2025-01-01 21:22:20,CPU_USAGE,38.8614
2025-01-01 21:22:30,MEMORY_USAGE,60.8703
2025-01-01 21:22:40,FLASH_WRITE_RATE,3.8116
2025-01-01 21:22:50,WATCHDOG_COUNTER,56.5621
2025-01-01 21:23:00,TANK_PRESSURE,298.0924
2025-01-01 21:23:10,THRUSTER_VALVE_TEMP,19.8146
2025-01-01 21:23:20,BATT_VOLTAGE_1,28.6545
2025-01-01 21:23:30,BATT_VOLTAGE_2,27.231
2025-01-01 21:23:40,BATT_CURRENT_1,3.0117
2025-01-01 21:23:50,BATT_CURRENT_2,2.9013
2025-01-01 21:24:00,BATT_TEMP_1,26.6493
2025-01-01 21:24:10,BATT_TEMP_2,26.8319
2025-01-01 21:24:20,BATT_SOC,86.2151
2025-01-01 21:24:30,SOLAR_PANEL_VOLT_A,32.3291
2025-01-01 21:24:40,SOLAR_PANEL_VOLT_B,32.4993
2025-01-01 21:24:50,SOLAR_PANEL_CURR_A,4.4199
2025-01-01 21:25:00,SOLAR_PANEL_CURR_B,5.5062
2025-01-01 21:25:10,SOLAR_POWER_TOTAL,105.0686
2025-01-01 21:25:20,BUS_VOLTAGE,27.9817
2025-01-01 21:25:30,BUS_CURRENT,7.831
2025-01-01 21:25:40,THRUSTER_TEMP_1,23.4463
2025-01-01 21:25:50,THRUSTER_TEMP_2,25.0732
2025-01-01 21:26:00,PAYLOAD_TEMP_CAM,21.3684
2025-01-01 21:26:10,PAYLOAD_TEMP_SENSOR,21.2658
2025-01-01 21:26:20,OBC_TEMP,46.9606
2025-01-01 21:26:30,TRANS_TEMP,32.5993
2025-01-01 21:26:40,STRUCT_TEMP_PANEL_X,32.3257
2025-01-01 21:26:50,STRUCT_TEMP_PANEL_Y,31.5695
2025-01-01 21:27:00,STRUCT_TEMP_PANEL_Z,6.118
2025-01-01 21:27:10,RADIATOR_TEMP,-11.9817
2025-01-01 21:27:20,GYRO_X,-0.0536
2025-01-01 21:27:30,GYRO_Y,-0.0065
2025-01-01 21:27:40,GYRO_Z,-0.0301
2025-01-01 21:27:50,MAGNETOMETER_X,-11.3276
2025-01-01 21:28:00,MAGNETOMETER_Y,16.5998
2025-01-01 21:28:10,MAGNETOMETER_Z,1.0906
2025-01-01 21:28:20,REACTION_WHEEL_SPD_X,1631.3272
2025-01-01 21:28:30,REACTION_WHEEL_SPD_Y,1522.0468
2025-01-01 21:28:40,REACTION_WHEEL_SPD_Z,660.4061
2025-01-01 21:28:50,ATTITUDE_ROLL,0.3598
2025-01-01 21:29:00,ATTITUDE_PITCH,0.8949
2025-01-01 21:29:10,ATTITUDE_YAW,0.5653
2025-01-01 21:29:20,STAR_TRACKER_VALID,0.4803
2025-01-01 21:29:30,SUN_SENSOR_ANGLE,105.9414
2025-01-01 21:29:40,RF_SIGNAL_STRENGTH,-74.8728
2025-01-01 21:29:50,RF_NOISE_FLOOR,-89.6804
2025-01-01 21:30:00,TX_POWER,2.141
2025-01-01 21:30:10,LINK_MARGIN,10.8157
2025-01-01 21:30:20,DATA_RATE_KBPS,157.0828
2025-01-01 21:30:30,PACKET_LOSS_RATE,1.5993
2025-01-01 21:30:40,CPU_USAGE,30.1569
2025-01-01 21:30:50,MEMORY_USAGE,60.2772
2025-01-01 21:31:00,FLASH_WRITE_RATE,1.5326
2025-01-01 21:31:10,WATCHDOG_COUNTER,75.4569
2025-01-01 21:31:20,TANK_PRESSURE,290.8001
2025-01-01 21:31:30,THRUSTER_VALVE_TEMP,17.9952
2025-01-01 21:31:40,BATT_VOLTAGE_1,28.7501
2025-01-01 21:31:50,BATT_VOLTAGE_2,28.0551
2025-01-01 21:32:00,BATT_CURRENT_1,2.6121
2025-01-01 21:32:10,BATT_CURRENT_2,3.0554
2025-01-01 21:32:20,BATT_TEMP_1,28.8217
2025-01-01 21:32:30,BATT_TEMP_2,26.0504
2025-01-01 21:32:40,BATT_SOC,87.0516
2025-01-01 21:32:50,SOLAR_PANEL_VOLT_A,30.0717
2025-01-01 21:33:00,SOLAR_PANEL_VOLT_B,31.4524
2025-01-01 21:33:10,SOLAR_PANEL_CURR_A,4.6224
2025-01-01 21:33:20,SOLAR_PANEL_CURR_B,6.1339
2025-01-01 21:33:30,SOLAR_POWER_TOTAL,117.2573
2025-01-01 21:33:40,BUS_VOLTAGE,28.2934
2025-01-01 21:33:50,BUS_CURRENT,7.9479
2025-01-01 21:34:00,THRUSTER_TEMP_1,18.4131
2025-01-01 21:34:10,THRUSTER_TEMP_2,25.9953
2025-01-01 21:34:20,PAYLOAD_TEMP_CAM,24.5561
2025-01-01 21:34:30,PAYLOAD_TEMP_SENSOR,20.9869
2025-01-01 21:34:40,OBC_TEMP,40.7963
2025-01-01 21:34:50,TRANS_TEMP,45.157
2025-01-01 21:35:00,STRUCT_TEMP_PANEL_X,33.3666
2025-01-01 21:35:10,STRUCT_TEMP_PANEL_Y,25.1875
2025-01-01 21:35:20,STRUCT_TEMP_PANEL_Z,9.7253
2025-01-01 21:35:30,RADIATOR_TEMP,-15.6573
2025-01-01 21:35:40,GYRO_X,-0.0184
2025-01-01 21:35:50,GYRO_Y,-0.0153
2025-01-01 21:36:00,GYRO_Z,-0.0258
2025-01-01 21:36:10,MAGNETOMETER_X,33.3214
2025-01-01 21:36:20,MAGNETOMETER_Y,-22.4065
2025-01-01 21:36:30,MAGNETOMETER_Z,9.7822
2025-01-01 21:36:40,REACTION_WHEEL_SPD_X,-120.5131
2025-01-01 21:36:50,REACTION_WHEEL_SPD_Y,258.3964
2025-01-01 21:37:00,REACTION_WHEEL_SPD_Z,1376.1095
2025-01-01 21:37:10,ATTITUDE_ROLL,-0.1283
2025-01-01 21:37:20,ATTITUDE_PITCH,-0.6882
2025-01-01 21:37:30,ATTITUDE_YAW,-3.0894
2025-01-01 21:37:40,STAR_TRACKER_VALID,0.6461
2025-01-01 21:37:50,SUN_SENSOR_ANGLE,54.4901
2025-01-01 21:38:00,RF_SIGNAL_STRENGTH,-56.0476
2025-01-01 21:38:10,RF_NOISE_FLOOR,-97.1435
2025-01-01 21:38:20,TX_POWER,3.9016
2025-01-01 21:38:30,LINK_MARGIN,13.2223
2025-01-01 21:38:40,DATA_RATE_KBPS,100.3526
2025-01-01 21:38:50,PACKET_LOSS_RATE,1.1823
2025-01-01 21:39:00,CPU_USAGE,25.2819
2025-01-01 21:39:10,MEMORY_USAGE,60.9943
2025-01-01 21:39:20,FLASH_WRITE_RATE,1.9103
2025-01-01 21:39:30,WATCHDOG_COUNTER,41.4932
2025-01-01 21:39:40,TANK_PRESSURE,289.4851
2025-01-01 21:39:50,THRUSTER_VALVE_TEMP,21.8103
2025-01-01 21:40:00,BATT_VOLTAGE_1,28.4955
2025-01-01 21:40:10,BATT_VOLTAGE_2,27.5609
2025-01-01 21:40:20,BATT_CURRENT_1,3.342
2025-01-01 21:40:30,BATT_CURRENT_2,1.8324
2025-01-01 21:40:40,BATT_TEMP_1,23.4585
2025-01-01 21:40:50,BATT_TEMP_2,27.0919
2025-01-01 21:41:00,BATT_SOC,78.7282
2025-01-01 21:41:10,SOLAR_PANEL_VOLT_A,31.7742
2025-01-01 21:41:20,SOLAR_PANEL_VOLT_B,30.2606
2025-01-01 21:41:30,SOLAR_PANEL_CURR_A,5.5543
2025-01-01 21:41:40,SOLAR_PANEL_CURR_B,5.4125
2025-01-01 21:41:50,SOLAR_POWER_TOTAL,93.4693
2025-01-01 21:42:00,BUS_VOLTAGE,28.3904
2025-01-01 21:42:10,BUS_CURRENT,10.29
2025-01-01 21:42:20,THRUSTER_TEMP_1,25.3642
2025-01-01 21:42:30,THRUSTER_TEMP_2,25.1903
2025-01-01 21:42:40,PAYLOAD_TEMP_CAM,22.0812
2025-01-01 21:42:50,PAYLOAD_TEMP_SENSOR,20.9606
2025-01-01 21:43:00,OBC_TEMP,37.4397
2025-01-01 21:43:10,TRANS_TEMP,30.8049
2025-01-01 21:43:20,STRUCT_TEMP_PANEL_X,24.134
2025-01-01 21:43:30,STRUCT_TEMP_PANEL_Y,11.857
2025-01-01 21:43:40,STRUCT_TEMP_PANEL_Z,35.7643
2025-01-01 21:43:50,RADIATOR_TEMP,-11.9356
2025-01-01 21:44:00,GYRO_X,-0.0398
2025-01-01 21:44:10,GYRO_Y,-0.0245
2025-01-01 21:44:20,GYRO_Z,-0.0173
2025-01-01 21:44:30,MAGNETOMETER_X,-17.9282
2025-01-01 21:44:40,MAGNETOMETER_Y,-41.3704
2025-01-01 21:44:50,MAGNETOMETER_Z,-22.5119
2025-01-01 21:45:00,REACTION_WHEEL_SPD_X,-1058.5702
2025-01-01 21:45:10,REACTION_WHEEL_SPD_Y,1077.5621
2025-01-01 21:45:20,REACTION_WHEEL_SPD_Z,1415.1249
2025-01-01 21:45:30,ATTITUDE_ROLL,-0.7688
2025-01-01 21:45:40,ATTITUDE_PITCH,-0.2456
2025-01-01 21:45:50,ATTITUDE_YAW,2.7248
2025-01-01 21:46:00,STAR_TRACKER_VALID,0.5993
2025-01-01 21:46:10,SUN_SENSOR_ANGLE,133.5274
2025-01-01 21:46:20,RF_SIGNAL_STRENGTH,-62.5633
2025-01-01 21:46:30,RF_NOISE_FLOOR,-90.3719
2025-01-01 21:46:40,TX_POWER,3.9164
2025-01-01 21:46:50,LINK_MARGIN,10.4832
2025-01-01 21:47:00,DATA_RATE_KBPS,159.7642
2025-01-01 21:47:10,PACKET_LOSS_RATE,0.8086
2025-01-01 21:47:20,CPU_USAGE,25.2235
2025-01-01 21:47:30,MEMORY_USAGE,55.8707
2025-01-01 21:47:40,FLASH_WRITE_RATE,1.7738
2025-01-01 21:47:50,WATCHDOG_COUNTER,42.2196
2025-01-01 21:48:00,TANK_PRESSURE,295.6318
2025-01-01 21:48:10,THRUSTER_VALVE_TEMP,20.7658
2025-01-01 21:48:20,BATT_VOLTAGE_1,27.25
2025-01-01 21:48:30,BATT_VOLTAGE_2,28.2675
2025-01-01 21:48:40,BATT_CURRENT_1,3.0894
2025-01-01 21:48:50,BATT_CURRENT_2,3.2024
2025-01-01 21:49:00,BATT_TEMP_1,29.1822
2025-01-01 21:49:10,BATT_TEMP_2,28.8344
2025-01-01 21:49:20,BATT_SOC,71.5694
2025-01-01 21:49:30,SOLAR_PANEL_VOLT_A,31.056
2025-01-01 21:49:40,SOLAR_PANEL_VOLT_B,29.8124
2025-01-01 21:49:50,SOLAR_PANEL_CURR_A,4.2555
2025-01-01 21:50:00,SOLAR_PANEL_CURR_B,5.6498
2025-01-01 21:50:10,SOLAR_POWER_TOTAL,106.3567
2025-01-01 21:50:20,BUS_VOLTAGE,28.6271
2025-01-01 21:50:30,BUS_CURRENT,6.7817
2025-01-01 21:50:40,THRUSTER_TEMP_1,24.2033
2025-01-01 21:50:50,THRUSTER_TEMP_2,25.2548
2025-01-01 21:51:00,PAYLOAD_TEMP_CAM,21.8498
2025-01-01 21:51:10,PAYLOAD_TEMP_SENSOR,24.9363
2025-01-01 21:51:20,OBC_TEMP,40.7919
2025-01-01 21:51:30,TRANS_TEMP,32.1839
2025-01-01 21:51:40,STRUCT_TEMP_PANEL_X,19.6045
2025-01-01 21:51:50,STRUCT_TEMP_PANEL_Y,25.6874
2025-01-01 21:52:00,STRUCT_TEMP_PANEL_Z,28.1623
2025-01-01 21:52:10,RADIATOR_TEMP,-6.8902
2025-01-01 21:52:20,GYRO_X,0.0418
2025-01-01 21:52:30,GYRO_Y,-0.0012
2025-01-01 21:52:40,GYRO_Z,0.0107
2025-01-01 21:52:50,MAGNETOMETER_X,-4.3896
2025-01-01 21:53:00,MAGNETOMETER_Y,-10.0475
2025-01-01 21:53:10,MAGNETOMETER_Z,-5.8554
2025-01-01 21:53:20,REACTION_WHEEL_SPD_X,1126.6054
2025-01-01 21:53:30,REACTION_WHEEL_SPD_Y,-246.9706
2025-01-01 21:53:40,REACTION_WHEEL_SPD_Z,1300.2883
2025-01-01 21:53:50,ATTITUDE_ROLL,1.7708
2025-01-01 21:54:00,ATTITUDE_PITCH,-1.3354
2025-01-01 21:54:10,ATTITUDE_YAW,-0.5762
2025-01-01 21:54:20,STAR_TRACKER_VALID,0.6083
2025-01-01 21:54:30,SUN_SENSOR_ANGLE,89.9398
2025-01-01 21:54:40,RF_SIGNAL_STRENGTH,-65.6691
2025-01-01 21:54:50,RF_NOISE_FLOOR,-88.5558
2025-01-01 21:55:00,TX_POWER,3.389
2025-01-01 21:55:10,LINK_MARGIN,10.4719
2025-01-01 21:55:20,DATA_RATE_KBPS,125.9433
2025-01-01 21:55:30,PACKET_LOSS_RATE,0.7349
2025-01-01 21:55:40,CPU_USAGE,46.3577
2025-01-01 21:55:50,MEMORY_USAGE,53.1508
2025-01-01 21:56:00,FLASH_WRITE_RATE,2.7208
2025-01-01 21:56:10,WATCHDOG_COUNTER,29.6294
2025-01-01 21:56:20,TANK_PRESSURE,298.9439
2025-01-01 21:56:30,THRUSTER_VALVE_TEMP,19.9247
2025-01-01 21:56:40,BATT_VOLTAGE_1,28.7703
2025-01-01 21:56:50,BATT_VOLTAGE_2,28.8468
2025-01-01 21:57:00,BATT_CURRENT_1,2.9052
2025-01-01 21:57:10,BATT_CURRENT_2,2.8118
2025-01-01 21:57:20,BATT_TEMP_1,29.2545
2025-01-01 21:57:30,BATT_TEMP_2,28.9866
2025-01-01 21:57:40,BATT_SOC,85.6415
2025-01-01 21:57:50,SOLAR_PANEL_VOLT_A,32.2169
2025-01-01 21:58:00,SOLAR_PANEL_VOLT_B,32.2429
2025-01-01 21:58:10,SOLAR_PANEL_CURR_A,6.873
2025-01-01 21:58:20,SOLAR_PANEL_CURR_B,5.8506
2025-01-01 21:58:30,SOLAR_POWER_TOTAL,95.2408
2025-01-01 21:58:40,BUS_VOLTAGE,28.6654
2025-01-01 21:58:50,BUS_CURRENT,9.9585
2025-01-01 21:59:00,THRUSTER_TEMP_1,25.2699
2025-01-01 21:59:10,THRUSTER_TEMP_2,26.4602
2025-01-01 21:59:20,PAYLOAD_TEMP_CAM,25.4606
2025-01-01 21:59:30,PAYLOAD_TEMP_SENSOR,25.2702
2025-01-01 21:59:40,OBC_TEMP,48.1218
2025-01-01 21:59:50,TRANS_TEMP,43.1119
2025-01-01 22:00:00,STRUCT_TEMP_PANEL_X,24.8349
2025-01-01 22:00:10,STRUCT_TEMP_PANEL_Y,32.6285
2025-01-01 22:00:20,STRUCT_TEMP_PANEL_Z,25.6973
2025-01-01 22:00:30,RADIATOR_TEMP,-17.3494
2025-01-01 22:00:40,GYRO_X,0.0447
2025-01-01 22:00:50,GYRO_Y,-0.0277
2025-01-01 22:01:00,GYRO_Z,-0.0343
2025-01-01 22:01:10,MAGNETOMETER_X,26.1495
2025-01-01 22:01:20,MAGNETOMETER_Y,-19.711
2025-01-01 22:01:30,MAGNETOMETER_Z,2.6131
2025-01-01 22:01:40,REACTION_WHEEL_SPD_X,-198.6524
2025-01-01 22:01:50,REACTION_WHEEL_SPD_Y,1469.6293
2025-01-01 22:02:00,REACTION_WHEEL_SPD_Z,1301.9288
2025-01-01 22:02:10,ATTITUDE_ROLL,1.2293
2025-01-01 22:02:20,ATTITUDE_PITCH,1.0957
2025-01-01 22:02:30,ATTITUDE_YAW,0.1784
2025-01-01 22:02:40,STAR_TRACKER_VALID,0.2284
2025-01-01 22:02:50,SUN_SENSOR_ANGLE,106.451
2025-01-01 22:03:00,RF_SIGNAL_STRENGTH,-60.9851
2025-01-01 22:03:10,RF_NOISE_FLOOR,-100.0133
2025-01-01 22:03:20,TX_POWER,2.7111
2025-01-01 22:03:30,LINK_MARGIN,14.2423
2025-01-01 22:03:40,DATA_RATE_KBPS,137.286
2025-01-01 22:03:50,PACKET_LOSS_RATE,1.4992
2025-01-01 22:04:00,CPU_USAGE,27.693
2025-01-01 22:04:10,MEMORY_USAGE,42.6106
2025-01-01 22:04:20,FLASH_WRITE_RATE,2.2049
2025-01-01 22:04:30,WATCHDOG_COUNTER,43.5722
2025-01-01 22:04:40,TANK_PRESSURE,300.2666
2025-01-01 22:04:50,THRUSTER_VALVE_TEMP,13.5593
2025-01-01 22:05:00,BATT_VOLTAGE_1,27.1204
2025-01-01 22:05:10,BATT_VOLTAGE_2,27.3894
2025-01-01 22:05:20,BATT_CURRENT_1,2.5612
2025-01-01 22:05:30,BATT_CURRENT_2,3.2686
2025-01-01 22:05:40,BATT_TEMP_1,28.6814
2025-01-01 22:05:50,BATT_TEMP_2,22.7593
2025-01-01 22:06:00,BATT_SOC,87.6433
2025-01-01 22:06:10,SOLAR_PANEL_VOLT_A,32.2967
2025-01-01 22:06:20,SOLAR_PANEL_VOLT_B,30.9366
2025-01-01 22:06:30,SOLAR_PANEL_CURR_A,5.5777
2025-01-01 22:06:40,SOLAR_PANEL_CURR_B,5.4478
2025-01-01 22:06:50,SOLAR_POWER_TOTAL,118.1849
2025-01-01 22:07:00,BUS_VOLTAGE,28.2085
2025-01-01 22:07:10,BUS_CURRENT,8.1766
2025-01-01 22:07:20,THRUSTER_TEMP_1,25.4908
2025-01-01 22:07:30,THRUSTER_TEMP_2,22.032
2025-01-01 22:07:40,PAYLOAD_TEMP_CAM,25.5271
2025-01-01 22:07:50,PAYLOAD_TEMP_SENSOR,24.2008
2025-01-01 22:08:00,OBC_TEMP,47.6972
2025-01-01 22:08:10,TRANS_TEMP,34.1416
2025-01-01 22:08:20,STRUCT_TEMP_PANEL_X,20.0432
2025-01-01 22:08:30,STRUCT_TEMP_PANEL_Y,4.5457
2025-01-01 22:08:40,STRUCT_TEMP_PANEL_Z,17.4483
2025-01-01 22:08:50,RADIATOR_TEMP,0.3225
2025-01-01 22:09:00,GYRO_X,0.0426
2025-01-01 22:09:10,GYRO_Y,0.0111
2025-01-01 22:09:20,GYRO_Z,0.03
2025-01-01 22:09:30,MAGNETOMETER_X,-8.7934
2025-01-01 22:09:40,MAGNETOMETER_Y,22.5567
2025-01-01 22:09:50,MAGNETOMETER_Z,-0.4918
2025-01-01 22:10:00,REACTION_WHEEL_SPD_X,1271.5065
2025-01-01 22:10:10,REACTION_WHEEL_SPD_Y,-1288.8426
2025-01-01 22:10:20,REACTION_WHEEL_SPD_Z,-1529.9722
2025-01-01 22:10:30,ATTITUDE_ROLL,-1.4069
2025-01-01 22:10:40,ATTITUDE_PITCH,-1.4661
2025-01-01 22:10:50,ATTITUDE_YAW,2.6982
2025-01-01 22:11:00,STAR_TRACKER_VALID,0.4278
2025-01-01 22:11:10,SUN_SENSOR_ANGLE,73.0579
2025-01-01 22:11:20,RF_SIGNAL_STRENGTH,-57.4373
2025-01-01 22:11:30,RF_NOISE_FLOOR,-87.8506
2025-01-01 22:11:40,TX_POWER,3.9023
2025-01-01 22:11:50,LINK_MARGIN,18.0957
2025-01-01 22:12:00,DATA_RATE_KBPS,165.4077
2025-01-01 22:12:10,PACKET_LOSS_RATE,1.2774
2025-01-01 22:12:20,CPU_USAGE,39.2539
2025-01-01 22:12:30,MEMORY_USAGE,47.0564
2025-01-01 22:12:40,FLASH_WRITE_RATE,1.7464
2025-01-01 22:12:50,WATCHDOG_COUNTER,46.9627
2025-01-01 22:13:00,TANK_PRESSURE,304.7119
2025-01-01 22:13:10,THRUSTER_VALVE_TEMP,21.1796
2025-01-01 22:13:20,BATT_VOLTAGE_1,28.7011
2025-01-01 22:13:30,BATT_VOLTAGE_2,28.2354
2025-01-01 22:13:40,BATT_CURRENT_1,3.2346
2025-01-01 22:13:50,BATT_CURRENT_2,2.1965
2025-01-01 22:14:00,BATT_TEMP_1,23.1986
2025-01-01 22:14:10,BATT_TEMP_2,24.2148
2025-01-01 22:14:20,BATT_SOC,70.4433
2025-01-01 22:14:30,SOLAR_PANEL_VOLT_A,30.2561
2025-01-01 22:14:40,SOLAR_PANEL_VOLT_B,30.1389
2025-01-01 22:14:50,SOLAR_PANEL_CURR_A,5.0082
2025-01-01 22:15:00,SOLAR_PANEL_CURR_B,4.2845
2025-01-01 22:15:10,SOLAR_POWER_TOTAL,113.0641
2025-01-01 22:15:20,BUS_VOLTAGE,28.0155
2025-01-01 22:15:30,BUS_CURRENT,7.5807
2025-01-01 22:15:40,THRUSTER_TEMP_1,20.1827
2025-01-01 22:15:50,THRUSTER_TEMP_2,22.9781
2025-01-01 22:16:00,PAYLOAD_TEMP_CAM,25.8655
2025-01-01 22:16:10,PAYLOAD_TEMP_SENSOR,21.9914
2025-01-01 22:16:20,OBC_TEMP,42.2438
2025-01-01 22:16:30,TRANS_TEMP,43.4598
2025-01-01 22:16:40,STRUCT_TEMP_PANEL_X,28.4158
2025-01-01 22:16:50,STRUCT_TEMP_PANEL_Y,28.1796
2025-01-01 22:17:00,STRUCT_TEMP_PANEL_Z,5.3024
2025-01-01 22:17:10,RADIATOR_TEMP,-8.7412
2025-01-01 22:17:20,GYRO_X,0.0312
2025-01-01 22:17:30,GYRO_Y,0.0373
2025-01-01 22:17:40,GYRO_Z,-0.0302
2025-01-01 22:17:50,MAGNETOMETER_X,24.9915
2025-01-01 22:18:00,MAGNETOMETER_Y,27.6135
2025-01-01 22:18:10,MAGNETOMETER_Z,6.5063
2025-01-01 22:18:20,REACTION_WHEEL_SPD_X,1345.3116
2025-01-01 22:18:30,REACTION_WHEEL_SPD_Y,1468.8791
2025-01-01 22:18:40,REACTION_WHEEL_SPD_Z,959.5699
2025-01-01 22:18:50,ATTITUDE_ROLL,0.1204
2025-01-01 22:19:00,ATTITUDE_PITCH,1.3599
2025-01-01 22:19:10,ATTITUDE_YAW,2.5179
2025-01-01 22:19:20,STAR_TRACKER_VALID,0.3555
2025-01-01 22:19:30,SUN_SENSOR_ANGLE,72.5399
2025-01-01 22:19:40,RF_SIGNAL_STRENGTH,-71.7716
2025-01-01 22:19:50,RF_NOISE_FLOOR,-88.2596
2025-01-01 22:20:00,TX_POWER,3.3191
2025-01-01 22:20:10,LINK_MARGIN,14.7998
2025-01-01 22:20:20,DATA_RATE_KBPS,121.0716
2025-01-01 22:20:30,PACKET_LOSS_RATE,0.826
2025-01-01 22:20:40,CPU_USAGE,46.43
2025-01-01 22:20:50,MEMORY_USAGE,60.5216
2025-01-01 22:21:00,FLASH_WRITE_RATE,3.5162
2025-01-01 22:21:10,WATCHDOG_COUNTER,40.1149
2025-01-01 22:21:20,TANK_PRESSURE,307.797
2025-01-01 22:21:30,THRUSTER_VALVE_TEMP,19.1934
2025-01-01 22:21:40,BATT_VOLTAGE_1,27.701
2025-01-01 22:21:50,BATT_VOLTAGE_2,28.5872
2025-01-01 22:22:00,BATT_CURRENT_1,3.1357
2025-01-01 22:22:10,BATT_CURRENT_2,2.698
2025-01-01 22:22:20,BATT_TEMP_1,29.3267
2025-01-01 22:22:30,BATT_TEMP_2,29.5285
2025-01-01 22:22:40,BATT_SOC,84.2686
2025-01-01 22:22:50,SOLAR_PANEL_VOLT_A,32.5582
2025-01-01 22:23:00,SOLAR_PANEL_VOLT_B,32.2472
2025-01-01 22:23:10,SOLAR_PANEL_CURR_A,6.5668
2025-01-01 22:23:20,SOLAR_PANEL_CURR_B,6.4688
2025-01-01 22:23:30,SOLAR_POWER_TOTAL,110.1756
2025-01-01 22:23:40,BUS_VOLTAGE,28.0522
2025-01-01 22:23:50,BUS_CURRENT,7.5157
2025-01-01 22:24:00,THRUSTER_TEMP_1,21.0595
2025-01-01 22:24:10,THRUSTER_TEMP_2,25.4638
2025-01-01 22:24:20,PAYLOAD_TEMP_CAM,25.189
2025-01-01 22:24:30,PAYLOAD_TEMP_SENSOR,26.0149
2025-01-01 22:24:40,OBC_TEMP,40.9092
2025-01-01 22:24:50,TRANS_TEMP,43.0491
2025-01-01 22:25:00,STRUCT_TEMP_PANEL_X,1.73
2025-01-01 22:25:10,STRUCT_TEMP_PANEL_Y,35.4106
2025-01-01 22:25:20,STRUCT_TEMP_PANEL_Z,24.5565
2025-01-01 22:25:30,RADIATOR_TEMP,0.5753
2025-01-01 22:25:40,GYRO_X,-0.0258
2025-01-01 22:25:50,GYRO_Y,0.0246
2025-01-01 22:26:00,GYRO_Z,0.0056
2025-01-01 22:26:10,MAGNETOMETER_X,-29.9867
2025-01-01 22:26:20,MAGNETOMETER_Y,30.1571
2025-01-01 22:26:30,MAGNETOMETER_Z,18.2157
2025-01-01 22:26:40,REACTION_WHEEL_SPD_X,-1394.0578
2025-01-01 22:26:50,REACTION_WHEEL_SPD_Y,1242.122
2025-01-01 22:27:00,REACTION_WHEEL_SPD_Z,471.6101
2025-01-01 22:27:10,ATTITUDE_ROLL,1.5068
2025-01-01 22:27:20,ATTITUDE_PITCH,1.2993
2025-01-01 22:27:30,ATTITUDE_YAW,-1.8099
2025-01-01 22:27:40,STAR_TRACKER_VALID,0.6141
2025-01-01 22:27:50,SUN_SENSOR_ANGLE,96.6619
2025-01-01 22:28:00,RF_SIGNAL_STRENGTH,-61.0159
2025-01-01 22:28:10,RF_NOISE_FLOOR,-102.0216
2025-01-01 22:28:20,TX_POWER,4.107
2025-01-01 22:28:30,LINK_MARGIN,11.0853
2025-01-01 22:28:40,DATA_RATE_KBPS,117.7291
2025-01-01 22:28:50,PACKET_LOSS_RATE,1.6503
2025-01-01 22:29:00,CPU_USAGE,38.3495
2025-01-01 22:29:10,MEMORY_USAGE,43.13
2025-01-01 22:29:20,FLASH_WRITE_RATE,2.0287
2025-01-01 22:29:30,WATCHDOG_COUNTER,54.3916
2025-01-01 22:29:40,TANK_PRESSURE,296.6405
2025-01-01 22:29:50,THRUSTER_VALVE_TEMP,14.766
2025-01-01 22:30:00,BATT_VOLTAGE_1,28.6829
2025-01-01 22:30:10,BATT_VOLTAGE_2,28.5036
2025-01-01 22:30:20,BATT_CURRENT_1,2.5767
2025-01-01 22:30:30,BATT_CURRENT_2,3.2298
2025-01-01 22:30:40,BATT_TEMP_1,28.132
2025-01-01 22:30:50,BATT_TEMP_2,29.1142
2025-01-01 22:31:00,BATT_SOC,85.1727
2025-01-01 22:31:10,SOLAR_PANEL_VOLT_A,30.1774
2025-01-01 22:31:20,SOLAR_PANEL_VOLT_B,31.5822
2025-01-01 22:31:30,SOLAR_PANEL_CURR_A,5.9511
2025-01-01 22:31:40,SOLAR_PANEL_CURR_B,7.0773
2025-01-01 22:31:50,SOLAR_POWER_TOTAL,104.3686
2025-01-01 22:32:00,BUS_VOLTAGE,28.6804
2025-01-01 22:32:10,BUS_CURRENT,10.5277
2025-01-01 22:32:20,THRUSTER_TEMP_1,26.3964
2025-01-01 22:32:30,THRUSTER_TEMP_2,24.4715
2025-01-01 22:32:40,PAYLOAD_TEMP_CAM,21.9941
2025-01-01 22:32:50,PAYLOAD_TEMP_SENSOR,23.3081
2025-01-01 22:33:00,OBC_TEMP,48.777
2025-01-01 22:33:10,TRANS_TEMP,41.0145
2025-01-01 22:33:20,STRUCT_TEMP_PANEL_X,27.3541
2025-01-01 22:33:30,STRUCT_TEMP_PANEL_Y,17.9527
2025-01-01 22:33:40,STRUCT_TEMP_PANEL_Z,37.6569
2025-01-01 22:33:50,RADIATOR_TEMP,-2.5846
2025-01-01 22:34:00,GYRO_X,0.0151
2025-01-01 22:34:10,GYRO_Y,0.005
2025-01-01 22:34:20,GYRO_Z,0.0264
2025-01-01 22:34:30,MAGNETOMETER_X,29.4271
2025-01-01 22:34:40,MAGNETOMETER_Y,36.5145
2025-01-01 22:34:50,MAGNETOMETER_Z,-1.9859
2025-01-01 22:35:00,REACTION_WHEEL_SPD_X,-779.9994
2025-01-01 22:35:10,REACTION_WHEEL_SPD_Y,-247.0082
2025-01-01 22:35:20,REACTION_WHEEL_SPD_Z,382.7482
2025-01-01 22:35:30,ATTITUDE_ROLL,1.5494
2025-01-01 22:35:40,ATTITUDE_PITCH,-0.6367
2025-01-01 22:35:50,ATTITUDE_YAW,1.4675
2025-01-01 22:36:00,STAR_TRACKER_VALID,0.2759
2025-01-01 22:36:10,SUN_SENSOR_ANGLE,73.3882
2025-01-01 22:36:20,RF_SIGNAL_STRENGTH,-58.2211
2025-01-01 22:36:30,RF_NOISE_FLOOR,-87.4694
2025-01-01 22:36:40,TX_POWER,2.8937
2025-01-01 22:36:50,LINK_MARGIN,20.3719
2025-01-01 22:37:00,DATA_RATE_KBPS,130.1979
2025-01-01 22:37:10,PACKET_LOSS_RATE,1.4982
2025-01-01 22:37:20,CPU_USAGE,40.8192
2025-01-01 22:37:30,MEMORY_USAGE,42.6305
2025-01-01 22:37:40,FLASH_WRITE_RATE,3.7535
2025-01-01 22:37:50,WATCHDOG_COUNTER,63.9104
2025-01-01 22:38:00,TANK_PRESSURE,302.4524
2025-01-01 22:38:10,THRUSTER_VALVE_TEMP,21.6811
2025-01-01 22:38:20,BATT_VOLTAGE_1,28.6198
2025-01-01 22:38:30,BATT_VOLTAGE_2,28.047
2025-01-01 22:38:40,BATT_CURRENT_1,2.0427
2025-01-01 22:38:50,BATT_CURRENT_2,3.2653
2025-01-01 22:39:00,BATT_TEMP_1,27.928
2025-01-01 22:39:10,BATT_TEMP_2,24.4034
2025-01-01 22:39:20,BATT_SOC,72.1355
2025-01-01 22:39:30,SOLAR_PANEL_VOLT_A,32.4193
2025-01-01 22:39:40,SOLAR_PANEL_VOLT_B,32.0109
2025-01-01 22:39:50,SOLAR_PANEL_CURR_A,5.2666
2025-01-01 22:40:00,SOLAR_PANEL_CURR_B,5.1802
2025-01-01 22:40:10,SOLAR_POWER_TOTAL,118.0942
2025-01-01 22:40:20,BUS_VOLTAGE,29.0196
2025-01-01 22:40:30,BUS_CURRENT,9.682
2025-01-01 22:40:40,THRUSTER_TEMP_1,25.743
2025-01-01 22:40:50,THRUSTER_TEMP_2,20.7802
2025-01-01 22:41:00,PAYLOAD_TEMP_CAM,23.2591
2025-01-01 22:41:10,PAYLOAD_TEMP_SENSOR,25.7862
2025-01-01 22:41:20,OBC_TEMP,36.4294
2025-01-01 22:41:30,TRANS_TEMP,39.627
2025-01-01 22:41:40,STRUCT_TEMP_PANEL_X,5.6337
2025-01-01 22:41:50,STRUCT_TEMP_PANEL_Y,33.8617
2025-01-01 22:42:00,STRUCT_TEMP_PANEL_Z,36.8695
2025-01-01 22:42:10,RADIATOR_TEMP,-14.6593
2025-01-01 22:42:20,GYRO_X,0.0362
2025-01-01 22:42:30,GYRO_Y,0.0243
2025-01-01 22:42:40,GYRO_Z,0.0144
2025-01-01 22:42:50,MAGNETOMETER_X,-9.6169
2025-01-01 22:43:00,MAGNETOMETER_Y,15.9905
2025-01-01 22:43:10,MAGNETOMETER_Z,21.0269
2025-01-01 22:43:20,REACTION_WHEEL_SPD_X,1304.365
2025-01-01 22:43:30,REACTION_WHEEL_SPD_Y,-611.1694
2025-01-01 22:43:40,REACTION_WHEEL_SPD_Z,1507.7742
2025-01-01 22:43:50,ATTITUDE_ROLL,-0.2246
2025-01-01 22:44:00,ATTITUDE_PITCH,1.1522
2025-01-01 22:44:10,ATTITUDE_YAW,1.8082
2025-01-01 22:44:20,STAR_TRACKER_VALID,0.7366
2025-01-01 22:44:30,SUN_SENSOR_ANGLE,134.265
2025-01-01 22:44:40,RF_SIGNAL_STRENGTH,-55.0956
2025-01-01 22:44:50,RF_NOISE_FLOOR,-92.8534
2025-01-01 22:45:00,TX_POWER,3.7321
2025-01-01 22:45:10,LINK_MARGIN,17.1565
2025-01-01 22:45:20,DATA_RATE_KBPS,94.6641
2025-01-01 22:45:30,PACKET_LOSS_RATE,0.9449
2025-01-01 22:45:40,CPU_USAGE,48.3127
2025-01-01 22:45:50,MEMORY_USAGE,61.9547
2025-01-01 22:46:00,FLASH_WRITE_RATE,3.8565
2025-01-01 22:46:10,WATCHDOG_COUNTER,79.5024
2025-01-01 22:46:20,TANK_PRESSURE,294.7267
2025-01-01 22:46:30,THRUSTER_VALVE_TEMP,19.7537
2025-01-01 22:46:40,BATT_VOLTAGE_1,27.7624
2025-01-01 22:46:50,BATT_VOLTAGE_2,28.7785
2025-01-01 22:47:00,BATT_CURRENT_1,3.1908
2025-01-01 22:47:10,BATT_CURRENT_2,3.2183
2025-01-01 22:47:20,BATT_TEMP_1,26.1702
2025-01-01 22:47:30,BATT_TEMP_2,27.6214
2025-01-01 22:47:40,BATT_SOC,89.6622
2025-01-01 22:47:50,SOLAR_PANEL_VOLT_A,32.5545
2025-01-01 22:48:00,SOLAR_PANEL_VOLT_B,30.3757
2025-01-01 22:48:10,SOLAR_PANEL_CURR_A,4.8641
2025-01-01 22:48:20,SOLAR_PANEL_CURR_B,4.6942
2025-01-01 22:48:30,SOLAR_POWER_TOTAL,96.04
2025-01-01 22:48:40,BUS_VOLTAGE,28.7278
2025-01-01 22:48:50,BUS_CURRENT,9.4802
2025-01-01 22:49:00,THRUSTER_TEMP_1,23.9545
2025-01-01 22:49:10,THRUSTER_TEMP_2,23.7447
2025-01-01 22:49:20,PAYLOAD_TEMP_CAM,25.023
2025-01-01 22:49:30,PAYLOAD_TEMP_SENSOR,25.0082
2025-01-01 22:49:40,OBC_TEMP,42.117
2025-01-01 22:49:50,TRANS_TEMP,43.9357
2025-01-01 22:50:00,STRUCT_TEMP_PANEL_X,3.7989
2025-01-01 22:50:10,STRUCT_TEMP_PANEL_Y,32.1339
2025-01-01 22:50:20,STRUCT_TEMP_PANEL_Z,37.1933
2025-01-01 22:50:30,RADIATOR_TEMP,-1.4219
2025-01-01 22:50:40,GYRO_X,0.0395
2025-01-01 22:50:50,GYRO_Y,-0.0234
2025-01-01 22:51:00,GYRO_Z,-0.0136
2025-01-01 22:51:10,MAGNETOMETER_X,12.6478
2025-01-01 22:51:20,MAGNETOMETER_Y,31.5291
2025-01-01 22:51:30,MAGNETOMETER_Z,33.9782
2025-01-01 22:51:40,REACTION_WHEEL_SPD_X,636.5976
2025-01-01 22:51:50,REACTION_WHEEL_SPD_Y,-121.9072
2025-01-01 22:52:00,REACTION_WHEEL_SPD_Z,1488.7094
2025-01-01 22:52:10,ATTITUDE_ROLL,-0.7022
2025-01-01 22:52:20,ATTITUDE_PITCH,0.9831
2025-01-01 22:52:30,ATTITUDE_YAW,2.2127
2025-01-01 22:52:40,STAR_TRACKER_VALID,0.225
2025-01-01 22:52:50,SUN_SENSOR_ANGLE,64.7995
2025-01-01 22:53:00,RF_SIGNAL_STRENGTH,-56.4036
2025-01-01 22:53:10,RF_NOISE_FLOOR,-97.6315
2025-01-01 22:53:20,TX_POWER,3.607
2025-01-01 22:53:30,LINK_MARGIN,13.4653
2025-01-01 22:53:40,DATA_RATE_KBPS,165.5844
2025-01-01 22:53:50,PACKET_LOSS_RATE,1.079
2025-01-01 22:54:00,CPU_USAGE,46.7471
2025-01-01 22:54:10,MEMORY_USAGE,65.5236
2025-01-01 22:54:20,FLASH_WRITE_RATE,3.3301
2025-01-01 22:54:30,WATCHDOG_COUNTER,76.3814
2025-01-01 22:54:40,TANK_PRESSURE,296.6685
2025-01-01 22:54:50,THRUSTER_VALVE_TEMP,21.5894
2025-01-01 22:55:00,BATT_VOLTAGE_1,28.3437
2025-01-01 22:55:10,BATT_VOLTAGE_2,28.6468
2025-01-01 22:55:20,BATT_CURRENT_1,2.2863
2025-01-01 22:55:30,BATT_CURRENT_2,3.064
2025-01-01 22:55:40,BATT_TEMP_1,31.0697
2025-01-01 22:55:50,BATT_TEMP_2,30.539
2025-01-01 22:56:00,BATT_SOC,89.9855
2025-01-01 22:56:10,SOLAR_PANEL_VOLT_A,32.5991
2025-01-01 22:56:20,SOLAR_PANEL_VOLT_B,30.9962
2025-01-01 22:56:30,SOLAR_PANEL_CURR_A,6.6469
2025-01-01 22:56:40,SOLAR_PANEL_CURR_B,6.7239
2025-01-01 22:56:50,SOLAR_POWER_TOTAL,119.0774
2025-01-01 22:57:00,BUS_VOLTAGE,28.3513
2025-01-01 22:57:10,BUS_CURRENT,6.998
2025-01-01 22:57:20,THRUSTER_TEMP_1,21.3132
2025-01-01 22:57:30,THRUSTER_TEMP_2,19.6645
2025-01-01 22:57:40,PAYLOAD_TEMP_CAM,25.1859
2025-01-01 22:57:50,PAYLOAD_TEMP_SENSOR,24.7803
2025-01-01 22:58:00,OBC_TEMP,49.3872
2025-01-01 22:58:10,TRANS_TEMP,44.6011
2025-01-01 22:58:20,STRUCT_TEMP_PANEL_X,36.8683
2025-01-01 22:58:30,STRUCT_TEMP_PANEL_Y,29.126
2025-01-01 22:58:40,STRUCT_TEMP_PANEL_Z,17.0754
2025-01-01 22:58:50,RADIATOR_TEMP,1.4663
2025-01-01 22:59:00,GYRO_X,-0.0291
2025-01-01 22:59:10,GYRO_Y,-0.0126
2025-01-01 22:59:20,GYRO_Z,0.0507
2025-01-01 22:59:30,MAGNETOMETER_X,33.98
2025-01-01 22:59:40,MAGNETOMETER_Y,29.6016
2025-01-01 22:59:50,MAGNETOMETER_Z,26.4352
2025-01-01 23:00:00,REACTION_WHEEL_SPD_X,852.9909
2025-01-01 23:00:10,REACTION_WHEEL_SPD_Y,1252.862
2025-01-01 23:00:20,REACTION_WHEEL_SPD_Z,-1211.9893
2025-01-01 23:00:30,ATTITUDE_ROLL,0.8878
2025-01-01 23:00:40,ATTITUDE_PITCH,-1.0606
2025-01-01 23:00:50,ATTITUDE_YAW,-1.4385
2025-01-01 23:01:00,STAR_TRACKER_VALID,0.4017
2025-01-01 23:01:10,SUN_SENSOR_ANGLE,90.2265
2025-01-01 23:01:20,RF_SIGNAL_STRENGTH,-53.1966
2025-01-01 23:01:30,RF_NOISE_FLOOR,-96.7167
2025-01-01 23:01:40,TX_POWER,3.8541
2025-01-01 23:01:50,LINK_MARGIN,20.7711
2025-01-01 23:02:00,DATA_RATE_KBPS,159.0424
2025-01-01 23:02:10,PACKET_LOSS_RATE,1.1404
2025-01-01 23:02:20,CPU_USAGE,37.2038
2025-01-01 23:02:30,MEMORY_USAGE,62.8216
2025-01-01 23:02:40,FLASH_WRITE_RATE,3.3297
2025-01-01 23:02:50,WATCHDOG_COUNTER,61.157
2025-01-01 23:03:00,TANK_PRESSURE,301.8149
2025-01-01 23:03:10,THRUSTER_VALVE_TEMP,19.0897
2025-01-01 23:03:20,BATT_VOLTAGE_1,27.5132
2025-01-01 23:03:30,BATT_VOLTAGE_2,28.7075
2025-01-01 23:03:40,BATT_CURRENT_1,2.862
2025-01-01 23:03:50,BATT_CURRENT_2,2.7895
2025-01-01 23:04:00,BATT_TEMP_1,30.4712
2025-01-01 23:04:10,BATT_TEMP_2,28.1167
2025-01-01 23:04:20,BATT_SOC,80.4572
2025-01-01 23:04:30,SOLAR_PANEL_VOLT_A,32.6517
2025-01-01 23:04:40,SOLAR_PANEL_VOLT_B,31.5939
2025-01-01 23:04:50,SOLAR_PANEL_CURR_A,4.4153
2025-01-01 23:05:00,SOLAR_PANEL_CURR_B,5.4202
2025-01-01 23:05:10,SOLAR_POWER_TOTAL,109.3144
2025-01-01 23:05:20,BUS_VOLTAGE,27.9803
2025-01-01 23:05:30,BUS_CURRENT,10.6831
2025-01-01 23:05:40,THRUSTER_TEMP_1,23.7564
2025-01-01 23:05:50,THRUSTER_TEMP_2,26.5706
2025-01-01 23:06:00,PAYLOAD_TEMP_CAM,26.0983
2025-01-01 23:06:10,PAYLOAD_TEMP_SENSOR,21.0571
2025-01-01 23:06:20,OBC_TEMP,43.8476
2025-01-01 23:06:30,TRANS_TEMP,43.74
2025-01-01 23:06:40,STRUCT_TEMP_PANEL_X,9.9321
2025-01-01 23:06:50,STRUCT_TEMP_PANEL_Y,31.359
2025-01-01 23:07:00,STRUCT_TEMP_PANEL_Z,31.046
2025-01-01 23:07:10,RADIATOR_TEMP,1.1702
2025-01-01 23:07:20,GYRO_X,0.0089
2025-01-01 23:07:30,GYRO_Y,0.0476
2025-01-01 23:07:40,GYRO_Z,0.035
2025-01-01 23:07:50,MAGNETOMETER_X,-17.4919
2025-01-01 23:08:00,MAGNETOMETER_Y,8.1206
2025-01-01 23:08:10,MAGNETOMETER_Z,6.377
2025-01-01 23:08:20,REACTION_WHEEL_SPD_X,947.7704
2025-01-01 23:08:30,REACTION_WHEEL_SPD_Y,1112.6169
2025-01-01 23:08:40,REACTION_WHEEL_SPD_Z,191.4666
2025-01-01 23:08:50,ATTITUDE_ROLL,1.5972
2025-01-01 23:09:00,ATTITUDE_PITCH,-0.2949
2025-01-01 23:09:10,ATTITUDE_YAW,0.369
2025-01-01 23:09:20,STAR_TRACKER_VALID,0.7511
2025-01-01 23:09:30,SUN_SENSOR_ANGLE,67.2092
2025-01-01 23:09:40,RF_SIGNAL_STRENGTH,-62.3423
2025-01-01 23:09:50,RF_NOISE_FLOOR,-102.2775
2025-01-01 23:10:00,TX_POWER,4.1683
2025-01-01 23:10:10,LINK_MARGIN,11.3032
2025-01-01 23:10:20,DATA_RATE_KBPS,108.887
2025-01-01 23:10:30,PACKET_LOSS_RATE,1.383
2025-01-01 23:10:40,CPU_USAGE,37.3858
2025-01-01 23:10:50,MEMORY_USAGE,56.1126
2025-01-01 23:11:00,FLASH_WRITE_RATE,3.5214
2025-01-01 23:11:10,WATCHDOG_COUNTER,37.7133
2025-01-01 23:11:20,TANK_PRESSURE,308.447
2025-01-01 23:11:30,THRUSTER_VALVE_TEMP,15.6936
2025-01-01 23:11:40,BATT_VOLTAGE_1,27.3175
2025-01-01 23:11:50,BATT_VOLTAGE_2,27.3691
2025-01-01 23:12:00,BATT_CURRENT_1,2.0355
2025-01-01 23:12:10,BATT_CURRENT_2,3.3169
2025-01-01 23:12:20,BATT_TEMP_1,24.4232
2025-01-01 23:12:30,BATT_TEMP_2,29.447
2025-01-01 23:12:40,BATT_SOC,75.3704
2025-01-01 23:12:50,SOLAR_PANEL_VOLT_A,31.0483
2025-01-01 23:13:00,SOLAR_PANEL_VOLT_B,31.3795
2025-01-01 23:13:10,SOLAR_PANEL_CURR_A,6.1952
2025-01-01 23:13:20,SOLAR_PANEL_CURR_B,6.4912
2025-01-01 23:13:30,SOLAR_POWER_TOTAL,110.7182
2025-01-01 23:13:40,BUS_VOLTAGE,28.7392
2025-01-01 23:13:50,BUS_CURRENT,8.8311
2025-01-01 23:14:00,THRUSTER_TEMP_1,22.9366
2025-01-01 23:14:10,THRUSTER_TEMP_2,19.0503
2025-01-01 23:14:20,PAYLOAD_TEMP_CAM,25.2403
2025-01-01 23:14:30,PAYLOAD_TEMP_SENSOR,25.4341
2025-01-01 23:14:40,OBC_TEMP,48.265
2025-01-01 23:14:50,TRANS_TEMP,44.4478
2025-01-01 23:15:00,STRUCT_TEMP_PANEL_X,33.1416
2025-01-01 23:15:10,STRUCT_TEMP_PANEL_Y,13.5494
2025-01-01 23:15:20,STRUCT_TEMP_PANEL_Z,8.223
2025-01-01 23:15:30,RADIATOR_TEMP,-18.0862
2025-01-01 23:15:40,GYRO_X,-0.0317
2025-01-01 23:15:50,GYRO_Y,0.0131
2025-01-01 23:16:00,GYRO_Z,0.0164
2025-01-01 23:16:10,MAGNETOMETER_X,-18.0199
2025-01-01 23:16:20,MAGNETOMETER_Y,-19.3907
2025-01-01 23:16:30,MAGNETOMETER_Z,35.1734
2025-01-01 23:16:40,REACTION_WHEEL_SPD_X,-695.5046
2025-01-01 23:16:50,REACTION_WHEEL_SPD_Y,1528.9112
2025-01-01 23:17:00,REACTION_WHEEL_SPD_Z,1400.0315
2025-01-01 23:17:10,ATTITUDE_ROLL,-0.3914
2025-01-01 23:17:20,ATTITUDE_PITCH,1.2773
2025-01-01 23:17:30,ATTITUDE_YAW,1.4571
2025-01-01 23:17:40,STAR_TRACKER_VALID,0.3678
2025-01-01 23:17:50,SUN_SENSOR_ANGLE,69.7209
2025-01-01 23:18:00,RF_SIGNAL_STRENGTH,-58.2407
2025-01-01 23:18:10,RF_NOISE_FLOOR,-98.2881
2025-01-01 23:18:20,TX_POWER,3.1029
2025-01-01 23:18:30,LINK_MARGIN,17.8513
2025-01-01 23:18:40,DATA_RATE_KBPS,139.595
2025-01-01 23:18:50,PACKET_LOSS_RATE,1.1126
2025-01-01 23:19:00,CPU_USAGE,33.6878
2025-01-01 23:19:10,MEMORY_USAGE,61.3963
2025-01-01 23:19:20,FLASH_WRITE_RATE,2.0104
2025-01-01 23:19:30,WATCHDOG_COUNTER,60.1682
2025-01-01 23:19:40,TANK_PRESSURE,307.0964
2025-01-01 23:19:50,THRUSTER_VALVE_TEMP,20.1753
2025-01-01 23:20:00,BATT_VOLTAGE_1,27.96
2025-01-01 23:20:10,BATT_VOLTAGE_2,28.7184
2025-01-01 23:20:20,BATT_CURRENT_1,2.5137
2025-01-01 23:20:30,BATT_CURRENT_2,3.151
2025-01-01 23:20:40,BATT_TEMP_1,21.6669
2025-01-01 23:20:50,BATT_TEMP_2,29.1663
2025-01-01 23:21:00,BATT_SOC,75.6474
2025-01-01 23:21:10,SOLAR_PANEL_VOLT_A,32.6174
2025-01-01 23:21:20,SOLAR_PANEL_VOLT_B,29.8697
2025-01-01 23:21:30,SOLAR_PANEL_CURR_A,4.829
2025-01-01 23:21:40,SOLAR_PANEL_CURR_B,4.9344
2025-01-01 23:21:50,SOLAR_POWER_TOTAL,107.7326
2025-01-01 23:22:00,BUS_VOLTAGE,28.8561
2025-01-01 23:22:10,BUS_CURRENT,10.1606
2025-01-01 23:22:20,THRUSTER_TEMP_1,19.1079
2025-01-01 23:22:30,THRUSTER_TEMP_2,26.1335
2025-01-01 23:22:40,PAYLOAD_TEMP_CAM,25.3353
2025-01-01 23:22:50,PAYLOAD_TEMP_SENSOR,24.195
2025-01-01 23:23:00,OBC_TEMP,40.3778
2025-01-01 23:23:10,TRANS_TEMP,30.6226
2025-01-01 23:23:20,STRUCT_TEMP_PANEL_X,37.2969
2025-01-01 23:23:30,STRUCT_TEMP_PANEL_Y,18.3333
2025-01-01 23:23:40,STRUCT_TEMP_PANEL_Z,35.9509
2025-01-01 23:23:50,RADIATOR_TEMP,-1.8464
2025-01-01 23:24:00,GYRO_X,-0.0077
2025-01-01 23:24:10,GYRO_Y,0.0407
2025-01-01 23:24:20,GYRO_Z,0.032
2025-01-01 23:24:30,MAGNETOMETER_X,20.6029
2025-01-01 23:24:40,MAGNETOMETER_Y,-10.2559
2025-01-01 23:24:50,MAGNETOMETER_Z,-22.5726
2025-01-01 23:25:00,REACTION_WHEEL_SPD_X,-983.3877
2025-01-01 23:25:10,REACTION_WHEEL_SPD_Y,-1218.5408
2025-01-01 23:25:20,REACTION_WHEEL_SPD_Z,521.811
2025-01-01 23:25:30,ATTITUDE_ROLL,1.4245
2025-01-01 23:25:40,ATTITUDE_PITCH,-0.968
2025-01-01 23:25:50,ATTITUDE_YAW,0.0245
2025-01-01 23:26:00,STAR_TRACKER_VALID,0.6957
2025-01-01 23:26:10,SUN_SENSOR_ANGLE,58.492
2025-01-01 23:26:20,RF_SIGNAL_STRENGTH,-68.2574
2025-01-01 23:26:30,RF_NOISE_FLOOR,-92.4485
2025-01-01 23:26:40,TX_POWER,2.455
2025-01-01 23:26:50,LINK_MARGIN,14.1571
2025-01-01 23:27:00,DATA_RATE_KBPS,137.4307
2025-01-01 23:27:10,PACKET_LOSS_RATE,1.2928
2025-01-01 23:27:20,CPU_USAGE,43.2125
2025-01-01 23:27:30,MEMORY_USAGE,44.4124
2025-01-01 23:27:40,FLASH_WRITE_RATE,3.5647
2025-01-01 23:27:50,WATCHDOG_COUNTER,59.3361
2025-01-01 23:28:00,TANK_PRESSURE,298.4288
2025-01-01 23:28:10,THRUSTER_VALVE_TEMP,17.9774
2025-01-01 23:28:20,BATT_VOLTAGE_1,28.7112
2025-01-01 23:28:30,BATT_VOLTAGE_2,28.5065
2025-01-01 23:28:40,BATT_CURRENT_1,2.2801
2025-01-01 23:28:50,BATT_CURRENT_2,3.3915
2025-01-01 23:29:00,BATT_TEMP_1,27.3138
2025-01-01 23:29:10,BATT_TEMP_2,26.0224
2025-01-01 23:29:20,BATT_SOC,88.4512
2025-01-01 23:29:30,SOLAR_PANEL_VOLT_A,31.4786
2025-01-01 23:29:40,SOLAR_PANEL_VOLT_B,31.5218
2025-01-01 23:29:50,SOLAR_PANEL_CURR_A,6.6577
2025-01-01 23:30:00,SOLAR_PANEL_CURR_B,6.8221
2025-01-01 23:30:10,SOLAR_POWER_TOTAL,104.7909
2025-01-01 23:30:20,BUS_VOLTAGE,29.0621
2025-01-01 23:30:30,BUS_CURRENT,10.1952
2025-01-01 23:30:40,THRUSTER_TEMP_1,26.2449
2025-01-01 23:30:50,THRUSTER_TEMP_2,24.6206
2025-01-01 23:31:00,PAYLOAD_TEMP_CAM,23.3678
2025-01-01 23:31:10,PAYLOAD_TEMP_SENSOR,25.6575
2025-01-01 23:31:20,OBC_TEMP,48.5407
2025-01-01 23:31:30,TRANS_TEMP,40.9533
2025-01-01 23:31:40,STRUCT_TEMP_PANEL_X,23.2039
2025-01-01 23:31:50,STRUCT_TEMP_PANEL_Y,31.097
2025-01-01 23:32:00,STRUCT_TEMP_PANEL_Z,13.3142
2025-01-01 23:32:10,RADIATOR_TEMP,-3.8213
2025-01-01 23:32:20,GYRO_X,-0.0324
2025-01-01 23:32:30,GYRO_Y,0.0362
2025-01-01 23:32:40,GYRO_Z,0.0062
2025-01-01 23:32:50,MAGNETOMETER_X,-1.3034
2025-01-01 23:33:00,MAGNETOMETER_Y,-17.5649
2025-01-01 23:33:10,MAGNETOMETER_Z,33.6783
2025-01-01 23:33:20,REACTION_WHEEL_SPD_X,1404.5399
2025-01-01 23:33:30,REACTION_WHEEL_SPD_Y,1419.7661
2025-01-01 23:33:40,REACTION_WHEEL_SPD_Z,1424.1535
2025-01-01 23:33:50,ATTITUDE_ROLL,1.3038
2025-01-01 23:34:00,ATTITUDE_PITCH,1.3542
2025-01-01 23:34:10,ATTITUDE_YAW,2.4424
2025-01-01 23:34:20,STAR_TRACKER_VALID,0.4905
2025-01-01 23:34:30,SUN_SENSOR_ANGLE,132.7692
2025-01-01 23:34:40,RF_SIGNAL_STRENGTH,-70.625
2025-01-01 23:34:50,RF_NOISE_FLOOR,-88.0186
2025-01-01 23:35:00,TX_POWER,3.9304
2025-01-01 23:35:10,LINK_MARGIN,12.4374
2025-01-01 23:35:20,DATA_RATE_KBPS,101.7631
2025-01-01 23:35:30,PACKET_LOSS_RATE,1.5297
2025-01-01 23:35:40,CPU_USAGE,37.4086
2025-01-01 23:35:50,MEMORY_USAGE,44.6588
2025-01-01 23:36:00,FLASH_WRITE_RATE,3.7267
2025-01-01 23:36:10,WATCHDOG_COUNTER,74.4304
2025-01-01 23:36:20,TANK_PRESSURE,302.4981
2025-01-01 23:36:30,THRUSTER_VALVE_TEMP,20.6384
2025-01-01 23:36:40,BATT_VOLTAGE_1,28.5494
2025-01-01 23:36:50,BATT_VOLTAGE_2,28.8096
2025-01-01 23:37:00,BATT_CURRENT_1,3.2218
2025-01-01 23:37:10,BATT_CURRENT_2,3.2405
2025-01-01 23:37:20,BATT_TEMP_1,25.0865
2025-01-01 23:37:30,BATT_TEMP_2,27.4692
2025-01-01 23:37:40,BATT_SOC,88.9339
2025-01-01 23:37:50,SOLAR_PANEL_VOLT_A,32.3159
2025-01-01 23:38:00,SOLAR_PANEL_VOLT_B,32.5443
2025-01-01 23:38:10,SOLAR_PANEL_CURR_A,6.835
2025-01-01 23:38:20,SOLAR_PANEL_CURR_B,5.9869
2025-01-01 23:38:30,SOLAR_POWER_TOTAL,110.8019
2025-01-01 23:38:40,BUS_VOLTAGE,28.954
2025-01-01 23:38:50,BUS_CURRENT,8.5615
2025-01-01 23:39:00,THRUSTER_TEMP_1,20.8339
2025-01-01 23:39:10,THRUSTER_TEMP_2,21.908
2025-01-01 23:39:20,PAYLOAD_TEMP_CAM,24.8892
2025-01-01 23:39:30,PAYLOAD_TEMP_SENSOR,23.2873
2025-01-01 23:39:40,OBC_TEMP,45.0913
2025-01-01 23:39:50,TRANS_TEMP,42.7975
2025-01-01 23:40:00,STRUCT_TEMP_PANEL_X,16.1094
2025-01-01 23:40:10,STRUCT_TEMP_PANEL_Y,30.8982
2025-01-01 23:40:20,STRUCT_TEMP_PANEL_Z,34.4766
2025-01-01 23:40:30,RADIATOR_TEMP,-6.8523
2025-01-01 23:40:40,GYRO_X,-0.0445
2025-01-01 23:40:50,GYRO_Y,0.0312
2025-01-01 23:41:00,GYRO_Z,0.0344
2025-01-01 23:41:10,MAGNETOMETER_X,10.659
2025-01-01 23:41:20,MAGNETOMETER_Y,13.0453
2025-01-01 23:41:30,MAGNETOMETER_Z,-15.1709
2025-01-01 23:41:40,REACTION_WHEEL_SPD_X,1457.0576
2025-01-01 23:41:50,REACTION_WHEEL_SPD_Y,1422.5525
2025-01-01 23:42:00,REACTION_WHEEL_SPD_Z,-767.4751
2025-01-01 23:42:10,ATTITUDE_ROLL,0.4492
2025-01-01 23:42:20,ATTITUDE_PITCH,1.0347
2025-01-01 23:42:30,ATTITUDE_YAW,-0.1719
2025-01-01 23:42:40,STAR_TRACKER_VALID,0.5308
2025-01-01 23:42:50,SUN_SENSOR_ANGLE,118.6153
2025-01-01 23:43:00,RF_SIGNAL_STRENGTH,-57.7521
2025-01-01 23:43:10,RF_NOISE_FLOOR,-100.7298
2025-01-01 23:43:20,TX_POWER,2.8298
2025-01-01 23:43:30,LINK_MARGIN,19.4601
2025-01-01 23:43:40,DATA_RATE_KBPS,167.7495
2025-01-01 23:43:50,PACKET_LOSS_RATE,1.0118
2025-01-01 23:44:00,CPU_USAGE,43.8077
2025-01-01 23:44:10,MEMORY_USAGE,53.5702
2025-01-01 23:44:20,FLASH_WRITE_RATE,1.532
2025-01-01 23:44:30,WATCHDOG_COUNTER,29.7931
2025-01-01 23:44:40,TANK_PRESSURE,295.1897
2025-01-01 23:44:50,THRUSTER_VALVE_TEMP,16.1451
2025-01-01 23:45:00,BATT_VOLTAGE_1,28.6798
2025-01-01 23:45:10,BATT_VOLTAGE_2,27.7229
2025-01-01 23:45:20,BATT_CURRENT_1,3.0722
2025-01-01 23:45:30,BATT_CURRENT_2,2.1906
2025-01-01 23:45:40,BATT_TEMP_1,29.6215
2025-01-01 23:45:50,BATT_TEMP_2,30.218
2025-01-01 23:46:00,BATT_SOC,79.4
2025-01-01 23:46:10,SOLAR_PANEL_VOLT_A,31.2135
2025-01-01 23:46:20,SOLAR_PANEL_VOLT_B,31.4168
2025-01-01 23:46:30,SOLAR_PANEL_CURR_A,5.775
2025-01-01 23:46:40,SOLAR_PANEL_CURR_B,6.8256
2025-01-01 23:46:50,SOLAR_POWER_TOTAL,118.5109
2025-01-01 23:47:00,BUS_VOLTAGE,29.0498
2025-01-01 23:47:10,BUS_CURRENT,10.2459
2025-01-01 23:47:20,THRUSTER_TEMP_1,24.7504
2025-01-01 23:47:30,THRUSTER_TEMP_2,25.7451
2025-01-01 23:47:40,PAYLOAD_TEMP_CAM,25.2794
2025-01-01 23:47:50,PAYLOAD_TEMP_SENSOR,24.7684
2025-01-01 23:48:00,OBC_TEMP,48.1216
2025-01-01 23:48:10,TRANS_TEMP,42.3605
2025-01-01 23:48:20,STRUCT_TEMP_PANEL_X,2.8391
2025-01-01 23:48:30,STRUCT_TEMP_PANEL_Y,39.6471
2025-01-01 23:48:40,STRUCT_TEMP_PANEL_Z,17.6164
2025-01-01 23:48:50,RADIATOR_TEMP,-12.594
2025-01-01 23:49:00,GYRO_X,0.0342
2025-01-01 23:49:10,GYRO_Y,0.0085
2025-01-01 23:49:20,GYRO_Z,0.0415
2025-01-01 23:49:30,MAGNETOMETER_X,-15.7606
2025-01-01 23:49:40,MAGNETOMETER_Y,32.213
2025-01-01 23:49:50,MAGNETOMETER_Z,18.0316
2025-01-01 23:50:00,REACTION_WHEEL_SPD_X,1463.0872
2025-01-01 23:50:10,REACTION_WHEEL_SPD_Y,214.8905
2025-01-01 23:50:20,REACTION_WHEEL_SPD_Z,183.8922
2025-01-01 23:50:30,ATTITUDE_ROLL,1.1703
2025-01-01 23:50:40,ATTITUDE_PITCH,0.2979
2025-01-01 23:50:50,ATTITUDE_YAW,2.1473
2025-01-01 23:51:00,STAR_TRACKER_VALID,0.7067
2025-01-01 23:51:10,SUN_SENSOR_ANGLE,75.7222
2025-01-01 23:51:20,RF_SIGNAL_STRENGTH,-57.6392
2025-01-01 23:51:30,RF_NOISE_FLOOR,-97.041
2025-01-01 23:51:40,TX_POWER,4.2457
2025-01-01 23:51:50,LINK_MARGIN,18.2952
2025-01-01 23:52:00,DATA_RATE_KBPS,107.8468
2025-01-01 23:52:10,PACKET_LOSS_RATE,1.5053
2025-01-01 23:52:20,CPU_USAGE,46.5289
2025-01-01 23:52:30,MEMORY_USAGE,49.6653
2025-01-01 23:52:40,FLASH_WRITE_RATE,2.0109
2025-01-01 23:52:50,WATCHDOG_COUNTER,62.2642
2025-01-01 23:53:00,TANK_PRESSURE,310.4031
2025-01-01 23:53:10,THRUSTER_VALVE_TEMP,20.8085
2025-01-01 23:53:20,BATT_VOLTAGE_1,27.8323
2025-01-01 23:53:30,BATT_VOLTAGE_2,28.6444
2025-01-01 23:53:40,BATT_CURRENT_1,3.1738
2025-01-01 23:53:50,BATT_CURRENT_2,2.704
2025-01-01 23:54:00,BATT_TEMP_1,29.3377
2025-01-01 23:54:10,BATT_TEMP_2,22.1554
2025-01-01 23:54:20,BATT_SOC,74.9251
2025-01-01 23:54:30,SOLAR_PANEL_VOLT_A,30.3391
2025-01-01 23:54:40,SOLAR_PANEL_VOLT_B,32.505
2025-01-01 23:54:50,SOLAR_PANEL_CURR_A,6.6171
2025-01-01 23:55:00,SOLAR_PANEL_CURR_B,6.3868
2025-01-01 23:55:10,SOLAR_POWER_TOTAL,117.8569
2025-01-01 23:55:20,BUS_VOLTAGE,28.2883
2025-01-01 23:55:30,BUS_CURRENT,9.996
2025-01-01 23:55:40,THRUSTER_TEMP_1,25.5015
2025-01-01 23:55:50,THRUSTER_TEMP_2,21.6001
2025-01-01 23:56:00,PAYLOAD_TEMP_CAM,24.2477
2025-01-01 23:56:10,PAYLOAD_TEMP_SENSOR,25.1633
2025-01-01 23:56:20,OBC_TEMP,40.6155
2025-01-01 23:56:30,TRANS_TEMP,35.5244
2025-01-01 23:56:40,STRUCT_TEMP_PANEL_X,18.6915
2025-01-01 23:56:50,STRUCT_TEMP_PANEL_Y,31.4459
2025-01-01 23:57:00,STRUCT_TEMP_PANEL_Z,35.1715
2025-01-01 23:57:10,RADIATOR_TEMP,-12.0515
2025-01-01 23:57:20,GYRO_X,0.0152
2025-01-01 23:57:30,GYRO_Y,-0.0052
2025-01-01 23:57:40,GYRO_Z,0.0258
2025-01-01 23:57:50,MAGNETOMETER_X,37.9081
2025-01-01 23:58:00,MAGNETOMETER_Y,30.8936
2025-01-01 23:58:10,MAGNETOMETER_Z,-17.6655
2025-01-01 23:58:20,REACTION_WHEEL_SPD_X,-792.6597
2025-01-01 23:58:30,REACTION_WHEEL_SPD_Y,953.0466
2025-01-01 23:58:40,REACTION_WHEEL_SPD_Z,880.4991
2025-01-01 23:58:50,ATTITUDE_ROLL,1.4407
2025-01-01 23:59:00,ATTITUDE_PITCH,1.7171
2025-01-01 23:59:10,ATTITUDE_YAW,2.6298
2025-01-01 23:59:20,STAR_TRACKER_VALID,0.5158
2025-01-01 23:59:30,SUN_SENSOR_ANGLE,118.6201
2025-01-01 23:59:40,RF_SIGNAL_STRENGTH,-71.0445
2025-01-01 23:59:50,RF_NOISE_FLOOR,-90.0418
2025-01-02 00:00:00,TX_POWER,1.9769
2025-01-02 00:00:10,LINK_MARGIN,17.2786
2025-01-02 00:00:20,DATA_RATE_KBPS,158.0824
2025-01-02 00:00:30,PACKET_LOSS_RATE,0.6857
2025-01-02 00:00:40,CPU_USAGE,29.9743
2025-01-02 00:00:50,MEMORY_USAGE,48.9437
2025-01-02 00:01:00,FLASH_WRITE_RATE,3.4347
2025-01-02 00:01:10,WATCHDOG_COUNTER,74.897
2025-01-02 00:01:20,TANK_PRESSURE,306.355
2025-01-02 00:01:30,THRUSTER_VALVE_TEMP,20.5837
2025-01-02 00:01:40,BATT_VOLTAGE_1,28.3654
2025-01-02 00:01:50,BATT_VOLTAGE_2,28.2746
2025-01-02 00:02:00,BATT_CURRENT_1,1.8398
2025-01-02 00:02:10,BATT_CURRENT_2,2.2358
2025-01-02 00:02:20,BATT_TEMP_1,28.0563
2025-01-02 00:02:30,BATT_TEMP_2,23.9887
2025-01-02 00:02:40,BATT_SOC,83.8415
2025-01-02 00:02:50,SOLAR_PANEL_VOLT_A,32.3567
2025-01-02 00:03:00,SOLAR_PANEL_VOLT_B,30.3487
2025-01-02 00:03:10,SOLAR_PANEL_CURR_A,6.6535
2025-01-02 00:03:20,SOLAR_PANEL_CURR_B,5.918
2025-01-02 00:03:30,SOLAR_POWER_TOTAL,110.9297
2025-01-02 00:03:40,BUS_VOLTAGE,28.9541
2025-01-02 00:03:50,BUS_CURRENT,9.376
2025-01-02 00:04:00,THRUSTER_TEMP_1,24.5493
2025-01-02 00:04:10,THRUSTER_TEMP_2,23.2399
2025-01-02 00:04:20,PAYLOAD_TEMP_CAM,25.5627
2025-01-02 00:04:30,PAYLOAD_TEMP_SENSOR,25.5808
2025-01-02 00:04:40,OBC_TEMP,47.8597
2025-01-02 00:04:50,TRANS_TEMP,35.5238
2025-01-02 00:05:00,STRUCT_TEMP_PANEL_X,11.3516
2025-01-02 00:05:10,STRUCT_TEMP_PANEL_Y,26.9961
2025-01-02 00:05:20,STRUCT_TEMP_PANEL_Z,22.6955
2025-01-02 00:05:30,RADIATOR_TEMP,-7.9399
2025-01-02 00:05:40,GYRO_X,0.0331
2025-01-02 00:05:50,GYRO_Y,0.0054
2025-01-02 00:06:00,GYRO_Z,0.0173
2025-01-02 00:06:10,MAGNETOMETER_X,7.6288
2025-01-02 00:06:20,MAGNETOMETER_Y,16.5138
2025-01-02 00:06:30,MAGNETOMETER_Z,23.6284
2025-01-02 00:06:40,REACTION_WHEEL_SPD_X,98.8374
2025-01-02 00:06:50,REACTION_WHEEL_SPD_Y,1407.623
2025-01-02 00:07:00,REACTION_WHEEL_SPD_Z,64.36
2025-01-02 00:07:10,ATTITUDE_ROLL,1.1712
2025-01-02 00:07:20,ATTITUDE_PITCH,0.5189
2025-01-02 00:07:30,ATTITUDE_YAW,1.8614
2025-01-02 00:07:40,STAR_TRACKER_VALID,0.6739
2025-01-02 00:07:50,SUN_SENSOR_ANGLE,130.1107
2025-01-02 00:08:00,RF_SIGNAL_STRENGTH,-54.3775
2025-01-02 00:08:10,RF_NOISE_FLOOR,-93.5152
2025-01-02 00:08:20,TX_POWER,3.8326
2025-01-02 00:08:30,LINK_MARGIN,18.7174
2025-01-02 00:08:40,DATA_RATE_KBPS,126.9949
2025-01-02 00:08:50,PACKET_LOSS_RATE,0.7577
2025-01-02 00:09:00,CPU_USAGE,43.267
2025-01-02 00:09:10,MEMORY_USAGE,60.7557
2025-01-02 00:09:20,FLASH_WRITE_RATE,3.7091
2025-01-02 00:09:30,WATCHDOG_COUNTER,47.0891
2025-01-02 00:09:40,TANK_PRESSURE,309.675
2025-01-02 00:09:50,THRUSTER_VALVE_TEMP,21.5706
2025-01-02 00:10:00,BATT_VOLTAGE_1,28.5861
2025-01-02 00:10:10,BATT_VOLTAGE_2,28.5135
2025-01-02 00:10:20,BATT_CURRENT_1,2.814
2025-01-02 00:10:30,BATT_CURRENT_2,2.7552
2025-01-02 00:10:40,BATT_TEMP_1,30.0434
2025-01-02 00:10:50,BATT_TEMP_2,25.607
2025-01-02 00:11:00,BATT_SOC,87.8679
2025-01-02 00:11:10,SOLAR_PANEL_VOLT_A,31.2941
2025-01-02 00:11:20,SOLAR_PANEL_VOLT_B,30.893
2025-01-02 00:11:30,SOLAR_PANEL_CURR_A,6.7609
2025-01-02 00:11:40,SOLAR_PANEL_CURR_B,6.5551
2025-01-02 00:11:50,SOLAR_POWER_TOTAL,101.1889
2025-01-02 00:12:00,BUS_VOLTAGE,28.0748
2025-01-02 00:12:10,BUS_CURRENT,10.3018
2025-01-02 00:12:20,THRUSTER_TEMP_1,20.4475
2025-01-02 00:12:30,THRUSTER_TEMP_2,26.2354
2025-01-02 00:12:40,PAYLOAD_TEMP_CAM,22.2941
2025-01-02 00:12:50,PAYLOAD_TEMP_SENSOR,25.5136
2025-01-02 00:13:00,OBC_TEMP,49.9161
2025-01-02 00:13:10,TRANS_TEMP,35.1273
2025-01-02 00:13:20,STRUCT_TEMP_PANEL_X,20.7481
2025-01-02 00:13:30,STRUCT_TEMP_PANEL_Y,15.0576
2025-01-02 00:13:40,STRUCT_TEMP_PANEL_Z,14.354
2025-01-02 00:13:50,RADIATOR_TEMP,-19.3536
2025-01-02 00:14:00,GYRO_X,0.038
2025-01-02 00:14:10,GYRO_Y,-0.0045
2025-01-02 00:14:20,GYRO_Z,0.0379
2025-01-02 00:14:30,MAGNETOMETER_X,30.1014
2025-01-02 00:14:40,MAGNETOMETER_Y,24.5417
2025-01-02 00:14:50,MAGNETOMETER_Z,-19.5951
2025-01-02 00:15:00,REACTION_WHEEL_SPD_X,1262.555
2025-01-02 00:15:10,REACTION_WHEEL_SPD_Y,1606.717
2025-01-02 00:15:20,REACTION_WHEEL_SPD_Z,1052.9723
2025-01-02 00:15:30,ATTITUDE_ROLL,-0.8317
2025-01-02 00:15:40,ATTITUDE_PITCH,-1.0037
2025-01-02 00:15:50,ATTITUDE_YAW,2.1954
2025-01-02 00:16:00,STAR_TRACKER_VALID,0.7396
2025-01-02 00:16:10,SUN_SENSOR_ANGLE,80.2375
2025-01-02 00:16:20,RF_SIGNAL_STRENGTH,-56.2095
2025-01-02 00:16:30,RF_NOISE_FLOOR,-88.0776
2025-01-02 00:16:40,TX_POWER,3.335
2025-01-02 00:16:50,LINK_MARGIN,19.1969
2025-01-02 00:17:00,DATA_RATE_KBPS,141.23
2025-01-02 00:17:10,PACKET_LOSS_RATE,1.3517
2025-01-02 00:17:20,CPU_USAGE,29.1337
2025-01-02 00:17:30,MEMORY_USAGE,53.0954
2025-01-02 00:17:40,FLASH_WRITE_RATE,3.4379
2025-01-02 00:17:50,WATCHDOG_COUNTER,78.116
2025-01-02 00:18:00,TANK_PRESSURE,311.2188
2025-01-02 00:18:10,THRUSTER_VALVE_TEMP,20.5963
2025-01-02 00:18:20,BATT_VOLTAGE_1,28.2936
2025-01-02 00:18:30,BATT_VOLTAGE_2,28.737
2025-01-02 00:18:40,BATT_CURRENT_1,2.7018
2025-01-02 00:18:50,BATT_CURRENT_2,2.3344
2025-01-02 00:19:00,BATT_TEMP_1,29.6337
2025-01-02 00:19:10,BATT_TEMP_2,26.8572
2025-01-02 00:19:20,BATT_SOC,87.4215
2025-01-02 00:19:30,SOLAR_PANEL_VOLT_A,32.1342
2025-01-02 00:19:40,SOLAR_PANEL_VOLT_B,32.4417
2025-01-02 00:19:50,SOLAR_PANEL_CURR_A,6.5923
2025-01-02 00:20:00,SOLAR_PANEL_CURR_B,6.569
2025-01-02 00:20:10,SOLAR_POWER_TOTAL,114.0935
2025-01-02 00:20:20,BUS_VOLTAGE,28.3869
2025-01-02 00:20:30,BUS_CURRENT,8.5373
2025-01-02 00:20:40,THRUSTER_TEMP_1,25.3279
2025-01-02 00:20:50,THRUSTER_TEMP_2,26.8724
2025-01-02 00:21:00,PAYLOAD_TEMP_CAM,25.1827
2025-01-02 00:21:10,PAYLOAD_TEMP_SENSOR,25.5226
2025-01-02 00:21:20,OBC_TEMP,38.113
2025-01-02 00:21:30,TRANS_TEMP,40.9143
2025-01-02 00:21:40,STRUCT_TEMP_PANEL_X,36.3324
2025-01-02 00:21:50,STRUCT_TEMP_PANEL_Y,23.5296
2025-01-02 00:22:00,STRUCT_TEMP_PANEL_Z,23.952
2025-01-02 00:22:10,RADIATOR_TEMP,1.3682
2025-01-02 00:22:20,GYRO_X,-0.0004
2025-01-02 00:22:30,GYRO_Y,0.0438
2025-01-02 00:22:40,GYRO_Z,-0.0127
2025-01-02 00:22:50,MAGNETOMETER_X,27.3581
2025-01-02 00:23:00,MAGNETOMETER_Y,-19.9683
2025-01-02 00:23:10,MAGNETOMETER_Z,-15.4473
2025-01-02 00:23:20,REACTION_WHEEL_SPD_X,1373.6173
2025-01-02 00:23:30,REACTION_WHEEL_SPD_Y,1195.2584
2025-01-02 00:23:40,REACTION_WHEEL_SPD_Z,1106.1091
2025-01-02 00:23:50,ATTITUDE_ROLL,-0.2161
2025-01-02 00:24:00,ATTITUDE_PITCH,0.4974
2025-01-02 00:24:10,ATTITUDE_YAW,1.6878
2025-01-02 00:24:20,STAR_TRACKER_VALID,0.7531
2025-01-02 00:24:30,SUN_SENSOR_ANGLE,92.5376
2025-01-02 00:24:40,RF_SIGNAL_STRENGTH,-64.2009
2025-01-02 00:24:50,RF_NOISE_FLOOR,-89.1154
2025-01-02 00:25:00,TX_POWER,3.6203
2025-01-02 00:25:10,LINK_MARGIN,11.5434
2025-01-02 00:25:20,DATA_RATE_KBPS,123.5377
2025-01-02 00:25:30,PACKET_LOSS_RATE,0.7807
2025-01-02 00:25:40,CPU_USAGE,46.1216
2025-01-02 00:25:50,MEMORY_USAGE,63.1374
2025-01-02 00:26:00,FLASH_WRITE_RATE,3.6685
2025-01-02 00:26:10,WATCHDOG_COUNTER,34.5943
2025-01-02 00:26:20,TANK_PRESSURE,300.1202
2025-01-02 00:26:30,THRUSTER_VALVE_TEMP,18.6759
2025-01-02 00:26:40,BATT_VOLTAGE_1,27.5509
2025-01-02 00:26:50,BATT_VOLTAGE_2,27.995
2025-01-02 00:27:00,BATT_CURRENT_1,3.1213
2025-01-02 00:27:10,BATT_CURRENT_2,3.0926
2025-01-02 00:27:20,BATT_TEMP_1,29.4421
2025-01-02 00:27:30,BATT_TEMP_2,30.8557
2025-01-02 00:27:40,BATT_SOC,87.2582
2025-01-02 00:27:50,SOLAR_PANEL_VOLT_A,32.2826
2025-01-02 00:28:00,SOLAR_PANEL_VOLT_B,31.4269
2025-01-02 00:28:10,SOLAR_PANEL_CURR_A,5.5301
2025-01-02 00:28:20,SOLAR_PANEL_CURR_B,6.5282
2025-01-02 00:28:30,SOLAR_POWER_TOTAL,115.2499
2025-01-02 00:28:40,BUS_VOLTAGE,28.4974
2025-01-02 00:28:50,BUS_CURRENT,9.3018
2025-01-02 00:29:00,THRUSTER_TEMP_1,25.2462
2025-01-02 00:29:10,THRUSTER_TEMP_2,26.2126
2025-01-02 00:29:20,PAYLOAD_TEMP_CAM,21.2627
2025-01-02 00:29:30,PAYLOAD_TEMP_SENSOR,21.7805
2025-01-02 00:29:40,OBC_TEMP,49.0216
2025-01-02 00:29:50,TRANS_TEMP,43.7438
2025-01-02 00:30:00,STRUCT_TEMP_PANEL_X,39.2214
2025-01-02 00:30:10,STRUCT_TEMP_PANEL_Y,30.2679
2025-01-02 00:30:20,STRUCT_TEMP_PANEL_Z,29.6679
2025-01-02 00:30:30,RADIATOR_TEMP,-11.1293
2025-01-02 00:30:40,GYRO_X,0.0335
2025-01-02 00:30:50,GYRO_Y,0.0047
2025-01-02 00:31:00,GYRO_Z,0.0408
2025-01-02 00:31:10,MAGNETOMETER_X,24.3486
2025-01-02 00:31:20,MAGNETOMETER_Y,24.3375
2025-01-02 00:31:30,MAGNETOMETER_Z,36.0168
2025-01-02 00:31:40,REACTION_WHEEL_SPD_X,879.8394
2025-01-02 00:31:50,REACTION_WHEEL_SPD_Y,1203.5016
2025-01-02 00:32:00,REACTION_WHEEL_SPD_Z,-373.6454
2025-01-02 00:32:10,ATTITUDE_ROLL,0.9158
2025-01-02 00:32:20,ATTITUDE_PITCH,1.6333
2025-01-02 00:32:30,ATTITUDE_YAW,0.0723
2025-01-02 00:32:40,STAR_TRACKER_VALID,0.7411
2025-01-02 00:32:50,SUN_SENSOR_ANGLE,131.5065
2025-01-02 00:33:00,RF_SIGNAL_STRENGTH,-63.2237
2025-01-02 00:33:10,RF_NOISE_FLOOR,-98.7703
2025-01-02 00:33:20,TX_POWER,3.1469
2025-01-02 00:33:30,LINK_MARGIN,15.8951
2025-01-02 00:33:40,DATA_RATE_KBPS,161.3444
2025-01-02 00:33:50,PACKET_LOSS_RATE,1.3908
2025-01-02 00:34:00,CPU_USAGE,48.5467
2025-01-02 00:34:10,MEMORY_USAGE,52.7193
2025-01-02 00:34:20,FLASH_WRITE_RATE,3.1481
2025-01-02 00:34:30,WATCHDOG_COUNTER,49.8406
2025-01-02 00:34:40,TANK_PRESSURE,304.3268
2025-01-02 00:34:50,THRUSTER_VALVE_TEMP,18.7046
2025-01-02 00:35:00,BATT_VOLTAGE_1,28.7186
2025-01-02 00:35:10,BATT_VOLTAGE_2,28.7861
2025-01-02 00:35:20,BATT_CURRENT_1,2.772
2025-01-02 00:35:30,BATT_CURRENT_2,3.0217
2025-01-02 00:35:40,BATT_TEMP_1,27.9959
2025-01-02 00:35:50,BATT_TEMP_2,22.648
2025-01-02 00:36:00,BATT_SOC,90.0283
2025-01-02 00:36:10,SOLAR_PANEL_VOLT_A,32.1434
2025-01-02 00:36:20,SOLAR_PANEL_VOLT_B,31.9551
2025-01-02 00:36:30,SOLAR_PANEL_CURR_A,5.3593
2025-01-02 00:36:40,SOLAR_PANEL_CURR_B,7.0707
2025-01-02 00:36:50,SOLAR_POWER_TOTAL,119.7183
2025-01-02 00:37:00,BUS_VOLTAGE,28.7311
2025-01-02 00:37:10,BUS_CURRENT,8.2336
2025-01-02 00:37:20,THRUSTER_TEMP_1,25.9911
2025-01-02 00:37:30,THRUSTER_TEMP_2,20.0916
2025-01-02 00:37:40,PAYLOAD_TEMP_CAM,25.6299
2025-01-02 00:37:50,PAYLOAD_TEMP_SENSOR,25.1791
2025-01-02 00:38:00,OBC_TEMP,47.6712
2025-01-02 00:38:10,TRANS_TEMP,33.5335
2025-01-02 00:38:20,STRUCT_TEMP_PANEL_X,23.1118
2025-01-02 00:38:30,STRUCT_TEMP_PANEL_Y,25.2898
2025-01-02 00:38:40,STRUCT_TEMP_PANEL_Z,38.3894
2025-01-02 00:38:50,RADIATOR_TEMP,-3.4375
2025-01-02 00:39:00,GYRO_X,0.004
2025-01-02 00:39:10,GYRO_Y,0.0446
2025-01-02 00:39:20,GYRO_Z,0.0296
2025-01-02 00:39:30,MAGNETOMETER_X,-15.9562
2025-01-02 00:39:40,MAGNETOMETER_Y,29.5313
2025-01-02 00:39:50,MAGNETOMETER_Z,27.2448
2025-01-02 00:40:00,REACTION_WHEEL_SPD_X,19.2115
2025-01-02 00:40:10,REACTION_WHEEL_SPD_Y,1225.6176
2025-01-02 00:40:20,REACTION_WHEEL_SPD_Z,1295.169
2025-01-02 00:40:30,ATTITUDE_ROLL,0.4133
2025-01-02 00:40:40,ATTITUDE_PITCH,1.3849
2025-01-02 00:40:50,ATTITUDE_YAW,0.9945
2025-01-02 00:41:00,STAR_TRACKER_VALID,0.7807
2025-01-02 00:41:10,SUN_SENSOR_ANGLE,102.3304
2025-01-02 00:41:20,RF_SIGNAL_STRENGTH,-59.7362
2025-01-02 00:41:30,RF_NOISE_FLOOR,-89.0997
2025-01-02 00:41:40,TX_POWER,4.0923
2025-01-02 00:41:50,LINK_MARGIN,19.5202
2025-01-02 00:42:00,DATA_RATE_KBPS,156.7699
2025-01-02 00:42:10,PACKET_LOSS_RATE,1.1286
2025-01-02 00:42:20,CPU_USAGE,41.7696
2025-01-02 00:42:30,MEMORY_USAGE,60.1387
2025-01-02 00:42:40,FLASH_WRITE_RATE,3.4632
2025-01-02 00:42:50,WATCHDOG_COUNTER,55.2442
2025-01-02 00:43:00,TANK_PRESSURE,309.6751
2025-01-02 00:43:10,THRUSTER_VALVE_TEMP,18.0242
2025-01-02 00:43:20,BATT_VOLTAGE_1,27.9372
2025-01-02 00:43:30,BATT_VOLTAGE_2,28.5153
2025-01-02 00:43:40,BATT_CURRENT_1,3.2498
2025-01-02 00:43:50,BATT_CURRENT_2,3.2806
2025-01-02 00:44:00,BATT_TEMP_1,27.0343
2025-01-02 00:44:10,BATT_TEMP_2,28.5853
2025-01-02 00:44:20,BATT_SOC,90.6632
2025-01-02 00:44:30,SOLAR_PANEL_VOLT_A,29.8901
2025-01-02 00:44:40,SOLAR_PANEL_VOLT_B,32.2088
2025-01-02 00:44:50,SOLAR_PANEL_CURR_A,5.7709
2025-01-02 00:45:00,SOLAR_PANEL_CURR_B,6.4552
2025-01-02 00:45:10,SOLAR_POWER_TOTAL,108.2369
2025-01-02 00:45:20,BUS_VOLTAGE,28.584
2025-01-02 00:45:30,BUS_CURRENT,7.5424
2025-01-02 00:45:40,THRUSTER_TEMP_1,25.7364
2025-01-02 00:45:50,THRUSTER_TEMP_2,25.2328
2025-01-02 00:46:00,PAYLOAD_TEMP_CAM,24.3936
2025-01-02 00:46:10,PAYLOAD_TEMP_SENSOR,25.1084
2025-01-02 00:46:20,OBC_TEMP,42.3867
2025-01-02 00:46:30,TRANS_TEMP,43.3223
2025-01-02 00:46:40,STRUCT_TEMP_PANEL_X,30.7598
2025-01-02 00:46:50,STRUCT_TEMP_PANEL_Y,35.9234
2025-01-02 00:47:00,STRUCT_TEMP_PANEL_Z,37.5825
2025-01-02 00:47:10,RADIATOR_TEMP,-6.8006
2025-01-02 00:47:20,GYRO_X,0.04
2025-01-02 00:47:30,GYRO_Y,0.0247
2025-01-02 00:47:40,GYRO_Z,0.0238
2025-01-02 00:47:50,MAGNETOMETER_X,-22.0183
2025-01-02 00:48:00,MAGNETOMETER_Y,16.8724
2025-01-02 00:48:10,MAGNETOMETER_Z,-3.75
2025-01-02 00:48:20,REACTION_WHEEL_SPD_X,684.7401
2025-01-02 00:48:30,REACTION_WHEEL_SPD_Y,683.4495
2025-01-02 00:48:40,REACTION_WHEEL_SPD_Z,431.8562
2025-01-02 00:48:50,ATTITUDE_ROLL,1.3894
2025-01-02 00:49:00,ATTITUDE_PITCH,0.9817
2025-01-02 00:49:10,ATTITUDE_YAW,0.7999
2025-01-02 00:49:20,STAR_TRACKER_VALID,0.6222
2025-01-02 00:49:30,SUN_SENSOR_ANGLE,110.4331
2025-01-02 00:49:40,RF_SIGNAL_STRENGTH,-67.6615
2025-01-02 00:49:50,RF_NOISE_FLOOR,-91.324
2025-01-02 00:50:00,TX_POWER,2.9081
2025-01-02 00:50:10,LINK_MARGIN,17.9545
2025-01-02 00:50:20,DATA_RATE_KBPS,161.4527
2025-01-02 00:50:30,PACKET_LOSS_RATE,1.5651
2025-01-02 00:50:40,CPU_USAGE,39.2772
2025-01-02 00:50:50,MEMORY_USAGE,57.9096
2025-01-02 00:51:00,FLASH_WRITE_RATE,3.0912
2025-01-02 00:51:10,WATCHDOG_COUNTER,45.6134
2025-01-02 00:51:20,TANK_PRESSURE,309.1576
2025-01-02 00:51:30,THRUSTER_VALVE_TEMP,15.7383
2025-01-02 00:51:40,BATT_VOLTAGE_1,28.1841
2025-01-02 00:51:50,BATT_VOLTAGE_2,28.4342
2025-01-02 00:52:00,BATT_CURRENT_1,3.3578
2025-01-02 00:52:10,BATT_CURRENT_2,2.9064
2025-01-02 00:52:20,BATT_TEMP_1,28.1933
2025-01-02 00:52:30,BATT_TEMP_2,29.5016
2025-01-02 00:52:40,BATT_SOC,90.6224
2025-01-02 00:52:50,SOLAR_PANEL_VOLT_A,32.0645
2025-01-02 00:53:00,SOLAR_PANEL_VOLT_B,31.2465
2025-01-02 00:53:10,SOLAR_PANEL_CURR_A,6.7967
2025-01-02 00:53:20,SOLAR_PANEL_CURR_B,6.83
2025-01-02 00:53:30,SOLAR_POWER_TOTAL,112.8792
2025-01-02 00:53:40,BUS_VOLTAGE,28.8482
2025-01-02 00:53:50,BUS_CURRENT,9.6906
2025-01-02 00:54:00,THRUSTER_TEMP_1,26.4854
2025-01-02 00:54:10,THRUSTER_TEMP_2,25.7742
2025-01-02 00:54:20,PAYLOAD_TEMP_CAM,24.7268
2025-01-02 00:54:30,PAYLOAD_TEMP_SENSOR,24.2967
2025-01-02 00:54:40,OBC_TEMP,46.9138
2025-01-02 00:54:50,TRANS_TEMP,44.0864
2025-01-02 00:55:00,STRUCT_TEMP_PANEL_X,15.9064
2025-01-02 00:55:10,STRUCT_TEMP_PANEL_Y,32.5546
2025-01-02 00:55:20,STRUCT_TEMP_PANEL_Z,19.0776
2025-01-02 00:55:30,RADIATOR_TEMP,-11.3866
2025-01-02 00:55:40,GYRO_X,0.0331
2025-01-02 00:55:50,GYRO_Y,0.0413
2025-01-02 00:56:00,GYRO_Z,0.0322
2025-01-02 00:56:10,MAGNETOMETER_X,27.9532
2025-01-02 00:56:20,MAGNETOMETER_Y,21.4744
2025-01-02 00:56:30,MAGNETOMETER_Z,-19.9012
2025-01-02 00:56:40,REACTION_WHEEL_SPD_X,621.8978
2025-01-02 00:56:50,REACTION_WHEEL_SPD_Y,1117.6398
2025-01-02 00:57:00,REACTION_WHEEL_SPD_Z,1077.7941
2025-01-02 00:57:10,ATTITUDE_ROLL,-0.6443
2025-01-02 00:57:20,ATTITUDE_PITCH,-0.0348
2025-01-02 00:57:30,ATTITUDE_YAW,2.1175
2025-01-02 00:57:40,STAR_TRACKER_VALID,0.6826
2025-01-02 00:57:50,SUN_SENSOR_ANGLE,112.5706
2025-01-02 00:58:00,RF_SIGNAL_STRENGTH,-53.9866
2025-01-02 00:58:10,RF_NOISE_FLOOR,-92.4039
2025-01-02 00:58:20,TX_POWER,3.5424
2025-01-02 00:58:30,LINK_MARGIN,15.9911
2025-01-02 00:58:40,DATA_RATE_KBPS,159.0724
2025-01-02 00:58:50,PACKET_LOSS_RATE,1.3965
2025-01-02 00:59:00,CPU_USAGE,42.61
2025-01-02 00:59:10,MEMORY_USAGE,54.9957
2025-01-02 00:59:20,FLASH_WRITE_RATE,3.1845
2025-01-02 00:59:30,WATCHDOG_COUNTER,69.4509
2025-01-02 00:59:40,TANK_PRESSURE,307.9893
2025-01-02 00:59:50,THRUSTER_VALVE_TEMP,18.1295
2025-01-02 01:00:00,BATT_VOLTAGE_1,27.9281
2025-01-02 01:00:10,BATT_VOLTAGE_2,28.6763
2025-01-02 01:00:20,BATT_CURRENT_1,3.0878
2025-01-02 01:00:30,BATT_CURRENT_2,3.1562
2025-01-02 01:00:40,BATT_TEMP_1,25.2528
2025-01-02 01:00:50,BATT_TEMP_2,29.8528
2025-01-02 01:01:00,BATT_SOC,78.992
2025-01-02 01:01:10,SOLAR_PANEL_VOLT_A,30.7884
2025-01-02 01:01:20,SOLAR_PANEL_VOLT_B,31.5667
2025-01-02 01:01:30,SOLAR_PANEL_CURR_A,6.6625
2025-01-02 01:01:40,SOLAR_PANEL_CURR_B,6.2317
2025-01-02 01:01:50,SOLAR_POWER_TOTAL,114.6962
2025-01-02 01:02:00,BUS_VOLTAGE,28.3649
2025-01-02 01:02:10,BUS_CURRENT,8.1453
2025-01-02 01:02:20,THRUSTER_TEMP_1,25.0394
2025-01-02 01:02:30,THRUSTER_TEMP_2,25.9337
2025-01-02 01:02:40,PAYLOAD_TEMP_CAM,25.4458
2025-01-02 01:02:50,PAYLOAD_TEMP_SENSOR,25.2773
2025-01-02 01:03:00,OBC_TEMP,37.6028
2025-01-02 01:03:10,TRANS_TEMP,44.9597
2025-01-02 01:03:20,STRUCT_TEMP_PANEL_X,27.5397
2025-01-02 01:03:30,STRUCT_TEMP_PANEL_Y,17.7829
2025-01-02 01:03:40,STRUCT_TEMP_PANEL_Z,17.5112
2025-01-02 01:03:50,RADIATOR_TEMP,-1.4388
2025-01-02 01:04:00,GYRO_X,0.05
2025-01-02 01:04:10,GYRO_Y,0.0223
2025-01-02 01:04:20,GYRO_Z,0.0273
2025-01-02 01:04:30,MAGNETOMETER_X,-7.8878
2025-01-02 01:04:40,MAGNETOMETER_Y,-13.2275
2025-01-02 01:04:50,MAGNETOMETER_Z,29.5848
2025-01-02 01:05:00,REACTION_WHEEL_SPD_X,1434.5111
2025-01-02 01:05:10,REACTION_WHEEL_SPD_Y,1990.2244
2025-01-02 01:05:20,REACTION_WHEEL_SPD_Z,1211.8613
2025-01-02 01:05:30,ATTITUDE_ROLL,-0.1325
2025-01-02 01:05:40,ATTITUDE_PITCH,1.0129
2025-01-02 01:05:50,ATTITUDE_YAW,1.6697
2025-01-02 01:06:00,STAR_TRACKER_VALID,0.8336
2025-01-02 01:06:10,SUN_SENSOR_ANGLE,138.0303
2025-01-02 01:06:20,RF_SIGNAL_STRENGTH,-57.8718
2025-01-02 01:06:30,RF_NOISE_FLOOR,-95.0149
2025-01-02 01:06:40,TX_POWER,3.704
2025-01-02 01:06:50,LINK_MARGIN,18.1963
2025-01-02 01:07:00,DATA_RATE_KBPS,158.294
2025-01-02 01:07:10,PACKET_LOSS_RATE,1.4978
2025-01-02 01:07:20,CPU_USAGE,42.9
2025-01-02 01:07:30,MEMORY_USAGE,63.1551
2025-01-02 01:07:40,FLASH_WRITE_RATE,3.3312
2025-01-02 01:07:50,WATCHDOG_COUNTER,74.5775
2025-01-02 01:08:00,TANK_PRESSURE,305.4894
2025-01-02 01:08:10,THRUSTER_VALVE_TEMP,19.4128
2025-01-02 01:08:20,BATT_VOLTAGE_1,28.5057
2025-01-02 01:08:30,BATT_VOLTAGE_2,28.2081
2025-01-02 01:08:40,BATT_CURRENT_1,3.1161
2025-01-02 01:08:50,BATT_CURRENT_2,2.3253
2025-01-02 01:09:00,BATT_TEMP_1,29.3256
2025-01-02 01:09:10,BATT_TEMP_2,30.1832
2025-01-02 01:09:20,BATT_SOC,78.8662
2025-01-02 01:09:30,SOLAR_PANEL_VOLT_A,31.7134
2025-01-02 01:09:40,SOLAR_PANEL_VOLT_B,32.2027
2025-01-02 01:09:50,SOLAR_PANEL_CURR_A,5.9784
2025-01-02 01:10:00,SOLAR_PANEL_CURR_B,4.9434
2025-01-02 01:10:10,SOLAR_POWER_TOTAL,115.6752
2025-01-02 01:10:20,BUS_VOLTAGE,28.3838
2025-01-02 01:10:30,BUS_CURRENT,10.6552
2025-01-02 01:10:40,THRUSTER_TEMP_1,24.985
2025-01-02 01:10:50,THRUSTER_TEMP_2,25.4327
2025-01-02 01:11:00,PAYLOAD_TEMP_CAM,21.9609
2025-01-02 01:11:10,PAYLOAD_TEMP_SENSOR,22.8201
2025-01-02 01:11:20,OBC_TEMP,47.1994
2025-01-02 01:11:30,TRANS_TEMP,40.0686
2025-01-02 01:11:40,STRUCT_TEMP_PANEL_X,34.8374
2025-01-02 01:11:50,STRUCT_TEMP_PANEL_Y,26.7572
2025-01-02 01:12:00,STRUCT_TEMP_PANEL_Z,18.78
2025-01-02 01:12:10,RADIATOR_TEMP,-9.5016
2025-01-02 01:12:20,GYRO_X,0.0324
2025-01-02 01:12:30,GYRO_Y,-0.014
2025-01-02 01:12:40,GYRO_Z,0.022
2025-01-02 01:12:50,MAGNETOMETER_X,15.2741
2025-01-02 01:13:00,MAGNETOMETER_Y,14.4819
2025-01-02 01:13:10,MAGNETOMETER_Z,27.5885
2025-01-02 01:13:20,REACTION_WHEEL_SPD_X,868.4718
2025-01-02 01:13:30,REACTION_WHEEL_SPD_Y,1144.146
2025-01-02 01:13:40,REACTION_WHEEL_SPD_Z,962.4056
2025-01-02 01:13:50,ATTITUDE_ROLL,1.3033
2025-01-02 01:14:00,ATTITUDE_PITCH,1.1034
2025-01-02 01:14:10,ATTITUDE_YAW,1.2253
2025-01-02 01:14:20,STAR_TRACKER_VALID,0.6703
2025-01-02 01:14:30,SUN_SENSOR_ANGLE,119.0032
2025-01-02 01:14:40,RF_SIGNAL_STRENGTH,-53.0119
2025-01-02 01:14:50,RF_NOISE_FLOOR,-92.1865
2025-01-02 01:15:00,TX_POWER,3.8501
2025-01-02 01:15:10,LINK_MARGIN,18.0621
2025-01-02 01:15:20,DATA_RATE_KBPS,112.1964
2025-01-02 01:15:30,PACKET_LOSS_RATE,1.3473
2025-01-02 01:15:40,CPU_USAGE,49.0115
2025-01-02 01:15:50,MEMORY_USAGE,57.7388
2025-01-02 01:16:00,FLASH_WRITE_RATE,3.3793
2025-01-02 01:16:10,WATCHDOG_COUNTER,56.1731
2025-01-02 01:16:20,TANK_PRESSURE,306.7939
2025-01-02 01:16:30,THRUSTER_VALVE_TEMP,20.6983
2025-01-02 01:16:40,BATT_VOLTAGE_1,28.3589
2025-01-02 01:16:50,BATT_VOLTAGE_2,28.5996
2025-01-02 01:17:00,BATT_CURRENT_1,3.1172
2025-01-02 01:17:10,BATT_CURRENT_2,3.187
2025-01-02 01:17:20,BATT_TEMP_1,29.9246
2025-01-02 01:17:30,BATT_TEMP_2,28.209
2025-01-02 01:17:40,BATT_SOC,83.4455
2025-01-02 01:17:50,SOLAR_PANEL_VOLT_A,31.894
2025-01-02 01:18:00,SOLAR_PANEL_VOLT_B,31.7427
2025-01-02 01:18:10,SOLAR_PANEL_CURR_A,6.826
2025-01-02 01:18:20,SOLAR_PANEL_CURR_B,6.6253
2025-01-02 01:18:30,SOLAR_POWER_TOTAL,111.9203
2025-01-02 01:18:40,BUS_VOLTAGE,28.7911
2025-01-02 01:18:50,BUS_CURRENT,8.3635
2025-01-02 01:19:00,THRUSTER_TEMP_1,25.0489
2025-01-02 01:19:10,THRUSTER_TEMP_2,23.9637
2025-01-02 01:19:20,PAYLOAD_TEMP_CAM,24.9309
2025-01-02 01:19:30,PAYLOAD_TEMP_SENSOR,23.127
2025-01-02 01:19:40,OBC_TEMP,42.1279
2025-01-02 01:19:50,TRANS_TEMP,35.48
2025-01-02 01:20:00,STRUCT_TEMP_PANEL_X,37.2791
2025-01-02 01:20:10,STRUCT_TEMP_PANEL_Y,29.2831
2025-01-02 01:20:20,STRUCT_TEMP_PANEL_Z,33.5334
2025-01-02 01:20:30,RADIATOR_TEMP,-9.5865
2025-01-02 01:20:40,GYRO_X,0.0299
2025-01-02 01:20:50,GYRO_Y,0.037
2025-01-02 01:21:00,GYRO_Z,-0.0115
2025-01-02 01:21:10,MAGNETOMETER_X,19.0677
2025-01-02 01:21:20,MAGNETOMETER_Y,36.6095
2025-01-02 01:21:30,MAGNETOMETER_Z,24.3189
2025-01-02 01:21:40,REACTION_WHEEL_SPD_X,1414.0768
2025-01-02 01:21:50,REACTION_WHEEL_SPD_Y,-405.7343
2025-01-02 01:22:00,REACTION_WHEEL_SPD_Z,1033.5545
2025-01-02 01:22:10,ATTITUDE_ROLL,1.8766
2025-01-02 01:22:20,ATTITUDE_PITCH,0.9192
2025-01-02 01:22:30,ATTITUDE_YAW,2.3543
2025-01-02 01:22:40,STAR_TRACKER_VALID,0.6929
2025-01-02 01:22:50,SUN_SENSOR_ANGLE,81.648
2025-01-02 01:23:00,RF_SIGNAL_STRENGTH,-54.1777
2025-01-02 01:23:10,RF_NOISE_FLOOR,-91.7397
2025-01-02 01:23:20,TX_POWER,3.7059
2025-01-02 01:23:30,LINK_MARGIN,16.3722
2025-01-02 01:23:40,DATA_RATE_KBPS,156.2139
2025-01-02 01:23:50,PACKET_LOSS_RATE,1.4993
2025-01-02 01:24:00,CPU_USAGE,33.0565
2025-01-02 01:24:10,MEMORY_USAGE,56.5662
2025-01-02 01:24:20,FLASH_WRITE_RATE,3.6021
2025-01-02 01:24:30,WATCHDOG_COUNTER,70.2646
2025-01-02 01:24:40,TANK_PRESSURE,304.1489
2025-01-02 01:24:50,THRUSTER_VALVE_TEMP,17.2303
2025-01-02 01:25:00,BATT_VOLTAGE_1,28.1529
2025-01-02 01:25:10,BATT_VOLTAGE_2,28.4549
2025-01-02 01:25:20,BATT_CURRENT_1,3.0686
2025-01-02 01:25:30,BATT_CURRENT_2,2.818
2025-01-02 01:25:40,BATT_TEMP_1,28.0254
2025-01-02 01:25:50,BATT_TEMP_2,29.5927
2025-01-02 01:26:00,BATT_SOC,90.6999
2025-01-02 01:26:10,SOLAR_PANEL_VOLT_A,32.4539
2025-01-02 01:26:20,SOLAR_PANEL_VOLT_B,30.4976
2025-01-02 01:26:30,SOLAR_PANEL_CURR_A,6.0983
2025-01-02 01:26:40,SOLAR_PANEL_CURR_B,6.4143
2025-01-02 01:26:50,SOLAR_POWER_TOTAL,107.8813
2025-01-02 01:27:00,BUS_VOLTAGE,28.8283
2025-01-02 01:27:10,BUS_CURRENT,10.1986
2025-01-02 01:27:20,THRUSTER_TEMP_1,25.5626
2025-01-02 01:27:30,THRUSTER_TEMP_2,24.9069
2025-01-02 01:27:40,PAYLOAD_TEMP_CAM,24.7742
2025-01-02 01:27:50,PAYLOAD_TEMP_SENSOR,24.9682
2025-01-02 01:28:00,OBC_TEMP,44.7486
2025-01-02 01:28:10,TRANS_TEMP,35.7434
2025-01-02 01:28:20,STRUCT_TEMP_PANEL_X,25.7153
2025-01-02 01:28:30,STRUCT_TEMP_PANEL_Y,19.1717
2025-01-02 01:28:40,STRUCT_TEMP_PANEL_Z,35.7361
2025-01-02 01:28:50,RADIATOR_TEMP,-2.7058
2025-01-02 01:29:00,GYRO_X,0.0319
2025-01-02 01:29:10,GYRO_Y,0.0057
2025-01-02 01:29:20,GYRO_Z,0.0396
2025-01-02 01:29:30,MAGNETOMETER_X,27.8622
2025-01-02 01:29:40,MAGNETOMETER_Y,32.0848
2025-01-02 01:29:50,MAGNETOMETER_Z,13.7845
2025-01-02 01:30:00,REACTION_WHEEL_SPD_X,713.4786
2025-01-02 01:30:10,REACTION_WHEEL_SPD_Y,902.7341
2025-01-02 01:30:20,REACTION_WHEEL_SPD_Z,978.3143
2025-01-02 01:30:30,ATTITUDE_ROLL,-0.3529
2025-01-02 01:30:40,ATTITUDE_PITCH,-0.3249
2025-01-02 01:30:50,ATTITUDE_YAW,1.8549
2025-01-02 01:31:00,STAR_TRACKER_VALID,0.7377
2025-01-02 01:31:10,SUN_SENSOR_ANGLE,83.2089
2025-01-02 01:31:20,RF_SIGNAL_STRENGTH,-65.925
2025-01-02 01:31:30,RF_NOISE_FLOOR,-87.2049
2025-01-02 01:31:40,TX_POWER,4.078
2025-01-02 01:31:50,LINK_MARGIN,17.3781
2025-01-02 01:32:00,DATA_RATE_KBPS,140.7428
2025-01-02 01:32:10,PACKET_LOSS_RATE,1.1476
2025-01-02 01:32:20,CPU_USAGE,42.6031
2025-01-02 01:32:30,MEMORY_USAGE,62.9561
2025-01-02 01:32:40,FLASH_WRITE_RATE,3.7126
2025-01-02 01:32:50,WATCHDOG_COUNTER,64.3925
2025-01-02 01:33:00,TANK_PRESSURE,309.4697
2025-01-02 01:33:10,THRUSTER_VALVE_TEMP,19.4837
2025-01-02 01:33:20,BATT_VOLTAGE_1,29.0161
2025-01-02 01:33:30,BATT_VOLTAGE_2,28.6249
2025-01-02 01:33:40,BATT_CURRENT_1,2.797
2025-01-02 01:33:50,BATT_CURRENT_2,3.1299
2025-01-02 01:34:00,BATT_TEMP_1,26.411
2025-01-02 01:34:10,BATT_TEMP_2,28.4266
2025-01-02 01:34:20,BATT_SOC,84.3864
2025-01-02 01:34:30,SOLAR_PANEL_VOLT_A,32.3006
2025-01-02 01:34:40,SOLAR_PANEL_VOLT_B,30.9659
2025-01-02 01:34:50,SOLAR_PANEL_CURR_A,5.2161
2025-01-02 01:35:00,SOLAR_PANEL_CURR_B,6.9753
2025-01-02 01:35:10,SOLAR_POWER_TOTAL,116.9628
2025-01-02 01:35:20,BUS_VOLTAGE,28.9921
2025-01-02 01:35:30,BUS_CURRENT,8.3231
2025-01-02 01:35:40,THRUSTER_TEMP_1,25.4684
2025-01-02 01:35:50,THRUSTER_TEMP_2,24.1863
2025-01-02 01:36:00,PAYLOAD_TEMP_CAM,25.9266
2025-01-02 01:36:10,PAYLOAD_TEMP_SENSOR,22.3163
2025-01-02 01:36:20,OBC_TEMP,43.8342
2025-01-02 01:36:30,TRANS_TEMP,35.9926
2025-01-02 01:36:40,STRUCT_TEMP_PANEL_X,15.7851
2025-01-02 01:36:50,STRUCT_TEMP_PANEL_Y,27.9557
2025-01-02 01:37:00,STRUCT_TEMP_PANEL_Z,35.1339
2025-01-02 01:37:10,RADIATOR_TEMP,-2.3808
2025-01-02 01:37:20,GYRO_X,-0.0049
2025-01-02 01:37:30,GYRO_Y,0.0423
2025-01-02 01:37:40,GYRO_Z,0.0401
2025-01-02 01:37:50,MAGNETOMETER_X,24.0454
2025-01-02 01:38:00,MAGNETOMETER_Y,13.315
2025-01-02 01:38:10,MAGNETOMETER_Z,32.4962
2025-01-02 01:38:20,REACTION_WHEEL_SPD_X,598.2705
2025-01-02 01:38:30,REACTION_WHEEL_SPD_Y,-508.0906
2025-01-02 01:38:40,REACTION_WHEEL_SPD_Z,538.7333
2025-01-02 01:38:50,ATTITUDE_ROLL,-0.0967
2025-01-02 01:39:00,ATTITUDE_PITCH,1.6038
2025-01-02 01:39:10,ATTITUDE_YAW,2.031
2025-01-02 01:39:20,STAR_TRACKER_VALID,0.6008
2025-01-02 01:39:30,SUN_SENSOR_ANGLE,142.7021
2025-01-02 01:39:40,RF_SIGNAL_STRENGTH,-59.1777
2025-01-02 01:39:50,RF_NOISE_FLOOR,-93.9667
2025-01-02 01:40:00,TX_POWER,4.3489
2025-01-02 01:40:10,LINK_MARGIN,18.8826
2025-01-02 01:40:20,DATA_RATE_KBPS,153.3059
2025-01-02 01:40:30,PACKET_LOSS_RATE,1.2666
2025-01-02 01:40:40,CPU_USAGE,41.2417
2025-01-02 01:40:50,MEMORY_USAGE,59.4792
2025-01-02 01:41:00,FLASH_WRITE_RATE,4.103
2025-01-02 01:41:10,WATCHDOG_COUNTER,69.1197
2025-01-02 01:41:20,TANK_PRESSURE,303.3913
2025-01-02 01:41:30,THRUSTER_VALVE_TEMP,18.8701
2025-01-02 01:41:40,BATT_VOLTAGE_1,27.7439
2025-01-02 01:41:50,BATT_VOLTAGE_2,27.6903
2025-01-02 01:42:00,BATT_CURRENT_1,2.6618
2025-01-02 01:42:10,BATT_CURRENT_2,3.1101
2025-01-02 01:42:20,BATT_TEMP_1,27.8476
2025-01-02 01:42:30,BATT_TEMP_2,29.0313
2025-01-02 01:42:40,BATT_SOC,85.2209
2025-01-02 01:42:50,SOLAR_PANEL_VOLT_A,32.7581
2025-01-02 01:43:00,SOLAR_PANEL_VOLT_B,32.3637
2025-01-02 01:43:10,SOLAR_PANEL_CURR_A,6.4459
2025-01-02 01:43:20,SOLAR_PANEL_CURR_B,6.3386
2025-01-02 01:43:30,SOLAR_POWER_TOTAL,116.1041
2025-01-02 01:43:40,BUS_VOLTAGE,28.9867
2025-01-02 01:43:50,BUS_CURRENT,10.0345
2025-01-02 01:44:00,THRUSTER_TEMP_1,21.7863
2025-01-02 01:44:10,THRUSTER_TEMP_2,25.4455
2025-01-02 01:44:20,PAYLOAD_TEMP_CAM,23.4639
2025-01-02 01:44:30,PAYLOAD_TEMP_SENSOR,22.0294
2025-01-02 01:44:40,OBC_TEMP,48.5002
2025-01-02 01:44:50,TRANS_TEMP,41.883
2025-01-02 01:45:00,STRUCT_TEMP_PANEL_X,23.1987
2025-01-02 01:45:10,STRUCT_TEMP_PANEL_Y,28.3729
2025-01-02 01:45:20,STRUCT_TEMP_PANEL_Z,34.9486
2025-01-02 01:45:30,RADIATOR_TEMP,-1.2102
2025-01-02 01:45:40,GYRO_X,0.0189
2025-01-02 01:45:50,GYRO_Y,0.0423
2025-01-02 01:46:00,GYRO_Z,0.0229
2025-01-02 01:46:10,MAGNETOMETER_X,28.6373
2025-01-02 01:46:20,MAGNETOMETER_Y,24.1981
2025-01-02 01:46:30,MAGNETOMETER_Z,-9.5398
2025-01-02 01:46:40,REACTION_WHEEL_SPD_X,1813.1418
2025-01-02 01:46:50,REACTION_WHEEL_SPD_Y,1814.8111
2025-01-02 01:47:00,REACTION_WHEEL_SPD_Z,1283.5825
2025-01-02 01:47:10,ATTITUDE_ROLL,0.686
2025-01-02 01:47:20,ATTITUDE_PITCH,1.2278
2025-01-02 01:47:30,ATTITUDE_YAW,2.6403
2025-01-02 01:47:40,STAR_TRACKER_VALID,0.7486
2025-01-02 01:47:50,SUN_SENSOR_ANGLE,87.0912
2025-01-02 01:48:00,RF_SIGNAL_STRENGTH,-55.7837
2025-01-02 01:48:10,RF_NOISE_FLOOR,-95.6385
2025-01-02 01:48:20,TX_POWER,3.8611
2025-01-02 01:48:30,LINK_MARGIN,19.9848
2025-01-02 01:48:40,DATA_RATE_KBPS,118.636
2025-01-02 01:48:50,PACKET_LOSS_RATE,1.3813
2025-01-02 01:49:00,CPU_USAGE,33.4777
2025-01-02 01:49:10,MEMORY_USAGE,51.2226
2025-01-02 01:49:20,FLASH_WRITE_RATE,3.6055
2025-01-02 01:49:30,WATCHDOG_COUNTER,67.6472
2025-01-02 01:49:40,TANK_PRESSURE,310.7857
2025-01-02 01:49:50,THRUSTER_VALVE_TEMP,18.248
2025-01-02 01:50:00,BATT_VOLTAGE_1,28.6572
2025-01-02 01:50:10,BATT_VOLTAGE_2,27.9883
2025-01-02 01:50:20,BATT_CURRENT_1,2.3529
2025-01-02 01:50:30,BATT_CURRENT_2,3.2711
2025-01-02 01:50:40,BATT_TEMP_1,26.3664
2025-01-02 01:50:50,BATT_TEMP_2,29.393
2025-01-02 01:51:00,BATT_SOC,80.9364
2025-01-02 01:51:10,SOLAR_PANEL_VOLT_A,32.3833
2025-01-02 01:51:20,SOLAR_PANEL_VOLT_B,32.5706
2025-01-02 01:51:30,SOLAR_PANEL_CURR_A,5.6365
2025-01-02 01:51:40,SOLAR_PANEL_CURR_B,6.6598
2025-01-02 01:51:50,SOLAR_POWER_TOTAL,118.1846
2025-01-02 01:52:00,BUS_VOLTAGE,28.8007
2025-01-02 01:52:10,BUS_CURRENT,9.6819
2025-01-02 01:52:20,THRUSTER_TEMP_1,25.1272
2025-01-02 01:52:30,THRUSTER_TEMP_2,23.1802
2025-01-02 01:52:40,PAYLOAD_TEMP_CAM,25.6273
2025-01-02 01:52:50,PAYLOAD_TEMP_SENSOR,23.8553
2025-01-02 01:53:00,OBC_TEMP,49.805
2025-01-02 01:53:10,TRANS_TEMP,41.6324
2025-01-02 01:53:20,STRUCT_TEMP_PANEL_X,14.2329
2025-01-02 01:53:30,STRUCT_TEMP_PANEL_Y,23.0049
2025-01-02 01:53:40,STRUCT_TEMP_PANEL_Z,27.4946
2025-01-02 01:53:50,RADIATOR_TEMP,-9.8746
2025-01-02 01:54:00,GYRO_X,0.025
2025-01-02 01:54:10,GYRO_Y,-0.0038
2025-01-02 01:54:20,GYRO_Z,0.0265
2025-01-02 01:54:30,MAGNETOMETER_X,5.5256
2025-01-02 01:54:40,MAGNETOMETER_Y,2.0269
2025-01-02 01:54:50,MAGNETOMETER_Z,20.8184
2025-01-02 01:55:00,REACTION_WHEEL_SPD_X,965.7299
2025-01-02 01:55:10,REACTION_WHEEL_SPD_Y,1516.4162
2025-01-02 01:55:20,REACTION_WHEEL_SPD_Z,694.6097
2025-01-02 01:55:30,ATTITUDE_ROLL,1.0247
2025-01-02 01:55:40,ATTITUDE_PITCH,1.9205
2025-01-02 01:55:50,ATTITUDE_YAW,-0.4068
2025-01-02 01:56:00,STAR_TRACKER_VALID,0.6883
2025-01-02 01:56:10,SUN_SENSOR_ANGLE,103.7056
2025-01-02 01:56:20,RF_SIGNAL_STRENGTH,-59.3933
2025-01-02 01:56:30,RF_NOISE_FLOOR,-87.2718
2025-01-02 01:56:40,TX_POWER,3.5257
2025-01-02 01:56:50,LINK_MARGIN,18.9663
2025-01-02 01:57:00,DATA_RATE_KBPS,114.1485
2025-01-02 01:57:10,PACKET_LOSS_RATE,0.9931
2025-01-02 01:57:20,CPU_USAGE,43.8145
2025-01-02 01:57:30,MEMORY_USAGE,59.0661
2025-01-02 01:57:40,FLASH_WRITE_RATE,3.5402
2025-01-02 01:57:50,WATCHDOG_COUNTER,60.4322
2025-01-02 01:58:00,TANK_PRESSURE,308.1318
2025-01-02 01:58:10,THRUSTER_VALVE_TEMP,20.7754
2025-01-02 01:58:20,BATT_VOLTAGE_1,28.0027
2025-01-02 01:58:30,BATT_VOLTAGE_2,28.6945
2025-01-02 01:58:40,BATT_CURRENT_1,3.0038
2025-01-02 01:58:50,BATT_CURRENT_2,3.3731
2025-01-02 01:59:00,BATT_TEMP_1,26.9938
2025-01-02 01:59:10,BATT_TEMP_2,27.6181
2025-01-02 01:59:20,BATT_SOC,78.4996
2025-01-02 01:59:30,SOLAR_PANEL_VOLT_A,31.4031
2025-01-02 01:59:40,SOLAR_PANEL_VOLT_B,32.5837
2025-01-02 01:59:50,SOLAR_PANEL_CURR_A,6.3185
2025-01-02 02:00:00,SOLAR_PANEL_CURR_B,6.6287
2025-01-02 02:00:10,SOLAR_POWER_TOTAL,110.6212
2025-01-02 02:00:20,BUS_VOLTAGE,28.6632
2025-01-02 02:00:30,BUS_CURRENT,10.8354
2025-01-02 02:00:40,THRUSTER_TEMP_1,25.3629
2025-01-02 02:00:50,THRUSTER_TEMP_2,26.3365
2025-01-02 02:01:00,PAYLOAD_TEMP_CAM,24.7581
2025-01-02 02:01:10,PAYLOAD_TEMP_SENSOR,25.7902
2025-01-02 02:01:20,OBC_TEMP,46.1701
2025-01-02 02:01:30,TRANS_TEMP,43.9094
2025-01-02 02:01:40,STRUCT_TEMP_PANEL_X,26.7228
2025-01-02 02:01:50,STRUCT_TEMP_PANEL_Y,19.1515
2025-01-02 02:02:00,STRUCT_TEMP_PANEL_Z,32.5267
2025-01-02 02:02:10,RADIATOR_TEMP,-3.1424
2025-01-02 02:02:20,GYRO_X,0.0314
2025-01-02 02:02:30,GYRO_Y,0.0116
2025-01-02 02:02:40,GYRO_Z,0.0382
2025-01-02 02:02:50,MAGNETOMETER_X,17.2072
2025-01-02 02:03:00,MAGNETOMETER_Y,30.8763
2025-01-02 02:03:10,MAGNETOMETER_Z,14.4431
2025-01-02 02:03:20,REACTION_WHEEL_SPD_X,-236.1078
2025-01-02 02:03:30,REACTION_WHEEL_SPD_Y,1307.0465
2025-01-02 02:03:40,REACTION_WHEEL_SPD_Z,592.6268
2025-01-02 02:03:50,ATTITUDE_ROLL,1.1907
2025-01-02 02:04:00,ATTITUDE_PITCH,0.1465
2025-01-02 02:04:10,ATTITUDE_YAW,2.5278
2025-01-02 02:04:20,STAR_TRACKER_VALID,0.787
2025-01-02 02:04:30,SUN_SENSOR_ANGLE,71.1477
2025-01-02 02:04:40,RF_SIGNAL_STRENGTH,-54.3822
2025-01-02 02:04:50,RF_NOISE_FLOOR,-97.829
2025-01-02 02:05:00,TX_POWER,3.8424
2025-01-02 02:05:10,LINK_MARGIN,15.7437
2025-01-02 02:05:20,DATA_RATE_KBPS,163.9689
2025-01-02 02:05:30,PACKET_LOSS_RATE,1.6124
2025-01-02 02:05:40,CPU_USAGE,30.2618
2025-01-02 02:05:50,MEMORY_USAGE,58.0115
2025-01-02 02:06:00,FLASH_WRITE_RATE,3.4644
2025-01-02 02:06:10,WATCHDOG_COUNTER,66.7762
2025-01-02 02:06:20,TANK_PRESSURE,308.2449
2025-01-02 02:06:30,THRUSTER_VALVE_TEMP,20.4729
2025-01-02 02:06:40,BATT_VOLTAGE_1,27.9377
2025-01-02 02:06:50,BATT_VOLTAGE_2,28.2154
2025-01-02 02:07:00,BATT_CURRENT_1,3.0508
2025-01-02 02:07:10,BATT_CURRENT_2,3.2003
2025-01-02 02:07:20,BATT_TEMP_1,27.9109
2025-01-02 02:07:30,BATT_TEMP_2,27.8234
2025-01-02 02:07:40,BATT_SOC,85.7668
2025-01-02 02:07:50,SOLAR_PANEL_VOLT_A,32.2798
2025-01-02 02:08:00,SOLAR_PANEL_VOLT_B,31.9867
2025-01-02 02:08:10,SOLAR_PANEL_CURR_A,6.2012
2025-01-02 02:08:20,SOLAR_PANEL_CURR_B,6.1898
2025-01-02 02:08:30,SOLAR_POWER_TOTAL,100.3436
2025-01-02 02:08:40,BUS_VOLTAGE,28.9266
2025-01-02 02:08:50,BUS_CURRENT,10.4476
2025-01-02 02:09:00,THRUSTER_TEMP_1,25.3608
2025-01-02 02:09:10,THRUSTER_TEMP_2,25.8466
2025-01-02 02:09:20,PAYLOAD_TEMP_CAM,23.1043
2025-01-02 02:09:30,PAYLOAD_TEMP_SENSOR,22.7159
2025-01-02 02:09:40,OBC_TEMP,44.2632
2025-01-02 02:09:50,TRANS_TEMP,44.4199
2025-01-02 02:10:00,STRUCT_TEMP_PANEL_X,37.046
2025-01-02 02:10:10,STRUCT_TEMP_PANEL_Y,36.581
2025-01-02 02:10:20,STRUCT_TEMP_PANEL_Z,29.9119
2025-01-02 02:10:30,RADIATOR_TEMP,-2.9828
2025-01-02 02:10:40,GYRO_X,-0.01
2025-01-02 02:10:50,GYRO_Y,0.0146
2025-01-02 02:11:00,GYRO_Z,0.0264
2025-01-02 02:11:10,MAGNETOMETER_X,13.3103
2025-01-02 02:11:20,MAGNETOMETER_Y,-10.5147
2025-01-02 02:11:30,MAGNETOMETER_Z,-0.3905
2025-01-02 02:11:40,REACTION_WHEEL_SPD_X,9.96
2025-01-02 02:11:50,REACTION_WHEEL_SPD_Y,866.59
2025-01-02 02:12:00,REACTION_WHEEL_SPD_Z,1576.9568
2025-01-02 02:12:10,ATTITUDE_ROLL,1.1236
2025-01-02 02:12:20,ATTITUDE_PITCH,1.1464
2025-01-02 02:12:30,ATTITUDE_YAW,1.7459
2025-01-02 02:12:40,STAR_TRACKER_VALID,0.5407
2025-01-02 02:12:50,SUN_SENSOR_ANGLE,96.894
2025-01-02 02:13:00,RF_SIGNAL_STRENGTH,-56.3189
2025-01-02 02:13:10,RF_NOISE_FLOOR,-88.1312
2025-01-02 02:13:20,TX_POWER,3.898
2025-01-02 02:13:30,LINK_MARGIN,18.736
2025-01-02 02:13:40,DATA_RATE_KBPS,139.8066
2025-01-02 02:13:50,PACKET_LOSS_RATE,1.326
2025-01-02 02:14:00,CPU_USAGE,38.7634
2025-01-02 02:14:10,MEMORY_USAGE,49.7113
2025-01-02 02:14:20,FLASH_WRITE_RATE,3.6602
2025-01-02 02:14:30,WATCHDOG_COUNTER,58.9033
2025-01-02 02:14:40,TANK_PRESSURE,302.2601
2025-01-02 02:14:50,THRUSTER_VALVE_TEMP,17.3242
2025-01-02 02:15:00,BATT_VOLTAGE_1,28.7425
2025-01-02 02:15:10,BATT_VOLTAGE_2,28.794
2025-01-02 02:15:20,BATT_CURRENT_1,3.0866
2025-01-02 02:15:30,BATT_CURRENT_2,3.1896
2025-01-02 02:15:40,BATT_TEMP_1,30.416
2025-01-02 02:15:50,BATT_TEMP_2,30.0019
2025-01-02 02:16:00,BATT_SOC,89.284
2025-01-02 02:16:10,SOLAR_PANEL_VOLT_A,31.3841
2025-01-02 02:16:20,SOLAR_PANEL_VOLT_B,31.2767
2025-01-02 02:16:30,SOLAR_PANEL_CURR_A,6.3572
2025-01-02 02:16:40,SOLAR_PANEL_CURR_B,6.5733
2025-01-02 02:16:50,SOLAR_POWER_TOTAL,102.7976
2025-01-02 02:17:00,BUS_VOLTAGE,28.6642
2025-01-02 02:17:10,BUS_CURRENT,9.5138
2025-01-02 02:17:20,THRUSTER_TEMP_1,25.8035
2025-01-02 02:17:30,THRUSTER_TEMP_2,21.6181
2025-01-02 02:17:40,PAYLOAD_TEMP_CAM,25.2209
2025-01-02 02:17:50,PAYLOAD_TEMP_SENSOR,26.0653
2025-01-02 02:18:00,OBC_TEMP,47.562
2025-01-02 02:18:10,TRANS_TEMP,44.1501
2025-01-02 02:18:20,STRUCT_TEMP_PANEL_X,21.3086
2025-01-02 02:18:30,STRUCT_TEMP_PANEL_Y,34.7704
2025-01-02 02:18:40,STRUCT_TEMP_PANEL_Z,35.9151
2025-01-02 02:18:50,RADIATOR_TEMP,-13.4692
2025-01-02 02:19:00,GYRO_X,0.0527
2025-01-02 02:19:10,GYRO_Y,0.0289
2025-01-02 02:19:20,GYRO_Z,0.0313
2025-01-02 02:19:30,MAGNETOMETER_X,0.3685
2025-01-02 02:19:40,MAGNETOMETER_Y,-5.3745
2025-01-02 02:19:50,MAGNETOMETER_Z,29.691
2025-01-02 02:20:00,REACTION_WHEEL_SPD_X,1297.4081
2025-01-02 02:20:10,REACTION_WHEEL_SPD_Y,641.8172
2025-01-02 02:20:20,REACTION_WHEEL_SPD_Z,6.4311
2025-01-02 02:20:30,ATTITUDE_ROLL,1.0273
2025-01-02 02:20:40,ATTITUDE_PITCH,0.8475
2025-01-02 02:20:50,ATTITUDE_YAW,0.6842
2025-01-02 02:21:00,STAR_TRACKER_VALID,0.7573
2025-01-02 02:21:10,SUN_SENSOR_ANGLE,109.2463
2025-01-02 02:21:20,RF_SIGNAL_STRENGTH,-57.31
2025-01-02 02:21:30,RF_NOISE_FLOOR,-89.4695
2025-01-02 02:21:40,TX_POWER,3.8701
2025-01-02 02:21:50,LINK_MARGIN,15.7838
2025-01-02 02:22:00,DATA_RATE_KBPS,135.4473
2025-01-02 02:22:10,PACKET_LOSS_RATE,1.5157
2025-01-02 02:22:20,CPU_USAGE,38.6841
2025-01-02 02:22:30,MEMORY_USAGE,63.8823
2025-01-02 02:22:40,FLASH_WRITE_RATE,3.8774
2025-01-02 02:22:50,WATCHDOG_COUNTER,45.8802
2025-01-02 02:23:00,TANK_PRESSURE,308.3519
2025-01-02 02:23:10,THRUSTER_VALVE_TEMP,20.3691
2025-01-02 02:23:20,BATT_VOLTAGE_1,28.0135
2025-01-02 02:23:30,BATT_VOLTAGE_2,28.6262
2025-01-02 02:23:40,BATT_CURRENT_1,3.3913
2025-01-02 02:23:50,BATT_CURRENT_2,3.3641
2025-01-02 02:24:00,BATT_TEMP_1,29.7771
2025-01-02 02:24:10,BATT_TEMP_2,24.2534
2025-01-02 02:24:20,BATT_SOC,90.2767
2025-01-02 02:24:30,SOLAR_PANEL_VOLT_A,30.8491
2025-01-02 02:24:40,SOLAR_PANEL_VOLT_B,31.0951
2025-01-02 02:24:50,SOLAR_PANEL_CURR_A,5.8751
2025-01-02 02:25:00,SOLAR_PANEL_CURR_B,6.8138
2025-01-02 02:25:10,SOLAR_POWER_TOTAL,115.8781
2025-01-02 02:25:20,BUS_VOLTAGE,28.6794
2025-01-02 02:25:30,BUS_CURRENT,9.0386
2025-01-02 02:25:40,THRUSTER_TEMP_1,25.9573
2025-01-02 02:25:50,THRUSTER_TEMP_2,25.4857
2025-01-02 02:26:00,PAYLOAD_TEMP_CAM,23.1643
2025-01-02 02:26:10,PAYLOAD_TEMP_SENSOR,24.9579
2025-01-02 02:26:20,OBC_TEMP,45.7551
2025-01-02 02:26:30,TRANS_TEMP,39.7446
2025-01-02 02:26:40,STRUCT_TEMP_PANEL_X,35.2088
2025-01-02 02:26:50,STRUCT_TEMP_PANEL_Y,16.9031
2025-01-02 02:27:00,STRUCT_TEMP_PANEL_Z,30.8986
2025-01-02 02:27:10,RADIATOR_TEMP,-1.9742
2025-01-02 02:27:20,GYRO_X,0.0536
2025-01-02 02:27:30,GYRO_Y,0.0352
2025-01-02 02:27:40,GYRO_Z,0.0067
2025-01-02 02:27:50,MAGNETOMETER_X,35.5542
2025-01-02 02:28:00,MAGNETOMETER_Y,30.8919
2025-01-02 02:28:10,MAGNETOMETER_Z,-2.0779
2025-01-02 02:28:20,REACTION_WHEEL_SPD_X,1074.8249
2025-01-02 02:28:30,REACTION_WHEEL_SPD_Y,638.2587
2025-01-02 02:28:40,REACTION_WHEEL_SPD_Z,1003.7629
2025-01-02 02:28:50,ATTITUDE_ROLL,1.3546
2025-01-02 02:29:00,ATTITUDE_PITCH,0.4357
2025-01-02 02:29:10,ATTITUDE_YAW,1.8534
2025-01-02 02:29:20,STAR_TRACKER_VALID,0.6098
2025-01-02 02:29:30,SUN_SENSOR_ANGLE,111.6714
2025-01-02 02:29:40,RF_SIGNAL_STRENGTH,-63.8474
2025-01-02 02:29:50,RF_NOISE_FLOOR,-92.1536
2025-01-02 02:30:00,TX_POWER,3.8319
2025-01-02 02:30:10,LINK_MARGIN,18.9439
2025-01-02 02:30:20,DATA_RATE_KBPS,168.5362
2025-01-02 02:30:30,PACKET_LOSS_RATE,1.0371
2025-01-02 02:30:40,CPU_USAGE,37.6583
2025-01-02 02:30:50,MEMORY_USAGE,65.7382
2025-01-02 02:31:00,FLASH_WRITE_RATE,3.372
2025-01-02 02:31:10,WATCHDOG_COUNTER,74.2809
2025-01-02 02:31:20,TANK_PRESSURE,301.1389
2025-01-02 02:31:30,THRUSTER_VALVE_TEMP,16.7621
2025-01-02 02:31:40,BATT_VOLTAGE_1,28.8046
2025-01-02 02:31:50,BATT_VOLTAGE_2,28.901
2025-01-02 02:32:00,BATT_CURRENT_1,3.4138
2025-01-02 02:32:10,BATT_CURRENT_2,2.473
2025-01-02 02:32:20,BATT_TEMP_1,27.2358
2025-01-02 02:32:30,BATT_TEMP_2,27.4697
2025-01-02 02:32:40,BATT_SOC,92.165
2025-01-02 02:32:50,SOLAR_PANEL_VOLT_A,31.9512
2025-01-02 02:33:00,SOLAR_PANEL_VOLT_B,32.1872
2025-01-02 02:33:10,SOLAR_PANEL_CURR_A,5.914
2025-01-02 02:33:20,SOLAR_PANEL_CURR_B,5.0618
2025-01-02 02:33:30,SOLAR_POWER_TOTAL,100.5253
2025-01-02 02:33:40,BUS_VOLTAGE,28.9282
2025-01-02 02:33:50,BUS_CURRENT,10.2918
2025-01-02 02:34:00,THRUSTER_TEMP_1,23.1858
2025-01-02 02:34:10,THRUSTER_TEMP_2,22.9191
2025-01-02 02:34:20,PAYLOAD_TEMP_CAM,24.6318
2025-01-02 02:34:30,PAYLOAD_TEMP_SENSOR,24.6295
2025-01-02 02:34:40,OBC_TEMP,47.1585
2025-01-02 02:34:50,TRANS_TEMP,40.3862
2025-01-02 02:35:00,STRUCT_TEMP_PANEL_X,27.3869
2025-01-02 02:35:10,STRUCT_TEMP_PANEL_Y,30.844
2025-01-02 02:35:20,STRUCT_TEMP_PANEL_Z,32.6138
2025-01-02 02:35:30,RADIATOR_TEMP,-1.8159
2025-01-02 02:35:40,GYRO_X,0.0315
2025-01-02 02:35:50,GYRO_Y,0.0457
2025-01-02 02:36:00,GYRO_Z,-0.0071
2025-01-02 02:36:10,MAGNETOMETER_X,-5.0075
2025-01-02 02:36:20,MAGNETOMETER_Y,34.996
2025-01-02 02:36:30,MAGNETOMETER_Z,12.5668
2025-01-02 02:36:40,REACTION_WHEEL_SPD_X,287.3909
2025-01-02 02:36:50,REACTION_WHEEL_SPD_Y,561.3153
2025-01-02 02:37:00,REACTION_WHEEL_SPD_Z,1549.3134
2025-01-02 02:37:10,ATTITUDE_ROLL,1.2936
2025-01-02 02:37:20,ATTITUDE_PITCH,1.4728
2025-01-02 02:37:30,ATTITUDE_YAW,0.3677
2025-01-02 02:37:40,STAR_TRACKER_VALID,0.7496
2025-01-02 02:37:50,SUN_SENSOR_ANGLE,123.5084
2025-01-02 02:38:00,RF_SIGNAL_STRENGTH,-55.7493
2025-01-02 02:38:10,RF_NOISE_FLOOR,-96.1255
2025-01-02 02:38:20,TX_POWER,3.9683
2025-01-02 02:38:30,LINK_MARGIN,19.0537
2025-01-02 02:38:40,DATA_RATE_KBPS,136.9638
2025-01-02 02:38:50,PACKET_LOSS_RATE,1.4778
2025-01-02 02:39:00,CPU_USAGE,48.6829
2025-01-02 02:39:10,MEMORY_USAGE,56.7122
2025-01-02 02:39:20,FLASH_WRITE_RATE,3.0744
2025-01-02 02:39:30,WATCHDOG_COUNTER,75.7174
2025-01-02 02:39:40,TANK_PRESSURE,299.9151
2025-01-02 02:39:50,THRUSTER_VALVE_TEMP,18.5324
2025-01-02 02:40:00,BATT_VOLTAGE_1,28.6973
2025-01-02 02:40:10,BATT_VOLTAGE_2,28.6694
2025-01-02 02:40:20,BATT_CURRENT_1,2.9245
2025-01-02 02:40:30,BATT_CURRENT_2,2.9364
2025-01-02 02:40:40,BATT_TEMP_1,30.5886
2025-01-02 02:40:50,BATT_TEMP_2,24.1622
2025-01-02 02:41:00,BATT_SOC,91.9507
2025-01-02 02:41:10,SOLAR_PANEL_VOLT_A,31.5808
2025-01-02 02:41:20,SOLAR_PANEL_VOLT_B,32.0087
2025-01-02 02:41:30,SOLAR_PANEL_CURR_A,6.4038
2025-01-02 02:41:40,SOLAR_PANEL_CURR_B,6.7051
2025-01-02 02:41:50,SOLAR_POWER_TOTAL,112.0298
2025-01-02 02:42:00,BUS_VOLTAGE,28.4518
2025-01-02 02:42:10,BUS_CURRENT,9.8041
2025-01-02 02:42:20,THRUSTER_TEMP_1,26.5379
2025-01-02 02:42:30,THRUSTER_TEMP_2,24.4717
2025-01-02 02:42:40,PAYLOAD_TEMP_CAM,25.4919
2025-01-02 02:42:50,PAYLOAD_TEMP_SENSOR,24.5067
2025-01-02 02:43:00,OBC_TEMP,43.678
2025-01-02 02:43:10,TRANS_TEMP,42.844
2025-01-02 02:43:20,STRUCT_TEMP_PANEL_X,39.1755
2025-01-02 02:43:30,STRUCT_TEMP_PANEL_Y,36.568
2025-01-02 02:43:40,STRUCT_TEMP_PANEL_Z,35.7478
2025-01-02 02:43:50,RADIATOR_TEMP,-3.3197
2025-01-02 02:44:00,GYRO_X,0.0474
2025-01-02 02:44:10,GYRO_Y,0.0179
2025-01-02 02:44:20,GYRO_Z,-0.0096
2025-01-02 02:44:30,MAGNETOMETER_X,27.5535
2025-01-02 02:44:40,MAGNETOMETER_Y,22.1151
2025-01-02 02:44:50,MAGNETOMETER_Z,26.0243
2025-01-02 02:45:00,REACTION_WHEEL_SPD_X,445.1092
2025-01-02 02:45:10,REACTION_WHEEL_SPD_Y,1680.1788
2025-01-02 02:45:20,REACTION_WHEEL_SPD_Z,436.9051
2025-01-02 02:45:30,ATTITUDE_ROLL,0.8299
2025-01-02 02:45:40,ATTITUDE_PITCH,0.4877
2025-01-02 02:45:50,ATTITUDE_YAW,2.0892
2025-01-02 02:46:00,STAR_TRACKER_VALID,0.687
2025-01-02 02:46:10,SUN_SENSOR_ANGLE,116.3063
2025-01-02 02:46:20,RF_SIGNAL_STRENGTH,-62.2085
2025-01-02 02:46:30,RF_NOISE_FLOOR,-90.5239
2025-01-02 02:46:40,TX_POWER,3.7501
2025-01-02 02:46:50,LINK_MARGIN,17.3784
2025-01-02 02:47:00,DATA_RATE_KBPS,154.9387
2025-01-02 02:47:10,PACKET_LOSS_RATE,1.3955
2025-01-02 02:47:20,CPU_USAGE,47.5775
2025-01-02 02:47:30,MEMORY_USAGE,49.1097
2025-01-02 02:47:40,FLASH_WRITE_RATE,3.8038
2025-01-02 02:47:50,WATCHDOG_COUNTER,78.7226
2025-01-02 02:48:00,TANK_PRESSURE,309.9554
2025-01-02 02:48:10,THRUSTER_VALVE_TEMP,20.8362
2025-01-02 02:48:20,BATT_VOLTAGE_1,28.281
2025-01-02 02:48:30,BATT_VOLTAGE_2,28.1298
2025-01-02 02:48:40,BATT_CURRENT_1,3.2786
2025-01-02 02:48:50,BATT_CURRENT_2,3.2235
2025-01-02 02:49:00,BATT_TEMP_1,27.4227
2025-01-02 02:49:10,BATT_TEMP_2,28.7632
2025-01-02 02:49:20,BATT_SOC,88.6594
2025-01-02 02:49:30,SOLAR_PANEL_VOLT_A,31.3564
2025-01-02 02:49:40,SOLAR_PANEL_VOLT_B,32.8259
2025-01-02 02:49:50,SOLAR_PANEL_CURR_A,5.9135
2025-01-02 02:50:00,SOLAR_PANEL_CURR_B,5.7889
2025-01-02 02:50:10,SOLAR_POWER_TOTAL,109.898
2025-01-02 02:50:20,BUS_VOLTAGE,28.7064
2025-01-02 02:50:30,BUS_CURRENT,9.5238
2025-01-02 02:50:40,THRUSTER_TEMP_1,26.6066
2025-01-02 02:50:50,THRUSTER_TEMP_2,26.5265
2025-01-02 02:51:00,PAYLOAD_TEMP_CAM,25.8944
2025-01-02 02:51:10,PAYLOAD_TEMP_SENSOR,23.3953
2025-01-02 02:51:20,OBC_TEMP,44.1743
2025-01-02 02:51:30,TRANS_TEMP,38.7747
2025-01-02 02:51:40,STRUCT_TEMP_PANEL_X,33.3373
2025-01-02 02:51:50,STRUCT_TEMP_PANEL_Y,24.4212
2025-01-02 02:52:00,STRUCT_TEMP_PANEL_Z,31.0216
2025-01-02 02:52:10,RADIATOR_TEMP,2.0605
2025-01-02 02:52:20,GYRO_X,0.0263
2025-01-02 02:52:30,GYRO_Y,0.0307
2025-01-02 02:52:40,GYRO_Z,0.0273
2025-01-02 02:52:50,MAGNETOMETER_X,13.845
2025-01-02 02:53:00,MAGNETOMETER_Y,8.1374
2025-01-02 02:53:10,MAGNETOMETER_Z,19.5754
2025-01-02 02:53:20,REACTION_WHEEL_SPD_X,1120.0702
2025-01-02 02:53:30,REACTION_WHEEL_SPD_Y,1404.952
2025-01-02 02:53:40,REACTION_WHEEL_SPD_Z,1215.8609
2025-01-02 02:53:50,ATTITUDE_ROLL,1.2861
2025-01-02 02:54:00,ATTITUDE_PITCH,1.3966
2025-01-02 02:54:10,ATTITUDE_YAW,2.8227
2025-01-02 02:54:20,STAR_TRACKER_VALID,0.7097
2025-01-02 02:54:30,SUN_SENSOR_ANGLE,127.2134
2025-01-02 02:54:40,RF_SIGNAL_STRENGTH,-56.5851
2025-01-02 02:54:50,RF_NOISE_FLOOR,-85.5814
2025-01-02 02:55:00,TX_POWER,3.8367
2025-01-02 02:55:10,LINK_MARGIN,19.567
2025-01-02 02:55:20,DATA_RATE_KBPS,123.871
2025-01-02 02:55:30,PACKET_LOSS_RATE,1.4826
2025-01-02 02:55:40,CPU_USAGE,46.1225
2025-01-02 02:55:50,MEMORY_USAGE,55.0121
2025-01-02 02:56:00,FLASH_WRITE_RATE,3.6918
2025-01-02 02:56:10,WATCHDOG_COUNTER,67.3618
2025-01-02 02:56:20,TANK_PRESSURE,307.5804
2025-01-02 02:56:30,THRUSTER_VALVE_TEMP,18.1902
2025-01-02 02:56:40,BATT_VOLTAGE_1,28.3871
2025-01-02 02:56:50,BATT_VOLTAGE_2,28.7222
2025-01-02 02:57:00,BATT_CURRENT_1,2.9578
2025-01-02 02:57:10,BATT_CURRENT_2,3.0309
2025-01-02 02:57:20,BATT_TEMP_1,28.1541
2025-01-02 02:57:30,BATT_TEMP_2,26.2187
2025-01-02 02:57:40,BATT_SOC,89.7015
2025-01-02 02:57:50,SOLAR_PANEL_VOLT_A,32.2258
2025-01-02 02:58:00,SOLAR_PANEL_VOLT_B,31.1501
2025-01-02 02:58:10,SOLAR_PANEL_CURR_A,6.548
2025-01-02 02:58:20,SOLAR_PANEL_CURR_B,6.8997
2025-01-02 02:58:30,SOLAR_POWER_TOTAL,114.5034
2025-01-02 02:58:40,BUS_VOLTAGE,28.7707
2025-01-02 02:58:50,BUS_CURRENT,10.044
2025-01-02 02:59:00,THRUSTER_TEMP_1,25.6573
2025-01-02 02:59:10,THRUSTER_TEMP_2,24.2598
2025-01-02 02:59:20,PAYLOAD_TEMP_CAM,24.871
2025-01-02 02:59:30,PAYLOAD_TEMP_SENSOR,23.9695
2025-01-02 02:59:40,OBC_TEMP,44.5762
2025-01-02 02:59:50,TRANS_TEMP,43.4416
2025-01-02 03:00:00,STRUCT_TEMP_PANEL_X,26.9592
2025-01-02 03:00:10,STRUCT_TEMP_PANEL_Y,19.7604
2025-01-02 03:00:20,STRUCT_TEMP_PANEL_Z,28.1269
2025-01-02 03:00:30,RADIATOR_TEMP,-8.2869
2025-01-02 03:00:40,GYRO_X,0.0089
2025-01-02 03:00:50,GYRO_Y,0.0315
2025-01-02 03:01:00,GYRO_Z,0.0132
2025-01-02 03:01:10,MAGNETOMETER_X,19.4922
2025-01-02 03:01:20,MAGNETOMETER_Y,6.9496
2025-01-02 03:01:30,MAGNETOMETER_Z,15.909
2025-01-02 03:01:40,REACTION_WHEEL_SPD_X,581.233
2025-01-02 03:01:50,REACTION_WHEEL_SPD_Y,1237.3058
2025-01-02 03:02:00,REACTION_WHEEL_SPD_Z,664.0187
2025-01-02 03:02:10,ATTITUDE_ROLL,0.6828
2025-01-02 03:02:20,ATTITUDE_PITCH,0.1684
2025-01-02 03:02:30,ATTITUDE_YAW,0.4858
2025-01-02 03:02:40,STAR_TRACKER_VALID,0.7415
2025-01-02 03:02:50,SUN_SENSOR_ANGLE,122.9943
2025-01-02 03:03:00,RF_SIGNAL_STRENGTH,-56.5423
2025-01-02 03:03:10,RF_NOISE_FLOOR,-89.2957
2025-01-02 03:03:20,TX_POWER,3.6565
2025-01-02 03:03:30,LINK_MARGIN,17.3651
2025-01-02 03:03:40,DATA_RATE_KBPS,138.5123
2025-01-02 03:03:50,PACKET_LOSS_RATE,1.4893
2025-01-02 03:04:00,CPU_USAGE,42.8026
2025-01-02 03:04:10,MEMORY_USAGE,50.8118
2025-01-02 03:04:20,FLASH_WRITE_RATE,3.4189
2025-01-02 03:04:30,WATCHDOG_COUNTER,59.8245
2025-01-02 03:04:40,TANK_PRESSURE,304.3417
2025-01-02 03:04:50,THRUSTER_VALVE_TEMP,19.2501
2025-01-02 03:05:00,BATT_VOLTAGE_1,28.594
2025-01-02 03:05:10,BATT_VOLTAGE_2,28.4367
2025-01-02 03:05:20,BATT_CURRENT_1,2.9057
2025-01-02 03:05:30,BATT_CURRENT_2,2.6673
2025-01-02 03:05:40,BATT_TEMP_1,30.1906
2025-01-02 03:05:50,BATT_TEMP_2,24.8742
2025-01-02 03:06:00,BATT_SOC,83.5677
2025-01-02 03:06:10,SOLAR_PANEL_VOLT_A,32.2333
2025-01-02 03:06:20,SOLAR_PANEL_VOLT_B,31.0703
2025-01-02 03:06:30,SOLAR_PANEL_CURR_A,6.4265
2025-01-02 03:06:40,SOLAR_PANEL_CURR_B,5.9996
2025-01-02 03:06:50,SOLAR_POWER_TOTAL,104.32
2025-01-02 03:07:00,BUS_VOLTAGE,29.1057
2025-01-02 03:07:10,BUS_CURRENT,9.8637
2025-01-02 03:07:20,THRUSTER_TEMP_1,27.3358
2025-01-02 03:07:30,THRUSTER_TEMP_2,24.328
2025-01-02 03:07:40,PAYLOAD_TEMP_CAM,23.1927
2025-01-02 03:07:50,PAYLOAD_TEMP_SENSOR,23.6338
2025-01-02 03:08:00,OBC_TEMP,49.5498
2025-01-02 03:08:10,TRANS_TEMP,41.1692
2025-01-02 03:08:20,STRUCT_TEMP_PANEL_X,30.288
2025-01-02 03:08:30,STRUCT_TEMP_PANEL_Y,28.859
2025-01-02 03:08:40,STRUCT_TEMP_PANEL_Z,31.3212
2025-01-02 03:08:50,RADIATOR_TEMP,-0.494
2025-01-02 03:09:00,GYRO_X,0.0086
2025-01-02 03:09:10,GYRO_Y,0.0181
2025-01-02 03:09:20,GYRO_Z,0.0119
2025-01-02 03:09:30,MAGNETOMETER_X,22.8436
2025-01-02 03:09:40,MAGNETOMETER_Y,12.1254
2025-01-02 03:09:50,MAGNETOMETER_Z,24.9093
2025-01-02 03:10:00,REACTION_WHEEL_SPD_X,1300.6227
2025-01-02 03:10:10,REACTION_WHEEL_SPD_Y,1568.0147
2025-01-02 03:10:20,REACTION_WHEEL_SPD_Z,679.3974
2025-01-02 03:10:30,ATTITUDE_ROLL,1.9099
2025-01-02 03:10:40,ATTITUDE_PITCH,0.4538
2025-01-02 03:10:50,ATTITUDE_YAW,1.4239
2025-01-02 03:11:00,STAR_TRACKER_VALID,0.7886
2025-01-02 03:11:10,SUN_SENSOR_ANGLE,106.0252
2025-01-02 03:11:20,RF_SIGNAL_STRENGTH,-53.5805
2025-01-02 03:11:30,RF_NOISE_FLOOR,-85.2536
2025-01-02 03:11:40,TX_POWER,3.9143
2025-01-02 03:11:50,LINK_MARGIN,17.1544
2025-01-02 03:12:00,DATA_RATE_KBPS,146.4743
2025-01-02 03:12:10,PACKET_LOSS_RATE,1.2789
2025-01-02 03:12:20,CPU_USAGE,36.7952
2025-01-02 03:12:30,MEMORY_USAGE,64.2155
2025-01-02 03:12:40,FLASH_WRITE_RATE,3.4593
2025-01-02 03:12:50,WATCHDOG_COUNTER,51.8872
2025-01-02 03:13:00,TANK_PRESSURE,300.3658
2025-01-02 03:13:10,THRUSTER_VALVE_TEMP,20.0735
2025-01-02 03:13:20,BATT_VOLTAGE_1,28.1841
2025-01-02 03:13:30,BATT_VOLTAGE_2,28.2052
2025-01-02 03:13:40,BATT_CURRENT_1,3.3204
2025-01-02 03:13:50,BATT_CURRENT_2,2.8351
2025-01-02 03:14:00,BATT_TEMP_1,27.4449
2025-01-02 03:14:10,BATT_TEMP_2,30.7843
2025-01-02 03:14:20,BATT_SOC,88.8856
2025-01-02 03:14:30,SOLAR_PANEL_VOLT_A,31.5593
2025-01-02 03:14:40,SOLAR_PANEL_VOLT_B,32.6076
2025-01-02 03:14:50,SOLAR_PANEL_CURR_A,5.959
2025-01-02 03:15:00,SOLAR_PANEL_CURR_B,6.4576
2025-01-02 03:15:10,SOLAR_POWER_TOTAL,107.236
2025-01-02 03:15:20,BUS_VOLTAGE,28.8063
2025-01-02 03:15:30,BUS_CURRENT,9.254
2025-01-02 03:15:40,THRUSTER_TEMP_1,21.5166
2025-01-02 03:15:50,THRUSTER_TEMP_2,24.8178
2025-01-02 03:16:00,PAYLOAD_TEMP_CAM,25.8461
2025-01-02 03:16:10,PAYLOAD_TEMP_SENSOR,22.7022
2025-01-02 03:16:20,OBC_TEMP,42.6388
2025-01-02 03:16:30,TRANS_TEMP,38.077
2025-01-02 03:16:40,STRUCT_TEMP_PANEL_X,33.1526
2025-01-02 03:16:50,STRUCT_TEMP_PANEL_Y,26.706
2025-01-02 03:17:00,STRUCT_TEMP_PANEL_Z,32.1248
2025-01-02 03:17:10,RADIATOR_TEMP,0.158
2025-01-02 03:17:20,GYRO_X,0.0315
2025-01-02 03:17:30,GYRO_Y,0.0146
2025-01-02 03:17:40,GYRO_Z,0.011
2025-01-02 03:17:50,MAGNETOMETER_X,39.2451
2025-01-02 03:18:00,MAGNETOMETER_Y,-0.1796
2025-01-02 03:18:10,MAGNETOMETER_Z,7.9261
2025-01-02 03:18:20,REACTION_WHEEL_SPD_X,-29.6896
2025-01-02 03:18:30,REACTION_WHEEL_SPD_Y,1322.1241
2025-01-02 03:18:40,REACTION_WHEEL_SPD_Z,1566.8171
2025-01-02 03:18:50,ATTITUDE_ROLL,1.0393
2025-01-02 03:19:00,ATTITUDE_PITCH,-0.0987
2025-01-02 03:19:10,ATTITUDE_YAW,0.986
2025-01-02 03:19:20,STAR_TRACKER_VALID,0.716
2025-01-02 03:19:30,SUN_SENSOR_ANGLE,140.4492
2025-01-02 03:19:40,RF_SIGNAL_STRENGTH,-58.6798
2025-01-02 03:19:50,RF_NOISE_FLOOR,-90.2252
2025-01-02 03:20:00,TX_POWER,3.3007
2025-01-02 03:20:10,LINK_MARGIN,20.4758
2025-01-02 03:20:20,DATA_RATE_KBPS,161.0687
2025-01-02 03:20:30,PACKET_LOSS_RATE,1.5353
2025-01-02 03:20:40,CPU_USAGE,44.0249
2025-01-02 03:20:50,MEMORY_USAGE,55.5544
2025-01-02 03:21:00,FLASH_WRITE_RATE,3.827
2025-01-02 03:21:10,WATCHDOG_COUNTER,72.4192
2025-01-02 03:21:20,TANK_PRESSURE,301.9429
2025-01-02 03:21:30,THRUSTER_VALVE_TEMP,21.1337
2025-01-02 03:21:40,BATT_VOLTAGE_1,28.8096
2025-01-02 03:21:50,BATT_VOLTAGE_2,28.7755
2025-01-02 03:22:00,BATT_CURRENT_1,2.8393
2025-01-02 03:22:10,BATT_CURRENT_2,3.1262
2025-01-02 03:22:20,BATT_TEMP_1,29.9215
2025-01-02 03:22:30,BATT_TEMP_2,28.7667
2025-01-02 03:22:40,BATT_SOC,86.8212
2025-01-02 03:22:50,SOLAR_PANEL_VOLT_A,32.3378
2025-01-02 03:23:00,SOLAR_PANEL_VOLT_B,31.6254
2025-01-02 03:23:10,SOLAR_PANEL_CURR_A,6.1044
2025-01-02 03:23:20,SOLAR_PANEL_CURR_B,6.759
2025-01-02 03:23:30,SOLAR_POWER_TOTAL,113.842
2025-01-02 03:23:40,BUS_VOLTAGE,29.0305
2025-01-02 03:23:50,BUS_CURRENT,8.8965
2025-01-02 03:24:00,THRUSTER_TEMP_1,22.8927
2025-01-02 03:24:10,THRUSTER_TEMP_2,22.3886
2025-01-02 03:24:20,PAYLOAD_TEMP_CAM,24.4739
2025-01-02 03:24:30,PAYLOAD_TEMP_SENSOR,25.733
2025-01-02 03:24:40,OBC_TEMP,47.5531
2025-01-02 03:24:50,TRANS_TEMP,42.8365
2025-01-02 03:25:00,STRUCT_TEMP_PANEL_X,34.3722
2025-01-02 03:25:10,STRUCT_TEMP_PANEL_Y,29.6896
2025-01-02 03:25:20,STRUCT_TEMP_PANEL_Z,31.119
2025-01-02 03:25:30,RADIATOR_TEMP,-1.7593
2025-01-02 03:25:40,GYRO_X,0.0371
2025-01-02 03:25:50,GYRO_Y,0.0336
2025-01-02 03:26:00,GYRO_Z,0.0318
2025-01-02 03:26:10,MAGNETOMETER_X,22.003
2025-01-02 03:26:20,MAGNETOMETER_Y,24.3128
2025-01-02 03:26:30,MAGNETOMETER_Z,32.0385
2025-01-02 03:26:40,REACTION_WHEEL_SPD_X,752.193
2025-01-02 03:26:50,REACTION_WHEEL_SPD_Y,1541.8942
2025-01-02 03:27:00,REACTION_WHEEL_SPD_Z,1361.1594
2025-01-02 03:27:10,ATTITUDE_ROLL,-0.0003
2025-01-02 03:27:20,ATTITUDE_PITCH,0.6382
2025-01-02 03:27:30,ATTITUDE_YAW,0.6841
2025-01-02 03:27:40,STAR_TRACKER_VALID,0.726
2025-01-02 03:27:50,SUN_SENSOR_ANGLE,126.3253
2025-01-02 03:28:00,RF_SIGNAL_STRENGTH,-53.8737
2025-01-02 03:28:10,RF_NOISE_FLOOR,-88.0533
2025-01-02 03:28:20,TX_POWER,3.4518
2025-01-02 03:28:30,LINK_MARGIN,21.4966
2025-01-02 03:28:40,DATA_RATE_KBPS,153.3292
2025-01-02 03:28:50,PACKET_LOSS_RATE,1.4221
2025-01-02 03:29:00,CPU_USAGE,44.399
2025-01-02 03:29:10,MEMORY_USAGE,53.15
2025-01-02 03:29:20,FLASH_WRITE_RATE,3.4974
2025-01-02 03:29:30,WATCHDOG_COUNTER,73.9483
2025-01-02 03:29:40,TANK_PRESSURE,307.9579
2025-01-02 03:29:50,THRUSTER_VALVE_TEMP,22.3872
2025-01-02 03:30:00,BATT_VOLTAGE_1,28.7023
2025-01-02 03:30:10,BATT_VOLTAGE_2,28.5372
2025-01-02 03:30:20,BATT_CURRENT_1,3.0968
2025-01-02 03:30:30,BATT_CURRENT_2,3.349
2025-01-02 03:30:40,BATT_TEMP_1,28.0868
2025-01-02 03:30:50,BATT_TEMP_2,25.6887
2025-01-02 03:31:00,BATT_SOC,90.0232
2025-01-02 03:31:10,SOLAR_PANEL_VOLT_A,30.7339
2025-01-02 03:31:20,SOLAR_PANEL_VOLT_B,31.6622
2025-01-02 03:31:30,SOLAR_PANEL_CURR_A,6.8608
2025-01-02 03:31:40,SOLAR_PANEL_CURR_B,6.8087
2025-01-02 03:31:50,SOLAR_POWER_TOTAL,109.4644
2025-01-02 03:32:00,BUS_VOLTAGE,28.7822
2025-01-02 03:32:10,BUS_CURRENT,9.5297
2025-01-02 03:32:20,THRUSTER_TEMP_1,25.0917
2025-01-02 03:32:30,THRUSTER_TEMP_2,24.8369
2025-01-02 03:32:40,PAYLOAD_TEMP_CAM,24.2548
2025-01-02 03:32:50,PAYLOAD_TEMP_SENSOR,24.3959
2025-01-02 03:33:00,OBC_TEMP,50.2223
2025-01-02 03:33:10,TRANS_TEMP,42.7544
2025-01-02 03:33:20,STRUCT_TEMP_PANEL_X,32.3717
2025-01-02 03:33:30,STRUCT_TEMP_PANEL_Y,35.3297
2025-01-02 03:33:40,STRUCT_TEMP_PANEL_Z,30.2742
2025-01-02 03:33:50,RADIATOR_TEMP,-8.0833
2025-01-02 03:34:00,GYRO_X,0.0301
2025-01-02 03:34:10,GYRO_Y,0.0031
2025-01-02 03:34:20,GYRO_Z,0.0363
2025-01-02 03:34:30,MAGNETOMETER_X,23.5936
2025-01-02 03:34:40,MAGNETOMETER_Y,12.445
2025-01-02 03:34:50,MAGNETOMETER_Z,0.8163
2025-01-02 03:35:00,REACTION_WHEEL_SPD_X,989.8005
2025-01-02 03:35:10,REACTION_WHEEL_SPD_Y,1392.2824
2025-01-02 03:35:20,REACTION_WHEEL_SPD_Z,545.6096
2025-01-02 03:35:30,ATTITUDE_ROLL,1.3169
2025-01-02 03:35:40,ATTITUDE_PITCH,0.9028
2025-01-02 03:35:50,ATTITUDE_YAW,0.6938
2025-01-02 03:36:00,STAR_TRACKER_VALID,0.6276
2025-01-02 03:36:10,SUN_SENSOR_ANGLE,119.4787
2025-01-02 03:36:20,RF_SIGNAL_STRENGTH,-60.7196
2025-01-02 03:36:30,RF_NOISE_FLOOR,-85.9019
2025-01-02 03:36:40,TX_POWER,4.0316
2025-01-02 03:36:50,LINK_MARGIN,17.3941
2025-01-02 03:37:00,DATA_RATE_KBPS,142.6748
2025-01-02 03:37:10,PACKET_LOSS_RATE,1.3183
2025-01-02 03:37:20,CPU_USAGE,46.8607
2025-01-02 03:37:30,MEMORY_USAGE,60.3594
2025-01-02 03:37:40,FLASH_WRITE_RATE,3.3822
2025-01-02 03:37:50,WATCHDOG_COUNTER,50.3977
2025-01-02 03:38:00,TANK_PRESSURE,307.0098
2025-01-02 03:38:10,THRUSTER_VALVE_TEMP,19.1444
2025-01-02 03:38:20,BATT_VOLTAGE_1,28.1354
2025-01-02 03:38:30,BATT_VOLTAGE_2,28.2869
2025-01-02 03:38:40,BATT_CURRENT_1,2.7734
2025-01-02 03:38:50,BATT_CURRENT_2,2.6378
2025-01-02 03:39:00,BATT_TEMP_1,29.239
2025-01-02 03:39:10,BATT_TEMP_2,27.8414
2025-01-02 03:39:20,BATT_SOC,84.2748
2025-01-02 03:39:30,SOLAR_PANEL_VOLT_A,32.3152
2025-01-02 03:39:40,SOLAR_PANEL_VOLT_B,31.4407
2025-01-02 03:39:50,SOLAR_PANEL_CURR_A,6.33
2025-01-02 03:40:00,SOLAR_PANEL_CURR_B,6.1145
2025-01-02 03:40:10,SOLAR_POWER_TOTAL,113.6674
2025-01-02 03:40:20,BUS_VOLTAGE,29.0982
2025-01-02 03:40:30,BUS_CURRENT,9.1648
2025-01-02 03:40:40,THRUSTER_TEMP_1,25.6317
2025-01-02 03:40:50,THRUSTER_TEMP_2,23.6897
2025-01-02 03:41:00,PAYLOAD_TEMP_CAM,25.4287
2025-01-02 03:41:10,PAYLOAD_TEMP_SENSOR,24.077
2025-01-02 03:41:20,OBC_TEMP,47.2093
2025-01-02 03:41:30,TRANS_TEMP,40.1229
2025-01-02 03:41:40,STRUCT_TEMP_PANEL_X,20.6809
2025-01-02 03:41:50,STRUCT_TEMP_PANEL_Y,26.3005
2025-01-02 03:42:00,STRUCT_TEMP_PANEL_Z,31.8275
2025-01-02 03:42:10,RADIATOR_TEMP,3.4119
2025-01-02 03:42:20,GYRO_X,0.0108
2025-01-02 03:42:30,GYRO_Y,0.0248
2025-01-02 03:42:40,GYRO_Z,0.0335
2025-01-02 03:42:50,MAGNETOMETER_X,6.0246
2025-01-02 03:43:00,MAGNETOMETER_Y,6.7376
2025-01-02 03:43:10,MAGNETOMETER_Z,11.6834
2025-01-02 03:43:20,REACTION_WHEEL_SPD_X,502.5068
2025-01-02 03:43:30,REACTION_WHEEL_SPD_Y,38.0004
2025-01-02 03:43:40,REACTION_WHEEL_SPD_Z,1097.9782
2025-01-02 03:43:50,ATTITUDE_ROLL,0.905
2025-01-02 03:44:00,ATTITUDE_PITCH,0.6284
2025-01-02 03:44:10,ATTITUDE_YAW,0.6217
2025-01-02 03:44:20,STAR_TRACKER_VALID,0.8122
2025-01-02 03:44:30,SUN_SENSOR_ANGLE,123.6778
2025-01-02 03:44:40,RF_SIGNAL_STRENGTH,-56.9144
2025-01-02 03:44:50,RF_NOISE_FLOOR,-92.629
2025-01-02 03:45:00,TX_POWER,3.9192
2025-01-02 03:45:10,LINK_MARGIN,14.6697
2025-01-02 03:45:20,DATA_RATE_KBPS,152.8068
2025-01-02 03:45:30,PACKET_LOSS_RATE,1.552
2025-01-02 03:45:40,CPU_USAGE,40.6341
2025-01-02 03:45:50,MEMORY_USAGE,54.3947
2025-01-02 03:46:00,FLASH_WRITE_RATE,3.2768
2025-01-02 03:46:10,WATCHDOG_COUNTER,76.5183
2025-01-02 03:46:20,TANK_PRESSURE,303.0511
2025-01-02 03:46:30,THRUSTER_VALVE_TEMP,22.3558
