timestamp,ATTITUDE_PITCH,ATTITUDE_ROLL,ATTITUDE_YAW,BATT_CURRENT,BATT_VOLTAGE,CPU_TEMP,DATA_RATE,GYRO_X,GYRO_Y,GYRO_Z,MEMORY_USAGE,PAYLOAD_TEMP,RF_SIGNAL_STRENGTH,SOLAR_POWER,THRUSTER_TEMP
2025-01-01 00:00:00,0.0094,0.1043,-0.0941,2.3773,28.0035,44.7354,99.5262,-0.0032,-0.0101,-0.0028,53.2221,24.8144,-67.9787,100.4357,23.0362
2025-01-01 00:00:10,0.0094,0.1043,-0.0941,2.3773,28.0035,44.7354,99.5262,-0.0032,-0.0101,-0.0028,53.2221,24.8144,-67.9787,100.4357,23.0362
2025-01-01 00:00:20,0.0094,0.1043,-0.0941,2.3773,28.0035,44.7354,99.5262,-0.0032,-0.0101,-0.0028,53.2221,24.8144,-67.9787,100.4357,23.0362
2025-01-01 00:00:30,0.0094,0.1043,-0.0941,2.3773,28.0035,44.7354,99.5262,-0.0032,-0.0101,0.0108,53.2221,24.8144,-67.9787,100.4357,23.0362
2025-01-01 00:00:40,0.0094,0.1043,-0.0941,2.3773,28.0035,44.7354,99.5262,-0.0032,-0.0101,0.0108,53.2221,24.8144,-67.9787,100.4357,23.0362
2025-01-01 00:00:50,0.0094,-0.0923,-0.0941,2.3773,28.0035,44.7354,99.5262,-0.0032,-0.0101,0.0108,53.2221,24.8144,-67.9787,100.4357,23.0362
2025-01-01 00:01:00,0.0094,-0.089,-0.0941,2.3773,28.0035,44.7354,99.5262,-0.0032,-0.0101,0.0108,53.2221,24.8144,-67.9787,100.4357,23.0362
2025-01-01 00:01:10,0.0094,0.0416,-0.0941,2.3773,28.0035,44.7354,99.5262,-0.0032,-0.0101,0.0108,53.2221,24.8144,-67.9787,100.4357,23.0362
2025-01-01 00:01:20,0.0094,0.0416,-0.0941,2.3773,28.0035,44.7354,99.5262,-0.0032,-0.0101,0.0108,53.2221,24.8144,-67.9787,100.4357,23.0362
2025-01-01 00:01:30,0.0094,0.0416,-0.0941,2.3773,28.0035,44.7354,99.5262,-0.0032,-0.0101,0.0108,53.2221,24.8144,-67.9787,100.4357,23.0362
2025-01-01 00:01:40,0.0094,0.0416,-0.0941,2.3773,28.0035,44.7354,99.5262,-0.0032,-0.0101,0.0108,53.2221,24.8144,-67.9787,100.4357,23.0362
2025-01-01 00:01:50,0.0094,0.0416,-0.0941,2.3773,28.0035,44.7354,99.5262,-0.0032,-0.0101,0.0108,53.2221,24.8144,-67.9787,100.4357,23.0362
2025-01-01 00:02:00,0.0094,0.0416,-0.0941,2.3773,28.0035,44.7354,99.5262,-0.0032,-0.0101,0.0108,53.2221,24.8144,-67.9787,100.4357,23.0362
2025-01-01 00:02:10,0.0094,0.0416,-0.0941,2.3773,28.0035,44.7354,99.5262,-0.0032,-0.0101,0.0108,53.2221,24.8144,-67.9787,100.4357,23.0362
2025-01-01 00:02:20,0.0094,0.0416,-0.0941,2.3773,28.0035,44.7354,99.5262,-0.0032,-0.0101,0.0108,53.2221,24.8144,-67.9787,101.0099,23.0362
2025-01-01 00:02:30,0.1853,0.0416,-0.0941,2.3773,28.0035,44.7354,99.5262,-0.0032,-0.0101,0.0108,53.2221,24.8144,-67.9787,101.0099,23.0362
2025-01-01 00:02:40,0.1853,0.0416,-0.0941,2.3773,28.0035,44.7354,99.5262,-0.0032,-0.0101,-0.0096,53.2221,24.8144,-67.9787,101.0099,23.0362
2025-01-01 00:02:50,0.1853,0.0416,0.6131,2.3773,28.0035,44.7354,99.5262,-0.0032,-0.0101,-0.0096,53.2221,24.8144,-67.9787,101.0099,23.0362
2025-01-01 00:03:00,0.1853,0.0416,0.6131,2.3773,28.0035,44.7354,99.5262,-0.0032,-0.0101,-0.0096,53.2221,24.8144,-67.9787,101.0099,23.0362
2025-01-01 00:03:10,0.1853,0.0416,0.6131,2.3773,28.0035,44.7354,99.5262,-0.0032,-0.0101,-0.0096,53.2221,24.8144,-67.9787,101.0099,22.6705
2025-01-01 00:03:20,0.1853,0.0416,0.6131,2.3773,28.0035,44.7354,99.5262,-0.0032,-0.0101,0.0063,53.2221,24.8144,-67.9787,101.0099,22.6705
2025-01-01 00:03:30,0.1853,0.0416,0.6131,2.3773,28.0035,44.7354,99.5262,-0.0032,-0.0101,0.0063,53.2221,24.8144,-67.9787,101.0101,22.6705
2025-01-01 00:03:40,0.1853,0.0416,0.6131,2.3773,28.0035,44.7354,94.7253,-0.0032,-0.0101,0.0063,53.2221,24.8144,-67.9787,101.0101,22.6705
2025-01-01 00:03:50,0.1853,0.0416,0.6131,2.3773,28.0035,44.7354,94.7253,-0.0032,-0.0101,0.0063,53.2221,24.8144,-67.9787,101.0101,22.6705
2025-01-01 00:04:00,0.1853,0.0416,0.6131,2.3773,28.0035,44.7354,94.7253,-0.0032,-0.0101,0.0063,53.2221,24.8144,-67.9787,101.0101,22.6705
2025-01-01 00:04:10,0.1853,0.0416,0.6131,2.3773,28.0035,44.8039,94.7253,-0.0032,-0.0101,0.0063,53.2221,24.8144,-67.9787,101.0101,22.6705
2025-01-01 00:04:20,0.1853,0.0416,0.6131,2.3773,28.0035,44.8039,94.7253,-0.0032,-0.0101,0.0063,53.2221,24.8144,-67.9787,101.0101,22.6705
2025-01-01 00:04:30,0.1853,0.0416,0.6131,2.3773,28.0035,44.1257,94.7253,-0.0032,-0.0101,0.0063,53.2221,24.8144,-67.9787,101.0101,22.6705
2025-01-01 00:04:40,0.1853,0.0416,0.6131,2.3773,28.0035,44.1257,96.3435,-0.0032,-0.0101,0.0063,53.2221,24.8144,-67.9787,101.0101,22.6705
2025-01-01 00:04:50,0.1853,0.0416,0.6131,2.3773,28.0035,44.1257,106.854,-0.0032,-0.0101,0.0063,53.2221,24.8144,-67.9787,101.0101,22.6705
2025-01-01 00:05:00,0.1853,0.0416,0.6131,2.3773,28.0035,44.1257,106.854,-0.0032,-0.0101,0.0038,53.2221,24.8144,-67.9787,101.0101,22.6705
2025-01-01 00:05:10,0.1853,0.0416,0.6131,2.3773,28.0035,44.1257,106.854,0.0011,-0.0101,0.0038,53.2221,24.8144,-67.9787,101.0101,22.6705
2025-01-01 00:05:20,0.1853,0.0416,0.6131,2.3773,28.0035,44.1257,106.854,0.0011,-0.0101,0.0038,56.4621,24.8144,-67.9787,101.0101,22.6705
2025-01-01 00:05:30,0.1853,0.0416,-0.1654,2.3773,28.0035,44.1257,106.854,0.0011,-0.0101,0.0038,56.4621,24.8144,-67.9787,101.0101,22.6705
2025-01-01 00:05:40,0.1114,0.0416,-0.1654,2.3773,28.0035,44.1257,106.854,0.0011,-0.0101,0.0038,56.4621,24.8144,-67.9787,101.0101,22.6705
2025-01-01 00:05:50,-0.3086,0.0416,-0.1654,2.3773,28.0035,44.1257,106.854,0.0011,-0.0101,0.0038,56.4621,24.8144,-67.9787,101.0101,22.6705
2025-01-01 00:06:00,-0.3086,0.0416,-0.1654,2.3773,28.0035,44.1257,106.854,0.0011,-0.0101,0.0038,56.2124,24.8144,-67.9787,101.0101,22.6705
2025-01-01 00:06:10,-0.3086,0.0416,-0.1654,2.3773,28.0035,44.1257,106.854,0.0011,-0.0101,0.0038,56.2124,24.8144,-67.9787,102.2403,22.6705
2025-01-01 00:06:20,-0.3086,0.0416,-0.1654,2.3773,28.0035,44.1257,106.854,0.0011,-0.0101,0.0038,56.2124,24.8144,-67.9787,98.7989,22.6705
2025-01-01 00:06:30,-0.3086,0.0416,-0.1654,2.3773,28.0035,44.1257,106.854,0.0011,-0.0101,-0.0003,56.2124,24.8144,-67.9787,98.7989,22.6705
2025-01-01 00:06:40,-0.2514,0.0416,-0.1654,2.3773,28.0035,44.1257,106.854,0.0011,-0.0101,-0.0003,56.2124,24.8144,-67.9787,98.7989,22.6705
2025-01-01 00:06:50,-0.2514,0.0416,-0.1654,2.3773,28.0035,44.1257,106.854,0.0011,-0.0101,0.0068,56.2124,24.8144,-67.9787,98.7989,22.6705
2025-01-01 00:07:00,-0.2514,0.0416,-0.1654,2.3773,28.0035,44.1257,106.854,0.0011,-0.0101,0.0074,56.2124,24.8144,-67.9787,98.7989,22.6705
2025-01-01 00:07:10,-0.2514,0.0416,-0.1654,2.3773,28.0035,44.1257,106.854,0.0011,-0.0101,0.0074,56.2124,24.8144,-67.9787,98.7989,23.7518
2025-01-01 00:07:20,-0.2514,0.1468,-0.1654,2.3773,28.0035,44.1257,106.854,0.0011,-0.0101,0.0074,56.2124,24.8144,-67.9787,98.7989,23.7518
2025-01-01 00:07:30,-0.2514,0.1468,-0.1654,2.3773,28.0035,44.1257,106.854,0.0011,-0.0101,0.0074,56.2124,24.8144,-67.9787,97.1966,23.7518
2025-01-01 00:07:40,-0.2514,0.1468,-0.1654,2.3773,28.0035,44.1257,106.854,-0.0032,-0.0101,0.0074,56.2124,24.8144,-67.9787,97.1966,23.7518
2025-01-01 00:07:50,-0.2514,0.1468,-0.1654,2.3773,28.0035,44.1257,105.3967,-0.0032,-0.0101,0.0074,56.2124,24.8144,-67.9787,97.1966,23.7518
2025-01-01 00:08:00,-0.2514,0.1468,-0.1654,2.3773,28.0035,44.1257,105.3967,-0.0032,-0.0101,0.0008,56.2124,24.8144,-67.9787,97.1966,23.7518
2025-01-01 00:08:10,-0.2514,0.1468,-0.1654,2.3773,28.0035,44.1257,105.3967,-0.0032,-0.0101,0.0008,56.2124,24.8144,-67.9787,98.6842,23.7518
2025-01-01 00:08:20,-0.2514,0.1468,-0.1654,2.3773,28.0035,44.1257,105.3967,-0.0032,-0.0101,0.0008,56.2124,25.1271,-67.9787,98.6842,23.7518
2025-01-01 00:08:30,-0.2514,0.1468,-0.1654,2.3773,28.0035,44.1257,105.3967,-0.0032,-0.0101,0.0008,56.9221,25.1271,-67.9787,98.6842,23.7518
2025-01-01 00:08:40,-0.2514,0.1468,-0.1654,2.3773,28.0035,45.1068,105.3967,-0.0032,-0.0101,0.0008,56.9221,25.1271,-67.9787,98.6842,23.7518
2025-01-01 00:08:50,-0.2514,0.1468,-0.1654,2.3773,28.0035,45.1068,105.3967,-0.0032,-0.0101,0.0008,56.0348,25.1271,-67.9787,98.6842,23.7518
2025-01-01 00:09:00,-0.2514,0.1468,-0.1654,2.3773,28.0035,45.1068,105.3967,-0.0032,-0.0101,0.0008,56.0348,24.7749,-67.9787,98.6842,23.7518
2025-01-01 00:09:10,-0.2514,0.1468,-0.1654,2.3773,28.0035,45.1068,105.3967,-0.0032,-0.0101,0.0054,56.0348,24.7749,-67.9787,98.6842,23.7518
2025-01-01 00:09:20,-0.2514,0.1468,-0.1654,2.3773,28.0035,45.1068,105.3967,-0.0032,-0.0101,0.0054,56.0348,24.7749,-63.4152,98.6842,23.7518
2025-01-01 00:09:30,-0.2514,0.1468,0.3594,2.3773,28.0035,45.1068,105.3967,-0.0032,-0.0101,0.0054,56.0348,24.7749,-63.4152,98.6842,23.7518
2025-01-01 00:09:40,-0.2514,0.1468,0.3594,2.3773,28.0035,45.1068,105.3967,-0.0032,-0.0101,0.0054,54.6307,24.7749,-63.4152,98.6842,23.7518
2025-01-01 00:09:50,-0.2514,0.1468,0.3594,2.3773,28.0035,45.1068,105.3967,-0.0032,-0.0101,0.0054,54.6307,24.7749,-63.4152,98.6842,23.0271
2025-01-01 00:10:00,-0.2514,0.1468,0.3594,2.3773,28.0035,45.1068,105.3967,-0.0032,-0.0101,0.0054,54.6307,24.7749,-63.4152,98.6842,22.9809
2025-01-01 00:10:10,-0.2514,0.1468,0.3594,2.3773,28.0035,45.1068,94.9208,-0.0032,-0.0101,0.0054,54.6307,24.7749,-63.4152,98.6842,22.9809
2025-01-01 00:10:20,-0.2514,0.1468,0.3594,2.3773,28.0035,45.1068,94.9208,-0.0032,-0.0101,0.0054,54.6307,24.7749,-65.5773,98.6842,22.9809
2025-01-01 00:10:30,0.0071,0.1468,0.3594,2.3773,28.0035,45.1068,94.9208,-0.0032,-0.0101,0.0054,54.6307,24.7749,-65.5773,98.6842,22.9809
2025-01-01 00:10:40,0.0071,0.1468,0.3594,2.3773,28.0035,45.1068,94.9208,-0.0032,-0.0101,0.0007,54.6307,24.7749,-65.5773,98.6842,22.9809
2025-01-01 00:10:50,0.0071,0.1468,0.3594,2.3773,28.0035,45.1068,94.9208,-0.0032,-0.0101,0.0007,54.6307,24.7749,-63.6966,98.6842,22.9809
2025-01-01 00:11:00,0.0071,0.1468,0.3594,2.3773,28.0035,45.1068,97.7196,-0.0032,-0.0101,0.0007,54.6307,24.7749,-63.6966,98.6842,22.9809
2025-01-01 00:11:10,0.0071,0.1468,0.3594,2.3773,28.0035,45.1068,97.7196,-0.0032,-0.0101,0.0007,54.6307,24.7749,-65.1293,98.6842,22.9809
2025-01-01 00:11:20,0.4744,0.1468,0.3594,2.3773,28.0035,45.1068,97.7196,-0.0032,-0.0101,0.0007,54.6307,24.7749,-65.1293,98.6842,22.9809
2025-01-01 00:11:30,0.4744,0.1468,0.1398,2.3773,28.0035,45.1068,97.7196,-0.0032,-0.0101,0.0007,54.6307,24.7749,-65.1293,98.6842,22.9809
2025-01-01 00:11:40,0.4744,0.1468,0.1398,2.3773,28.0035,45.1068,97.7196,-0.0032,-0.0101,0.0007,54.6307,24.7749,-65.1293,98.6842,22.8866
2025-01-01 00:11:50,0.4744,-0.0137,0.1398,2.3773,28.0035,45.1068,97.7196,-0.0032,-0.0101,0.0007,54.6307,24.7749,-65.1293,98.6842,22.8866
2025-01-01 00:12:00,-0.0422,-0.0137,0.1398,2.3773,28.0035,45.1068,97.7196,-0.0032,-0.0101,0.0007,54.6307,24.7749,-65.1293,98.6842,22.8866
2025-01-01 00:12:10,-0.0422,-0.0137,0.1558,2.3773,28.0035,45.1068,97.7196,-0.0032,-0.0101,0.0007,54.6307,24.7749,-65.1293,98.6842,22.8866
2025-01-01 00:12:20,-0.0422,-0.0137,0.1558,2.3773,28.0035,46.2822,97.7196,-0.0032,-0.0101,0.0007,54.6307,24.7749,-65.1293,98.6842,22.8866
2025-01-01 00:12:30,-0.0422,-0.0137,0.1558,2.3773,28.0035,46.2822,97.7196,-0.0032,-0.0101,0.0007,54.6307,24.7749,-65.1293,98.8319,22.8866
2025-01-01 00:12:40,-0.0422,-0.0137,0.1558,2.3773,28.0035,46.2822,97.7196,-0.0032,-0.0101,0.0007,54.6307,24.7749,-65.1293,98.8319,22.8866
2025-01-01 00:12:50,-0.0422,-0.0137,0.1558,2.3773,28.0399,46.2822,97.7196,-0.0032,-0.0101,0.0007,54.6307,24.7749,-65.1293,98.8319,22.8866
2025-01-01 00:13:00,-0.0422,-0.0137,0.1558,2.3773,27.9915,46.2822,97.7196,-0.0032,-0.0101,0.0007,54.6307,24.7749,-65.1293,98.8319,22.8866
2025-01-01 00:13:10,-0.0422,-0.0137,0.1558,2.3773,27.9915,46.2822,97.7196,-0.0032,-0.0101,0.0007,54.6307,24.7749,-65.1293,98.8319,23.037
2025-01-01 00:13:20,-0.0422,-0.0137,0.8223,2.3773,27.9915,46.2822,97.7196,-0.0032,-0.0101,0.0007,54.6307,24.7749,-65.1293,98.8319,23.037
2025-01-01 00:13:30,-0.0422,-0.0137,0.8223,2.3773,27.9915,46.2822,97.7196,-0.0032,-0.0101,0.0007,54.6307,24.7749,-63.11,98.8319,23.037
2025-01-01 00:13:40,-0.0422,-0.0137,0.8223,2.3773,27.9712,46.2822,97.7196,-0.0032,-0.0101,0.0007,54.6307,24.7749,-63.11,98.8319,23.037
2025-01-01 00:13:50,-0.0422,-0.0137,0.8223,2.3773,27.9712,46.9046,97.7196,-0.0032,-0.0101,0.0007,54.6307,24.7749,-63.11,98.8319,23.037
2025-01-01 00:14:00,-0.0422,-0.0137,0.8223,2.6114,27.9712,46.9046,97.7196,-0.0032,-0.0101,0.0007,54.6307,24.7749,-63.11,98.8319,23.037
2025-01-01 00:14:10,-0.0422,-0.0137,0.8223,2.6114,28.2724,46.9046,97.7196,-0.0032,-0.0101,0.0007,54.6307,24.7749,-63.11,98.8319,23.037
2025-01-01 00:14:20,-0.0902,-0.0137,0.8223,2.6114,28.2724,46.9046,97.7196,-0.0032,-0.0101,0.0007,54.6307,24.7749,-63.11,98.8319,23.037
2025-01-01 00:14:30,-0.0902,-0.0137,0.8223,2.6114,28.2724,46.9046,97.7196,-0.0032,-0.0101,0.0007,54.9689,24.7749,-63.11,98.8319,23.037
2025-01-01 00:14:40,-0.0902,-0.0137,0.8223,2.6114,28.2724,46.9046,97.7196,-0.0032,-0.0101,0.0007,54.9689,24.7749,-63.11,104.5168,23.037
2025-01-01 00:14:50,-0.0902,-0.0137,0.8223,2.6114,28.2724,46.9046,97.7196,-0.0032,-0.0101,0.0007,54.9689,24.7749,-63.11,102.8633,23.037
2025-01-01 00:15:00,-0.0902,-0.0137,-0.4932,2.6114,28.2724,46.9046,97.7196,-0.0032,-0.0101,0.0007,54.9689,24.7749,-63.11,102.8633,23.037
2025-01-01 00:15:10,-0.0902,-0.0137,-0.4932,2.6114,28.2724,46.9046,97.7196,-0.0032,-0.0101,0.0032,54.9689,24.7749,-63.11,102.8633,23.037
2025-01-01 00:15:20,-0.0902,-0.0137,-0.4932,2.6114,28.2724,45.4333,97.7196,-0.0032,-0.0101,0.0032,54.9689,24.7749,-63.11,102.8633,23.037
2025-01-01 00:15:30,-0.0902,-0.0137,-0.4932,2.6114,28.2724,45.4333,97.7196,-0.0032,-0.0101,0.006,54.9689,24.7749,-63.11,102.8633,23.037
2025-01-01 00:15:40,-0.0902,-0.0137,-0.4932,2.6071,28.2724,45.4333,97.7196,-0.0032,-0.0101,0.006,54.9689,24.7749,-63.11,102.8633,23.037
2025-01-01 00:15:50,0.3044,-0.0137,-0.4932,2.6071,28.2724,45.4333,97.7196,-0.0032,-0.0101,0.006,54.9689,24.7749,-63.11,102.8633,23.037
2025-01-01 00:16:00,0.1615,-0.0137,-0.4932,2.6071,28.2724,45.4333,97.7196,-0.0032,-0.0101,0.006,54.9689,24.7749,-63.11,102.8633,23.037
2025-01-01 00:16:10,0.1615,-0.0137,-0.4178,2.6071,28.2724,45.4333,97.7196,-0.0032,-0.0101,0.006,54.9689,24.7749,-63.11,102.8633,23.037
2025-01-01 00:16:20,0.1615,-0.0137,-0.4178,2.6071,28.2724,45.4333,97.7196,-0.0032,-0.0101,0.006,54.9689,24.7749,-63.11,99.9772,23.037
2025-01-01 00:16:30,0.0196,-0.0137,-0.4178,2.6071,28.2724,45.4333,97.7196,-0.0032,-0.0101,0.006,54.9689,24.7749,-63.11,99.9772,23.037
2025-01-01 00:16:40,0.0196,-0.0137,-0.4178,2.6071,28.2724,44.0192,97.7196,-0.0032,-0.0101,0.006,54.9689,24.7749,-63.11,99.9772,23.037
2025-01-01 00:16:50,0.0196,-0.0137,-0.4178,2.6071,28.2724,44.0192,104.0877,-0.0032,-0.0101,0.006,54.9689,24.7749,-63.11,99.9772,23.037
2025-01-01 00:17:00,0.0196,-0.0137,-0.4178,2.6071,28.2724,44.0192,104.0877,-0.0032,-0.0101,0.006,54.9689,24.7749,-63.11,99.9772,23.8198
2025-01-01 00:17:10,0.0196,-0.0137,-0.4178,2.6071,28.2724,44.0192,104.0877,-0.0032,-0.0101,0.004,54.9689,24.7749,-63.11,99.9772,23.8198
2025-01-01 00:17:20,0.3233,-0.0137,-0.4178,2.6071,28.2724,44.0192,104.0877,-0.0032,-0.0101,0.004,54.9689,24.7749,-63.11,99.9772,23.8198
2025-01-01 00:17:30,0.3233,-0.0137,-0.4178,2.6071,28.2724,44.0192,104.0877,-0.0032,-0.0101,0.004,54.9689,24.7749,-63.11,99.186,23.8198
2025-01-01 00:17:40,0.3233,-0.0137,-0.4178,2.6071,28.2724,45.9145,104.0877,-0.0032,-0.0101,0.004,54.9689,24.7749,-63.11,99.186,23.8198
2025-01-01 00:17:50,0.3233,0.2033,-0.4178,2.6071,28.2724,45.9145,104.0877,-0.0032,-0.0101,0.004,54.9689,24.7749,-63.11,99.186,23.8198
2025-01-01 00:18:00,0.3233,0.2033,-0.4178,2.6071,28.2724,45.9028,104.0877,-0.0032,-0.0101,0.004,54.9689,24.7749,-63.11,99.186,23.8198
2025-01-01 00:18:10,0.3233,0.2033,-0.4178,2.6071,28.2724,45.9028,104.0877,-0.0032,-0.0101,0.004,54.9689,24.7749,-63.11,103.0603,23.8198
2025-01-01 00:18:20,0.3233,0.2033,-0.4178,2.6071,28.2724,45.9028,98.5178,-0.0032,-0.0101,0.004,54.9689,24.7749,-63.11,103.0603,23.8198
2025-01-01 00:18:30,0.3233,0.2033,-0.4178,2.4601,28.2724,45.9028,98.5178,-0.0032,-0.0101,0.004,54.9689,24.7749,-63.11,103.0603,23.8198
2025-01-01 00:18:40,0.3233,0.2033,-0.4178,2.4601,28.2724,45.9028,98.5178,-0.0032,0.0043,0.004,54.9689,24.7749,-63.11,103.0603,23.8198
2025-01-01 00:18:50,0.3233,0.2033,-0.4178,2.4601,28.2724,45.6919,98.5178,-0.0032,0.0043,0.004,54.9689,24.7749,-63.11,103.0603,23.8198
2025-01-01 00:19:00,0.3233,0.2033,-0.4178,2.4601,28.0709,45.6919,98.5178,-0.0032,0.0043,0.004,54.9689,24.7749,-63.11,103.0603,23.8198
2025-01-01 00:19:10,0.3233,0.2033,-0.4178,2.4601,28.0709,45.3367,98.5178,-0.0032,0.0043,0.004,54.9689,24.7749,-63.11,103.0603,23.8198
2025-01-01 00:19:20,0.3233,0.3379,-0.4178,2.4601,28.0709,45.3367,98.5178,-0.0032,0.0043,0.004,54.9689,24.7749,-63.11,103.0603,23.8198
2025-01-01 00:19:30,0.3233,0.3379,-0.4178,2.4601,28.1145,45.3367,98.5178,-0.0032,0.0043,0.004,54.9689,24.7749,-63.11,103.0603,23.8198
2025-01-01 00:19:40,0.3233,0.3379,-0.4178,2.4601,28.1373,45.3367,98.5178,-0.0032,0.0043,0.004,54.9689,24.7749,-63.11,103.0603,23.8198
2025-01-01 00:19:50,0.3233,0.3379,-0.4178,2.4601,28.1373,45.3367,98.5178,-0.0032,0.019,0.004,54.9689,24.7749,-63.11,103.0603,23.8198
2025-01-01 00:20:00,0.3233,0.3379,-0.4178,2.4601,28.1373,45.3367,98.5178,-0.0032,0.019,0.0065,54.9689,24.7749,-63.11,103.0603,23.8198
2025-01-01 00:20:10,0.3233,0.3379,-0.4178,2.4601,28.1373,45.3367,98.5178,-0.0032,-0.0037,0.0065,54.9689,24.7749,-63.11,103.0603,23.8198
2025-01-01 00:20:20,0.3233,0.3379,-0.4178,2.4601,28.1373,45.3367,98.5178,-0.0032,-0.0037,0.0065,57.5111,24.7749,-63.11,103.0603,23.8198
2025-01-01 00:20:30,0.3233,0.3379,-0.4178,2.4601,28.1373,45.3367,98.5178,-0.0032,-0.0037,0.0065,57.5111,24.7749,-63.89,103.0603,23.8198
2025-01-01 00:20:40,0.3233,0.3379,-0.4178,2.7076,28.1373,45.3367,98.5178,-0.0032,-0.0037,0.0065,57.5111,24.7749,-63.89,103.0603,23.8198
2025-01-01 00:20:50,0.3233,0.3379,-0.4178,2.7076,28.1373,45.3367,98.5178,-0.0032,-0.0037,0.0065,57.5111,24.7193,-63.89,103.0603,23.8198
2025-01-01 00:21:00,0.3233,0.3379,-0.4178,2.7076,28.1414,45.3367,98.5178,-0.0032,-0.0037,0.0065,57.5111,24.7193,-63.89,103.0603,23.8198
2025-01-01 00:21:10,0.3233,0.3379,-0.4178,2.7076,28.1414,45.3367,98.5178,-0.0032,-0.0037,0.0065,57.5111,24.7193,-63.89,99.8748,23.8198
2025-01-01 00:21:20,0.3233,0.3379,-0.4178,2.7076,28.1414,45.8428,98.5178,-0.0032,-0.0037,0.0065,57.5111,24.7193,-63.89,99.8748,23.8198
2025-01-01 00:21:30,0.3233,0.3379,-0.4178,2.7076,28.067,45.8428,98.5178,-0.0032,-0.0037,0.0065,57.5111,24.7193,-63.89,99.8748,23.8198
2025-01-01 00:21:40,0.3233,0.3379,-0.4178,2.7076,28.067,45.8428,98.5178,-0.0032,-0.0037,0.0065,57.5111,24.7193,-63.89,99.8748,23.2949
2025-01-01 00:21:50,0.3067,0.3379,-0.4178,2.7076,28.067,45.8428,98.5178,-0.0032,-0.0037,0.0065,57.5111,24.7193,-63.89,99.8748,23.2949
2025-01-01 00:22:00,0.3067,0.3379,-0.4178,2.7076,28.067,45.8428,98.5178,0.0035,-0.0037,0.0065,57.5111,24.7193,-63.89,99.8748,23.2949
2025-01-01 00:22:10,0.3067,0.3379,-0.4178,2.7076,28.067,45.8428,98.5178,0.0079,-0.0037,0.0065,57.5111,24.7193,-63.89,99.8748,23.2949
2025-01-01 00:22:20,0.3067,0.3379,-0.4178,2.7076,28.067,45.8428,98.5178,0.0079,-0.0037,0.0065,57.5111,24.9956,-63.89,99.8748,23.2949
2025-01-01 00:22:30,0.3067,0.3379,-0.4178,2.7076,28.067,45.8428,98.5178,0.0079,-0.0037,-0.0034,57.5111,24.9956,-63.89,99.8748,23.2949
2025-01-01 00:22:40,0.3067,0.3379,-0.4178,2.7076,27.9924,45.8428,98.5178,0.0079,-0.0037,-0.0034,57.5111,24.9956,-63.89,99.8748,23.2949
2025-01-01 00:22:50,0.0687,0.3379,-0.4178,2.7076,27.9924,45.8428,98.5178,0.0079,-0.0037,-0.0034,57.5111,24.9956,-63.89,99.8748,23.2949
2025-01-01 00:23:00,0.0687,0.3379,0.518,2.7076,27.9924,45.8428,98.5178,0.0079,-0.0037,-0.0034,57.5111,24.9956,-63.89,99.8748,23.2949
2025-01-01 00:23:10,0.0687,0.2508,0.518,2.7076,27.9924,45.8428,98.5178,0.0079,-0.0037,-0.0034,57.5111,24.9956,-63.89,99.8748,23.2949
2025-01-01 00:23:20,0.0687,0.2508,0.518,2.7076,27.9924,45.8428,105.5303,0.0079,-0.0037,-0.0034,57.5111,24.9956,-63.89,99.8748,23.2949
2025-01-01 00:23:30,0.0687,0.2508,0.518,2.7076,27.9924,45.8428,105.5303,0.0079,0.0004,-0.0034,57.5111,24.9956,-63.89,99.8748,23.2949
2025-01-01 00:23:40,0.0687,0.2508,0.518,2.7076,27.9924,45.8428,105.5303,0.0079,0.0004,0.0047,57.5111,24.9956,-63.89,99.8748,23.2949
2025-01-01 00:23:50,0.0687,0.2508,0.518,2.4751,27.9924,45.8428,105.5303,0.0079,0.0004,0.0047,57.5111,24.9956,-63.89,99.8748,23.2949
2025-01-01 00:24:00,0.0687,0.2508,0.8861,2.4751,27.9924,45.8428,105.5303,0.0079,0.0004,0.0047,57.5111,24.9956,-63.89,99.8748,23.2949
2025-01-01 00:24:10,0.0687,0.2508,0.8861,2.4751,27.9924,45.8428,105.5303,0.0079,0.0004,0.0047,57.5111,24.9956,-62.0417,99.8748,23.2949
2025-01-01 00:24:20,0.0687,0.2508,0.8861,2.4751,27.9924,45.8428,105.5303,0.0079,-0.0023,0.0047,57.5111,24.9956,-62.0417,99.8748,23.2949
2025-01-01 00:24:30,0.0687,0.2508,0.8861,2.4751,27.9924,45.8428,105.5303,0.0079,-0.0023,-0.0001,57.5111,24.9956,-62.0417,99.8748,23.2949
2025-01-01 00:24:40,0.0687,0.2508,0.6145,2.4751,27.9924,45.8428,105.5303,0.0079,-0.0023,-0.0001,57.5111,24.9956,-62.0417,99.8748,23.2949
2025-01-01 00:24:50,0.0687,0.2508,0.6145,2.4751,27.9924,45.8428,105.5303,0.0079,-0.0023,-0.0001,56.7819,24.9956,-62.0417,99.8748,23.2949
2025-01-01 00:25:00,0.0687,0.2508,0.6145,2.4751,27.9924,45.8428,105.5303,0.0079,-0.0023,-0.0001,56.7819,24.9956,-62.0417,99.8748,23.726
2025-01-01 00:25:10,0.0687,0.2508,0.6145,2.4751,27.9924,45.8428,105.5303,0.0079,-0.0023,-0.0001,62.1937,24.9956,-62.0417,99.8748,23.726
2025-01-01 00:25:20,0.0687,0.2508,0.6145,2.4751,27.9924,47.2801,105.5303,0.0079,-0.0023,-0.0001,62.1937,24.9956,-62.0417,99.8748,23.726
2025-01-01 00:25:30,0.0687,0.2508,0.6145,2.4751,27.9924,47.2801,109.7181,0.0079,-0.0023,-0.0001,62.1937,24.9956,-62.0417,99.8748,23.726
2025-01-01 00:25:40,0.0687,0.2508,0.6145,2.4751,27.9924,47.2801,109.7181,0.0079,-0.0023,-0.0001,62.1937,24.9956,-62.0417,99.8748,22.7005
2025-01-01 00:25:50,0.0687,0.2508,0.6145,2.4751,27.9924,47.2801,109.7181,0.0079,-0.0023,-0.0001,62.1937,26.484,-62.0417,99.8748,22.7005
2025-01-01 00:26:00,0.0687,0.2508,0.6145,2.4751,27.9924,47.2801,109.7181,0.0079,0.0003,-0.0001,62.1937,26.484,-62.0417,99.8748,22.7005
2025-01-01 00:26:10,0.0687,0.2508,0.6145,2.4751,27.9924,47.2801,102.6252,0.0079,0.0003,-0.0001,62.1937,26.484,-62.0417,99.8748,22.7005
2025-01-01 00:26:20,0.0687,0.2508,0.6145,2.4751,27.9924,47.2801,102.6252,0.0079,0.0003,-0.0001,56.7041,26.484,-62.0417,99.8748,22.7005
2025-01-01 00:26:30,0.0687,0.2508,0.6145,2.4751,28.1133,47.2801,102.6252,0.0079,0.0003,-0.0001,56.7041,26.484,-62.0417,99.8748,22.7005
2025-01-01 00:26:40,0.0687,0.2508,0.6145,2.4751,28.1133,44.007,102.6252,0.0079,0.0003,-0.0001,56.7041,26.484,-62.0417,99.8748,22.7005
2025-01-01 00:26:50,0.0687,0.2861,0.6145,2.4751,28.1133,44.007,102.6252,0.0079,0.0003,-0.0001,56.7041,26.484,-62.0417,99.8748,22.7005
2025-01-01 00:27:00,0.0687,0.2861,0.6145,2.4751,28.1133,44.007,102.6252,0.0111,0.0003,-0.0001,56.7041,26.484,-62.0417,99.8748,22.7005
2025-01-01 00:27:10,0.0687,0.2861,0.6145,2.4751,28.1133,45.8658,102.6252,0.0111,0.0003,-0.0001,56.7041,26.484,-62.0417,99.8748,22.7005
2025-01-01 00:27:20,0.0687,0.2861,0.6145,2.4751,28.1133,45.8658,115.8355,0.0111,0.0003,-0.0001,56.7041,26.484,-62.0417,99.8748,22.7005
2025-01-01 00:27:30,0.0687,0.2861,0.6145,2.4751,28.1133,46.6632,115.8355,0.0111,0.0003,-0.0001,56.7041,26.484,-62.0417,99.8748,22.7005
2025-01-01 00:27:40,0.0687,0.2861,0.6145,2.4751,28.1133,46.6632,115.8355,0.0111,0.0003,-0.0001,56.3924,26.484,-62.0417,99.8748,22.7005
2025-01-01 00:27:50,0.0687,0.2861,0.6145,2.4751,28.1133,46.6632,115.8355,0.0111,0.0003,-0.0001,56.3924,26.484,-62.0417,101.1108,22.7005
2025-01-01 00:28:00,0.0687,0.2861,0.6145,2.4751,28.1133,46.6632,115.8355,0.0111,0.0003,-0.0001,56.3924,26.484,-62.0417,101.1108,23.0951
2025-01-01 00:28:10,0.0687,0.2861,0.9469,2.4751,28.1133,46.6632,115.8355,0.0111,0.0003,-0.0001,56.3924,26.484,-62.0417,101.1108,23.0951
2025-01-01 00:28:20,0.0687,0.2861,0.9469,2.4751,28.1133,46.6632,115.8355,0.0046,0.0003,-0.0001,56.3924,26.484,-62.0417,101.1108,23.0951
2025-01-01 00:28:30,0.0687,0.2861,0.9469,2.4751,28.1133,46.6632,115.8355,0.0046,0.0003,-0.0001,56.3924,26.484,-62.0417,101.1108,23.1363
2025-01-01 00:28:40,0.0687,0.2861,0.9469,2.4751,28.1133,46.6632,115.8355,-0.0024,0.0003,-0.0001,56.3924,26.484,-62.0417,101.1108,23.1363
2025-01-01 00:28:50,0.0687,0.2861,0.9469,2.4751,28.1133,46.6632,115.8355,-0.0024,0.0037,-0.0001,56.3924,26.484,-62.0417,101.1108,23.1363
2025-01-01 00:29:00,-0.0353,0.2861,0.9469,2.4751,28.1133,46.6632,115.8355,-0.0024,0.0037,-0.0001,56.3924,26.484,-62.0417,101.1108,23.1363
2025-01-01 00:29:10,-0.0353,0.2861,0.9469,2.4751,28.1133,46.6632,115.8355,-0.0024,0.0037,-0.0001,58.0129,26.484,-62.0417,101.1108,23.1363
2025-01-01 00:29:20,-0.0353,0.2861,0.9469,2.4751,28.1133,46.6632,115.8355,-0.0024,0.0037,0.0015,58.0129,26.484,-62.0417,101.1108,23.1363
2025-01-01 00:29:30,-0.0353,0.2861,0.9469,2.4751,28.1133,46.6632,115.8355,-0.0024,0.0037,0.0015,59.5399,26.484,-62.0417,101.1108,23.1363
2025-01-01 00:29:40,-0.0353,0.2861,0.9469,2.4751,28.1133,46.6632,115.8355,-0.0024,0.0037,0.006,59.5399,26.484,-62.0417,101.1108,23.1363
2025-01-01 00:29:50,-0.0353,0.2861,0.9469,2.4751,28.1133,46.6632,115.8355,-0.0024,0.0037,0.006,59.5399,26.484,-62.0417,101.0447,23.1363
2025-01-01 00:30:00,-0.0353,0.2861,0.9469,2.4751,28.1133,46.6632,115.8355,0.0039,0.0037,0.006,59.5399,26.484,-62.0417,101.0447,23.1363
2025-01-01 00:30:10,-0.0353,0.2861,0.9469,2.4751,28.1133,46.6632,115.8355,0.0039,0.0037,0.006,59.5399,26.484,-62.0417,101.0447,23.1561
2025-01-01 00:30:20,-0.0353,0.2861,0.9469,2.4751,28.1133,46.6632,115.8355,0.0043,0.0037,0.006,59.5399,26.484,-62.0417,101.0447,23.1561
2025-01-01 00:30:30,-0.0353,0.2861,0.9469,2.4751,28.1133,46.6632,102.6787,0.0043,0.0037,0.006,59.5399,26.484,-62.0417,101.0447,23.1561
2025-01-01 00:30:40,-0.0353,0.2861,0.9469,2.4751,28.1133,46.8449,102.6787,0.0043,0.0037,0.006,59.5399,26.484,-62.0417,101.0447,23.1561
2025-01-01 00:30:50,-0.0353,0.2861,0.9469,2.4751,28.1133,46.7518,102.6787,0.0043,0.0037,0.006,59.5399,26.484,-62.0417,101.0447,23.1561
2025-01-01 00:31:00,-0.0353,0.2861,0.9469,2.4751,28.3271,46.7518,102.6787,0.0043,0.0037,0.006,59.5399,26.484,-62.0417,101.0447,23.1561
2025-01-01 00:31:10,-0.0353,0.2861,0.3329,2.4751,28.3271,46.7518,102.6787,0.0043,0.0037,0.006,59.5399,26.484,-62.0417,101.0447,23.1561
2025-01-01 00:31:20,-0.0353,0.2861,0.586,2.4751,28.3271,46.7518,102.6787,0.0043,0.0037,0.006,59.5399,26.484,-62.0417,101.0447,23.1561
2025-01-01 00:31:30,-0.0353,0.3865,0.586,2.4751,28.3271,46.7518,102.6787,0.0043,0.0037,0.006,59.5399,26.484,-62.0417,101.0447,23.1561
2025-01-01 00:31:40,-0.0353,0.3865,0.586,2.4751,28.3271,46.7518,102.6787,0.0108,0.0037,0.006,59.5399,26.484,-62.0417,101.0447,23.1561
2025-01-01 00:31:50,-0.0353,0.3865,0.586,2.4751,28.3271,46.7518,102.6787,0.0108,0.0037,0.0137,59.5399,26.484,-62.0417,101.0447,23.1561
2025-01-01 00:32:00,-0.0353,0.3865,0.586,2.6265,28.3271,46.7518,102.6787,0.0108,0.0037,0.0137,59.5399,26.484,-62.0417,101.0447,23.1561
2025-01-01 00:32:10,-0.0353,0.3865,0.586,2.6265,28.3271,46.7518,102.6787,0.0108,0.0037,0.0137,59.5399,26.484,-63.7768,101.0447,23.1561
2025-01-01 00:32:20,-0.0353,0.3865,0.586,2.6265,28.3271,44.3095,102.6787,0.0108,0.0037,0.0137,59.5399,26.484,-63.7768,101.0447,23.1561
2025-01-01 00:32:30,-0.0353,0.3865,0.586,2.6265,28.3271,44.3095,102.6787,0.0108,0.0037,0.0137,59.5399,26.484,-63.7768,101.0447,24.2468
2025-01-01 00:32:40,-0.0353,0.3865,0.586,2.6265,28.3352,44.3095,102.6787,0.0108,0.0037,0.0137,59.5399,26.484,-63.7768,101.0447,24.2468
2025-01-01 00:32:50,-0.0353,0.3865,0.586,2.6265,28.3352,44.3095,102.6787,-0.0036,0.0037,0.0137,59.5399,26.484,-63.7768,101.0447,24.2468
2025-01-01 00:33:00,-0.0353,0.3865,0.586,2.6265,28.3352,44.3095,102.6787,-0.0036,0.0037,0.0137,59.5399,26.484,-63.7768,101.0447,23.8353
2025-01-01 00:33:10,-0.0353,0.3865,0.5644,2.6265,28.3352,44.3095,102.6787,-0.0036,0.0037,0.0137,59.5399,26.484,-63.7768,101.0447,23.8353
2025-01-01 00:33:20,-0.0353,0.3865,0.5644,2.6265,28.3352,44.3095,102.6787,-0.0036,0.0037,0.0137,59.5399,26.484,-62.7133,101.0447,23.8353
2025-01-01 00:33:30,-0.0353,0.3865,0.5644,2.6265,28.0627,44.3095,102.6787,-0.0036,0.0037,0.0137,59.5399,26.484,-62.7133,101.0447,23.8353
2025-01-01 00:33:40,-0.0353,0.3865,1.0703,2.6265,28.0627,44.3095,102.6787,-0.0036,0.0037,0.0137,59.5399,26.484,-62.7133,101.0447,23.8353
2025-01-01 00:33:50,-0.0353,0.3865,0.3986,2.6265,28.0627,44.3095,102.6787,-0.0036,0.0037,0.0137,59.5399,26.484,-62.7133,101.0447,23.8353
2025-01-01 00:34:00,-0.0353,0.3865,0.3986,2.6265,28.0627,44.3095,103.3921,-0.0036,0.0037,0.0137,59.5399,26.484,-62.7133,101.0447,23.8353
2025-01-01 00:34:10,-0.0353,0.3865,0.3986,2.6265,28.0627,47.1235,103.3921,-0.0036,0.0037,0.0137,59.5399,26.484,-62.7133,101.0447,23.8353
2025-01-01 00:34:20,-0.0353,0.3865,1.116,2.6265,28.0627,47.1235,103.3921,-0.0036,0.0037,0.0137,59.5399,26.484,-62.7133,101.0447,23.8353
2025-01-01 00:34:30,-0.0353,0.3865,1.116,2.6265,28.0627,47.1235,103.3921,-0.0036,0.0037,0.0137,59.1078,26.484,-62.7133,101.0447,23.8353
2025-01-01 00:34:40,-0.0353,0.421,1.116,2.6265,28.0627,47.1235,103.3921,-0.0036,0.0037,0.0137,59.1078,26.484,-62.7133,101.0447,23.8353
2025-01-01 00:34:50,0.3856,0.421,1.116,2.6265,28.0627,47.1235,103.3921,-0.0036,0.0037,0.0137,59.1078,26.484,-62.7133,101.0447,23.8353
2025-01-01 00:35:00,0.3856,0.421,1.116,2.6265,28.0627,46.8559,103.3921,-0.0036,0.0037,0.0137,59.1078,26.484,-62.7133,101.0447,23.8353
2025-01-01 00:35:10,0.3856,0.421,1.116,2.6265,28.0627,46.8559,103.3921,-0.0036,0.0037,0.0137,59.1078,26.484,-62.7133,101.2003,23.8353
2025-01-01 00:35:20,0.3856,0.421,1.116,2.6265,28.0701,46.8559,103.3921,-0.0036,0.0037,0.0137,59.1078,26.484,-62.7133,101.2003,23.8353
2025-01-01 00:35:30,0.3856,0.421,1.116,2.6265,28.1705,46.8559,103.3921,-0.0036,0.0037,0.0137,59.1078,26.484,-62.7133,101.2003,23.8353
2025-01-01 00:35:40,0.3856,0.421,1.116,2.6265,28.1705,46.8559,103.3921,-0.0036,0.0037,0.0119,59.1078,26.484,-62.7133,101.2003,23.8353
2025-01-01 00:35:50,0.3856,0.421,1.116,2.6265,28.1705,46.8559,103.3921,0.0078,0.0037,0.0119,59.1078,26.484,-62.7133,101.2003,23.8353
2025-01-01 00:36:00,0.3856,0.421,1.116,2.6265,28.1705,46.8559,103.3921,0.0078,0.0037,0.0119,59.1078,26.484,-62.7133,101.2003,24.4467
2025-01-01 00:36:10,0.1814,0.421,1.116,2.6265,28.1705,46.8559,103.3921,0.0078,0.0037,0.0119,59.1078,26.484,-62.7133,101.2003,24.4467
2025-01-01 00:36:20,0.1814,0.421,1.116,2.6265,28.1705,46.8559,103.3921,0.0078,0.0037,0.0119,59.1078,26.484,-62.7133,105.3163,24.4467
2025-01-01 00:36:30,0.1814,0.421,1.116,2.6265,28.1705,46.8559,103.3921,0.0078,0.0069,0.0119,59.1078,26.484,-62.7133,105.3163,24.4467
2025-01-01 00:36:40,0.1814,0.421,1.116,2.6265,28.1705,46.8559,103.3921,0.0078,0.0069,0.0119,56.6883,26.484,-62.7133,105.3163,24.4467
2025-01-01 00:36:50,0.1814,0.421,1.116,2.6265,28.1705,46.8559,103.3921,0.0078,0.0069,0.0119,56.6883,26.484,-62.7133,105.3163,24.1124
2025-01-01 00:37:00,0.1814,0.421,1.116,2.6265,28.1705,46.8559,103.3921,0.0078,0.0069,0.0119,57.5515,26.484,-62.7133,105.3163,24.1124
2025-01-01 00:37:10,0.1814,0.421,1.116,2.6265,28.1705,46.2527,103.3921,0.0078,0.0069,0.0119,57.5515,26.484,-62.7133,105.3163,24.1124
2025-01-01 00:37:20,0.1814,0.421,1.116,2.6265,28.1705,46.2527,103.3921,0.0078,0.0069,0.0119,57.5515,26.484,-62.7133,101.0713,24.1124
2025-01-01 00:37:30,0.1814,0.421,1.116,2.6265,28.1705,46.2527,103.3921,0.0069,0.0069,0.0119,57.5515,26.484,-62.7133,101.0713,24.1124
2025-01-01 00:37:40,0.1814,0.421,1.116,2.6265,28.1705,46.2527,103.3921,0.0069,0.0069,0.0119,57.5515,26.484,-62.7133,105.0491,24.1124
2025-01-01 00:37:50,0.1814,0.421,1.116,2.6265,28.1705,46.2527,103.3921,0.0178,0.0069,0.0119,57.5515,26.484,-62.7133,105.0491,24.1124
2025-01-01 00:38:00,0.1814,0.421,1.116,2.6265,28.1705,48.2267,103.3921,0.0178,0.0069,0.0119,57.5515,26.484,-62.7133,105.0491,24.1124
2025-01-01 00:38:10,0.1814,0.421,1.116,2.6265,28.1705,48.2267,103.3921,0.0178,0.0069,0.0119,57.5515,25.9118,-62.7133,105.0491,24.1124
2025-01-01 00:38:20,0.1814,0.421,1.116,2.6265,28.1705,48.2267,103.3921,0.0178,0.0069,0.0119,57.5515,25.9118,-62.7133,105.0491,24.157
2025-01-01 00:38:30,0.1814,0.421,1.116,2.6265,28.1927,48.2267,103.3921,0.0178,0.0069,0.0119,57.5515,25.9118,-62.7133,105.0491,24.157
2025-01-01 00:38:40,0.1814,0.421,1.116,2.6265,28.1927,48.2267,103.3921,0.0178,0.0069,0.0119,56.7681,25.9118,-62.7133,105.0491,24.157
2025-01-01 00:38:50,0.1814,0.5253,1.116,2.6265,28.1927,48.2267,103.3921,0.0178,0.0069,0.0119,56.7681,25.9118,-62.7133,105.0491,24.157
2025-01-01 00:39:00,0.1814,0.5253,1.1677,2.6265,28.1927,48.2267,103.3921,0.0178,0.0069,0.0119,56.7681,25.9118,-62.7133,105.0491,24.157
2025-01-01 00:39:10,0.1814,0.5253,1.1677,2.6221,28.1927,48.2267,103.3921,0.0178,0.0069,0.0119,56.7681,25.9118,-62.7133,105.0491,24.157
2025-01-01 00:39:20,0.1814,0.5253,1.1677,2.6221,28.1927,48.2267,103.3921,-0.0006,0.0069,0.0119,56.7681,25.9118,-62.7133,105.0491,24.157
2025-01-01 00:39:30,0.1814,0.3092,1.1677,2.6221,28.1927,48.2267,103.3921,-0.0006,0.0069,0.0119,56.7681,25.9118,-62.7133,105.0491,24.157
2025-01-01 00:39:40,0.1814,0.3092,1.1677,2.6221,28.1927,48.2267,103.3921,-0.0006,0.0069,0.0119,58.9413,25.9118,-62.7133,105.0491,24.157
2025-01-01 00:39:50,0.1814,0.3092,1.1677,2.6221,28.1927,48.2267,103.3921,-0.0006,0.0069,0.0119,58.9413,25.5009,-62.7133,105.0491,24.157
2025-01-01 00:40:00,0.1814,0.3092,1.1677,2.6221,28.1927,48.2267,103.3921,-0.0006,0.0069,0.0038,58.9413,25.5009,-62.7133,105.0491,24.157
2025-01-01 00:40:10,0.1814,0.3092,1.1677,2.6221,28.1927,48.2267,103.3921,-0.0006,0.0069,0.0038,56.9166,25.5009,-62.7133,105.0491,24.157
2025-01-01 00:40:20,0.1814,0.3092,1.1677,2.6221,28.1927,48.2267,103.3921,-0.0006,0.0069,0.0038,56.9166,25.5009,-62.7133,105.0491,22.7301
2025-01-01 00:40:30,0.1814,0.3092,1.5366,2.6221,28.1927,48.2267,103.3921,-0.0006,0.0069,0.0038,56.9166,25.5009,-62.7133,105.0491,22.7301
2025-01-01 00:40:40,0.1814,0.3092,1.5366,2.6221,28.1927,48.2267,103.3921,-0.0006,0.0069,0.0038,56.9166,25.5009,-62.7133,102.9803,22.7301
2025-01-01 00:40:50,0.1814,0.3092,1.5366,2.6221,28.1927,48.2267,103.3921,-0.0006,0.0069,0.0038,55.769,25.5009,-62.7133,102.9803,22.7301
2025-01-01 00:41:00,0.1814,0.3092,1.5366,2.5839,28.1927,48.2267,103.3921,-0.0006,0.0069,0.0038,55.769,25.5009,-62.7133,102.9803,22.7301
2025-01-01 00:41:10,0.1814,0.3092,1.5366,2.5839,28.1927,48.2267,103.3921,-0.0006,0.0069,0.0038,55.769,25.5009,-62.7133,102.9803,23.7395
2025-01-01 00:41:20,0.1814,0.3712,1.5366,2.5839,28.1927,48.2267,103.3921,-0.0006,0.0069,0.0038,55.769,25.5009,-62.7133,102.9803,23.7395
2025-01-01 00:41:30,0.1814,0.3712,1.5366,2.5839,28.0712,48.2267,103.3921,-0.0006,0.0069,0.0038,55.769,25.5009,-62.7133,102.9803,23.7395
2025-01-01 00:41:40,0.1814,0.3712,1.5366,2.5839,28.0712,48.2267,103.3921,-0.0006,0.0069,0.0038,55.769,25.5009,-62.7133,104.0755,23.7395
2025-01-01 00:41:50,0.1814,0.3712,1.5366,2.5839,28.0712,48.2267,103.3921,-0.0006,0.0069,0.0038,55.769,25.82,-62.7133,104.0755,23.7395
2025-01-01 00:42:00,0.1814,0.3712,1.5366,2.5839,28.0712,48.2267,103.3921,-0.0006,0.0069,0.0038,55.769,25.82,-62.7133,104.0755,24.1236
2025-01-01 00:42:10,0.1814,0.3712,1.5366,2.5839,28.0712,48.2267,103.3921,-0.0006,0.0058,0.0038,55.769,25.82,-62.7133,104.0755,24.1236
2025-01-01 00:42:20,0.1814,0.3712,1.5366,2.5839,28.0712,48.2267,103.3921,0.0082,0.0058,0.0038,55.769,25.82,-62.7133,104.0755,24.1236
2025-01-01 00:42:30,0.1814,0.3712,1.5366,2.5839,28.0712,48.2267,103.3921,0.0082,0.0058,0.0038,55.769,25.82,-61.1623,104.0755,24.1236
2025-01-01 00:42:40,0.1814,0.3712,1.5366,2.5839,28.0712,48.2267,103.3921,0.0082,0.0058,0.0038,55.769,25.82,-61.1623,104.0755,23.8393
2025-01-01 00:42:50,0.1814,0.3712,1.5366,2.5839,28.0712,45.8138,103.3921,0.0082,0.0058,0.0038,55.769,25.82,-61.1623,104.0755,23.8393
2025-01-01 00:43:00,0.7737,0.3712,1.5366,2.5839,28.0712,45.8138,103.3921,0.0082,0.0058,0.0038,55.769,25.82,-61.1623,104.0755,23.8393
2025-01-01 00:43:10,0.7737,0.3712,1.5366,2.5839,28.0712,45.8138,110.025,0.0082,0.0058,0.0038,55.769,25.82,-61.1623,104.0755,23.8393
2025-01-01 00:43:20,0.7737,0.3712,1.5366,2.5839,28.0712,45.8138,110.025,0.0082,0.0058,0.0038,55.769,26.879,-61.1623,104.0755,23.8393
2025-01-01 00:43:30,0.7737,0.3712,1.5366,2.5839,28.0712,45.8138,110.025,0.0082,0.0042,0.0038,55.769,26.879,-61.1623,104.0755,23.8393
2025-01-01 00:43:40,0.7737,0.3712,1.5366,2.5839,28.0712,45.8138,110.025,0.0082,0.0042,0.0038,55.769,26.879,-61.1623,103.0114,23.8393
2025-01-01 00:43:50,0.7737,0.3712,1.5366,2.5839,28.0712,45.8138,110.025,0.0082,0.0042,0.0038,55.769,26.879,-61.1623,103.0114,24.2994
2025-01-01 00:44:00,0.7737,0.3712,1.5366,2.5839,28.0712,45.8138,110.025,0.0039,0.0042,0.0038,55.769,26.879,-61.1623,103.0114,24.2994
2025-01-01 00:44:10,0.7737,0.3712,0.5175,2.5839,28.0712,45.8138,110.025,0.0039,0.0042,0.0038,55.769,26.879,-61.1623,103.0114,24.2994
2025-01-01 00:44:20,0.7737,0.5346,0.5175,2.5839,28.0712,45.8138,110.025,0.0039,0.0042,0.0038,55.769,26.879,-61.1623,103.0114,24.2994
2025-01-01 00:44:30,0.7737,0.5346,0.5175,2.5839,28.0712,45.8138,110.025,0.0039,0.0042,0.0038,55.769,26.879,-61.1623,103.0114,22.9181
2025-01-01 00:44:40,0.7737,0.5346,0.5175,2.5839,28.0712,45.8138,110.025,0.01,0.0042,0.0038,55.769,26.879,-61.1623,103.0114,22.9181
2025-01-01 00:44:50,0.7737,0.5346,0.5175,2.5839,28.3534,45.8138,110.025,0.01,0.0042,0.0038,55.769,26.879,-61.1623,103.0114,22.9181
2025-01-01 00:45:00,0.7737,0.5346,0.5175,2.5839,28.3534,45.8138,110.025,0.0112,0.0042,0.0038,55.769,26.879,-61.1623,103.0114,22.9181
2025-01-01 00:45:10,0.7737,0.5346,0.5175,2.5839,28.3534,45.8138,110.025,0.0112,0.0042,0.0038,58.9608,26.879,-61.1623,103.0114,22.9181
2025-01-01 00:45:20,0.7737,0.5346,0.5175,2.5839,28.3534,45.8138,110.025,0.0112,0.0042,0.0038,55.5336,26.879,-61.1623,103.0114,22.9181
2025-01-01 00:45:30,0.7737,0.7027,0.5175,2.5839,28.3534,45.8138,110.025,0.0112,0.0042,0.0038,55.5336,26.879,-61.1623,103.0114,22.9181
2025-01-01 00:45:40,0.7737,0.7027,0.5175,2.5839,28.3534,45.8138,108.0708,0.0112,0.0042,0.0038,55.5336,26.879,-61.1623,103.0114,22.9181
2025-01-01 00:45:50,0.7737,0.7027,0.5175,2.5839,28.1411,45.8138,108.0708,0.0112,0.0042,0.0038,55.5336,26.879,-61.1623,103.0114,22.9181
2025-01-01 00:46:00,0.7737,0.7027,0.5175,2.4986,28.1411,45.8138,108.0708,0.0112,0.0042,0.0038,55.5336,26.879,-61.1623,103.0114,22.9181
2025-01-01 00:46:10,0.7737,0.7027,0.5175,2.4986,28.1411,45.8138,108.0708,0.0112,0.0153,0.0038,55.5336,26.879,-61.1623,103.0114,22.9181
2025-01-01 00:46:20,0.7737,0.7027,0.5175,2.4986,28.1411,45.8138,108.0708,0.0112,0.0153,0.0038,55.5336,26.879,-62.0194,103.0114,22.9181
2025-01-01 00:46:30,0.7737,0.7027,0.5175,2.6996,28.1411,45.8138,108.0708,0.0112,0.0153,0.0038,55.5336,26.879,-62.0194,103.0114,22.9181
2025-01-01 00:46:40,0.0258,0.7027,0.5175,2.6996,28.1411,45.8138,108.0708,0.0112,0.0153,0.0038,55.5336,26.879,-62.0194,103.0114,22.9181
2025-01-01 00:46:50,0.0258,0.7027,0.5175,2.6996,28.1411,45.8138,108.0708,0.0112,0.0153,0.0056,55.5336,26.879,-62.0194,103.0114,22.9181
2025-01-01 00:47:00,0.0258,0.7027,0.5175,2.6996,28.1411,45.8138,108.0708,0.0112,0.0104,0.0056,55.5336,26.879,-62.0194,103.0114,22.9181
2025-01-01 00:47:10,0.0258,0.7027,0.5175,2.6996,28.1411,45.8138,108.0708,0.0183,0.0104,0.0056,55.5336,26.879,-62.0194,103.0114,22.9181
2025-01-01 00:47:20,0.0258,0.7027,0.5175,2.6996,28.1411,45.8138,108.0708,0.0183,0.0096,0.0056,55.5336,26.879,-62.0194,103.0114,22.9181
2025-01-01 00:47:30,0.0258,0.7027,0.5175,2.6996,28.1411,45.8138,108.0708,0.0128,0.0096,0.0056,55.5336,26.879,-62.0194,103.0114,22.9181
2025-01-01 00:47:40,0.0258,0.7027,0.5175,2.6996,28.1411,45.8138,108.0708,0.0056,0.0096,0.0056,55.5336,26.879,-62.0194,103.0114,22.9181
2025-01-01 00:47:50,0.0258,0.7027,0.5175,2.6996,28.1411,45.8138,108.0708,0.0156,0.0096,0.0056,55.5336,26.879,-62.0194,103.0114,22.9181
2025-01-01 00:48:00,0.0258,0.7027,0.5175,2.6996,28.1411,45.8138,105.5689,0.0156,0.0096,0.0056,55.5336,26.879,-62.0194,103.0114,22.9181
2025-01-01 00:48:10,0.0258,0.7027,0.5175,2.6996,28.1411,45.8138,105.5689,0.0156,0.0096,0.0056,56.4957,26.879,-62.0194,103.0114,22.9181
2025-01-01 00:48:20,0.0258,0.7027,0.5175,2.6996,28.1411,45.8138,105.5689,0.0156,0.0096,0.0056,58.1728,26.879,-62.0194,103.0114,22.9181
2025-01-01 00:48:30,0.0258,0.306,0.5175,2.6996,28.1411,45.8138,105.5689,0.0156,0.0096,0.0056,58.1728,26.879,-62.0194,103.0114,22.9181
2025-01-01 00:48:40,0.0258,0.306,0.5175,2.5966,28.1411,45.8138,105.5689,0.0156,0.0096,0.0056,58.1728,26.879,-62.0194,103.0114,22.9181
2025-01-01 00:48:50,0.0258,0.306,0.7479,2.5966,28.1411,45.8138,105.5689,0.0156,0.0096,0.0056,58.1728,26.879,-62.0194,103.0114,22.9181
2025-01-01 00:49:00,0.0258,0.306,1.6783,2.5966,28.1411,45.8138,105.5689,0.0156,0.0096,0.0056,58.1728,26.879,-62.0194,103.0114,22.9181
2025-01-01 00:49:10,0.0258,0.306,1.6783,2.5966,28.1411,45.8138,105.5689,0.0156,0.0096,0.0056,58.1728,26.879,-62.1094,103.0114,22.9181
2025-01-01 00:49:20,0.0258,0.306,1.6783,2.6987,28.1411,45.8138,105.5689,0.0156,0.0096,0.0056,58.1728,26.879,-62.1094,103.0114,22.9181
2025-01-01 00:49:30,0.0258,0.306,1.6783,2.6987,28.1411,45.8138,105.5689,0.0149,0.0096,0.0056,58.1728,26.879,-62.1094,103.0114,22.9181
2025-01-01 00:49:40,0.0258,0.306,1.6783,2.6987,28.1411,45.8138,107.8998,0.0149,0.0096,0.0056,58.1728,26.879,-62.1094,103.0114,22.9181
2025-01-01 00:49:50,0.0258,0.306,1.6783,2.6987,28.1411,45.8138,107.8998,0.0149,0.0096,0.0056,58.1728,26.4032,-62.1094,103.0114,22.9181
2025-01-01 00:50:00,0.0258,0.306,1.6783,2.6987,28.1411,45.8138,107.8998,0.0149,0.0096,0.0056,58.1728,26.6187,-62.1094,103.0114,22.9181
2025-01-01 00:50:10,0.0258,0.306,1.6783,2.6987,28.1411,45.8138,107.2828,0.0149,0.0096,0.0056,58.1728,26.6187,-62.1094,103.0114,22.9181
2025-01-01 00:50:20,0.0258,0.306,1.6783,2.7055,28.1411,45.8138,107.2828,0.0149,0.0096,0.0056,58.1728,26.6187,-62.1094,103.0114,22.9181
2025-01-01 00:50:30,0.0258,0.306,1.6783,2.6908,28.1411,45.8138,107.2828,0.0149,0.0096,0.0056,58.1728,26.6187,-62.1094,103.0114,22.9181
2025-01-01 00:50:40,0.0258,0.306,1.6783,2.7687,28.1411,45.8138,107.2828,0.0149,0.0096,0.0056,58.1728,26.6187,-62.1094,103.0114,22.9181
2025-01-01 00:50:50,0.0258,0.306,1.6783,2.7687,28.1411,45.8138,107.2828,0.0149,0.0096,0.0056,58.1728,26.6187,-62.1094,107.8445,22.9181
2025-01-01 00:51:00,0.0258,0.306,1.6783,2.7687,28.1411,45.8138,107.2828,0.0149,0.0096,0.0056,58.1728,26.1179,-62.1094,107.8445,22.9181
2025-01-01 00:51:10,0.0258,0.306,1.6783,2.7687,28.36,45.8138,107.2828,0.0149,0.0096,0.0056,58.1728,26.1179,-62.1094,107.8445,22.9181
2025-01-01 00:51:20,0.0258,0.3248,1.6783,2.7687,28.36,45.8138,107.2828,0.0149,0.0096,0.0056,58.1728,26.1179,-62.1094,107.8445,22.9181
2025-01-01 00:51:30,0.0258,0.3248,1.2139,2.7687,28.36,45.8138,107.2828,0.0149,0.0096,0.0056,58.1728,26.1179,-62.1094,107.8445,22.9181
2025-01-01 00:51:40,0.0258,0.3248,1.2139,2.7687,28.36,45.8138,107.2828,0.0149,0.0096,0.0056,58.1728,26.1179,-62.1094,105.735,22.9181
2025-01-01 00:51:50,0.0258,0.3248,1.2752,2.7687,28.36,45.8138,107.2828,0.0149,0.0096,0.0056,58.1728,26.1179,-62.1094,105.735,22.9181
2025-01-01 00:52:00,0.0258,0.4743,1.2752,2.7687,28.36,45.8138,107.2828,0.0149,0.0096,0.0056,58.1728,26.1179,-62.1094,105.735,22.9181
2025-01-01 00:52:10,0.0258,0.4743,1.2752,2.7687,28.36,47.5024,107.2828,0.0149,0.0096,0.0056,58.1728,26.1179,-62.1094,105.735,22.9181
2025-01-01 00:52:20,0.0258,0.41,1.2752,2.7687,28.36,47.5024,107.2828,0.0149,0.0096,0.0056,58.1728,26.1179,-62.1094,105.735,22.9181
2025-01-01 00:52:30,0.0258,0.41,1.2752,2.6447,28.36,47.5024,107.2828,0.0149,0.0096,0.0056,58.1728,26.1179,-62.1094,105.735,22.9181
2025-01-01 00:52:40,0.0258,0.41,1.2752,2.6447,28.36,47.5024,107.2828,0.0149,0.0096,0.0056,58.464,26.1179,-62.1094,105.735,22.9181
2025-01-01 00:52:50,0.0258,0.41,1.2752,2.6447,28.36,47.5024,107.2828,0.0149,0.0096,0.0056,58.464,26.1179,-64.1481,105.735,22.9181
2025-01-01 00:53:00,0.0258,0.41,1.2752,2.6447,28.36,47.5024,107.2828,0.0149,0.0096,0.0056,58.464,26.1179,-64.1481,99.5408,22.9181
2025-01-01 00:53:10,0.0258,0.41,1.2752,2.6447,28.36,47.5024,107.2828,0.0149,0.0096,0.0056,58.464,26.9916,-64.1481,99.5408,22.9181
2025-01-01 00:53:20,0.0258,0.41,1.2752,2.6447,28.36,47.5024,107.2828,0.0149,0.0096,0.0056,58.464,26.9916,-61.5148,99.5408,22.9181
2025-01-01 00:53:30,0.0258,0.2046,1.2752,2.6447,28.36,47.5024,107.2828,0.0149,0.0096,0.0056,58.464,26.9916,-61.5148,99.5408,22.9181
2025-01-01 00:53:40,0.0258,0.2046,1.2752,2.6447,28.36,47.7158,107.2828,0.0149,0.0096,0.0056,58.464,26.9916,-61.5148,99.5408,22.9181
2025-01-01 00:53:50,0.0258,0.2046,1.2752,2.6447,28.36,47.7158,107.2828,0.0149,0.0096,0.0056,58.464,26.9916,-61.5148,103.367,22.9181
2025-01-01 00:54:00,0.0258,0.2046,1.2752,2.6447,28.36,47.7158,107.2828,0.0149,0.0096,0.0056,58.464,26.9916,-63.5086,103.367,22.9181
2025-01-01 00:54:10,0.0258,0.2046,1.2449,2.6447,28.36,47.7158,107.2828,0.0149,0.0096,0.0056,58.464,26.9916,-63.5086,103.367,22.9181
2025-01-01 00:54:20,0.0258,0.2046,1.2449,2.6447,28.36,47.7158,107.2828,0.0149,0.0096,0.0056,58.464,26.9916,-63.5086,102.352,22.9181
2025-01-01 00:54:30,0.0258,0.2046,1.2449,2.6447,28.36,47.7158,107.2828,0.0072,0.0096,0.0056,58.464,26.9916,-63.5086,102.352,22.9181
2025-01-01 00:54:40,0.0258,0.2046,1.2449,2.6447,28.36,47.7158,107.2828,0.0072,0.0095,0.0056,58.464,26.9916,-63.5086,102.352,22.9181
2025-01-01 00:54:50,0.0258,0.2046,0.4868,2.6447,28.36,47.7158,107.2828,0.0072,0.0095,0.0056,58.464,26.9916,-63.5086,102.352,22.9181
2025-01-01 00:55:00,0.0258,0.2046,0.4868,2.6447,28.36,47.7158,110.36,0.0072,0.0095,0.0056,58.464,26.9916,-63.5086,102.352,22.9181
2025-01-01 00:55:10,0.0258,0.2046,0.4868,2.6447,28.36,47.7158,110.36,0.0072,0.0095,0.0056,54.6062,26.9916,-63.5086,102.352,22.9181
2025-01-01 00:55:20,0.0258,0.2046,0.4868,2.6447,28.36,47.7158,110.36,0.0072,0.0095,0.0056,54.6062,26.9916,-63.0105,102.352,22.9181
2025-01-01 00:55:30,0.0258,0.2046,0.4868,2.6447,28.36,47.7158,111.2287,0.0072,0.0095,0.0056,54.6062,26.9916,-63.0105,102.352,22.9181
2025-01-01 00:55:40,0.0258,0.2046,0.4868,2.6447,28.36,47.7158,111.2287,0.0072,0.0095,0.0056,54.6062,26.9916,-60.6667,102.352,22.9181
2025-01-01 00:55:50,0.0258,0.2046,0.4868,2.6447,28.1423,47.7158,111.2287,0.0072,0.0095,0.0056,54.6062,26.9916,-60.6667,102.352,22.9181
2025-01-01 00:56:00,0.0258,0.2046,0.4868,2.6447,28.1423,47.7158,111.2287,0.0072,0.0095,0.0056,54.6062,26.9916,-60.6667,103.037,22.9181
2025-01-01 00:56:10,0.0258,0.2046,0.4868,2.6447,28.1423,47.7158,111.2287,0.0072,0.0095,0.0056,54.6062,25.7394,-60.6667,103.037,22.9181
2025-01-01 00:56:20,0.0258,0.8869,0.4868,2.6447,28.1423,47.7158,111.2287,0.0072,0.0095,0.0056,54.6062,25.7394,-60.6667,103.037,22.9181
2025-01-01 00:56:30,0.0258,0.8869,0.4868,2.6447,28.1423,47.7158,111.2287,0.0072,0.0095,0.0088,54.6062,25.7394,-60.6667,103.037,22.9181
2025-01-01 00:56:40,0.0258,0.8869,0.4868,2.6447,28.1423,47.7158,118.5842,0.0072,0.0095,0.0088,54.6062,25.7394,-60.6667,103.037,22.9181
2025-01-01 00:56:50,0.0258,0.8869,0.4868,2.6447,28.1423,47.7158,109.1428,0.0072,0.0095,0.0088,54.6062,25.7394,-60.6667,103.037,22.9181
2025-01-01 00:57:00,0.0258,0.8869,0.4868,2.6447,28.1423,47.7158,109.1428,0.0072,0.0095,0.0088,54.6062,25.7394,-60.5979,103.037,22.9181
2025-01-01 00:57:10,0.0258,0.8869,0.4868,2.6447,28.1423,47.7158,109.1428,0.0072,0.0095,0.0088,54.6062,25.5505,-60.5979,103.037,22.9181
2025-01-01 00:57:20,0.0258,0.8869,0.4868,2.6447,28.1423,47.7158,109.1428,0.0072,0.0095,0.0259,54.6062,25.5505,-60.5979,103.037,22.9181
2025-01-01 00:57:30,0.0258,0.8869,0.4868,2.6447,28.1423,47.7158,109.1428,0.0072,0.0095,0.0259,59.83,25.5505,-60.5979,103.037,22.9181
2025-01-01 00:57:40,0.0258,0.8869,0.4868,2.863,28.1423,47.7158,109.1428,0.0072,0.0095,0.0259,59.83,25.5505,-60.5979,103.037,22.9181
2025-01-01 00:57:50,0.0258,0.8869,0.4868,2.863,28.1423,47.7158,109.1428,0.0072,0.0095,0.0259,59.83,24.8275,-60.5979,103.037,22.9181
2025-01-01 00:58:00,0.2693,0.8869,0.4868,2.863,28.1423,47.7158,109.1428,0.0072,0.0095,0.0259,59.83,24.8275,-60.5979,103.037,22.9181
2025-01-01 00:58:10,0.2693,0.8869,0.4868,2.863,28.1423,47.7158,109.1428,0.0072,0.0095,0.0135,59.83,24.8275,-60.5979,103.037,22.9181
2025-01-01 00:58:20,0.1137,0.8869,0.4868,2.863,28.1423,47.7158,109.1428,0.0072,0.0095,0.0135,59.83,24.8275,-60.5979,103.037,22.9181
2025-01-01 00:58:30,0.1137,0.8869,0.4868,2.863,28.1423,47.7158,109.1428,0.0072,0.0095,0.0135,58.5119,24.8275,-60.5979,103.037,22.9181
2025-01-01 00:58:40,0.1137,0.8869,0.4868,2.863,28.1423,44.9636,109.1428,0.0072,0.0095,0.0135,58.5119,24.8275,-60.5979,103.037,22.9181
2025-01-01 00:58:50,0.351,0.8869,0.4868,2.863,28.1423,44.9636,109.1428,0.0072,0.0095,0.0135,58.5119,24.8275,-60.5979,103.037,22.9181
2025-01-01 00:59:00,0.351,0.8869,0.4868,2.863,28.1423,44.9636,109.1428,0.0072,0.0095,0.0135,62.0874,24.8275,-60.5979,103.037,22.9181
2025-01-01 00:59:10,0.351,0.8869,0.4868,2.863,28.1423,44.9636,109.1428,0.0072,0.0077,0.0135,62.0874,24.8275,-60.5979,103.037,22.9181
2025-01-01 00:59:20,0.351,0.8869,0.4868,2.9247,28.1423,44.9636,109.1428,0.0072,0.0077,0.0135,62.0874,24.8275,-60.5979,103.037,22.9181
2025-01-01 00:59:30,0.351,0.8869,0.4868,2.9247,28.1423,44.9636,109.1428,0.0072,0.0077,0.0135,62.0874,24.8275,-60.5979,103.037,24.7798
2025-01-01 00:59:40,0.351,0.8869,0.4868,2.9247,28.1423,44.9636,109.1428,0.0072,0.0077,0.0135,62.0874,24.8275,-60.5979,101.3024,24.7798
2025-01-01 00:59:50,0.351,0.8869,0.4868,2.9247,28.1423,46.0441,109.1428,0.0072,0.0077,0.0135,62.0874,24.8275,-60.5979,101.3024,24.7798
2025-01-01 01:00:00,0.351,0.8869,0.3852,2.9247,28.1423,46.0441,109.1428,0.0072,0.0077,0.0135,62.0874,24.8275,-60.5979,101.3024,24.7798
2025-01-01 01:00:10,0.351,0.8869,0.3852,2.9247,28.1423,46.0441,109.1428,0.0072,0.0077,0.0135,62.0874,24.8275,-60.8201,101.3024,24.7798
2025-01-01 01:00:20,0.351,0.8869,0.3852,2.9247,28.1423,46.0441,109.1428,0.0072,0.0077,0.0135,59.0402,24.8275,-60.8201,101.3024,24.7798
2025-01-01 01:00:30,0.351,0.8869,0.3852,2.9247,28.1423,46.0441,109.1428,0.01,0.0077,0.0135,59.0402,24.8275,-60.8201,101.3024,24.7798
2025-01-01 01:00:40,0.351,0.8869,0.3852,2.9247,28.1423,46.0441,109.1428,0.01,0.008,0.0135,59.0402,24.8275,-60.8201,101.3024,24.7798
2025-01-01 01:00:50,0.351,0.8869,0.3852,2.9247,28.1423,45.9549,109.1428,0.01,0.008,0.0135,59.0402,24.8275,-60.8201,101.3024,24.7798
2025-01-01 01:01:00,0.351,0.8869,0.3852,2.9247,28.1423,45.9549,108.1351,0.01,0.008,0.0135,59.0402,24.8275,-60.8201,101.3024,24.7798
2025-01-01 01:01:10,0.351,0.8869,0.3852,2.9247,28.1423,45.9549,108.1351,0.01,0.008,0.0135,59.0402,25.6805,-60.8201,101.3024,24.7798
2025-01-01 01:01:20,0.351,-0.0544,0.3852,2.9247,28.1423,45.9549,108.1351,0.01,0.008,0.0135,59.0402,25.6805,-60.8201,101.3024,24.7798
2025-01-01 01:01:30,0.351,-0.0544,0.3852,2.9247,28.1423,47.9209,108.1351,0.01,0.008,0.0135,59.0402,25.6805,-60.8201,101.3024,24.7798
2025-01-01 01:01:40,0.351,0.4006,0.3852,2.9247,28.1423,47.9209,108.1351,0.01,0.008,0.0135,59.0402,25.6805,-60.8201,101.3024,24.7798
2025-01-01 01:01:50,0.351,0.4006,0.3852,2.9247,28.1423,47.9209,108.1351,0.01,0.008,0.0135,59.0402,25.6805,-60.8201,101.3024,23.67
2025-01-01 01:02:00,0.351,0.4006,0.3852,2.9247,28.1423,47.9209,108.1351,0.01,0.008,0.0135,59.0402,25.6805,-61.2643,101.3024,23.67
2025-01-01 01:02:10,0.351,0.4006,0.3852,2.9247,28.2532,47.9209,108.1351,0.01,0.008,0.0135,59.0402,25.6805,-61.2643,101.3024,23.67
2025-01-01 01:02:20,0.351,0.4006,0.3852,2.9247,28.2532,47.9209,113.8263,0.01,0.008,0.0135,59.0402,25.6805,-61.2643,101.3024,23.67
2025-01-01 01:02:30,0.2585,0.4006,0.3852,2.9247,28.2532,47.9209,113.8263,0.01,0.008,0.0135,59.0402,25.6805,-61.2643,101.3024,23.67
2025-01-01 01:02:40,0.2585,0.4006,0.3852,2.9319,28.2532,47.9209,113.8263,0.01,0.008,0.0135,59.0402,25.6805,-61.2643,101.3024,23.67
2025-01-01 01:02:50,0.2585,0.4006,0.3852,2.9319,28.2532,47.9209,113.8263,0.01,0.008,0.0135,59.0402,25.6805,-61.2643,107.8015,23.67
2025-01-01 01:03:00,0.2585,0.4006,0.3852,2.9319,28.2532,47.9209,113.8263,0.01,0.008,0.0135,57.4362,25.6805,-61.2643,107.8015,23.67
2025-01-01 01:03:10,0.2585,0.4006,0.3852,2.9319,28.2532,47.9209,113.8263,0.01,0.0143,0.0135,57.4362,25.6805,-61.2643,107.8015,23.67
2025-01-01 01:03:20,0.2585,0.4006,0.3852,2.9319,28.2532,47.5777,113.8263,0.01,0.0143,0.0135,57.4362,25.6805,-61.2643,107.8015,23.67
2025-01-01 01:03:30,0.2585,0.4006,0.3852,2.9319,27.9563,47.5777,113.8263,0.01,0.0143,0.0135,57.4362,25.6805,-61.2643,107.8015,23.67
2025-01-01 01:03:40,0.2585,0.4006,0.3852,2.9319,27.9563,47.5777,113.8263,0.01,0.0143,0.0135,57.4362,25.6805,-61.2643,107.8015,24.2844
2025-01-01 01:03:50,0.2585,0.4006,0.3852,2.9319,27.9563,47.5777,113.8263,0.01,0.0071,0.0135,57.4362,25.6805,-61.2643,107.8015,24.2844
2025-01-01 01:04:00,0.2585,0.4006,0.3852,2.9319,27.9563,47.5777,113.8263,0.0154,0.0071,0.0135,57.4362,25.6805,-61.2643,107.8015,24.2844
2025-01-01 01:04:10,0.2585,0.4006,0.3852,2.9319,27.9563,47.5777,113.8263,0.0154,0.0071,0.0135,58.5048,25.6805,-61.2643,107.8015,24.2844
2025-01-01 01:04:20,0.2585,0.4006,0.3852,2.9319,27.9563,47.5777,113.8263,0.0154,0.0071,0.0135,58.5048,25.6805,-64.0974,107.8015,24.2844
2025-01-01 01:04:30,0.2585,0.7157,0.3852,2.9319,27.9563,47.5777,113.8263,0.0154,0.0071,0.0135,58.5048,25.6805,-64.0974,107.8015,24.2844
2025-01-01 01:04:40,0.2585,0.7157,2.1697,2.9319,27.9563,47.5777,113.8263,0.0154,0.0071,0.0135,58.5048,25.6805,-64.0974,107.8015,24.2844
2025-01-01 01:04:50,0.2585,0.7157,2.1697,2.9332,27.9563,47.5777,113.8263,0.0154,0.0071,0.0135,58.5048,25.6805,-64.0974,107.8015,24.2844
2025-01-01 01:05:00,0.2585,0.7157,2.1697,2.9332,27.9563,47.5777,113.8263,0.0154,0.0071,0.0135,57.6564,25.6805,-64.0974,107.8015,24.2844
2025-01-01 01:05:10,0.2585,0.7157,2.1697,2.9332,27.9563,47.5777,113.8263,0.0154,0.0071,0.0135,57.6564,26.31,-64.0974,107.8015,24.2844
2025-01-01 01:05:20,0.2585,0.7157,2.1697,2.9332,27.9563,47.5777,113.8263,0.0238,0.0071,0.0135,57.6564,26.31,-64.0974,107.8015,24.2844
2025-01-01 01:05:30,0.2585,0.7157,2.1697,2.9332,27.9563,47.5777,113.8263,0.0238,0.0071,0.0135,57.6564,26.31,-64.0974,103.5314,24.2844
2025-01-01 01:05:40,0.2585,0.7157,2.1697,2.9332,27.9563,47.5777,109.0796,0.0238,0.0071,0.0135,57.6564,26.31,-64.0974,103.5314,24.2844
2025-01-01 01:05:50,0.2585,0.7157,2.1697,2.9332,27.9563,47.5777,109.0796,0.0194,0.0071,0.0135,57.6564,26.31,-64.0974,103.5314,24.2844
2025-01-01 01:06:00,0.2585,0.611,2.1697,2.9332,27.9563,47.5777,109.0796,0.0194,0.0071,0.0135,57.6564,26.31,-64.0974,103.5314,24.2844
2025-01-01 01:06:10,0.2585,0.611,2.1697,2.9332,27.9563,47.5777,109.0796,0.0194,0.011,0.0135,57.6564,26.31,-64.0974,103.5314,24.2844
2025-01-01 01:06:20,0.2585,0.611,2.1697,2.9332,27.9563,47.5777,109.0796,0.0194,0.011,0.0135,57.6564,26.31,-64.0974,103.5314,24.1389
2025-01-01 01:06:30,0.5034,0.611,2.1697,2.9332,27.9563,47.5777,109.0796,0.0194,0.011,0.0135,57.6564,26.31,-64.0974,103.5314,24.1389
2025-01-01 01:06:40,0.5034,0.611,2.1697,2.9332,27.9563,47.5777,109.0796,0.0096,0.011,0.0135,57.6564,26.31,-64.0974,103.5314,24.1389
2025-01-01 01:06:50,0.5034,0.611,2.1697,2.9332,27.9563,47.5777,109.0796,0.0099,0.011,0.0135,57.6564,26.31,-64.0974,103.5314,24.1389
2025-01-01 01:07:00,0.5034,0.611,2.1697,2.9332,27.9563,47.5777,109.0796,0.0148,0.011,0.0135,57.6564,26.31,-64.0974,103.5314,24.1389
2025-01-01 01:07:10,0.5034,0.611,1.7301,2.9332,27.9563,47.5777,109.0796,0.0148,0.011,0.0135,57.6564,26.31,-64.0974,103.5314,24.1389
2025-01-01 01:07:20,0.5034,0.611,1.7301,2.9332,27.9563,47.5777,116.5094,0.0148,0.011,0.0135,57.6564,26.31,-64.0974,103.5314,24.1389
2025-01-01 01:07:30,0.422,0.611,1.7301,2.9332,27.9563,47.5777,116.5094,0.0148,0.011,0.0135,57.6564,26.31,-64.0974,103.5314,24.1389
2025-01-01 01:07:40,0.422,0.611,1.7301,2.7192,27.9563,47.5777,116.5094,0.0148,0.011,0.0135,57.6564,26.31,-64.0974,103.5314,24.1389
2025-01-01 01:07:50,0.422,0.611,1.7301,2.7192,27.9563,47.5777,118.7413,0.0148,0.011,0.0135,57.6564,26.31,-64.0974,103.5314,24.1389
2025-01-01 01:08:00,0.422,0.611,1.7301,2.7192,27.9563,47.5777,118.7413,0.0148,0.011,0.0135,57.6564,26.31,-64.0974,106.3212,24.1389
2025-01-01 01:08:10,0.422,0.611,1.7301,2.7192,27.9563,47.5777,118.7413,0.0148,0.011,0.0135,57.6564,27.3333,-64.0974,106.3212,24.1389
2025-01-01 01:08:20,0.422,0.611,1.7301,2.7192,27.9563,47.5777,118.7413,0.0148,0.011,0.0135,57.6564,25.3014,-64.0974,106.3212,24.1389
2025-01-01 01:08:30,0.422,0.611,1.7301,2.7192,27.9563,47.5777,118.7413,0.0148,0.011,0.0135,57.6564,26.733,-64.0974,106.3212,24.1389
2025-01-01 01:08:40,0.422,0.611,1.7301,2.7192,27.9563,47.5777,118.7413,0.0148,0.011,0.0086,57.6564,26.733,-64.0974,106.3212,24.1389
2025-01-01 01:08:50,0.422,0.507,1.7301,2.7192,27.9563,47.5777,118.7413,0.0148,0.011,0.0086,57.6564,26.733,-64.0974,106.3212,24.1389
2025-01-01 01:09:00,0.422,0.507,1.7301,2.7192,27.9563,47.5777,118.7413,0.0148,0.011,0.0086,57.6564,26.733,-64.0974,100.3928,24.1389
2025-01-01 01:09:10,0.422,0.507,1.7301,2.7192,27.9563,47.5777,118.7413,0.0148,0.011,0.0086,57.6564,26.733,-64.0974,107.8468,24.1389
2025-01-01 01:09:20,0.422,0.507,1.7301,2.7192,27.9563,47.5777,118.7413,0.0148,0.011,0.0171,57.6564,26.733,-64.0974,107.8468,24.1389
2025-01-01 01:09:30,0.422,0.507,1.7301,2.7192,27.9563,48.5922,118.7413,0.0148,0.011,0.0171,57.6564,26.733,-64.0974,107.8468,24.1389
2025-01-01 01:09:40,0.422,0.507,1.7301,2.7192,27.9563,48.5922,118.7413,0.0148,0.011,0.0171,57.6564,26.2473,-64.0974,107.8468,24.1389
2025-01-01 01:09:50,0.422,0.507,1.7301,2.7192,27.9563,48.5922,117.8354,0.0148,0.011,0.0171,57.6564,26.2473,-64.0974,107.8468,24.1389
2025-01-01 01:10:00,0.422,0.507,1.7301,2.7192,27.9563,48.5922,117.8354,0.0148,0.011,0.0167,57.6564,26.2473,-64.0974,107.8468,24.1389
2025-01-01 01:10:10,0.422,0.507,1.7301,2.7192,27.9563,48.5922,117.8354,0.0148,0.011,0.0167,57.6564,26.2473,-59.6998,107.8468,24.1389
2025-01-01 01:10:20,0.422,0.507,1.7301,2.7192,27.9563,48.5922,117.8354,0.0148,0.011,0.0109,57.6564,26.2473,-59.6998,107.8468,24.1389
2025-01-01 01:10:30,0.422,0.507,1.7301,2.7109,27.9563,48.5922,117.8354,0.0148,0.011,0.0109,57.6564,26.2473,-59.6998,107.8468,24.1389
2025-01-01 01:10:40,0.422,0.507,2.0909,2.7109,27.9563,48.5922,117.8354,0.0148,0.011,0.0109,57.6564,26.2473,-59.6998,107.8468,24.1389
2025-01-01 01:10:50,0.422,0.507,2.0909,2.7109,27.9563,48.5922,117.8354,0.0148,0.0125,0.0109,57.6564,26.2473,-59.6998,107.8468,24.1389
2025-01-01 01:11:00,0.422,0.507,2.0909,2.7109,27.9563,48.5922,117.8354,0.0148,0.0015,0.0109,57.6564,26.2473,-59.6998,107.8468,24.1389
2025-01-01 01:11:10,0.422,0.507,2.0909,2.7109,27.9563,48.5922,117.8354,0.0148,0.0015,0.0109,59.8477,26.2473,-59.6998,107.8468,24.1389
2025-01-01 01:11:20,0.422,0.5233,2.0909,2.7109,27.9563,48.5922,117.8354,0.0148,0.0015,0.0109,59.8477,26.2473,-59.6998,107.8468,24.1389
2025-01-01 01:11:30,0.422,1.0145,2.0909,2.7109,27.9563,48.5922,117.8354,0.0148,0.0015,0.0109,59.8477,26.2473,-59.6998,107.8468,24.1389
2025-01-01 01:11:40,0.422,1.0145,2.0909,2.7109,27.9563,48.5922,117.8354,0.0,0.0015,0.0109,59.8477,26.2473,-59.6998,107.8468,24.1389
2025-01-01 01:11:50,0.422,1.0145,2.0909,2.7109,27.9563,48.5922,117.8354,0.0,0.0015,0.0109,58.2881,26.2473,-59.6998,107.8468,24.1389
2025-01-01 01:12:00,0.422,1.0145,2.0909,2.761,27.9563,48.5922,117.8354,0.0,0.0015,0.0109,58.2881,26.2473,-59.6998,107.8468,24.1389
2025-01-01 01:12:10,0.422,1.0145,2.0909,2.761,27.9563,47.4532,117.8354,0.0,0.0015,0.0109,58.2881,26.2473,-59.6998,107.8468,24.1389
2025-01-01 01:12:20,0.422,1.0145,2.0909,2.761,27.9563,48.3118,117.8354,0.0,0.0015,0.0109,58.2881,26.2473,-59.6998,107.8468,24.1389
2025-01-01 01:12:30,0.422,1.0145,2.0909,2.761,27.9563,49.1667,117.8354,0.0,0.0015,0.0109,58.2881,26.2473,-59.6998,107.8468,24.1389
2025-01-01 01:12:40,0.422,1.0145,2.0909,2.761,27.9563,49.1667,117.8354,0.0,0.0015,0.0109,58.2881,26.2473,-61.2613,107.8468,24.1389
2025-01-01 01:12:50,0.422,1.0145,2.0909,2.761,27.9563,49.1667,117.8354,0.0,0.0147,0.0109,58.2881,26.2473,-61.2613,107.8468,24.1389
2025-01-01 01:13:00,0.422,0.1871,2.0909,2.761,27.9563,49.1667,117.8354,0.0,0.0147,0.0109,58.2881,26.2473,-61.2613,107.8468,24.1389
2025-01-01 01:13:10,0.422,0.1871,2.0909,2.761,27.9563,49.1667,117.8354,0.0,0.0147,0.0109,58.2881,26.2473,-61.9768,107.8468,24.1389
2025-01-01 01:13:20,0.422,0.1871,2.0909,2.761,27.9563,49.1667,117.8354,0.0,0.0147,0.0109,58.2881,26.2473,-61.9768,107.8468,24.1785
2025-01-01 01:13:30,0.422,0.4383,2.0909,2.761,27.9563,49.1667,117.8354,0.0,0.0147,0.0109,58.2881,26.2473,-61.9768,107.8468,24.1785
2025-01-01 01:13:40,0.422,0.4383,2.0909,2.761,27.9563,49.1667,117.8354,0.0,0.0147,0.0109,58.2881,26.2473,-61.9768,107.8468,23.8805
2025-01-01 01:13:50,0.422,0.4383,2.0909,2.761,27.9563,47.8465,117.8354,0.0,0.0147,0.0109,58.2881,26.2473,-61.9768,107.8468,23.8805
2025-01-01 01:14:00,0.422,0.4383,2.0909,2.761,27.9563,47.8465,117.8354,0.0143,0.0147,0.0109,58.2881,26.2473,-61.9768,107.8468,23.8805
2025-01-01 01:14:10,0.422,0.4383,1.5473,2.761,27.9563,47.8465,117.8354,0.0143,0.0147,0.0109,58.2881,26.2473,-61.9768,107.8468,23.8805
2025-01-01 01:14:20,0.422,0.4383,1.5473,2.761,28.454,47.8465,117.8354,0.0143,0.0147,0.0109,58.2881,26.2473,-61.9768,107.8468,23.8805
2025-01-01 01:14:30,0.422,0.4383,1.5473,2.761,28.454,47.8465,117.8354,0.0143,0.02,0.0109,58.2881,26.2473,-61.9768,107.8468,23.8805
2025-01-01 01:14:40,0.422,0.4383,1.5473,2.761,28.454,47.8465,117.8354,0.0143,0.02,0.0109,58.2881,26.2473,-61.9768,105.7048,23.8805
2025-01-01 01:14:50,0.422,0.4383,1.5473,2.761,28.454,47.8465,117.8354,0.0143,0.0139,0.0109,58.2881,26.2473,-61.9768,105.7048,23.8805
2025-01-01 01:15:00,0.422,0.4383,1.5473,2.761,28.454,47.8465,117.8354,0.0143,0.0139,0.0109,58.2881,26.2473,-62.4657,105.7048,23.8805
2025-01-01 01:15:10,0.422,0.4383,1.5473,2.761,28.454,47.8465,117.8354,0.0128,0.0139,0.0109,58.2881,26.2473,-62.4657,105.7048,23.8805
2025-01-01 01:15:20,0.422,0.4383,2.6142,2.761,28.454,47.8465,117.8354,0.0128,0.0139,0.0109,58.2881,26.2473,-62.4657,105.7048,23.8805
2025-01-01 01:15:30,0.422,0.4383,2.6142,2.761,28.454,47.8465,117.8354,0.0161,0.0139,0.0109,58.2881,26.2473,-62.4657,105.7048,23.8805
2025-01-01 01:15:40,0.422,0.4383,2.6142,2.761,28.454,47.8465,117.8354,0.0161,0.0139,0.0109,58.2881,26.2712,-62.4657,105.7048,23.8805
2025-01-01 01:15:50,0.422,0.4383,2.6142,2.761,28.454,47.2787,117.8354,0.0161,0.0139,0.0109,58.2881,26.2712,-62.4657,105.7048,23.8805
2025-01-01 01:16:00,0.7126,0.4383,2.6142,2.761,28.454,47.2787,117.8354,0.0161,0.0139,0.0109,58.2881,26.2712,-62.4657,105.7048,23.8805
2025-01-01 01:16:10,0.7126,0.4383,2.6142,2.761,28.454,47.2787,117.8354,0.0161,0.0139,0.0109,58.2881,26.2712,-64.4069,105.7048,23.8805
2025-01-01 01:16:20,0.7126,0.4383,2.6142,2.761,28.454,47.2787,117.8354,0.0161,0.0072,0.0109,58.2881,26.2712,-64.4069,105.7048,23.8805
2025-01-01 01:16:30,0.7126,0.4383,2.6142,2.6432,28.454,47.2787,117.8354,0.0161,0.0072,0.0109,58.2881,26.2712,-64.4069,105.7048,23.8805
2025-01-01 01:16:40,0.7126,0.4383,2.6142,2.6432,28.454,47.2787,117.8354,0.0161,0.0072,0.0109,58.2881,26.2712,-63.1562,105.7048,23.8805
2025-01-01 01:16:50,0.7126,0.4383,2.6142,2.6432,28.454,47.2787,117.8354,0.0161,0.0072,0.0109,58.2881,26.2712,-63.1562,105.7048,24.2382
2025-01-01 01:17:00,0.7126,0.4383,2.6142,2.6432,28.454,47.2787,117.8354,0.0161,0.0072,0.0109,58.2881,26.2712,-61.2549,105.7048,24.2382
2025-01-01 01:17:10,0.7126,0.4383,2.6142,2.6432,28.454,47.2787,117.8354,0.0161,0.0072,0.0124,58.2881,26.2712,-61.2549,105.7048,24.2382
2025-01-01 01:17:20,0.7126,0.4383,2.6142,2.6432,28.454,48.5574,117.8354,0.0161,0.0072,0.0124,58.2881,26.2712,-61.2549,105.7048,24.2382
2025-01-01 01:17:30,0.7126,0.4383,2.6142,2.6432,28.2601,48.5574,117.8354,0.0161,0.0072,0.0124,58.2881,26.2712,-61.2549,105.7048,24.2382
2025-01-01 01:17:40,0.7126,0.4383,2.6142,2.6432,28.2601,48.5574,117.8354,0.0161,0.0072,0.0124,61.9186,26.2712,-61.2549,105.7048,24.2382
2025-01-01 01:17:50,0.7126,0.4383,2.6142,2.6432,28.2601,48.5574,117.8354,0.0161,0.0072,0.0124,61.9186,26.2712,-61.2549,105.7048,24.9476
2025-01-01 01:18:00,0.7126,0.4383,2.6142,2.6757,28.2601,48.5574,117.8354,0.0161,0.0072,0.0124,61.9186,26.2712,-61.2549,105.7048,24.9476
2025-01-01 01:18:10,0.7126,0.4383,2.6142,2.6757,28.2601,48.2958,117.8354,0.0161,0.0072,0.0124,61.9186,26.2712,-61.2549,105.7048,24.9476
2025-01-01 01:18:20,0.5031,0.4383,2.6142,2.6757,28.2601,48.2958,117.8354,0.0161,0.0072,0.0124,61.9186,26.2712,-61.2549,105.7048,24.9476
2025-01-01 01:18:30,0.5031,0.4383,2.6142,2.6757,28.2601,48.2958,117.8354,0.0161,0.0072,0.0124,61.9186,26.2712,-61.2549,105.7048,23.8415
2025-01-01 01:18:40,0.5031,0.4383,2.6142,2.6757,28.2601,48.2958,117.8354,0.0161,0.0072,0.0124,61.9186,26.3978,-61.2549,105.7048,23.8415
2025-01-01 01:18:50,0.5031,0.4383,2.6142,2.6757,28.2958,48.2958,117.8354,0.0161,0.0072,0.0124,61.9186,26.3978,-61.2549,105.7048,23.8415
2025-01-01 01:19:00,0.5031,0.4383,2.6142,2.6757,28.2958,48.2958,117.8354,0.0161,0.0072,0.0124,57.1638,26.3978,-61.2549,105.7048,23.8415
2025-01-01 01:19:10,0.5031,0.1798,2.6142,2.6757,28.2958,48.2958,117.8354,0.0161,0.0072,0.0124,57.1638,26.3978,-61.2549,105.7048,23.8415
2025-01-01 01:19:20,0.5031,0.1798,2.6142,2.6757,28.2958,48.2958,117.8354,0.0161,0.0072,0.0124,57.1638,26.3978,-61.2549,104.7352,23.8415
2025-01-01 01:19:30,0.5031,0.1798,2.6142,2.6757,28.0697,48.2958,117.8354,0.0161,0.0072,0.0124,57.1638,26.3978,-61.2549,104.7352,23.8415
2025-01-01 01:19:40,0.5031,0.1798,2.6142,2.6757,28.0697,48.2958,117.8354,0.0161,0.0072,0.0124,60.8681,26.3978,-61.2549,104.7352,23.8415
2025-01-01 01:19:50,0.5031,0.1798,2.6142,2.6757,28.0697,48.2958,117.8354,0.0161,0.0072,0.0124,60.8681,26.3978,-61.2549,104.8732,23.8415
2025-01-01 01:20:00,0.5031,0.1798,2.6142,2.8876,28.0697,48.2958,117.8354,0.0161,0.0072,0.0124,60.8681,26.3978,-61.2549,104.8732,23.8415
2025-01-01 01:20:10,0.5031,0.1798,2.6142,2.6841,28.0697,48.2958,117.8354,0.0161,0.0072,0.0124,60.8681,26.3978,-61.2549,104.8732,23.8415
2025-01-01 01:20:20,0.5031,0.1798,2.6142,2.6312,28.0697,48.2958,117.8354,0.0161,0.0072,0.0124,60.8681,26.3978,-61.2549,104.8732,23.8415
2025-01-01 01:20:30,0.5031,0.1798,2.6142,2.6312,28.0697,48.2958,128.2394,0.0161,0.0072,0.0124,60.8681,26.3978,-61.2549,104.8732,23.8415
2025-01-01 01:20:40,0.5031,0.1798,2.6142,2.6312,28.0697,48.2958,128.2394,0.0161,0.0125,0.0124,60.8681,26.3978,-61.2549,104.8732,23.8415
2025-01-01 01:20:50,0.5031,0.6201,2.6142,2.6312,28.0697,48.2958,128.2394,0.0161,0.0125,0.0124,60.8681,26.3978,-61.2549,104.8732,23.8415
2025-01-01 01:21:00,0.5031,0.6201,2.6142,2.6312,28.0697,48.2958,128.2394,0.0161,0.0125,0.0124,59.4656,26.3978,-61.2549,104.8732,23.8415
2025-01-01 01:21:10,0.5031,0.6201,1.3443,2.6312,28.0697,48.2958,128.2394,0.0161,0.0125,0.0124,59.4656,26.3978,-61.2549,104.8732,23.8415
2025-01-01 01:21:20,0.5031,0.6201,1.4706,2.6312,28.0697,48.2958,128.2394,0.0161,0.0125,0.0124,59.4656,26.3978,-61.2549,104.8732,23.8415
2025-01-01 01:21:30,0.5031,0.6201,1.4706,2.6312,28.3834,48.2958,128.2394,0.0161,0.0125,0.0124,59.4656,26.3978,-61.2549,104.8732,23.8415
2025-01-01 01:21:40,0.5031,0.6201,1.4706,2.6312,28.3834,48.2958,128.2394,0.0161,0.0125,0.0132,59.4656,26.3978,-61.2549,104.8732,23.8415
2025-01-01 01:21:50,0.7835,0.6201,1.4706,2.6312,28.3834,48.2958,128.2394,0.0161,0.0125,0.0132,59.4656,26.3978,-61.2549,104.8732,23.8415
2025-01-01 01:22:00,0.7835,0.6201,1.4706,2.6312,28.3834,48.2958,128.2394,0.0161,0.0125,0.0106,59.4656,26.3978,-61.2549,104.8732,23.8415
2025-01-01 01:22:10,0.7835,0.6201,1.4706,2.6312,28.3834,48.2958,128.2394,0.0161,0.0125,0.0106,59.4656,26.1396,-61.2549,104.8732,23.8415
2025-01-01 01:22:20,0.7835,0.6201,1.4706,2.6312,28.3834,48.2958,128.2394,0.0161,0.0125,0.0106,56.7998,26.1396,-61.2549,104.8732,23.8415
2025-01-01 01:22:30,0.7835,0.6201,1.4706,2.6312,28.3834,48.2958,128.2394,0.0196,0.0125,0.0106,56.7998,26.1396,-61.2549,104.8732,23.8415
2025-01-01 01:22:40,0.7835,0.6201,1.4706,2.6312,28.3834,48.2958,128.2394,0.0196,0.0125,0.0106,56.7998,26.1396,-61.2549,106.1235,23.8415
2025-01-01 01:22:50,0.7835,0.7804,1.4706,2.6312,28.3834,48.2958,128.2394,0.0196,0.0125,0.0106,56.7998,26.1396,-61.2549,106.1235,23.8415
2025-01-01 01:23:00,0.7835,0.7804,1.4706,2.9179,28.3834,48.2958,128.2394,0.0196,0.0125,0.0106,56.7998,26.1396,-61.2549,106.1235,23.8415
2025-01-01 01:23:10,0.7835,0.7804,1.4706,2.9179,28.3834,48.3542,128.2394,0.0196,0.0125,0.0106,56.7998,26.1396,-61.2549,106.1235,23.8415
2025-01-01 01:23:20,0.7835,0.7804,1.4706,2.9179,28.3834,46.8579,128.2394,0.0196,0.0125,0.0106,56.7998,26.1396,-61.2549,106.1235,23.8415
2025-01-01 01:23:30,0.7835,0.7804,1.4706,2.9179,28.3834,46.8579,128.2394,0.0196,0.0125,0.0106,56.7998,26.78,-61.2549,106.1235,23.8415
2025-01-01 01:23:40,0.7835,0.7804,1.4706,2.9179,28.3834,46.8579,128.2394,0.0196,0.0125,0.0064,56.7998,26.78,-61.2549,106.1235,23.8415
2025-01-01 01:23:50,0.7835,0.7804,1.4706,2.9719,28.3834,46.8579,128.2394,0.0196,0.0125,0.0064,56.7998,26.78,-61.2549,106.1235,23.8415
2025-01-01 01:24:00,0.7835,0.7804,1.4706,2.9719,28.2436,46.8579,128.2394,0.0196,0.0125,0.0064,56.7998,26.78,-61.2549,106.1235,23.8415
2025-01-01 01:24:10,0.7835,0.7804,2.0066,2.9719,28.2436,46.8579,128.2394,0.0196,0.0125,0.0064,56.7998,26.78,-61.2549,106.1235,23.8415
2025-01-01 01:24:20,0.7835,0.7804,2.0066,2.9719,28.2436,46.8579,128.2394,0.0196,0.0125,0.0064,56.7998,27.1426,-61.2549,106.1235,23.8415
2025-01-01 01:24:30,0.7835,0.7804,2.0066,2.9719,28.2436,46.8579,128.2394,0.0196,0.0125,0.0064,56.7998,27.1426,-61.2549,106.1235,23.6106
2025-01-01 01:24:40,0.7835,0.7804,2.0066,2.9719,28.2436,46.699,128.2394,0.0196,0.0125,0.0064,56.7998,27.1426,-61.2549,106.1235,23.6106
2025-01-01 01:24:50,0.7835,0.7804,2.0066,2.9719,28.2436,46.699,123.6964,0.0196,0.0125,0.0064,56.7998,27.1426,-61.2549,106.1235,23.6106
2025-01-01 01:25:00,0.2472,0.7804,2.0066,2.9719,28.2436,46.699,123.6964,0.0196,0.0125,0.0064,56.7998,27.1426,-61.2549,106.1235,23.6106
2025-01-01 01:25:10,0.2472,0.7804,2.0066,2.9719,28.2436,47.4496,123.6964,0.0196,0.0125,0.0064,56.7998,27.1426,-61.2549,106.1235,23.6106
2025-01-01 01:25:20,0.2472,0.7804,1.2273,2.9719,28.2436,47.4496,123.6964,0.0196,0.0125,0.0064,56.7998,27.1426,-61.2549,106.1235,23.6106
2025-01-01 01:25:30,0.2472,0.7804,1.7019,2.9719,28.2436,47.4496,123.6964,0.0196,0.0125,0.0064,56.7998,27.1426,-61.2549,106.1235,23.6106
2025-01-01 01:25:40,0.2472,0.7804,1.7019,2.9719,28.2436,47.4496,119.9073,0.0196,0.0125,0.0064,56.7998,27.1426,-61.2549,106.1235,23.6106
2025-01-01 01:25:50,0.2472,0.7804,1.7019,2.9719,28.2984,47.4496,119.9073,0.0196,0.0125,0.0064,56.7998,27.1426,-61.2549,106.1235,23.6106
2025-01-01 01:26:00,0.2472,0.7804,1.7019,3.0175,28.2984,47.4496,119.9073,0.0196,0.0125,0.0064,56.7998,27.1426,-61.2549,106.1235,23.6106
2025-01-01 01:26:10,0.2472,0.7804,1.7019,3.0175,28.2984,47.4496,119.9073,0.0196,0.0125,0.0185,56.7998,27.1426,-61.2549,106.1235,23.6106
2025-01-01 01:26:20,0.6401,0.7804,1.7019,3.0175,28.2984,47.4496,119.9073,0.0196,0.0125,0.0185,56.7998,27.1426,-61.2549,106.1235,23.6106
2025-01-01 01:26:30,0.6401,0.7804,1.7019,3.0175,28.2984,47.8507,119.9073,0.0196,0.0125,0.0185,56.7998,27.1426,-61.2549,106.1235,23.6106
2025-01-01 01:26:40,0.6401,0.7804,0.8756,3.0175,28.2984,47.8507,119.9073,0.0196,0.0125,0.0185,56.7998,27.1426,-61.2549,106.1235,23.6106
2025-01-01 01:26:50,0.6401,0.7804,0.8756,3.0175,28.2984,47.8507,119.9073,0.0196,0.0125,0.0157,56.7998,27.1426,-61.2549,106.1235,23.6106
2025-01-01 01:27:00,0.6401,0.7804,0.8756,3.0175,28.2984,47.8507,119.9073,0.0162,0.0125,0.0157,56.7998,27.1426,-61.2549,106.1235,23.6106
2025-01-01 01:27:10,0.6401,0.7804,0.8756,3.0175,28.2984,47.8507,119.9073,0.0162,0.0104,0.0157,56.7998,27.1426,-61.2549,106.1235,23.6106
2025-01-01 01:27:20,0.6401,0.7804,0.8756,3.0065,28.2984,47.8507,119.9073,0.0162,0.0104,0.0157,56.7998,27.1426,-61.2549,106.1235,23.6106
2025-01-01 01:27:30,0.6401,0.7804,1.8911,3.0065,28.2984,47.8507,119.9073,0.0162,0.0104,0.0157,56.7998,27.1426,-61.2549,106.1235,23.6106
2025-01-01 01:27:40,0.6401,0.7804,1.8911,3.0065,28.2984,47.8507,119.9073,0.0162,0.0104,0.0157,56.7998,27.1426,-61.2549,106.1235,24.6628
2025-01-01 01:27:50,0.6401,0.7804,1.8911,3.0065,28.2984,47.8507,119.9073,0.0162,0.0104,0.0157,56.7998,27.1426,-61.2549,106.1235,25.0286
2025-01-01 01:28:00,0.6401,0.7804,1.8911,3.0065,28.2984,47.8507,119.9073,0.0162,0.0104,0.0157,58.1135,27.1426,-61.2549,106.1235,25.0286
2025-01-01 01:28:10,0.6401,0.7804,1.8911,3.0065,28.2984,47.8507,119.9073,0.0162,0.0104,0.0157,60.392,27.1426,-61.2549,106.1235,25.0286
2025-01-01 01:28:20,0.6401,0.7804,1.8911,3.0065,28.1248,47.8507,119.9073,0.0162,0.0104,0.0157,60.392,27.1426,-61.2549,106.1235,25.0286
2025-01-01 01:28:30,0.6401,0.7804,0.9073,3.0065,28.1248,47.8507,119.9073,0.0162,0.0104,0.0157,60.392,27.1426,-61.2549,106.1235,25.0286
2025-01-01 01:28:40,0.6401,0.7804,0.9073,3.0065,28.1248,47.8507,113.7558,0.0162,0.0104,0.0157,60.392,27.1426,-61.2549,106.1235,25.0286
2025-01-01 01:28:50,0.6401,0.7804,0.9073,3.0065,28.1248,48.3027,113.7558,0.0162,0.0104,0.0157,60.392,27.1426,-61.2549,106.1235,25.0286
2025-01-01 01:29:00,0.6401,0.7804,0.9073,3.0065,28.1248,48.3027,113.7558,0.0162,0.0104,0.0157,60.392,27.1426,-61.2549,104.995,25.0286
2025-01-01 01:29:10,0.6401,0.3415,0.9073,3.0065,28.1248,48.3027,113.7558,0.0162,0.0104,0.0157,60.392,27.1426,-61.2549,104.995,25.0286
2025-01-01 01:29:20,0.6401,0.3415,0.9073,3.0065,28.1248,48.3027,113.7558,0.0162,0.0104,0.0157,60.392,27.1426,-58.3098,104.995,25.0286
2025-01-01 01:29:30,0.6401,0.3415,0.9073,3.0065,28.1248,48.3027,113.7558,0.0162,0.0104,0.0112,60.392,27.1426,-58.3098,104.995,25.0286
2025-01-01 01:29:40,0.6401,0.4359,0.9073,3.0065,28.1248,48.3027,113.7558,0.0162,0.0104,0.0112,60.392,27.1426,-58.3098,104.995,25.0286
2025-01-01 01:29:50,0.6401,0.4359,0.9073,3.0065,28.1248,48.3027,113.7558,0.0162,0.0104,0.0112,60.392,27.883,-58.3098,104.995,25.0286
2025-01-01 01:30:00,0.6401,0.6468,0.9073,3.0065,28.1248,48.3027,113.7558,0.0162,0.0104,0.0112,60.392,27.883,-58.3098,104.995,25.0286
2025-01-01 01:30:10,0.6401,0.6468,0.9073,3.0065,28.3322,48.3027,113.7558,0.0162,0.0104,0.0112,60.392,27.883,-58.3098,104.995,25.0286
2025-01-01 01:30:20,0.6401,0.6468,1.2863,3.0065,28.3322,48.3027,113.7558,0.0162,0.0104,0.0112,60.392,27.883,-58.3098,104.995,25.0286
2025-01-01 01:30:30,0.6401,0.6468,1.2863,3.0065,28.3322,48.3027,116.3756,0.0162,0.0104,0.0112,60.392,27.883,-58.3098,104.995,25.0286
2025-01-01 01:30:40,0.6401,0.6468,1.2863,3.0065,28.3322,48.3027,116.3756,0.0162,0.0104,0.0112,60.392,27.883,-62.7974,104.995,25.0286
2025-01-01 01:30:50,0.6401,0.6468,2.075,3.0065,28.3322,48.3027,116.3756,0.0162,0.0104,0.0112,60.392,27.883,-62.7974,104.995,25.0286
2025-01-01 01:31:00,0.6401,0.6468,2.075,2.8133,28.3322,48.3027,116.3756,0.0162,0.0104,0.0112,60.392,27.883,-62.7974,104.995,25.0286
2025-01-01 01:31:10,0.6401,0.6468,2.075,2.8133,28.3322,48.3027,116.3756,0.0162,0.0104,0.0112,60.392,27.883,-57.5849,104.995,25.0286
2025-01-01 01:31:20,0.6401,0.3239,2.075,2.8133,28.3322,48.3027,116.3756,0.0162,0.0104,0.0112,60.392,27.883,-57.5849,104.995,25.0286
2025-01-01 01:31:30,0.6401,0.3239,2.075,2.8133,28.3322,48.3027,116.3756,0.0162,0.0104,0.0112,60.392,27.883,-57.5849,105.5638,25.0286
2025-01-01 01:31:40,0.6401,0.3239,2.075,2.882,28.3322,48.3027,116.3756,0.0162,0.0104,0.0112,60.392,27.883,-57.5849,105.5638,25.0286
2025-01-01 01:31:50,0.6401,0.3239,2.075,2.882,28.3322,48.3027,120.8226,0.0162,0.0104,0.0112,60.392,27.883,-57.5849,105.5638,25.0286
2025-01-01 01:32:00,0.6401,0.3239,2.075,2.882,28.3322,48.3027,120.8226,0.0162,0.0072,0.0112,60.392,27.883,-57.5849,105.5638,25.0286
2025-01-01 01:32:10,0.6401,0.3239,2.075,2.882,28.3322,48.3027,120.8226,0.0162,0.0072,0.0112,60.392,27.883,-57.5849,105.5638,25.1729
2025-01-01 01:32:20,0.6401,0.3239,2.075,2.882,28.3322,48.3027,120.8226,0.0162,0.0072,0.0112,60.392,27.883,-60.302,105.5638,25.1729
2025-01-01 01:32:30,0.6401,0.3239,2.075,2.882,28.3322,48.3027,120.8226,0.0162,0.0072,0.0112,60.392,26.916,-60.302,105.5638,25.1729
2025-01-01 01:32:40,0.6401,0.3239,2.075,2.882,28.3322,48.3027,120.8226,0.0162,0.0072,0.0112,60.392,26.916,-60.302,105.5638,25.1403
2025-01-01 01:32:50,0.6401,0.6681,2.075,2.882,28.3322,48.3027,120.8226,0.0162,0.0072,0.0112,60.392,26.916,-60.302,105.5638,25.1403
2025-01-01 01:33:00,0.6401,0.6681,2.075,2.882,28.3322,48.3027,120.8226,0.0162,0.0072,0.0112,60.392,26.8927,-60.302,105.5638,25.1403
2025-01-01 01:33:10,0.6401,0.6681,2.075,2.882,28.3322,48.3027,120.8226,0.0162,0.0216,0.0112,60.392,26.8927,-60.302,105.5638,25.1403
2025-01-01 01:33:20,0.6401,0.6681,2.075,2.882,28.3322,48.3027,120.8226,0.0162,0.023,0.0112,60.392,26.8927,-60.302,105.5638,25.1403
2025-01-01 01:33:30,0.8537,0.6681,2.075,2.882,28.3322,48.3027,120.8226,0.0162,0.023,0.0112,60.392,26.8927,-60.302,105.5638,25.1403
2025-01-01 01:33:40,0.8537,0.6681,2.075,2.882,28.3322,48.3027,120.8226,0.0162,0.023,0.0112,59.4018,26.8927,-60.302,105.5638,25.1403
2025-01-01 01:33:50,0.8537,0.6681,2.075,2.882,28.3322,48.3027,120.8226,0.0162,0.023,0.0168,59.4018,26.8927,-60.302,105.5638,25.1403
2025-01-01 01:34:00,0.8537,0.6681,2.075,2.882,28.3526,48.3027,120.8226,0.0162,0.023,0.0168,59.4018,26.8927,-60.302,105.5638,25.1403
2025-01-01 01:34:10,0.8537,0.6681,0.9912,2.882,28.3526,48.3027,120.8226,0.0162,0.023,0.0168,59.4018,26.8927,-60.302,105.5638,25.1403
2025-01-01 01:34:20,0.8537,0.6681,0.9912,2.882,28.3526,48.3027,120.8226,0.0162,0.023,0.0186,59.4018,26.8927,-60.302,105.5638,25.1403
2025-01-01 01:34:30,0.8537,0.6681,0.9912,2.8055,28.3526,48.3027,120.8226,0.0162,0.023,0.0186,59.4018,26.8927,-60.302,105.5638,25.1403
2025-01-01 01:34:40,0.8537,0.6681,0.9912,2.8055,28.3526,48.3027,120.8226,0.0162,0.023,0.0186,59.4018,26.8927,-60.1492,105.5638,25.1403
2025-01-01 01:34:50,0.8537,0.6681,0.9912,2.8055,28.3526,48.3027,119.7984,0.0162,0.023,0.0186,59.4018,26.8927,-60.1492,105.5638,25.1403
2025-01-01 01:35:00,0.8537,0.6681,0.9912,2.8055,28.3526,47.8175,119.7984,0.0162,0.023,0.0186,59.4018,26.8927,-60.1492,105.5638,25.1403
2025-01-01 01:35:10,0.8537,0.6681,2.0871,2.8055,28.3526,47.8175,119.7984,0.0162,0.023,0.0186,59.4018,26.8927,-60.1492,105.5638,25.1403
2025-01-01 01:35:20,0.8537,0.6681,2.0871,2.8055,28.3526,47.8175,119.7984,0.0162,0.023,0.0169,59.4018,26.8927,-60.1492,105.5638,25.1403
2025-01-01 01:35:30,0.8537,0.6681,2.0871,2.8055,28.3526,47.8175,119.7984,0.0162,0.023,0.0169,59.4018,26.8927,-60.1492,105.6697,25.1403
2025-01-01 01:35:40,0.8537,0.6681,2.0871,2.8055,28.3526,47.8175,119.7984,0.0162,0.023,0.0169,59.4018,26.8927,-60.1492,105.6697,24.1297
2025-01-01 01:35:50,0.8537,0.6681,2.0871,2.8055,28.3526,47.8175,119.7984,0.0162,0.023,0.0229,59.4018,26.8927,-60.1492,105.6697,24.1297
2025-01-01 01:36:00,0.8537,0.6681,2.0871,2.8055,28.3526,47.8175,119.7984,0.0162,0.023,0.0156,59.4018,26.8927,-60.1492,105.6697,24.1297
2025-01-01 01:36:10,0.8537,0.6681,2.0871,2.8055,28.2876,47.8175,119.7984,0.0162,0.023,0.0156,59.4018,26.8927,-60.1492,105.6697,24.1297
2025-01-01 01:36:20,0.8537,0.6681,2.0871,2.8055,28.2876,47.6701,119.7984,0.0162,0.023,0.0156,59.4018,26.8927,-60.1492,105.6697,24.1297
2025-01-01 01:36:30,0.8537,0.6681,2.0871,2.9369,28.2876,47.6701,119.7984,0.0162,0.023,0.0156,59.4018,26.8927,-60.1492,105.6697,24.1297
2025-01-01 01:36:40,0.8537,0.6681,2.0871,2.9369,28.3597,47.6701,119.7984,0.0162,0.023,0.0156,59.4018,26.8927,-60.1492,105.6697,24.1297
2025-01-01 01:36:50,0.8537,0.6681,2.0871,2.9369,28.3597,47.6701,121.1219,0.0162,0.023,0.0156,59.4018,26.8927,-60.1492,105.6697,24.1297
2025-01-01 01:37:00,0.8537,0.6681,2.0871,2.9053,28.3597,47.6701,121.1219,0.0162,0.023,0.0156,59.4018,26.8927,-60.1492,105.6697,24.1297
2025-01-01 01:37:10,0.8537,0.6681,2.0871,2.9053,28.3597,47.6701,121.1219,0.0162,0.023,0.0156,59.4018,26.8927,-60.1492,106.7822,24.1297
2025-01-01 01:37:20,0.8537,0.6681,2.0871,2.9053,28.3597,47.6701,121.1219,0.0162,0.023,0.0156,59.4018,26.8927,-60.7528,106.7822,24.1297
2025-01-01 01:37:30,0.8537,0.6681,2.0871,2.9053,28.3597,47.6701,121.1219,0.0238,0.023,0.0156,59.4018,26.8927,-60.7528,106.7822,24.1297
2025-01-01 01:37:40,0.8537,0.6681,2.0871,2.9053,28.3597,47.6701,121.1219,0.0238,0.023,0.0156,59.4018,26.8927,-60.7528,106.7822,25.139
2025-01-01 01:37:50,0.8537,0.6681,2.0871,2.9053,28.3597,47.6701,121.1219,0.0238,0.023,0.0156,59.4018,26.8383,-60.7528,106.7822,25.139
2025-01-01 01:38:00,0.5844,0.6681,2.0871,2.9053,28.3597,47.6701,121.1219,0.0238,0.023,0.0156,59.4018,26.8383,-60.7528,106.7822,25.139
2025-01-01 01:38:10,0.5844,0.6681,2.0871,2.9053,28.3597,47.6701,121.1219,0.0238,0.023,0.0241,59.4018,26.8383,-60.7528,106.7822,25.139
2025-01-01 01:38:20,0.5844,0.6681,2.0871,2.9053,28.3597,47.504,121.1219,0.0238,0.023,0.0241,59.4018,26.8383,-60.7528,106.7822,25.139
2025-01-01 01:38:30,0.5844,0.6681,2.0871,2.9053,28.3597,47.504,121.1219,0.0238,0.023,0.0241,59.4018,26.8383,-60.7528,108.3499,25.139
2025-01-01 01:38:40,0.5844,0.6681,2.0871,2.9053,28.3597,47.504,121.1219,0.0238,0.023,0.0241,58.0622,26.8383,-60.7528,108.3499,25.139
2025-01-01 01:38:50,0.5844,0.6681,2.0871,2.9053,28.3597,47.4719,121.1219,0.0238,0.023,0.0241,58.0622,26.8383,-60.7528,108.3499,25.139
2025-01-01 01:39:00,0.5844,0.6681,2.0871,2.6461,28.3597,47.4719,121.1219,0.0238,0.023,0.0241,58.0622,26.8383,-60.7528,108.3499,25.139
2025-01-01 01:39:10,0.5844,0.4385,2.0871,2.6461,28.3597,47.4719,121.1219,0.0238,0.023,0.0241,58.0622,26.8383,-60.7528,108.3499,25.139
2025-01-01 01:39:20,0.5844,0.4385,2.0871,2.6461,28.3597,49.3887,121.1219,0.0238,0.023,0.0241,58.0622,26.8383,-60.7528,108.3499,25.139
2025-01-01 01:39:30,0.5844,0.4385,2.0871,2.6461,28.3597,49.3887,115.9749,0.0238,0.023,0.0241,58.0622,26.8383,-60.7528,108.3499,25.139
2025-01-01 01:39:40,0.5844,1.1447,2.0871,2.6461,28.3597,49.3887,115.9749,0.0238,0.023,0.0241,58.0622,26.8383,-60.7528,108.3499,25.139
2025-01-01 01:39:50,0.5509,1.1447,2.0871,2.6461,28.3597,49.3887,115.9749,0.0238,0.023,0.0241,58.0622,26.8383,-60.7528,108.3499,25.139
2025-01-01 01:40:00,0.5509,1.1447,2.0871,2.6461,28.3597,49.3887,115.9749,0.0238,0.023,0.0179,58.0622,26.8383,-60.7528,108.3499,25.139
2025-01-01 01:40:10,0.5509,1.1447,2.0871,2.6461,28.3597,49.3887,115.9749,0.0196,0.023,0.0179,58.0622,26.8383,-60.7528,108.3499,25.139
2025-01-01 01:40:20,0.5509,1.1447,2.0871,2.6461,28.3597,49.3887,115.9749,0.0196,0.023,0.0179,58.0622,26.8383,-60.7528,103.7238,25.139
2025-01-01 01:40:30,0.5509,1.1447,2.0871,2.851,28.3597,49.3887,115.9749,0.0196,0.023,0.0179,58.0622,26.8383,-60.7528,103.7238,25.139
2025-01-01 01:40:40,0.5636,1.1447,2.0871,2.851,28.3597,49.3887,115.9749,0.0196,0.023,0.0179,58.0622,26.8383,-60.7528,103.7238,25.139
2025-01-01 01:40:50,0.5636,1.1447,2.0871,2.851,28.3597,49.3887,115.9749,0.0196,0.023,0.0179,58.0622,26.8383,-60.7528,105.7802,25.139
2025-01-01 01:41:00,0.5636,0.5908,2.0871,2.851,28.3597,49.3887,115.9749,0.0196,0.023,0.0179,58.0622,26.8383,-60.7528,105.7802,25.139
2025-01-01 01:41:10,0.5636,0.5908,2.0871,2.851,28.3597,49.3887,115.9749,0.0196,0.023,0.0179,58.0622,26.6433,-60.7528,105.7802,25.139
2025-01-01 01:41:20,0.5636,0.5908,2.0871,2.851,28.3597,49.3887,115.9749,0.0196,0.023,0.0244,58.0622,26.6433,-60.7528,105.7802,25.139
2025-01-01 01:41:30,0.5636,0.5908,2.0871,2.851,28.3597,49.3887,114.465,0.0196,0.023,0.0244,58.0622,26.6433,-60.7528,105.7802,25.139
2025-01-01 01:41:40,0.5636,0.5908,2.0871,2.851,28.3812,49.3887,114.465,0.0196,0.023,0.0244,58.0622,26.6433,-60.7528,105.7802,25.139
2025-01-01 01:41:50,0.5636,0.5908,2.0871,2.851,28.3812,49.3887,114.465,0.0196,0.0155,0.0244,58.0622,26.6433,-60.7528,105.7802,25.139
2025-01-01 01:42:00,0.5636,0.5908,2.0871,2.851,28.3812,49.3887,114.465,0.0196,0.0155,0.0244,60.5203,26.6433,-60.7528,105.7802,25.139
2025-01-01 01:42:10,0.3932,0.5908,2.0871,2.851,28.3812,49.3887,114.465,0.0196,0.0155,0.0244,60.5203,26.6433,-60.7528,105.7802,25.139
2025-01-01 01:42:20,0.3932,0.5908,2.0871,2.851,28.3812,47.6462,114.465,0.0196,0.0155,0.0244,60.5203,26.6433,-60.7528,105.7802,25.139
2025-01-01 01:42:30,0.7311,0.5908,2.0871,2.851,28.3812,47.6462,114.465,0.0196,0.0155,0.0244,60.5203,26.6433,-60.7528,105.7802,25.139
2025-01-01 01:42:40,0.7311,0.5765,2.0871,2.851,28.3812,47.6462,114.465,0.0196,0.0155,0.0244,60.5203,26.6433,-60.7528,105.7802,25.139
2025-01-01 01:42:50,0.6224,0.5765,2.0871,2.851,28.3812,47.6462,114.465,0.0196,0.0155,0.0244,60.5203,26.6433,-60.7528,105.7802,25.139
2025-01-01 01:43:00,0.6224,0.5765,2.0871,2.851,28.3812,47.6462,114.465,0.0196,0.0155,0.0244,60.5203,26.6433,-60.7528,108.0956,25.139
2025-01-01 01:43:10,0.6224,0.5765,2.0871,2.851,28.3812,47.6462,114.465,0.023,0.0155,0.0244,60.5203,26.6433,-60.7528,108.0956,25.139
2025-01-01 01:43:20,0.6224,0.5765,2.0871,2.851,28.3812,47.6462,114.465,0.023,0.0155,0.0244,60.5203,26.6433,-59.9955,108.0956,25.139
2025-01-01 01:43:30,0.6224,0.5765,2.0871,2.851,28.3812,47.6462,114.465,0.023,0.0155,0.0244,60.5203,26.3597,-59.9955,108.0956,25.139
2025-01-01 01:43:40,0.6224,0.5765,2.0871,2.851,28.3812,47.6462,114.465,0.023,0.022,0.0244,60.5203,26.3597,-59.9955,108.0956,25.139
2025-01-01 01:43:50,0.6224,0.5765,1.288,2.851,28.3812,47.6462,114.465,0.023,0.022,0.0244,60.5203,26.3597,-59.9955,108.0956,25.139
2025-01-01 01:44:00,0.6224,0.5765,1.288,2.8013,28.3812,47.6462,114.465,0.023,0.022,0.0244,60.5203,26.3597,-59.9955,108.0956,25.139
2025-01-01 01:44:10,0.6224,0.5765,1.288,2.8013,28.3759,47.6462,114.465,0.023,0.022,0.0244,60.5203,26.3597,-59.9955,108.0956,25.139
2025-01-01 01:44:20,0.6224,0.5765,1.288,2.5059,28.3759,47.6462,114.465,0.023,0.022,0.0244,60.5203,26.3597,-59.9955,108.0956,25.139
2025-01-01 01:44:30,0.6224,0.5765,1.288,2.5059,28.3759,47.6462,114.465,0.023,0.022,0.0244,59.0113,26.3597,-59.9955,108.0956,25.139
2025-01-01 01:44:40,0.6224,0.5765,1.288,2.5059,28.3759,47.6462,114.465,0.023,0.022,0.0244,59.0113,26.3597,-59.9955,106.1188,25.139
2025-01-01 01:44:50,0.6224,0.5765,1.288,2.9597,28.3759,47.6462,114.465,0.023,0.022,0.0244,59.0113,26.3597,-59.9955,106.1188,25.139
2025-01-01 01:45:00,0.6224,0.3837,1.288,2.9597,28.3759,47.6462,114.465,0.023,0.022,0.0244,59.0113,26.3597,-59.9955,106.1188,25.139
2025-01-01 01:45:10,0.6224,0.3837,1.288,2.9597,28.3759,47.6462,114.465,0.023,0.0201,0.0244,59.0113,26.3597,-59.9955,106.1188,25.139
2025-01-01 01:45:20,0.6224,0.8314,1.288,2.9597,28.3759,47.6462,114.465,0.023,0.0201,0.0244,59.0113,26.3597,-59.9955,106.1188,25.139
2025-01-01 01:45:30,0.6224,0.8314,1.288,2.9597,28.468,47.6462,114.465,0.023,0.0201,0.0244,59.0113,26.3597,-59.9955,106.1188,25.139
2025-01-01 01:45:40,0.6224,0.8314,1.288,2.9597,28.468,47.6462,114.465,0.023,0.0201,0.0244,59.0113,26.3597,-59.0286,106.1188,25.139
2025-01-01 01:45:50,0.6224,0.8314,1.288,2.9597,28.468,47.6462,114.465,0.023,0.0201,0.0244,59.0113,26.3597,-58.558,106.1188,25.139
2025-01-01 01:46:00,0.6224,0.8314,1.288,2.9597,28.468,47.6462,114.465,0.023,0.0201,0.0244,61.9761,26.3597,-58.558,106.1188,25.139
2025-01-01 01:46:10,0.6224,0.8314,1.288,2.9597,28.468,47.6462,114.465,0.023,0.0201,0.0244,61.9761,27.3789,-58.558,106.1188,25.139
2025-01-01 01:46:20,0.6224,0.8314,1.288,2.9597,28.468,47.6462,114.465,0.023,0.0201,0.0244,61.9761,27.3789,-60.5846,106.1188,25.139
2025-01-01 01:46:30,0.6224,0.8314,1.288,2.9597,28.468,47.6462,114.465,0.023,0.0201,0.0244,61.9761,27.3789,-58.8834,106.1188,25.139
2025-01-01 01:46:40,0.6224,0.8314,1.288,2.9597,28.468,47.6462,114.465,0.023,0.0201,0.0244,60.1516,27.3789,-58.8834,106.1188,25.139
2025-01-01 01:46:50,0.6224,0.8314,1.288,2.9597,28.468,47.6462,114.465,0.023,0.0201,0.0244,60.1516,27.3789,-59.3711,106.1188,25.139
2025-01-01 01:47:00,0.6224,0.8314,1.288,2.9597,28.468,47.6462,114.465,0.0146,0.0201,0.0244,60.1516,27.3789,-59.3711,106.1188,25.139
2025-01-01 01:47:10,0.6224,0.8314,1.288,2.9597,28.468,49.1096,114.465,0.0146,0.0201,0.0244,60.1516,27.3789,-59.3711,106.1188,25.139
2025-01-01 01:47:20,0.6224,0.8314,1.288,2.8648,28.468,49.1096,114.465,0.0146,0.0201,0.0244,60.1516,27.3789,-59.3711,106.1188,25.139
2025-01-01 01:47:30,0.6224,0.8314,1.288,2.8648,28.468,49.1096,114.465,0.0146,0.0201,0.0245,60.1516,27.3789,-59.3711,106.1188,25.139
2025-01-01 01:47:40,0.6224,0.8314,1.288,2.9445,28.468,49.1096,114.465,0.0146,0.0201,0.0245,60.1516,27.3789,-59.3711,106.1188,25.139
2025-01-01 01:47:50,0.6224,0.8314,1.288,2.9445,28.2143,49.1096,114.465,0.0146,0.0201,0.0245,60.1516,27.3789,-59.3711,106.1188,25.139
2025-01-01 01:48:00,0.4553,0.8314,1.288,2.9445,28.2143,49.1096,114.465,0.0146,0.0201,0.0245,60.1516,27.3789,-59.3711,106.1188,25.139
2025-01-01 01:48:10,0.4553,0.8314,1.288,2.9445,28.2143,49.1096,114.465,0.0146,0.0201,0.0245,60.1516,27.3789,-59.3711,106.1188,25.1934
2025-01-01 01:48:20,0.4553,0.6847,1.288,2.9445,28.2143,49.1096,114.465,0.0146,0.0201,0.0245,60.1516,27.3789,-59.3711,106.1188,25.1934
2025-01-01 01:48:30,0.4553,0.6847,1.288,2.9445,28.2143,49.1096,114.465,0.0146,0.0201,0.0245,60.1516,27.3789,-59.3711,107.6777,25.1934
2025-01-01 01:48:40,0.4553,0.6847,1.288,2.9445,28.2143,49.1096,118.0351,0.0146,0.0201,0.0245,60.1516,27.3789,-59.3711,107.6777,25.1934
2025-01-01 01:48:50,0.4553,0.6847,1.288,2.8328,28.2143,49.1096,118.0351,0.0146,0.0201,0.0245,60.1516,27.3789,-59.3711,107.6777,25.1934
2025-01-01 01:49:00,0.4553,0.6847,1.288,2.8328,28.2143,49.1096,118.0351,0.0146,0.0201,0.0245,60.1516,26.2383,-59.3711,107.6777,25.1934
2025-01-01 01:49:10,0.4553,0.6847,1.288,2.8328,28.2143,49.1096,118.0351,0.0163,0.0201,0.0245,60.1516,26.2383,-59.3711,107.6777,25.1934
2025-01-01 01:49:20,0.4553,0.6847,1.288,2.8328,28.2143,49.1096,118.0351,0.0163,0.0201,0.0245,59.6725,26.2383,-59.3711,107.6777,25.1934
2025-01-01 01:49:30,0.4553,0.6847,1.288,2.8328,28.2143,49.1666,118.0351,0.0163,0.0201,0.0245,59.6725,26.2383,-59.3711,107.6777,25.1934
2025-01-01 01:49:40,0.4553,0.6847,1.288,2.9431,28.2143,49.1666,118.0351,0.0163,0.0201,0.0245,59.6725,26.2383,-59.3711,107.6777,25.1934
2025-01-01 01:49:50,0.4553,0.6847,1.288,2.9431,28.2143,49.1666,118.0351,0.0163,0.0233,0.0245,59.6725,26.2383,-59.3711,107.6777,25.1934
2025-01-01 01:50:00,0.4553,0.6847,1.288,2.9431,28.3101,49.1666,118.0351,0.0163,0.0233,0.0245,59.6725,26.2383,-59.3711,107.6777,25.1934
2025-01-01 01:50:10,0.4553,0.6847,1.288,2.9431,28.3101,49.1666,118.0351,0.0163,0.0233,0.0245,59.6725,26.2383,-56.5961,107.6777,25.1934
2025-01-01 01:50:20,0.4553,0.6847,1.288,2.9431,28.3101,49.1666,118.0351,0.0163,0.0233,0.0245,59.6725,26.2383,-56.5961,103.9819,25.1934
2025-01-01 01:50:30,0.4553,0.6847,1.288,2.9431,28.3101,49.1666,118.0351,0.0163,0.0233,0.0245,62.6248,26.2383,-56.5961,103.9819,25.1934
2025-01-01 01:50:40,0.4553,0.6847,1.288,2.9431,28.3101,49.1666,118.0351,0.0163,0.0233,0.0245,62.6248,26.2383,-60.117,103.9819,25.1934
2025-01-01 01:50:50,0.4553,0.6847,1.288,2.9431,28.3101,49.1666,118.0351,0.0163,0.0233,0.0245,62.6248,26.2383,-60.117,109.6709,25.1934
2025-01-01 01:51:00,0.4553,0.6847,1.288,2.9431,28.3101,49.1666,118.0351,0.0163,0.0233,0.0245,62.6248,26.2383,-60.2634,109.6709,25.1934
2025-01-01 01:51:10,0.4553,0.6847,1.288,2.9431,28.3101,49.1666,127.9914,0.0163,0.0233,0.0245,62.6248,26.2383,-60.2634,109.6709,25.1934
2025-01-01 01:51:20,0.4553,0.6847,1.288,2.7491,28.3101,49.1666,127.9914,0.0163,0.0233,0.0245,62.6248,26.2383,-60.2634,109.6709,25.1934
2025-01-01 01:51:30,0.4553,0.6847,1.288,2.7491,28.3101,49.1666,127.9914,0.0163,0.0233,0.0177,62.6248,26.2383,-60.2634,109.6709,25.1934
2025-01-01 01:51:40,0.4553,0.6847,1.288,2.7491,28.3101,49.1666,127.9914,0.0163,0.0233,0.0177,59.0627,26.2383,-60.2634,109.6709,25.1934
2025-01-01 01:51:50,0.4553,0.6847,1.288,2.9442,28.3101,49.1666,127.9914,0.0163,0.0233,0.0177,59.0627,26.2383,-60.2634,109.6709,25.1934
2025-01-01 01:52:00,0.4553,0.6847,1.288,2.9442,28.3101,49.1666,127.9914,0.0163,0.0233,0.0177,59.0627,27.43,-60.2634,109.6709,25.1934
2025-01-01 01:52:10,0.4553,0.6847,1.288,2.9442,28.3101,49.1666,127.9914,0.0163,0.0233,0.0177,59.0627,27.43,-57.4208,109.6709,25.1934
2025-01-01 01:52:20,0.4553,0.6847,1.288,2.9442,28.3101,49.1666,127.9914,0.0163,0.0233,0.0177,59.0627,27.43,-57.4208,108.7932,25.1934
2025-01-01 01:52:30,0.4553,0.6847,1.288,2.9442,28.3101,49.1666,127.9914,0.0183,0.0233,0.0177,59.0627,27.43,-57.4208,108.7932,25.1934
2025-01-01 01:52:40,0.4553,0.6847,1.288,2.9442,28.3101,49.1666,127.9914,0.0183,0.0233,0.0177,59.0627,27.43,-62.1381,108.7932,25.1934
2025-01-01 01:52:50,0.4553,0.6847,1.5961,2.9442,28.3101,49.1666,127.9914,0.0183,0.0233,0.0177,59.0627,27.43,-62.1381,108.7932,25.1934
2025-01-01 01:53:00,0.4553,0.6847,1.5961,2.9442,28.3101,49.1666,127.9914,0.0183,0.0233,0.0177,59.0627,27.43,-62.1381,108.7932,25.3526
2025-01-01 01:53:10,0.4553,0.6847,1.5961,2.9442,28.3101,49.1666,127.9914,0.0183,0.0233,0.0177,59.0627,27.43,-62.1381,109.2544,25.3526
2025-01-01 01:53:20,0.4553,0.6847,1.5961,2.9442,28.252,49.1666,127.9914,0.0183,0.0233,0.0177,59.0627,27.43,-62.1381,109.2544,25.3526
2025-01-01 01:53:30,0.4553,0.6847,1.5961,2.9442,28.252,49.1666,127.9914,0.0183,0.0233,0.0177,59.0627,27.6096,-62.1381,109.2544,25.3526
2025-01-01 01:53:40,0.4553,0.6847,1.5961,2.9442,28.252,49.1666,127.9914,0.0183,0.0233,0.0177,59.0627,27.6096,-62.1381,109.2544,25.1425
2025-01-01 01:53:50,0.4553,0.6847,1.5961,2.9442,28.252,49.1666,118.7734,0.0183,0.0233,0.0177,59.0627,27.6096,-62.1381,109.2544,25.1425
2025-01-01 01:54:00,0.8261,0.6847,1.5961,2.9442,28.252,49.1666,118.7734,0.0183,0.0233,0.0177,59.0627,27.6096,-62.1381,109.2544,25.1425
2025-01-01 01:54:10,0.8261,0.6847,1.5961,2.9442,28.252,49.1666,118.7734,0.0183,0.0233,0.0177,59.0627,27.1243,-62.1381,109.2544,25.1425
2025-01-01 01:54:20,0.8261,0.6847,1.5961,2.9442,28.252,49.1666,118.7734,0.0183,0.0233,0.0177,59.0627,27.1243,-58.6163,109.2544,25.1425
2025-01-01 01:54:30,0.8261,0.6847,1.5961,2.9442,28.252,49.1666,118.7734,0.0183,0.0233,0.0177,59.0627,27.1243,-58.6163,108.815,25.1425
2025-01-01 01:54:40,0.8261,0.6847,1.5961,2.9442,28.252,49.1666,118.7734,0.0183,0.0233,0.0177,61.0009,27.1243,-58.6163,108.815,25.1425
2025-01-01 01:54:50,0.8261,0.6847,1.5961,2.9442,28.252,49.1666,122.5857,0.0183,0.0233,0.0177,61.0009,27.1243,-58.6163,108.815,25.1425
2025-01-01 01:55:00,0.8261,0.6847,1.5961,2.9442,28.252,49.1666,122.5857,0.0183,0.0233,0.0177,61.0009,26.3907,-58.6163,108.815,25.1425
2025-01-01 01:55:10,0.8261,0.6847,1.5961,2.9442,28.3767,49.1666,122.5857,0.0183,0.0233,0.0177,61.0009,26.3907,-58.6163,108.815,25.1425
2025-01-01 01:55:20,0.8261,0.6847,1.5961,2.9442,28.3767,49.1666,115.7197,0.0183,0.0233,0.0177,61.0009,26.3907,-58.6163,108.815,25.1425
2025-01-01 01:55:30,0.8261,0.6847,1.5961,2.9442,28.3767,49.1666,115.7197,0.0183,0.0281,0.0177,61.0009,26.3907,-58.6163,108.815,25.1425
2025-01-01 01:55:40,0.8546,0.6847,1.5961,2.9442,28.3767,49.1666,115.7197,0.0183,0.0281,0.0177,61.0009,26.3907,-58.6163,108.815,25.1425
2025-01-01 01:55:50,0.8546,0.6847,1.5961,2.9442,28.3767,49.1666,115.7197,0.0142,0.0281,0.0177,61.0009,26.3907,-58.6163,108.815,25.1425
2025-01-01 01:56:00,0.8546,0.6847,1.5961,2.9442,28.3767,49.1666,115.7197,0.0119,0.0281,0.0177,61.0009,26.3907,-58.6163,108.815,25.1425
2025-01-01 01:56:10,0.8546,0.6847,1.5961,2.9442,28.3767,49.1666,115.7197,0.0119,0.0281,0.0177,63.7088,26.3907,-58.6163,108.815,25.1425
2025-01-01 01:56:20,0.8546,0.6847,1.5961,2.9442,28.3392,49.1666,115.7197,0.0119,0.0281,0.0177,63.7088,26.3907,-58.6163,108.815,25.1425
2025-01-01 01:56:30,0.8546,0.6847,1.5961,2.9442,28.3392,49.1666,115.7197,0.0119,0.0281,0.0177,63.7088,25.7123,-58.6163,108.815,25.1425
2025-01-01 01:56:40,0.8546,0.6847,1.5961,2.9442,28.3392,49.1666,115.7197,0.0119,0.0244,0.0177,63.7088,25.7123,-58.6163,108.815,25.1425
2025-01-01 01:56:50,0.8546,0.6847,1.5961,2.9442,28.2763,49.1666,115.7197,0.0119,0.0244,0.0177,63.7088,25.7123,-58.6163,108.815,25.1425
2025-01-01 01:57:00,0.8546,0.6847,1.5961,2.9442,28.2763,49.1666,115.7197,0.0119,0.0244,0.0177,63.7088,25.7123,-58.6163,108.815,24.4468
2025-01-01 01:57:10,0.8546,0.6847,1.5961,2.9442,28.3817,49.1666,115.7197,0.0119,0.0244,0.0177,63.7088,25.7123,-58.6163,108.815,24.4468
2025-01-01 01:57:20,0.8546,0.6847,1.5961,2.9442,28.3817,49.1666,115.7197,0.0119,0.0244,0.0177,63.7088,25.7123,-58.6163,108.815,26.1353
2025-01-01 01:57:30,0.8546,0.6847,1.5961,2.9442,28.3817,48.8499,115.7197,0.0119,0.0244,0.0177,63.7088,25.7123,-58.6163,108.815,26.1353
2025-01-01 01:57:40,0.8546,0.6847,1.5961,2.9442,28.3656,48.8499,115.7197,0.0119,0.0244,0.0177,63.7088,25.7123,-58.6163,108.815,26.1353
2025-01-01 01:57:50,0.8546,0.6847,1.5961,2.9442,28.3656,48.8499,115.7197,0.0119,0.0244,0.0177,63.7088,25.7123,-58.6163,108.815,24.9537
2025-01-01 01:58:00,0.8546,0.6847,1.5961,2.9442,28.3008,48.8499,115.7197,0.0119,0.0244,0.0177,63.7088,25.7123,-58.6163,108.815,24.9537
2025-01-01 01:58:10,0.8546,0.6847,1.5961,2.9442,28.3008,48.8499,115.7197,0.0119,0.0244,0.0177,60.889,25.7123,-58.6163,108.815,24.9537
2025-01-01 01:58:20,0.8546,0.6847,1.5961,2.9442,28.3008,48.8499,114.4535,0.0119,0.0244,0.0177,60.889,25.7123,-58.6163,108.815,24.9537
2025-01-01 01:58:30,0.8546,0.6847,1.5961,2.9442,28.3008,48.8499,114.4535,0.0119,0.0244,0.0181,60.889,25.7123,-58.6163,108.815,24.9537
2025-01-01 01:58:40,0.8546,0.6847,2.4445,2.9442,28.3008,48.8499,114.4535,0.0119,0.0244,0.0181,60.889,25.7123,-58.6163,108.815,24.9537
2025-01-01 01:58:50,0.8546,0.6847,2.4445,2.9527,28.3008,48.8499,114.4535,0.0119,0.0244,0.0181,60.889,25.7123,-58.6163,108.815,24.9537
2025-01-01 01:59:00,0.8546,0.6847,2.6537,2.9527,28.3008,48.8499,114.4535,0.0119,0.0244,0.0181,60.889,25.7123,-58.6163,108.815,24.9537
2025-01-01 01:59:10,0.8546,0.6847,2.6537,2.9527,28.3008,48.8499,114.4535,0.0119,0.0242,0.0181,60.889,25.7123,-58.6163,108.815,24.9537
2025-01-01 01:59:20,1.1456,0.6847,2.6537,2.9527,28.3008,48.8499,114.4535,0.0119,0.0242,0.0181,60.889,25.7123,-58.6163,108.815,24.9537
2025-01-01 01:59:30,1.1456,0.8555,2.6537,2.9527,28.3008,48.8499,114.4535,0.0119,0.0242,0.0181,60.889,25.7123,-58.6163,108.815,24.9537
2025-01-01 01:59:40,1.1456,0.9638,2.6537,2.9527,28.3008,48.8499,114.4535,0.0119,0.0242,0.0181,60.889,25.7123,-58.6163,108.815,24.9537
2025-01-01 01:59:50,1.1456,0.9638,2.6537,2.9527,28.3008,48.8499,122.8136,0.0119,0.0242,0.0181,60.889,25.7123,-58.6163,108.815,24.9537
2025-01-01 02:00:00,1.1456,0.9638,2.6537,2.9527,28.3008,48.8499,122.8136,0.0119,0.0242,0.0181,60.889,27.023,-58.6163,108.815,24.9537
2025-01-01 02:00:10,1.1456,0.9638,2.4427,2.9527,28.3008,48.8499,122.8136,0.0119,0.0242,0.0181,60.889,27.023,-58.6163,108.815,24.9537
2025-01-01 02:00:20,1.1456,0.9638,2.4427,2.9527,28.3008,48.8499,122.8136,0.0119,0.0301,0.0181,60.889,27.023,-58.6163,108.815,24.9537
2025-01-01 02:00:30,0.6508,0.9638,2.4427,2.9527,28.3008,48.8499,122.8136,0.0119,0.0301,0.0181,60.889,27.023,-58.6163,108.815,24.9537
2025-01-01 02:00:40,0.6508,0.9638,2.4427,2.9527,28.3008,48.8499,122.8136,0.0119,0.0301,0.0181,60.889,27.023,-58.6163,108.815,24.7887
2025-01-01 02:00:50,0.6508,0.9638,2.4427,2.9527,28.3008,48.8499,122.8136,0.0119,0.0208,0.0181,60.889,27.023,-58.6163,108.815,24.7887
2025-01-01 02:01:00,0.6508,0.9638,2.4427,2.9527,28.3008,48.8499,122.8136,0.0119,0.0208,0.0181,60.889,27.023,-58.6163,108.815,24.6516
2025-01-01 02:01:10,0.6508,0.9638,2.4427,2.9527,28.3008,48.8499,122.8136,0.0119,0.0208,0.0181,60.2119,27.023,-58.6163,108.815,24.6516
2025-01-01 02:01:20,0.6508,0.9638,2.4427,2.9527,28.3008,48.8499,122.8136,0.0119,0.0208,0.0181,60.2119,27.023,-58.6163,105.8614,24.6516
2025-01-01 02:01:30,0.6508,0.9638,2.4427,2.9527,28.3008,48.8499,122.8136,0.0119,0.0208,0.0172,60.2119,27.023,-58.6163,105.8614,24.6516
2025-01-01 02:01:40,0.6508,0.9638,2.4427,2.9527,28.3008,48.8499,122.8136,0.0197,0.0208,0.0172,60.2119,27.023,-58.6163,105.8614,24.6516
2025-01-01 02:01:50,0.6508,0.9638,2.4427,3.1116,28.3008,48.8499,122.8136,0.0197,0.0208,0.0172,60.2119,27.023,-58.6163,105.8614,24.6516
2025-01-01 02:02:00,0.6508,0.9638,2.4427,3.1116,28.3008,48.8499,122.8136,0.0197,0.0152,0.0172,60.2119,27.023,-58.6163,105.8614,24.6516
2025-01-01 02:02:10,0.6508,0.9469,2.4427,3.1116,28.3008,48.8499,122.8136,0.0197,0.0152,0.0172,60.2119,27.023,-58.6163,105.8614,24.6516
2025-01-01 02:02:20,0.6284,0.9469,2.4427,3.1116,28.3008,48.8499,122.8136,0.0197,0.0152,0.0172,60.2119,27.023,-58.6163,105.8614,24.6516
2025-01-01 02:02:30,0.6284,0.9469,2.4427,3.1116,28.3008,48.8499,122.8136,0.0197,0.0152,0.0172,60.2119,27.023,-58.6163,107.9508,24.6516
2025-01-01 02:02:40,0.6284,0.9469,2.4427,3.1116,28.3008,48.8499,122.8136,0.0197,0.0152,0.0172,60.2119,27.023,-58.6163,107.1609,24.6516
2025-01-01 02:02:50,0.6284,0.9469,2.4427,3.1116,28.3008,48.8499,122.8136,0.0197,0.0152,0.0172,60.2119,26.2923,-58.6163,107.1609,24.6516
2025-01-01 02:03:00,0.6284,0.9469,2.4427,3.1116,28.3664,48.8499,122.8136,0.0197,0.0152,0.0172,60.2119,26.2923,-58.6163,107.1609,24.6516
2025-01-01 02:03:10,0.6284,0.9469,2.4427,3.1116,28.3664,48.8499,122.8136,0.0218,0.0152,0.0172,60.2119,26.2923,-58.6163,107.1609,24.6516
2025-01-01 02:03:20,0.6284,0.9469,2.4427,3.1116,28.3664,48.8499,122.8136,0.0218,0.0152,0.0172,60.2119,27.5695,-58.6163,107.1609,24.6516
2025-01-01 02:03:30,0.6284,0.9469,2.4427,3.1116,28.3664,48.8499,122.8136,0.0187,0.0152,0.0172,60.2119,27.5695,-58.6163,107.1609,24.6516
2025-01-01 02:03:40,0.6284,0.9469,2.4427,3.1116,28.3664,49.8891,122.8136,0.0187,0.0152,0.0172,60.2119,27.5695,-58.6163,107.1609,24.6516
2025-01-01 02:03:50,0.6284,0.9469,2.4427,3.1116,28.3664,49.8891,122.8136,0.0187,0.0152,0.0172,60.2119,27.5695,-58.6163,107.1609,25.3936
2025-01-01 02:04:00,0.6284,0.995,2.4427,3.1116,28.3664,49.8891,122.8136,0.0187,0.0152,0.0172,60.2119,27.5695,-58.6163,107.1609,25.3936
2025-01-01 02:04:10,1.3946,0.995,2.4427,3.1116,28.3664,49.8891,122.8136,0.0187,0.0152,0.0172,60.2119,27.5695,-58.6163,107.1609,25.3936
2025-01-01 02:04:20,1.3946,0.995,2.4427,3.1116,28.3664,48.9474,122.8136,0.0187,0.0152,0.0172,60.2119,27.5695,-58.6163,107.1609,25.3936
2025-01-01 02:04:30,1.3946,0.995,2.4427,3.1116,28.3664,48.6608,122.8136,0.0187,0.0152,0.0172,60.2119,27.5695,-58.6163,107.1609,25.3936
2025-01-01 02:04:40,1.3946,0.995,2.4427,3.0355,28.3664,48.6608,122.8136,0.0187,0.0152,0.0172,60.2119,27.5695,-58.6163,107.1609,25.3936
2025-01-01 02:04:50,1.3946,0.995,2.4427,3.0355,28.3664,48.6608,122.8136,0.0187,0.0152,0.0224,60.2119,27.5695,-58.6163,107.1609,25.3936
2025-01-01 02:05:00,1.3946,0.995,1.3839,3.0355,28.3664,48.6608,122.8136,0.0187,0.0152,0.0224,60.2119,27.5695,-58.6163,107.1609,25.3936
2025-01-01 02:05:10,1.3946,0.995,1.3839,2.75,28.3664,48.6608,122.8136,0.0187,0.0152,0.0224,60.2119,27.5695,-58.6163,107.1609,25.3936
2025-01-01 02:05:20,1.3946,0.7126,1.3839,2.75,28.3664,48.6608,122.8136,0.0187,0.0152,0.0224,60.2119,27.5695,-58.6163,107.1609,25.3936
2025-01-01 02:05:30,1.3946,0.7126,2.3393,2.75,28.3664,48.6608,122.8136,0.0187,0.0152,0.0224,60.2119,27.5695,-58.6163,107.1609,25.3936
2025-01-01 02:05:40,1.3946,1.1434,2.3393,2.75,28.3664,48.6608,122.8136,0.0187,0.0152,0.0224,60.2119,27.5695,-58.6163,107.1609,25.3936
2025-01-01 02:05:50,1.3946,1.1434,1.2615,2.75,28.3664,48.6608,122.8136,0.0187,0.0152,0.0224,60.2119,27.5695,-58.6163,107.1609,25.3936
2025-01-01 02:06:00,1.3946,1.1434,1.2615,2.75,28.3664,48.6608,122.8136,0.0187,0.0152,0.0224,60.2119,27.5695,-58.6163,107.1609,25.1489
2025-01-01 02:06:10,1.3946,1.1434,1.2615,2.75,28.3664,48.6608,122.8136,0.0087,0.0152,0.0224,60.2119,27.5695,-58.6163,107.1609,25.1489
2025-01-01 02:06:20,1.3946,1.1434,1.2615,2.75,28.3664,48.6608,122.8136,0.0198,0.0152,0.0224,60.2119,27.5695,-58.6163,107.1609,25.1489
2025-01-01 02:06:30,1.3946,1.1434,1.2615,2.75,28.3664,48.6608,122.8136,0.0198,0.0167,0.0224,60.2119,27.5695,-58.6163,107.1609,25.1489
2025-01-01 02:06:40,1.3946,1.1434,1.2615,2.75,28.3664,48.6608,122.8136,0.0198,0.0167,0.0224,60.2119,27.5695,-58.6163,107.1609,25.8459
2025-01-01 02:06:50,1.3946,1.1434,1.2615,2.75,28.3664,48.6608,122.8136,0.0198,0.0167,0.0122,60.2119,27.5695,-58.6163,107.1609,25.8459
2025-01-01 02:07:00,0.6806,1.1434,1.2615,2.75,28.3664,48.6608,122.8136,0.0198,0.0167,0.0122,60.2119,27.5695,-58.6163,107.1609,25.8459
2025-01-01 02:07:10,0.6806,1.1434,1.2615,2.75,28.4368,48.6608,122.8136,0.0198,0.0167,0.0122,60.2119,27.5695,-58.6163,107.1609,25.8459
2025-01-01 02:07:20,0.6806,1.1434,1.2615,2.75,28.4368,48.6608,122.8136,0.0198,0.0167,0.0122,60.2119,27.5695,-60.1667,107.1609,25.8459
2025-01-01 02:07:30,0.6806,1.1434,1.2615,2.75,28.4368,48.6608,122.8136,0.0198,0.0167,0.0122,60.2119,27.5695,-60.1667,104.9471,25.8459
2025-01-01 02:07:40,0.6806,1.1434,1.2615,2.75,28.4368,48.6608,122.8136,0.0206,0.0167,0.0122,60.2119,27.5695,-60.1667,104.9471,25.8459
2025-01-01 02:07:50,0.6806,1.1434,1.2615,2.75,28.4368,48.6608,122.8136,0.0206,0.0167,0.0122,60.2119,27.5695,-60.1667,104.9471,25.0066
2025-01-01 02:08:00,0.6806,0.5408,1.2615,2.75,28.4368,48.6608,122.8136,0.0206,0.0167,0.0122,60.2119,27.5695,-60.1667,104.9471,25.0066
2025-01-01 02:08:10,0.6806,0.5408,1.2615,2.75,28.4368,48.6608,122.8136,0.0206,0.0167,0.0122,60.2119,26.7807,-60.1667,104.9471,25.0066
2025-01-01 02:08:20,0.6806,0.5408,1.2615,2.75,28.4368,48.6608,122.8136,0.0206,0.0167,0.0122,60.2119,26.7807,-59.0491,104.9471,25.0066
2025-01-01 02:08:30,0.6806,0.5408,2.5584,2.75,28.4368,48.6608,122.8136,0.0206,0.0167,0.0122,60.2119,26.7807,-59.0491,104.9471,25.0066
2025-01-01 02:08:40,0.6806,0.5408,2.5584,2.75,28.4368,48.6608,122.8136,0.0206,0.0167,0.0122,62.6816,26.7807,-59.0491,104.9471,25.0066
2025-01-01 02:08:50,0.6806,0.5408,2.5584,2.75,28.3635,48.6608,122.8136,0.0206,0.0167,0.0122,62.6816,26.7807,-59.0491,104.9471,25.0066
2025-01-01 02:09:00,0.6806,0.5408,2.5584,2.75,28.3635,48.6608,122.8136,0.0239,0.0167,0.0122,62.6816,26.7807,-59.0491,104.9471,25.0066
2025-01-01 02:09:10,0.6806,0.5408,2.5584,2.75,28.2743,48.6608,122.8136,0.0239,0.0167,0.0122,62.6816,26.7807,-59.0491,104.9471,25.0066
2025-01-01 02:09:20,0.7581,0.5408,2.5584,2.75,28.2743,48.6608,122.8136,0.0239,0.0167,0.0122,62.6816,26.7807,-59.0491,104.9471,25.0066
2025-01-01 02:09:30,0.7586,0.5408,2.5584,2.75,28.2743,48.6608,122.8136,0.0239,0.0167,0.0122,62.6816,26.7807,-59.0491,104.9471,25.0066
2025-01-01 02:09:40,0.7586,0.5408,2.5584,2.75,28.2743,48.6608,122.8136,0.0239,0.0167,0.0122,62.6816,26.7807,-57.5104,104.9471,25.0066
2025-01-01 02:09:50,0.7586,0.5408,2.5584,2.75,28.2743,48.6608,122.8136,0.0269,0.0167,0.0122,62.6816,26.7807,-57.5104,104.9471,25.0066
2025-01-01 02:10:00,0.7586,0.5408,2.5584,2.75,28.4535,48.6608,122.8136,0.0269,0.0167,0.0122,62.6816,26.7807,-57.5104,104.9471,25.0066
2025-01-01 02:10:10,0.7586,0.5408,2.5584,2.75,28.4535,48.6608,122.8136,0.0269,0.0167,0.0122,62.6816,26.7807,-57.5104,104.9471,25.2933
2025-01-01 02:10:20,0.7586,0.5408,2.5584,2.75,28.4535,48.6608,122.8136,0.0269,0.0167,0.0122,62.6816,26.9283,-57.5104,104.9471,25.2933
2025-01-01 02:10:30,0.7586,0.5408,2.5584,2.75,28.4535,48.6608,122.8136,0.0269,0.0167,0.0122,61.8148,26.9283,-57.5104,104.9471,25.2933
2025-01-01 02:10:40,0.7586,0.5408,2.5584,2.75,28.4535,49.0953,122.8136,0.0269,0.0167,0.0122,61.8148,26.9283,-57.5104,104.9471,25.2933
2025-01-01 02:10:50,0.7586,0.5408,2.5584,2.75,28.4535,49.0953,122.8136,0.0269,0.0167,0.0122,61.8148,27.0666,-57.5104,104.9471,25.2933
2025-01-01 02:11:00,0.7586,0.5408,2.5584,2.75,28.4535,49.0953,122.8136,0.0202,0.0167,0.0122,61.8148,27.0666,-57.5104,104.9471,25.2933
2025-01-01 02:11:10,0.7586,0.5408,2.5584,2.75,28.4535,49.0953,122.8136,0.0157,0.0167,0.0122,61.8148,27.0666,-57.5104,104.9471,25.2933
2025-01-01 02:11:20,0.7586,0.5408,2.5584,2.75,28.4535,49.0953,122.8136,0.0157,0.0167,0.0122,61.8148,27.0666,-58.6109,104.9471,25.2933
2025-01-01 02:11:30,0.7586,0.5408,2.5584,2.75,28.4535,49.0953,110.93,0.0157,0.0167,0.0122,61.8148,27.0666,-58.6109,104.9471,25.2933
2025-01-01 02:11:40,0.7586,0.5408,2.5584,2.75,28.4535,49.0953,110.93,0.0157,0.0167,0.0122,61.8148,27.0666,-58.6109,104.9471,25.1635
2025-01-01 02:11:50,0.9287,0.5408,2.5584,2.75,28.4535,49.0953,110.93,0.0157,0.0167,0.0122,61.8148,27.0666,-58.6109,104.9471,25.1635
2025-01-01 02:12:00,0.9287,0.5408,2.5584,2.75,28.4535,49.0953,110.93,0.0157,0.0167,0.026,61.8148,27.0666,-58.6109,104.9471,25.1635
2025-01-01 02:12:10,0.9287,0.5408,2.5584,2.6302,28.4535,49.0953,110.93,0.0157,0.0167,0.026,61.8148,27.0666,-58.6109,104.9471,25.1635
2025-01-01 02:12:20,0.9287,0.5408,2.5584,2.6302,28.4535,49.0953,110.93,0.0157,0.0167,0.0167,61.8148,27.0666,-58.6109,104.9471,25.1635
2025-01-01 02:12:30,0.9287,0.5408,2.5584,2.6302,28.4535,49.0953,123.0406,0.0157,0.0167,0.0167,61.8148,27.0666,-58.6109,104.9471,25.1635
2025-01-01 02:12:40,0.9287,0.5408,2.5584,2.6302,28.4535,49.0953,123.0406,0.0157,0.0167,0.0167,60.2132,27.0666,-58.6109,104.9471,25.1635
2025-01-01 02:12:50,0.9287,0.5408,2.5584,2.6302,28.4535,49.0953,123.0406,0.0236,0.0167,0.0167,60.2132,27.0666,-58.6109,104.9471,25.1635
2025-01-01 02:13:00,0.9287,0.5408,2.5584,2.6302,28.3494,49.0953,123.0406,0.0236,0.0167,0.0167,60.2132,27.0666,-58.6109,104.9471,25.1635
2025-01-01 02:13:10,0.9287,0.5408,2.5584,2.6302,28.3494,49.0953,123.0406,0.0236,0.0235,0.0167,60.2132,27.0666,-58.6109,104.9471,25.1635
2025-01-01 02:13:20,0.9287,0.5408,2.5584,2.6302,28.3494,49.0953,123.0406,0.0206,0.0235,0.0167,60.2132,27.0666,-58.6109,104.9471,25.1635
2025-01-01 02:13:30,0.9287,0.5408,2.5584,2.9198,28.3494,49.0953,123.0406,0.0206,0.0235,0.0167,60.2132,27.0666,-58.6109,104.9471,25.1635
2025-01-01 02:13:40,0.9287,0.5408,2.5584,2.9198,28.4412,49.0953,123.0406,0.0206,0.0235,0.0167,60.2132,27.0666,-58.6109,104.9471,25.1635
2025-01-01 02:13:50,0.9287,0.5408,2.5584,2.9198,28.4398,49.0953,123.0406,0.0206,0.0235,0.0167,60.2132,27.0666,-58.6109,104.9471,25.1635
2025-01-01 02:14:00,0.9287,0.5408,2.5584,2.9198,28.4398,49.0953,123.0406,0.0206,0.0235,0.0167,60.2132,27.0666,-58.6109,104.9471,25.2167
2025-01-01 02:14:10,0.9287,0.5408,2.5584,2.9198,28.4398,48.9788,123.0406,0.0206,0.0235,0.0167,60.2132,27.0666,-58.6109,104.9471,25.2167
2025-01-01 02:14:20,0.9287,0.5408,2.5584,2.9198,28.486,48.9788,123.0406,0.0206,0.0235,0.0167,60.2132,27.0666,-58.6109,104.9471,25.2167
2025-01-01 02:14:30,0.9287,0.5408,2.5584,2.9198,28.486,48.9788,121.9304,0.0206,0.0235,0.0167,60.2132,27.0666,-58.6109,104.9471,25.2167
2025-01-01 02:14:40,0.9287,0.5408,2.5584,2.9198,28.486,48.9788,121.9304,0.0254,0.0235,0.0167,60.2132,27.0666,-58.6109,104.9471,25.2167
2025-01-01 02:14:50,0.9287,0.5408,2.5584,2.9198,28.486,48.9788,130.3352,0.0254,0.0235,0.0167,60.2132,27.0666,-58.6109,104.9471,25.2167
2025-01-01 02:15:00,0.9287,0.5408,2.5584,2.9198,28.486,48.9788,130.3352,0.0254,0.0235,0.0167,60.2132,27.0666,-58.6109,104.9471,25.2987
2025-01-01 02:15:10,0.9287,0.5408,2.5584,2.9198,28.486,48.9788,130.3352,0.0254,0.0235,0.0167,60.2132,26.5733,-58.6109,104.9471,25.2987
2025-01-01 02:15:20,0.7854,0.5408,2.5584,2.9198,28.486,48.9788,130.3352,0.0254,0.0235,0.0167,60.2132,26.5733,-58.6109,104.9471,25.2987
2025-01-01 02:15:30,0.7854,0.5408,2.5584,2.9198,28.486,48.9788,130.3352,0.0254,0.0235,0.0167,60.2132,27.2355,-58.6109,104.9471,25.2987
2025-01-01 02:15:40,0.9141,0.5408,2.5584,2.9198,28.486,48.9788,130.3352,0.0254,0.0235,0.0167,60.2132,27.2355,-58.6109,104.9471,25.2987
2025-01-01 02:15:50,0.9141,0.5408,2.5584,2.9198,28.486,48.9788,130.3352,0.0254,0.0174,0.0167,60.2132,27.2355,-58.6109,104.9471,25.2987
2025-01-01 02:16:00,0.9141,0.5408,2.5584,2.9198,28.486,48.9788,120.8156,0.0254,0.0174,0.0167,60.2132,27.2355,-58.6109,104.9471,25.2987
2025-01-01 02:16:10,0.9141,0.5408,2.5584,3.0046,28.486,48.9788,120.8156,0.0254,0.0174,0.0167,60.2132,27.2355,-58.6109,104.9471,25.2987
2025-01-01 02:16:20,0.9141,0.5408,2.5584,2.8917,28.486,48.9788,120.8156,0.0254,0.0174,0.0167,60.2132,27.2355,-58.6109,104.9471,25.2987
2025-01-01 02:16:30,0.9141,0.5408,2.5584,2.8917,28.486,48.9788,120.8156,0.0254,0.0174,0.0167,62.5559,27.2355,-58.6109,104.9471,25.2987
2025-01-01 02:16:40,0.9141,0.5408,2.5584,2.8917,28.486,48.9788,120.8156,0.0254,0.0174,0.0167,62.5559,27.2355,-60.7722,104.9471,25.2987
2025-01-01 02:16:50,0.9141,0.5408,2.5584,2.8917,28.486,48.9788,120.8156,0.0254,0.0174,0.017,62.5559,27.2355,-60.7722,104.9471,25.2987
2025-01-01 02:17:00,1.0807,0.5408,2.5584,2.8917,28.486,48.9788,120.8156,0.0254,0.0174,0.017,62.5559,27.2355,-60.7722,104.9471,25.2987
2025-01-01 02:17:10,1.0807,0.5408,1.4176,2.8917,28.486,48.9788,120.8156,0.0254,0.0174,0.017,62.5559,27.2355,-60.7722,104.9471,25.2987
2025-01-01 02:17:20,1.0807,0.5408,1.4176,2.8917,28.486,48.9788,120.8156,0.0254,0.0174,0.0114,62.5559,27.2355,-60.7722,104.9471,25.2987
2025-01-01 02:17:30,1.0807,0.5408,1.4176,2.8917,28.486,48.9788,120.8156,0.0254,0.0174,0.0114,63.0627,27.2355,-60.7722,104.9471,25.2987
2025-01-01 02:17:40,1.0741,0.5408,1.4176,2.8917,28.486,48.9788,120.8156,0.0254,0.0174,0.0114,63.0627,27.2355,-60.7722,104.9471,25.2987
2025-01-01 02:17:50,1.0741,0.5408,1.4176,2.8917,28.486,48.9788,120.8156,0.0254,0.0174,0.0114,63.0627,27.2355,-60.7722,113.1124,25.2987
2025-01-01 02:18:00,1.0741,0.5408,1.4176,2.8917,28.486,48.9788,120.8156,0.0254,0.0174,0.0114,63.0627,27.2355,-60.7722,113.1124,25.1775
2025-01-01 02:18:10,1.0741,0.8168,1.4176,2.8917,28.486,48.9788,120.8156,0.0254,0.0174,0.0114,63.0627,27.2355,-60.7722,113.1124,25.1775
2025-01-01 02:18:20,1.0741,0.8168,1.4176,2.8917,28.486,48.9788,127.944,0.0254,0.0174,0.0114,63.0627,27.2355,-60.7722,113.1124,25.1775
2025-01-01 02:18:30,1.0041,0.8168,1.4176,2.8917,28.486,48.9788,127.944,0.0254,0.0174,0.0114,63.0627,27.2355,-60.7722,113.1124,25.1775
2025-01-01 02:18:40,1.0041,0.8168,1.4176,2.8917,28.486,48.9788,127.944,0.0254,0.0174,0.0114,63.0627,27.2355,-60.7722,109.8967,25.1775
2025-01-01 02:18:50,1.0041,0.8168,1.4176,2.9387,28.486,48.9788,127.944,0.0254,0.0174,0.0114,63.0627,27.2355,-60.7722,109.8967,25.1775
2025-01-01 02:19:00,1.0041,0.8168,1.4176,2.9387,28.486,48.9788,127.944,0.0254,0.0135,0.0114,63.0627,27.2355,-60.7722,109.8967,25.1775
2025-01-01 02:19:10,1.0041,0.8168,1.4176,2.9387,28.486,49.5063,127.944,0.0254,0.0135,0.0114,63.0627,27.2355,-60.7722,109.8967,25.1775
2025-01-01 02:19:20,1.0041,0.8168,1.4176,2.9387,28.486,49.5063,127.944,0.0254,0.0135,0.0114,63.0627,27.6805,-60.7722,109.8967,25.1775
2025-01-01 02:19:30,1.0041,0.8168,1.4176,2.9387,28.486,49.5063,110.7794,0.0254,0.0135,0.0114,63.0627,27.6805,-60.7722,109.8967,25.1775
2025-01-01 02:19:40,1.0041,0.8168,1.4176,2.9524,28.486,49.5063,110.7794,0.0254,0.0135,0.0114,63.0627,27.6805,-60.7722,109.8967,25.1775
2025-01-01 02:19:50,1.0041,0.8168,1.4176,2.9524,28.486,49.5063,110.7794,0.0308,0.0135,0.0114,63.0627,27.6805,-60.7722,109.8967,25.1775
2025-01-01 02:20:00,1.0041,0.8168,1.4176,2.9524,28.486,49.5063,110.7794,0.0308,0.0135,0.0263,63.0627,27.6805,-60.7722,109.8967,25.1775
2025-01-01 02:20:10,1.0041,0.8168,1.4176,2.9524,28.486,49.5063,110.7794,0.021,0.0135,0.0263,63.0627,27.6805,-60.7722,109.8967,25.1775
2025-01-01 02:20:20,1.0041,0.8168,1.4176,2.9524,28.486,49.5063,110.7794,0.021,0.0135,0.0263,63.0627,27.6805,-60.7722,109.8967,25.2432
2025-01-01 02:20:30,1.0041,0.8168,1.4176,2.9524,28.486,49.5063,110.7794,0.021,0.0135,0.0263,63.0627,27.6805,-60.7722,109.4804,25.2432
2025-01-01 02:20:40,1.0041,0.8168,1.4176,2.9524,28.486,49.5063,110.7794,0.021,0.0135,0.0263,63.0627,27.1332,-60.7722,109.4804,25.2432
2025-01-01 02:20:50,1.0041,0.8168,1.4176,2.9524,28.486,49.5063,110.7794,0.021,0.0135,0.0263,63.0627,27.1332,-60.7722,105.9136,25.2432
2025-01-01 02:21:00,1.0041,0.8168,1.4176,2.976,28.486,49.5063,110.7794,0.021,0.0135,0.0263,63.0627,27.1332,-60.7722,105.9136,25.2432
2025-01-01 02:21:10,1.0041,0.8168,1.4176,2.976,28.486,49.5063,110.7794,0.0163,0.0135,0.0263,63.0627,27.1332,-60.7722,105.9136,25.2432
2025-01-01 02:21:20,1.0041,0.8168,1.4176,2.976,28.486,49.8979,110.7794,0.0163,0.0135,0.0263,63.0627,27.1332,-60.7722,105.9136,25.2432
2025-01-01 02:21:30,1.0041,0.8168,1.4176,2.976,28.486,49.8979,110.7794,0.0163,0.0135,0.0263,63.0627,27.1332,-60.7722,105.9136,25.2927
2025-01-01 02:21:40,1.0041,0.8168,1.4176,2.976,28.486,49.8979,110.7794,0.0163,0.0135,0.0263,63.0627,27.1332,-60.7722,107.1052,25.2927
2025-01-01 02:21:50,1.0041,0.8168,1.4176,2.976,28.486,49.8979,122.7402,0.0163,0.0135,0.0263,63.0627,27.1332,-60.7722,107.1052,25.2927
2025-01-01 02:22:00,1.0041,0.8168,1.4176,2.9704,28.486,49.8979,122.7402,0.0163,0.0135,0.0263,63.0627,27.1332,-60.7722,107.1052,25.2927
2025-01-01 02:22:10,1.0041,0.8168,2.1621,2.9704,28.486,49.8979,122.7402,0.0163,0.0135,0.0263,63.0627,27.1332,-60.7722,107.1052,25.2927
2025-01-01 02:22:20,0.667,0.8168,2.1621,2.9704,28.486,49.8979,122.7402,0.0163,0.0135,0.0263,63.0627,27.1332,-60.7722,107.1052,25.2927
2025-01-01 02:22:30,0.667,0.8168,2.1621,2.9704,28.486,49.8979,122.7402,0.0163,0.0135,0.0263,63.0627,27.1332,-60.7722,107.1052,25.2299
2025-01-01 02:22:40,0.667,0.8168,1.9296,2.9704,28.486,49.8979,122.7402,0.0163,0.0135,0.0263,63.0627,27.1332,-60.7722,107.1052,25.2299
2025-01-01 02:22:50,0.667,0.8168,1.9296,2.9704,28.486,49.8979,122.7402,0.0163,0.0135,0.0263,63.0627,27.458,-60.7722,107.1052,25.2299
2025-01-01 02:23:00,0.667,0.7677,1.9296,2.9704,28.486,49.8979,122.7402,0.0163,0.0135,0.0263,63.0627,27.458,-60.7722,107.1052,25.2299
2025-01-01 02:23:10,0.667,0.9874,1.9296,2.9704,28.486,49.8979,122.7402,0.0163,0.0135,0.0263,63.0627,27.458,-60.7722,107.1052,25.2299
2025-01-01 02:23:20,0.667,0.9874,1.9296,2.9704,28.486,48.5888,122.7402,0.0163,0.0135,0.0263,63.0627,27.458,-60.7722,107.1052,25.2299
2025-01-01 02:23:30,0.667,0.9874,1.9296,2.9704,28.486,48.5888,122.7402,0.0163,0.0213,0.0263,63.0627,27.458,-60.7722,107.1052,25.2299
2025-01-01 02:23:40,0.667,0.9874,1.9296,2.9704,28.4894,48.5888,122.7402,0.0163,0.0213,0.0263,63.0627,27.458,-60.7722,107.1052,25.2299
2025-01-01 02:23:50,0.667,0.9874,1.9296,2.9704,28.4894,48.5888,122.7402,0.0163,0.0213,0.0263,63.0627,26.0717,-60.7722,107.1052,25.2299
2025-01-01 02:24:00,0.667,0.9874,1.9296,2.9704,28.4894,48.5888,122.7402,0.0163,0.0213,0.0263,63.0627,26.0717,-54.5461,107.1052,25.2299
2025-01-01 02:24:10,0.667,0.9874,2.4196,2.9704,28.4894,48.5888,122.7402,0.0163,0.0213,0.0263,63.0627,26.0717,-54.5461,107.1052,25.2299
2025-01-01 02:24:20,0.6739,0.9874,2.4196,2.9704,28.4894,48.5888,122.7402,0.0163,0.0213,0.0263,63.0627,26.0717,-54.5461,107.1052,25.2299
2025-01-01 02:24:30,0.9819,0.9874,2.4196,2.9704,28.4894,48.5888,122.7402,0.0163,0.0213,0.0263,63.0627,26.0717,-54.5461,107.1052,25.2299
2025-01-01 02:24:40,0.9819,0.9874,2.4196,2.9704,28.4894,48.5888,122.7402,0.0163,0.0213,0.0263,61.9171,26.0717,-54.5461,107.1052,25.2299
2025-01-01 02:24:50,0.9819,0.9874,2.4196,2.9704,28.4703,48.5888,122.7402,0.0163,0.0213,0.0263,61.9171,26.0717,-54.5461,107.1052,25.2299
2025-01-01 02:25:00,0.9819,0.9874,1.7917,2.9704,28.4703,48.5888,122.7402,0.0163,0.0213,0.0263,61.9171,26.0717,-54.5461,107.1052,25.2299
2025-01-01 02:25:10,0.9819,0.6771,1.7917,2.9704,28.4703,48.5888,122.7402,0.0163,0.0213,0.0263,61.9171,26.0717,-54.5461,107.1052,25.2299
2025-01-01 02:25:20,0.9819,0.6771,1.7917,2.9704,28.4703,48.5888,122.7402,0.0163,0.0213,0.0263,61.9171,26.0717,-54.5461,109.764,25.2299
2025-01-01 02:25:30,1.0683,0.6771,1.7917,2.9704,28.4703,48.5888,122.7402,0.0163,0.0213,0.0263,61.9171,26.0717,-54.5461,109.764,25.2299
2025-01-01 02:25:40,1.0683,0.6771,1.7917,2.8884,28.4703,48.5888,122.7402,0.0163,0.0213,0.0263,61.9171,26.0717,-54.5461,109.764,25.2299
2025-01-01 02:25:50,1.0683,0.6771,1.7917,2.8884,28.4703,48.5888,122.7402,0.0163,0.0213,0.0244,61.9171,26.0717,-54.5461,109.764,25.2299
2025-01-01 02:26:00,1.0683,0.6771,1.7917,2.9011,28.4703,48.5888,122.7402,0.0163,0.0213,0.0244,61.9171,26.0717,-54.5461,109.764,25.2299
2025-01-01 02:26:10,1.0683,0.6771,1.7917,2.9011,28.4703,48.5888,122.7402,0.0163,0.0213,0.0244,61.9171,26.0717,-54.5461,109.764,24.9373
2025-01-01 02:26:20,1.0683,0.6771,1.7917,3.1932,28.4703,48.5888,122.7402,0.0163,0.0213,0.0244,61.9171,26.0717,-54.5461,109.764,24.9373
2025-01-01 02:26:30,1.0683,0.6771,1.7917,3.1932,28.4703,48.5888,122.7402,0.0163,0.0129,0.0244,61.9171,26.0717,-54.5461,109.764,24.9373
2025-01-01 02:26:40,1.0683,0.6771,1.7917,3.1932,28.4703,48.5888,122.7402,0.0285,0.0129,0.0244,61.9171,26.0717,-54.5461,109.764,24.9373
2025-01-01 02:26:50,1.0683,0.6771,1.7917,3.1932,28.4703,48.5888,122.7402,0.0285,0.0129,0.0244,61.9171,26.0717,-55.8569,109.764,24.9373
2025-01-01 02:27:00,1.0683,0.6771,2.6045,3.1932,28.4703,48.5888,122.7402,0.0285,0.0129,0.0244,61.9171,26.0717,-55.8569,109.764,24.9373
2025-01-01 02:27:10,0.6251,0.6771,2.6045,3.1932,28.4703,48.5888,122.7402,0.0285,0.0129,0.0244,61.9171,26.0717,-55.8569,109.764,24.9373
2025-01-01 02:27:20,0.6251,0.6771,2.6045,3.1932,28.4703,48.5888,120.228,0.0285,0.0129,0.0244,61.9171,26.0717,-55.8569,109.764,24.9373
2025-01-01 02:27:30,0.6251,0.6771,2.6045,3.1932,28.4703,48.5888,120.228,0.0285,0.0129,0.019,61.9171,26.0717,-55.8569,109.764,24.9373
2025-01-01 02:27:40,0.6251,0.6771,2.6045,3.1932,28.4703,48.5888,120.228,0.0193,0.0129,0.019,61.9171,26.0717,-55.8569,109.764,24.9373
2025-01-01 02:27:50,0.6251,0.6771,2.6045,3.1932,28.4703,48.5888,120.228,0.0193,0.0129,0.019,64.5779,26.0717,-55.8569,109.764,24.9373
2025-01-01 02:28:00,0.6251,0.6771,2.6045,3.1932,28.4703,48.5888,120.228,0.0193,0.0129,0.0277,64.5779,26.0717,-55.8569,109.764,24.9373
2025-01-01 02:28:10,0.6251,0.6771,2.6045,3.1932,28.4703,48.9744,120.228,0.0193,0.0129,0.0277,64.5779,26.0717,-55.8569,109.764,24.9373
2025-01-01 02:28:20,0.6251,0.6771,2.5892,3.1932,28.4703,48.9744,120.228,0.0193,0.0129,0.0277,64.5779,26.0717,-55.8569,109.764,24.9373
2025-01-01 02:28:30,0.6251,0.6771,2.5892,3.1932,28.4703,48.9744,120.228,0.0193,0.0129,0.0277,61.3395,26.0717,-55.8569,109.764,24.9373
2025-01-01 02:28:40,0.6251,0.6771,2.5892,3.1932,28.4703,48.9744,126.5602,0.0193,0.0129,0.0277,61.3395,26.0717,-55.8569,109.764,24.9373
2025-01-01 02:28:50,0.6251,0.6771,2.5892,3.1932,28.4703,48.1953,126.5602,0.0193,0.0129,0.0277,61.3395,26.0717,-55.8569,109.764,24.9373
2025-01-01 02:29:00,0.6251,0.6771,2.5892,3.1932,28.4703,48.1953,126.5602,0.0193,0.0129,0.0277,61.3395,26.0717,-55.8569,105.6414,24.9373
2025-01-01 02:29:10,0.6251,0.6771,2.5892,3.1932,28.4703,48.1953,126.5602,0.0193,0.0163,0.0277,61.3395,26.0717,-55.8569,105.6414,24.9373
2025-01-01 02:29:20,0.6982,0.6771,2.5892,3.1932,28.4703,48.1953,126.5602,0.0193,0.0163,0.0277,61.3395,26.0717,-55.8569,105.6414,24.9373
2025-01-01 02:29:30,0.6982,0.6771,2.5892,3.1932,28.4703,48.1953,126.5602,0.0193,0.0163,0.0277,61.3395,26.0717,-55.8569,105.6414,26.298
2025-01-01 02:29:40,0.6982,0.6771,2.5892,2.8998,28.4703,48.1953,126.5602,0.0193,0.0163,0.0277,61.3395,26.0717,-55.8569,105.6414,26.298
2025-01-01 02:29:50,0.6982,0.6771,2.5892,2.8998,28.4703,48.1953,126.5602,0.0236,0.0163,0.0277,61.3395,26.0717,-55.8569,105.6414,26.298
2025-01-01 02:30:00,0.6982,0.971,2.5892,2.8998,28.4703,48.1953,126.5602,0.0236,0.0163,0.0277,61.3395,26.0717,-55.8569,105.6414,26.298
2025-01-01 02:30:10,0.6982,0.971,2.5892,2.8998,28.4703,48.1953,126.5602,0.0236,0.0268,0.0277,61.3395,26.0717,-55.8569,105.6414,26.298
2025-01-01 02:30:20,0.6982,0.971,2.5892,2.8998,28.4703,48.1953,126.5602,0.0236,0.0268,0.0277,61.3395,26.0717,-55.8569,105.6414,24.6784
2025-01-01 02:30:30,0.6982,0.971,2.5892,2.8998,28.4703,48.1953,126.5602,0.0236,0.0165,0.0277,61.3395,26.0717,-55.8569,105.6414,24.6784
2025-01-01 02:30:40,0.6982,0.971,2.5892,3.1207,28.4703,48.1953,126.5602,0.0236,0.0165,0.0277,61.3395,26.0717,-55.8569,105.6414,24.6784
2025-01-01 02:30:50,0.6982,0.971,2.5892,3.1207,28.4703,48.1953,124.7822,0.0236,0.0165,0.0277,61.3395,26.0717,-55.8569,105.6414,24.6784
2025-01-01 02:31:00,0.6982,0.971,2.5892,3.1207,28.4703,49.6365,124.7822,0.0236,0.0165,0.0277,61.3395,26.0717,-55.8569,105.6414,24.6784
2025-01-01 02:31:10,0.6982,0.971,2.5892,3.1207,28.4703,48.8618,124.7822,0.0236,0.0165,0.0277,61.3395,26.0717,-55.8569,105.6414,24.6784
2025-01-01 02:31:20,0.6982,0.971,2.5892,3.1207,28.4703,48.8618,124.7822,0.0254,0.0165,0.0277,61.3395,26.0717,-55.8569,105.6414,24.6784
2025-01-01 02:31:30,0.7254,0.971,2.5892,3.1207,28.4703,48.8618,124.7822,0.0254,0.0165,0.0277,61.3395,26.0717,-55.8569,105.6414,24.6784
2025-01-01 02:31:40,0.7254,0.971,2.5892,3.1207,28.4703,48.8618,124.7822,0.0254,0.0165,0.0182,61.3395,26.0717,-55.8569,105.6414,24.6784
2025-01-01 02:31:50,0.9269,0.971,2.5892,3.1207,28.4703,48.8618,124.7822,0.0254,0.0165,0.0182,61.3395,26.0717,-55.8569,105.6414,24.6784
2025-01-01 02:32:00,0.9269,0.971,2.5892,3.1207,28.4703,48.8618,124.7822,0.0254,0.0165,0.0191,61.3395,26.0717,-55.8569,105.6414,24.6784
2025-01-01 02:32:10,0.9269,0.971,2.5892,3.1207,28.4703,48.8618,124.7822,0.0254,0.0165,0.0191,61.3395,26.0717,-55.8569,105.6414,25.8972
2025-01-01 02:32:20,0.9269,0.8054,2.5892,3.1207,28.4703,48.8618,124.7822,0.0254,0.0165,0.0191,61.3395,26.0717,-55.8569,105.6414,25.8972
2025-01-01 02:32:30,0.9269,0.6313,2.5892,3.1207,28.4703,48.8618,124.7822,0.0254,0.0165,0.0191,61.3395,26.0717,-55.8569,105.6414,25.8972
2025-01-01 02:32:40,0.9269,0.6313,2.5892,3.1207,28.4703,48.8618,124.7822,0.0254,0.0289,0.0191,61.3395,26.0717,-55.8569,105.6414,25.8972
2025-01-01 02:32:50,0.9269,0.6313,2.5892,3.1207,28.4703,48.8618,124.7822,0.0236,0.0289,0.0191,61.3395,26.0717,-55.8569,105.6414,25.8972
2025-01-01 02:33:00,0.9269,0.6313,2.5892,3.1207,28.4703,48.8219,124.7822,0.0236,0.0289,0.0191,61.3395,26.0717,-55.8569,105.6414,25.8972
2025-01-01 02:33:10,0.9269,0.6313,2.5892,3.1207,28.4703,48.8219,124.7822,0.0236,0.0289,0.024,61.3395,26.0717,-55.8569,105.6414,25.8972
2025-01-01 02:33:20,0.9269,0.6313,2.5892,3.1207,28.4732,48.8219,124.7822,0.0236,0.0289,0.024,61.3395,26.0717,-55.8569,105.6414,25.8972
2025-01-01 02:33:30,0.9269,0.6313,2.5892,3.1207,28.4732,52.0445,124.7822,0.0236,0.0289,0.024,61.3395,26.0717,-55.8569,105.6414,25.8972
2025-01-01 02:33:40,0.9269,0.6313,2.5892,2.8899,28.4732,52.0445,124.7822,0.0236,0.0289,0.024,61.3395,26.0717,-55.8569,105.6414,25.8972
2025-01-01 02:33:50,0.6819,0.6313,2.5892,2.8899,28.4732,52.0445,124.7822,0.0236,0.0289,0.024,61.3395,26.0717,-55.8569,105.6414,25.8972
2025-01-01 02:34:00,0.6819,0.6313,2.5892,2.8899,28.4732,52.0445,124.7822,0.0168,0.0289,0.024,61.3395,26.0717,-55.8569,105.6414,25.8972
2025-01-01 02:34:10,0.6819,0.6313,2.5892,2.8899,28.387,52.0445,124.7822,0.0168,0.0289,0.024,61.3395,26.0717,-55.8569,105.6414,25.8972
2025-01-01 02:34:20,0.6819,0.6313,2.5892,2.8899,28.387,52.0445,124.7822,0.0168,0.0289,0.024,61.3395,26.0717,-58.9392,105.6414,25.8972
2025-01-01 02:34:30,0.6819,0.6313,2.7035,2.8899,28.387,52.0445,124.7822,0.0168,0.0289,0.024,61.3395,26.0717,-58.9392,105.6414,25.8972
2025-01-01 02:34:40,0.6819,0.6313,2.7035,2.8899,28.387,49.9615,124.7822,0.0168,0.0289,0.024,61.3395,26.0717,-58.9392,105.6414,25.8972
2025-01-01 02:34:50,0.6819,0.6313,2.7035,2.8899,28.387,49.9615,124.7822,0.0168,0.0289,0.024,61.3395,26.0717,-58.9392,105.6414,26.0004
2025-01-01 02:35:00,0.6819,0.6313,2.7035,2.8899,28.387,49.9615,124.7822,0.0231,0.0289,0.024,61.3395,26.0717,-58.9392,105.6414,26.0004
2025-01-01 02:35:10,0.6819,0.6313,2.7035,2.8899,28.2135,49.9615,124.7822,0.0231,0.0289,0.024,61.3395,26.0717,-58.9392,105.6414,26.0004
2025-01-01 02:35:20,0.6819,0.6313,3.399,2.8899,28.2135,49.9615,124.7822,0.0231,0.0289,0.024,61.3395,26.0717,-58.9392,105.6414,26.0004
2025-01-01 02:35:30,0.6819,0.6313,3.399,2.8899,28.2135,49.9615,126.4458,0.0231,0.0289,0.024,61.3395,26.0717,-58.9392,105.6414,26.0004
2025-01-01 02:35:40,0.6819,1.277,3.399,2.8899,28.2135,49.9615,126.4458,0.0231,0.0289,0.024,61.3395,26.0717,-58.9392,105.6414,26.0004
2025-01-01 02:35:50,0.6819,1.277,3.399,2.8899,28.2135,49.9615,126.4458,0.0231,0.0289,0.024,61.3395,26.0717,-58.9392,109.7473,26.0004
2025-01-01 02:36:00,0.6819,1.277,3.399,2.8899,28.2135,49.9615,126.4458,0.0231,0.0289,0.0205,61.3395,26.0717,-58.9392,109.7473,26.0004
2025-01-01 02:36:10,0.6819,1.277,3.399,2.8899,28.2135,49.9615,126.4458,0.0219,0.0289,0.0205,61.3395,26.0717,-58.9392,109.7473,26.0004
2025-01-01 02:36:20,0.6819,1.277,3.399,2.8899,28.2135,49.9615,126.4458,0.0219,0.0289,0.0205,61.3395,26.0717,-58.9392,110.3142,26.0004
2025-01-01 02:36:30,0.6819,1.277,3.399,2.8725,28.2135,49.9615,126.4458,0.0219,0.0289,0.0205,61.3395,26.0717,-58.9392,110.3142,26.0004
2025-01-01 02:36:40,0.6819,1.277,3.399,2.8725,28.2135,49.9615,123.3796,0.0219,0.0289,0.0205,61.3395,26.0717,-58.9392,110.3142,26.0004
2025-01-01 02:36:50,0.9597,1.277,3.399,2.8725,28.2135,49.9615,123.3796,0.0219,0.0289,0.0205,61.3395,26.0717,-58.9392,110.3142,26.0004
2025-01-01 02:37:00,0.9597,1.277,3.399,2.9605,28.2135,49.9615,123.3796,0.0219,0.0289,0.0205,61.3395,26.0717,-58.9392,110.3142,26.0004
2025-01-01 02:37:10,0.9597,1.277,3.399,2.9605,28.2135,49.9615,127.2514,0.0219,0.0289,0.0205,61.3395,26.0717,-58.9392,110.3142,26.0004
2025-01-01 02:37:20,0.9597,1.277,3.399,2.9605,28.2135,49.9615,127.2514,0.0219,0.0206,0.0205,61.3395,26.0717,-58.9392,110.3142,26.0004
2025-01-01 02:37:30,0.9597,1.277,3.399,2.9605,28.2135,49.9615,127.2514,0.0219,0.0206,0.0205,61.3395,26.0717,-58.9392,111.138,26.0004
2025-01-01 02:37:40,1.03,1.277,3.399,2.9605,28.2135,49.9615,127.2514,0.0219,0.0206,0.0205,61.3395,26.0717,-58.9392,111.138,26.0004
2025-01-01 02:37:50,1.03,1.277,3.399,3.064,28.2135,49.9615,127.2514,0.0219,0.0206,0.0205,61.3395,26.0717,-58.9392,111.138,26.0004
2025-01-01 02:38:00,1.03,1.119,3.399,3.064,28.2135,49.9615,127.2514,0.0219,0.0206,0.0205,61.3395,26.0717,-58.9392,111.138,26.0004
2025-01-01 02:38:10,1.03,1.119,3.399,3.064,28.2135,49.9615,127.2514,0.0219,0.0206,0.0205,61.3395,25.6291,-58.9392,111.138,26.0004
2025-01-01 02:38:20,1.03,1.119,3.399,3.064,28.2135,49.8907,127.2514,0.0219,0.0206,0.0205,61.3395,25.6291,-58.9392,111.138,26.0004
2025-01-01 02:38:30,1.03,1.119,3.399,3.064,28.2135,49.8907,127.2514,0.0219,0.0206,0.0205,61.3395,26.8408,-58.9392,111.138,26.0004
2025-01-01 02:38:40,1.03,1.119,3.399,3.064,28.2135,49.8907,121.3983,0.0219,0.0206,0.0205,61.3395,26.8408,-58.9392,111.138,26.0004
2025-01-01 02:38:50,1.03,1.119,3.399,3.064,28.2135,49.8907,121.3983,0.0219,0.0206,0.0205,61.3395,27.6442,-58.9392,111.138,26.0004
2025-01-01 02:39:00,1.03,1.119,3.399,3.064,28.2135,49.8907,121.3983,0.0219,0.015,0.0205,61.3395,27.6442,-58.9392,111.138,26.0004
2025-01-01 02:39:10,1.03,1.119,3.399,3.064,28.2135,49.8907,121.3983,0.0219,0.015,0.0205,61.3395,27.9584,-58.9392,111.138,26.0004
2025-01-01 02:39:20,1.03,1.119,3.399,3.064,28.2135,49.8907,121.3983,0.0219,0.015,0.0205,61.3395,27.9584,-58.9392,106.6628,26.0004
2025-01-01 02:39:30,0.9886,1.119,3.399,3.064,28.2135,49.8907,121.3983,0.0219,0.015,0.0205,61.3395,27.9584,-58.9392,106.6628,26.0004
2025-01-01 02:39:40,0.9886,1.119,3.399,3.1307,28.2135,49.8907,121.3983,0.0219,0.015,0.0205,61.3395,27.9584,-58.9392,106.6628,26.0004
2025-01-01 02:39:50,0.9886,1.119,3.399,3.1307,28.2135,49.8907,121.3983,0.0219,0.015,0.0205,61.3395,27.2851,-58.9392,106.6628,26.0004
2025-01-01 02:40:00,0.9886,0.8146,3.399,3.1307,28.2135,49.8907,121.3983,0.0219,0.015,0.0205,61.3395,27.2851,-58.9392,106.6628,26.0004
2025-01-01 02:40:10,0.5866,0.8146,3.399,3.1307,28.2135,49.8907,121.3983,0.0219,0.015,0.0205,61.3395,27.2851,-58.9392,106.6628,26.0004
2025-01-01 02:40:20,0.5866,0.8146,3.399,3.1307,28.2135,49.8907,121.3983,0.0219,0.015,0.0205,61.3395,27.2851,-58.9392,107.8127,26.0004
2025-01-01 02:40:30,0.5866,0.8146,3.399,3.1307,28.2135,49.8907,121.3983,0.0219,0.015,0.0205,61.3395,27.2851,-58.9392,107.8127,25.0589
2025-01-01 02:40:40,0.5866,0.8146,3.399,3.1307,28.4841,49.8907,121.3983,0.0219,0.015,0.0205,61.3395,27.2851,-58.9392,107.8127,25.0589
2025-01-01 02:40:50,0.5866,0.8146,3.399,3.1307,28.4686,49.8907,121.3983,0.0219,0.015,0.0205,61.3395,27.2851,-58.9392,107.8127,25.0589
2025-01-01 02:41:00,0.5866,0.8146,3.399,3.1307,28.4686,49.8907,121.3983,0.0158,0.015,0.0205,61.3395,27.2851,-58.9392,107.8127,25.0589
2025-01-01 02:41:10,0.5866,0.8146,3.399,3.1307,28.4686,50.5996,121.3983,0.0158,0.015,0.0205,61.3395,27.2851,-58.9392,107.8127,25.0589
2025-01-01 02:41:20,0.5866,0.8146,3.399,3.1307,28.4686,47.1354,121.3983,0.0158,0.015,0.0205,61.3395,27.2851,-58.9392,107.8127,25.0589
2025-01-01 02:41:30,0.5866,0.8146,3.399,3.1307,28.4686,47.1354,121.3983,0.0158,0.015,0.0205,61.3395,27.8129,-58.9392,107.8127,25.0589
2025-01-01 02:41:40,0.5866,0.8146,3.399,3.1307,28.4686,47.1354,121.3983,0.0228,0.015,0.0205,61.3395,27.8129,-58.9392,107.8127,25.0589
2025-01-01 02:41:50,0.5866,0.8146,3.399,3.1307,28.4686,47.1354,121.3983,0.0228,0.015,0.0205,63.5278,27.8129,-58.9392,107.8127,25.0589
2025-01-01 02:42:00,0.5866,0.8146,3.399,3.1307,28.4686,47.1354,121.3983,0.0228,0.015,0.0205,63.5278,27.8129,-58.9392,107.0557,25.0589
2025-01-01 02:42:10,0.5866,0.8146,3.399,3.1307,28.4686,47.1354,114.4908,0.0228,0.015,0.0205,63.5278,27.8129,-58.9392,107.0557,25.0589
2025-01-01 02:42:20,0.5866,0.8146,3.399,3.1307,28.4686,47.1354,114.4908,0.0228,0.015,0.0279,63.5278,27.8129,-58.9392,107.0557,25.0589
2025-01-01 02:42:30,0.5866,0.8146,3.399,3.1307,28.4686,47.1354,127.333,0.0228,0.015,0.0279,63.5278,27.8129,-58.9392,107.0557,25.0589
2025-01-01 02:42:40,0.5866,0.8146,3.399,3.1307,28.4686,47.1354,127.333,0.0228,0.015,0.0207,63.5278,27.8129,-58.9392,107.0557,25.0589
2025-01-01 02:42:50,0.5866,0.8146,3.399,3.1307,28.4686,47.1354,127.333,0.0228,0.0106,0.0207,63.5278,27.8129,-58.9392,107.0557,25.0589
2025-01-01 02:43:00,0.5866,0.8146,3.399,3.1307,28.4686,47.1354,127.333,0.0228,0.0279,0.0207,63.5278,27.8129,-58.9392,107.0557,25.0589
2025-01-01 02:43:10,0.5866,0.8146,1.9582,3.1307,28.4686,47.1354,127.333,0.0228,0.0279,0.0207,63.5278,27.8129,-58.9392,107.0557,25.0589
2025-01-01 02:43:20,0.5866,0.6472,1.9582,3.1307,28.4686,47.1354,127.333,0.0228,0.0279,0.0207,63.5278,27.8129,-58.9392,107.0557,25.0589
2025-01-01 02:43:30,0.5866,0.6472,1.9582,3.1307,28.4686,47.1354,127.333,0.0245,0.0279,0.0207,63.5278,27.8129,-58.9392,107.0557,25.0589
2025-01-01 02:43:40,0.5866,0.6472,1.8625,3.1307,28.4686,47.1354,127.333,0.0245,0.0279,0.0207,63.5278,27.8129,-58.9392,107.0557,25.0589
2025-01-01 02:43:50,0.5866,0.6472,1.8625,3.1307,28.4686,47.1354,127.333,0.0245,0.0279,0.0207,63.5278,27.8129,-58.9392,107.0557,25.3451
2025-01-01 02:44:00,0.5866,0.6472,1.8625,3.1307,28.4686,47.1354,127.333,0.0245,0.0279,0.0207,63.5278,27.8129,-56.1203,107.0557,25.3451
2025-01-01 02:44:10,0.5866,0.6472,1.8625,3.1307,28.4686,47.1354,127.333,0.0245,0.0279,0.0228,63.5278,27.8129,-56.1203,107.0557,25.3451
2025-01-01 02:44:20,0.5866,0.6472,1.8625,3.1307,28.4686,47.1354,127.333,0.0177,0.0279,0.0228,63.5278,27.8129,-56.1203,107.0557,25.3451
2025-01-01 02:44:30,0.5866,0.6472,1.8625,3.1307,28.4686,49.6893,127.333,0.0177,0.0279,0.0228,63.5278,27.8129,-56.1203,107.0557,25.3451
2025-01-01 02:44:40,0.5866,0.6472,1.8625,3.1307,28.4686,49.6893,127.333,0.0177,0.0279,0.0228,63.5278,27.8129,-56.1203,107.0557,25.9115
2025-01-01 02:44:50,0.5866,0.6472,1.8625,3.1307,28.4686,49.6893,127.333,0.0177,0.0279,0.0228,62.8997,27.8129,-56.1203,107.0557,25.9115
2025-01-01 02:45:00,0.5866,0.6472,1.8625,3.1307,28.4686,49.4284,127.333,0.0177,0.0279,0.0228,62.8997,27.8129,-56.1203,107.0557,25.9115
2025-01-01 02:45:10,0.5866,0.6472,2.8818,3.1307,28.4686,49.4284,127.333,0.0177,0.0279,0.0228,62.8997,27.8129,-56.1203,107.0557,25.9115
2025-01-01 02:45:20,0.5866,0.6472,2.8818,3.1307,28.4686,49.4284,127.333,0.0177,0.0279,0.0228,62.8068,27.8129,-56.1203,107.0557,25.9115
2025-01-01 02:45:30,0.5866,0.6472,2.8818,2.9908,28.4686,49.4284,127.333,0.0177,0.0279,0.0228,62.8068,27.8129,-56.1203,107.0557,25.9115
2025-01-01 02:45:40,0.5866,0.6472,2.8818,2.9908,28.4686,49.4284,127.333,0.0177,0.0279,0.0228,62.8068,27.8129,-56.1203,107.0557,25.2728
2025-01-01 02:45:50,0.5866,0.6472,2.8818,2.9366,28.4686,49.4284,127.333,0.0177,0.0279,0.0228,62.8068,27.8129,-56.1203,107.0557,25.2728
2025-01-01 02:46:00,0.5866,0.6472,2.7782,2.9366,28.4686,49.4284,127.333,0.0177,0.0279,0.0228,62.8068,27.8129,-56.1203,107.0557,25.2728
2025-01-01 02:46:10,0.5866,0.6472,2.7782,2.9366,28.4686,49.4284,127.333,0.0177,0.0279,0.0228,62.8068,27.8129,-56.1203,107.0557,25.0195
2025-01-01 02:46:20,0.5866,0.6472,2.7782,2.9366,28.4686,49.4284,127.333,0.0177,0.0279,0.0228,62.8068,27.8129,-61.5205,107.0557,25.0195
2025-01-01 02:46:30,0.5866,0.6472,2.7782,2.9366,28.4686,49.4284,127.333,0.0177,0.0233,0.0228,62.8068,27.8129,-61.5205,107.0557,25.0195
2025-01-01 02:46:40,0.5866,1.0243,2.7782,2.9366,28.4686,49.4284,127.333,0.0177,0.0233,0.0228,62.8068,27.8129,-61.5205,107.0557,25.0195
2025-01-01 02:46:50,0.5866,1.0243,2.7782,2.9366,28.4686,49.4284,127.333,0.0177,0.0233,0.0225,62.8068,27.8129,-61.5205,107.0557,25.0195
2025-01-01 02:47:00,0.5866,0.9458,2.7782,2.9366,28.4686,49.4284,127.333,0.0177,0.0233,0.0225,62.8068,27.8129,-61.5205,107.0557,25.0195
2025-01-01 02:47:10,0.5866,1.0041,2.7782,2.9366,28.4686,49.4284,127.333,0.0177,0.0233,0.0225,62.8068,27.8129,-61.5205,107.0557,25.0195
2025-01-01 02:47:20,0.5866,1.0041,2.7782,2.9366,28.4686,49.4284,127.333,0.0177,0.0233,0.0225,63.7841,27.8129,-61.5205,107.0557,25.0195
2025-01-01 02:47:30,0.5866,1.0041,2.7782,2.9366,28.4686,49.4284,127.333,0.0177,0.0233,0.0225,63.7841,27.8129,-61.5205,110.6805,25.0195
2025-01-01 02:47:40,0.5866,0.9554,2.7782,2.9366,28.4686,49.4284,127.333,0.0177,0.0233,0.0225,63.7841,27.8129,-61.5205,110.6805,25.0195
2025-01-01 02:47:50,0.5866,0.8452,2.7782,2.9366,28.4686,49.4284,127.333,0.0177,0.0233,0.0225,63.7841,27.8129,-61.5205,110.6805,25.0195
2025-01-01 02:48:00,0.5866,0.8452,2.5032,2.9366,28.4686,49.4284,127.333,0.0177,0.0233,0.0225,63.7841,27.8129,-61.5205,110.6805,25.0195
2025-01-01 02:48:10,0.5866,0.8452,2.5032,2.9366,28.4686,49.7542,127.333,0.0177,0.0233,0.0225,63.7841,27.8129,-61.5205,110.6805,25.0195
2025-01-01 02:48:20,0.5866,0.8452,2.5032,2.9366,28.4686,49.7542,127.333,0.0177,0.0233,0.0225,63.7841,26.8488,-61.5205,110.6805,25.0195
2025-01-01 02:48:30,0.5866,0.8452,2.5032,2.9366,28.4686,49.7542,127.333,0.015,0.0233,0.0225,63.7841,26.8488,-61.5205,110.6805,25.0195
2025-01-01 02:48:40,0.5866,0.8452,2.5032,2.9366,28.4686,49.7542,119.9004,0.015,0.0233,0.0225,63.7841,26.8488,-61.5205,110.6805,25.0195
2025-01-01 02:48:50,0.5866,0.8452,2.5032,2.9366,28.4686,49.7542,119.9004,0.015,0.0233,0.0225,63.7841,26.8488,-61.5205,110.6805,25.3176
2025-01-01 02:49:00,0.5866,0.8452,2.5032,2.9366,28.5778,49.7542,119.9004,0.015,0.0233,0.0225,63.7841,26.8488,-61.5205,110.6805,25.3176
2025-01-01 02:49:10,0.8054,0.8452,2.5032,2.9366,28.5778,49.7542,119.9004,0.015,0.0233,0.0225,63.7841,26.8488,-61.5205,110.6805,25.3176
2025-01-01 02:49:20,0.7066,0.8452,2.5032,2.9366,28.5778,49.7542,119.9004,0.015,0.0233,0.0225,63.7841,26.8488,-61.5205,110.6805,25.3176
2025-01-01 02:49:30,0.7066,0.8452,2.5032,2.9366,28.4285,49.7542,119.9004,0.015,0.0233,0.0225,63.7841,26.8488,-61.5205,110.6805,25.3176
2025-01-01 02:49:40,0.7066,0.8452,2.5032,2.9366,28.4285,51.1172,119.9004,0.015,0.0233,0.0225,63.7841,26.8488,-61.5205,110.6805,25.3176
2025-01-01 02:49:50,1.0694,0.8452,2.5032,2.9366,28.4285,51.1172,119.9004,0.015,0.0233,0.0225,63.7841,26.8488,-61.5205,110.6805,25.3176
2025-01-01 02:50:00,0.8419,0.8452,2.5032,2.9366,28.4285,51.1172,119.9004,0.015,0.0233,0.0225,63.7841,26.8488,-61.5205,110.6805,25.3176
2025-01-01 02:50:10,0.8419,0.8452,2.5032,2.9833,28.4285,51.1172,119.9004,0.015,0.0233,0.0225,63.7841,26.8488,-61.5205,110.6805,25.3176
2025-01-01 02:50:20,0.8419,0.8452,2.0763,2.9833,28.4285,51.1172,119.9004,0.015,0.0233,0.0225,63.7841,26.8488,-61.5205,110.6805,25.3176
2025-01-01 02:50:30,0.8419,1.1452,2.0763,2.9833,28.4285,51.1172,119.9004,0.015,0.0233,0.0225,63.7841,26.8488,-61.5205,110.6805,25.3176
2025-01-01 02:50:40,0.8419,1.1452,2.0763,3.1255,28.4285,51.1172,119.9004,0.015,0.0233,0.0225,63.7841,26.8488,-61.5205,110.6805,25.3176
2025-01-01 02:50:50,0.8419,1.1452,2.0763,3.1255,28.4285,51.1172,119.9004,0.015,0.0233,0.0225,63.7841,28.3004,-61.5205,110.6805,25.3176
2025-01-01 02:51:00,0.8419,1.1452,2.0763,3.1255,28.4285,51.1172,119.9004,0.015,0.0233,0.0225,63.7841,28.3004,-61.5205,110.6805,25.5166
2025-01-01 02:51:10,0.7793,1.1452,2.0763,3.1255,28.4285,51.1172,119.9004,0.015,0.0233,0.0225,63.7841,28.3004,-61.5205,110.6805,25.5166
2025-01-01 02:51:20,1.1334,1.1452,2.0763,3.1255,28.4285,51.1172,119.9004,0.015,0.0233,0.0225,63.7841,28.3004,-61.5205,110.6805,25.5166
2025-01-01 02:51:30,1.1334,1.1452,1.3395,3.1255,28.4285,51.1172,119.9004,0.015,0.0233,0.0225,63.7841,28.3004,-61.5205,110.6805,25.5166
2025-01-01 02:51:40,0.8597,1.1452,1.3395,3.1255,28.4285,51.1172,119.9004,0.015,0.0233,0.0225,63.7841,28.3004,-61.5205,110.6805,25.5166
2025-01-01 02:51:50,0.8597,1.1452,1.3395,3.1255,28.4285,49.0514,119.9004,0.015,0.0233,0.0225,63.7841,28.3004,-61.5205,110.6805,25.5166
2025-01-01 02:52:00,0.8597,1.1452,1.3395,3.1255,28.4285,49.0514,119.9004,0.0238,0.0233,0.0225,63.7841,28.3004,-61.5205,110.6805,25.5166
2025-01-01 02:52:10,0.8597,1.1452,1.3395,3.1255,28.6858,49.0514,119.9004,0.0238,0.0233,0.0225,63.7841,28.3004,-61.5205,110.6805,25.5166
2025-01-01 02:52:20,0.8597,1.1126,1.3395,3.1255,28.6858,49.0514,119.9004,0.0238,0.0233,0.0225,63.7841,28.3004,-61.5205,110.6805,25.5166
2025-01-01 02:52:30,0.8597,1.1126,1.3395,3.1255,28.6858,49.0514,119.9004,0.0238,0.0233,0.0225,63.7841,28.3004,-61.5205,110.6805,25.2292
2025-01-01 02:52:40,1.3898,1.1126,1.3395,3.1255,28.6858,49.0514,119.9004,0.0238,0.0233,0.0225,63.7841,28.3004,-61.5205,110.6805,25.2292
2025-01-01 02:52:50,1.3898,1.1126,1.3395,3.1255,28.6858,49.0514,127.5532,0.0238,0.0233,0.0225,63.7841,28.3004,-61.5205,110.6805,25.2292
2025-01-01 02:53:00,1.3898,1.1126,1.3395,3.1255,28.6858,49.0514,127.5532,0.0177,0.0233,0.0225,63.7841,28.3004,-61.5205,110.6805,25.2292
2025-01-01 02:53:10,1.3898,1.1126,1.3395,3.1255,28.6858,49.0514,127.5532,0.0177,0.0233,0.0225,63.7841,28.3004,-57.4109,110.6805,25.2292
2025-01-01 02:53:20,1.3898,1.1126,1.3395,3.1255,28.6858,49.0514,127.5532,0.0177,0.02,0.0225,63.7841,28.3004,-57.4109,110.6805,25.2292
2025-01-01 02:53:30,1.3898,1.1126,1.3395,3.1255,28.6858,49.0514,127.5532,0.0177,0.02,0.0225,63.7841,28.3004,-57.4109,110.6805,25.8689
2025-01-01 02:53:40,1.3898,1.1126,1.3395,3.1255,28.6858,49.0514,127.5532,0.0177,0.02,0.0225,61.435,28.3004,-57.4109,110.6805,25.8689
2025-01-01 02:53:50,1.3898,1.1126,1.3395,3.1255,28.6858,49.0514,127.5532,0.0257,0.02,0.0225,61.435,28.3004,-57.4109,110.6805,25.8689
2025-01-01 02:54:00,1.3898,1.1126,1.3395,3.1255,28.6858,49.0514,127.5532,0.0257,0.02,0.0225,61.435,26.8187,-57.4109,110.6805,25.8689
2025-01-01 02:54:10,1.3898,1.1126,1.3395,3.1255,28.6858,49.0514,127.5532,0.0257,0.02,0.0225,61.435,26.8187,-57.4109,110.6805,25.3976
2025-01-01 02:54:20,1.3898,1.1126,1.3395,3.1255,28.6858,49.0514,127.5532,0.0257,0.02,0.0225,64.4721,26.8187,-57.4109,110.6805,25.3976
2025-01-01 02:54:30,1.3898,1.1126,1.3395,3.1255,28.4342,49.0514,127.5532,0.0257,0.02,0.0225,64.4721,26.8187,-57.4109,110.6805,25.3976
2025-01-01 02:54:40,1.3898,0.7962,1.3395,3.1255,28.4342,49.0514,127.5532,0.0257,0.02,0.0225,64.4721,26.8187,-57.4109,110.6805,25.3976
2025-01-01 02:54:50,1.3898,0.7962,1.3395,3.1255,28.4342,49.0514,127.5532,0.0257,0.02,0.0254,64.4721,26.8187,-57.4109,110.6805,25.3976
2025-01-01 02:55:00,1.3898,0.7962,1.3395,3.1255,28.4342,49.0514,127.5532,0.0257,0.02,0.0254,62.5084,26.8187,-57.4109,110.6805,25.3976
2025-01-01 02:55:10,0.7976,0.7962,1.3395,3.1255,28.4342,49.0514,127.5532,0.0257,0.02,0.0254,62.5084,26.8187,-57.4109,110.6805,25.3976
2025-01-01 02:55:20,0.7976,0.7962,1.3395,3.1255,28.4342,49.0514,127.5532,0.0235,0.02,0.0254,62.5084,26.8187,-57.4109,110.6805,25.3976
2025-01-01 02:55:30,0.7976,0.7247,1.3395,3.1255,28.4342,49.0514,127.5532,0.0235,0.02,0.0254,62.5084,26.8187,-57.4109,110.6805,25.3976
2025-01-01 02:55:40,0.7976,0.7247,1.3395,3.1255,28.5388,49.0514,127.5532,0.0235,0.02,0.0254,62.5084,26.8187,-57.4109,110.6805,25.3976
2025-01-01 02:55:50,0.7976,0.7247,1.3395,3.1255,28.5388,50.1923,127.5532,0.0235,0.02,0.0254,62.5084,26.8187,-57.4109,110.6805,25.3976
2025-01-01 02:56:00,0.7976,1.0194,1.3395,3.1255,28.5388,50.1923,127.5532,0.0235,0.02,0.0254,62.5084,26.8187,-57.4109,110.6805,25.3976
2025-01-01 02:56:10,0.7976,1.0194,1.3395,2.9656,28.5388,50.1923,127.5532,0.0235,0.02,0.0254,62.5084,26.8187,-57.4109,110.6805,25.3976
2025-01-01 02:56:20,0.7976,1.0194,1.3395,2.9656,28.5388,50.1923,127.5532,0.0235,0.02,0.0254,62.5084,26.8187,-56.0674,110.6805,25.3976
2025-01-01 02:56:30,0.7976,1.0194,1.3395,2.9656,28.5388,50.1923,119.9928,0.0235,0.02,0.0254,62.5084,26.8187,-56.0674,110.6805,25.3976
2025-01-01 02:56:40,0.7976,1.0194,1.3395,2.9656,28.5388,50.1923,119.9928,0.0235,0.02,0.032,62.5084,26.8187,-56.0674,110.6805,25.3976
2025-01-01 02:56:50,0.7976,1.0194,1.3395,2.9656,28.5388,50.1923,119.9928,0.0235,0.02,0.032,63.7073,26.8187,-56.0674,110.6805,25.3976
2025-01-01 02:57:00,0.9454,1.0194,1.3395,2.9656,28.5388,50.1923,119.9928,0.0235,0.02,0.032,63.7073,26.8187,-56.0674,110.6805,25.3976
2025-01-01 02:57:10,0.9454,1.0194,2.4386,2.9656,28.5388,50.1923,119.9928,0.0235,0.02,0.032,63.7073,26.8187,-56.0674,110.6805,25.3976
2025-01-01 02:57:20,0.9454,1.0194,1.7071,2.9656,28.5388,50.1923,119.9928,0.0235,0.02,0.032,63.7073,26.8187,-56.0674,110.6805,25.3976
2025-01-01 02:57:30,0.9454,1.0194,1.7071,2.9656,28.5388,50.1923,119.9928,0.0235,0.02,0.032,63.7073,26.8187,-56.0674,107.5184,25.3976
2025-01-01 02:57:40,0.9454,1.0194,1.7071,2.9656,28.5388,50.1923,119.9928,0.0235,0.02,0.032,63.7073,27.7947,-56.0674,107.5184,25.3976
2025-01-01 02:57:50,0.9454,1.0194,1.7071,2.9656,28.5388,50.1923,119.9928,0.0225,0.02,0.032,63.7073,27.7947,-56.0674,107.5184,25.3976
2025-01-01 02:58:00,0.9454,1.0194,2.0263,2.9656,28.5388,50.1923,119.9928,0.0225,0.02,0.032,63.7073,27.7947,-56.0674,107.5184,25.3976
2025-01-01 02:58:10,0.9454,1.0194,2.0263,2.9656,28.5388,47.7771,119.9928,0.0225,0.02,0.032,63.7073,27.7947,-56.0674,107.5184,25.3976
2025-01-01 02:58:20,0.9454,1.0194,2.5487,2.9656,28.5388,47.7771,119.9928,0.0225,0.02,0.032,63.7073,27.7947,-56.0674,107.5184,25.3976
2025-01-01 02:58:30,0.9454,1.0194,2.5487,2.9656,28.5388,47.7771,119.9928,0.029,0.02,0.032,63.7073,27.7947,-56.0674,107.5184,25.3976
2025-01-01 02:58:40,0.9454,1.0194,2.5487,2.9656,28.5388,47.7771,119.9928,0.029,0.0328,0.032,63.7073,27.7947,-56.0674,107.5184,25.3976
2025-01-01 02:58:50,0.9454,1.0194,2.5487,2.9656,28.5388,47.7771,119.9928,0.0206,0.0328,0.032,63.7073,27.7947,-56.0674,107.5184,25.3976
2025-01-01 02:59:00,0.9454,1.0194,1.6763,2.9656,28.5388,47.7771,119.9928,0.0206,0.0328,0.032,63.7073,27.7947,-56.0674,107.5184,25.3976
2025-01-01 02:59:10,1.2284,1.0194,1.6763,2.9656,28.5388,47.7771,119.9928,0.0206,0.0328,0.032,63.7073,27.7947,-56.0674,107.5184,25.3976
2025-01-01 02:59:20,1.2284,1.0194,1.6763,2.9656,28.5388,47.7771,119.9928,0.0206,0.0328,0.032,62.5931,27.7947,-56.0674,107.5184,25.3976
2025-01-01 02:59:30,1.2284,1.0194,1.6763,2.9656,28.5388,49.0465,119.9928,0.0206,0.0328,0.032,62.5931,27.7947,-56.0674,107.5184,25.3976
2025-01-01 02:59:40,1.2284,1.0194,1.6763,2.9656,28.5388,49.0465,119.9928,0.0206,0.0328,0.032,61.4791,27.7947,-56.0674,107.5184,25.3976
2025-01-01 02:59:50,1.2284,1.0194,2.5348,2.9656,28.5388,49.0465,119.9928,0.0206,0.0328,0.032,61.4791,27.7947,-56.0674,107.5184,25.3976
2025-01-01 03:00:00,1.2284,1.0194,2.5348,2.9656,28.5388,49.0465,119.9928,0.0206,0.0328,0.0232,61.4791,27.7947,-56.0674,107.5184,25.3976
2025-01-01 03:00:10,1.2284,0.9997,2.5348,2.9656,28.5388,49.0465,119.9928,0.0206,0.0328,0.0232,61.4791,27.7947,-56.0674,107.5184,25.3976
2025-01-01 03:00:20,1.2284,0.9997,2.5348,3.1495,28.5388,49.0465,119.9928,0.0206,0.0328,0.0232,61.4791,27.7947,-56.0674,107.5184,25.3976
2025-01-01 03:00:30,1.2284,0.9997,2.5348,3.1495,28.5388,49.0465,119.9928,0.0206,0.0328,0.0232,61.4791,27.7947,-56.0674,107.5184,26.2264
2025-01-01 03:00:40,1.2284,0.9997,2.5348,3.1495,28.5388,49.0465,119.9928,0.0206,0.0328,0.0232,61.4791,27.7947,-56.0674,107.5184,25.9909
2025-01-01 03:00:50,1.2284,0.9997,2.5348,3.1495,28.5388,49.0465,119.9928,0.0206,0.0328,0.0232,61.4791,27.7947,-56.0674,106.9438,25.9909
2025-01-01 03:01:00,1.2284,0.9997,2.5348,3.1495,28.5388,49.0465,119.9928,0.0206,0.0298,0.0232,61.4791,27.7947,-56.0674,106.9438,25.9909
2025-01-01 03:01:10,1.2284,0.9997,2.8719,3.1495,28.5388,49.0465,119.9928,0.0206,0.0298,0.0232,61.4791,27.7947,-56.0674,106.9438,25.9909
2025-01-01 03:01:20,1.2284,0.9997,2.8719,3.1495,28.5388,49.0465,119.9928,0.0206,0.0273,0.0232,61.4791,27.7947,-56.0674,106.9438,25.9909
2025-01-01 03:01:30,1.2284,0.9997,2.8719,3.1495,28.5388,49.0465,119.9928,0.0206,0.0273,0.0232,61.4791,27.7947,-56.0674,108.8085,25.9909
2025-01-01 03:01:40,1.2284,0.9997,2.8719,3.1495,28.5388,49.0465,119.9928,0.0206,0.0273,0.0232,61.7012,27.7947,-56.0674,108.8085,25.9909
2025-01-01 03:01:50,1.2284,0.9997,2.8719,3.1495,28.5388,49.0465,119.9928,0.0206,0.0273,0.0201,61.7012,27.7947,-56.0674,108.8085,25.9909
2025-01-01 03:02:00,1.2284,0.9997,2.8719,3.1495,28.4819,49.0465,119.9928,0.0206,0.0273,0.0201,61.7012,27.7947,-56.0674,108.8085,25.9909
2025-01-01 03:02:10,1.2284,0.9997,2.8719,3.1495,28.4819,49.0465,119.9928,0.0206,0.0273,0.0201,61.7012,27.7947,-57.8281,108.8085,25.9909
2025-01-01 03:02:20,1.2284,0.9997,2.8719,3.1495,28.4819,49.0465,119.9928,0.0206,0.0273,0.0201,61.7012,27.7947,-57.8281,108.8085,25.547
2025-01-01 03:02:30,1.2284,0.9997,2.8719,3.1495,28.5482,49.0465,119.9928,0.0206,0.0273,0.0201,61.7012,27.7947,-57.8281,108.8085,25.547
2025-01-01 03:02:40,1.2284,0.9997,2.8719,3.1495,28.5482,49.0465,119.9928,0.0206,0.0306,0.0201,61.7012,27.7947,-57.8281,108.8085,25.547
2025-01-01 03:02:50,1.2284,0.9997,2.8719,3.1495,28.5482,49.0465,119.9928,0.0206,0.0306,0.0201,61.7012,27.7947,-56.765,108.8085,25.547
2025-01-01 03:03:00,1.2284,0.9997,2.8719,3.1495,28.5482,49.0465,119.9928,0.0206,0.0306,0.0201,61.7012,28.0282,-56.765,108.8085,25.547
2025-01-01 03:03:10,1.2284,0.9997,2.8719,3.1495,28.5482,49.0465,119.9928,0.0206,0.0306,0.0201,61.7012,28.0282,-58.091,108.8085,25.547
2025-01-01 03:03:20,1.2284,0.9997,2.8719,3.1495,28.5482,49.0465,119.9928,0.0206,0.0306,0.034,61.7012,28.0282,-58.091,108.8085,25.547
2025-01-01 03:03:30,1.2912,0.9997,2.8719,3.1495,28.5482,49.0465,119.9928,0.0206,0.0306,0.034,61.7012,28.0282,-58.091,108.8085,25.547
2025-01-01 03:03:40,1.2912,0.9997,2.8719,3.1495,28.5482,48.503,119.9928,0.0206,0.0306,0.034,61.7012,28.0282,-58.091,108.8085,25.547
2025-01-01 03:03:50,1.2912,0.9997,2.8719,3.1495,28.5482,48.503,119.9928,0.0206,0.0306,0.034,60.6107,28.0282,-58.091,108.8085,25.547
2025-01-01 03:04:00,1.2912,0.9997,2.8719,3.1495,28.5482,48.503,119.9928,0.0206,0.0306,0.034,60.6107,28.0282,-57.4145,108.8085,25.547
2025-01-01 03:04:10,1.2912,0.9997,2.8719,3.1495,28.5482,48.503,119.9928,0.0206,0.0306,0.034,59.7232,28.0282,-57.4145,108.8085,25.547
2025-01-01 03:04:20,1.2912,0.9997,2.8719,3.1495,28.5482,48.503,119.9928,0.0206,0.0306,0.034,59.7232,28.0282,-57.4145,111.9026,25.547
2025-01-01 03:04:30,1.2912,0.9997,2.8719,3.1495,28.5482,48.503,119.9928,0.0206,0.0306,0.034,62.0868,28.0282,-57.4145,111.9026,25.547
2025-01-01 03:04:40,1.2912,0.9997,2.8719,3.1495,28.5482,48.503,119.9928,0.011,0.0306,0.034,62.0868,28.0282,-57.4145,111.9026,25.547
2025-01-01 03:04:50,1.2912,0.9997,2.8719,3.1495,28.5482,48.503,119.9928,0.0206,0.0306,0.034,62.0868,28.0282,-57.4145,111.9026,25.547
2025-01-01 03:05:00,1.2912,0.9997,2.8719,3.1495,28.5482,49.8953,119.9928,0.0206,0.0306,0.034,62.0868,28.0282,-57.4145,111.9026,25.547
2025-01-01 03:05:10,1.2912,0.9997,2.8719,3.1495,28.6696,49.8953,119.9928,0.0206,0.0306,0.034,62.0868,28.0282,-57.4145,111.9026,25.547
2025-01-01 03:05:20,1.2912,1.165,2.8719,3.1495,28.6696,49.8953,119.9928,0.0206,0.0306,0.034,62.0868,28.0282,-57.4145,111.9026,25.547
2025-01-01 03:05:30,1.2912,1.165,2.8719,3.1495,28.6696,49.8953,119.9928,0.0206,0.0285,0.034,62.0868,28.0282,-57.4145,111.9026,25.547
2025-01-01 03:05:40,1.2912,1.165,2.8719,3.1495,28.6696,49.8953,119.6439,0.0206,0.0285,0.034,62.0868,28.0282,-57.4145,111.9026,25.547
2025-01-01 03:05:50,1.2912,1.165,2.8719,3.1495,28.6696,49.8953,119.6439,0.0206,0.0285,0.034,62.0868,27.615,-57.4145,111.9026,25.547
2025-01-01 03:06:00,1.2912,1.165,2.8719,3.1495,28.6696,50.2828,119.6439,0.0206,0.0285,0.034,62.0868,27.615,-57.4145,111.9026,25.547
2025-01-01 03:06:10,1.2912,1.165,2.8719,3.1495,28.6696,50.2828,125.2592,0.0206,0.0285,0.034,62.0868,27.615,-57.4145,111.9026,25.547
2025-01-01 03:06:20,1.2912,0.9662,2.8719,3.1495,28.6696,50.2828,125.2592,0.0206,0.0285,0.034,62.0868,27.615,-57.4145,111.9026,25.547
2025-01-01 03:06:30,1.2912,0.9662,2.8719,3.1495,28.6696,50.2828,125.2592,0.0206,0.0285,0.034,62.0868,27.615,-57.4145,111.9026,25.3644
2025-01-01 03:06:40,1.2912,0.9662,2.8719,3.1495,28.6696,50.2828,125.2592,0.0206,0.0285,0.0264,62.0868,27.615,-57.4145,111.9026,25.3644
2025-01-01 03:06:50,1.2912,0.9427,2.8719,3.1495,28.6696,50.2828,125.2592,0.0206,0.0285,0.0264,62.0868,27.615,-57.4145,111.9026,25.3644
2025-01-01 03:07:00,1.2912,0.9427,2.9245,3.1495,28.6696,50.2828,125.2592,0.0206,0.0285,0.0264,62.0868,27.615,-57.4145,111.9026,25.3644
2025-01-01 03:07:10,1.2912,0.9427,2.0666,3.1495,28.6696,50.2828,125.2592,0.0206,0.0285,0.0264,62.0868,27.615,-57.4145,111.9026,25.3644
2025-01-01 03:07:20,0.8823,0.9427,2.0666,3.1495,28.6696,50.2828,125.2592,0.0206,0.0285,0.0264,62.0868,27.615,-57.4145,111.9026,25.3644
2025-01-01 03:07:30,0.8823,0.9427,2.0666,3.1495,28.6696,49.9244,125.2592,0.0206,0.0285,0.0264,62.0868,27.615,-57.4145,111.9026,25.3644
2025-01-01 03:07:40,0.8823,0.9427,2.0666,2.7515,28.6696,49.9244,125.2592,0.0206,0.0285,0.0264,62.0868,27.615,-57.4145,111.9026,25.3644
2025-01-01 03:07:50,0.8823,0.9427,2.0666,2.7515,28.6696,49.9244,125.2592,0.0206,0.0285,0.0291,62.0868,27.615,-57.4145,111.9026,25.3644
2025-01-01 03:08:00,0.8823,0.9427,2.0666,2.7515,28.6696,49.9244,125.2592,0.0206,0.0259,0.0291,62.0868,27.615,-57.4145,111.9026,25.3644
2025-01-01 03:08:10,0.8823,0.9427,2.0666,2.7515,28.6696,49.9244,125.2592,0.0206,0.0259,0.0291,62.0868,27.5148,-57.4145,111.9026,25.3644
2025-01-01 03:08:20,0.8823,0.9427,2.0666,2.7515,28.6696,49.9244,125.2592,0.0206,0.0259,0.0305,62.0868,27.5148,-57.4145,111.9026,25.3644
2025-01-01 03:08:30,0.8823,0.9135,2.0666,2.7515,28.6696,49.9244,125.2592,0.0206,0.0259,0.0305,62.0868,27.5148,-57.4145,111.9026,25.3644
2025-01-01 03:08:40,0.8823,0.9135,2.0666,2.7515,28.6696,49.9244,128.697,0.0206,0.0259,0.0305,62.0868,27.5148,-57.4145,111.9026,25.3644
2025-01-01 03:08:50,0.8823,0.9135,1.8459,2.7515,28.6696,49.9244,128.697,0.0206,0.0259,0.0305,62.0868,27.5148,-57.4145,111.9026,25.3644
2025-01-01 03:09:00,0.8823,0.9135,1.8459,2.7515,28.6696,49.9244,128.697,0.0181,0.0259,0.0305,62.0868,27.5148,-57.4145,111.9026,25.3644
2025-01-01 03:09:10,1.4725,0.9135,1.8459,2.7515,28.6696,49.9244,128.697,0.0181,0.0259,0.0305,62.0868,27.5148,-57.4145,111.9026,25.3644
2025-01-01 03:09:20,1.4725,0.9135,1.8459,2.7515,28.6696,49.9244,128.697,0.0167,0.0259,0.0305,62.0868,27.5148,-57.4145,111.9026,25.3644
2025-01-01 03:09:30,1.2229,0.9135,1.8459,2.7515,28.6696,49.9244,128.697,0.0167,0.0259,0.0305,62.0868,27.5148,-57.4145,111.9026,25.3644
2025-01-01 03:09:40,1.2229,0.9135,1.8459,2.7515,28.4524,49.9244,128.697,0.0167,0.0259,0.0305,62.0868,27.5148,-57.4145,111.9026,25.3644
2025-01-01 03:09:50,1.2229,0.9135,2.2048,2.7515,28.4524,49.9244,128.697,0.0167,0.0259,0.0305,62.0868,27.5148,-57.4145,111.9026,25.3644
2025-01-01 03:10:00,1.0306,0.9135,2.2048,2.7515,28.4524,49.9244,128.697,0.0167,0.0259,0.0305,62.0868,27.5148,-57.4145,111.9026,25.3644
2025-01-01 03:10:10,1.0306,0.9135,2.2048,2.7515,28.6102,49.9244,128.697,0.0167,0.0259,0.0305,62.0868,27.5148,-57.4145,111.9026,25.3644
2025-01-01 03:10:20,1.0306,0.9317,2.2048,2.7515,28.6102,49.9244,128.697,0.0167,0.0259,0.0305,62.0868,27.5148,-57.4145,111.9026,25.3644
2025-01-01 03:10:30,1.0306,0.9317,2.2048,2.7515,28.6102,49.9244,128.697,0.0167,0.0255,0.0305,62.0868,27.5148,-57.4145,111.9026,25.3644
2025-01-01 03:10:40,1.0306,0.9317,2.2048,2.7515,28.4128,49.9244,128.697,0.0167,0.0255,0.0305,62.0868,27.5148,-57.4145,111.9026,25.3644
2025-01-01 03:10:50,1.0306,0.9317,2.2048,2.7515,28.4128,49.9244,128.697,0.0167,0.0252,0.0305,62.0868,27.5148,-57.4145,111.9026,25.3644
2025-01-01 03:11:00,1.0306,0.9317,2.2048,2.8691,28.4128,49.9244,128.697,0.0167,0.0252,0.0305,62.0868,27.5148,-57.4145,111.9026,25.3644
2025-01-01 03:11:10,1.0306,0.9317,2.2048,2.99,28.4128,49.9244,128.697,0.0167,0.0252,0.0305,62.0868,27.5148,-57.4145,111.9026,25.3644
2025-01-01 03:11:20,1.0306,0.9317,2.2048,2.99,28.4128,49.9244,128.697,0.0167,0.027,0.0305,62.0868,27.5148,-57.4145,111.9026,25.3644
2025-01-01 03:11:30,1.0306,0.9317,2.2048,3.0864,28.4128,49.9244,128.697,0.0167,0.027,0.0305,62.0868,27.5148,-57.4145,111.9026,25.3644
2025-01-01 03:11:40,1.0306,0.9317,2.2048,3.0864,28.4128,49.9244,128.697,0.0167,0.027,0.0305,62.0868,27.5148,-57.4145,111.1595,25.3644
2025-01-01 03:11:50,1.0306,1.4038,2.2048,3.0864,28.4128,49.9244,128.697,0.0167,0.027,0.0305,62.0868,27.5148,-57.4145,111.1595,25.3644
2025-01-01 03:12:00,1.0306,1.4038,2.2048,3.0864,28.4128,49.9244,128.697,0.0167,0.027,0.0305,62.0868,28.1797,-57.4145,111.1595,25.3644
2025-01-01 03:12:10,1.0306,1.4038,2.51,3.0864,28.4128,49.9244,128.697,0.0167,0.027,0.0305,62.0868,28.1797,-57.4145,111.1595,25.3644
2025-01-01 03:12:20,1.0306,1.4038,2.51,3.0864,28.4128,49.9244,128.697,0.0167,0.027,0.0305,62.0868,28.1797,-57.4145,108.6354,25.3644
2025-01-01 03:12:30,1.0306,1.4038,2.51,3.0864,28.4128,49.1652,128.697,0.0167,0.027,0.0305,62.0868,28.1797,-57.4145,108.6354,25.3644
2025-01-01 03:12:40,1.0306,1.4038,3.0635,3.0864,28.4128,49.1652,128.697,0.0167,0.027,0.0305,62.0868,28.1797,-57.4145,108.6354,25.3644
2025-01-01 03:12:50,1.0306,1.4038,3.0635,3.0864,28.4128,49.1652,128.697,0.0167,0.021,0.0305,62.0868,28.1797,-57.4145,108.6354,25.3644
2025-01-01 03:13:00,1.0306,1.4038,3.0635,3.0864,28.4128,49.1652,128.697,0.0167,0.021,0.0305,62.0868,27.6449,-57.4145,108.6354,25.3644
2025-01-01 03:13:10,1.0306,1.4038,3.0635,3.0864,28.4128,49.1652,128.697,0.0167,0.0236,0.0305,62.0868,27.6449,-57.4145,108.6354,25.3644
2025-01-01 03:13:20,1.0306,1.4038,3.0635,3.0864,28.4128,49.6076,128.697,0.0167,0.0236,0.0305,62.0868,27.6449,-57.4145,108.6354,25.3644
2025-01-01 03:13:30,1.096,1.4038,3.0635,3.0864,28.4128,49.6076,128.697,0.0167,0.0236,0.0305,62.0868,27.6449,-57.4145,108.6354,25.3644
2025-01-01 03:13:40,1.096,1.1705,3.0635,3.0864,28.4128,49.6076,128.697,0.0167,0.0236,0.0305,62.0868,27.6449,-57.4145,108.6354,25.3644
2025-01-01 03:13:50,1.096,1.1705,3.0635,3.0864,28.4892,49.6076,128.697,0.0167,0.0236,0.0305,62.0868,27.6449,-57.4145,108.6354,25.3644
2025-01-01 03:14:00,1.096,1.1705,1.9987,3.0864,28.4892,49.6076,128.697,0.0167,0.0236,0.0305,62.0868,27.6449,-57.4145,108.6354,25.3644
2025-01-01 03:14:10,1.096,1.1705,1.9987,3.0864,28.4892,49.9661,128.697,0.0167,0.0236,0.0305,62.0868,27.6449,-57.4145,108.6354,25.3644
2025-01-01 03:14:20,1.096,1.1705,1.9987,3.0864,28.4892,49.9661,128.697,0.0167,0.0236,0.0227,62.0868,27.6449,-57.4145,108.6354,25.3644
2025-01-01 03:14:30,1.096,1.1705,1.9987,3.0864,28.4892,49.9661,128.697,0.0167,0.0236,0.0227,62.0868,27.6449,-57.4145,112.2425,25.3644
2025-01-01 03:14:40,1.096,1.1705,1.9987,3.0864,28.4892,49.9661,128.697,0.0157,0.0236,0.0227,62.0868,27.6449,-57.4145,112.2425,25.3644
2025-01-01 03:14:50,1.096,1.1705,1.9987,3.0864,28.4892,49.9661,128.697,0.0157,0.0236,0.0227,62.0868,27.6449,-57.4145,112.2425,25.5874
2025-01-01 03:15:00,1.3696,1.1705,1.9987,3.0864,28.4892,49.9661,128.697,0.0157,0.0236,0.0227,62.0868,27.6449,-57.4145,112.2425,25.5874
2025-01-01 03:15:10,1.3696,1.1705,1.9987,3.0864,28.4892,49.9661,128.697,0.0157,0.0236,0.0303,62.0868,27.6449,-57.4145,112.2425,25.5874
2025-01-01 03:15:20,1.1483,1.1705,1.9987,3.0864,28.4892,49.9661,128.697,0.0157,0.0236,0.0303,62.0868,27.6449,-57.4145,112.2425,25.5874
2025-01-01 03:15:30,1.1483,0.957,1.9987,3.0864,28.4892,49.9661,128.697,0.0157,0.0236,0.0303,62.0868,27.6449,-57.4145,112.2425,25.5874
2025-01-01 03:15:40,1.1483,0.957,1.9987,3.0462,28.4892,49.9661,128.697,0.0157,0.0236,0.0303,62.0868,27.6449,-57.4145,112.2425,25.5874
2025-01-01 03:15:50,1.1483,0.957,1.9987,3.0462,28.4892,49.9661,128.697,0.0157,0.0236,0.0303,62.0868,27.6449,-57.4145,112.2425,25.0657
2025-01-01 03:16:00,1.1483,0.957,1.9987,3.0812,28.4892,49.9661,128.697,0.0157,0.0236,0.0303,62.0868,27.6449,-57.4145,112.2425,25.0657
2025-01-01 03:16:10,1.1483,0.957,1.9987,3.0812,28.4892,49.9661,128.697,0.0157,0.0236,0.0303,62.0868,27.6449,-57.4145,109.1024,25.0657
2025-01-01 03:16:20,1.1483,0.957,1.9987,3.0812,28.4892,49.9661,128.697,0.0157,0.0236,0.0303,62.0868,27.6449,-58.0328,109.1024,25.0657
2025-01-01 03:16:30,1.1483,0.9153,1.9987,3.0812,28.4892,49.9661,128.697,0.0157,0.0236,0.0303,62.0868,27.6449,-58.0328,109.1024,25.0657
2025-01-01 03:16:40,1.1483,0.9153,1.9987,3.0812,28.4892,49.9661,128.697,0.0288,0.0236,0.0303,62.0868,27.6449,-58.0328,109.1024,25.0657
2025-01-01 03:16:50,1.1483,0.9153,1.9987,3.0812,28.4892,49.9661,128.697,0.0277,0.0236,0.0303,62.0868,27.6449,-58.0328,109.1024,25.0657
2025-01-01 03:17:00,1.1483,0.9153,1.9987,3.0812,28.4892,49.1224,128.697,0.0277,0.0236,0.0303,62.0868,27.6449,-58.0328,109.1024,25.0657
2025-01-01 03:17:10,1.1483,0.9153,1.9987,3.0812,28.6125,49.1224,128.697,0.0277,0.0236,0.0303,62.0868,27.6449,-58.0328,109.1024,25.0657
2025-01-01 03:17:20,1.1483,0.9153,1.9987,3.0812,28.6125,49.1224,128.697,0.0277,0.0236,0.0303,62.0868,26.9625,-58.0328,109.1024,25.0657
2025-01-01 03:17:30,1.1483,0.9153,1.9987,3.0812,28.6125,49.1224,124.7116,0.0277,0.0236,0.0303,62.0868,26.9625,-58.0328,109.1024,25.0657
2025-01-01 03:17:40,1.1483,0.9153,1.9987,3.0812,28.6125,49.1224,124.7116,0.0277,0.0236,0.0303,63.0606,26.9625,-58.0328,109.1024,25.0657
2025-01-01 03:17:50,1.1483,0.9153,1.9987,3.0812,28.6125,49.1224,124.7116,0.0277,0.0236,0.0303,63.0606,26.9625,-58.0328,108.4239,25.0657
2025-01-01 03:18:00,1.1483,0.9153,1.9987,3.0812,28.4461,49.1224,124.7116,0.0277,0.0236,0.0303,63.0606,26.9625,-58.0328,108.4239,25.0657
2025-01-01 03:18:10,1.1483,0.9153,1.9987,3.0812,28.4461,49.1224,124.7116,0.0277,0.0236,0.0303,63.0606,26.9625,-58.0328,107.4562,25.0657
2025-01-01 03:18:20,1.1483,0.9153,1.9987,3.0812,28.4461,49.1224,124.7116,0.0277,0.0236,0.0303,60.5906,26.9625,-58.0328,107.4562,25.0657
2025-01-01 03:18:30,1.1483,0.9153,1.9987,3.0812,28.4461,49.1224,124.7116,0.0277,0.0199,0.0303,60.5906,26.9625,-58.0328,107.4562,25.0657
2025-01-01 03:18:40,1.1483,0.9153,1.9987,3.0273,28.4461,49.1224,124.7116,0.0277,0.0199,0.0303,60.5906,26.9625,-58.0328,107.4562,25.0657
2025-01-01 03:18:50,0.9117,0.9153,1.9987,3.0273,28.4461,49.1224,124.7116,0.0277,0.0199,0.0303,60.5906,26.9625,-58.0328,107.4562,25.0657
2025-01-01 03:19:00,0.9117,0.9153,1.9987,3.0273,28.4461,49.1224,124.7116,0.0277,0.0199,0.0303,60.5906,26.9625,-57.1035,107.4562,25.0657
2025-01-01 03:19:10,1.144,0.9153,1.9987,3.0273,28.4461,49.1224,124.7116,0.0277,0.0199,0.0303,60.5906,26.9625,-57.1035,107.4562,25.0657
2025-01-01 03:19:20,1.144,0.9153,1.9987,3.0273,28.4461,49.1224,124.7116,0.0286,0.0199,0.0303,60.5906,26.9625,-57.1035,107.4562,25.0657
2025-01-01 03:19:30,1.144,0.9153,1.9987,3.0273,28.4461,49.1224,124.7116,0.0286,0.0199,0.0303,60.5906,26.9625,-57.1035,107.4562,25.211
2025-01-01 03:19:40,1.144,0.9153,1.9987,3.0273,28.4461,49.1224,124.7116,0.0286,0.0199,0.0303,60.5906,26.9625,-57.1035,107.4562,24.6827
2025-01-01 03:19:50,1.144,0.9153,1.9987,3.0273,28.4461,49.1224,124.7116,0.0286,0.0199,0.0303,60.5906,26.9625,-57.1035,107.4562,25.5756
2025-01-01 03:20:00,1.144,1.0468,1.9987,3.0273,28.4461,49.1224,124.7116,0.0286,0.0199,0.0303,60.5906,26.9625,-57.1035,107.4562,25.5756
2025-01-01 03:20:10,1.144,1.0468,1.9987,3.0273,28.4461,49.1224,124.7116,0.0286,0.0199,0.0303,60.5906,26.9625,-57.1035,109.0629,25.5756
2025-01-01 03:20:20,1.144,1.0468,1.9987,3.0273,28.4461,50.2401,124.7116,0.0286,0.0199,0.0303,60.5906,26.9625,-57.1035,109.0629,25.5756
2025-01-01 03:20:30,1.144,1.0468,1.9987,3.0413,28.4461,50.2401,124.7116,0.0286,0.0199,0.0303,60.5906,26.9625,-57.1035,109.0629,25.5756
2025-01-01 03:20:40,1.144,1.0468,1.9248,3.0413,28.4461,50.2401,124.7116,0.0286,0.0199,0.0303,60.5906,26.9625,-57.1035,109.0629,25.5756
2025-01-01 03:20:50,1.144,1.0468,1.9248,3.0413,28.4461,50.2401,124.7116,0.0286,0.035,0.0303,60.5906,26.9625,-57.1035,109.0629,25.5756
2025-01-01 03:21:00,1.144,1.0468,1.9248,3.0413,28.4889,50.2401,124.7116,0.0286,0.035,0.0303,60.5906,26.9625,-57.1035,109.0629,25.5756
2025-01-01 03:21:10,1.144,1.0468,1.9248,3.0413,28.4889,50.2401,124.7116,0.0286,0.035,0.0303,60.5906,28.1089,-57.1035,109.0629,25.5756
2025-01-01 03:21:20,1.144,1.0468,1.9248,3.0413,28.4889,50.2401,124.7116,0.0286,0.035,0.0303,60.5906,28.1089,-58.866,109.0629,25.5756
2025-01-01 03:21:30,1.144,1.0468,1.9248,3.0318,28.4889,50.2401,124.7116,0.0286,0.035,0.0303,60.5906,28.1089,-58.866,109.0629,25.5756
2025-01-01 03:21:40,1.144,1.0468,1.9248,2.9071,28.4889,50.2401,124.7116,0.0286,0.035,0.0303,60.5906,28.1089,-58.866,109.0629,25.5756
2025-01-01 03:21:50,1.144,1.0468,1.9248,2.9071,28.4889,50.4978,124.7116,0.0286,0.035,0.0303,60.5906,28.1089,-58.866,109.0629,25.5756
2025-01-01 03:22:00,1.144,1.0468,1.9248,2.9071,28.4889,50.4978,124.7116,0.0286,0.035,0.0303,60.5906,28.1089,-58.866,109.0629,25.385
2025-01-01 03:22:10,1.144,1.0468,2.2002,2.9071,28.4889,50.4978,124.7116,0.0286,0.035,0.0303,60.5906,28.1089,-58.866,109.0629,25.385
2025-01-01 03:22:20,0.88,1.0468,2.2002,2.9071,28.4889,50.4978,124.7116,0.0286,0.035,0.0303,60.5906,28.1089,-58.866,109.0629,25.385
2025-01-01 03:22:30,0.88,1.0468,2.2002,2.9071,28.4889,50.4978,124.7116,0.0189,0.035,0.0303,60.5906,28.1089,-58.866,109.0629,25.385
2025-01-01 03:22:40,0.88,1.0468,2.2002,2.9071,28.4889,50.4978,124.7116,0.0189,0.035,0.0303,60.5906,28.1089,-58.866,108.9846,25.385
2025-01-01 03:22:50,0.88,1.0468,2.2002,2.9071,28.4889,51.4397,124.7116,0.0189,0.035,0.0303,60.5906,28.1089,-58.866,108.9846,25.385
2025-01-01 03:23:00,0.88,1.0468,2.2002,2.9071,28.4889,51.4397,123.9861,0.0189,0.035,0.0303,60.5906,28.1089,-58.866,108.9846,25.385
2025-01-01 03:23:10,1.0593,1.0468,2.2002,2.9071,28.4889,51.4397,123.9861,0.0189,0.035,0.0303,60.5906,28.1089,-58.866,108.9846,25.385
2025-01-01 03:23:20,1.0593,1.0468,2.2002,2.9071,28.4889,51.4397,123.9861,0.0189,0.035,0.0303,60.5906,28.1089,-58.866,111.7114,25.385
2025-01-01 03:23:30,1.0593,1.0468,2.2002,2.9071,28.4889,51.4397,123.9861,0.0189,0.035,0.0303,60.5906,28.1089,-56.9857,111.7114,25.385
2025-01-01 03:23:40,1.0593,1.0468,2.2002,2.9071,28.4889,51.4397,123.9861,0.0189,0.035,0.0231,60.5906,28.1089,-56.9857,111.7114,25.385
2025-01-01 03:23:50,1.0593,1.0468,2.2002,2.9071,28.4889,51.4397,119.2923,0.0189,0.035,0.0231,60.5906,28.1089,-56.9857,111.7114,25.385
2025-01-01 03:24:00,1.0593,1.0468,2.2002,2.9071,28.4889,51.4397,119.2923,0.0189,0.0221,0.0231,60.5906,28.1089,-56.9857,111.7114,25.385
2025-01-01 03:24:10,1.0593,1.0468,2.2002,2.9071,28.4889,51.4397,118.3826,0.0189,0.0221,0.0231,60.5906,28.1089,-56.9857,111.7114,25.385
2025-01-01 03:24:20,1.0593,1.0468,2.2002,2.9071,28.4889,51.4397,118.3826,0.0189,0.0221,0.0231,60.5906,28.1089,-56.9857,112.6106,25.385
2025-01-01 03:24:30,1.0593,1.0468,2.2002,2.9071,28.4889,51.4397,118.3826,0.0189,0.0221,0.0231,60.5906,28.1089,-58.069,112.6106,25.385
2025-01-01 03:24:40,1.0593,1.0468,2.2002,2.9071,28.4889,49.9487,118.3826,0.0189,0.0221,0.0231,60.5906,28.1089,-58.069,112.6106,25.385
2025-01-01 03:24:50,1.0593,1.0468,2.2002,2.9071,28.4889,49.9487,123.4765,0.0189,0.0221,0.0231,60.5906,28.1089,-58.069,112.6106,25.385
2025-01-01 03:25:00,1.0593,1.0468,2.7696,2.9071,28.4889,49.9487,123.4765,0.0189,0.0221,0.0231,60.5906,28.1089,-58.069,112.6106,25.385
2025-01-01 03:25:10,1.0593,1.0468,2.7696,2.9071,28.4889,49.9487,123.4765,0.0189,0.0221,0.0231,60.5906,28.1089,-58.069,112.6106,25.9417
2025-01-01 03:25:20,1.0593,1.0468,2.7696,2.9071,28.4889,50.0376,123.4765,0.0189,0.0221,0.0231,60.5906,28.1089,-58.069,112.6106,25.9417
2025-01-01 03:25:30,1.0306,1.0468,2.7696,2.9071,28.4889,50.0376,123.4765,0.0189,0.0221,0.0231,60.5906,28.1089,-58.069,112.6106,25.9417
2025-01-01 03:25:40,1.0306,1.0468,2.7696,2.9071,28.4889,50.0376,123.4765,0.0189,0.0221,0.0231,60.5906,28.1089,-56.6475,112.6106,25.9417
2025-01-01 03:25:50,1.0306,1.0468,2.7696,2.9071,28.4889,50.0376,123.4765,0.0189,0.0221,0.0231,60.5906,28.1089,-56.6475,114.4672,25.9417
2025-01-01 03:26:00,1.0306,1.0468,2.7696,2.9071,28.4889,50.0376,123.4765,0.0189,0.0221,0.0231,60.5906,26.7638,-56.6475,114.4672,25.9417
2025-01-01 03:26:10,1.0306,1.0468,2.7696,2.9071,28.4889,50.0376,123.4765,0.0237,0.0221,0.0231,60.5906,26.7638,-56.6475,114.4672,25.9417
2025-01-01 03:26:20,1.0306,1.0468,2.7696,2.9071,28.4889,50.0376,123.4765,0.0237,0.0221,0.0231,62.3193,26.7638,-56.6475,114.4672,25.9417
2025-01-01 03:26:30,0.9562,1.0468,2.7696,2.9071,28.4889,50.0376,123.4765,0.0237,0.0221,0.0231,62.3193,26.7638,-56.6475,114.4672,25.9417
2025-01-01 03:26:40,0.9562,1.0468,2.7696,2.9071,28.3114,50.0376,123.4765,0.0237,0.0221,0.0231,62.3193,26.7638,-56.6475,114.4672,25.9417
2025-01-01 03:26:50,0.9562,1.0468,2.7696,2.9071,28.3114,50.0376,123.4765,0.0237,0.0221,0.0231,62.3193,26.7638,-57.9449,114.4672,25.9417
2025-01-01 03:27:00,0.9562,1.0468,2.7696,2.9071,28.3114,50.0376,123.4765,0.0197,0.0221,0.0231,62.3193,26.7638,-57.9449,114.4672,25.9417
2025-01-01 03:27:10,0.9562,1.0468,2.7696,2.9071,28.3114,50.0376,119.66,0.0197,0.0221,0.0231,62.3193,26.7638,-57.9449,114.4672,25.9417
2025-01-01 03:27:20,1.0856,1.0468,2.7696,2.9071,28.3114,50.0376,119.66,0.0197,0.0221,0.0231,62.3193,26.7638,-57.9449,114.4672,25.9417
2025-01-01 03:27:30,1.0856,1.0468,2.7696,2.9071,28.3114,50.0376,129.4952,0.0197,0.0221,0.0231,62.3193,26.7638,-57.9449,114.4672,25.9417
2025-01-01 03:27:40,1.0856,1.0468,2.7696,2.9071,28.3114,50.0376,129.4952,0.0197,0.0245,0.0231,62.3193,26.7638,-57.9449,114.4672,25.9417
2025-01-01 03:27:50,1.0856,1.0468,2.7696,2.9071,28.4831,50.0376,129.4952,0.0197,0.0245,0.0231,62.3193,26.7638,-57.9449,114.4672,25.9417
2025-01-01 03:28:00,1.0856,1.0468,2.7696,2.9071,28.4831,50.0376,116.8699,0.0197,0.0245,0.0231,62.3193,26.7638,-57.9449,114.4672,25.9417
2025-01-01 03:28:10,1.0856,1.0468,2.7696,2.9071,28.4831,50.0376,122.5207,0.0197,0.0245,0.0231,62.3193,26.7638,-57.9449,114.4672,25.9417
2025-01-01 03:28:20,1.0856,1.0468,2.7696,3.1861,28.4831,50.0376,122.5207,0.0197,0.0245,0.0231,62.3193,26.7638,-57.9449,114.4672,25.9417
2025-01-01 03:28:30,1.0856,1.0468,2.7696,3.1861,28.4831,50.8593,122.5207,0.0197,0.0245,0.0231,62.3193,26.7638,-57.9449,114.4672,25.9417
2025-01-01 03:28:40,1.0856,1.0468,2.7696,3.1861,28.4831,50.8593,122.5207,0.0204,0.0245,0.0231,62.3193,26.7638,-57.9449,114.4672,25.9417
2025-01-01 03:28:50,1.0856,1.0468,2.7696,3.1861,28.4831,50.8593,122.5207,0.0204,0.0245,0.0231,62.8575,26.7638,-57.9449,114.4672,25.9417
2025-01-01 03:29:00,1.053,1.0468,2.7696,3.1861,28.4831,50.8593,122.5207,0.0204,0.0245,0.0231,62.8575,26.7638,-57.9449,114.4672,25.9417
2025-01-01 03:29:10,1.053,1.0468,2.7696,3.1861,28.5642,50.8593,122.5207,0.0204,0.0245,0.0231,62.8575,26.7638,-57.9449,114.4672,25.9417
2025-01-01 03:29:20,1.053,1.0468,2.7696,3.0189,28.5642,50.8593,122.5207,0.0204,0.0245,0.0231,62.8575,26.7638,-57.9449,114.4672,25.9417
2025-01-01 03:29:30,1.053,1.0468,2.7696,3.0189,28.5642,50.8593,122.5207,0.0204,0.0245,0.0231,64.0013,26.7638,-57.9449,114.4672,25.9417
2025-01-01 03:29:40,1.053,1.0468,2.7696,3.0189,28.5642,50.8593,122.5207,0.0204,0.0245,0.0159,64.0013,26.7638,-57.9449,114.4672,25.9417
2025-01-01 03:29:50,1.053,1.0468,2.7696,3.0189,28.5642,50.8593,122.5207,0.0204,0.0245,0.0159,64.0013,26.7638,-57.9449,114.4672,25.1559
2025-01-01 03:30:00,1.053,1.0468,2.7696,3.0189,28.5642,50.8593,127.554,0.0204,0.0245,0.0159,64.0013,26.7638,-57.9449,114.4672,25.1559
2025-01-01 03:30:10,1.053,1.0468,3.1866,3.0189,28.5642,50.8593,127.554,0.0204,0.0245,0.0159,64.0013,26.7638,-57.9449,114.4672,25.1559
2025-01-01 03:30:20,1.053,1.0468,3.1866,3.0189,28.5642,52.1046,127.554,0.0204,0.0245,0.0159,64.0013,26.7638,-57.9449,114.4672,25.1559
2025-01-01 03:30:30,1.053,1.0468,3.1866,3.0189,28.5642,52.1046,127.554,0.0204,0.0245,0.0159,64.0013,26.7638,-57.9449,107.7726,25.1559
2025-01-01 03:30:40,1.053,1.0468,3.1866,3.0189,28.5642,52.1046,127.554,0.0204,0.0332,0.0159,64.0013,26.7638,-57.9449,107.7726,25.1559
2025-01-01 03:30:50,1.053,1.0468,3.1866,3.0189,28.5642,50.7412,127.554,0.0204,0.0332,0.0159,64.0013,26.7638,-57.9449,107.7726,25.1559
2025-01-01 03:31:00,1.053,1.0468,3.1866,3.0189,28.5642,50.7412,127.554,0.0204,0.0332,0.0202,64.0013,26.7638,-57.9449,107.7726,25.1559
2025-01-01 03:31:10,1.053,1.0468,3.1866,3.0189,28.5642,50.7412,127.554,0.0204,0.0251,0.0202,64.0013,26.7638,-57.9449,107.7726,25.1559
2025-01-01 03:31:20,1.053,1.0468,3.1866,3.0189,28.5642,50.7412,127.554,0.0204,0.0251,0.0202,64.0013,26.7638,-57.9449,107.7726,26.5848
2025-01-01 03:31:30,1.053,1.0468,3.1866,2.9823,28.5642,50.7412,127.554,0.0204,0.0251,0.0202,64.0013,26.7638,-57.9449,107.7726,26.5848
2025-01-01 03:31:40,1.053,1.2955,3.1866,2.9823,28.5642,50.7412,127.554,0.0204,0.0251,0.0202,64.0013,26.7638,-57.9449,107.7726,26.5848
2025-01-01 03:31:50,1.053,1.2955,3.1866,2.9823,28.5609,50.7412,127.554,0.0204,0.0251,0.0202,64.0013,26.7638,-57.9449,107.7726,26.5848
2025-01-01 03:32:00,1.053,0.8751,3.1866,2.9823,28.5609,50.7412,127.554,0.0204,0.0251,0.0202,64.0013,26.7638,-57.9449,107.7726,26.5848
2025-01-01 03:32:10,1.0385,0.8751,3.1866,2.9823,28.5609,50.7412,127.554,0.0204,0.0251,0.0202,64.0013,26.7638,-57.9449,107.7726,26.5848
2025-01-01 03:32:20,1.0385,0.8751,3.1866,2.9558,28.5609,50.7412,127.554,0.0204,0.0251,0.0202,64.0013,26.7638,-57.9449,107.7726,26.5848
2025-01-01 03:32:30,1.0385,0.8751,1.3949,2.9558,28.5609,50.7412,127.554,0.0204,0.0251,0.0202,64.0013,26.7638,-57.9449,107.7726,26.5848
2025-01-01 03:32:40,1.0385,0.8751,1.3949,2.9558,28.5609,50.7412,127.554,0.0204,0.0251,0.0202,64.0013,26.7638,-58.148,107.7726,26.5848
2025-01-01 03:32:50,1.0385,0.8751,1.3949,2.9558,28.4305,50.7412,127.554,0.0204,0.0251,0.0202,64.0013,26.7638,-58.148,107.7726,26.5848
2025-01-01 03:33:00,0.9553,0.8751,1.3949,2.9558,28.4305,50.7412,127.554,0.0204,0.0251,0.0202,64.0013,26.7638,-58.148,107.7726,26.5848
2025-01-01 03:33:10,0.9553,0.5858,1.3949,2.9558,28.4305,50.7412,127.554,0.0204,0.0251,0.0202,64.0013,26.7638,-58.148,107.7726,26.5848
2025-01-01 03:33:20,0.9553,0.5858,1.3949,2.9558,28.4305,50.7412,117.4586,0.0204,0.0251,0.0202,64.0013,26.7638,-58.148,107.7726,26.5848
2025-01-01 03:33:30,0.9553,1.1513,1.3949,2.9558,28.4305,50.7412,117.4586,0.0204,0.0251,0.0202,64.0013,26.7638,-58.148,107.7726,26.5848
2025-01-01 03:33:40,0.9553,1.1513,1.3949,2.9558,28.4791,50.7412,117.4586,0.0204,0.0251,0.0202,64.0013,26.7638,-58.148,107.7726,26.5848
2025-01-01 03:33:50,0.9553,1.1513,1.3949,2.9558,28.4791,50.7412,125.0128,0.0204,0.0251,0.0202,64.0013,26.7638,-58.148,107.7726,26.5848
2025-01-01 03:34:00,0.9553,1.1513,1.3949,2.9558,28.4686,50.7412,125.0128,0.0204,0.0251,0.0202,64.0013,26.7638,-58.148,107.7726,26.5848
2025-01-01 03:34:10,0.9553,1.1513,1.3949,2.9558,28.4686,50.7412,125.0128,0.0212,0.0251,0.0202,64.0013,26.7638,-58.148,107.7726,26.5848
2025-01-01 03:34:20,0.9553,1.1513,1.3949,2.9558,28.4686,50.7412,125.0128,0.0274,0.0251,0.0202,64.0013,26.7638,-58.148,107.7726,26.5848
2025-01-01 03:34:30,0.9553,1.1513,1.3949,2.9558,28.4686,50.7412,125.0128,0.0274,0.0251,0.0202,64.0013,26.7638,-53.4118,107.7726,26.5848
2025-01-01 03:34:40,0.9553,1.1513,1.3949,2.9558,28.4686,50.7412,125.0128,0.0274,0.0242,0.0202,64.0013,26.7638,-53.4118,107.7726,26.5848
2025-01-01 03:34:50,0.9553,1.1513,1.3949,2.9558,28.4686,50.7412,125.0128,0.0283,0.0242,0.0202,64.0013,26.7638,-53.4118,107.7726,26.5848
2025-01-01 03:35:00,0.9553,1.1513,1.3949,2.9558,28.4107,50.7412,125.0128,0.0283,0.0242,0.0202,64.0013,26.7638,-53.4118,107.7726,26.5848
2025-01-01 03:35:10,0.9553,1.1513,1.3949,2.9558,28.4107,50.7412,125.0128,0.0283,0.0242,0.0202,64.0013,26.7638,-53.4118,110.5241,26.5848
2025-01-01 03:35:20,0.9553,1.1513,1.3949,2.9558,28.4107,50.7412,125.0128,0.0283,0.0242,0.0202,64.0013,26.7638,-55.8964,110.5241,26.5848
2025-01-01 03:35:30,0.9553,1.1513,1.3949,2.9558,28.4107,50.7412,125.0128,0.0283,0.0242,0.0202,62.521,26.7638,-55.8964,110.5241,26.5848
2025-01-01 03:35:40,0.9553,1.1513,1.3949,2.9558,28.4107,50.7412,125.0128,0.0283,0.0242,0.0202,62.521,26.7638,-57.6076,110.5241,26.5848
2025-01-01 03:35:50,0.9553,1.1513,1.3949,2.9558,28.4107,50.7412,125.0128,0.0283,0.0242,0.0202,62.521,27.2009,-57.6076,110.5241,26.5848
2025-01-01 03:36:00,0.9553,1.1513,1.3949,2.9558,28.4107,50.7412,123.1104,0.0283,0.0242,0.0202,62.521,27.2009,-57.6076,110.5241,26.5848
2025-01-01 03:36:10,0.9553,1.1513,1.3949,2.9558,28.4107,50.7412,123.1104,0.0283,0.0242,0.0202,62.521,27.2009,-57.6076,107.7355,26.5848
2025-01-01 03:36:20,0.9553,1.1513,1.3949,2.9558,28.4107,50.7412,123.1104,0.0283,0.0242,0.0202,62.521,27.2009,-57.6076,107.7355,25.6674
2025-01-01 03:36:30,0.9553,1.1513,1.3949,2.9558,28.4107,50.7412,123.1104,0.0283,0.0242,0.0202,63.6391,27.2009,-57.6076,107.7355,25.6674
2025-01-01 03:36:40,0.9553,1.1513,1.3949,2.9558,28.4107,50.7412,123.1104,0.0283,0.0242,0.0202,63.6391,27.2009,-57.6076,107.7355,24.896
2025-01-01 03:36:50,0.9553,1.1513,3.0095,2.9558,28.4107,50.7412,123.1104,0.0283,0.0242,0.0202,63.6391,27.2009,-57.6076,107.7355,24.896
2025-01-01 03:37:00,0.9553,1.1513,3.0095,2.9558,28.4107,50.7412,123.1104,0.0283,0.0242,0.029,63.6391,27.2009,-57.6076,107.7355,24.896
2025-01-01 03:37:10,0.9553,1.1513,3.0095,2.9558,28.5524,50.7412,123.1104,0.0283,0.0242,0.029,63.6391,27.2009,-57.6076,107.7355,24.896
2025-01-01 03:37:20,0.9553,1.1513,3.0095,2.9558,28.5524,50.7412,123.1104,0.0283,0.0242,0.029,63.6391,27.3057,-57.6076,107.7355,24.896
2025-01-01 03:37:30,0.9553,1.1513,3.0095,2.9558,28.5524,50.5638,123.1104,0.0283,0.0242,0.029,63.6391,27.3057,-57.6076,107.7355,24.896
2025-01-01 03:37:40,0.9553,1.1513,3.0095,2.9558,28.5524,50.5638,127.8778,0.0283,0.0242,0.029,63.6391,27.3057,-57.6076,107.7355,24.896
2025-01-01 03:37:50,0.9553,1.1513,3.0095,2.9558,28.5524,50.5638,127.8778,0.0304,0.0242,0.029,63.6391,27.3057,-57.6076,107.7355,24.896
2025-01-01 03:38:00,0.9553,1.1513,3.0095,2.9558,28.5524,50.5638,127.8778,0.0304,0.0242,0.029,63.6391,27.3057,-57.6076,112.2375,24.896
2025-01-01 03:38:10,0.9553,1.1513,3.0095,2.9558,28.7185,50.5638,127.8778,0.0304,0.0242,0.029,63.6391,27.3057,-57.6076,112.2375,24.896
2025-01-01 03:38:20,0.9553,1.1513,3.0095,2.9558,28.3311,50.5638,127.8778,0.0304,0.0242,0.029,63.6391,27.3057,-57.6076,112.2375,24.896
2025-01-01 03:38:30,0.8178,1.1513,3.0095,2.9558,28.3311,50.5638,127.8778,0.0304,0.0242,0.029,63.6391,27.3057,-57.6076,112.2375,24.896
2025-01-01 03:38:40,0.8178,1.1513,3.0095,2.9558,28.3311,50.5638,127.8778,0.0304,0.0242,0.0338,63.6391,27.3057,-57.6076,112.2375,24.896
2025-01-01 03:38:50,0.8178,1.1513,1.9596,2.9558,28.3311,50.5638,127.8778,0.0304,0.0242,0.0338,63.6391,27.3057,-57.6076,112.2375,24.896
2025-01-01 03:39:00,0.8178,1.1513,1.9596,3.0216,28.3311,50.5638,127.8778,0.0304,0.0242,0.0338,63.6391,27.3057,-57.6076,112.2375,24.896
2025-01-01 03:39:10,0.8178,1.1513,1.9596,3.0216,28.3311,50.5638,129.4846,0.0304,0.0242,0.0338,63.6391,27.3057,-57.6076,112.2375,24.896
2025-01-01 03:39:20,0.8178,1.1513,1.9596,2.9682,28.3311,50.5638,129.4846,0.0304,0.0242,0.0338,63.6391,27.3057,-57.6076,112.2375,24.896
2025-01-01 03:39:30,0.8178,1.1513,1.9596,2.9682,28.3311,50.5638,129.4846,0.0304,0.0233,0.0338,63.6391,27.3057,-57.6076,112.2375,24.896
2025-01-01 03:39:40,0.8178,1.1513,1.9596,2.9682,28.3311,50.5638,129.4846,0.0304,0.0233,0.0338,63.6391,27.3057,-57.2125,112.2375,24.896
2025-01-01 03:39:50,0.8178,1.1513,1.9596,2.9682,28.3311,50.5638,129.4846,0.0304,0.0233,0.0338,63.6391,27.3057,-57.2125,113.3357,24.896
2025-01-01 03:40:00,0.8178,1.1513,1.9596,2.9682,28.3311,50.5638,116.4179,0.0304,0.0233,0.0338,63.6391,27.3057,-57.2125,113.3357,24.896
2025-01-01 03:40:10,0.8178,1.1513,1.9596,2.9682,28.4335,50.5638,116.4179,0.0304,0.0233,0.0338,63.6391,27.3057,-57.2125,113.3357,24.896
2025-01-01 03:40:20,0.8178,1.1513,1.9596,2.9682,28.4335,50.5638,116.4179,0.0304,0.0233,0.0222,63.6391,27.3057,-57.2125,113.3357,24.896
2025-01-01 03:40:30,0.8178,1.1513,1.9596,2.9682,28.4335,50.5638,116.4179,0.0254,0.0233,0.0222,63.6391,27.3057,-57.2125,113.3357,24.896
2025-01-01 03:40:40,0.8178,1.1513,1.9596,2.9682,28.4335,50.5638,115.095,0.0254,0.0233,0.0222,63.6391,27.3057,-57.2125,113.3357,24.896
2025-01-01 03:40:50,0.8178,1.1513,1.9596,2.9682,28.4335,50.5638,115.095,0.0254,0.0233,0.0286,63.6391,27.3057,-57.2125,113.3357,24.896
2025-01-01 03:41:00,0.8178,1.1893,1.9596,2.9682,28.4335,50.5638,115.095,0.0254,0.0233,0.0286,63.6391,27.3057,-57.2125,113.3357,24.896
2025-01-01 03:41:10,0.8178,1.1893,1.9596,2.9682,28.4335,50.5638,115.095,0.0254,0.027,0.0286,63.6391,27.3057,-57.2125,113.3357,24.896
2025-01-01 03:41:20,0.8178,1.1893,1.9596,2.9682,28.4335,50.5638,115.095,0.0254,0.027,0.0286,63.6391,27.3057,-54.7757,113.3357,24.896
2025-01-01 03:41:30,0.8178,1.1893,1.9596,2.9682,28.4335,50.5638,115.095,0.0254,0.027,0.0211,63.6391,27.3057,-54.7757,113.3357,24.896
2025-01-01 03:41:40,1.1951,1.1893,1.9596,2.9682,28.4335,50.5638,115.095,0.0254,0.027,0.0211,63.6391,27.3057,-54.7757,113.3357,24.896
2025-01-01 03:41:50,1.1951,1.1893,1.9596,2.9682,28.4335,50.5638,115.095,0.0254,0.027,0.0211,63.6391,27.3057,-54.7757,113.3357,25.1518
2025-01-01 03:42:00,1.1951,1.1893,1.9596,2.9682,28.4335,50.5638,115.095,0.0254,0.027,0.0211,63.6391,27.3057,-54.7757,113.3357,25.7508
2025-01-01 03:42:10,1.1951,1.1893,1.9596,2.9682,28.4335,50.5638,115.095,0.0254,0.027,0.0211,63.6391,27.3057,-54.7757,113.3357,25.7308
2025-01-01 03:42:20,1.1951,1.1893,1.9596,2.9682,28.4335,50.5638,115.095,0.0254,0.027,0.0211,63.6391,27.3057,-54.7757,113.3357,25.4189
2025-01-01 03:42:30,1.1951,1.1565,1.9596,2.9682,28.4335,50.5638,115.095,0.0254,0.027,0.0211,63.6391,27.3057,-54.7757,113.3357,25.4189
2025-01-01 03:42:40,1.1951,1.1565,1.9596,2.9682,28.4335,50.5638,115.095,0.0254,0.027,0.0211,63.6391,27.3057,-60.2972,113.3357,25.4189
2025-01-01 03:42:50,1.2283,1.1565,1.9596,2.9682,28.4335,50.5638,115.095,0.0254,0.027,0.0211,63.6391,27.3057,-60.2972,113.3357,25.4189
2025-01-01 03:43:00,1.2283,1.1565,1.9596,2.9682,28.4335,50.5638,115.095,0.0254,0.03,0.0211,63.6391,27.3057,-60.2972,113.3357,25.4189
2025-01-01 03:43:10,1.2283,1.1565,1.9596,2.9682,28.4335,50.5638,115.095,0.0254,0.03,0.0305,63.6391,27.3057,-60.2972,113.3357,25.4189
2025-01-01 03:43:20,1.2283,1.1565,1.9596,2.9715,28.4335,50.5638,115.095,0.0254,0.03,0.0305,63.6391,27.3057,-60.2972,113.3357,25.4189
2025-01-01 03:43:30,1.2283,1.1565,1.9596,2.9715,28.4335,48.7529,115.095,0.0254,0.03,0.0305,63.6391,27.3057,-60.2972,113.3357,25.4189
2025-01-01 03:43:40,1.2283,1.1565,1.9596,2.9715,28.4335,48.7529,115.095,0.0233,0.03,0.0305,63.6391,27.3057,-60.2972,113.3357,25.4189
2025-01-01 03:43:50,1.2283,1.1565,1.9596,2.9715,28.4335,50.7456,115.095,0.0233,0.03,0.0305,63.6391,27.3057,-60.2972,113.3357,25.4189
2025-01-01 03:44:00,1.2283,1.1565,1.9596,2.9715,28.4335,50.7456,115.095,0.0233,0.03,0.0305,63.6391,27.3057,-60.2972,110.0295,25.4189
2025-01-01 03:44:10,1.2283,1.1565,1.9596,2.9715,28.4335,50.7456,115.095,0.0233,0.03,0.0305,63.6391,27.3057,-60.2972,110.0295,25.4015
2025-01-01 03:44:20,1.2283,1.1565,1.9596,2.9715,28.4335,50.7456,115.095,0.0233,0.03,0.0305,63.6391,27.3057,-60.2972,108.803,25.4015
2025-01-01 03:44:30,1.2283,1.1565,1.9596,2.9715,28.4335,50.7456,123.7684,0.0233,0.03,0.0305,63.6391,27.3057,-60.2972,108.803,25.4015
2025-01-01 03:44:40,1.2283,1.1565,1.9596,2.9715,28.4335,50.7456,123.7684,0.0233,0.03,0.0305,63.6391,27.3057,-55.8913,108.803,25.4015
2025-01-01 03:44:50,1.2283,1.1565,1.9596,2.9715,28.4335,50.7456,123.7684,0.0189,0.03,0.0305,63.6391,27.3057,-55.8913,108.803,25.4015
2025-01-01 03:45:00,1.2283,0.7452,1.9596,2.9715,28.4335,50.7456,123.7684,0.0189,0.03,0.0305,63.6391,27.3057,-55.8913,108.803,25.4015
2025-01-01 03:45:10,1.2283,0.7452,1.9596,2.9715,28.4335,50.7456,123.7684,0.0189,0.03,0.0305,63.6391,27.3057,-55.8913,108.803,25.1837
2025-01-01 03:45:20,1.2283,0.7452,1.9596,2.9715,28.4335,50.7456,123.7684,0.0189,0.0343,0.0305,63.6391,27.3057,-55.8913,108.803,25.1837
2025-01-01 03:45:30,1.2283,0.7452,1.9596,2.9715,28.4335,50.7456,123.7684,0.0189,0.0343,0.0305,61.7441,27.3057,-55.8913,108.803,25.1837
2025-01-01 03:45:40,1.2283,0.7452,1.9596,2.9484,28.4335,50.7456,123.7684,0.0189,0.0343,0.0305,61.7441,27.3057,-55.8913,108.803,25.1837
2025-01-01 03:45:50,1.2283,0.7452,1.9596,2.9484,28.4335,50.7456,123.7684,0.0189,0.0343,0.0305,61.7441,27.3057,-57.5869,108.803,25.1837
2025-01-01 03:46:00,1.2283,0.7452,1.9596,2.9484,28.4335,50.7456,123.7684,0.0189,0.0343,0.0305,61.7441,27.3057,-57.5869,109.7072,25.1837
2025-01-01 03:46:10,1.2283,0.7452,1.9596,2.9484,28.4335,50.7456,123.7684,0.0189,0.0343,0.0305,61.7441,27.3057,-56.9538,109.7072,25.1837
2025-01-01 03:46:20,1.2283,0.7452,1.9596,2.9484,28.4335,50.7456,124.3283,0.0189,0.0343,0.0305,61.7441,27.3057,-56.9538,109.7072,25.1837
2025-01-01 03:46:30,1.2283,0.7452,2.2916,2.9484,28.4335,50.7456,124.3283,0.0189,0.0343,0.0305,61.7441,27.3057,-56.9538,109.7072,25.1837
2025-01-01 03:46:40,1.2283,0.7452,2.2916,2.9484,28.4335,50.7456,124.3283,0.0189,0.0343,0.0305,61.7441,27.3057,-56.9538,106.2971,25.1837
2025-01-01 03:46:50,1.2283,0.7452,2.2916,2.9484,28.4335,50.7456,124.3283,0.023,0.0343,0.0305,61.7441,27.3057,-56.9538,106.2971,25.1837
2025-01-01 03:47:00,1.2283,0.7452,2.8238,2.9484,28.4335,50.7456,124.3283,0.023,0.0343,0.0305,61.7441,27.3057,-56.9538,106.2971,25.1837
2025-01-01 03:47:10,1.2283,0.7452,2.8238,2.9484,28.4335,49.6159,124.3283,0.023,0.0343,0.0305,61.7441,27.3057,-56.9538,106.2971,25.1837
2025-01-01 03:47:20,1.2283,0.7452,2.8238,2.8409,28.4335,49.6159,124.3283,0.023,0.0343,0.0305,61.7441,27.3057,-56.9538,106.2971,25.1837
2025-01-01 03:47:30,1.2283,0.7452,2.8238,2.8409,28.4335,49.6159,124.3283,0.023,0.0173,0.0305,61.7441,27.3057,-56.9538,106.2971,25.1837
2025-01-01 03:47:40,1.2283,0.7452,2.8238,2.8409,28.4335,49.9287,124.3283,0.023,0.0173,0.0305,61.7441,27.3057,-56.9538,106.2971,25.1837
2025-01-01 03:47:50,1.2283,0.7452,2.8238,2.8409,28.4335,49.9287,124.3283,0.023,0.0173,0.0305,63.0149,27.3057,-56.9538,106.2971,25.1837
2025-01-01 03:48:00,1.2283,0.7452,2.8238,2.9429,28.4335,49.9287,124.3283,0.023,0.0173,0.0305,63.0149,27.3057,-56.9538,106.2971,25.1837
2025-01-01 03:48:10,1.2283,0.7452,2.8238,2.9429,28.4335,49.9287,124.3283,0.023,0.0173,0.0213,63.0149,27.3057,-56.9538,106.2971,25.1837
2025-01-01 03:48:20,1.2283,0.7452,2.8238,2.9429,28.4335,49.9287,124.3283,0.023,0.0173,0.0213,63.0149,27.3057,-56.9538,112.011,25.1837
2025-01-01 03:48:30,1.2283,0.7452,2.8238,2.9429,28.4335,49.9287,124.3283,0.023,0.0173,0.0213,61.7123,27.3057,-56.9538,112.011,25.1837
2025-01-01 03:48:40,1.2283,0.7452,2.8238,2.9429,28.4335,49.9287,124.3283,0.023,0.0173,0.0213,61.7123,27.3057,-56.9538,109.9437,25.1837
2025-01-01 03:48:50,1.2283,0.7452,2.8238,2.9429,28.4335,49.9287,124.3283,0.023,0.0173,0.0213,61.7123,26.8091,-56.9538,109.9437,25.1837
2025-01-01 03:49:00,1.2283,0.7452,2.8238,2.9429,28.4335,49.9287,124.3283,0.023,0.0173,0.0213,61.7123,26.8091,-56.9538,109.9437,25.7872
2025-01-01 03:49:10,1.2283,0.7452,2.8238,2.9429,28.4335,49.4297,124.3283,0.023,0.0173,0.0213,61.7123,26.8091,-56.9538,109.9437,25.7872
2025-01-01 03:49:20,1.2283,0.7452,2.8238,2.9429,28.4335,49.4297,124.3283,0.023,0.0173,0.0213,61.7123,26.8091,-56.9538,110.4614,25.7872
2025-01-01 03:49:30,1.2283,0.7452,2.8238,2.9429,28.4335,49.4297,124.3283,0.023,0.0173,0.0213,60.6302,26.8091,-56.9538,110.4614,25.7872
2025-01-01 03:49:40,1.2283,0.7452,2.8238,2.9429,28.4335,49.4297,124.3283,0.023,0.0173,0.0213,60.6302,26.8091,-56.9538,110.5197,25.7872
2025-01-01 03:49:50,1.2283,0.7452,2.8238,2.9429,28.4335,49.5765,124.3283,0.023,0.0173,0.0213,60.6302,26.8091,-56.9538,110.5197,25.7872
2025-01-01 03:50:00,1.2283,0.7452,2.8238,2.9429,28.4335,49.5765,124.3283,0.023,0.0173,0.0213,60.6302,26.8091,-56.9538,111.2875,25.7872
2025-01-01 03:50:10,1.2283,0.7452,2.8238,3.0788,28.4335,49.5765,124.3283,0.023,0.0173,0.0213,60.6302,26.8091,-56.9538,111.2875,25.7872
2025-01-01 03:50:20,1.2283,1.1993,2.8238,3.0788,28.4335,49.5765,124.3283,0.023,0.0173,0.0213,60.6302,26.8091,-56.9538,111.2875,25.7872
2025-01-01 03:50:30,1.2283,1.1993,2.8238,3.0788,28.4335,49.5765,124.3283,0.023,0.0173,0.0213,60.6302,26.8091,-56.9538,108.592,25.7872
2025-01-01 03:50:40,1.2283,1.1993,2.8238,3.0788,28.4335,49.5765,124.3283,0.0212,0.0173,0.0213,60.6302,26.8091,-56.9538,108.592,25.7872
2025-01-01 03:50:50,1.2283,1.1993,2.8238,3.0788,28.4335,49.5765,124.3283,0.0269,0.0173,0.0213,60.6302,26.8091,-56.9538,108.592,25.7872
2025-01-01 03:51:00,1.2283,1.1993,2.8238,3.0788,28.5451,49.5765,124.3283,0.0269,0.0173,0.0213,60.6302,26.8091,-56.9538,108.592,25.7872
2025-01-01 03:51:10,1.2283,1.1993,2.8238,3.0788,28.5451,49.5765,124.3283,0.0269,0.0173,0.0213,60.6302,27.5988,-56.9538,108.592,25.7872
2025-01-01 03:51:20,1.2283,1.1993,2.8238,3.0788,28.5451,49.5765,124.3283,0.0269,0.0173,0.0213,60.6302,27.5988,-57.2319,108.592,25.7872
2025-01-01 03:51:30,1.2283,1.1993,2.8238,3.0788,28.5451,49.5765,124.3283,0.0269,0.0173,0.0213,63.0874,27.5988,-57.2319,108.592,25.7872
2025-01-01 03:51:40,1.2283,1.1993,2.8238,3.0788,28.5451,49.5765,124.3283,0.0269,0.0173,0.0213,63.0874,27.2805,-57.2319,108.592,25.7872
2025-01-01 03:51:50,1.2283,1.1993,2.8238,3.0788,28.5202,49.5765,124.3283,0.0269,0.0173,0.0213,63.0874,27.2805,-57.2319,108.592,25.7872
2025-01-01 03:52:00,1.2283,1.1084,2.8238,3.0788,28.5202,49.5765,124.3283,0.0269,0.0173,0.0213,63.0874,27.2805,-57.2319,108.592,25.7872
2025-01-01 03:52:10,1.2283,1.1084,2.8238,3.0788,28.5202,49.5765,124.3283,0.0269,0.0173,0.0213,63.0874,27.2805,-57.2319,108.592,25.2749
2025-01-01 03:52:20,1.2283,1.1084,2.8238,3.0788,28.5202,49.5765,124.3283,0.0269,0.024,0.0213,63.0874,27.2805,-57.2319,108.592,25.2749
2025-01-01 03:52:30,1.2283,1.1084,2.8238,3.0788,28.5202,49.5765,124.3283,0.0269,0.024,0.0213,63.0874,27.2805,-57.2319,108.592,24.8723
2025-01-01 03:52:40,1.2283,1.1084,2.8238,3.0788,28.5202,49.5765,124.3283,0.0269,0.024,0.0213,63.0874,27.2805,-57.2319,108.592,25.432
2025-01-01 03:52:50,1.2283,1.1084,2.8238,3.0788,28.5202,49.5765,124.3283,0.0269,0.024,0.0328,63.0874,27.2805,-57.2319,108.592,25.432
2025-01-01 03:53:00,1.2283,1.1084,4.0842,3.0788,28.5202,49.5765,124.3283,0.0269,0.024,0.0328,63.0874,27.2805,-57.2319,108.592,25.432
2025-01-01 03:53:10,1.2283,1.1084,4.0842,3.0788,28.5202,49.5765,118.3408,0.0269,0.024,0.0328,63.0874,27.2805,-57.2319,108.592,25.432
2025-01-01 03:53:20,1.2283,1.3988,4.0842,3.0788,28.5202,49.5765,118.3408,0.0269,0.024,0.0328,63.0874,27.2805,-57.2319,108.592,25.432
2025-01-01 03:53:30,0.7506,1.3988,4.0842,3.0788,28.5202,49.5765,118.3408,0.0269,0.024,0.0328,63.0874,27.2805,-57.2319,108.592,25.432
2025-01-01 03:53:40,0.7506,1.3988,4.0842,3.0788,28.5202,49.5765,118.3408,0.0269,0.024,0.0328,63.0874,27.2805,-57.2319,111.9302,25.432
2025-01-01 03:53:50,0.7506,1.3988,4.0842,3.0788,28.5202,49.5765,125.6555,0.0269,0.024,0.0328,63.0874,27.2805,-57.2319,111.9302,25.432
2025-01-01 03:54:00,0.7506,1.3988,4.0842,3.0788,28.5202,49.5765,125.6555,0.0269,0.024,0.0328,63.0874,27.2805,-55.8491,111.9302,25.432
2025-01-01 03:54:10,0.7506,1.3988,4.0842,3.0788,28.5202,49.5765,125.6555,0.0269,0.024,0.0328,63.0874,27.2843,-55.8491,111.9302,25.432
2025-01-01 03:54:20,0.7506,1.3988,4.0842,3.0788,28.5202,49.5765,125.6555,0.0269,0.024,0.0328,63.0874,27.7299,-55.8491,111.9302,25.432
2025-01-01 03:54:30,0.7506,1.3988,4.0842,3.0788,28.5202,49.5765,125.6555,0.0269,0.024,0.0328,63.0874,27.4963,-55.8491,111.9302,25.432
2025-01-01 03:54:40,0.7034,1.3988,4.0842,3.0788,28.5202,49.5765,125.6555,0.0269,0.024,0.0328,63.0874,27.4963,-55.8491,111.9302,25.432
2025-01-01 03:54:50,0.7034,1.1727,4.0842,3.0788,28.5202,49.5765,125.6555,0.0269,0.024,0.0328,63.0874,27.4963,-55.8491,111.9302,25.432
2025-01-01 03:55:00,0.7034,1.1727,4.0842,3.0788,28.5202,49.5765,125.6555,0.0269,0.024,0.0328,63.0874,27.4963,-55.8491,107.594,25.432
2025-01-01 03:55:10,0.7034,1.1727,4.0842,3.0788,28.5202,49.5765,125.6555,0.0202,0.024,0.0328,63.0874,27.4963,-55.8491,107.594,25.432
2025-01-01 03:55:20,0.7034,1.1727,4.0842,3.0788,28.5202,49.5765,125.6555,0.0202,0.024,0.0328,63.6733,27.4963,-55.8491,107.594,25.432
2025-01-01 03:55:30,0.7034,1.1727,4.0842,3.0788,28.5202,49.5765,125.6555,0.0202,0.0284,0.0328,63.6733,27.4963,-55.8491,107.594,25.432
2025-01-01 03:55:40,0.7034,1.1727,4.0842,3.0788,28.5202,49.5765,125.6555,0.0202,0.0284,0.0328,65.7009,27.4963,-55.8491,107.594,25.432
2025-01-01 03:55:50,0.7034,1.1727,4.0842,3.0788,28.5202,49.5765,125.6555,0.0268,0.0284,0.0328,65.7009,27.4963,-55.8491,107.594,25.432
2025-01-01 03:56:00,0.7034,1.1727,4.0842,3.0788,28.5202,49.5765,125.6555,0.0268,0.0284,0.0328,65.7009,27.4963,-55.8491,107.594,25.1324
2025-01-01 03:56:10,0.7034,1.1505,4.0842,3.0788,28.5202,49.5765,125.6555,0.0268,0.0284,0.0328,65.7009,27.4963,-55.8491,107.594,25.1324
2025-01-01 03:56:20,0.7034,1.1505,4.0842,3.0788,28.5202,49.5765,121.7669,0.0268,0.0284,0.0328,65.7009,27.4963,-55.8491,107.594,25.1324
2025-01-01 03:56:30,0.7034,1.1505,4.0842,3.0788,28.5202,49.5765,121.7669,0.0268,0.0284,0.0287,65.7009,27.4963,-55.8491,107.594,25.1324
2025-01-01 03:56:40,0.7034,1.1505,4.0842,3.0788,28.5202,49.5765,121.7669,0.0268,0.0284,0.0287,65.7009,27.4963,-55.8491,111.2229,25.1324
2025-01-01 03:56:50,0.7034,1.1505,4.0842,3.0788,28.5401,49.5765,121.7669,0.0268,0.0284,0.0287,65.7009,27.4963,-55.8491,111.2229,25.1324
2025-01-01 03:57:00,0.7034,1.1505,4.0842,3.0788,28.5401,49.5765,121.7669,0.0268,0.0284,0.0287,65.7009,27.6525,-55.8491,111.2229,25.1324
2025-01-01 03:57:10,0.7034,1.1505,4.0842,3.0788,28.5401,49.5765,121.7669,0.0214,0.0284,0.0287,65.7009,27.6525,-55.8491,111.2229,25.1324
2025-01-01 03:57:20,0.7034,1.1505,4.0842,3.0788,28.5401,49.5765,121.7669,0.0214,0.0284,0.0287,65.7009,27.6525,-55.8491,111.2229,26.0349
2025-01-01 03:57:30,0.7034,1.1505,4.0842,3.0788,28.5401,50.5879,121.7669,0.0214,0.0284,0.0287,65.7009,27.6525,-55.8491,111.2229,26.0349
2025-01-01 03:57:40,0.7034,1.1505,4.0842,3.0788,28.5401,50.5879,121.7669,0.0214,0.0284,0.0287,65.7009,27.6525,-55.8491,108.2223,26.0349
2025-01-01 03:57:50,1.0177,1.1505,4.0842,3.0788,28.5401,50.5879,121.7669,0.0214,0.0284,0.0287,65.7009,27.6525,-55.8491,108.2223,26.0349
2025-01-01 03:58:00,1.0177,1.1505,4.0842,2.9712,28.5401,50.5879,121.7669,0.0214,0.0284,0.0287,65.7009,27.6525,-55.8491,108.2223,26.0349
2025-01-01 03:58:10,1.0177,1.1505,4.0842,2.9712,28.5401,50.5879,120.6457,0.0214,0.0284,0.0287,65.7009,27.6525,-55.8491,108.2223,26.0349
2025-01-01 03:58:20,1.0177,1.1505,4.0842,2.9712,28.5401,50.5879,120.6457,0.0214,0.0284,0.0287,65.7009,27.3408,-55.8491,108.2223,26.0349
2025-01-01 03:58:30,1.0177,1.1505,4.0842,2.9712,28.5401,50.5879,120.6457,0.0214,0.0284,0.0287,65.7009,27.3408,-55.8491,108.6456,26.0349
2025-01-01 03:58:40,1.0177,1.1505,4.0842,2.9712,28.5401,50.5879,114.8809,0.0214,0.0284,0.0287,65.7009,27.3408,-55.8491,108.6456,26.0349
2025-01-01 03:58:50,1.0177,1.0163,4.0842,2.9712,28.5401,50.5879,114.8809,0.0214,0.0284,0.0287,65.7009,27.3408,-55.8491,108.6456,26.0349
2025-01-01 03:59:00,1.0177,1.0163,4.0842,2.9712,28.6322,50.5879,114.8809,0.0214,0.0284,0.0287,65.7009,27.3408,-55.8491,108.6456,26.0349
2025-01-01 03:59:10,1.0177,1.0163,4.0842,2.9712,28.6322,50.5879,114.8809,0.0214,0.0243,0.0287,65.7009,27.3408,-55.8491,108.6456,26.0349
2025-01-01 03:59:20,1.0177,1.0163,4.0842,2.9712,28.6322,50.5879,114.8809,0.0214,0.0243,0.0287,65.7009,27.3408,-55.8491,108.6456,25.6557
2025-01-01 03:59:30,1.0177,0.8214,4.0842,2.9712,28.6322,50.5879,114.8809,0.0214,0.0243,0.0287,65.7009,27.3408,-55.8491,108.6456,25.6557
2025-01-01 03:59:40,1.0177,0.8214,4.0842,2.9712,28.6322,50.5879,114.8809,0.0214,0.0243,0.0287,65.7009,27.6438,-55.8491,108.6456,25.6557
2025-01-01 03:59:50,1.0177,0.8214,4.0842,2.9712,28.6322,50.5879,114.8809,0.0214,0.0243,0.0287,65.7009,27.6438,-55.8491,109.0412,25.6557
2025-01-01 04:00:00,1.0177,0.8138,4.0842,2.9712,28.6322,50.5879,114.8809,0.0214,0.0243,0.0287,65.7009,27.6438,-55.8491,109.0412,25.6557
2025-01-01 04:00:10,1.0177,0.8138,4.0842,2.9712,28.6322,50.5879,114.8809,0.0214,0.0243,0.0219,65.7009,27.6438,-55.8491,109.0412,25.6557
2025-01-01 04:00:20,1.0177,0.8138,4.0842,2.9712,28.6322,50.5879,114.8809,0.0214,0.0243,0.0219,65.7009,27.6438,-57.6279,109.0412,25.6557
2025-01-01 04:00:30,1.0177,0.8138,4.0842,2.9712,28.6322,50.5879,114.8809,0.0214,0.0243,0.0226,65.7009,27.6438,-57.6279,109.0412,25.6557
2025-01-01 04:00:40,1.0177,0.8138,4.0842,2.9712,28.3375,50.5879,114.8809,0.0214,0.0243,0.0226,65.7009,27.6438,-57.6279,109.0412,25.6557
2025-01-01 04:00:50,1.0177,0.8138,4.0842,2.9712,28.3375,50.5879,114.8809,0.0214,0.0243,0.0226,62.6626,27.6438,-57.6279,109.0412,25.6557
2025-01-01 04:01:00,1.0177,0.8138,4.0842,2.9712,28.3375,50.5879,114.8809,0.0222,0.0243,0.0226,62.6626,27.6438,-57.6279,109.0412,25.6557
2025-01-01 04:01:10,0.6929,0.8138,4.0842,2.9712,28.3375,50.5879,114.8809,0.0222,0.0243,0.0226,62.6626,27.6438,-57.6279,109.0412,25.6557
2025-01-01 04:01:20,0.6929,0.8138,4.0842,2.9712,28.3375,50.5879,114.8809,0.0222,0.0272,0.0226,62.6626,27.6438,-57.6279,109.0412,25.6557
2025-01-01 04:01:30,0.6929,0.8138,4.0842,2.9712,28.3375,50.5879,119.9754,0.0222,0.0272,0.0226,62.6626,27.6438,-57.6279,109.0412,25.6557
2025-01-01 04:01:40,0.6929,0.8138,3.3217,2.9712,28.3375,50.5879,119.9754,0.0222,0.0272,0.0226,62.6626,27.6438,-57.6279,109.0412,25.6557
2025-01-01 04:01:50,0.6929,0.8138,3.3217,2.9712,28.3375,51.0803,119.9754,0.0222,0.0272,0.0226,62.6626,27.6438,-57.6279,109.0412,25.6557
2025-01-01 04:02:00,0.6929,0.8138,3.3217,2.9712,28.3375,48.7344,119.9754,0.0222,0.0272,0.0226,62.6626,27.6438,-57.6279,109.0412,25.6557
2025-01-01 04:02:10,0.6929,0.8138,3.3217,2.9712,28.3375,48.7344,119.9754,0.0222,0.0272,0.0226,62.6626,27.6438,-57.6279,109.0412,25.8102
2025-01-01 04:02:20,0.6929,0.8138,3.3217,2.9712,28.3375,48.7344,126.5648,0.0222,0.0272,0.0226,62.6626,27.6438,-57.6279,109.0412,25.8102
2025-01-01 04:02:30,0.6929,0.8138,3.3217,2.9712,28.3375,48.7344,126.5648,0.0222,0.0267,0.0226,62.6626,27.6438,-57.6279,109.0412,25.8102
2025-01-01 04:02:40,0.6929,0.8138,3.3217,2.9712,28.3375,48.7344,118.3889,0.0222,0.0267,0.0226,62.6626,27.6438,-57.6279,109.0412,25.8102
2025-01-01 04:02:50,0.6929,0.8138,3.3217,2.9712,28.3375,48.7344,118.3889,0.0222,0.0267,0.0245,62.6626,27.6438,-57.6279,109.0412,25.8102
2025-01-01 04:03:00,0.6929,0.9609,3.3217,2.9712,28.3375,48.7344,118.3889,0.0222,0.0267,0.0245,62.6626,27.6438,-57.6279,109.0412,25.8102
2025-01-01 04:03:10,0.6929,0.9609,3.3217,2.9712,28.3375,48.7344,115.2973,0.0222,0.0267,0.0245,62.6626,27.6438,-57.6279,109.0412,25.8102
2025-01-01 04:03:20,0.6929,0.9609,3.3217,3.0162,28.3375,48.7344,115.2973,0.0222,0.0267,0.0245,62.6626,27.6438,-57.6279,109.0412,25.8102
2025-01-01 04:03:30,0.6929,0.9609,3.3217,3.0162,28.3375,48.7344,115.2973,0.0222,0.0267,0.0245,62.6626,27.6438,-59.1833,109.0412,25.8102
2025-01-01 04:03:40,0.8002,0.9609,3.3217,3.0162,28.3375,48.7344,115.2973,0.0222,0.0267,0.0245,62.6626,27.6438,-59.1833,109.0412,25.8102
2025-01-01 04:03:50,0.8002,0.9609,3.3217,3.0162,28.3375,48.7344,115.2973,0.0222,0.0267,0.0245,62.6626,27.9715,-59.1833,109.0412,25.8102
2025-01-01 04:04:00,0.8002,0.9609,3.3217,3.0162,28.4194,48.7344,115.2973,0.0222,0.0267,0.0245,62.6626,27.9715,-59.1833,109.0412,25.8102
2025-01-01 04:04:10,0.8002,0.9609,3.3217,3.0162,28.4194,48.7344,115.2973,0.0222,0.0242,0.0245,62.6626,27.9715,-59.1833,109.0412,25.8102
2025-01-01 04:04:20,0.8002,0.9609,3.3217,3.0162,28.4194,48.7344,115.2973,0.0222,0.025,0.0245,62.6626,27.9715,-59.1833,109.0412,25.8102
2025-01-01 04:04:30,0.8002,1.1434,3.3217,3.0162,28.4194,48.7344,115.2973,0.0222,0.025,0.0245,62.6626,27.9715,-59.1833,109.0412,25.8102
2025-01-01 04:04:40,1.0587,1.1434,3.3217,3.0162,28.4194,48.7344,115.2973,0.0222,0.025,0.0245,62.6626,27.9715,-59.1833,109.0412,25.8102
2025-01-01 04:04:50,1.0587,1.1434,3.3217,3.0162,28.4194,48.7344,115.2973,0.0222,0.025,0.0245,61.9569,27.9715,-59.1833,109.0412,25.8102
2025-01-01 04:05:00,1.0587,1.1434,3.3217,3.0162,28.4194,48.7344,115.2973,0.0222,0.025,0.0245,61.9569,27.9715,-59.1833,109.0412,25.2686
2025-01-01 04:05:10,1.0587,1.1434,3.3217,3.0162,28.4194,48.7344,115.2973,0.0222,0.025,0.0245,61.9569,27.9715,-59.1833,108.0618,25.2686
2025-01-01 04:05:20,0.8661,1.1434,3.3217,3.0162,28.4194,48.7344,115.2973,0.0222,0.025,0.0245,61.9569,27.9715,-59.1833,108.0618,25.2686
2025-01-01 04:05:30,0.8661,1.1434,3.3217,3.0162,28.4194,50.6793,115.2973,0.0222,0.025,0.0245,61.9569,27.9715,-59.1833,108.0618,25.2686
2025-01-01 04:05:40,0.8661,1.1434,3.3217,2.9644,28.4194,50.6793,115.2973,0.0222,0.025,0.0245,61.9569,27.9715,-59.1833,108.0618,25.2686
2025-01-01 04:05:50,0.8661,1.1434,3.3217,2.9644,28.5746,50.6793,115.2973,0.0222,0.025,0.0245,61.9569,27.9715,-59.1833,108.0618,25.2686
2025-01-01 04:06:00,0.8661,1.1434,3.3217,2.9644,28.5746,50.6793,115.2973,0.0222,0.026,0.0245,61.9569,27.9715,-59.1833,108.0618,25.2686
2025-01-01 04:06:10,0.8661,1.1434,3.3217,2.9644,28.5746,50.6793,115.2973,0.0235,0.026,0.0245,61.9569,27.9715,-59.1833,108.0618,25.2686
2025-01-01 04:06:20,0.8661,1.1434,3.3217,2.9644,28.4731,50.6793,115.2973,0.0235,0.026,0.0245,61.9569,27.9715,-59.1833,108.0618,25.2686
2025-01-01 04:06:30,0.8661,1.1434,3.3217,2.9644,28.6776,50.6793,115.2973,0.0235,0.026,0.0245,61.9569,27.9715,-59.1833,108.0618,25.2686
2025-01-01 04:06:40,0.8661,1.1434,3.3217,2.9644,28.6776,50.6793,115.2973,0.0235,0.026,0.0245,61.9569,27.9715,-59.1833,108.0618,26.1077
2025-01-01 04:06:50,0.8661,1.1434,2.8585,2.9644,28.6776,50.6793,115.2973,0.0235,0.026,0.0245,61.9569,27.9715,-59.1833,108.0618,26.1077
2025-01-01 04:07:00,0.8661,1.1434,2.8585,2.9644,28.6776,50.6793,115.2973,0.0235,0.026,0.0245,61.9569,27.6556,-59.1833,108.0618,26.1077
2025-01-01 04:07:10,0.8661,1.1434,2.8585,2.9644,28.6776,50.6793,115.2973,0.0235,0.026,0.0245,60.9562,27.6556,-59.1833,108.0618,26.1077
2025-01-01 04:07:20,0.8661,1.1434,2.8585,2.9644,28.6776,50.6793,115.2973,0.0244,0.026,0.0245,60.9562,27.6556,-59.1833,108.0618,26.1077
2025-01-01 04:07:30,0.8661,1.1434,2.8585,2.9644,28.6776,50.6793,124.9044,0.0244,0.026,0.0245,60.9562,27.6556,-59.1833,108.0618,26.1077
2025-01-01 04:07:40,0.997,1.1434,2.8585,2.9644,28.6776,50.6793,124.9044,0.0244,0.026,0.0245,60.9562,27.6556,-59.1833,108.0618,26.1077
2025-01-01 04:07:50,0.997,1.1434,2.8585,2.9644,28.6776,50.6793,124.9044,0.0244,0.026,0.0245,60.9562,27.6556,-59.1833,108.0618,25.2476
2025-01-01 04:08:00,0.997,1.1434,2.8585,2.9644,28.6776,50.6793,124.9044,0.0232,0.026,0.0245,60.9562,27.6556,-59.1833,108.0618,25.2476
2025-01-01 04:08:10,0.997,1.1434,2.8585,2.9644,28.6776,50.6793,124.9044,0.0232,0.026,0.0216,60.9562,27.6556,-59.1833,108.0618,25.2476
2025-01-01 04:08:20,0.997,1.1434,2.8585,2.9644,28.6776,50.6793,124.9044,0.0232,0.026,0.0216,60.9562,27.6556,-59.1833,108.0618,25.3506
2025-01-01 04:08:30,0.997,1.1434,2.8585,3.0884,28.6776,50.6793,124.9044,0.0232,0.026,0.0216,60.9562,27.6556,-59.1833,108.0618,25.3506
2025-01-01 04:08:40,0.997,1.1434,2.8585,3.0884,28.6776,50.6793,122.4209,0.0232,0.026,0.0216,60.9562,27.6556,-59.1833,108.0618,25.3506
2025-01-01 04:08:50,0.997,1.1434,2.8585,3.0884,28.6776,50.6793,122.4209,0.0255,0.026,0.0216,60.9562,27.6556,-59.1833,108.0618,25.3506
2025-01-01 04:09:00,0.997,1.1434,2.8585,3.0884,28.6776,50.6793,122.4209,0.0255,0.026,0.0216,64.5826,27.6556,-59.1833,108.0618,25.3506
2025-01-01 04:09:10,0.8287,1.1434,2.8585,3.0884,28.6776,50.6793,122.4209,0.0255,0.026,0.0216,64.5826,27.6556,-59.1833,108.0618,25.3506
2025-01-01 04:09:20,1.0311,1.1434,2.8585,3.0884,28.6776,50.6793,122.4209,0.0255,0.026,0.0216,64.5826,27.6556,-59.1833,108.0618,25.3506
2025-01-01 04:09:30,1.0311,1.1434,2.8585,3.0884,28.6776,50.6793,122.4209,0.0255,0.027,0.0216,64.5826,27.6556,-59.1833,108.0618,25.3506
2025-01-01 04:09:40,1.0311,1.1434,2.8585,3.0884,28.5407,50.6793,122.4209,0.0255,0.027,0.0216,64.5826,27.6556,-59.1833,108.0618,25.3506
2025-01-01 04:09:50,1.0311,1.1434,2.8585,3.0884,28.5407,50.6793,122.4209,0.0255,0.027,0.0216,63.2696,27.6556,-59.1833,108.0618,25.3506
2025-01-01 04:10:00,1.0311,1.1434,2.8585,3.0428,28.5407,50.6793,122.4209,0.0255,0.027,0.0216,63.2696,27.6556,-59.1833,108.0618,25.3506
2025-01-01 04:10:10,1.0311,1.1434,2.8585,3.0428,28.5407,49.5889,122.4209,0.0255,0.027,0.0216,63.2696,27.6556,-59.1833,108.0618,25.3506
2025-01-01 04:10:20,1.0311,1.1434,2.8585,2.989,28.5407,49.5889,122.4209,0.0255,0.027,0.0216,63.2696,27.6556,-59.1833,108.0618,25.3506
2025-01-01 04:10:30,1.0311,1.1434,2.8585,2.989,28.5407,49.5889,122.4209,0.0255,0.022,0.0216,63.2696,27.6556,-59.1833,108.0618,25.3506
2025-01-01 04:10:40,1.0311,1.1434,2.8585,2.989,28.5407,49.5889,122.4209,0.0255,0.0197,0.0216,63.2696,27.6556,-59.1833,108.0618,25.3506
2025-01-01 04:10:50,1.0311,1.1434,2.8585,2.989,28.5407,49.5889,122.4209,0.0255,0.0197,0.0216,63.2696,27.6556,-57.6503,108.0618,25.3506
2025-01-01 04:11:00,1.0311,1.1434,2.8585,2.989,28.5407,49.5889,122.4209,0.0255,0.0197,0.0216,63.2696,27.6556,-57.6503,111.4912,25.3506
2025-01-01 04:11:10,1.0311,1.1434,2.8585,2.989,28.5407,49.5889,122.4209,0.0255,0.0263,0.0216,63.2696,27.6556,-57.6503,111.4912,25.3506
2025-01-01 04:11:20,1.0311,1.1434,1.9068,2.989,28.5407,49.5889,122.4209,0.0255,0.0263,0.0216,63.2696,27.6556,-57.6503,111.4912,25.3506
2025-01-01 04:11:30,1.0311,1.1434,2.4194,2.989,28.5407,49.5889,122.4209,0.0255,0.0263,0.0216,63.2696,27.6556,-57.6503,111.4912,25.3506
2025-01-01 04:11:40,1.0311,1.1434,2.4194,2.989,28.5407,49.5889,125.1361,0.0255,0.0263,0.0216,63.2696,27.6556,-57.6503,111.4912,25.3506
2025-01-01 04:11:50,1.0311,1.1434,2.4194,2.955,28.5407,49.5889,125.1361,0.0255,0.0263,0.0216,63.2696,27.6556,-57.6503,111.4912,25.3506
2025-01-01 04:12:00,1.0311,1.1434,2.4194,2.955,28.5407,49.5889,125.1361,0.0255,0.0245,0.0216,63.2696,27.6556,-57.6503,111.4912,25.3506
2025-01-01 04:12:10,1.0311,1.1434,2.4194,2.955,28.5407,49.5889,125.1361,0.0255,0.0245,0.0216,63.2696,27.6556,-57.6503,109.6235,25.3506
2025-01-01 04:12:20,0.7737,1.1434,2.4194,2.955,28.5407,49.5889,125.1361,0.0255,0.0245,0.0216,63.2696,27.6556,-57.6503,109.6235,25.3506
2025-01-01 04:12:30,0.7737,1.1434,2.4194,2.955,28.5407,49.5889,125.1361,0.0255,0.0245,0.0216,63.2696,27.6556,-57.6503,109.6235,25.9603
2025-01-01 04:12:40,0.7737,1.1434,2.4194,2.955,28.5407,49.5889,125.1361,0.0255,0.0282,0.0216,63.2696,27.6556,-57.6503,109.6235,25.9603
2025-01-01 04:12:50,0.7545,1.1434,2.4194,2.955,28.5407,49.5889,125.1361,0.0255,0.0282,0.0216,63.2696,27.6556,-57.6503,109.6235,25.9603
2025-01-01 04:13:00,0.7545,1.1434,2.4194,2.955,28.5407,49.61,125.1361,0.0255,0.0282,0.0216,63.2696,27.6556,-57.6503,109.6235,25.9603
2025-01-01 04:13:10,0.7545,1.1434,2.4194,2.955,28.4228,49.61,125.1361,0.0255,0.0282,0.0216,63.2696,27.6556,-57.6503,109.6235,25.9603
2025-01-01 04:13:20,0.7545,1.1434,2.4194,2.955,28.4228,48.0188,125.1361,0.0255,0.0282,0.0216,63.2696,27.6556,-57.6503,109.6235,25.9603
2025-01-01 04:13:30,0.7545,1.1434,2.4194,2.955,28.4384,48.0188,125.1361,0.0255,0.0282,0.0216,63.2696,27.6556,-57.6503,109.6235,25.9603
2025-01-01 04:13:40,0.7545,0.7895,2.4194,2.955,28.4384,48.0188,125.1361,0.0255,0.0282,0.0216,63.2696,27.6556,-57.6503,109.6235,25.9603
2025-01-01 04:13:50,0.7545,0.7895,2.4194,2.955,28.4384,48.0188,125.1361,0.0255,0.0282,0.0216,63.2696,27.4222,-57.6503,109.6235,25.9603
2025-01-01 04:14:00,0.7545,0.7895,2.4194,2.955,28.4384,48.0188,117.8999,0.0255,0.0282,0.0216,63.2696,27.4222,-57.6503,109.6235,25.9603
2025-01-01 04:14:10,0.7545,0.7895,2.4194,2.955,28.4384,48.0188,117.8999,0.0255,0.0282,0.0212,63.2696,27.4222,-57.6503,109.6235,25.9603
2025-01-01 04:14:20,0.7545,0.7895,2.4194,2.955,28.4384,48.0188,117.8999,0.0297,0.0282,0.0212,63.2696,27.4222,-57.6503,109.6235,25.9603
2025-01-01 04:14:30,0.7545,0.7895,2.4194,2.955,28.4384,48.0188,117.8999,0.0297,0.0282,0.0194,63.2696,27.4222,-57.6503,109.6235,25.9603
2025-01-01 04:14:40,0.7545,0.7895,2.4194,2.955,28.4384,50.6537,117.8999,0.0297,0.0282,0.0194,63.2696,27.4222,-57.6503,109.6235,25.9603
2025-01-01 04:14:50,0.7545,0.7895,2.4194,2.955,28.4384,50.6537,117.8999,0.0297,0.0282,0.0194,63.2696,27.4222,-55.0778,109.6235,25.9603
2025-01-01 04:15:00,0.7545,0.7895,2.4194,2.955,28.4384,50.6537,117.8999,0.0243,0.0282,0.0194,63.2696,27.4222,-55.0778,109.6235,25.9603
2025-01-01 04:15:10,0.7545,0.7895,2.4194,2.955,28.4384,50.6537,117.8999,0.0243,0.0282,0.0194,63.2696,27.3712,-55.0778,109.6235,25.9603
2025-01-01 04:15:20,0.7545,0.7895,2.4194,2.955,28.4384,50.6537,117.8999,0.0243,0.0282,0.0194,63.2696,27.3712,-55.0778,110.7191,25.9603
2025-01-01 04:15:30,0.7545,1.0728,2.4194,2.955,28.4384,50.6537,117.8999,0.0243,0.0282,0.0194,63.2696,27.3712,-55.0778,110.7191,25.9603
2025-01-01 04:15:40,0.7545,1.0728,2.4194,2.955,28.4384,50.6537,117.8999,0.0243,0.0282,0.0194,59.6261,27.3712,-55.0778,110.7191,25.9603
2025-01-01 04:15:50,0.7545,1.0728,2.4194,2.955,28.4384,50.6537,117.8999,0.0243,0.0282,0.0194,59.6261,27.3712,-55.0778,107.7085,25.9603
2025-01-01 04:16:00,0.7545,1.0728,2.4194,2.955,28.4384,50.6537,117.8999,0.0243,0.0282,0.0194,60.9061,27.3712,-55.0778,107.7085,25.9603
2025-01-01 04:16:10,0.7545,1.0728,2.4194,2.955,28.4384,50.6537,117.8999,0.0243,0.0282,0.0194,60.9061,27.3712,-55.0778,107.7085,24.9407
2025-01-01 04:16:20,0.7545,1.0728,2.4194,2.955,28.4384,50.6537,117.8999,0.0243,0.0282,0.0194,61.7504,27.3712,-55.0778,107.7085,24.9407
2025-01-01 04:16:30,0.7545,1.0728,3.1677,2.955,28.4384,50.6537,117.8999,0.0243,0.0282,0.0194,61.7504,27.3712,-55.0778,107.7085,24.9407
2025-01-01 04:16:40,0.7545,1.0728,3.1677,2.955,28.4384,50.2087,117.8999,0.0243,0.0282,0.0194,61.7504,27.3712,-55.0778,107.7085,24.9407
2025-01-01 04:16:50,0.7545,1.0728,3.1677,2.955,28.4384,50.2087,117.8999,0.0243,0.0282,0.0194,61.7504,27.3712,-55.0778,107.7085,25.3605
2025-01-01 04:17:00,0.7545,1.0728,3.1677,2.955,28.4384,50.2087,117.8999,0.0243,0.017,0.0194,61.7504,27.3712,-55.0778,107.7085,25.3605
2025-01-01 04:17:10,0.7545,1.0728,3.1677,2.955,28.4384,50.2087,117.8999,0.0243,0.017,0.0194,61.7504,27.3712,-55.0778,107.7085,25.0243
2025-01-01 04:17:20,0.7545,1.0728,3.1677,2.955,28.4384,50.2087,117.8999,0.0243,0.017,0.025,61.7504,27.3712,-55.0778,107.7085,25.0243
2025-01-01 04:17:30,0.7545,1.0728,1.8331,2.955,28.4384,50.2087,117.8999,0.0243,0.017,0.025,61.7504,27.3712,-55.0778,107.7085,25.0243
2025-01-01 04:17:40,0.7545,1.0728,1.8331,2.955,28.4384,50.2087,117.8999,0.0243,0.017,0.025,61.7504,27.3712,-59.6801,107.7085,25.0243
2025-01-01 04:17:50,0.7545,1.0728,1.8331,2.955,28.4384,50.2087,117.8999,0.0245,0.017,0.025,61.7504,27.3712,-59.6801,107.7085,25.0243
2025-01-01 04:18:00,0.7545,0.6711,1.8331,2.955,28.4384,50.2087,117.8999,0.0245,0.017,0.025,61.7504,27.3712,-59.6801,107.7085,25.0243
2025-01-01 04:18:10,0.7545,0.6711,1.8331,2.955,28.4384,50.2087,117.8999,0.0245,0.017,0.025,61.7504,27.3712,-59.6801,107.7085,26.1146
2025-01-01 04:18:20,0.7545,0.6711,1.8331,2.955,28.4384,50.2087,117.8999,0.0245,0.017,0.025,61.7504,27.3712,-59.243,107.7085,26.1146
2025-01-01 04:18:30,0.7545,0.6711,1.8331,2.955,28.4384,48.389,117.8999,0.0245,0.017,0.025,61.7504,27.3712,-59.243,107.7085,26.1146
2025-01-01 04:18:40,0.7545,0.6711,1.8331,2.955,28.4384,48.389,117.8999,0.0245,0.0219,0.025,61.7504,27.3712,-59.243,107.7085,26.1146
2025-01-01 04:18:50,0.7545,0.6711,1.8331,2.955,28.4384,48.389,117.8999,0.0245,0.0219,0.025,61.7504,26.4031,-59.243,107.7085,26.1146
2025-01-01 04:19:00,0.7545,0.6711,1.8331,2.955,28.4384,48.389,117.8999,0.0245,0.0219,0.025,61.7504,27.1599,-59.243,107.7085,26.1146
2025-01-01 04:19:10,0.7545,0.6711,1.8331,2.955,28.4789,48.389,117.8999,0.0245,0.0219,0.025,61.7504,27.1599,-59.243,107.7085,26.1146
2025-01-01 04:19:20,0.7545,0.6711,1.8331,2.8546,28.4789,48.389,117.8999,0.0245,0.0219,0.025,61.7504,27.1599,-59.243,107.7085,26.1146
2025-01-01 04:19:30,0.7545,0.6711,1.8331,2.9477,28.4789,48.389,117.8999,0.0245,0.0219,0.025,61.7504,27.1599,-59.243,107.7085,26.1146
2025-01-01 04:19:40,0.7545,0.6711,1.8331,2.9477,28.4789,48.389,117.8999,0.0245,0.0151,0.025,61.7504,27.1599,-59.243,107.7085,26.1146
2025-01-01 04:19:50,0.7545,0.6711,1.8331,2.9477,28.4789,48.389,117.8999,0.0245,0.0151,0.025,62.2188,27.1599,-59.243,107.7085,26.1146
2025-01-01 04:20:00,0.7545,0.6711,2.0477,2.9477,28.4789,48.389,117.8999,0.0245,0.0151,0.025,62.2188,27.1599,-59.243,107.7085,26.1146
2025-01-01 04:20:10,0.7545,0.6711,2.0477,2.9477,28.4789,48.389,117.8999,0.0245,0.0242,0.025,62.2188,27.1599,-59.243,107.7085,26.1146
2025-01-01 04:20:20,0.7545,0.6711,2.0477,2.9477,28.4789,48.389,122.201,0.0245,0.0242,0.025,62.2188,27.1599,-59.243,107.7085,26.1146
2025-01-01 04:20:30,0.7545,0.6711,2.9955,2.9477,28.4789,48.389,122.201,0.0245,0.0242,0.025,62.2188,27.1599,-59.243,107.7085,26.1146
2025-01-01 04:20:40,0.7545,0.6711,2.9955,2.9477,28.4789,48.389,120.2604,0.0245,0.0242,0.025,62.2188,27.1599,-59.243,107.7085,26.1146
2025-01-01 04:20:50,0.7545,0.6711,2.9955,2.9477,28.4789,48.389,122.6517,0.0245,0.0242,0.025,62.2188,27.1599,-59.243,107.7085,26.1146
2025-01-01 04:21:00,0.7545,0.6711,2.9955,2.9477,28.4789,48.389,122.6517,0.0245,0.0159,0.025,62.2188,27.1599,-59.243,107.7085,26.1146
2025-01-01 04:21:10,0.7545,0.6711,2.9955,2.9477,28.4789,48.389,122.6517,0.0245,0.0159,0.025,62.2188,27.1599,-58.4872,107.7085,26.1146
2025-01-01 04:21:20,0.7545,0.6711,2.9955,2.9477,28.4789,48.389,122.6517,0.0245,0.0159,0.025,62.2188,27.1599,-58.4872,107.7085,25.527
2025-01-01 04:21:30,0.7545,0.6711,2.9955,2.9477,28.4789,48.389,122.6517,0.0245,0.0159,0.025,62.2188,27.1599,-58.4872,107.7085,25.4874
2025-01-01 04:21:40,0.7545,0.6711,2.9955,2.9477,28.4789,48.389,122.6517,0.0245,0.0159,0.025,62.2188,27.1599,-58.4872,107.7085,24.5015
2025-01-01 04:21:50,1.0122,0.6711,2.9955,2.9477,28.4789,48.389,122.6517,0.0245,0.0159,0.025,62.2188,27.1599,-58.4872,107.7085,24.5015
2025-01-01 04:22:00,1.0122,0.6711,2.9955,2.888,28.4789,48.389,122.6517,0.0245,0.0159,0.025,62.2188,27.1599,-58.4872,107.7085,24.5015
2025-01-01 04:22:10,1.0122,0.6711,2.9955,2.888,28.4789,48.389,122.6517,0.0245,0.0238,0.025,62.2188,27.1599,-58.4872,107.7085,24.5015
2025-01-01 04:22:20,1.0122,0.6711,2.9955,3.0017,28.4789,48.389,122.6517,0.0245,0.0238,0.025,62.2188,27.1599,-58.4872,107.7085,24.5015
2025-01-01 04:22:30,1.0122,0.6711,2.9955,3.0017,28.4789,48.389,122.6517,0.0245,0.0238,0.023,62.2188,27.1599,-58.4872,107.7085,24.5015
2025-01-01 04:22:40,1.0122,0.9003,2.9955,3.0017,28.4789,48.389,122.6517,0.0245,0.0238,0.023,62.2188,27.1599,-58.4872,107.7085,24.5015
2025-01-01 04:22:50,1.0122,0.9003,2.9955,3.0017,28.4789,48.3404,122.6517,0.0245,0.0238,0.023,62.2188,27.1599,-58.4872,107.7085,24.5015
2025-01-01 04:23:00,1.0122,0.9003,2.9955,3.0017,28.4789,48.3404,122.6517,0.0245,0.0238,0.023,62.2188,27.1702,-58.4872,107.7085,24.5015
2025-01-01 04:23:10,1.0122,0.9003,2.9955,3.0017,28.3033,48.3404,122.6517,0.0245,0.0238,0.023,62.2188,27.1702,-58.4872,107.7085,24.5015
2025-01-01 04:23:20,1.0122,0.9003,2.9955,3.0017,28.3033,48.3404,122.6517,0.0245,0.0238,0.023,62.2188,27.1702,-57.6767,107.7085,24.5015
2025-01-01 04:23:30,1.0122,0.9003,2.9955,3.0017,28.3033,48.3404,122.6517,0.0281,0.0238,0.023,62.2188,27.1702,-57.6767,107.7085,24.5015
2025-01-01 04:23:40,1.0122,0.9003,2.011,3.0017,28.3033,48.3404,122.6517,0.0281,0.0238,0.023,62.2188,27.1702,-57.6767,107.7085,24.5015
2025-01-01 04:23:50,1.0122,0.9003,2.011,3.0017,28.3033,48.3404,122.6517,0.0281,0.0238,0.023,62.2188,27.1702,-57.6767,107.7085,25.9191
2025-01-01 04:24:00,1.0122,0.9003,2.038,3.0017,28.3033,48.3404,122.6517,0.0281,0.0238,0.023,62.2188,27.1702,-57.6767,107.7085,25.9191
2025-01-01 04:24:10,1.0122,0.9003,2.038,3.0017,28.3033,48.3404,122.6517,0.0281,0.0238,0.0252,62.2188,27.1702,-57.6767,107.7085,25.9191
2025-01-01 04:24:20,1.0122,0.7907,2.038,3.0017,28.3033,48.3404,122.6517,0.0281,0.0238,0.0252,62.2188,27.1702,-57.6767,107.7085,25.9191
2025-01-01 04:24:30,1.0122,0.7907,2.038,3.0017,28.3033,48.3404,122.6517,0.0281,0.0238,0.0252,62.2188,27.1702,-57.0214,107.7085,25.9191
2025-01-01 04:24:40,1.0879,0.7907,2.038,3.0017,28.3033,48.3404,122.6517,0.0281,0.0238,0.0252,62.2188,27.1702,-57.0214,107.7085,25.9191
2025-01-01 04:24:50,1.0879,0.7907,2.038,3.0017,28.3033,48.3404,122.6517,0.0281,0.0238,0.0252,61.503,27.1702,-57.0214,107.7085,25.9191
2025-01-01 04:25:00,1.0879,0.7907,4.0232,3.0017,28.3033,48.3404,122.6517,0.0281,0.0238,0.0252,61.503,27.1702,-57.0214,107.7085,25.9191
2025-01-01 04:25:10,1.0879,0.7907,4.0232,3.0017,28.3033,48.3404,122.6517,0.0281,0.0238,0.0154,61.503,27.1702,-57.0214,107.7085,25.9191
2025-01-01 04:25:20,1.0879,0.7907,4.0232,3.0017,28.3814,48.3404,122.6517,0.0281,0.0238,0.0154,61.503,27.1702,-57.0214,107.7085,25.9191
2025-01-01 04:25:30,1.0879,0.7907,4.0232,3.0017,28.3814,48.3404,123.9231,0.0281,0.0238,0.0154,61.503,27.1702,-57.0214,107.7085,25.9191
2025-01-01 04:25:40,1.0879,0.7907,4.0232,3.0017,28.3814,48.3404,123.9231,0.0281,0.0238,0.0154,61.503,27.1702,-57.0214,108.911,25.9191
2025-01-01 04:25:50,1.0879,0.7907,1.9326,3.0017,28.3814,48.3404,123.9231,0.0281,0.0238,0.0154,61.503,27.1702,-57.0214,108.911,25.9191
2025-01-01 04:26:00,1.0879,0.7907,1.9326,3.0017,28.3814,48.3404,128.8973,0.0281,0.0238,0.0154,61.503,27.1702,-57.0214,108.911,25.9191
2025-01-01 04:26:10,1.0879,0.7907,1.9326,2.7616,28.3814,48.3404,128.8973,0.0281,0.0238,0.0154,61.503,27.1702,-57.0214,108.911,25.9191
2025-01-01 04:26:20,1.0879,0.7907,1.9326,2.7616,28.3814,48.7255,128.8973,0.0281,0.0238,0.0154,61.503,27.1702,-57.0214,108.911,25.9191
2025-01-01 04:26:30,1.0879,0.7907,1.9326,2.7616,28.5273,48.7255,128.8973,0.0281,0.0238,0.0154,61.503,27.1702,-57.0214,108.911,25.9191
2025-01-01 04:26:40,1.0879,0.7907,1.9326,2.7616,28.4966,48.7255,128.8973,0.0281,0.0238,0.0154,61.503,27.1702,-57.0214,108.911,25.9191
2025-01-01 04:26:50,0.7313,0.7907,1.9326,2.7616,28.4966,48.7255,128.8973,0.0281,0.0238,0.0154,61.503,27.1702,-57.0214,108.911,25.9191
2025-01-01 04:27:00,0.7313,0.7907,1.9326,2.7616,28.4966,48.7255,128.8973,0.0281,0.0238,0.0154,64.3035,27.1702,-57.0214,108.911,25.9191
2025-01-01 04:27:10,0.7313,0.7978,1.9326,2.7616,28.4966,48.7255,128.8973,0.0281,0.0238,0.0154,64.3035,27.1702,-57.0214,108.911,25.9191
2025-01-01 04:27:20,0.7313,0.7978,1.9326,2.7616,28.4966,48.7255,128.8973,0.0281,0.0238,0.0154,64.3035,27.1702,-57.0214,105.3779,25.9191
2025-01-01 04:27:30,0.7313,0.7978,1.9326,2.7616,28.4966,48.7255,128.8973,0.0281,0.0238,0.0154,64.3035,27.1702,-57.0214,107.498,25.9191
2025-01-01 04:27:40,0.7313,0.7978,1.9326,2.7616,28.4966,48.7255,128.8973,0.0281,0.0238,0.0154,64.3035,27.1702,-57.0214,108.58,25.9191
2025-01-01 04:27:50,0.7313,0.7978,1.9326,2.7616,28.4966,48.7255,128.8973,0.0281,0.0238,0.017,64.3035,27.1702,-57.0214,108.58,25.9191
2025-01-01 04:28:00,0.7313,0.7978,1.9326,2.7616,28.4966,48.7255,128.8973,0.0281,0.0238,0.0209,64.3035,27.1702,-57.0214,108.58,25.9191
2025-01-01 04:28:10,0.7313,0.7978,1.9326,2.7616,28.4966,48.7255,128.0145,0.0281,0.0238,0.0209,64.3035,27.1702,-57.0214,108.58,25.9191
2025-01-01 04:28:20,0.7313,0.7978,1.9326,2.7616,28.4966,48.0783,128.0145,0.0281,0.0238,0.0209,64.3035,27.1702,-57.0214,108.58,25.9191
2025-01-01 04:28:30,0.7313,0.9416,1.9326,2.7616,28.4966,48.0783,128.0145,0.0281,0.0238,0.0209,64.3035,27.1702,-57.0214,108.58,25.9191
2025-01-01 04:28:40,1.0475,0.9416,1.9326,2.7616,28.4966,48.0783,128.0145,0.0281,0.0238,0.0209,64.3035,27.1702,-57.0214,108.58,25.9191
2025-01-01 04:28:50,1.0475,0.9416,1.9326,2.7616,28.4966,48.0783,114.3186,0.0281,0.0238,0.0209,64.3035,27.1702,-57.0214,108.58,25.9191
2025-01-01 04:29:00,1.0475,0.9416,1.9326,2.7616,28.4966,48.0783,114.3186,0.0281,0.0238,0.0209,64.3035,27.1702,-57.0214,108.58,24.5524
2025-01-01 04:29:10,1.0475,0.9416,2.9342,2.7616,28.4966,48.0783,114.3186,0.0281,0.0238,0.0209,64.3035,27.1702,-57.0214,108.58,24.5524
2025-01-01 04:29:20,1.0475,0.9416,2.9342,2.7616,28.4966,48.0783,114.3186,0.0281,0.0238,0.0209,64.3035,27.1857,-57.0214,108.58,24.5524
2025-01-01 04:29:30,1.0475,0.9416,2.9342,2.7616,28.4966,48.0783,114.3186,0.0281,0.0238,0.0209,64.3035,27.7558,-57.0214,108.58,24.5524
2025-01-01 04:29:40,1.0475,1.0749,2.9342,2.7616,28.4966,48.0783,114.3186,0.0281,0.0238,0.0209,64.3035,27.7558,-57.0214,108.58,24.5524
2025-01-01 04:29:50,1.0475,1.0433,2.9342,2.7616,28.4966,48.0783,114.3186,0.0281,0.0238,0.0209,64.3035,27.7558,-57.0214,108.58,24.5524
2025-01-01 04:30:00,1.0475,1.0433,2.2662,2.7616,28.4966,48.0783,114.3186,0.0281,0.0238,0.0209,64.3035,27.7558,-57.0214,108.58,24.5524
2025-01-01 04:30:10,1.0475,1.0433,2.2662,2.7616,28.5777,48.0783,114.3186,0.0281,0.0238,0.0209,64.3035,27.7558,-57.0214,108.58,24.5524
2025-01-01 04:30:20,1.0475,1.0433,2.2662,2.7616,28.5777,48.0783,114.3186,0.0281,0.0238,0.0215,64.3035,27.7558,-57.0214,108.58,24.5524
2025-01-01 04:30:30,1.0475,1.0433,2.2662,2.7616,28.5777,48.0783,114.3186,0.0256,0.0238,0.0215,64.3035,27.7558,-57.0214,108.58,24.5524
2025-01-01 04:30:40,1.0475,1.0433,2.2662,2.7616,28.5777,48.0783,134.4014,0.0256,0.0238,0.0215,64.3035,27.7558,-57.0214,108.58,24.5524
2025-01-01 04:30:50,1.0475,1.0433,2.2662,2.7616,28.5777,48.0783,134.4014,0.0256,0.0238,0.0215,64.3035,27.7558,-57.0214,108.58,25.6564
2025-01-01 04:31:00,1.0475,1.0433,2.2662,2.7616,28.5777,48.0783,134.4014,0.0256,0.0291,0.0215,64.3035,27.7558,-57.0214,108.58,25.6564
2025-01-01 04:31:10,1.0475,0.721,2.2662,2.7616,28.5777,48.0783,134.4014,0.0256,0.0291,0.0215,64.3035,27.7558,-57.0214,108.58,25.6564
2025-01-01 04:31:20,1.0475,0.721,2.2662,2.7616,28.5777,48.0783,134.4014,0.0256,0.0291,0.0272,64.3035,27.7558,-57.0214,108.58,25.6564
2025-01-01 04:31:30,1.0475,0.721,2.2662,2.7616,28.5777,48.0783,134.4014,0.0256,0.0214,0.0272,64.3035,27.7558,-57.0214,108.58,25.6564
2025-01-01 04:31:40,1.0475,0.721,2.2662,2.7616,28.5777,48.0783,134.4014,0.0256,0.0214,0.0272,64.3035,26.9234,-57.0214,108.58,25.6564
2025-01-01 04:31:50,1.0475,0.721,2.2662,2.7616,28.5777,48.0783,134.4014,0.0256,0.0214,0.0272,64.3035,26.9234,-57.0214,106.9441,25.6564
2025-01-01 04:32:00,1.0475,0.721,2.2662,2.7616,28.5777,48.0783,134.4014,0.0256,0.0214,0.0272,64.3035,26.6755,-57.0214,106.9441,25.6564
2025-01-01 04:32:10,1.0475,0.721,2.2662,2.7616,28.5777,48.0783,134.4014,0.0256,0.0214,0.0272,64.368,26.6755,-57.0214,106.9441,25.6564
2025-01-01 04:32:20,1.0475,0.721,2.2662,2.7616,28.5777,48.0783,134.4014,0.0256,0.0214,0.0264,64.368,26.6755,-57.0214,106.9441,25.6564
2025-01-01 04:32:30,1.0475,0.721,2.2662,2.7616,28.5777,48.0783,134.4014,0.0233,0.0214,0.0264,64.368,26.6755,-57.0214,106.9441,25.6564
2025-01-01 04:32:40,0.7139,0.721,2.2662,2.7616,28.5777,48.0783,134.4014,0.0233,0.0214,0.0264,64.368,26.6755,-57.0214,106.9441,25.6564
2025-01-01 04:32:50,0.6994,0.721,2.2662,2.7616,28.5777,48.0783,134.4014,0.0233,0.0214,0.0264,64.368,26.6755,-57.0214,106.9441,25.6564
2025-01-01 04:33:00,0.6994,0.721,2.2662,2.7616,28.5777,48.0783,115.2031,0.0233,0.0214,0.0264,64.368,26.6755,-57.0214,106.9441,25.6564
2025-01-01 04:33:10,0.6994,0.721,2.2662,2.7616,28.5777,48.0783,115.2031,0.0233,0.0198,0.0264,64.368,26.6755,-57.0214,106.9441,25.6564
2025-01-01 04:33:20,0.6994,0.721,2.2662,2.7616,28.5777,48.0783,115.2031,0.0162,0.0198,0.0264,64.368,26.6755,-57.0214,106.9441,25.6564
2025-01-01 04:33:30,0.6994,0.721,2.2662,2.7616,28.5777,48.0783,115.2031,0.0162,0.0198,0.0264,64.368,26.6755,-58.1742,106.9441,25.6564
2025-01-01 04:33:40,0.6994,0.721,2.2662,2.7616,28.5777,48.0783,115.2031,0.0162,0.0198,0.031,64.368,26.6755,-58.1742,106.9441,25.6564
2025-01-01 04:33:50,0.6994,0.721,2.2662,2.7616,28.5777,48.0783,115.2031,0.0162,0.0198,0.031,64.368,26.6755,-57.8215,106.9441,25.6564
2025-01-01 04:34:00,0.6994,0.721,2.2662,2.9818,28.5777,48.0783,115.2031,0.0162,0.0198,0.031,64.368,26.6755,-57.8215,106.9441,25.6564
2025-01-01 04:34:10,0.6994,0.721,2.2662,2.9818,28.5777,48.0783,115.2031,0.0162,0.0198,0.031,64.368,26.6755,-56.3027,106.9441,25.6564
2025-01-01 04:34:20,0.6994,0.721,1.0765,2.9818,28.5777,48.0783,115.2031,0.0162,0.0198,0.031,64.368,26.6755,-56.3027,106.9441,25.6564
2025-01-01 04:34:30,0.6994,0.721,1.0765,2.9818,28.5777,49.0968,115.2031,0.0162,0.0198,0.031,64.368,26.6755,-56.3027,106.9441,25.6564
2025-01-01 04:34:40,0.6994,0.721,1.0765,2.9818,28.5777,49.0968,115.2031,0.0162,0.0198,0.031,64.368,27.679,-56.3027,106.9441,25.6564
2025-01-01 04:34:50,0.6994,0.721,1.0765,2.9818,28.5777,49.0968,115.2031,0.0162,0.0259,0.031,64.368,27.679,-56.3027,106.9441,25.6564
2025-01-01 04:35:00,0.6994,0.721,1.0765,2.9818,28.6377,49.0968,115.2031,0.0162,0.0259,0.031,64.368,27.679,-56.3027,106.9441,25.6564
2025-01-01 04:35:10,0.6994,0.721,1.0765,2.9818,28.6377,52.4884,115.2031,0.0162,0.0259,0.031,64.368,27.679,-56.3027,106.9441,25.6564
2025-01-01 04:35:20,0.6994,0.721,1.0765,2.9818,28.5457,52.4884,115.2031,0.0162,0.0259,0.031,64.368,27.679,-56.3027,106.9441,25.6564
2025-01-01 04:35:30,0.6994,0.721,1.0765,2.9818,28.5457,52.4884,115.2031,0.0162,0.0259,0.031,64.368,27.679,-56.9481,106.9441,25.6564
2025-01-01 04:35:40,0.6994,0.721,1.0765,2.9818,28.5457,52.4884,115.2031,0.0162,0.023,0.031,64.368,27.679,-56.9481,106.9441,25.6564
2025-01-01 04:35:50,0.6994,0.721,1.0765,2.9818,28.5457,52.4884,115.2031,0.0162,0.023,0.0243,64.368,27.679,-56.9481,106.9441,25.6564
2025-01-01 04:36:00,0.6994,0.721,1.0765,2.9818,28.5457,52.4884,115.2031,0.0162,0.023,0.0243,60.9109,27.679,-56.9481,106.9441,25.6564
2025-01-01 04:36:10,0.6994,0.721,1.0765,2.9818,28.5457,52.4884,115.2031,0.0162,0.023,0.0243,60.9109,27.679,-57.4448,106.9441,25.6564
2025-01-01 04:36:20,0.7598,0.721,1.0765,2.9818,28.5457,52.4884,115.2031,0.0162,0.023,0.0243,60.9109,27.679,-57.4448,106.9441,25.6564
2025-01-01 04:36:30,0.7598,0.721,1.0765,2.9818,28.5457,52.4884,115.2031,0.0162,0.0163,0.0243,60.9109,27.679,-57.4448,106.9441,25.6564
2025-01-01 04:36:40,0.7598,0.721,1.0765,2.9818,28.5457,50.4091,115.2031,0.0162,0.0163,0.0243,60.9109,27.679,-57.4448,106.9441,25.6564
2025-01-01 04:36:50,0.7598,0.721,1.0765,2.9818,28.5457,50.4091,115.2031,0.0162,0.0163,0.0243,60.9109,27.6427,-57.4448,106.9441,25.6564
2025-01-01 04:37:00,0.7598,0.721,1.0765,2.9818,28.5457,50.4091,115.2031,0.0162,0.0163,0.0243,61.5087,27.6427,-57.4448,106.9441,25.6564
2025-01-01 04:37:10,0.7598,0.721,1.0765,2.9818,28.5457,50.4091,115.2031,0.0162,0.0163,0.0243,61.5087,27.6427,-57.4448,110.0207,25.6564
2025-01-01 04:37:20,0.7598,0.721,2.3963,2.9818,28.5457,50.4091,115.2031,0.0162,0.0163,0.0243,61.5087,27.6427,-57.4448,110.0207,25.6564
2025-01-01 04:37:30,0.7598,0.721,2.3963,2.9818,28.5457,48.8006,115.2031,0.0162,0.0163,0.0243,61.5087,27.6427,-57.4448,110.0207,25.6564
2025-01-01 04:37:40,0.7598,0.721,2.3963,2.9588,28.5457,48.8006,115.2031,0.0162,0.0163,0.0243,61.5087,27.6427,-57.4448,110.0207,25.6564
2025-01-01 04:37:50,0.7598,0.721,2.3963,2.9588,28.4006,48.8006,115.2031,0.0162,0.0163,0.0243,61.5087,27.6427,-57.4448,110.0207,25.6564
2025-01-01 04:38:00,0.7598,0.721,2.3963,2.9588,28.4006,48.8006,121.8993,0.0162,0.0163,0.0243,61.5087,27.6427,-57.4448,110.0207,25.6564
2025-01-01 04:38:10,0.7598,0.721,2.3963,2.9588,28.4006,48.8006,121.8993,0.0162,0.0362,0.0243,61.5087,27.6427,-57.4448,110.0207,25.6564
2025-01-01 04:38:20,1.3219,0.721,2.3963,2.9588,28.4006,48.8006,121.8993,0.0162,0.0362,0.0243,61.5087,27.6427,-57.4448,110.0207,25.6564
2025-01-01 04:38:30,1.3219,0.721,2.3963,2.9588,28.4006,48.8006,121.8993,0.0312,0.0362,0.0243,61.5087,27.6427,-57.4448,110.0207,25.6564
2025-01-01 04:38:40,1.3219,0.721,2.3963,2.9588,28.4133,48.8006,121.8993,0.0312,0.0362,0.0243,61.5087,27.6427,-57.4448,110.0207,25.6564
2025-01-01 04:38:50,1.3219,0.4723,2.3963,2.9588,28.4133,48.8006,121.8993,0.0312,0.0362,0.0243,61.5087,27.6427,-57.4448,110.0207,25.6564
2025-01-01 04:39:00,1.3219,0.4723,2.3963,2.9588,28.4133,48.8006,121.8993,0.0312,0.0362,0.0243,61.7411,27.6427,-57.4448,110.0207,25.6564
2025-01-01 04:39:10,1.3219,0.4723,2.3963,2.9588,28.4133,48.8006,121.8993,0.0312,0.0362,0.0243,61.7411,27.2668,-57.4448,110.0207,25.6564
2025-01-01 04:39:20,1.3219,0.4723,2.3963,2.9588,28.4133,47.8114,121.8993,0.0312,0.0362,0.0243,61.7411,27.2668,-57.4448,110.0207,25.6564
2025-01-01 04:39:30,1.3219,0.4723,2.3963,2.9588,28.4133,47.8114,121.8993,0.0312,0.0266,0.0243,61.7411,27.2668,-57.4448,110.0207,25.6564
2025-01-01 04:39:40,1.3219,0.4723,2.3963,2.9588,28.4133,47.8114,121.8993,0.0312,0.0266,0.0243,61.7411,27.2668,-57.4448,107.0241,25.6564
2025-01-01 04:39:50,1.3219,0.4723,2.3963,2.9588,28.4133,47.8114,121.4681,0.0312,0.0266,0.0243,61.7411,27.2668,-57.4448,107.0241,25.6564
2025-01-01 04:40:00,1.3219,0.8629,2.3963,2.9588,28.4133,47.8114,121.4681,0.0312,0.0266,0.0243,61.7411,27.2668,-57.4448,107.0241,25.6564
2025-01-01 04:40:10,1.3219,0.8629,2.3963,2.9588,28.4133,49.3863,121.4681,0.0312,0.0266,0.0243,61.7411,27.2668,-57.4448,107.0241,25.6564
2025-01-01 04:40:20,1.3219,0.8702,2.3963,2.9588,28.4133,49.3863,121.4681,0.0312,0.0266,0.0243,61.7411,27.2668,-57.4448,107.0241,25.6564
2025-01-01 04:40:30,1.3219,0.8702,2.3963,2.9588,28.4133,49.3863,118.1907,0.0312,0.0266,0.0243,61.7411,27.2668,-57.4448,107.0241,25.6564
2025-01-01 04:40:40,1.3219,0.8702,2.3963,2.9588,28.4133,49.3863,118.1907,0.0162,0.0266,0.0243,61.7411,27.2668,-57.4448,107.0241,25.6564
2025-01-01 04:40:50,1.3219,0.8702,2.3963,2.9588,28.2919,49.3863,118.1907,0.0162,0.0266,0.0243,61.7411,27.2668,-57.4448,107.0241,25.6564
2025-01-01 04:41:00,1.3219,0.8702,2.3963,2.9588,28.2919,49.3863,118.1907,0.0162,0.0274,0.0243,61.7411,27.2668,-57.4448,107.0241,25.6564
2025-01-01 04:41:10,1.3219,0.8702,2.3963,2.9588,28.2919,49.3863,116.982,0.0162,0.0274,0.0243,61.7411,27.2668,-57.4448,107.0241,25.6564
2025-01-01 04:41:20,1.3219,0.8702,2.3963,2.9588,28.2919,49.3863,116.982,0.0186,0.0274,0.0243,61.7411,27.2668,-57.4448,107.0241,25.6564
2025-01-01 04:41:30,1.3219,0.8702,2.3963,2.9588,28.2919,49.3863,116.982,0.0186,0.0274,0.0243,61.7411,27.2668,-57.4448,105.1018,25.6564
2025-01-01 04:41:40,1.3219,0.8702,2.3963,2.9588,28.2919,49.3863,116.982,0.0186,0.0191,0.0243,61.7411,27.2668,-57.4448,105.1018,25.6564
2025-01-01 04:41:50,1.3219,0.8702,2.3963,2.9588,28.2919,49.3863,116.982,0.0186,0.0191,0.0243,61.7411,27.0442,-57.4448,105.1018,25.6564
2025-01-01 04:42:00,1.3219,0.8702,2.3963,2.9588,28.2919,49.3863,116.982,0.0186,0.0191,0.022,61.7411,27.0442,-57.4448,105.1018,25.6564
2025-01-01 04:42:10,1.3219,0.8702,2.3963,2.9588,28.2919,49.3863,116.982,0.0186,0.0237,0.022,61.7411,27.0442,-57.4448,105.1018,25.6564
2025-01-01 04:42:20,1.3219,0.8702,2.3963,2.9588,28.2919,49.3863,116.982,0.0186,0.0237,0.0153,61.7411,27.0442,-57.4448,105.1018,25.6564
2025-01-01 04:42:30,1.3219,0.8702,2.3963,2.9588,28.2919,49.3863,116.982,0.0186,0.0237,0.0153,61.7411,27.0442,-57.4448,109.5187,25.6564
2025-01-01 04:42:40,1.3219,0.8702,2.3963,2.9588,28.2919,49.3863,116.982,0.0186,0.0233,0.0153,61.7411,27.0442,-57.4448,109.5187,25.6564
2025-01-01 04:42:50,0.8127,0.8702,2.3963,2.9588,28.2919,49.3863,116.982,0.0186,0.0233,0.0153,61.7411,27.0442,-57.4448,109.5187,25.6564
2025-01-01 04:43:00,0.8402,0.8702,2.3963,2.9588,28.2919,49.3863,116.982,0.0186,0.0233,0.0153,61.7411,27.0442,-57.4448,109.5187,25.6564
2025-01-01 04:43:10,0.8402,0.8702,1.9789,2.9588,28.2919,49.3863,116.982,0.0186,0.0233,0.0153,61.7411,27.0442,-57.4448,109.5187,25.6564
2025-01-01 04:43:20,0.8402,0.8702,1.9789,2.9588,28.4335,49.3863,116.982,0.0186,0.0233,0.0153,61.7411,27.0442,-57.4448,109.5187,25.6564
2025-01-01 04:43:30,0.8402,0.8702,1.9789,2.9588,28.4335,49.3863,116.982,0.0186,0.0233,0.0153,61.7411,27.0442,-57.4448,109.5187,24.6395
2025-01-01 04:43:40,0.8402,0.8702,1.9789,2.9588,28.4335,49.3863,114.3859,0.0186,0.0233,0.0153,61.7411,27.0442,-57.4448,109.5187,24.6395
2025-01-01 04:43:50,0.8402,0.8702,1.9789,2.9588,28.4335,49.4508,114.3859,0.0186,0.0233,0.0153,61.7411,27.0442,-57.4448,109.5187,24.6395
2025-01-01 04:44:00,0.8609,0.8702,1.9789,2.9588,28.4335,49.4508,114.3859,0.0186,0.0233,0.0153,61.7411,27.0442,-57.4448,109.5187,24.6395
2025-01-01 04:44:10,0.8609,0.8702,1.9789,2.9588,28.4335,49.4508,114.3859,0.0186,0.0233,0.0138,61.7411,27.0442,-57.4448,109.5187,24.6395
2025-01-01 04:44:20,0.8609,0.8702,1.9789,2.9588,28.4335,49.4508,114.3859,0.0186,0.0233,0.0138,61.7411,27.0442,-58.1121,109.5187,24.6395
2025-01-01 04:44:30,0.8609,0.8702,1.9789,2.9588,28.4335,49.4508,114.3859,0.0186,0.0233,0.0138,61.7411,27.0442,-58.1121,113.3036,24.6395
2025-01-01 04:44:40,0.8609,0.8702,1.9789,3.0143,28.4335,49.4508,114.3859,0.0186,0.0233,0.0138,61.7411,27.0442,-58.1121,113.3036,24.6395
2025-01-01 04:44:50,0.8609,0.8702,1.9789,3.0143,28.4335,49.4508,114.3859,0.0186,0.0145,0.0138,61.7411,27.0442,-58.1121,113.3036,24.6395
2025-01-01 04:45:00,0.8609,0.8702,1.733,3.0143,28.4335,49.4508,114.3859,0.0186,0.0145,0.0138,61.7411,27.0442,-58.1121,113.3036,24.6395
2025-01-01 04:45:10,0.8609,0.8702,1.733,3.0143,28.4335,49.4508,114.3859,0.0186,0.0145,0.0138,61.5415,27.0442,-58.1121,113.3036,24.6395
2025-01-01 04:45:20,0.8609,0.8702,1.733,3.0143,28.4335,49.4508,114.3859,0.0186,0.0145,0.0138,61.5415,27.0487,-58.1121,113.3036,24.6395
2025-01-01 04:45:30,0.8609,0.8702,1.733,3.0143,28.4335,49.4508,114.3859,0.0186,0.0218,0.0138,61.5415,27.0487,-58.1121,113.3036,24.6395
2025-01-01 04:45:40,0.8609,0.8702,1.733,3.0143,28.4335,50.8473,114.3859,0.0186,0.0218,0.0138,61.5415,27.0487,-58.1121,113.3036,24.6395
2025-01-01 04:45:50,0.8609,0.8702,1.733,3.0143,28.4335,50.8473,114.3859,0.0186,0.0218,0.0138,61.5415,27.7554,-58.1121,113.3036,24.6395
2025-01-01 04:46:00,0.8609,0.8702,1.733,3.0357,28.4335,50.8473,114.3859,0.0186,0.0218,0.0138,61.5415,27.7554,-58.1121,113.3036,24.6395
2025-01-01 04:46:10,0.8609,0.8702,1.733,3.0357,28.4335,50.8473,114.3859,0.0186,0.0259,0.0138,61.5415,27.7554,-58.1121,113.3036,24.6395
2025-01-01 04:46:20,0.5024,0.8702,1.733,3.0357,28.4335,50.8473,114.3859,0.0186,0.0259,0.0138,61.5415,27.7554,-58.1121,113.3036,24.6395
2025-01-01 04:46:30,0.5024,0.8702,1.733,2.9326,28.4335,50.8473,114.3859,0.0186,0.0259,0.0138,61.5415,27.7554,-58.1121,113.3036,24.6395
2025-01-01 04:46:40,0.5024,0.8702,1.733,2.9326,28.4335,50.8473,114.3859,0.0186,0.0259,0.0138,64.4625,27.7554,-58.1121,113.3036,24.6395
2025-01-01 04:46:50,0.5024,0.8702,1.733,2.9326,28.4335,50.8473,114.3859,0.0186,0.0259,0.0138,64.4625,27.7554,-60.2421,113.3036,24.6395
2025-01-01 04:47:00,0.5024,0.8702,1.733,2.9326,28.4335,50.8473,114.3859,0.0186,0.0237,0.0138,64.4625,27.7554,-60.2421,113.3036,24.6395
2025-01-01 04:47:10,0.5024,0.8702,1.733,2.9326,28.4335,50.8473,127.2121,0.0186,0.0237,0.0138,64.4625,27.7554,-60.2421,113.3036,24.6395
2025-01-01 04:47:20,0.8562,0.8702,1.733,2.9326,28.4335,50.8473,127.2121,0.0186,0.0237,0.0138,64.4625,27.7554,-60.2421,113.3036,24.6395
2025-01-01 04:47:30,0.8562,0.8702,1.733,2.9326,28.4335,50.8473,127.2121,0.0186,0.0237,0.0138,60.4518,27.7554,-60.2421,113.3036,24.6395
2025-01-01 04:47:40,0.8562,0.8702,1.733,2.9326,28.4335,49.2014,127.2121,0.0186,0.0237,0.0138,60.4518,27.7554,-60.2421,113.3036,24.6395
2025-01-01 04:47:50,0.8562,0.8702,1.733,2.9326,28.4335,49.2014,127.2121,0.0186,0.0237,0.0138,60.4518,27.7554,-60.2421,109.7018,24.6395
2025-01-01 04:48:00,0.8562,0.8702,1.733,2.9326,28.4847,49.2014,127.2121,0.0186,0.0237,0.0138,60.4518,27.7554,-60.2421,109.7018,24.6395
2025-01-01 04:48:10,0.8562,0.8702,1.733,2.9326,28.4847,49.2014,116.1335,0.0186,0.0237,0.0138,60.4518,27.7554,-60.2421,109.7018,24.6395
2025-01-01 04:48:20,0.8562,0.8702,1.6431,2.9326,28.4847,49.2014,116.1335,0.0186,0.0237,0.0138,60.4518,27.7554,-60.2421,109.7018,24.6395
2025-01-01 04:48:30,0.8562,0.8702,1.6431,2.9326,28.4847,49.2014,116.1335,0.0186,0.0241,0.0138,60.4518,27.7554,-60.2421,109.7018,24.6395
2025-01-01 04:48:40,0.8562,0.8702,1.6431,2.9326,28.581,49.2014,116.1335,0.0186,0.0241,0.0138,60.4518,27.7554,-60.2421,109.7018,24.6395
2025-01-01 04:48:50,0.8562,0.8702,1.6431,2.9093,28.581,49.2014,116.1335,0.0186,0.0241,0.0138,60.4518,27.7554,-60.2421,109.7018,24.6395
2025-01-01 04:49:00,0.8562,0.8702,1.6431,2.9093,28.581,49.2014,116.1335,0.0186,0.0241,0.0138,60.4518,27.7554,-60.2421,108.9074,24.6395
2025-01-01 04:49:10,0.8562,0.8702,1.6431,2.9093,28.581,49.3976,116.1335,0.0186,0.0241,0.0138,60.4518,27.7554,-60.2421,108.9074,24.6395
2025-01-01 04:49:20,0.8562,0.8702,1.6431,2.9093,28.581,49.3976,116.1335,0.0186,0.0241,0.0138,56.9143,27.7554,-60.2421,108.9074,24.6395
2025-01-01 04:49:30,0.8562,0.8702,1.6431,2.9093,28.581,49.3976,116.1335,0.0186,0.0241,0.0138,56.9143,27.7554,-60.2421,109.35,24.6395
2025-01-01 04:49:40,0.8562,0.8706,1.6431,2.9093,28.581,49.3976,116.1335,0.0186,0.0241,0.0138,56.9143,27.7554,-60.2421,109.35,24.6395
2025-01-01 04:49:50,0.5122,0.8706,1.6431,2.9093,28.581,49.3976,116.1335,0.0186,0.0241,0.0138,56.9143,27.7554,-60.2421,109.35,24.6395
2025-01-01 04:50:00,0.5122,0.8706,1.562,2.9093,28.581,49.3976,116.1335,0.0186,0.0241,0.0138,56.9143,27.7554,-60.2421,109.35,24.6395
2025-01-01 04:50:10,0.5122,0.8706,1.562,2.9093,28.581,49.3976,116.1335,0.0186,0.0241,0.0236,56.9143,27.7554,-60.2421,109.35,24.6395
2025-01-01 04:50:20,0.5122,0.8706,1.562,2.9093,28.3101,49.3976,116.1335,0.0186,0.0241,0.0236,56.9143,27.7554,-60.2421,109.35,24.6395
2025-01-01 04:50:30,0.5122,0.8706,1.562,2.9093,28.3101,49.3976,110.9667,0.0186,0.0241,0.0236,56.9143,27.7554,-60.2421,109.35,24.6395
2025-01-01 04:50:40,0.5122,0.8706,2.8314,2.9093,28.3101,49.3976,110.9667,0.0186,0.0241,0.0236,56.9143,27.7554,-60.2421,109.35,24.6395
2025-01-01 04:50:50,0.5122,0.8706,2.8314,2.9093,28.3101,49.3976,128.4883,0.0186,0.0241,0.0236,56.9143,27.7554,-60.2421,109.35,24.6395
2025-01-01 04:51:00,0.5122,0.8706,2.8314,2.9093,28.3101,49.3976,128.4883,0.0186,0.0241,0.0223,56.9143,27.7554,-60.2421,109.35,24.6395
2025-01-01 04:51:10,0.5122,0.8706,2.8314,2.9093,28.3101,49.3976,128.4883,0.0186,0.0241,0.0223,56.9143,27.7554,-60.2421,109.0173,24.6395
2025-01-01 04:51:20,0.5122,0.8706,2.8314,2.9093,28.3101,49.1284,128.4883,0.0186,0.0241,0.0223,56.9143,27.7554,-60.2421,109.0173,24.6395
2025-01-01 04:51:30,0.5122,0.8706,2.8314,2.9093,28.3101,49.1284,123.9573,0.0186,0.0241,0.0223,56.9143,27.7554,-60.2421,109.0173,24.6395
2025-01-01 04:51:40,0.5122,0.8706,2.8314,2.9093,28.3101,49.1284,123.9573,0.0186,0.0241,0.0223,56.9143,27.7554,-60.2421,110.9242,24.6395
2025-01-01 04:51:50,0.5122,0.9445,2.8314,2.9093,28.3101,49.1284,123.9573,0.0186,0.0241,0.0223,56.9143,27.7554,-60.2421,110.9242,24.6395
2025-01-01 04:52:00,0.5122,0.9445,2.8314,2.9093,28.3101,49.1284,123.9573,0.0186,0.0241,0.0223,56.9143,27.7554,-60.0884,110.9242,24.6395
2025-01-01 04:52:10,0.5122,0.9445,2.036,2.9093,28.3101,49.1284,123.9573,0.0186,0.0241,0.0223,56.9143,27.7554,-60.0884,110.9242,24.6395
2025-01-01 04:52:20,0.5122,0.9445,2.036,2.9093,28.4184,49.1284,123.9573,0.0186,0.0241,0.0223,56.9143,27.7554,-60.0884,110.9242,24.6395
2025-01-01 04:52:30,0.9586,0.9445,2.036,2.9093,28.4184,49.1284,123.9573,0.0186,0.0241,0.0223,56.9143,27.7554,-60.0884,110.9242,24.6395
2025-01-01 04:52:40,0.9586,0.9445,2.036,2.9093,28.4184,49.1284,123.9573,0.0186,0.0241,0.0162,56.9143,27.7554,-60.0884,110.9242,24.6395
2025-01-01 04:52:50,0.9586,0.9445,2.036,2.9093,28.4184,49.1284,123.9573,0.0186,0.0132,0.0162,56.9143,27.7554,-60.0884,110.9242,24.6395
2025-01-01 04:53:00,0.9586,0.9445,2.036,2.9093,28.4184,49.1284,123.9573,0.0256,0.0132,0.0162,56.9143,27.7554,-60.0884,110.9242,24.6395
2025-01-01 04:53:10,0.9586,0.9445,2.036,2.9093,28.4184,49.1284,123.9573,0.0233,0.0132,0.0162,56.9143,27.7554,-60.0884,110.9242,24.6395
2025-01-01 04:53:20,0.9586,0.9445,2.036,2.7669,28.4184,49.1284,123.9573,0.0233,0.0132,0.0162,56.9143,27.7554,-60.0884,110.9242,24.6395
2025-01-01 04:53:30,0.9586,0.9445,2.036,2.7669,28.4184,49.1284,123.9573,0.0233,0.0132,0.0162,56.9143,27.7554,-60.0884,110.9242,25.3485
2025-01-01 04:53:40,0.9586,0.9445,2.036,2.7669,28.4184,49.1284,123.9573,0.0233,0.0119,0.0162,56.9143,27.7554,-60.0884,110.9242,25.3485
2025-01-01 04:53:50,0.9586,0.9445,2.036,2.7669,28.4184,49.1284,123.9573,0.0233,0.0119,0.0162,56.9143,27.7554,-60.0884,110.9242,23.9805
2025-01-01 04:54:00,0.9586,0.9445,2.036,2.7669,28.4184,49.1284,123.9573,0.0233,0.0119,0.0162,56.9143,27.7554,-59.8352,110.9242,23.9805
2025-01-01 04:54:10,0.9586,0.9445,2.036,2.7669,28.4184,49.1284,123.9573,0.0233,0.0119,0.0162,56.9143,27.7554,-57.7272,110.9242,23.9805
2025-01-01 04:54:20,0.9586,0.9445,1.6474,2.7669,28.4184,49.1284,123.9573,0.0233,0.0119,0.0162,56.9143,27.7554,-57.7272,110.9242,23.9805
2025-01-01 04:54:30,0.9586,0.9445,1.6474,2.7669,28.4184,49.1284,123.9573,0.0233,0.0199,0.0162,56.9143,27.7554,-57.7272,110.9242,23.9805
2025-01-01 04:54:40,0.9586,0.6969,1.6474,2.7669,28.4184,49.1284,123.9573,0.0233,0.0199,0.0162,56.9143,27.7554,-57.7272,110.9242,23.9805
2025-01-01 04:54:50,0.9586,0.6969,1.6474,3.0417,28.4184,49.1284,123.9573,0.0233,0.0199,0.0162,56.9143,27.7554,-57.7272,110.9242,23.9805
2025-01-01 04:55:00,0.6541,0.6969,1.6474,3.0417,28.4184,49.1284,123.9573,0.0233,0.0199,0.0162,56.9143,27.7554,-57.7272,110.9242,23.9805
2025-01-01 04:55:10,0.6541,0.6969,1.6474,3.0417,28.4184,49.1284,123.9573,0.0233,0.0199,0.0162,60.2107,27.7554,-57.7272,110.9242,23.9805
2025-01-01 04:55:20,0.6541,0.6969,1.6474,3.0417,28.4184,49.1284,123.9573,0.0241,0.0199,0.0162,60.2107,27.7554,-57.7272,110.9242,23.9805
2025-01-01 04:55:30,0.6541,0.6969,1.6474,3.0417,28.4184,49.1284,123.9573,0.0241,0.0199,0.0162,60.2107,27.4581,-57.7272,110.9242,23.9805
2025-01-01 04:55:40,0.6541,0.6969,1.6474,3.0417,28.4184,50.314,123.9573,0.0241,0.0199,0.0162,60.2107,27.4581,-57.7272,110.9242,23.9805
2025-01-01 04:55:50,0.6541,0.6969,1.6474,3.0417,28.3712,50.314,123.9573,0.0241,0.0199,0.0162,60.2107,27.4581,-57.7272,110.9242,23.9805
2025-01-01 04:56:00,0.6541,0.6969,1.6474,3.0417,28.3712,48.8428,123.9573,0.0241,0.0199,0.0162,60.2107,27.4581,-57.7272,110.9242,23.9805
2025-01-01 04:56:10,0.6541,0.6969,2.3614,3.0417,28.3712,48.8428,123.9573,0.0241,0.0199,0.0162,60.2107,27.4581,-57.7272,110.9242,23.9805
2025-01-01 04:56:20,0.6541,0.6969,2.3614,3.0417,28.3712,48.8428,123.9573,0.0241,0.0199,0.024,60.2107,27.4581,-57.7272,110.9242,23.9805
2025-01-01 04:56:30,0.6541,0.6969,1.5344,3.0417,28.3712,48.8428,123.9573,0.0241,0.0199,0.024,60.2107,27.4581,-57.7272,110.9242,23.9805
2025-01-01 04:56:40,0.6541,0.6969,1.5344,3.0417,28.3712,49.0421,123.9573,0.0241,0.0199,0.024,60.2107,27.4581,-57.7272,110.9242,23.9805
2025-01-01 04:56:50,0.6541,0.6969,1.5344,3.0417,28.3712,49.0421,120.2663,0.0241,0.0199,0.024,60.2107,27.4581,-57.7272,110.9242,23.9805
2025-01-01 04:57:00,0.6541,0.6969,1.5344,3.0417,28.3712,49.0421,120.2663,0.0241,0.0199,0.019,60.2107,27.4581,-57.7272,110.9242,23.9805
2025-01-01 04:57:10,0.6541,0.6969,2.1238,3.0417,28.3712,49.0421,120.2663,0.0241,0.0199,0.019,60.2107,27.4581,-57.7272,110.9242,23.9805
2025-01-01 04:57:20,0.6541,0.6969,2.1238,3.0417,28.4624,49.0421,120.2663,0.0241,0.0199,0.019,60.2107,27.4581,-57.7272,110.9242,23.9805
2025-01-01 04:57:30,0.6541,0.6969,2.1238,3.0417,28.3921,49.0421,120.2663,0.0241,0.0199,0.019,60.2107,27.4581,-57.7272,110.9242,23.9805
2025-01-01 04:57:40,0.6541,0.6969,2.1238,3.0417,28.3678,49.0421,120.2663,0.0241,0.0199,0.019,60.2107,27.4581,-57.7272,110.9242,23.9805
2025-01-01 04:57:50,0.6541,0.6969,2.1238,3.0417,28.3678,49.0421,120.2663,0.0241,0.0199,0.019,60.2107,27.4581,-57.7272,106.1054,23.9805
2025-01-01 04:58:00,0.6541,0.6969,2.1238,3.0417,28.3678,49.0421,120.2663,0.0241,0.0199,0.019,58.7493,27.4581,-57.7272,106.1054,23.9805
2025-01-01 04:58:10,0.6541,0.6969,2.1238,3.0417,28.3678,49.0421,120.2663,0.0241,0.0196,0.019,58.7493,27.4581,-57.7272,106.1054,23.9805
2025-01-01 04:58:20,0.6541,0.6969,2.1238,3.0417,28.3678,49.0421,120.2663,0.0241,0.0196,0.019,58.7493,27.4581,-57.7272,106.1054,23.9805
2025-01-01 04:58:30,0.6541,0.6969,2.1238,3.0417,28.3678,49.0421,120.2663,0.0241,0.0196,0.0219,58.7493,27.4581,-57.7272,106.1054,23.9805
2025-01-01 04:58:40,0.6541,0.6969,2.1238,3.0417,28.3678,49.0421,120.2663,0.0241,0.0196,0.0219,58.7493,27.4581,-57.7272,107.3432,23.9805
2025-01-01 04:58:50,0.7686,0.6969,2.1238,3.0417,28.3678,49.0421,120.2663,0.0241,0.0196,0.0219,58.7493,27.4581,-57.7272,107.3432,23.9805
2025-01-01 04:59:00,0.7686,0.6969,2.1238,3.0417,28.3678,49.0421,120.2663,0.0241,0.0196,0.0219,57.3323,27.4581,-57.7272,107.3432,23.9805
2025-01-01 04:59:10,0.7686,0.6969,2.1238,3.0417,28.3678,49.0421,114.0341,0.0241,0.0196,0.0219,57.3323,27.4581,-57.7272,107.3432,23.9805
2025-01-01 04:59:20,0.7686,0.6969,2.1238,3.0417,28.3678,48.4512,114.0341,0.0241,0.0196,0.0219,57.3323,27.4581,-57.7272,107.3432,23.9805
2025-01-01 04:59:30,0.7686,0.6969,2.1238,3.0417,28.3569,48.4512,114.0341,0.0241,0.0196,0.0219,57.3323,27.4581,-57.7272,107.3432,23.9805
2025-01-01 04:59:40,0.7686,0.6969,2.1238,3.0417,28.3569,48.4512,114.0341,0.0241,0.0196,0.0199,57.3323,27.4581,-57.7272,107.3432,23.9805
2025-01-01 04:59:50,0.7686,0.6969,2.1238,3.0417,28.3569,48.4512,114.0341,0.0241,0.028,0.0199,57.3323,27.4581,-57.7272,107.3432,23.9805
2025-01-01 05:00:00,0.7686,0.6969,2.1238,3.0417,28.3569,48.4512,114.0341,0.0241,0.0157,0.0199,57.3323,27.4581,-57.7272,107.3432,23.9805
2025-01-01 05:00:10,0.7686,0.6969,2.1238,3.0417,28.3569,48.4512,114.0341,0.0241,0.0157,0.0199,57.3323,27.4581,-57.7272,107.3432,24.295
2025-01-01 05:00:20,0.7686,0.6969,2.1238,3.0417,28.3569,48.4512,114.0341,0.0241,0.0157,0.0199,57.3323,27.4581,-57.7272,107.9006,24.295
2025-01-01 05:00:30,0.7686,0.6969,2.1238,3.0417,28.3569,48.4512,114.0341,0.0241,0.0157,0.0199,57.3323,27.4581,-57.7272,107.9006,24.1567
2025-01-01 05:00:40,0.7686,0.6969,2.1238,3.0417,28.3569,48.4512,114.0341,0.0241,0.0157,0.0199,57.3323,27.4581,-61.3117,107.9006,24.1567
2025-01-01 05:00:50,0.7686,0.6969,2.1238,3.0417,28.3569,48.4512,114.0341,0.0241,0.0157,0.0199,57.3323,26.6338,-61.3117,107.9006,24.1567
2025-01-01 05:01:00,0.7686,0.6969,2.1238,3.0417,28.3569,48.4512,119.7049,0.0241,0.0157,0.0199,57.3323,26.6338,-61.3117,107.9006,24.1567
2025-01-01 05:01:10,0.7686,0.6969,2.1238,3.0417,28.3569,48.4512,119.7049,0.0241,0.0157,0.0199,61.4041,26.6338,-61.3117,107.9006,24.1567
2025-01-01 05:01:20,0.4469,0.6969,2.1238,3.0417,28.3569,48.4512,119.7049,0.0241,0.0157,0.0199,61.4041,26.6338,-61.3117,107.9006,24.1567
2025-01-01 05:01:30,0.4469,0.6969,2.1238,3.0417,28.3569,48.4512,119.7049,0.0241,0.0157,0.0199,61.4041,26.6338,-61.3117,103.8727,24.1567
2025-01-01 05:01:40,0.4469,0.6969,2.1238,3.0417,28.3569,48.4512,119.7049,0.0241,0.0157,0.0199,61.4041,26.6338,-61.3117,109.7963,24.1567
2025-01-01 05:01:50,0.4469,0.6969,2.1238,3.0417,28.4863,48.4512,119.7049,0.0241,0.0157,0.0199,61.4041,26.6338,-61.3117,109.7963,24.1567
2025-01-01 05:02:00,0.4469,0.6969,2.1238,3.0417,28.4863,48.4512,119.7049,0.0241,0.0157,0.0199,56.7525,26.6338,-61.3117,109.7963,24.1567
2025-01-01 05:02:10,0.4469,0.6969,2.1238,3.0417,28.4863,48.4512,119.7049,0.0241,0.019,0.0199,56.7525,26.6338,-61.3117,109.7963,24.1567
2025-01-01 05:02:20,0.4469,0.6969,2.1238,3.0417,28.4345,48.4512,119.7049,0.0241,0.019,0.0199,56.7525,26.6338,-61.3117,109.7963,24.1567
2025-01-01 05:02:30,0.4469,0.6969,2.1238,3.0417,28.4345,48.4512,119.7049,0.0241,0.019,0.0199,64.0165,26.6338,-61.3117,109.7963,24.1567
2025-01-01 05:02:40,0.4469,0.6969,2.1238,3.0417,28.4545,48.4512,119.7049,0.0241,0.019,0.0199,64.0165,26.6338,-61.3117,109.7963,24.1567
2025-01-01 05:02:50,0.4469,0.6969,2.1238,3.0417,28.4545,48.4512,119.7049,0.0241,0.019,0.0189,64.0165,26.6338,-61.3117,109.7963,24.1567
2025-01-01 05:03:00,0.4469,0.5567,2.1238,3.0417,28.4545,48.4512,119.7049,0.0241,0.019,0.0189,64.0165,26.6338,-61.3117,109.7963,24.1567
2025-01-01 05:03:10,0.4469,0.5567,2.1238,3.0417,28.4545,48.4512,119.7049,0.0221,0.019,0.0189,64.0165,26.6338,-61.3117,109.7963,24.1567
2025-01-01 05:03:20,0.4469,0.5567,1.8196,3.0417,28.4545,48.4512,119.7049,0.0221,0.019,0.0189,64.0165,26.6338,-61.3117,109.7963,24.1567
2025-01-01 05:03:30,0.4469,0.5567,1.8196,3.0417,28.3944,48.4512,119.7049,0.0221,0.019,0.0189,64.0165,26.6338,-61.3117,109.7963,24.1567
2025-01-01 05:03:40,0.4469,0.5567,1.8196,3.0417,28.3944,48.4512,119.7049,0.0221,0.019,0.0173,64.0165,26.6338,-61.3117,109.7963,24.1567
2025-01-01 05:03:50,0.4469,0.5567,1.8196,3.0417,28.3709,48.4512,119.7049,0.0221,0.019,0.0173,64.0165,26.6338,-61.3117,109.7963,24.1567
2025-01-01 05:04:00,0.4469,0.5567,1.8196,3.0417,28.3709,48.4512,119.7049,0.0221,0.019,0.0173,64.0165,26.6338,-59.4365,109.7963,24.1567
2025-01-01 05:04:10,0.4469,0.5567,1.8196,3.0417,28.3709,48.4512,119.7049,0.0221,0.019,0.0173,64.0165,26.4928,-59.4365,109.7963,24.1567
2025-01-01 05:04:20,0.4469,0.5567,1.8196,3.0417,28.3709,48.4512,119.7049,0.0221,0.019,0.0173,62.8159,26.4928,-59.4365,109.7963,24.1567
2025-01-01 05:04:30,0.4469,0.5567,1.8196,3.0417,28.3709,48.4512,119.7049,0.0221,0.019,0.0173,62.8159,26.4928,-59.4365,109.7963,25.3695
2025-01-01 05:04:40,0.9307,0.5567,1.8196,3.0417,28.3709,48.4512,119.7049,0.0221,0.019,0.0173,62.8159,26.4928,-59.4365,109.7963,25.3695
2025-01-01 05:04:50,0.9307,0.9615,1.8196,3.0417,28.3709,48.4512,119.7049,0.0221,0.019,0.0173,62.8159,26.4928,-59.4365,109.7963,25.3695
2025-01-01 05:05:00,0.9307,0.9615,1.8196,3.0417,28.4794,48.4512,119.7049,0.0221,0.019,0.0173,62.8159,26.4928,-59.4365,109.7963,25.3695
2025-01-01 05:05:10,0.7252,0.9615,1.8196,3.0417,28.4794,48.4512,119.7049,0.0221,0.019,0.0173,62.8159,26.4928,-59.4365,109.7963,25.3695
2025-01-01 05:05:20,0.7252,0.9615,1.8196,3.0417,28.4794,48.4512,119.7049,0.0221,0.019,0.0173,62.8159,26.4928,-59.4365,106.6673,25.3695
2025-01-01 05:05:30,0.7252,0.9615,1.8196,3.0417,28.4794,48.4512,119.7049,0.0221,0.019,0.0152,62.8159,26.4928,-59.4365,106.6673,25.3695
2025-01-01 05:05:40,0.7252,0.9615,1.8196,3.0417,28.4794,48.4512,125.2234,0.0221,0.019,0.0152,62.8159,26.4928,-59.4365,106.6673,25.3695
2025-01-01 05:05:50,0.7505,0.9615,1.8196,3.0417,28.4794,48.4512,125.2234,0.0221,0.019,0.0152,62.8159,26.4928,-59.4365,106.6673,25.3695
2025-01-01 05:06:00,0.7505,0.9615,1.8196,3.0417,28.4794,48.4512,125.2234,0.0221,0.019,0.0152,60.0679,26.4928,-59.4365,106.6673,25.3695
2025-01-01 05:06:10,0.7505,0.9615,1.8196,3.0417,28.4794,48.4512,118.4489,0.0221,0.019,0.0152,60.0679,26.4928,-59.4365,106.6673,25.3695
2025-01-01 05:06:20,0.7505,0.9615,1.8196,3.0417,28.4794,48.4512,113.995,0.0221,0.019,0.0152,60.0679,26.4928,-59.4365,106.6673,25.3695
2025-01-01 05:06:30,0.7505,0.6038,1.8196,3.0417,28.4794,48.4512,113.995,0.0221,0.019,0.0152,60.0679,26.4928,-59.4365,106.6673,25.3695
2025-01-01 05:06:40,0.7505,0.6038,1.8196,3.0417,28.4794,48.4512,113.995,0.0221,0.0117,0.0152,60.0679,26.4928,-59.4365,106.6673,25.3695
2025-01-01 05:06:50,0.7505,0.7192,1.8196,3.0417,28.4794,48.4512,113.995,0.0221,0.0117,0.0152,60.0679,26.4928,-59.4365,106.6673,25.3695
2025-01-01 05:07:00,0.7505,0.7192,1.8196,3.0417,28.4794,48.8337,113.995,0.0221,0.0117,0.0152,60.0679,26.4928,-59.4365,106.6673,25.3695
2025-01-01 05:07:10,0.7505,0.7192,1.8196,3.0417,28.4855,48.8337,113.995,0.0221,0.0117,0.0152,60.0679,26.4928,-59.4365,106.6673,25.3695
2025-01-01 05:07:20,0.7505,0.7192,1.8196,3.0417,28.4855,48.8337,113.995,0.0221,0.0117,0.0152,61.6856,26.4928,-59.4365,106.6673,25.3695
2025-01-01 05:07:30,0.7505,0.7192,1.8196,3.0417,28.4855,48.8337,113.995,0.0221,0.0038,0.0152,61.6856,26.4928,-59.4365,106.6673,25.3695
2025-01-01 05:07:40,0.7505,0.7192,1.8196,3.0417,28.4855,48.8337,113.995,0.0221,0.0038,0.0152,61.6856,26.7975,-59.4365,106.6673,25.3695
2025-01-01 05:07:50,0.7505,0.7192,1.8196,3.0417,28.4855,48.8337,113.995,0.0221,0.0038,0.0152,61.6856,26.7975,-59.4365,106.1727,25.3695
2025-01-01 05:08:00,0.7505,0.7192,1.8196,3.0417,28.4855,48.8337,113.995,0.0221,0.0218,0.0152,61.6856,26.7975,-59.4365,106.1727,25.3695
2025-01-01 05:08:10,0.7505,0.7192,1.8196,3.0417,28.4855,48.8337,113.995,0.0221,0.0218,0.0257,61.6856,26.7975,-59.4365,106.1727,25.3695
2025-01-01 05:08:20,0.7505,0.7192,1.8196,3.0417,28.4855,48.8337,110.9602,0.0221,0.0218,0.0257,61.6856,26.7975,-59.4365,106.1727,25.3695
2025-01-01 05:08:30,0.7505,0.7192,1.8196,3.0417,28.4855,48.8337,110.9602,0.0221,0.0218,0.0257,61.6856,26.7975,-61.6349,106.1727,25.3695
2025-01-01 05:08:40,0.7505,0.7192,2.1088,3.0417,28.4855,48.8337,110.9602,0.0221,0.0218,0.0257,61.6856,26.7975,-61.6349,106.1727,25.3695
2025-01-01 05:08:50,0.7505,0.7192,2.1088,3.0417,28.4855,48.8337,117.1434,0.0221,0.0218,0.0257,61.6856,26.7975,-61.6349,106.1727,25.3695
2025-01-01 05:09:00,0.7505,0.7192,2.1088,3.0417,28.4855,48.8337,117.1434,0.0221,0.0218,0.0257,61.6856,26.7975,-59.085,106.1727,25.3695
2025-01-01 05:09:10,0.7858,0.7192,2.1088,3.0417,28.4855,48.8337,117.1434,0.0221,0.0218,0.0257,61.6856,26.7975,-59.085,106.1727,25.3695
2025-01-01 05:09:20,0.7858,0.7192,2.1088,3.0417,28.4855,48.8337,117.1434,0.0221,0.0218,0.0257,61.6856,26.7975,-59.085,106.1727,24.4279
2025-01-01 05:09:30,0.7858,0.7727,2.1088,3.0417,28.4855,48.8337,117.1434,0.0221,0.0218,0.0257,61.6856,26.7975,-59.085,106.1727,24.4279
2025-01-01 05:09:40,0.7858,0.7727,2.1088,3.0417,28.4855,48.8337,117.1434,0.0221,0.0218,0.0257,61.6856,26.8571,-59.085,106.1727,24.4279
2025-01-01 05:09:50,0.6054,0.7727,2.1088,3.0417,28.4855,48.8337,117.1434,0.0221,0.0218,0.0257,61.6856,26.8571,-59.085,106.1727,24.4279
2025-01-01 05:10:00,0.6054,0.7727,2.404,3.0417,28.4855,48.8337,117.1434,0.0221,0.0218,0.0257,61.6856,26.8571,-59.085,106.1727,24.4279
2025-01-01 05:10:10,0.6054,0.7727,2.404,3.0417,28.4855,48.8337,131.7365,0.0221,0.0218,0.0257,61.6856,26.8571,-59.085,106.1727,24.4279
2025-01-01 05:10:20,0.6054,0.7727,2.404,3.0417,28.4855,48.8337,131.7365,0.0221,0.0218,0.0236,61.6856,26.8571,-59.085,106.1727,24.4279
2025-01-01 05:10:30,0.6054,0.7727,2.404,3.0417,28.4855,48.8337,131.7365,0.0221,0.0218,0.0236,61.6856,26.8571,-59.085,108.7234,24.4279
2025-01-01 05:10:40,0.6054,0.7727,2.404,3.0417,28.4855,48.8337,131.7365,0.0213,0.0218,0.0236,61.6856,26.8571,-59.085,108.7234,24.4279
2025-01-01 05:10:50,0.6054,0.7727,2.404,3.0417,28.4855,48.8337,131.7365,0.0213,0.0218,0.0236,61.6856,26.8571,-61.0075,108.7234,24.4279
2025-01-01 05:11:00,0.6054,0.7727,2.404,3.0417,28.4855,48.8337,131.7365,0.0213,0.0218,0.0117,61.6856,26.8571,-61.0075,108.7234,24.4279
2025-01-01 05:11:10,0.6054,0.7727,2.404,3.0417,28.4855,48.8337,131.7365,0.0213,0.0244,0.0117,61.6856,26.8571,-61.0075,108.7234,24.4279
2025-01-01 05:11:20,0.6054,0.7727,2.404,3.0417,28.4855,48.8337,131.7365,0.0213,0.0244,0.0117,59.6172,26.8571,-61.0075,108.7234,24.4279
2025-01-01 05:11:30,0.6054,0.7727,2.404,3.0417,28.4855,48.8337,131.7365,0.0213,0.0244,0.0117,59.6172,26.4363,-61.0075,108.7234,24.4279
2025-01-01 05:11:40,0.6054,0.7727,2.404,3.0417,28.4855,48.8337,131.7365,0.0213,0.0244,0.0117,59.6172,26.4363,-61.0075,110.0534,24.4279
2025-01-01 05:11:50,0.6054,0.7727,1.5977,3.0417,28.4855,48.8337,131.7365,0.0213,0.0244,0.0117,59.6172,26.4363,-61.0075,110.0534,24.4279
2025-01-01 05:12:00,0.6054,0.7727,1.5977,3.0417,28.4855,48.8337,131.7365,0.0257,0.0244,0.0117,59.6172,26.4363,-61.0075,110.0534,24.4279
2025-01-01 05:12:10,0.6054,0.7727,1.5977,3.0417,28.4855,48.8337,131.7365,0.0257,0.0244,0.0117,59.6172,26.4363,-61.0075,110.0534,24.9003
2025-01-01 05:12:20,0.6054,0.7727,2.5903,3.0417,28.4855,48.8337,131.7365,0.0257,0.0244,0.0117,59.6172,26.4363,-61.0075,110.0534,24.9003
2025-01-01 05:12:30,0.6054,0.576,2.5903,3.0417,28.4855,48.8337,131.7365,0.0257,0.0244,0.0117,59.6172,26.4363,-61.0075,110.0534,24.9003
2025-01-01 05:12:40,0.6054,0.4883,2.5903,3.0417,28.4855,48.8337,131.7365,0.0257,0.0244,0.0117,59.6172,26.4363,-61.0075,110.0534,24.9003
2025-01-01 05:12:50,0.6054,0.4883,2.5903,3.0417,28.4855,48.8337,131.7365,0.0257,0.0244,0.0117,59.6172,26.4363,-60.8872,110.0534,24.9003
2025-01-01 05:13:00,0.6054,0.4883,2.5903,2.9373,28.4855,48.8337,131.7365,0.0257,0.0244,0.0117,59.6172,26.4363,-60.8872,110.0534,24.9003
2025-01-01 05:13:10,0.6054,0.4883,2.5903,2.9373,28.4855,48.8337,131.7365,0.0257,0.0244,0.0117,59.6172,26.4363,-60.8872,110.0534,24.6805
2025-01-01 05:13:20,0.6054,0.4883,2.5903,2.9373,28.4855,48.8337,131.7365,0.0257,0.0244,0.0117,59.6172,26.4363,-61.0918,110.0534,24.6805
2025-01-01 05:13:30,0.6054,0.4883,2.514,2.9373,28.4855,48.8337,131.7365,0.0257,0.0244,0.0117,59.6172,26.4363,-61.0918,110.0534,24.6805
2025-01-01 05:13:40,0.6054,0.4883,2.514,2.9373,28.4855,48.8337,131.7365,0.0257,0.0244,0.0231,59.6172,26.4363,-61.0918,110.0534,24.6805
2025-01-01 05:13:50,0.6054,0.4883,2.514,2.9373,28.4855,48.8337,120.483,0.0257,0.0244,0.0231,59.6172,26.4363,-61.0918,110.0534,24.6805
2025-01-01 05:14:00,0.6054,0.4883,2.514,2.9373,28.4855,48.8337,120.483,0.0257,0.0284,0.0231,59.6172,26.4363,-61.0918,110.0534,24.6805
2025-01-01 05:14:10,0.6054,0.4883,2.514,2.9373,28.4855,48.8337,120.483,0.0257,0.0284,0.0231,59.6172,26.4363,-61.0918,108.0456,24.6805
2025-01-01 05:14:20,0.6054,0.4883,2.514,2.9373,28.4855,48.8337,118.2315,0.0257,0.0284,0.0231,59.6172,26.4363,-61.0918,108.0456,24.6805
2025-01-01 05:14:30,0.6054,0.4883,2.514,2.9373,28.4855,48.8337,118.2315,0.0257,0.0284,0.0231,59.6172,26.4363,-61.0918,108.0456,23.9753
2025-01-01 05:14:40,0.6054,0.4883,2.514,2.9373,28.4855,48.8337,118.2315,0.0123,0.0284,0.0231,59.6172,26.4363,-61.0918,108.0456,23.9753
2025-01-01 05:14:50,0.6054,0.4883,2.514,2.9373,28.4855,49.174,118.2315,0.0123,0.0284,0.0231,59.6172,26.4363,-61.0918,108.0456,23.9753
2025-01-01 05:15:00,0.6054,0.4883,2.514,2.9373,28.4855,49.174,118.2315,0.0123,0.0284,0.0216,59.6172,26.4363,-61.0918,108.0456,23.9753
2025-01-01 05:15:10,0.6054,0.4883,2.514,2.9373,28.4855,49.174,118.2315,0.0123,0.0284,0.0216,59.6172,26.1156,-61.0918,108.0456,23.9753
2025-01-01 05:15:20,0.6054,0.4883,2.514,2.9373,28.4855,49.174,118.2315,0.0123,0.0284,0.0216,59.6172,27.0859,-61.0918,108.0456,23.9753
2025-01-01 05:15:30,0.6054,0.4883,2.514,2.9373,28.4855,49.174,118.2315,0.0123,0.0211,0.0216,59.6172,27.0859,-61.0918,108.0456,23.9753
2025-01-01 05:15:40,0.6054,0.7421,2.514,2.9373,28.4855,49.174,118.2315,0.0123,0.0211,0.0216,59.6172,27.0859,-61.0918,108.0456,23.9753
2025-01-01 05:15:50,0.6054,0.7421,2.514,2.9373,28.4855,49.174,118.2315,0.0123,0.0211,0.0216,59.6172,27.0859,-61.0918,108.0456,24.4534
2025-01-01 05:16:00,0.6054,0.7421,2.514,2.9373,28.2981,49.174,118.2315,0.0123,0.0211,0.0216,59.6172,27.0859,-61.0918,108.0456,24.4534
2025-01-01 05:16:10,0.6054,0.7421,2.514,2.9373,28.2981,49.174,118.2315,0.0123,0.0211,0.0216,59.6172,26.685,-61.0918,108.0456,24.4534
2025-01-01 05:16:20,0.6054,0.7421,2.514,2.9373,28.2981,49.174,118.2315,0.0123,0.0189,0.0216,59.6172,26.685,-61.0918,108.0456,24.4534
2025-01-01 05:16:30,0.6054,0.3725,2.514,2.9373,28.2981,49.174,118.2315,0.0123,0.0189,0.0216,59.6172,26.685,-61.0918,108.0456,24.4534
2025-01-01 05:16:40,0.6054,0.3725,2.514,2.9373,28.2981,49.174,110.937,0.0123,0.0189,0.0216,59.6172,26.685,-61.0918,108.0456,24.4534
2025-01-01 05:16:50,0.6054,0.9166,2.514,2.9373,28.2981,49.174,110.937,0.0123,0.0189,0.0216,59.6172,26.685,-61.0918,108.0456,24.4534
2025-01-01 05:17:00,0.6054,0.9166,2.514,2.9373,28.2981,49.174,115.4206,0.0123,0.0189,0.0216,59.6172,26.685,-61.0918,108.0456,24.4534
2025-01-01 05:17:10,0.6054,0.9166,2.514,2.9373,28.2981,49.174,115.4206,0.0123,0.0189,0.0216,61.2113,26.685,-61.0918,108.0456,24.4534
2025-01-01 05:17:20,0.6054,0.9166,2.514,2.9373,28.2981,49.174,115.4206,0.0123,0.0189,0.0147,61.2113,26.685,-61.0918,108.0456,24.4534
2025-01-01 05:17:30,0.6054,0.9166,2.514,2.9373,28.2981,49.174,115.4206,0.0123,0.0202,0.0147,61.2113,26.685,-61.0918,108.0456,24.4534
2025-01-01 05:17:40,0.6054,0.9166,2.514,2.9373,28.2981,49.174,115.4206,0.0123,0.0202,0.0147,61.2279,26.685,-61.0918,108.0456,24.4534
2025-01-01 05:17:50,0.6054,0.9166,2.0015,2.9373,28.2981,49.174,115.4206,0.0123,0.0202,0.0147,61.2279,26.685,-61.0918,108.0456,24.4534
2025-01-01 05:18:00,0.6054,0.9166,2.0015,2.9373,28.2981,49.174,115.4206,0.0123,0.0202,0.0147,61.2279,26.685,-61.0918,106.5772,24.4534
2025-01-01 05:18:10,0.6054,0.9166,2.0015,2.9373,28.2878,49.174,115.4206,0.0123,0.0202,0.0147,61.2279,26.685,-61.0918,106.5772,24.4534
2025-01-01 05:18:20,0.6054,0.9166,2.0015,2.9373,28.2878,49.174,115.4206,0.0123,0.0202,0.0147,61.2279,26.685,-61.0918,106.6747,24.4534
2025-01-01 05:18:30,0.6054,0.9166,2.0015,2.9373,28.2878,49.174,115.4206,0.0123,0.0202,0.0147,61.2279,26.685,-61.0918,106.4751,24.4534
2025-01-01 05:18:40,0.6054,0.9166,2.0015,2.9373,28.2878,49.174,115.4206,0.0123,0.0078,0.0147,61.2279,26.685,-61.0918,106.4751,24.4534
2025-01-01 05:18:50,0.6054,0.9166,2.0015,2.9373,28.2878,49.174,115.4206,0.02,0.0078,0.0147,61.2279,26.685,-61.0918,106.4751,24.4534
2025-01-01 05:19:00,0.6054,0.9166,2.0015,2.9373,28.2878,49.174,115.4206,0.02,0.0078,0.0147,61.2279,26.685,-61.0918,107.1953,24.4534
2025-01-01 05:19:10,0.6054,0.9166,2.0015,2.9373,28.2878,48.8376,115.4206,0.02,0.0078,0.0147,61.2279,26.685,-61.0918,107.1953,24.4534
2025-01-01 05:19:20,0.6054,0.9166,2.0015,2.9373,28.2878,48.8376,115.4206,0.02,0.0078,0.0187,61.2279,26.685,-61.0918,107.1953,24.4534
2025-01-01 05:19:30,0.6054,0.9166,2.0015,2.9373,28.2878,48.8376,115.4206,0.02,0.0078,0.0187,61.2279,26.685,-61.0918,108.8702,24.4534
2025-01-01 05:19:40,0.6054,0.9166,2.0015,2.9373,28.2878,48.8376,115.4206,0.02,0.0078,0.0187,61.2279,26.685,-61.0918,108.6124,24.4534
2025-01-01 05:19:50,0.6054,0.9166,1.8327,2.9373,28.2878,48.8376,115.4206,0.02,0.0078,0.0187,61.2279,26.685,-61.0918,108.6124,24.4534
2025-01-01 05:20:00,0.6054,0.9166,1.8327,2.9373,28.2878,48.8376,115.4206,0.02,0.0078,0.0187,61.2279,26.685,-61.0918,106.9499,24.4534
2025-01-01 05:20:10,0.6054,0.9166,1.8327,2.9373,28.2878,48.8376,115.4206,0.02,0.0078,0.0187,61.2279,26.6746,-61.0918,106.9499,24.4534
2025-01-01 05:20:20,0.6054,0.9166,1.8327,2.9373,28.2878,48.8376,115.4206,0.02,0.0078,0.0187,61.2279,26.6746,-61.0918,110.1789,24.4534
2025-01-01 05:20:30,0.6054,0.9166,1.8327,2.9373,28.2878,48.8376,115.4206,0.02,0.0078,0.0187,61.2279,26.6746,-60.7643,110.1789,24.4534
2025-01-01 05:20:40,0.7622,0.9166,1.8327,2.9373,28.2878,48.8376,115.4206,0.02,0.0078,0.0187,61.2279,26.6746,-60.7643,110.1789,24.4534
2025-01-01 05:20:50,0.7622,0.3815,1.8327,2.9373,28.2878,48.8376,115.4206,0.02,0.0078,0.0187,61.2279,26.6746,-60.7643,110.1789,24.4534
2025-01-01 05:21:00,0.7622,0.3815,1.8327,2.9373,28.2878,48.8376,115.4206,0.02,0.0078,0.0187,61.2279,26.6746,-60.357,110.1789,24.4534
2025-01-01 05:21:10,0.7622,0.3815,1.8327,2.9373,28.2878,48.8376,115.4206,0.0193,0.0078,0.0187,61.2279,26.6746,-60.357,110.1789,24.4534
2025-01-01 05:21:20,0.7622,0.3815,1.8327,2.9373,28.2878,48.8376,115.4206,0.0193,0.0078,0.0187,61.2279,26.959,-60.357,110.1789,24.4534
2025-01-01 05:21:30,0.8346,0.3815,1.8327,2.9373,28.2878,48.8376,115.4206,0.0193,0.0078,0.0187,61.2279,26.959,-60.357,110.1789,24.4534
2025-01-01 05:21:40,0.8346,0.3815,1.8327,2.9373,28.2878,48.8376,116.0839,0.0193,0.0078,0.0187,61.2279,26.959,-60.357,110.1789,24.4534
2025-01-01 05:21:50,0.8346,0.3815,1.8327,2.7625,28.2878,48.8376,116.0839,0.0193,0.0078,0.0187,61.2279,26.959,-60.357,110.1789,24.4534
2025-01-01 05:22:00,0.8346,0.3815,1.8327,2.7625,28.2878,48.8376,116.0839,0.0193,0.0078,0.0187,61.2279,26.959,-61.6782,110.1789,24.4534
2025-01-01 05:22:10,0.8346,0.3815,1.8327,2.7625,28.2878,48.8376,116.0839,0.0193,0.0078,0.0238,61.2279,26.959,-61.6782,110.1789,24.4534
2025-01-01 05:22:20,0.8346,0.3815,1.8327,2.7625,28.2878,48.8376,116.0839,0.0193,0.0078,0.0238,61.2279,26.959,-60.102,110.1789,24.4534
2025-01-01 05:22:30,0.3965,0.3815,1.8327,2.7625,28.2878,48.8376,116.0839,0.0193,0.0078,0.0238,61.2279,26.959,-60.102,110.1789,24.4534
2025-01-01 05:22:40,0.3965,0.3815,1.8327,2.7625,28.2878,48.8376,116.0839,0.0193,0.0078,0.0238,61.2279,26.959,-58.6012,110.1789,24.4534
2025-01-01 05:22:50,0.3965,0.3815,2.2956,2.7625,28.2878,48.8376,116.0839,0.0193,0.0078,0.0238,61.2279,26.959,-58.6012,110.1789,24.4534
2025-01-01 05:23:00,0.3965,0.3815,2.2956,2.7625,28.2878,48.8376,116.0839,0.0193,0.0182,0.0238,61.2279,26.959,-58.6012,110.1789,24.4534
2025-01-01 05:23:10,0.3965,0.3815,2.2956,2.7625,28.2878,47.2181,116.0839,0.0193,0.0182,0.0238,61.2279,26.959,-58.6012,110.1789,24.4534
2025-01-01 05:23:20,0.3965,0.3815,2.2956,2.7625,28.3798,47.2181,116.0839,0.0193,0.0182,0.0238,61.2279,26.959,-58.6012,110.1789,24.4534
2025-01-01 05:23:30,0.3965,0.3815,2.2956,2.7625,28.3798,47.2181,116.0839,0.0193,0.0118,0.0238,61.2279,26.959,-58.6012,110.1789,24.4534
2025-01-01 05:23:40,0.3965,0.3815,2.2956,2.9178,28.3798,47.2181,116.0839,0.0193,0.0118,0.0238,61.2279,26.959,-58.6012,110.1789,24.4534
2025-01-01 05:23:50,0.3965,0.3815,2.2956,2.9178,28.3798,47.2181,118.4729,0.0193,0.0118,0.0238,61.2279,26.959,-58.6012,110.1789,24.4534
2025-01-01 05:24:00,0.3965,0.3815,2.2956,2.977,28.3798,47.2181,118.4729,0.0193,0.0118,0.0238,61.2279,26.959,-58.6012,110.1789,24.4534
2025-01-01 05:24:10,0.3965,0.3815,2.2956,2.977,28.3798,47.2181,118.4729,0.0193,0.0118,0.0238,61.2279,26.959,-58.6012,110.1789,25.0326
2025-01-01 05:24:20,0.3965,0.4452,2.2956,2.977,28.3798,47.2181,118.4729,0.0193,0.0118,0.0238,61.2279,26.959,-58.6012,110.1789,25.0326
2025-01-01 05:24:30,0.3965,0.4452,2.2956,2.977,28.3798,47.2181,131.3178,0.0193,0.0118,0.0238,61.2279,26.959,-58.6012,110.1789,25.0326
2025-01-01 05:24:40,0.3965,0.4452,2.2956,2.977,28.3798,47.2181,131.3178,0.0193,0.0118,0.0238,60.1572,26.959,-58.6012,110.1789,25.0326
2025-01-01 05:24:50,0.3965,0.4452,2.2956,2.977,28.3798,47.2181,131.3178,0.0193,0.0102,0.0238,60.1572,26.959,-58.6012,110.1789,25.0326
2025-01-01 05:25:00,0.3965,0.4452,2.2956,2.8338,28.3798,47.2181,131.3178,0.0193,0.0102,0.0238,60.1572,26.959,-58.6012,110.1789,25.0326
2025-01-01 05:25:10,0.3965,0.7895,2.2956,2.8338,28.3798,47.2181,131.3178,0.0193,0.0102,0.0238,60.1572,26.959,-58.6012,110.1789,25.0326
2025-01-01 05:25:20,0.3965,0.7895,2.2956,2.8338,28.3798,47.2181,131.3178,0.0193,0.0102,0.0238,60.1572,26.959,-58.6012,110.1789,24.3558
2025-01-01 05:25:30,0.3965,0.6043,2.2956,2.8338,28.3798,47.2181,131.3178,0.0193,0.0102,0.0238,60.1572,26.959,-58.6012,110.1789,24.3558
2025-01-01 05:25:40,0.3965,0.6043,2.2956,2.8338,28.3798,47.2181,131.3178,0.0193,0.0102,0.0238,58.5404,26.959,-58.6012,110.1789,24.3558
2025-01-01 05:25:50,0.3965,0.6043,2.2956,2.8338,28.3798,48.0138,131.3178,0.0193,0.0102,0.0238,58.5404,26.959,-58.6012,110.1789,24.3558
2025-01-01 05:26:00,0.3965,0.6043,2.2956,2.8338,28.3798,48.9681,131.3178,0.0193,0.0102,0.0238,58.5404,26.959,-58.6012,110.1789,24.3558
2025-01-01 05:26:10,0.3965,0.6043,2.2956,2.8338,28.3798,48.9681,131.3178,0.0193,0.0102,0.0238,58.5404,26.959,-61.8871,110.1789,24.3558
2025-01-01 05:26:20,0.3965,0.6043,2.2956,2.8338,28.3798,48.9681,131.3178,0.0193,0.0102,0.018,58.5404,26.959,-61.8871,110.1789,24.3558
2025-01-01 05:26:30,0.3965,0.629,2.2956,2.8338,28.3798,48.9681,131.3178,0.0193,0.0102,0.018,58.5404,26.959,-61.8871,110.1789,24.3558
2025-01-01 05:26:40,0.3965,0.629,2.2956,2.8338,28.3798,48.9681,131.3178,0.0193,0.0102,0.018,58.5404,26.959,-61.6356,110.1789,24.3558
2025-01-01 05:26:50,0.3965,0.629,2.2956,2.8338,28.3798,48.9681,131.3178,0.0193,0.0102,0.018,58.5404,27.0648,-61.6356,110.1789,24.3558
2025-01-01 05:27:00,0.6764,0.629,2.2956,2.8338,28.3798,48.9681,131.3178,0.0193,0.0102,0.018,58.5404,27.0648,-61.6356,110.1789,24.3558
2025-01-01 05:27:10,0.6764,0.629,2.2956,2.8338,28.3798,48.9681,131.3178,0.0193,0.0102,0.0197,58.5404,27.0648,-61.6356,110.1789,24.3558
2025-01-01 05:27:20,0.8623,0.629,2.2956,2.8338,28.3798,48.9681,131.3178,0.0193,0.0102,0.0197,58.5404,27.0648,-61.6356,110.1789,24.3558
2025-01-01 05:27:30,0.8623,0.629,2.2956,2.8338,28.3798,48.9681,114.9691,0.0193,0.0102,0.0197,58.5404,27.0648,-61.6356,110.1789,24.3558
2025-01-01 05:27:40,0.8623,0.629,2.2956,2.8338,28.3798,48.9681,112.963,0.0193,0.0102,0.0197,58.5404,27.0648,-61.6356,110.1789,24.3558
2025-01-01 05:27:50,0.8623,0.629,2.2956,2.8338,28.3798,48.9681,112.963,0.0193,0.0102,0.0145,58.5404,27.0648,-61.6356,110.1789,24.3558
2025-01-01 05:28:00,0.8623,0.629,2.2956,2.8338,28.3798,48.9681,112.963,0.0193,0.0102,0.0145,58.5404,27.0648,-61.6356,110.1789,24.7211
2025-01-01 05:28:10,0.8623,0.629,2.2956,2.8338,28.3798,48.9681,117.0134,0.0193,0.0102,0.0145,58.5404,27.0648,-61.6356,110.1789,24.7211
2025-01-01 05:28:20,0.8623,0.629,2.2956,2.8338,28.3798,48.9681,117.0134,0.0193,0.0102,0.0145,59.3252,27.0648,-61.6356,110.1789,24.7211
2025-01-01 05:28:30,0.8623,0.629,2.2956,2.7338,28.3798,48.9681,117.0134,0.0193,0.0102,0.0145,59.3252,27.0648,-61.6356,110.1789,24.7211
2025-01-01 05:28:40,0.8623,0.629,2.2956,2.7338,28.3798,48.9681,117.0134,0.0193,0.0102,0.0121,59.3252,27.0648,-61.6356,110.1789,24.7211
2025-01-01 05:28:50,0.8623,0.629,2.2956,2.7338,28.3798,47.3696,117.0134,0.0193,0.0102,0.0121,59.3252,27.0648,-61.6356,110.1789,24.7211
2025-01-01 05:29:00,0.8623,0.629,2.2956,2.7578,28.3798,47.3696,117.0134,0.0193,0.0102,0.0121,59.3252,27.0648,-61.6356,110.1789,24.7211
2025-01-01 05:29:10,0.8623,0.629,2.2956,2.7578,28.3798,47.7797,117.0134,0.0193,0.0102,0.0121,59.3252,27.0648,-61.6356,110.1789,24.7211
2025-01-01 05:29:20,0.8623,0.629,2.2956,2.7578,28.3798,47.7797,117.0134,0.0193,0.0102,0.0121,59.3252,25.6787,-61.6356,110.1789,24.7211
2025-01-01 05:29:30,0.8623,0.5184,2.2956,2.7578,28.3798,47.7797,117.0134,0.0193,0.0102,0.0121,59.3252,25.6787,-61.6356,110.1789,24.7211
2025-01-01 05:29:40,0.8623,0.5184,2.2956,2.7578,28.3798,47.7797,117.0134,0.0193,0.0102,0.0121,59.3252,25.6787,-62.2304,110.1789,24.7211
2025-01-01 05:29:50,0.8623,0.5184,2.2956,2.7578,28.3798,47.7797,110.013,0.0193,0.0102,0.0121,59.3252,25.6787,-62.2304,110.1789,24.7211
2025-01-01 05:30:00,0.8623,0.5316,2.2956,2.7578,28.3798,47.7797,110.013,0.0193,0.0102,0.0121,59.3252,25.6787,-62.2304,110.1789,24.7211
2025-01-01 05:30:10,0.8623,0.5316,2.2956,2.7578,28.2455,47.7797,110.013,0.0193,0.0102,0.0121,59.3252,25.6787,-62.2304,110.1789,24.7211
2025-01-01 05:30:20,0.8623,0.5316,2.2956,2.7578,28.2455,47.5735,110.013,0.0193,0.0102,0.0121,59.3252,25.6787,-62.2304,110.1789,24.7211
2025-01-01 05:30:30,0.8623,0.5316,2.2956,2.7578,28.2455,47.5735,110.013,0.016,0.0102,0.0121,59.3252,25.6787,-62.2304,110.1789,24.7211
2025-01-01 05:30:40,0.8623,0.5316,1.3201,2.7578,28.2455,47.5735,110.013,0.016,0.0102,0.0121,59.3252,25.6787,-62.2304,110.1789,24.7211
2025-01-01 05:30:50,0.8623,0.5316,1.3201,2.7578,28.2455,47.5735,110.013,0.016,0.0167,0.0121,59.3252,25.6787,-62.2304,110.1789,24.7211
2025-01-01 05:31:00,0.8623,0.5316,1.3201,2.7578,28.2455,47.5735,110.013,0.016,0.0167,0.0121,59.3252,26.9304,-62.2304,110.1789,24.7211
2025-01-01 05:31:10,0.8623,0.5316,1.3201,2.7578,28.2455,47.5735,122.5259,0.016,0.0167,0.0121,59.3252,26.9304,-62.2304,110.1789,24.7211
2025-01-01 05:31:20,0.8623,0.5316,1.3201,2.7578,28.2455,47.5735,122.5259,0.0226,0.0167,0.0121,59.3252,26.9304,-62.2304,110.1789,24.7211
2025-01-01 05:31:30,0.8623,0.5316,1.3201,2.7578,28.2455,47.5735,114.3933,0.0226,0.0167,0.0121,59.3252,26.9304,-62.2304,110.1789,24.7211
2025-01-01 05:31:40,0.8623,0.3126,1.3201,2.7578,28.2455,47.5735,114.3933,0.0226,0.0167,0.0121,59.3252,26.9304,-62.2304,110.1789,24.7211
2025-01-01 05:31:50,0.8623,0.3126,1.3201,2.7578,28.2455,47.5735,118.8292,0.0226,0.0167,0.0121,59.3252,26.9304,-62.2304,110.1789,24.7211
2025-01-01 05:32:00,0.8623,0.3126,1.3201,2.7578,28.2455,47.5735,118.8292,0.0226,0.0167,0.0145,59.3252,26.9304,-62.2304,110.1789,24.7211
2025-01-01 05:32:10,0.8623,0.3126,1.3201,2.7578,28.2455,47.5735,118.8292,0.0226,0.0167,0.0145,59.3252,26.0707,-62.2304,110.1789,24.7211
2025-01-01 05:32:20,0.8623,0.3126,0.8917,2.7578,28.2455,47.5735,118.8292,0.0226,0.0167,0.0145,59.3252,26.0707,-62.2304,110.1789,24.7211
2025-01-01 05:32:30,0.8623,0.3126,0.8917,2.7578,28.2455,47.5735,118.8292,0.0226,0.0167,0.0145,55.9635,26.0707,-62.2304,110.1789,24.7211
2025-01-01 05:32:40,0.9584,0.3126,0.8917,2.7578,28.2455,47.5735,118.8292,0.0226,0.0167,0.0145,55.9635,26.0707,-62.2304,110.1789,24.7211
2025-01-01 05:32:50,0.9584,0.7537,0.8917,2.7578,28.2455,47.5735,118.8292,0.0226,0.0167,0.0145,55.9635,26.0707,-62.2304,110.1789,24.7211
2025-01-01 05:33:00,0.9584,0.7537,0.8917,2.7578,28.2535,47.5735,118.8292,0.0226,0.0167,0.0145,55.9635,26.0707,-62.2304,110.1789,24.7211
2025-01-01 05:33:10,0.9584,0.7537,0.8917,2.7578,28.2535,47.5735,118.8292,0.0226,0.0167,0.0145,55.9635,26.8749,-62.2304,110.1789,24.7211
2025-01-01 05:33:20,0.9584,0.7537,0.8917,2.7578,28.2535,47.5735,118.8292,0.0226,0.0167,0.0133,55.9635,26.8749,-62.2304,110.1789,24.7211
2025-01-01 05:33:30,0.9584,0.7537,0.8917,2.7578,28.2535,47.5735,118.8292,0.0226,0.0167,0.0133,55.9635,26.8749,-59.3315,110.1789,24.7211
2025-01-01 05:33:40,0.9584,0.7537,0.8917,2.7578,28.2535,47.5735,118.8292,0.0232,0.0167,0.0133,55.9635,26.8749,-59.3315,110.1789,24.7211
2025-01-01 05:33:50,0.9584,0.7537,0.8917,2.7578,28.2535,47.5735,118.8292,0.0232,0.0167,0.0133,55.9635,26.4245,-59.3315,110.1789,24.7211
2025-01-01 05:34:00,0.9584,0.7537,0.8917,2.7578,28.2535,47.5735,118.8292,0.0232,0.0167,0.0133,55.9635,26.4245,-59.3315,110.1789,25.0827
2025-01-01 05:34:10,0.9584,0.7537,0.8917,2.7578,28.2535,47.5735,118.8292,0.0232,0.0167,0.0143,55.9635,26.4245,-59.3315,110.1789,25.0827
2025-01-01 05:34:20,0.527,0.7537,0.8917,2.7578,28.2535,47.5735,118.8292,0.0232,0.0167,0.0143,55.9635,26.4245,-59.3315,110.1789,25.0827
2025-01-01 05:34:30,0.527,0.7537,0.8917,2.7578,28.2535,47.5735,118.8292,0.0232,0.0167,0.0198,55.9635,26.4245,-59.3315,110.1789,25.0827
2025-01-01 05:34:40,0.527,0.7537,0.8917,2.7578,28.2535,47.5735,118.8292,0.0232,0.0167,0.0223,55.9635,26.4245,-59.3315,110.1789,25.0827
2025-01-01 05:34:50,0.527,0.7537,0.8917,2.7578,28.2535,47.5735,113.095,0.0232,0.0167,0.0223,55.9635,26.4245,-59.3315,110.1789,25.0827
2025-01-01 05:35:00,0.527,0.63,0.8917,2.7578,28.2535,47.5735,113.095,0.0232,0.0167,0.0223,55.9635,26.4245,-59.3315,110.1789,25.0827
2025-01-01 05:35:10,0.3255,0.63,0.8917,2.7578,28.2535,47.5735,113.095,0.0232,0.0167,0.0223,55.9635,26.4245,-59.3315,110.1789,25.0827
2025-01-01 05:35:20,0.3255,0.63,0.8917,2.7578,28.2535,47.5735,113.095,0.0232,0.0167,0.0223,55.9635,26.4245,-59.3315,110.1789,25.5482
2025-01-01 05:35:30,0.3255,0.63,0.8917,2.7578,28.2535,47.7134,113.095,0.0232,0.0167,0.0223,55.9635,26.4245,-59.3315,110.1789,25.5482
2025-01-01 05:35:40,0.3255,0.63,0.8917,2.7578,28.2535,47.7134,113.095,0.0232,0.0167,0.0223,55.9635,26.4245,-59.3315,110.1789,23.3853
2025-01-01 05:35:50,0.3255,0.63,0.8917,2.7578,28.2535,47.7134,113.095,0.0232,0.0167,0.0223,55.9635,26.4245,-59.4111,110.1789,23.3853
2025-01-01 05:36:00,0.3255,0.63,0.8917,2.7578,28.2535,47.7134,113.095,0.0232,0.0154,0.0223,55.9635,26.4245,-59.4111,110.1789,23.3853
2025-01-01 05:36:10,0.3255,0.63,0.8917,2.7578,28.2535,47.7134,113.095,0.0232,0.0154,0.0223,55.9635,26.4245,-59.4111,105.2642,23.3853
2025-01-01 05:36:20,0.3255,0.63,0.8917,2.7578,28.2535,47.7134,113.095,0.0232,0.0154,0.0223,60.5407,26.4245,-59.4111,105.2642,23.3853
2025-01-01 05:36:30,0.3255,0.63,0.8917,2.7578,28.2535,47.7134,113.095,0.0232,0.0154,0.0223,58.9678,26.4245,-59.4111,105.2642,23.3853
2025-01-01 05:36:40,0.3255,0.63,0.8917,2.7578,28.2535,47.7134,113.095,0.0232,0.0145,0.0223,58.9678,26.4245,-59.4111,105.2642,23.3853
2025-01-01 05:36:50,0.6553,0.63,0.8917,2.7578,28.2535,47.7134,113.095,0.0232,0.0145,0.0223,58.9678,26.4245,-59.4111,105.2642,23.3853
2025-01-01 05:37:00,0.6553,0.63,0.8917,2.7578,28.2535,47.7134,113.095,0.0232,0.0202,0.0223,58.9678,26.4245,-59.4111,105.2642,23.3853
2025-01-01 05:37:10,0.6553,0.63,0.8917,2.7578,28.2535,47.7134,113.095,0.0232,0.0202,0.0223,58.9678,26.4245,-59.4111,104.6152,23.3853
2025-01-01 05:37:20,0.6553,0.63,0.8917,2.7578,28.2535,47.7134,113.095,0.0232,0.0202,0.0223,58.9678,26.4245,-58.9192,104.6152,23.3853
2025-01-01 05:37:30,0.6553,0.63,0.8917,2.7578,28.2535,47.7134,113.095,0.0232,0.0202,0.0223,57.9001,26.4245,-58.9192,104.6152,23.3853
2025-01-01 05:37:40,0.6553,0.63,0.8917,2.7578,28.2535,47.7134,113.095,0.0232,0.0202,0.0223,57.9001,27.6423,-58.9192,104.6152,23.3853
2025-01-01 05:37:50,0.6553,0.63,0.8917,2.7578,28.2535,47.7134,113.095,0.0232,0.0202,0.0223,57.9001,27.5336,-58.9192,104.6152,23.3853
2025-01-01 05:38:00,0.6553,0.63,0.8917,2.7578,28.2535,47.7134,113.095,0.0232,0.0173,0.0223,57.9001,27.5336,-58.9192,104.6152,23.3853
2025-01-01 05:38:10,0.6553,0.63,2.0777,2.7578,28.2535,47.7134,113.095,0.0232,0.0173,0.0223,57.9001,27.5336,-58.9192,104.6152,23.3853
2025-01-01 05:38:20,0.6553,0.63,2.0777,2.7637,28.2535,47.7134,113.095,0.0232,0.0173,0.0223,57.9001,27.5336,-58.9192,104.6152,23.3853
2025-01-01 05:38:30,0.6553,0.63,2.0777,2.7637,28.2246,47.7134,113.095,0.0232,0.0173,0.0223,57.9001,27.5336,-58.9192,104.6152,23.3853
2025-01-01 05:38:40,0.6553,0.63,2.0777,2.7637,28.2246,47.7134,113.095,0.0232,0.0158,0.0223,57.9001,27.5336,-58.9192,104.6152,23.3853
2025-01-01 05:38:50,0.6553,0.63,2.0777,2.7637,28.2246,47.7134,113.095,0.0232,0.0158,0.0223,56.6551,27.5336,-58.9192,104.6152,23.3853
2025-01-01 05:39:00,0.6553,0.63,2.0777,2.7637,28.1764,47.7134,113.095,0.0232,0.0158,0.0223,56.6551,27.5336,-58.9192,104.6152,23.3853
2025-01-01 05:39:10,0.6553,0.63,2.0777,2.7637,28.1764,47.7134,113.095,0.0232,0.0158,0.0223,56.6551,27.5336,-62.0379,104.6152,23.3853
2025-01-01 05:39:20,0.6553,0.63,2.0777,2.7637,28.1764,47.7134,113.095,0.0232,0.0158,0.0223,59.3426,27.5336,-62.0379,104.6152,23.3853
2025-01-01 05:39:30,0.6553,0.63,2.0777,2.7637,28.1764,47.7134,113.095,0.0232,0.0158,0.0223,59.3426,27.5336,-60.0163,104.6152,23.3853
2025-01-01 05:39:40,0.6553,0.63,1.5861,2.7637,28.1764,47.7134,113.095,0.0232,0.0158,0.0223,59.3426,27.5336,-60.0163,104.6152,23.3853
2025-01-01 05:39:50,0.6553,0.63,1.5861,2.7637,28.1764,47.7134,113.095,0.0205,0.0158,0.0223,59.3426,27.5336,-60.0163,104.6152,23.3853
2025-01-01 05:40:00,0.6553,0.63,1.5861,2.7637,28.3474,47.7134,113.095,0.0205,0.0158,0.0223,59.3426,27.5336,-60.0163,104.6152,23.3853
2025-01-01 05:40:10,0.6553,0.63,1.5861,2.7637,28.3474,47.7134,113.095,0.0205,0.0158,0.0186,59.3426,27.5336,-60.0163,104.6152,23.3853
2025-01-01 05:40:20,0.6553,0.63,1.5861,2.7801,28.3474,47.7134,113.095,0.0205,0.0158,0.0186,59.3426,27.5336,-60.0163,104.6152,23.3853
2025-01-01 05:40:30,0.6553,0.63,1.5861,2.7801,28.3474,47.7134,121.6398,0.0205,0.0158,0.0186,59.3426,27.5336,-60.0163,104.6152,23.3853
2025-01-01 05:40:40,0.6553,0.63,1.5861,2.7801,28.3474,47.7134,121.6398,0.0205,0.0158,0.0127,59.3426,27.5336,-60.0163,104.6152,23.3853
2025-01-01 05:40:50,0.6553,0.63,1.5861,2.7801,28.3474,47.7134,116.5646,0.0205,0.0158,0.0127,59.3426,27.5336,-60.0163,104.6152,23.3853
2025-01-01 05:41:00,0.6553,0.63,1.5861,2.7801,28.3474,47.7134,123.6196,0.0205,0.0158,0.0127,59.3426,27.5336,-60.0163,104.6152,23.3853
2025-01-01 05:41:10,0.6553,0.63,1.5861,2.7801,28.3474,47.7134,112.0647,0.0205,0.0158,0.0127,59.3426,27.5336,-60.0163,104.6152,23.3853
2025-01-01 05:41:20,0.6553,0.63,1.5861,2.7801,28.3474,47.7134,112.0647,0.0141,0.0158,0.0127,59.3426,27.5336,-60.0163,104.6152,23.3853
2025-01-01 05:41:30,0.6553,0.63,1.5861,2.7801,28.3474,47.7134,112.0647,0.0141,0.0158,0.0127,59.3426,27.5336,-60.0163,104.5539,23.3853
2025-01-01 05:41:40,0.6553,0.63,1.5861,2.7801,28.3474,47.3018,112.0647,0.0141,0.0158,0.0127,59.3426,27.5336,-60.0163,104.5539,23.3853
2025-01-01 05:41:50,0.6553,0.63,1.5861,2.7801,28.3474,47.3018,112.0647,0.0141,0.0158,0.0127,59.3426,27.5336,-60.0163,104.5539,25.3498
2025-01-01 05:42:00,0.6553,0.63,1.5861,2.7801,28.3474,47.3018,112.0647,0.0141,0.0158,0.0127,59.3426,26.4868,-60.0163,104.5539,25.3498
2025-01-01 05:42:10,0.6553,0.63,1.5861,2.7801,28.3474,47.3018,108.768,0.0141,0.0158,0.0127,59.3426,26.4868,-60.0163,104.5539,25.3498
2025-01-01 05:42:20,0.6553,0.63,1.5861,2.7801,28.188,47.3018,108.768,0.0141,0.0158,0.0127,59.3426,26.4868,-60.0163,104.5539,25.3498
2025-01-01 05:42:30,0.6553,0.63,1.5861,2.7801,28.188,47.3018,108.768,0.0141,0.0158,0.0127,59.3426,26.6729,-60.0163,104.5539,25.3498
2025-01-01 05:42:40,0.6553,0.63,1.5861,2.7801,28.188,47.3018,108.768,0.0141,0.0158,0.0127,59.3426,26.6729,-60.0163,104.5539,24.0387
2025-01-01 05:42:50,0.5943,0.63,1.5861,2.7801,28.188,47.3018,108.768,0.0141,0.0158,0.0127,59.3426,26.6729,-60.0163,104.5539,24.0387
2025-01-01 05:43:00,0.5943,0.3644,1.5861,2.7801,28.188,47.3018,108.768,0.0141,0.0158,0.0127,59.3426,26.6729,-60.0163,104.5539,24.0387
2025-01-01 05:43:10,0.5943,0.3644,1.5861,2.7801,28.2085,47.3018,108.768,0.0141,0.0158,0.0127,59.3426,26.6729,-60.0163,104.5539,24.0387
2025-01-01 05:43:20,0.5943,0.3644,1.5861,2.7801,28.2085,47.3018,108.768,0.0141,0.0158,0.0127,59.3426,26.6729,-61.7362,104.5539,24.0387
2025-01-01 05:43:30,0.5943,0.3644,1.5861,2.7801,28.2085,47.3018,108.768,0.0141,0.0158,0.0127,59.3426,26.6729,-59.1835,104.5539,24.0387
2025-01-01 05:43:40,0.5943,0.3644,1.5861,2.7801,28.2085,47.3018,108.768,0.0141,0.0158,0.0147,59.3426,26.6729,-59.1835,104.5539,24.0387
2025-01-01 05:43:50,0.5943,0.3644,1.0818,2.7801,28.2085,47.3018,108.768,0.0141,0.0158,0.0147,59.3426,26.6729,-59.1835,104.5539,24.0387
2025-01-01 05:44:00,0.5943,0.3644,1.0818,2.7801,28.2085,47.3018,108.768,0.0141,0.0158,0.0147,59.2097,26.6729,-59.1835,104.5539,24.0387
2025-01-01 05:44:10,0.5943,0.5628,1.0818,2.7801,28.2085,47.3018,108.768,0.0141,0.0158,0.0147,59.2097,26.6729,-59.1835,104.5539,24.0387
2025-01-01 05:44:20,0.5943,0.5628,1.0818,2.7801,28.2085,47.3018,108.768,0.0141,0.0058,0.0147,59.2097,26.6729,-59.1835,104.5539,24.0387
2025-01-01 05:44:30,0.5943,0.5628,1.0818,2.7801,28.2085,47.3018,108.768,0.0141,0.0058,0.0147,57.2965,26.6729,-59.1835,104.5539,24.0387
2025-01-01 05:44:40,0.5943,0.5628,1.0818,2.7801,28.2085,47.3018,108.768,0.0141,0.0058,0.0147,57.2965,26.6729,-59.1835,108.2336,24.0387
2025-01-01 05:44:50,0.5943,0.5628,1.0818,2.7801,28.2085,47.3018,108.768,0.0141,0.0058,0.0147,57.2965,26.6729,-59.1835,105.4309,24.0387
2025-01-01 05:45:00,0.5943,0.5628,1.0818,2.7801,28.2085,47.3018,108.768,0.0141,0.0058,0.0147,57.2965,26.6729,-59.1835,104.755,24.0387
2025-01-01 05:45:10,0.5943,0.5628,1.0818,2.7801,28.2085,47.3018,108.768,0.0141,0.0058,0.0147,57.2965,26.6729,-59.1835,105.0052,24.0387
2025-01-01 05:45:20,0.5943,0.5628,1.0818,2.8067,28.2085,47.3018,108.768,0.0141,0.0058,0.0147,57.2965,26.6729,-59.1835,105.0052,24.0387
2025-01-01 05:45:30,0.5943,0.5628,1.0818,2.8067,28.2085,47.3018,108.768,0.0141,0.0058,0.0147,57.2965,26.6729,-59.1835,105.0052,24.3759
2025-01-01 05:45:40,0.5943,0.5628,1.0818,2.8067,28.2085,47.3018,108.768,0.0141,0.0058,0.0147,57.2965,26.6729,-58.8069,105.0052,24.3759
2025-01-01 05:45:50,0.5943,0.5628,1.0818,2.8067,28.2085,47.3018,108.768,0.0141,0.0177,0.0147,57.2965,26.6729,-58.8069,105.0052,24.3759
2025-01-01 05:46:00,0.5943,0.5628,1.0818,2.8067,28.2085,47.3018,108.768,0.0141,0.0177,0.0147,57.2965,26.6729,-58.8069,105.0052,24.4356
2025-01-01 05:46:10,0.5943,0.5628,1.5339,2.8067,28.2085,47.3018,108.768,0.0141,0.0177,0.0147,57.2965,26.6729,-58.8069,105.0052,24.4356
2025-01-01 05:46:20,0.5943,0.5628,1.5339,2.8067,28.3405,47.3018,108.768,0.0141,0.0177,0.0147,57.2965,26.6729,-58.8069,105.0052,24.4356
2025-01-01 05:46:30,0.5943,0.5628,1.5339,2.8067,28.3405,47.3018,119.9811,0.0141,0.0177,0.0147,57.2965,26.6729,-58.8069,105.0052,24.4356
2025-01-01 05:46:40,0.5943,0.5628,1.5339,2.8067,28.3405,47.3018,119.9811,0.0141,0.0177,0.0147,57.2965,26.6729,-58.8069,102.8596,24.4356
2025-01-01 05:46:50,0.5943,0.2467,1.5339,2.8067,28.3405,47.3018,119.9811,0.0141,0.0177,0.0147,57.2965,26.6729,-58.8069,102.8596,24.4356
2025-01-01 05:47:00,0.5943,0.1736,1.5339,2.8067,28.3405,47.3018,119.9811,0.0141,0.0177,0.0147,57.2965,26.6729,-58.8069,102.8596,24.4356
2025-01-01 05:47:10,0.5943,0.1736,1.5339,2.7109,28.3405,47.3018,119.9811,0.0141,0.0177,0.0147,57.2965,26.6729,-58.8069,102.8596,24.4356
2025-01-01 05:47:20,0.5943,0.565,1.5339,2.7109,28.3405,47.3018,119.9811,0.0141,0.0177,0.0147,57.2965,26.6729,-58.8069,102.8596,24.4356
2025-01-01 05:47:30,0.5943,0.5037,1.5339,2.7109,28.3405,47.3018,119.9811,0.0141,0.0177,0.0147,57.2965,26.6729,-58.8069,102.8596,24.4356
2025-01-01 05:47:40,0.5943,0.5037,1.5339,2.639,28.3405,47.3018,119.9811,0.0141,0.0177,0.0147,57.2965,26.6729,-58.8069,102.8596,24.4356
2025-01-01 05:47:50,0.5943,0.5037,1.5339,2.639,28.3405,47.3018,113.8921,0.0141,0.0177,0.0147,57.2965,26.6729,-58.8069,102.8596,24.4356
2025-01-01 05:48:00,0.5943,0.5037,1.5339,2.639,28.3405,47.3018,113.8921,0.0141,0.0177,0.0147,58.8397,26.6729,-58.8069,102.8596,24.4356
2025-01-01 05:48:10,0.5943,0.5037,-0.261,2.639,28.3405,47.3018,113.8921,0.0141,0.0177,0.0147,58.8397,26.6729,-58.8069,102.8596,24.4356
2025-01-01 05:48:20,0.5943,0.9079,-0.261,2.639,28.3405,47.3018,113.8921,0.0141,0.0177,0.0147,58.8397,26.6729,-58.8069,102.8596,24.4356
2025-01-01 05:48:30,0.5943,0.9079,1.0429,2.639,28.3405,47.3018,113.8921,0.0141,0.0177,0.0147,58.8397,26.6729,-58.8069,102.8596,24.4356
2025-01-01 05:48:40,0.5943,0.9079,1.0429,2.639,28.3405,47.9194,113.8921,0.0141,0.0177,0.0147,58.8397,26.6729,-58.8069,102.8596,24.4356
2025-01-01 05:48:50,0.5943,0.9079,1.0429,2.639,28.3405,47.9194,113.8921,0.0141,0.0177,0.0147,58.8397,26.6729,-58.8069,107.9364,24.4356
2025-01-01 05:49:00,0.5943,0.6016,1.0429,2.639,28.3405,47.9194,113.8921,0.0141,0.0177,0.0147,58.8397,26.6729,-58.8069,107.9364,24.4356
2025-01-01 05:49:10,0.5943,0.6016,1.0429,2.639,28.3135,47.9194,113.8921,0.0141,0.0177,0.0147,58.8397,26.6729,-58.8069,107.9364,24.4356
2025-01-01 05:49:20,0.5943,0.6016,1.0429,2.639,28.3135,47.9194,113.8921,0.0141,0.0177,0.0147,58.8397,26.7688,-58.8069,107.9364,24.4356
2025-01-01 05:49:30,0.5943,0.6016,1.0429,2.639,28.3135,47.9194,113.8921,0.0141,0.0177,0.0147,58.8397,26.7688,-58.8069,107.9364,24.1556
2025-01-01 05:49:40,0.5943,0.6016,1.5734,2.639,28.3135,47.9194,113.8921,0.0141,0.0177,0.0147,58.8397,26.7688,-58.8069,107.9364,24.1556
2025-01-01 05:49:50,0.5943,0.6016,1.5734,2.7858,28.3135,47.9194,113.8921,0.0141,0.0177,0.0147,58.8397,26.7688,-58.8069,107.9364,24.1556
2025-01-01 05:50:00,0.5943,0.6016,1.5734,2.7858,28.3135,46.6032,113.8921,0.0141,0.0177,0.0147,58.8397,26.7688,-58.8069,107.9364,24.1556
2025-01-01 05:50:10,0.5943,0.6016,1.5734,2.7858,28.3135,46.6032,113.8921,0.0141,0.0177,0.0171,58.8397,26.7688,-58.8069,107.9364,24.1556
2025-01-01 05:50:20,0.5943,0.6016,1.5734,2.7858,28.4068,46.6032,113.8921,0.0141,0.0177,0.0171,58.8397,26.7688,-58.8069,107.9364,24.1556
2025-01-01 05:50:30,0.5943,0.6016,1.5734,2.7858,28.4068,46.6032,113.8921,0.0141,0.0177,0.0171,58.8397,26.7688,-58.8069,103.9128,24.1556
2025-01-01 05:50:40,0.5943,0.6016,1.7026,2.7858,28.4068,46.6032,113.8921,0.0141,0.0177,0.0171,58.8397,26.7688,-58.8069,103.9128,24.1556
2025-01-01 05:50:50,0.5943,0.6016,1.7026,2.7858,28.4068,47.6723,113.8921,0.0141,0.0177,0.0171,58.8397,26.7688,-58.8069,103.9128,24.1556
2025-01-01 05:51:00,0.5943,0.6016,1.7026,2.7858,28.4068,47.6723,113.8921,0.0141,0.0116,0.0171,58.8397,26.7688,-58.8069,103.9128,24.1556
2025-01-01 05:51:10,0.5943,0.6016,1.7026,2.7858,28.4068,46.0679,113.8921,0.0141,0.0116,0.0171,58.8397,26.7688,-58.8069,103.9128,24.1556
2025-01-01 05:51:20,0.5943,0.6016,1.7026,2.7858,28.4068,46.0679,113.8921,0.0141,0.0134,0.0171,58.8397,26.7688,-58.8069,103.9128,24.1556
2025-01-01 05:51:30,0.5943,0.6016,1.7026,2.7858,28.4068,46.0679,112.4419,0.0141,0.0134,0.0171,58.8397,26.7688,-58.8069,103.9128,24.1556
2025-01-01 05:51:40,0.5943,0.6016,1.7026,2.7858,28.4068,48.1293,112.4419,0.0141,0.0134,0.0171,58.8397,26.7688,-58.8069,103.9128,24.1556
2025-01-01 05:51:50,0.5943,0.744,1.7026,2.7858,28.4068,48.1293,112.4419,0.0141,0.0134,0.0171,58.8397,26.7688,-58.8069,103.9128,24.1556
2025-01-01 05:52:00,0.1479,0.744,1.7026,2.7858,28.4068,48.1293,112.4419,0.0141,0.0134,0.0171,58.8397,26.7688,-58.8069,103.9128,24.1556
2025-01-01 05:52:10,0.1479,0.744,1.7026,2.7858,28.4068,48.1293,112.4419,0.0141,0.0134,0.0171,58.8397,26.7688,-63.3181,103.9128,24.1556
2025-01-01 05:52:20,0.1479,0.744,1.7026,2.7858,28.4068,48.1293,112.4419,0.0141,0.0134,0.0171,58.8397,26.7688,-63.3181,103.9128,24.5917
2025-01-01 05:52:30,0.1479,0.744,1.7026,2.8577,28.4068,48.1293,112.4419,0.0141,0.0134,0.0171,58.8397,26.7688,-63.3181,103.9128,24.5917
2025-01-01 05:52:40,0.1479,0.744,1.7026,2.8577,28.4068,48.1293,112.4419,0.0129,0.0134,0.0171,58.8397,26.7688,-63.3181,103.9128,24.5917
2025-01-01 05:52:50,0.1479,0.744,1.7026,2.8577,28.4068,48.1293,112.4419,0.0129,0.0134,0.0179,58.8397,26.7688,-63.3181,103.9128,24.5917
2025-01-01 05:53:00,0.1479,0.744,1.7026,2.8577,28.4068,48.1293,112.4419,0.0129,0.0134,0.0179,58.8397,26.7688,-63.3181,107.4032,24.5917
2025-01-01 05:53:10,0.1479,0.744,1.7026,2.8577,28.4068,45.2544,112.4419,0.0129,0.0134,0.0179,58.8397,26.7688,-63.3181,107.4032,24.5917
2025-01-01 05:53:20,0.1479,0.744,1.7026,2.8577,28.2117,45.2544,112.4419,0.0129,0.0134,0.0179,58.8397,26.7688,-63.3181,107.4032,24.5917
2025-01-01 05:53:30,0.1479,0.744,1.7026,2.8577,28.2117,45.2544,112.4419,0.0099,0.0134,0.0179,58.8397,26.7688,-63.3181,107.4032,24.5917
2025-01-01 05:53:40,0.1479,0.744,0.5783,2.8577,28.2117,45.2544,112.4419,0.0099,0.0134,0.0179,58.8397,26.7688,-63.3181,107.4032,24.5917
2025-01-01 05:53:50,0.1479,0.9386,0.5783,2.8577,28.2117,45.2544,112.4419,0.0099,0.0134,0.0179,58.8397,26.7688,-63.3181,107.4032,24.5917
2025-01-01 05:54:00,0.1479,0.9386,0.5783,2.8577,28.2117,45.2544,112.4419,0.0099,0.0134,0.0179,58.8397,26.7688,-61.3633,107.4032,24.5917
2025-01-01 05:54:10,0.1479,0.9386,0.5783,2.8577,28.1591,45.2544,112.4419,0.0099,0.0134,0.0179,58.8397,26.7688,-61.3633,107.4032,24.5917
2025-01-01 05:54:20,0.1479,0.4673,0.5783,2.8577,28.1591,45.2544,112.4419,0.0099,0.0134,0.0179,58.8397,26.7688,-61.3633,107.4032,24.5917
2025-01-01 05:54:30,0.1479,0.4673,0.5783,2.8577,28.1591,45.2544,112.4419,0.0099,0.0134,0.0179,58.8397,26.7688,-61.3633,107.4032,24.0233
2025-01-01 05:54:40,0.1479,0.4673,0.5783,2.8577,28.1591,45.2544,112.4419,0.0099,0.0134,0.0179,58.8397,26.7688,-61.3633,107.4032,23.2544
2025-01-01 05:54:50,0.1479,0.4673,0.5783,2.8577,28.1591,45.2544,112.4419,0.0099,0.0134,0.0179,59.2447,26.7688,-61.3633,107.4032,23.2544
2025-01-01 05:55:00,0.1479,0.4673,0.5783,2.8577,28.1591,45.2544,112.4419,0.0099,0.0134,0.0179,55.5012,26.7688,-61.3633,107.4032,23.2544
2025-01-01 05:55:10,0.1479,0.4673,0.5783,2.8577,28.1591,45.2544,112.4419,0.0099,0.0134,0.0069,55.5012,26.7688,-61.3633,107.4032,23.2544
2025-01-01 05:55:20,0.1479,0.4673,0.5783,2.8577,28.1591,45.2544,112.4419,0.0099,0.0134,0.0069,55.5012,26.1801,-61.3633,107.4032,23.2544
2025-01-01 05:55:30,0.1479,0.4673,0.5783,2.8577,28.1591,45.2544,112.4419,0.0099,0.0134,0.0096,55.5012,26.1801,-61.3633,107.4032,23.2544
2025-01-01 05:55:40,0.1479,0.4673,0.5783,2.8577,28.1591,45.2544,112.4419,0.0099,0.0139,0.0096,55.5012,26.1801,-61.3633,107.4032,23.2544
2025-01-01 05:55:50,0.1479,0.4673,0.5783,2.8577,28.0878,45.2544,112.4419,0.0099,0.0139,0.0096,55.5012,26.1801,-61.3633,107.4032,23.2544
2025-01-01 05:56:00,0.0685,0.4673,0.5783,2.8577,28.0878,45.2544,112.4419,0.0099,0.0139,0.0096,55.5012,26.1801,-61.3633,107.4032,23.2544
2025-01-01 05:56:10,0.0685,0.4673,0.5783,2.8577,28.0878,45.2544,112.4419,0.0162,0.0139,0.0096,55.5012,26.1801,-61.3633,107.4032,23.2544
2025-01-01 05:56:20,0.0685,0.4673,0.5783,2.8577,28.0878,45.2544,112.4419,0.0162,0.0139,0.0096,55.5012,26.0516,-61.3633,107.4032,23.2544
2025-01-01 05:56:30,0.0685,0.4673,0.5783,2.8577,28.0878,45.2544,112.4419,0.0162,0.0139,0.0096,60.2755,26.0516,-61.3633,107.4032,23.2544
2025-01-01 05:56:40,0.0685,0.2003,0.5783,2.8577,28.0878,45.2544,112.4419,0.0162,0.0139,0.0096,60.2755,26.0516,-61.3633,107.4032,23.2544
2025-01-01 05:56:50,0.0685,0.2003,0.5783,2.8577,28.0878,45.2544,112.4419,0.0162,0.0119,0.0096,60.2755,26.0516,-61.3633,107.4032,23.2544
2025-01-01 05:57:00,0.0685,0.2003,0.5783,2.8577,28.2871,45.2544,112.4419,0.0162,0.0119,0.0096,60.2755,26.0516,-61.3633,107.4032,23.2544
2025-01-01 05:57:10,0.0685,0.2003,0.5783,2.8577,28.2871,45.2544,112.4419,0.0162,0.0119,0.0096,60.2755,26.0516,-61.3633,103.8589,23.2544
2025-01-01 05:57:20,0.0685,0.2003,0.5783,2.8577,28.2871,45.2544,109.3058,0.0162,0.0119,0.0096,60.2755,26.0516,-61.3633,103.8589,23.2544
2025-01-01 05:57:30,0.0685,0.2003,0.5783,2.8577,28.2871,45.2544,109.3058,0.0162,0.0119,0.0096,60.2755,25.9458,-61.3633,103.8589,23.2544
2025-01-01 05:57:40,0.0685,0.2003,0.5783,2.8577,28.2871,45.2544,109.3058,0.0162,0.0145,0.0096,60.2755,25.9458,-61.3633,103.8589,23.2544
2025-01-01 05:57:50,0.0685,0.2003,0.5783,2.8577,28.2871,45.2544,109.3058,0.0162,0.0145,0.0096,60.2755,26.4221,-61.3633,103.8589,23.2544
2025-01-01 05:58:00,0.0685,0.2003,0.5783,2.8577,28.2871,45.2544,109.3058,0.008,0.0145,0.0096,60.2755,26.4221,-61.3633,103.8589,23.2544
2025-01-01 05:58:10,0.0685,0.2003,0.5783,2.8577,28.2871,45.2544,109.3058,0.008,0.0145,0.0118,60.2755,26.4221,-61.3633,103.8589,23.2544
2025-01-01 05:58:20,0.5539,0.2003,0.5783,2.8577,28.2871,45.2544,109.3058,0.008,0.0145,0.0118,60.2755,26.4221,-61.3633,103.8589,23.2544
2025-01-01 05:58:30,0.5539,0.2003,1.1361,2.8577,28.2871,45.2544,109.3058,0.008,0.0145,0.0118,60.2755,26.4221,-61.3633,103.8589,23.2544
2025-01-01 05:58:40,0.5539,0.2003,1.1361,2.8577,28.2871,47.8822,109.3058,0.008,0.0145,0.0118,60.2755,26.4221,-61.3633,103.8589,23.2544
2025-01-01 05:58:50,0.5539,0.2003,1.1361,2.5871,28.2871,47.8822,109.3058,0.008,0.0145,0.0118,60.2755,26.4221,-61.3633,103.8589,23.2544
2025-01-01 05:59:00,0.5539,0.2003,1.1361,2.7645,28.2871,47.8822,109.3058,0.008,0.0145,0.0118,60.2755,26.4221,-61.3633,103.8589,23.2544
2025-01-01 05:59:10,0.5539,0.2003,1.1361,2.7645,28.2871,47.8822,109.4458,0.008,0.0145,0.0118,60.2755,26.4221,-61.3633,103.8589,23.2544
2025-01-01 05:59:20,0.5539,0.2003,1.1361,2.7645,28.2871,47.8822,109.4458,0.008,0.0145,0.0118,57.0615,26.4221,-61.3633,103.8589,23.2544
2025-01-01 05:59:30,0.5539,0.2003,1.1361,2.7645,28.2871,47.8822,109.4458,0.008,0.0145,0.0118,57.0615,25.6634,-61.3633,103.8589,23.2544
2025-01-01 05:59:40,0.5539,0.2003,1.1361,2.7645,28.2871,47.8822,109.4458,0.008,0.0145,0.0118,57.0615,25.6634,-61.3633,106.2304,23.2544
2025-01-01 05:59:50,0.5539,0.2003,1.1361,2.7645,28.2871,48.4234,109.4458,0.008,0.0145,0.0118,57.0615,25.6634,-61.3633,106.2304,23.2544
2025-01-01 06:00:00,0.5539,0.2003,1.1361,2.7645,28.2871,47.4813,109.4458,0.008,0.0145,0.0118,57.0615,25.6634,-61.3633,106.2304,23.2544
2025-01-01 06:00:10,0.5539,0.2003,1.1361,2.7645,28.2871,47.4813,109.4458,0.008,0.0145,0.0118,57.0615,25.6634,-61.3633,106.2304,24.1174
2025-01-01 06:00:20,0.5539,0.2847,1.1361,2.7645,28.2871,47.4813,109.4458,0.008,0.0145,0.0118,57.0615,25.6634,-61.3633,106.2304,24.1174
2025-01-01 06:00:30,0.5539,0.2847,1.1361,2.7645,28.2871,47.4813,109.4458,0.008,0.0145,0.001,57.0615,25.6634,-61.3633,106.2304,24.1174
2025-01-01 06:00:40,0.5539,0.2847,1.1361,2.7645,28.2871,47.4813,109.4458,0.008,0.0145,0.001,57.0615,25.6634,-62.0226,106.2304,24.1174
2025-01-01 06:00:50,0.5539,0.2847,1.1361,2.7645,28.2871,47.5731,109.4458,0.008,0.0145,0.001,57.0615,25.6634,-62.0226,106.2304,24.1174
2025-01-01 06:01:00,0.5539,0.2847,1.1361,2.7645,28.2871,47.5731,109.4458,0.008,0.0145,0.001,61.5562,25.6634,-62.0226,106.2304,24.1174
2025-01-01 06:01:10,0.5539,0.2847,1.1361,2.7645,28.2871,47.5731,109.4458,0.0199,0.0145,0.001,61.5562,25.6634,-62.0226,106.2304,24.1174
2025-01-01 06:01:20,0.5539,0.2847,1.1361,2.7645,28.2871,47.5731,109.4458,0.0199,0.0145,0.001,61.5562,25.4119,-62.0226,106.2304,24.1174
2025-01-01 06:01:30,0.5539,0.2847,1.1361,2.7645,28.2871,47.5731,109.4458,0.0199,0.0145,0.001,61.5562,25.4119,-62.5631,106.2304,24.1174
2025-01-01 06:01:40,0.5539,0.2847,1.1361,2.7645,28.2871,47.5731,109.4458,0.0199,0.0145,0.001,61.5562,25.4119,-62.5631,106.2304,24.0568
2025-01-01 06:01:50,0.5539,0.2847,1.1361,2.5491,28.2871,47.5731,109.4458,0.0199,0.0145,0.001,61.5562,25.4119,-62.5631,106.2304,24.0568
2025-01-01 06:02:00,0.5539,0.2847,1.1361,2.5491,28.2871,47.5731,109.4458,0.0199,0.0145,0.001,61.5562,25.8591,-62.5631,106.2304,24.0568
2025-01-01 06:02:10,0.5539,0.2847,1.1361,2.5491,28.2871,47.5731,109.4458,0.0199,0.0145,0.001,61.5562,25.6829,-62.5631,106.2304,24.0568
2025-01-01 06:02:20,0.5539,0.2847,1.1361,2.5491,28.2871,47.5731,109.4458,0.0199,0.0145,0.001,61.5562,25.6829,-63.3281,106.2304,24.0568
2025-01-01 06:02:30,0.5539,0.2847,1.1361,2.5871,28.2871,47.5731,109.4458,0.0199,0.0145,0.001,61.5562,25.6829,-63.3281,106.2304,24.0568
2025-01-01 06:02:40,0.5539,0.3859,1.1361,2.5871,28.2871,47.5731,109.4458,0.0199,0.0145,0.001,61.5562,25.6829,-63.3281,106.2304,24.0568
2025-01-01 06:02:50,0.5539,0.3859,1.1361,2.5871,28.2871,47.5731,109.4458,0.0199,0.0145,0.0067,61.5562,25.6829,-63.3281,106.2304,24.0568
2025-01-01 06:03:00,0.5539,0.3859,0.4094,2.5871,28.2871,47.5731,109.4458,0.0199,0.0145,0.0067,61.5562,25.6829,-63.3281,106.2304,24.0568
2025-01-01 06:03:10,0.5539,0.3859,0.4094,2.5871,28.2871,47.5731,104.8936,0.0199,0.0145,0.0067,61.5562,25.6829,-63.3281,106.2304,24.0568
2025-01-01 06:03:20,0.5539,0.3859,0.8687,2.5871,28.2871,47.5731,104.8936,0.0199,0.0145,0.0067,61.5562,25.6829,-63.3281,106.2304,24.0568
2025-01-01 06:03:30,0.5539,0.3859,0.8687,2.5871,28.2871,47.5731,104.8936,0.0093,0.0145,0.0067,61.5562,25.6829,-63.3281,106.2304,24.0568
2025-01-01 06:03:40,0.5539,0.3859,0.8687,2.5871,28.2871,47.5731,104.8936,0.0093,0.0145,0.0067,56.1686,25.6829,-63.3281,106.2304,24.0568
2025-01-01 06:03:50,0.5539,0.3859,0.8687,2.5871,28.2871,47.5731,99.1183,0.0093,0.0145,0.0067,56.1686,25.6829,-63.3281,106.2304,24.0568
2025-01-01 06:04:00,0.5539,0.3859,0.8687,2.5871,28.2871,47.5731,99.1183,0.0093,0.0145,0.0067,58.282,25.6829,-63.3281,106.2304,24.0568
2025-01-01 06:04:10,0.5539,0.3859,0.8687,2.5871,28.2871,47.5731,99.1183,0.0093,0.0078,0.0067,58.282,25.6829,-63.3281,106.2304,24.0568
2025-01-01 06:04:20,0.5539,0.3859,0.9328,2.5871,28.2871,47.5731,99.1183,0.0093,0.0078,0.0067,58.282,25.6829,-63.3281,106.2304,24.0568
2025-01-01 06:04:30,0.6271,0.3859,0.9328,2.5871,28.2871,47.5731,99.1183,0.0093,0.0078,0.0067,58.282,25.6829,-63.3281,106.2304,24.0568
2025-01-01 06:04:40,0.6271,0.3859,0.9328,2.5871,28.2871,47.5731,99.1183,0.0088,0.0078,0.0067,58.282,25.6829,-63.3281,106.2304,24.0568
2025-01-01 06:04:50,0.6271,0.4215,0.9328,2.5871,28.2871,47.5731,99.1183,0.0088,0.0078,0.0067,58.282,25.6829,-63.3281,106.2304,24.0568
2025-01-01 06:05:00,0.6271,0.4215,0.9328,2.5871,28.2871,47.5731,99.1183,0.0088,0.0078,0.0067,58.282,25.6829,-60.2752,106.2304,24.0568
2025-01-01 06:05:10,0.6271,0.4215,0.9328,2.5871,28.2871,47.5731,99.1183,0.0088,0.0078,0.0067,58.282,25.6829,-61.821,106.2304,24.0568
2025-01-01 06:05:20,0.6271,0.4215,0.9328,2.5871,28.0822,47.5731,99.1183,0.0088,0.0078,0.0067,58.282,25.6829,-61.821,106.2304,24.0568
2025-01-01 06:05:30,0.6271,0.4215,0.9328,2.5871,28.3075,47.5731,99.1183,0.0088,0.0078,0.0067,58.282,25.6829,-61.821,106.2304,24.0568
2025-01-01 06:05:40,0.4654,0.4215,0.9328,2.5871,28.3075,47.5731,99.1183,0.0088,0.0078,0.0067,58.282,25.6829,-61.821,106.2304,24.0568
2025-01-01 06:05:50,0.4654,0.3009,0.9328,2.5871,28.3075,47.5731,99.1183,0.0088,0.0078,0.0067,58.282,25.6829,-61.821,106.2304,24.0568
2025-01-01 06:06:00,0.4654,0.3009,0.9328,2.5871,28.3075,47.5731,99.1183,0.0088,0.004,0.0067,58.282,25.6829,-61.821,106.2304,24.0568
2025-01-01 06:06:10,0.4654,0.3009,0.9328,2.5871,28.3075,47.5731,99.1183,0.0088,0.0084,0.0067,58.282,25.6829,-61.821,106.2304,24.0568
2025-01-01 06:06:20,0.4654,0.3009,0.9328,2.5871,28.3075,47.5731,99.1183,0.0088,0.0084,0.0096,58.282,25.6829,-61.821,106.2304,24.0568
2025-01-01 06:06:30,0.4654,0.3009,0.9328,2.5871,28.3075,47.5731,99.1183,0.0088,0.0084,0.0076,58.282,25.6829,-61.821,106.2304,24.0568
2025-01-01 06:06:40,0.4654,0.3009,0.9328,2.5871,28.3075,47.5731,105.5551,0.0088,0.0084,0.0076,58.282,25.6829,-61.821,106.2304,24.0568
2025-01-01 06:06:50,0.4392,0.3009,0.9328,2.5871,28.3075,47.5731,105.5551,0.0088,0.0084,0.0076,58.282,25.6829,-61.821,106.2304,24.0568
2025-01-01 06:07:00,0.4545,0.3009,0.9328,2.5871,28.3075,47.5731,105.5551,0.0088,0.0084,0.0076,58.282,25.6829,-61.821,106.2304,24.0568
2025-01-01 06:07:10,0.4545,0.3009,0.9328,2.5871,28.3075,47.5731,105.5551,0.0088,0.0084,0.0076,58.282,25.3356,-61.821,106.2304,24.0568
2025-01-01 06:07:20,0.4545,0.3009,0.9328,2.5871,28.3075,47.5731,105.5551,0.0113,0.0084,0.0076,58.282,25.3356,-61.821,106.2304,24.0568
2025-01-01 06:07:30,0.4545,0.3009,0.9328,2.5871,28.3075,47.5731,99.7078,0.0113,0.0084,0.0076,58.282,25.3356,-61.821,106.2304,24.0568
2025-01-01 06:07:40,0.2955,0.3009,0.9328,2.5871,28.3075,47.5731,99.7078,0.0113,0.0084,0.0076,58.282,25.3356,-61.821,106.2304,24.0568
2025-01-01 06:07:50,0.2955,0.3009,0.9328,2.5871,28.3075,47.5731,99.7078,0.0113,0.0084,0.0076,58.282,25.7306,-61.821,106.2304,24.0568
2025-01-01 06:08:00,0.4896,0.3009,0.9328,2.5871,28.3075,47.5731,99.7078,0.0113,0.0084,0.0076,58.282,25.7306,-61.821,106.2304,24.0568
2025-01-01 06:08:10,0.4896,0.3009,0.9328,2.5871,28.3075,47.5731,113.2746,0.0113,0.0084,0.0076,58.282,25.7306,-61.821,106.2304,24.0568
2025-01-01 06:08:20,0.4896,0.3009,1.4327,2.5871,28.3075,47.5731,113.2746,0.0113,0.0084,0.0076,58.282,25.7306,-61.821,106.2304,24.0568
2025-01-01 06:08:30,0.242,0.3009,1.4327,2.5871,28.3075,47.5731,113.2746,0.0113,0.0084,0.0076,58.282,25.7306,-61.821,106.2304,24.0568
2025-01-01 06:08:40,0.242,0.3009,1.4327,2.5871,28.3075,47.5731,106.5515,0.0113,0.0084,0.0076,58.282,25.7306,-61.821,106.2304,24.0568
2025-01-01 06:08:50,0.242,0.3009,0.4059,2.5871,28.3075,47.5731,106.5515,0.0113,0.0084,0.0076,58.282,25.7306,-61.821,106.2304,24.0568
2025-01-01 06:09:00,0.242,0.3009,0.4059,2.5871,28.3075,47.5731,106.5515,0.0113,0.0084,0.0076,58.282,25.7306,-61.821,104.7896,24.0568
2025-01-01 06:09:10,0.242,0.3009,0.4059,2.5871,28.3075,47.5731,106.5515,0.0113,0.0062,0.0076,58.282,25.7306,-61.821,104.7896,24.0568
2025-01-01 06:09:20,0.242,0.3009,0.4059,2.5871,28.3075,47.5731,106.5515,0.0113,0.0062,0.0076,56.0024,25.7306,-61.821,104.7896,24.0568
2025-01-01 06:09:30,0.242,0.3009,0.4059,2.5871,28.3075,47.5731,104.2298,0.0113,0.0062,0.0076,56.0024,25.7306,-61.821,104.7896,24.0568
2025-01-01 06:09:40,0.242,0.3009,0.4059,2.6596,28.3075,47.5731,104.2298,0.0113,0.0062,0.0076,56.0024,25.7306,-61.821,104.7896,24.0568
2025-01-01 06:09:50,0.242,0.3009,0.4059,2.6596,28.3075,47.5731,104.2298,0.0113,0.0123,0.0076,56.0024,25.7306,-61.821,104.7896,24.0568
2025-01-01 06:10:00,0.242,0.3009,0.4059,2.6596,28.3075,47.5731,104.2298,0.0113,0.0123,0.0076,56.0024,25.7306,-62.29,104.7896,24.0568
2025-01-01 06:10:10,0.242,0.3009,0.4059,2.6197,28.3075,47.5731,104.2298,0.0113,0.0123,0.0076,56.0024,25.7306,-62.29,104.7896,24.0568
2025-01-01 06:10:20,0.242,0.3009,0.4059,2.6197,28.3075,47.5731,104.2298,0.0113,0.0123,0.0076,56.0024,25.7306,-62.29,103.5682,24.0568
2025-01-01 06:10:30,0.242,0.3009,0.4059,2.6197,28.3075,47.5731,104.2298,0.0113,0.0065,0.0076,56.0024,25.7306,-62.29,103.5682,24.0568
2025-01-01 06:10:40,0.2046,0.3009,0.4059,2.6197,28.3075,47.5731,104.2298,0.0113,0.0065,0.0076,56.0024,25.7306,-62.29,103.5682,24.0568
2025-01-01 06:10:50,0.2046,0.3009,1.3491,2.6197,28.3075,47.5731,104.2298,0.0113,0.0065,0.0076,56.0024,25.7306,-62.29,103.5682,24.0568
2025-01-01 06:11:00,0.2046,0.3009,1.3491,2.6197,28.3075,47.5731,104.2298,0.0113,0.0065,0.0076,56.0024,25.7306,-62.29,103.5682,24.323
2025-01-01 06:11:10,0.2046,0.3009,1.3491,2.6197,28.3075,47.5731,104.2298,0.0113,-0.0014,0.0076,56.0024,25.7306,-62.29,103.5682,24.323
2025-01-01 06:11:20,0.2046,0.3009,1.3491,2.6734,28.3075,47.5731,104.2298,0.0113,-0.0014,0.0076,56.0024,25.7306,-62.29,103.5682,24.323
2025-01-01 06:11:30,0.2046,0.3009,1.3491,2.6734,28.3075,47.5731,104.2298,0.0113,-0.0014,0.0076,56.0024,25.4772,-62.29,103.5682,24.323
2025-01-01 06:11:40,0.2046,0.3009,1.3491,2.6734,28.3075,47.5731,104.2298,0.0113,-0.0014,0.0076,56.0024,25.5522,-62.29,103.5682,24.323
2025-01-01 06:11:50,0.2046,0.3009,1.3491,2.6734,28.3075,47.5731,104.2298,0.0113,-0.0014,0.0102,56.0024,25.5522,-62.29,103.5682,24.323
2025-01-01 06:12:00,0.2046,0.3009,1.3491,2.6734,28.3075,47.5731,102.4516,0.0113,-0.0014,0.0102,56.0024,25.5522,-62.29,103.5682,24.323
2025-01-01 06:12:10,0.2046,0.3009,1.3491,2.6734,28.3075,47.5731,102.4516,0.0113,-0.0014,0.0102,56.0024,25.6687,-62.29,103.5682,24.323
2025-01-01 06:12:20,0.2046,0.3009,1.3491,2.6734,28.3075,47.5731,102.4516,0.0113,-0.0014,0.0102,55.763,25.6687,-62.29,103.5682,24.323
2025-01-01 06:12:30,0.2046,0.1553,1.3491,2.6734,28.3075,47.5731,102.4516,0.0113,-0.0014,0.0102,55.763,25.6687,-62.29,103.5682,24.323
2025-01-01 06:12:40,0.2046,0.1553,1.3491,2.6734,28.3075,47.5731,102.4516,0.0089,-0.0014,0.0102,55.763,25.6687,-62.29,103.5682,24.323
2025-01-01 06:12:50,0.2046,0.1553,1.3491,2.6734,28.3075,47.5731,102.4516,0.0056,-0.0014,0.0102,55.763,25.6687,-62.29,103.5682,24.323
2025-01-01 06:13:00,0.2046,0.1553,1.3491,2.6734,28.3075,47.5731,103.4225,0.0056,-0.0014,0.0102,55.763,25.6687,-62.29,103.5682,24.323
2025-01-01 06:13:10,0.2046,0.1553,1.3491,2.6734,28.3075,47.5731,103.4225,0.0056,-0.0014,0.0019,55.763,25.6687,-62.29,103.5682,24.323
2025-01-01 06:13:20,0.2046,0.1553,1.3491,2.6734,28.3075,47.5731,103.4225,0.0056,-0.0014,0.0019,57.9519,25.6687,-62.29,103.5682,24.323
2025-01-01 06:13:30,0.2046,0.1553,1.3491,2.6734,28.3075,47.5731,103.4225,0.0056,-0.0014,0.0019,58.1775,25.6687,-62.29,103.5682,24.323
2025-01-01 06:13:40,0.2046,0.1553,1.3491,2.6734,28.3075,47.5731,103.4225,0.0056,-0.0014,0.0019,58.1775,25.6687,-62.29,107.0605,24.323
2025-01-01 06:13:50,0.2046,0.1553,1.3491,2.6734,28.3075,46.4308,103.4225,0.0056,-0.0014,0.0019,58.1775,25.6687,-62.29,107.0605,24.323
2025-01-01 06:14:00,0.2046,0.1553,1.3491,2.6734,28.3075,46.4308,103.4225,0.0056,-0.0014,0.0019,58.1775,25.6687,-62.29,101.8597,24.323
2025-01-01 06:14:10,0.2046,0.1553,1.3491,2.6734,28.3075,46.4308,103.4225,0.0047,-0.0014,0.0019,58.1775,25.6687,-62.29,101.8597,24.323
2025-01-01 06:14:20,0.2046,0.1553,1.3491,2.6734,28.3075,46.4308,103.4225,0.0047,-0.0014,0.0019,58.1775,25.6687,-62.4967,101.8597,24.323
2025-01-01 06:14:30,0.4858,0.1553,1.3491,2.6734,28.3075,46.4308,103.4225,0.0047,-0.0014,0.0019,58.1775,25.6687,-62.4967,101.8597,24.323
2025-01-01 06:14:40,0.4858,0.1553,1.3491,2.6734,28.3075,46.4308,103.4225,0.0047,0.0026,0.0019,58.1775,25.6687,-62.4967,101.8597,24.323
2025-01-01 06:14:50,0.4858,0.1553,1.3491,2.4814,28.3075,46.4308,103.4225,0.0047,0.0026,0.0019,58.1775,25.6687,-62.4967,101.8597,24.323
2025-01-01 06:15:00,0.4858,0.1553,1.3491,2.4814,28.3075,46.4308,103.4225,0.0093,0.0026,0.0019,58.1775,25.6687,-62.4967,101.8597,24.323
2025-01-01 06:15:10,0.4858,0.1553,1.3491,2.4814,28.3075,46.4308,103.4225,0.0093,0.0026,0.0019,58.1775,25.6687,-62.4967,105.4996,24.323
2025-01-01 06:15:20,0.4858,0.1553,1.3491,2.4814,28.3075,46.4308,103.4225,0.0093,0.0026,0.0045,58.1775,25.6687,-62.4967,105.4996,24.323
2025-01-01 06:15:30,0.4858,0.1553,1.3491,2.4814,28.3075,46.4308,103.4225,0.0093,0.0114,0.0045,58.1775,25.6687,-62.4967,105.4996,24.323
2025-01-01 06:15:40,0.4858,0.1553,1.3491,2.4814,28.3075,46.4308,103.4225,0.0093,0.0114,0.0045,55.341,25.6687,-62.4967,105.4996,24.323
2025-01-01 06:15:50,0.4858,0.1553,1.3491,2.4814,28.3075,46.4308,103.4225,0.0093,0.0114,0.0045,55.341,25.1405,-62.4967,105.4996,24.323
2025-01-01 06:16:00,0.4858,0.1553,1.3491,2.4814,28.3075,47.3716,103.4225,0.0093,0.0114,0.0045,55.341,25.1405,-62.4967,105.4996,24.323
2025-01-01 06:16:10,0.4858,0.1553,1.3491,2.4814,28.3075,47.3716,103.4225,0.0093,0.0114,0.0045,55.341,25.9219,-62.4967,105.4996,24.323
2025-01-01 06:16:20,0.3281,0.1553,1.3491,2.4814,28.3075,47.3716,103.4225,0.0093,0.0114,0.0045,55.341,25.9219,-62.4967,105.4996,24.323
2025-01-01 06:16:30,0.3281,0.1553,1.3491,2.5363,28.3075,47.3716,103.4225,0.0093,0.0114,0.0045,55.341,25.9219,-62.4967,105.4996,24.323
2025-01-01 06:16:40,0.3281,0.1553,1.3491,2.6614,28.3075,47.3716,103.4225,0.0093,0.0114,0.0045,55.341,25.9219,-62.4967,105.4996,24.323
2025-01-01 06:16:50,0.3281,0.1553,1.3491,2.6614,28.3075,47.3716,103.4225,0.0093,0.0114,0.0045,55.341,25.9219,-63.3419,105.4996,24.323
2025-01-01 06:17:00,0.3281,0.1553,1.3491,2.6614,28.3075,47.3716,103.4225,0.0086,0.0114,0.0045,55.341,25.9219,-63.3419,105.4996,24.323
2025-01-01 06:17:10,0.3281,0.1553,1.3491,2.6614,28.3075,43.5141,103.4225,0.0086,0.0114,0.0045,55.341,25.9219,-63.3419,105.4996,24.323
2025-01-01 06:17:20,0.3281,0.1553,1.3491,2.6614,28.3075,43.5141,103.4225,0.0086,0.0114,0.0045,55.341,25.9219,-63.3419,101.9957,24.323
2025-01-01 06:17:30,0.3281,0.1553,1.3491,2.6614,28.3075,43.5141,103.4225,0.0086,0.0114,0.0045,55.341,25.9219,-63.3419,100.841,24.323
2025-01-01 06:17:40,0.743,0.1553,1.3491,2.6614,28.3075,43.5141,103.4225,0.0086,0.0114,0.0045,55.341,25.9219,-63.3419,100.841,24.323
2025-01-01 06:17:50,0.743,0.1553,1.3491,2.6614,28.3075,43.5141,103.4225,0.0086,0.0114,0.0045,55.341,25.7798,-63.3419,100.841,24.323
2025-01-01 06:18:00,0.743,0.1553,1.3491,2.6614,28.3075,43.5141,103.4225,0.0054,0.0114,0.0045,55.341,25.7798,-63.3419,100.841,24.323
2025-01-01 06:18:10,0.743,0.1553,1.4644,2.6614,28.3075,43.5141,103.4225,0.0054,0.0114,0.0045,55.341,25.7798,-63.3419,100.841,24.323
2025-01-01 06:18:20,0.743,0.1553,1.4644,2.7965,28.3075,43.5141,103.4225,0.0054,0.0114,0.0045,55.341,25.7798,-63.3419,100.841,24.323
2025-01-01 06:18:30,0.743,0.1553,1.4644,2.7965,28.3075,43.5141,112.6249,0.0054,0.0114,0.0045,55.341,25.7798,-63.3419,100.841,24.323
2025-01-01 06:18:40,0.743,0.1553,1.4644,2.7965,28.3075,43.5141,112.6249,0.0054,0.0114,0.008,55.341,25.7798,-63.3419,100.841,24.323
2025-01-01 06:18:50,0.743,0.1553,1.4644,2.7965,28.1832,43.5141,112.6249,0.0054,0.0114,0.008,55.341,25.7798,-63.3419,100.841,24.323
2025-01-01 06:19:00,0.743,0.1553,1.4644,2.7965,28.1832,43.5141,112.6249,0.0054,0.0114,0.008,55.341,25.7798,-60.6941,100.841,24.323
2025-01-01 06:19:10,0.743,0.1553,0.8452,2.7965,28.1832,43.5141,112.6249,0.0054,0.0114,0.008,55.341,25.7798,-60.6941,100.841,24.323
2025-01-01 06:19:20,0.743,0.1553,0.8452,2.7965,28.1832,43.5141,112.6249,0.0054,0.0114,0.008,55.341,25.2183,-60.6941,100.841,24.323
2025-01-01 06:19:30,0.743,0.1553,0.3529,2.7965,28.1832,43.5141,112.6249,0.0054,0.0114,0.008,55.341,25.2183,-60.6941,100.841,24.323
2025-01-01 06:19:40,0.743,0.1553,0.3529,2.7965,28.1832,43.5141,112.6249,0.0054,0.0114,0.0098,55.341,25.2183,-60.6941,100.841,24.323
2025-01-01 06:19:50,0.743,0.1553,0.3529,2.7965,28.1832,43.5141,112.6249,0.0054,0.0114,0.0098,55.341,25.2183,-60.6941,100.841,23.4873
2025-01-01 06:20:00,0.743,0.1553,0.3529,2.7965,28.1832,43.5141,112.6249,0.0054,0.0114,0.0098,55.341,25.2183,-60.6941,104.5303,23.4873
2025-01-01 06:20:10,0.743,0.1553,0.3529,2.7965,28.1832,43.5141,112.6249,0.0054,0.0114,0.0098,55.341,25.2183,-60.6941,104.5303,23.905
2025-01-01 06:20:20,0.743,0.1553,0.3529,2.7965,28.1832,43.5141,112.6249,0.0054,0.0114,0.0098,55.341,25.2183,-60.6941,104.5086,23.905
2025-01-01 06:20:30,0.743,0.1553,0.3529,2.8035,28.1832,43.5141,112.6249,0.0054,0.0114,0.0098,55.341,25.2183,-60.6941,104.5086,23.905
2025-01-01 06:20:40,0.743,0.1553,0.3529,2.8035,28.2076,43.5141,112.6249,0.0054,0.0114,0.0098,55.341,25.2183,-60.6941,104.5086,23.905
2025-01-01 06:20:50,0.743,0.1553,0.3529,2.8035,28.2076,43.5141,115.5815,0.0054,0.0114,0.0098,55.341,25.2183,-60.6941,104.5086,23.905
2025-01-01 06:21:00,0.743,0.1553,0.3529,2.8035,28.2076,47.2464,115.5815,0.0054,0.0114,0.0098,55.341,25.2183,-60.6941,104.5086,23.905
2025-01-01 06:21:10,0.743,0.1553,0.3529,2.8035,28.2076,47.2464,115.5815,0.0054,0.0114,0.0098,55.8348,25.2183,-60.6941,104.5086,23.905
2025-01-01 06:21:20,0.743,0.1553,0.1331,2.8035,28.2076,47.2464,115.5815,0.0054,0.0114,0.0098,55.8348,25.2183,-60.6941,104.5086,23.905
2025-01-01 06:21:30,0.743,0.1553,0.1331,2.8035,28.2076,47.2464,115.5815,0.0054,0.0114,0.0098,58.1017,25.2183,-60.6941,104.5086,23.905
2025-01-01 06:21:40,0.743,0.0992,0.1331,2.8035,28.2076,47.2464,115.5815,0.0054,0.0114,0.0098,58.1017,25.2183,-60.6941,104.5086,23.905
2025-01-01 06:21:50,0.743,0.0992,0.1331,2.8035,28.2076,47.2464,115.5815,0.01,0.0114,0.0098,58.1017,25.2183,-60.6941,104.5086,23.905
2025-01-01 06:22:00,0.743,0.0992,0.1331,2.8035,28.2076,47.2464,115.5815,0.01,0.0079,0.0098,58.1017,25.2183,-60.6941,104.5086,23.905
2025-01-01 06:22:10,0.743,0.0992,0.1331,2.8035,28.2076,45.2981,115.5815,0.01,0.0079,0.0098,58.1017,25.2183,-60.6941,104.5086,23.905
2025-01-01 06:22:20,0.743,0.0992,0.1331,2.5994,28.2076,45.2981,115.5815,0.01,0.0079,0.0098,58.1017,25.2183,-60.6941,104.5086,23.905
2025-01-01 06:22:30,0.743,0.0992,0.1331,2.4159,28.2076,45.2981,115.5815,0.01,0.0079,0.0098,58.1017,25.2183,-60.6941,104.5086,23.905
2025-01-01 06:22:40,0.743,0.0992,0.1331,2.4159,28.2076,45.2981,115.5815,0.01,0.0079,0.0098,58.1017,25.2183,-60.6941,104.5086,23.4249
2025-01-01 06:22:50,-0.1528,0.0992,0.1331,2.4159,28.2076,45.2981,115.5815,0.01,0.0079,0.0098,58.1017,25.2183,-60.6941,104.5086,23.4249
2025-01-01 06:23:00,-0.1528,0.0992,0.535,2.4159,28.2076,45.2981,115.5815,0.01,0.0079,0.0098,58.1017,25.2183,-60.6941,104.5086,23.4249
2025-01-01 06:23:10,-0.1528,0.0992,0.535,2.4159,28.2076,45.9278,115.5815,0.01,0.0079,0.0098,58.1017,25.2183,-60.6941,104.5086,23.4249
2025-01-01 06:23:20,-0.1528,0.0992,0.535,2.4159,28.2076,45.9278,115.5815,0.01,0.0079,0.0009,58.1017,25.2183,-60.6941,104.5086,23.4249
2025-01-01 06:23:30,-0.1528,0.0992,0.535,2.4159,28.2076,45.9278,115.5815,0.01,0.0079,0.0009,58.1017,25.2183,-60.6941,104.5086,24.5744
2025-01-01 06:23:40,-0.1528,0.0992,0.535,2.4159,28.2076,45.6854,115.5815,0.01,0.0079,0.0009,58.1017,25.2183,-60.6941,104.5086,24.5744
2025-01-01 06:23:50,-0.1528,0.0992,0.535,2.4159,28.2076,45.6854,115.5815,0.01,0.0079,0.0009,58.1017,25.1775,-60.6941,104.5086,24.5744
2025-01-01 06:24:00,0.2808,0.0992,0.535,2.4159,28.2076,45.6854,115.5815,0.01,0.0079,0.0009,58.1017,25.1775,-60.6941,104.5086,24.5744
2025-01-01 06:24:10,0.2808,0.0992,0.535,2.4159,28.2076,45.6854,115.5815,0.01,0.0079,0.0009,58.2264,25.1775,-60.6941,104.5086,24.5744
2025-01-01 06:24:20,0.2808,0.0992,0.535,2.4159,28.2076,45.6854,115.5815,0.01,0.0079,0.0022,58.2264,25.1775,-60.6941,104.5086,24.5744
2025-01-01 06:24:30,0.2808,0.0992,0.535,2.4159,28.2076,45.6854,106.0065,0.01,0.0079,0.0022,58.2264,25.1775,-60.6941,104.5086,24.5744
2025-01-01 06:24:40,0.2808,0.0992,0.535,2.4159,28.2076,45.6854,106.0065,-0.0024,0.0079,0.0022,58.2264,25.1775,-60.6941,104.5086,24.5744
2025-01-01 06:24:50,0.2808,0.0992,1.1237,2.4159,28.2076,45.6854,106.0065,-0.0024,0.0079,0.0022,58.2264,25.1775,-60.6941,104.5086,24.5744
2025-01-01 06:25:00,0.2808,0.0992,1.1237,2.4159,28.2076,45.6854,106.0065,-0.0024,0.0079,0.0022,58.2264,25.1775,-60.6941,104.5086,23.6578
2025-01-01 06:25:10,0.2808,0.0992,1.1237,2.4159,28.2076,45.6854,106.0065,-0.0024,0.0079,0.0022,56.5662,25.1775,-60.6941,104.5086,23.6578
2025-01-01 06:25:20,0.2808,0.0992,1.1237,2.4159,28.2076,47.0514,106.0065,-0.0024,0.0079,0.0022,56.5662,25.1775,-60.6941,104.5086,23.6578
2025-01-01 06:25:30,0.2808,0.0992,1.1237,2.4159,28.2076,47.0514,106.0065,-0.0024,0.0079,0.0022,57.7991,25.1775,-60.6941,104.5086,23.6578
2025-01-01 06:25:40,0.2808,0.0992,1.1237,2.4159,28.2076,44.5659,106.0065,-0.0024,0.0079,0.0022,57.7991,25.1775,-60.6941,104.5086,23.6578
2025-01-01 06:25:50,0.2808,0.0992,1.1237,2.4159,28.2076,44.5659,106.0065,-0.0024,0.0079,0.0022,58.0392,25.1775,-60.6941,104.5086,23.6578
2025-01-01 06:26:00,0.2808,0.0992,1.1237,2.4159,28.2076,47.4499,106.0065,-0.0024,0.0079,0.0022,58.0392,25.1775,-60.6941,104.5086,23.6578
2025-01-01 06:26:10,0.2808,0.0992,1.1237,2.4159,28.2076,47.4499,106.0065,-0.0024,0.0079,0.0149,58.0392,25.1775,-60.6941,104.5086,23.6578
2025-01-01 06:26:20,0.2808,0.0992,1.1237,2.4159,28.2076,47.4499,106.0065,-0.0024,0.0079,0.0149,55.3788,25.1775,-60.6941,104.5086,23.6578
2025-01-01 06:26:30,0.2808,0.0992,1.1237,2.4159,28.2076,45.4153,106.0065,-0.0024,0.0079,0.0149,55.3788,25.1775,-60.6941,104.5086,23.6578
2025-01-01 06:26:40,0.2808,0.0992,1.1237,2.4159,28.2076,45.4153,106.0065,0.0117,0.0079,0.0149,55.3788,25.1775,-60.6941,104.5086,23.6578
2025-01-01 06:26:50,0.2808,0.0992,1.1237,2.4159,28.2076,45.4153,106.0065,0.0117,0.0079,0.0149,55.3788,26.425,-60.6941,104.5086,23.6578
2025-01-01 06:27:00,0.2808,0.0992,1.1237,2.4159,28.2076,45.4153,101.0224,0.0117,0.0079,0.0149,55.3788,26.425,-60.6941,104.5086,23.6578
2025-01-01 06:27:10,0.2808,0.0992,1.1237,2.4159,28.2076,45.4153,101.0224,0.0117,0.0079,0.0149,58.4136,26.425,-60.6941,104.5086,23.6578
2025-01-01 06:27:20,0.2808,0.0992,1.1237,2.4159,28.2076,45.4153,101.0224,0.0117,0.0079,-0.0044,58.4136,26.425,-60.6941,104.5086,23.6578
2025-01-01 06:27:30,0.2808,0.0992,1.1237,2.4159,28.2076,45.4153,101.0224,0.0117,0.0079,-0.0044,58.4136,25.8997,-60.6941,104.5086,23.6578
2025-01-01 06:27:40,0.2808,0.0992,1.1237,2.4159,28.2076,45.4153,101.0224,0.0117,0.0079,-0.0044,58.4136,25.8997,-60.6941,104.5086,23.5054
2025-01-01 06:27:50,0.2808,0.0992,1.1237,2.4159,28.2076,45.4153,101.0224,0.0117,0.0079,-0.0044,58.4136,25.8997,-60.6941,104.5086,23.9375
2025-01-01 06:28:00,0.2808,0.0992,1.1237,2.6755,28.2076,45.4153,101.0224,0.0117,0.0079,-0.0044,58.4136,25.8997,-60.6941,104.5086,23.9375
2025-01-01 06:28:10,0.2808,0.0992,1.1237,2.6755,28.2076,45.4153,101.0224,0.0117,0.0079,0.0038,58.4136,25.8997,-60.6941,104.5086,23.9375
2025-01-01 06:28:20,0.2808,0.01,1.1237,2.6755,28.2076,45.4153,101.0224,0.0117,0.0079,0.0038,58.4136,25.8997,-60.6941,104.5086,23.9375
2025-01-01 06:28:30,0.2808,0.01,1.1237,2.6755,28.2076,45.4153,101.0224,0.0117,0.0079,0.0038,58.4136,25.8997,-65.0135,104.5086,23.9375
2025-01-01 06:28:40,0.2808,0.01,1.1237,2.6755,27.9896,45.4153,101.0224,0.0117,0.0079,0.0038,58.4136,25.8997,-65.0135,104.5086,23.9375
2025-01-01 06:28:50,0.2808,0.01,1.1237,2.6755,27.9896,45.4153,106.0982,0.0117,0.0079,0.0038,58.4136,25.8997,-65.0135,104.5086,23.9375
2025-01-01 06:29:00,0.2808,0.01,1.1237,2.6755,27.9896,45.4153,106.0982,0.0117,0.0079,0.0118,58.4136,25.8997,-65.0135,104.5086,23.9375
2025-01-01 06:29:10,0.2808,0.01,1.1237,2.6755,27.9896,45.4153,106.0982,0.0117,0.0079,0.0118,58.4136,25.628,-65.0135,104.5086,23.9375
2025-01-01 06:29:20,0.2808,0.01,1.1237,2.6755,27.9896,45.4153,106.0982,0.0117,0.0024,0.0118,58.4136,25.628,-65.0135,104.5086,23.9375
2025-01-01 06:29:30,0.2808,0.01,1.1237,2.6755,27.9671,45.4153,106.0982,0.0117,0.0024,0.0118,58.4136,25.628,-65.0135,104.5086,23.9375
2025-01-01 06:29:40,0.2808,0.01,1.1237,2.6755,27.9671,45.2152,106.0982,0.0117,0.0024,0.0118,58.4136,25.628,-65.0135,104.5086,23.9375
2025-01-01 06:29:50,0.2808,0.01,1.1237,2.6755,27.9671,45.2152,106.0982,0.0117,0.0024,0.0118,58.4136,25.628,-65.0135,101.6417,23.9375
2025-01-01 06:30:00,0.2808,0.01,1.1237,2.6755,27.9671,47.2755,106.0982,0.0117,0.0024,0.0118,58.4136,25.628,-65.0135,101.6417,23.9375
2025-01-01 06:30:10,0.2808,0.01,0.6652,2.6755,27.9671,47.2755,106.0982,0.0117,0.0024,0.0118,58.4136,25.628,-65.0135,101.6417,23.9375
2025-01-01 06:30:20,0.2808,0.01,0.6652,2.6755,27.9671,47.2755,106.0982,0.0008,0.0024,0.0118,58.4136,25.628,-65.0135,101.6417,23.9375
2025-01-01 06:30:30,0.2808,0.01,0.6652,2.6755,27.9671,47.2755,106.0982,0.0008,0.0024,0.0118,54.0212,25.628,-65.0135,101.6417,23.9375
2025-01-01 06:30:40,0.2808,0.01,0.6652,2.6755,27.9671,44.8206,106.0982,0.0008,0.0024,0.0118,54.0212,25.628,-65.0135,101.6417,23.9375
2025-01-01 06:30:50,0.2808,0.01,0.6652,2.6755,27.9671,44.8206,106.0982,0.0008,0.0024,0.0118,54.0212,25.628,-65.0135,104.2101,23.9375
2025-01-01 06:31:00,0.2808,0.01,0.6652,2.6755,28.0045,44.8206,106.0982,0.0008,0.0024,0.0118,54.0212,25.628,-65.0135,104.2101,23.9375
2025-01-01 06:31:10,0.2808,0.01,0.6652,2.6755,28.0045,44.8206,106.0982,0.0008,0.0024,0.0118,54.0212,25.628,-63.0769,104.2101,23.9375
2025-01-01 06:31:20,0.2808,0.01,0.6652,2.6755,28.0045,44.8206,106.0982,0.0008,0.0024,0.0118,54.0212,25.628,-63.0769,104.2101,24.025
2025-01-01 06:31:30,0.4009,0.01,0.6652,2.6755,28.0045,44.8206,106.0982,0.0008,0.0024,0.0118,54.0212,25.628,-63.0769,104.2101,24.025
2025-01-01 06:31:40,0.4009,0.01,0.6652,2.6755,28.0045,44.8206,106.0982,0.0008,0.0024,0.0047,54.0212,25.628,-63.0769,104.2101,24.025
2025-01-01 06:31:50,0.4009,0.01,0.6652,2.6755,28.0045,44.8206,106.0982,0.0008,0.0101,0.0047,54.0212,25.628,-63.0769,104.2101,24.025
2025-01-01 06:32:00,0.4009,0.01,0.6652,2.6755,28.0045,44.8206,106.0982,0.0008,0.0101,0.0047,54.0212,25.628,-65.386,104.2101,24.025
2025-01-01 06:32:10,0.4009,0.01,0.6652,2.6755,28.0045,44.8206,106.0982,0.0008,0.0101,0.0047,54.0212,25.628,-65.386,104.2101,23.6839
2025-01-01 06:32:20,0.0905,0.01,0.6652,2.6755,28.0045,44.8206,106.0982,0.0008,0.0101,0.0047,54.0212,25.628,-65.386,104.2101,23.6839
2025-01-01 06:32:30,0.0905,0.01,0.6652,2.6755,28.0045,44.8206,106.0982,-0.0042,0.0101,0.0047,54.0212,25.628,-65.386,104.2101,23.6839
2025-01-01 06:32:40,0.0905,0.01,0.6652,2.6755,28.0045,44.8206,106.0982,-0.0042,0.0101,0.0047,55.8076,25.628,-65.386,104.2101,23.6839
2025-01-01 06:32:50,0.0905,0.01,0.6652,2.6755,28.0045,46.3101,106.0982,-0.0042,0.0101,0.0047,55.8076,25.628,-65.386,104.2101,23.6839
2025-01-01 06:33:00,0.0905,0.6884,0.6652,2.6755,28.0045,46.3101,106.0982,-0.0042,0.0101,0.0047,55.8076,25.628,-65.386,104.2101,23.6839
2025-01-01 06:33:10,0.0905,0.6884,0.6652,2.6755,28.0045,46.3101,106.0982,-0.0042,0.0101,0.0047,55.8076,25.628,-65.386,104.2101,23.1196
2025-01-01 06:33:20,0.2142,0.6884,0.6652,2.6755,28.0045,46.3101,106.0982,-0.0042,0.0101,0.0047,55.8076,25.628,-65.386,104.2101,23.1196
2025-01-01 06:33:30,0.2142,0.6884,0.6652,2.6755,28.0045,46.3101,106.0982,-0.0042,0.0101,0.0047,55.8076,24.9824,-65.386,104.2101,23.1196
2025-01-01 06:33:40,0.2142,0.6884,0.6652,2.6755,28.0045,46.3101,106.0982,-0.0042,0.0101,0.0076,55.8076,24.9824,-65.386,104.2101,23.1196
2025-01-01 06:33:50,0.2142,0.6884,0.6652,2.6755,28.0045,46.3101,106.0982,-0.0042,0.0101,0.0076,55.8076,24.9824,-65.6208,104.2101,23.1196
2025-01-01 06:34:00,0.2142,0.6884,0.6652,2.6755,28.0045,46.3101,106.0982,-0.0042,0.0101,0.0076,55.8076,24.9824,-63.7281,104.2101,23.1196
2025-01-01 06:34:10,0.2142,0.6884,0.6652,2.6755,28.0045,46.3101,106.0982,-0.0042,0.0013,0.0076,55.8076,24.9824,-63.7281,104.2101,23.1196
2025-01-01 06:34:20,0.2142,0.6884,0.6652,2.6755,28.0045,46.3101,112.6399,-0.0042,0.0013,0.0076,55.8076,24.9824,-63.7281,104.2101,23.1196
2025-01-01 06:34:30,0.2142,0.6884,0.6652,2.6755,28.0045,46.3101,112.6399,-0.0042,0.0013,0.0076,55.8076,24.9824,-63.7281,104.2101,23.9606
2025-01-01 06:34:40,0.2142,0.6884,0.6652,2.6755,28.0864,46.3101,112.6399,-0.0042,0.0013,0.0076,55.8076,24.9824,-63.7281,104.2101,23.9606
2025-01-01 06:34:50,0.2142,0.6884,0.6652,2.6755,28.0864,46.2306,112.6399,-0.0042,0.0013,0.0076,55.8076,24.9824,-63.7281,104.2101,23.9606
2025-01-01 06:35:00,0.2142,0.6884,0.6652,2.6755,28.0864,46.2306,112.6399,-0.0042,0.0091,0.0076,55.8076,24.9824,-63.7281,104.2101,23.9606
2025-01-01 06:35:10,0.2142,0.6884,0.6652,2.6755,28.0864,46.2306,112.6399,-0.0042,0.0091,0.0076,55.8076,24.9824,-63.7281,104.2101,23.778
2025-01-01 06:35:20,0.2142,0.6884,0.6652,2.6755,28.0864,46.2306,112.6399,-0.0042,0.0091,0.0076,55.8076,24.9824,-63.7285,104.2101,23.778
2025-01-01 06:35:30,0.2142,0.6884,0.6652,2.6755,28.0864,46.2306,112.6399,0.0075,0.0091,0.0076,55.8076,24.9824,-63.7285,104.2101,23.778
2025-01-01 06:35:40,0.2142,0.0547,0.6652,2.6755,28.0864,46.2306,112.6399,0.0075,0.0091,0.0076,55.8076,24.9824,-63.7285,104.2101,23.778
2025-01-01 06:35:50,0.2142,0.0547,0.6652,2.6755,28.0864,46.6532,112.6399,0.0075,0.0091,0.0076,55.8076,24.9824,-63.7285,104.2101,23.778
2025-01-01 06:36:00,0.2142,0.0547,0.6652,2.6755,28.0864,46.6532,112.6399,0.0075,0.007,0.0076,55.8076,24.9824,-63.7285,104.2101,23.778
2025-01-01 06:36:10,0.2142,0.0547,0.6652,2.6755,28.0864,46.6532,112.6399,0.0075,0.007,0.0048,55.8076,24.9824,-63.7285,104.2101,23.778
2025-01-01 06:36:20,0.2142,0.0547,0.6652,2.6755,28.0864,46.6532,98.9255,0.0075,0.007,0.0048,55.8076,24.9824,-63.7285,104.2101,23.778
2025-01-01 06:36:30,-0.1388,0.0547,0.6652,2.6755,28.0864,46.6532,98.9255,0.0075,0.007,0.0048,55.8076,24.9824,-63.7285,104.2101,23.778
2025-01-01 06:36:40,-0.1388,0.0547,0.6652,2.6755,28.0864,46.6532,98.9255,0.0075,0.007,0.0005,55.8076,24.9824,-63.7285,104.2101,23.778
2025-01-01 06:36:50,-0.1388,0.0547,0.6652,2.6755,28.0864,46.6532,98.9255,0.0075,0.007,0.0005,55.8076,24.9824,-62.3191,104.2101,23.778
2025-01-01 06:37:00,-0.1388,0.0547,0.6652,2.6755,28.0864,46.6532,98.9255,0.0075,0.007,0.0005,55.8076,25.9027,-62.3191,104.2101,23.778
2025-01-01 06:37:10,-0.1388,0.0547,0.6652,2.6755,28.0864,46.6532,98.9255,0.0075,0.007,0.0005,55.3165,25.9027,-62.3191,104.2101,23.778
2025-01-01 06:37:20,-0.1388,0.0547,0.6652,2.6755,28.0864,46.6532,98.9255,0.0075,0.007,0.0005,55.3165,25.9027,-62.3191,101.4502,23.778
2025-01-01 06:37:30,-0.1388,0.0547,0.6652,2.6755,28.0864,46.6532,98.9255,0.0075,0.007,0.0005,55.3165,25.9027,-62.3191,99.996,23.778
2025-01-01 06:37:40,-0.1388,0.0547,0.6652,2.6755,28.0864,46.6532,97.8025,0.0075,0.007,0.0005,55.3165,25.9027,-62.3191,99.996,23.778
2025-01-01 06:37:50,-0.1388,0.0547,0.6652,2.6755,28.0864,46.6532,97.8025,0.0075,0.007,0.0005,55.3165,24.5101,-62.3191,99.996,23.778
2025-01-01 06:38:00,-0.1388,0.0547,0.6652,2.6755,28.0864,46.6532,102.4403,0.0075,0.007,0.0005,55.3165,24.5101,-62.3191,99.996,23.778
2025-01-01 06:38:10,-0.1388,0.0547,0.8276,2.6755,28.0864,46.6532,102.4403,0.0075,0.007,0.0005,55.3165,24.5101,-62.3191,99.996,23.778
2025-01-01 06:38:20,-0.1388,0.0547,0.8276,2.6755,28.0864,46.6532,102.4403,0.0075,0.007,0.0005,55.3165,24.5101,-65.0301,99.996,23.778
2025-01-01 06:38:30,-0.1388,0.0547,0.8276,2.6755,28.0864,47.636,102.4403,0.0075,0.007,0.0005,55.3165,24.5101,-65.0301,99.996,23.778
2025-01-01 06:38:40,-0.1388,0.0547,0.4245,2.6755,28.0864,47.636,102.4403,0.0075,0.007,0.0005,55.3165,24.5101,-65.0301,99.996,23.778
2025-01-01 06:38:50,-0.1388,0.0547,0.4245,2.6181,28.0864,47.636,102.4403,0.0075,0.007,0.0005,55.3165,24.5101,-65.0301,99.996,23.778
2025-01-01 06:39:00,-0.1388,0.0547,0.4245,2.6181,28.0587,47.636,102.4403,0.0075,0.007,0.0005,55.3165,24.5101,-65.0301,99.996,23.778
2025-01-01 06:39:10,-0.1388,0.0547,0.4245,2.6181,28.0587,47.636,102.4403,0.0075,0.007,-0.0027,55.3165,24.5101,-65.0301,99.996,23.778
2025-01-01 06:39:20,-0.1388,0.0547,0.4245,2.6181,28.0587,47.636,102.4403,0.0075,0.007,-0.0027,54.7195,24.5101,-65.0301,99.996,23.778
2025-01-01 06:39:30,-0.1388,0.0547,0.4245,2.6181,28.0587,47.636,102.4403,0.0075,0.007,-0.0027,54.7195,24.5101,-65.0301,99.996,23.0709
2025-01-01 06:39:40,-0.1388,0.0547,0.4245,2.5748,28.0587,47.636,102.4403,0.0075,0.007,-0.0027,54.7195,24.5101,-65.0301,99.996,23.0709
2025-01-01 06:39:50,-0.1388,0.0547,0.4245,2.5748,28.0587,47.636,102.4403,0.0075,0.0011,-0.0027,54.7195,24.5101,-65.0301,99.996,23.0709
2025-01-01 06:40:00,-0.1388,0.0547,-0.0713,2.5748,28.0587,47.636,102.4403,0.0075,0.0011,-0.0027,54.7195,24.5101,-65.0301,99.996,23.0709
2025-01-01 06:40:10,-0.1388,0.0718,-0.0713,2.5748,28.0587,47.636,102.4403,0.0075,0.0011,-0.0027,54.7195,24.5101,-65.0301,99.996,23.0709
2025-01-01 06:40:20,-0.1388,0.0718,-0.0713,2.5748,28.0587,47.636,102.4403,0.0075,0.0011,-0.0027,54.6379,24.5101,-65.0301,99.996,23.0709
2025-01-01 06:40:30,-0.1388,0.0718,-0.0713,2.5748,28.0587,44.58,102.4403,0.0075,0.0011,-0.0027,54.6379,24.5101,-65.0301,99.996,23.0709
2025-01-01 06:40:40,-0.1388,0.0718,-0.0713,2.5748,28.0587,44.58,102.4403,0.0075,0.0011,-0.0027,54.6379,24.5101,-62.7763,99.996,23.0709
2025-01-01 06:40:50,0.4578,0.0718,-0.0713,2.5748,28.0587,44.58,102.4403,0.0075,0.0011,-0.0027,54.6379,24.5101,-62.7763,99.996,23.0709
2025-01-01 06:41:00,0.4578,0.0718,-0.0713,2.6651,28.0587,44.58,102.4403,0.0075,0.0011,-0.0027,54.6379,24.5101,-62.7763,99.996,23.0709
2025-01-01 06:41:10,0.4578,0.0718,-0.0713,2.6651,28.0587,44.58,102.4403,0.0075,0.0011,-0.0027,54.6379,25.3753,-62.7763,99.996,23.0709
2025-01-01 06:41:20,0.4578,0.0718,-0.0713,2.6651,28.0587,46.0653,102.4403,0.0075,0.0011,-0.0027,54.6379,25.3753,-62.7763,99.996,23.0709
2025-01-01 06:41:30,0.4578,0.0718,-0.0713,2.6651,28.0587,46.0653,114.6607,0.0075,0.0011,-0.0027,54.6379,25.3753,-62.7763,99.996,23.0709
2025-01-01 06:41:40,0.4578,0.0718,0.4204,2.6651,28.0587,46.0653,114.6607,0.0075,0.0011,-0.0027,54.6379,25.3753,-62.7763,99.996,23.0709
2025-01-01 06:41:50,0.4578,0.0718,0.4204,2.6651,28.0587,46.0653,86.0927,0.0075,0.0011,-0.0027,54.6379,25.3753,-62.7763,99.996,23.0709
2025-01-01 06:42:00,0.4578,0.0718,0.4204,2.6651,28.0587,46.0653,107.8984,0.0075,0.0011,-0.0027,54.6379,25.3753,-62.7763,99.996,23.0709
2025-01-01 06:42:10,0.4578,0.0718,0.4204,2.6651,28.0587,46.0653,107.8984,0.0075,0.0011,-0.0027,54.6379,25.3753,-62.7763,99.996,22.9465
2025-01-01 06:42:20,0.4578,0.0718,0.4204,2.6651,28.0587,46.0653,95.7368,0.0075,0.0011,-0.0027,54.6379,25.3753,-62.7763,99.996,22.9465
2025-01-01 06:42:30,0.4578,0.0718,0.4204,2.6651,28.0587,46.0653,95.7368,0.0075,0.0011,-0.0027,54.6379,24.761,-62.7763,99.996,22.9465
2025-01-01 06:42:40,0.4578,0.0718,0.4204,2.6651,28.0587,46.0653,95.7368,0.0075,0.0011,-0.0032,54.6379,24.761,-62.7763,99.996,22.9465
2025-01-01 06:42:50,0.4578,0.0718,0.8494,2.6651,28.0587,46.0653,95.7368,0.0075,0.0011,-0.0032,54.6379,24.761,-62.7763,99.996,22.9465
2025-01-01 06:43:00,0.4578,0.0718,0.8494,2.6651,28.0587,46.0653,95.7368,0.0075,0.0011,-0.0023,54.6379,24.761,-62.7763,99.996,22.9465
2025-01-01 06:43:10,0.4578,0.0718,0.8494,2.6651,28.0587,46.0653,95.7368,0.0075,0.0011,-0.0023,54.6379,24.761,-62.7763,99.996,22.4446
2025-01-01 06:43:20,0.4578,0.0719,0.8494,2.6651,28.0587,46.0653,95.7368,0.0075,0.0011,-0.0023,54.6379,24.761,-62.7763,99.996,22.4446
2025-01-01 06:43:30,0.4578,0.0719,0.8494,2.6903,28.0587,46.0653,95.7368,0.0075,0.0011,-0.0023,54.6379,24.761,-62.7763,99.996,22.4446
2025-01-01 06:43:40,0.4578,0.0719,0.8494,2.6903,28.0587,46.0653,95.7368,0.0075,0.0011,-0.0023,54.6379,25.5089,-62.7763,99.996,22.4446
2025-01-01 06:43:50,0.4578,0.0719,0.8494,2.6903,28.0587,46.0653,95.7368,0.0075,0.0011,0.0088,54.6379,25.5089,-62.7763,99.996,22.4446
2025-01-01 06:44:00,0.1675,0.0719,0.8494,2.6903,28.0587,46.0653,95.7368,0.0075,0.0011,0.0088,54.6379,25.5089,-62.7763,99.996,22.4446
2025-01-01 06:44:10,0.1675,0.0719,0.8494,2.6903,28.0587,46.0653,95.7368,-0.005,0.0011,0.0088,54.6379,25.5089,-62.7763,99.996,22.4446
2025-01-01 06:44:20,0.1675,0.0719,0.8494,2.6903,28.0587,46.0653,95.7368,-0.005,0.0011,0.0088,54.6379,25.0837,-62.7763,99.996,22.4446
2025-01-01 06:44:30,0.1675,0.0719,0.8494,2.6903,28.0587,46.0653,95.7368,-0.005,0.0011,0.0088,54.6379,25.0837,-62.7763,99.996,23.2634
2025-01-01 06:44:40,0.1675,0.0719,0.8494,2.6903,28.0587,46.0653,95.7368,-0.005,0.0012,0.0088,54.6379,25.0837,-62.7763,99.996,23.2634
2025-01-01 06:44:50,0.1675,0.0719,0.8494,2.5181,28.0587,46.0653,95.7368,-0.005,0.0012,0.0088,54.6379,25.0837,-62.7763,99.996,23.2634
2025-01-01 06:45:00,0.1675,0.0719,0.8494,2.5181,28.0587,46.0653,95.7368,-0.005,0.0012,0.0088,54.6379,25.0837,-62.7763,99.996,23.4018
2025-01-01 06:45:10,0.1675,0.0719,0.8494,2.5181,28.0587,46.0653,95.7368,-0.005,0.0012,0.0088,54.6379,25.0837,-62.7763,99.996,23.3297
2025-01-01 06:45:20,0.1675,0.0719,0.8494,2.5181,28.0587,46.0653,95.7368,-0.005,0.0012,0.0088,54.6379,25.0837,-64.7569,99.996,23.3297
2025-01-01 06:45:30,0.1675,0.0719,0.8494,2.5181,28.0587,46.0653,95.7368,-0.005,0.0012,0.0088,54.6379,25.0837,-66.4139,99.996,23.3297
2025-01-01 06:45:40,0.1675,0.0719,0.8494,2.544,28.0587,46.0653,95.7368,-0.005,0.0012,0.0088,54.6379,25.0837,-66.4139,99.996,23.3297
2025-01-01 06:45:50,0.1675,-0.2654,0.8494,2.544,28.0587,46.0653,95.7368,-0.005,0.0012,0.0088,54.6379,25.0837,-66.4139,99.996,23.3297
2025-01-01 06:46:00,0.1675,-0.2654,0.8494,2.544,28.0587,46.0653,95.7368,-0.005,-0.0102,0.0088,54.6379,25.0837,-66.4139,99.996,23.3297
2025-01-01 06:46:10,0.1675,-0.2654,0.8494,2.544,28.0587,46.0653,95.7368,-0.0056,-0.0102,0.0088,54.6379,25.0837,-66.4139,99.996,23.3297
2025-01-01 06:46:20,0.1675,-0.2654,0.8494,2.544,28.0587,46.0653,95.7368,-0.0056,-0.0102,0.0048,54.6379,25.0837,-66.4139,99.996,23.3297
2025-01-01 06:46:30,0.1675,-0.2654,0.8494,2.544,28.0587,46.0653,95.7368,-0.0056,-0.0102,0.0,54.6379,25.0837,-66.4139,99.996,23.3297
2025-01-01 06:46:40,0.1675,-0.2654,0.8494,2.544,28.0587,46.0653,95.7368,-0.0056,-0.0102,0.0,54.6379,25.0837,-66.4139,99.996,23.0716
2025-01-01 06:46:50,0.1675,-0.2654,0.8494,2.544,28.033,46.0653,95.7368,-0.0056,-0.0102,0.0,54.6379,25.0837,-66.4139,99.996,23.0716
2025-01-01 06:47:00,0.1726,-0.2654,0.8494,2.544,28.033,46.0653,95.7368,-0.0056,-0.0102,0.0,54.6379,25.0837,-66.4139,99.996,23.0716
2025-01-01 06:47:10,0.1726,-0.2654,0.8494,2.544,28.033,46.0653,95.7368,0.0046,-0.0102,0.0,54.6379,25.0837,-66.4139,99.996,23.0716
2025-01-01 06:47:20,0.1726,-0.2654,0.8494,2.544,28.033,46.0653,95.7368,0.0046,-0.0102,0.0,54.6379,25.0837,-63.4295,99.996,23.0716
2025-01-01 06:47:30,0.1726,-0.2654,0.8494,2.544,28.033,46.0653,95.7368,0.0046,-0.0102,0.0,54.6379,24.6021,-63.4295,99.996,23.0716
2025-01-01 06:47:40,0.1726,-0.2654,0.8494,2.544,28.033,46.0653,95.7368,0.0046,-0.0102,-0.0044,54.6379,24.6021,-63.4295,99.996,23.0716
2025-01-01 06:47:50,0.1726,-0.2654,0.8494,2.544,28.033,46.0653,95.7368,0.0046,-0.0102,-0.0044,54.6379,24.6021,-63.4295,100.2452,23.0716
2025-01-01 06:48:00,0.1726,-0.2654,-0.0756,2.544,28.033,46.0653,95.7368,0.0046,-0.0102,-0.0044,54.6379,24.6021,-63.4295,100.2452,23.0716
2025-01-01 06:48:10,0.1726,-0.2654,-0.0756,2.544,28.033,46.0653,95.7368,0.0046,-0.0047,-0.0044,54.6379,24.6021,-63.4295,100.2452,23.0716
2025-01-01 06:48:20,0.1726,-0.2654,-0.0756,2.544,28.033,46.0653,95.7368,0.0046,-0.0047,-0.0044,54.6379,24.6021,-63.4295,100.2452,23.3001
2025-01-01 06:48:30,0.1726,-0.2654,-0.0756,2.544,28.033,46.0653,95.7368,0.0046,-0.0047,-0.0044,54.6379,24.6021,-63.4295,95.6184,23.3001
2025-01-01 06:48:40,0.1726,-0.2654,-0.0756,2.544,28.033,46.0653,95.7368,0.0046,-0.0047,-0.0044,54.6379,24.6021,-63.4295,102.7804,23.3001
2025-01-01 06:48:50,0.1726,-0.2654,-0.0756,2.544,28.033,44.9188,95.7368,0.0046,-0.0047,-0.0044,54.6379,24.6021,-63.4295,102.7804,23.3001
2025-01-01 06:49:00,0.1726,-0.2654,-0.0756,2.544,28.033,44.9188,95.7368,0.0046,-0.0047,-0.0044,54.6379,24.7806,-63.4295,102.7804,23.3001
2025-01-01 06:49:10,0.1726,-0.2654,-0.0756,2.544,28.033,44.9188,95.7368,0.0046,-0.0047,-0.0044,55.4381,24.7806,-63.4295,102.7804,23.3001
2025-01-01 06:49:20,0.1726,0.3944,-0.0756,2.544,28.033,44.9188,95.7368,0.0046,-0.0047,-0.0044,55.4381,24.7806,-63.4295,102.7804,23.3001
2025-01-01 06:49:30,0.4335,0.3944,-0.0756,2.544,28.033,44.9188,95.7368,0.0046,-0.0047,-0.0044,55.4381,24.7806,-63.4295,102.7804,23.3001
2025-01-01 06:49:40,0.4335,0.3944,-0.0756,2.544,28.033,44.9188,95.7368,0.0046,-0.0047,-0.0044,55.4381,24.7806,-63.4295,102.7804,22.8744
2025-01-01 06:49:50,0.4335,0.3944,-0.0756,2.544,28.033,44.9188,95.7368,0.0046,-0.0047,-0.0003,55.4381,24.7806,-63.4295,102.7804,22.8744
2025-01-01 06:50:00,0.4335,0.3944,-0.0756,2.544,28.033,44.9188,95.7368,0.0046,-0.0047,-0.0003,55.4381,25.4298,-63.4295,102.7804,22.8744
2025-01-01 06:50:10,0.4335,0.3944,-0.0756,2.544,28.033,44.9188,95.7368,0.0046,0.0038,-0.0003,55.4381,25.4298,-63.4295,102.7804,22.8744
2025-01-01 06:50:20,0.4335,-0.4821,-0.0756,2.544,28.033,44.9188,95.7368,0.0046,0.0038,-0.0003,55.4381,25.4298,-63.4295,102.7804,22.8744
2025-01-01 06:50:30,0.4335,-0.4821,0.7919,2.544,28.033,44.9188,95.7368,0.0046,0.0038,-0.0003,55.4381,25.4298,-63.4295,102.7804,22.8744
2025-01-01 06:50:40,0.4335,-0.4821,0.7919,2.544,28.033,44.9188,95.7368,0.0046,0.0038,-0.0003,55.4381,25.4298,-66.3953,102.7804,22.8744
2025-01-01 06:50:50,0.4335,-0.4821,0.7919,2.544,28.2476,44.9188,95.7368,0.0046,0.0038,-0.0003,55.4381,25.4298,-66.3953,102.7804,22.8744
2025-01-01 06:51:00,0.1717,-0.4821,0.7919,2.544,28.2476,44.9188,95.7368,0.0046,0.0038,-0.0003,55.4381,25.4298,-66.3953,102.7804,22.8744
2025-01-01 06:51:10,0.1717,-0.4821,0.7919,2.544,28.2476,44.9188,104.7614,0.0046,0.0038,-0.0003,55.4381,25.4298,-66.3953,102.7804,22.8744
2025-01-01 06:51:20,0.2613,-0.4821,0.7919,2.544,28.2476,44.9188,104.7614,0.0046,0.0038,-0.0003,55.4381,25.4298,-66.3953,102.7804,22.8744
2025-01-01 06:51:30,0.2233,-0.4821,0.7919,2.544,28.2476,44.9188,104.7614,0.0046,0.0038,-0.0003,55.4381,25.4298,-66.3953,102.7804,22.8744
2025-01-01 06:51:40,0.2233,-0.4821,0.7919,2.6159,28.2476,44.9188,104.7614,0.0046,0.0038,-0.0003,55.4381,25.4298,-66.3953,102.7804,22.8744
2025-01-01 06:51:50,0.2233,-0.4821,0.7919,2.6159,28.2476,44.9188,104.7614,0.0046,0.0038,-0.0003,55.4381,24.4886,-66.3953,102.7804,22.8744
2025-01-01 06:52:00,0.0034,-0.4821,0.7919,2.6159,28.2476,44.9188,104.7614,0.0046,0.0038,-0.0003,55.4381,24.4886,-66.3953,102.7804,22.8744
2025-01-01 06:52:10,0.0034,-0.4821,0.7919,2.6159,28.2476,44.9188,104.7614,0.0046,0.0038,-0.0003,55.4381,24.8756,-66.3953,102.7804,22.8744
2025-01-01 06:52:20,-0.0396,-0.4821,0.7919,2.6159,28.2476,44.9188,104.7614,0.0046,0.0038,-0.0003,55.4381,24.8756,-66.3953,102.7804,22.8744
2025-01-01 06:52:30,-0.0396,-0.4821,0.7919,2.6159,28.0093,44.9188,104.7614,0.0046,0.0038,-0.0003,55.4381,24.8756,-66.3953,102.7804,22.8744
2025-01-01 06:52:40,-0.0396,-0.4821,0.7919,2.6159,28.0093,45.2612,104.7614,0.0046,0.0038,-0.0003,55.4381,24.8756,-66.3953,102.7804,22.8744
2025-01-01 06:52:50,-0.0396,0.1304,0.7919,2.6159,28.0093,45.2612,104.7614,0.0046,0.0038,-0.0003,55.4381,24.8756,-66.3953,102.7804,22.8744
2025-01-01 06:53:00,-0.0396,0.1304,0.7919,2.6159,28.0093,45.2612,104.7614,0.0046,0.0038,-0.0063,55.4381,24.8756,-66.3953,102.7804,22.8744
2025-01-01 06:53:10,-0.0868,0.1304,0.7919,2.6159,28.0093,45.2612,104.7614,0.0046,0.0038,-0.0063,55.4381,24.8756,-66.3953,102.7804,22.8744
2025-01-01 06:53:20,-0.0868,0.1304,0.7919,2.6159,28.0093,45.6218,104.7614,0.0046,0.0038,-0.0063,55.4381,24.8756,-66.3953,102.7804,22.8744
2025-01-01 06:53:30,-0.0868,0.1304,0.7919,2.4584,28.0093,45.6218,104.7614,0.0046,0.0038,-0.0063,55.4381,24.8756,-66.3953,102.7804,22.8744
2025-01-01 06:53:40,-0.0868,0.1304,-0.6455,2.4584,28.0093,45.6218,104.7614,0.0046,0.0038,-0.0063,55.4381,24.8756,-66.3953,102.7804,22.8744
2025-01-01 06:53:50,-0.0868,0.1304,-0.6455,2.4584,28.0093,45.6218,104.7614,0.0046,0.0038,-0.0063,55.4381,26.3759,-66.3953,102.7804,22.8744
2025-01-01 06:54:00,-0.0868,0.1304,-0.6455,2.4584,28.0093,45.6218,104.7614,0.0046,0.0038,-0.0063,55.4381,26.3759,-66.3953,102.7804,22.9587
2025-01-01 06:54:10,-0.0525,0.1304,-0.6455,2.4584,28.0093,45.6218,104.7614,0.0046,0.0038,-0.0063,55.4381,26.3759,-66.3953,102.7804,22.9587
2025-01-01 06:54:20,-0.0525,0.1304,-0.6455,2.4584,28.0093,45.6218,104.7614,0.0046,0.0038,0.003,55.4381,26.3759,-66.3953,102.7804,22.9587
2025-01-01 06:54:30,-0.0525,0.1304,-0.6455,2.4584,28.0093,45.6218,104.7614,0.0046,-0.0013,0.003,55.4381,26.3759,-66.3953,102.7804,22.9587
2025-01-01 06:54:40,-0.0525,0.1304,-0.6455,2.4584,28.0093,45.6218,104.7614,0.0046,-0.0013,0.003,54.3604,26.3759,-66.3953,102.7804,22.9587
2025-01-01 06:54:50,-0.0525,0.1304,-0.6455,2.4584,28.0093,45.6218,104.7614,0.0046,-0.0013,0.003,54.3604,26.3759,-66.3953,97.3933,22.9587
2025-01-01 06:55:00,-0.0525,0.1304,-0.6455,2.4584,28.0093,45.6218,104.7614,0.0046,-0.0013,0.003,54.3604,26.3759,-65.8019,97.3933,22.9587
2025-01-01 06:55:10,-0.0525,0.1304,-0.6455,2.4584,28.0093,45.6218,104.7614,0.0046,-0.0013,0.0057,54.3604,26.3759,-65.8019,97.3933,22.9587
2025-01-01 06:55:20,-0.0525,0.1304,-0.6455,2.4584,28.0093,45.6218,104.7614,0.0046,-0.0013,0.0057,54.3604,26.3759,-65.8019,97.3933,23.8812
2025-01-01 06:55:30,-0.0525,0.1304,-0.6455,2.4584,28.0093,45.6218,104.7614,0.0046,-0.0013,0.0057,54.3604,26.3759,-65.8019,96.5927,23.8812
2025-01-01 06:55:40,-0.0525,0.1304,-0.6455,2.4584,28.0093,45.6218,104.7614,0.0046,-0.0013,0.0057,54.3604,26.3759,-65.8019,96.5927,23.1887
2025-01-01 06:55:50,-0.0525,0.1304,-0.6455,2.4584,28.0313,45.6218,104.7614,0.0046,-0.0013,0.0057,54.3604,26.3759,-65.8019,96.5927,23.1887
2025-01-01 06:56:00,-0.0525,0.1304,-0.6455,2.4584,28.0313,45.6218,104.7614,-0.0039,-0.0013,0.0057,54.3604,26.3759,-65.8019,96.5927,23.1887
2025-01-01 06:56:10,-0.0525,0.1304,-0.6455,2.4584,28.0313,45.6218,104.7614,-0.0039,-0.0013,0.0057,54.3604,26.3759,-65.8019,100.8865,23.1887
2025-01-01 06:56:20,-0.0525,-0.4395,-0.6455,2.4584,28.0313,45.6218,104.7614,-0.0039,-0.0013,0.0057,54.3604,26.3759,-65.8019,100.8865,23.1887
2025-01-01 06:56:30,-0.0525,-0.4395,-0.6455,2.4584,28.0313,45.6218,104.7614,-0.0039,-0.0013,0.0056,54.3604,26.3759,-65.8019,100.8865,23.1887
2025-01-01 06:56:40,-0.0525,-0.4395,-0.6455,2.4584,28.0313,45.6218,104.7614,-0.0039,-0.0013,0.0056,54.3604,26.3759,-65.8019,100.8865,22.5172
2025-01-01 06:56:50,-0.0525,-0.4395,-0.6455,2.4584,28.0313,45.6218,108.1144,-0.0039,-0.0013,0.0056,54.3604,26.3759,-65.8019,100.8865,22.5172
2025-01-01 06:57:00,-0.0525,0.2711,-0.6455,2.4584,28.0313,45.6218,108.1144,-0.0039,-0.0013,0.0056,54.3604,26.3759,-65.8019,100.8865,22.5172
2025-01-01 06:57:10,-0.0525,0.2711,-0.6455,2.4584,28.0313,45.6218,108.1144,-0.0039,-0.0013,0.0056,54.3604,26.3759,-66.7814,100.8865,22.5172
2025-01-01 06:57:20,-0.0525,0.2711,-0.6455,2.4584,28.0313,45.6218,108.1144,-0.0039,-0.0013,0.0056,54.3604,26.3759,-67.7852,100.8865,22.5172
2025-01-01 06:57:30,-0.0525,0.2711,-0.6455,2.4584,28.0313,45.6218,108.1144,-0.0039,-0.0013,0.0056,54.3604,26.3759,-66.6241,100.8865,22.5172
2025-01-01 06:57:40,-0.0525,0.2711,-0.6455,2.3782,28.0313,45.6218,108.1144,-0.0039,-0.0013,0.0056,54.3604,26.3759,-66.6241,100.8865,22.5172
2025-01-01 06:57:50,0.0439,0.2711,-0.6455,2.3782,28.0313,45.6218,108.1144,-0.0039,-0.0013,0.0056,54.3604,26.3759,-66.6241,100.8865,22.5172
2025-01-01 06:58:00,0.0439,0.2711,-0.6455,2.3782,28.0313,45.6218,108.1144,-0.0039,-0.0013,0.0102,54.3604,26.3759,-66.6241,100.8865,22.5172
2025-01-01 06:58:10,0.0439,0.2711,-0.6455,2.6538,28.0313,45.6218,108.1144,-0.0039,-0.0013,0.0102,54.3604,26.3759,-66.6241,100.8865,22.5172
2025-01-01 06:58:20,0.0439,0.2284,-0.6455,2.6538,28.0313,45.6218,108.1144,-0.0039,-0.0013,0.0102,54.3604,26.3759,-66.6241,100.8865,22.5172
2025-01-01 06:58:30,0.0439,0.2284,-0.6455,2.6538,28.0313,44.3068,108.1144,-0.0039,-0.0013,0.0102,54.3604,26.3759,-66.6241,100.8865,22.5172
2025-01-01 06:58:40,0.0439,0.2284,-0.6455,2.6538,28.0313,44.3068,108.1144,-0.0039,-0.0013,0.0102,54.3604,26.3759,-63.794,100.8865,22.5172
2025-01-01 06:58:50,0.0439,0.2284,-0.6455,2.6538,28.0313,44.3068,108.1144,-0.0039,-0.0013,0.0102,53.2614,26.3759,-63.794,100.8865,22.5172
2025-01-01 06:59:00,0.1138,0.2284,-0.6455,2.6538,28.0313,44.3068,108.1144,-0.0039,-0.0013,0.0102,53.2614,26.3759,-63.794,100.8865,22.5172
2025-01-01 06:59:10,0.1138,0.2284,-0.6455,2.6538,28.0313,44.3068,108.1144,-0.0039,-0.0013,0.0102,56.1007,26.3759,-63.794,100.8865,22.5172
2025-01-01 06:59:20,0.1138,0.2284,-0.6455,2.6538,28.0313,44.3068,108.1144,-0.0039,-0.0013,0.0102,52.0593,26.3759,-63.794,100.8865,22.5172
2025-01-01 06:59:30,0.1138,0.2284,-0.6455,2.6538,28.0313,44.3068,108.1144,-0.0039,-0.0036,0.0102,52.0593,26.3759,-63.794,100.8865,22.5172
2025-01-01 06:59:40,0.1138,0.2284,-0.6455,2.6538,28.0313,44.3068,108.1144,0.0003,-0.0036,0.0102,52.0593,26.3759,-63.794,100.8865,22.5172
2025-01-01 06:59:50,0.1138,0.2284,-0.6455,2.4511,28.0313,44.3068,108.1144,0.0003,-0.0036,0.0102,52.0593,26.3759,-63.794,100.8865,22.5172
2025-01-01 07:00:00,-0.1872,0.2284,-0.6455,2.4511,28.0313,44.3068,108.1144,0.0003,-0.0036,0.0102,52.0593,26.3759,-63.794,100.8865,22.5172
2025-01-01 07:00:10,-0.1872,0.2284,-0.6455,2.4511,28.0313,44.3068,108.1144,0.0003,-0.0036,0.0102,52.0593,26.3759,-67.802,100.8865,22.5172
2025-01-01 07:00:20,-0.0906,0.2284,-0.6455,2.4511,28.0313,44.3068,108.1144,0.0003,-0.0036,0.0102,52.0593,26.3759,-67.802,100.8865,22.5172
2025-01-01 07:00:30,-0.0906,0.2284,-0.6455,2.4511,28.0313,44.3068,108.1144,0.0003,-0.0036,0.0102,52.0593,26.3759,-65.5141,100.8865,22.5172
2025-01-01 07:00:40,-0.0906,0.2284,-0.6455,2.4511,28.0313,44.3068,95.8883,0.0003,-0.0036,0.0102,52.0593,26.3759,-65.5141,100.8865,22.5172
2025-01-01 07:00:50,-0.0906,0.2284,-0.6455,2.4511,28.0313,44.3068,95.8883,0.0003,-0.0036,0.0102,52.0593,26.3759,-65.5141,99.9118,22.5172
2025-01-01 07:01:00,-0.0906,0.2284,-0.6455,2.3947,28.0313,44.3068,95.8883,0.0003,-0.0036,0.0102,52.0593,26.3759,-65.5141,99.9118,22.5172
2025-01-01 07:01:10,-0.0906,0.2417,-0.6455,2.3947,28.0313,44.3068,95.8883,0.0003,-0.0036,0.0102,52.0593,26.3759,-65.5141,99.9118,22.5172
2025-01-01 07:01:20,-0.0906,0.2417,-0.6455,2.3947,28.0313,44.3068,95.8883,0.0003,-0.0036,0.0102,55.8618,26.3759,-65.5141,99.9118,22.5172
2025-01-01 07:01:30,-0.2967,0.2417,-0.6455,2.3947,28.0313,44.3068,95.8883,0.0003,-0.0036,0.0102,55.8618,26.3759,-65.5141,99.9118,22.5172
2025-01-01 07:01:40,-0.2967,0.2417,-0.6455,2.3947,28.0313,44.3068,95.8883,0.0003,-0.0036,0.0102,53.1334,26.3759,-65.5141,99.9118,22.5172
2025-01-01 07:01:50,-0.2967,0.2417,-0.6455,2.479,28.0313,44.3068,95.8883,0.0003,-0.0036,0.0102,53.1334,26.3759,-65.5141,99.9118,22.5172
2025-01-01 07:02:00,0.1637,0.2417,-0.6455,2.479,28.0313,44.3068,95.8883,0.0003,-0.0036,0.0102,53.1334,26.3759,-65.5141,99.9118,22.5172
2025-01-01 07:02:10,0.1637,0.2417,-0.6455,2.479,28.0313,44.3068,95.8883,0.0003,-0.0036,-0.0084,53.1334,26.3759,-65.5141,99.9118,22.5172
2025-01-01 07:02:20,0.1637,0.2417,-0.6455,2.479,28.0313,44.3068,95.8883,0.0003,-0.0036,-0.0084,53.1334,26.3759,-65.5141,96.5039,22.5172
2025-01-01 07:02:30,0.1238,0.2417,-0.6455,2.479,28.0313,44.3068,95.8883,0.0003,-0.0036,-0.0084,53.1334,26.3759,-65.5141,96.5039,22.5172
2025-01-01 07:02:40,0.1238,0.2417,-0.6455,2.479,27.883,44.3068,95.8883,0.0003,-0.0036,-0.0084,53.1334,26.3759,-65.5141,96.5039,22.5172
2025-01-01 07:02:50,0.1238,0.2417,-0.6455,2.479,27.883,44.3068,95.8883,0.0003,-0.0036,-0.0084,53.1334,26.3759,-65.5141,96.5039,22.6409
2025-01-01 07:03:00,0.1238,-0.2108,-0.6455,2.479,27.883,44.3068,95.8883,0.0003,-0.0036,-0.0084,53.1334,26.3759,-65.5141,96.5039,22.6409
2025-01-01 07:03:10,0.1238,-0.2108,-0.6455,2.479,27.883,44.3068,95.8883,0.0003,-0.0036,-0.0084,53.0332,26.3759,-65.5141,96.5039,22.6409
2025-01-01 07:03:20,0.1238,-0.2108,-0.6455,2.479,27.883,44.3068,95.8883,0.0003,-0.0036,-0.0084,52.2892,26.3759,-65.5141,96.5039,22.6409
2025-01-01 07:03:30,0.321,-0.2108,-0.6455,2.479,27.883,44.3068,95.8883,0.0003,-0.0036,-0.0084,52.2892,26.3759,-65.5141,96.5039,22.6409
2025-01-01 07:03:40,0.321,-0.2108,-0.6455,2.479,27.883,44.3068,95.8883,0.0003,-0.0036,-0.0084,52.2892,26.3759,-67.6294,96.5039,22.6409
2025-01-01 07:03:50,0.321,-0.2108,-0.6455,2.479,27.883,44.3068,95.8883,0.0003,-0.0036,-0.0084,52.2892,26.3759,-67.6294,96.5039,22.912
2025-01-01 07:04:00,0.321,0.1927,-0.6455,2.479,27.883,44.3068,95.8883,0.0003,-0.0036,-0.0084,52.2892,26.3759,-67.6294,96.5039,22.912
2025-01-01 07:04:10,0.321,0.1927,-0.6455,2.479,27.883,44.3068,95.8883,0.0003,-0.0036,-0.0084,52.2892,24.6606,-67.6294,96.5039,22.912
2025-01-01 07:04:20,0.321,0.1927,-0.6455,2.479,27.883,46.0481,95.8883,0.0003,-0.0036,-0.0084,52.2892,24.6606,-67.6294,96.5039,22.912
2025-01-01 07:04:30,0.1775,0.1927,-0.6455,2.479,27.883,46.0481,95.8883,0.0003,-0.0036,-0.0084,52.2892,24.6606,-67.6294,96.5039,22.912
2025-01-01 07:04:40,0.1775,0.1927,1.0011,2.479,27.883,46.0481,95.8883,0.0003,-0.0036,-0.0084,52.2892,24.6606,-67.6294,96.5039,22.912
2025-01-01 07:04:50,0.1775,0.1927,1.0011,2.3213,27.883,46.0481,95.8883,0.0003,-0.0036,-0.0084,52.2892,24.6606,-67.6294,96.5039,22.912
2025-01-01 07:05:00,0.1775,0.1927,1.0011,2.3213,27.883,46.0481,95.8883,0.0003,-0.0036,-0.0084,52.2892,25.0829,-67.6294,96.5039,22.912
2025-01-01 07:05:10,0.1775,0.1927,-0.0606,2.3213,27.883,46.0481,95.8883,0.0003,-0.0036,-0.0084,52.2892,25.0829,-67.6294,96.5039,22.912
2025-01-01 07:05:20,0.1775,0.1927,-0.0606,2.3213,27.883,46.0481,95.8883,0.0003,-0.0036,-0.0084,53.0502,25.0829,-67.6294,96.5039,22.912
2025-01-01 07:05:30,0.1775,0.1349,-0.0606,2.3213,27.883,46.0481,95.8883,0.0003,-0.0036,-0.0084,53.0502,25.0829,-67.6294,96.5039,22.912
2025-01-01 07:05:40,0.1775,0.1349,-0.0606,2.3213,27.883,46.0481,95.8883,0.0003,-0.0036,-0.0084,53.0502,25.0829,-67.6294,98.7687,22.912
2025-01-01 07:05:50,0.1775,0.1349,-0.0606,2.3213,27.883,46.0481,95.8883,0.0003,-0.0036,-0.0084,53.0502,25.0829,-67.6294,100.2112,22.912
2025-01-01 07:06:00,0.1775,0.1349,-0.0606,2.3213,27.883,46.0481,95.8883,0.0085,-0.0036,-0.0084,53.0502,25.0829,-67.6294,100.2112,22.912
2025-01-01 07:06:10,0.1775,0.1349,-0.1786,2.3213,27.883,46.0481,95.8883,0.0085,-0.0036,-0.0084,53.0502,25.0829,-67.6294,100.2112,22.912
2025-01-01 07:06:20,0.1775,0.1349,-0.1786,2.3213,27.883,46.0481,95.8883,0.0085,-0.0036,-0.0084,53.0502,25.0829,-67.6294,100.2112,23.2138
2025-01-01 07:06:30,0.1775,0.1349,-0.1786,2.5415,27.883,46.0481,95.8883,0.0085,-0.0036,-0.0084,53.0502,25.0829,-67.6294,100.2112,23.2138
2025-01-01 07:06:40,0.1775,0.1349,-0.1786,2.5415,27.883,46.0481,95.8883,0.0085,-0.0086,-0.0084,53.0502,25.0829,-67.6294,100.2112,23.2138
2025-01-01 07:06:50,0.1775,-0.1596,-0.1786,2.5415,27.883,46.0481,95.8883,0.0085,-0.0086,-0.0084,53.0502,25.0829,-67.6294,100.2112,23.2138
2025-01-01 07:07:00,0.1775,-0.1596,-0.1786,2.5415,27.883,46.0481,95.8883,0.0085,-0.0086,-0.003,53.0502,25.0829,-67.6294,100.2112,23.2138
2025-01-01 07:07:10,0.1775,-0.1596,-0.5676,2.5415,27.883,46.0481,95.8883,0.0085,-0.0086,-0.003,53.0502,25.0829,-67.6294,100.2112,23.2138
2025-01-01 07:07:20,0.1775,-0.1596,-0.5676,2.5415,27.883,46.0481,95.8883,0.0085,-0.0086,-0.003,53.0502,25.0829,-67.6294,98.3068,23.2138
2025-01-01 07:07:30,0.1775,-0.1596,-0.5676,2.5415,27.883,46.0481,95.8883,0.0085,-0.0086,-0.0066,53.0502,25.0829,-67.6294,98.3068,23.2138
2025-01-01 07:07:40,0.1775,-0.1596,-0.5676,2.5415,28.1512,46.0481,95.8883,0.0085,-0.0086,-0.0066,53.0502,25.0829,-67.6294,98.3068,23.2138
2025-01-01 07:07:50,0.1775,-0.1596,-0.5676,2.5415,28.1512,46.0481,95.8883,0.0085,-0.0086,-0.0073,53.0502,25.0829,-67.6294,98.3068,23.2138
2025-01-01 07:08:00,0.1775,-0.1596,-0.5676,2.5415,28.1512,46.0481,95.8883,0.0085,-0.0071,-0.0073,53.0502,25.0829,-67.6294,98.3068,23.2138
2025-01-01 07:08:10,0.1775,-0.1596,-0.5676,2.5415,28.1512,46.0481,95.8883,0.0085,-0.0071,-0.0073,53.0502,25.0829,-66.2119,98.3068,23.2138
2025-01-01 07:08:20,0.1775,-0.1596,-0.5676,2.5415,28.1512,46.0481,95.8883,0.0085,0.003,-0.0073,53.0502,25.0829,-66.2119,98.3068,23.2138
2025-01-01 07:08:30,0.1775,-0.1596,-0.5676,2.5415,28.1512,46.0481,95.8883,0.0085,-0.0093,-0.0073,53.0502,25.0829,-66.2119,98.3068,23.2138
2025-01-01 07:08:40,0.1775,-0.1596,-0.5676,2.5415,28.1512,46.0481,95.8883,0.0085,-0.0093,-0.0073,53.0502,25.0829,-65.6617,98.3068,23.2138
2025-01-01 07:08:50,0.1775,-0.1596,-0.5676,2.5415,28.1512,46.0481,96.5887,0.0085,-0.0093,-0.0073,53.0502,25.0829,-65.6617,98.3068,23.2138
2025-01-01 07:09:00,0.1775,0.004,-0.5676,2.5415,28.1512,46.0481,96.5887,0.0085,-0.0093,-0.0073,53.0502,25.0829,-65.6617,98.3068,23.2138
2025-01-01 07:09:10,0.1775,0.004,-0.5676,2.5415,28.1512,46.0481,96.5887,0.0085,-0.0093,-0.0073,53.0502,25.0829,-65.6617,98.3068,23.0316
2025-01-01 07:09:20,0.1775,0.004,-0.5676,2.5415,28.1512,46.0481,96.5887,0.0085,-0.0093,-0.0051,53.0502,25.0829,-65.6617,98.3068,23.0316
2025-01-01 07:09:30,0.1775,0.004,-0.5676,2.5415,28.1512,46.0481,96.5887,0.0085,-0.0093,-0.0051,53.0502,25.0829,-65.6617,99.8516,23.0316
2025-01-01 07:09:40,0.1775,0.004,-0.5676,2.5415,28.1512,46.0481,96.5887,0.0085,-0.0034,-0.0051,53.0502,25.0829,-65.6617,99.8516,23.0316
2025-01-01 07:09:50,0.1775,0.004,-0.5676,2.5415,27.9561,46.0481,96.5887,0.0085,-0.0034,-0.0051,53.0502,25.0829,-65.6617,99.8516,23.0316
2025-01-01 07:10:00,-0.1538,0.004,-0.5676,2.5415,27.9561,46.0481,96.5887,0.0085,-0.0034,-0.0051,53.0502,25.0829,-65.6617,99.8516,23.0316
2025-01-01 07:10:10,-0.1538,0.004,-0.5676,2.5415,27.9561,46.0481,96.5887,0.0085,-0.0034,-0.0051,53.0502,25.0829,-65.6617,99.9102,23.0316
2025-01-01 07:10:20,-0.1538,-0.0665,-0.5676,2.5415,27.9561,46.0481,96.5887,0.0085,-0.0034,-0.0051,53.0502,25.0829,-65.6617,99.9102,23.0316
2025-01-01 07:10:30,-0.1538,-0.0665,-0.5676,2.5415,27.9561,46.0481,96.5887,0.0085,-0.0034,-0.0051,53.0502,25.0829,-65.6617,97.4411,23.0316
2025-01-01 07:10:40,-0.1538,-0.0665,0.1267,2.5415,27.9561,46.0481,96.5887,0.0085,-0.0034,-0.0051,53.0502,25.0829,-65.6617,97.4411,23.0316
2025-01-01 07:10:50,-0.1538,-0.0665,0.1267,2.5415,27.9561,46.0481,96.5887,0.0085,-0.0034,-0.0022,53.0502,25.0829,-65.6617,97.4411,23.0316
2025-01-01 07:11:00,-0.1538,-0.0665,0.1267,2.5415,27.9561,46.0481,96.5887,0.0085,-0.0034,-0.0022,53.0502,25.0829,-66.8599,97.4411,23.0316
2025-01-01 07:11:10,-0.1538,-0.0665,0.1267,2.5415,27.9561,46.0481,96.5887,0.0085,0.0017,-0.0022,53.0502,25.0829,-66.8599,97.4411,23.0316
2025-01-01 07:11:20,-0.1538,-0.1892,0.1267,2.5415,27.9561,46.0481,96.5887,0.0085,0.0017,-0.0022,53.0502,25.0829,-66.8599,97.4411,23.0316
2025-01-01 07:11:30,-0.1538,-0.1892,0.1267,2.5415,27.9561,46.0481,96.4505,0.0085,0.0017,-0.0022,53.0502,25.0829,-66.8599,97.4411,23.0316
2025-01-01 07:11:40,-0.1538,-0.2634,0.1267,2.5415,27.9561,46.0481,96.4505,0.0085,0.0017,-0.0022,53.0502,25.0829,-66.8599,97.4411,23.0316
2025-01-01 07:11:50,-0.1538,-0.2634,0.1267,2.5415,27.9561,46.0481,93.2032,0.0085,0.0017,-0.0022,53.0502,25.0829,-66.8599,97.4411,23.0316
2025-01-01 07:12:00,-0.1538,-0.2634,0.1267,2.4409,27.9561,46.0481,93.2032,0.0085,0.0017,-0.0022,53.0502,25.0829,-66.8599,97.4411,23.0316
2025-01-01 07:12:10,-0.1538,-0.2634,0.1267,2.4409,27.9561,46.0481,93.2032,-0.0036,0.0017,-0.0022,53.0502,25.0829,-66.8599,97.4411,23.0316
2025-01-01 07:12:20,-0.1538,-0.2634,0.1267,2.4409,27.9561,46.0481,93.2032,-0.0036,0.0031,-0.0022,53.0502,25.0829,-66.8599,97.4411,23.0316
2025-01-01 07:12:30,-0.1538,0.036,0.1267,2.4409,27.9561,46.0481,93.2032,-0.0036,0.0031,-0.0022,53.0502,25.0829,-66.8599,97.4411,23.0316
2025-01-01 07:12:40,-0.1538,0.036,0.1267,2.4409,27.9561,46.0481,93.2032,-0.0036,0.0031,-0.0022,53.0502,25.0829,-66.8599,98.5123,23.0316
2025-01-01 07:12:50,-0.1538,0.036,0.1267,2.4409,27.9561,46.0481,93.2032,-0.0036,0.0031,-0.0022,53.0502,25.0829,-65.4039,98.5123,23.0316
2025-01-01 07:13:00,-0.1538,0.036,0.1267,2.4409,27.9561,46.0481,93.2032,-0.0036,0.0031,-0.0011,53.0502,25.0829,-65.4039,98.5123,23.0316
2025-01-01 07:13:10,-0.1538,0.036,0.1267,2.4409,27.9561,46.0481,93.2032,-0.0036,0.0031,-0.0011,53.0502,24.3288,-65.4039,98.5123,23.0316
2025-01-01 07:13:20,-0.1538,-0.3539,0.1267,2.4409,27.9561,46.0481,93.2032,-0.0036,0.0031,-0.0011,53.0502,24.3288,-65.4039,98.5123,23.0316
2025-01-01 07:13:30,-0.1538,-0.3539,0.1267,2.4409,27.9561,46.0481,93.2032,-0.0036,0.0031,-0.0011,53.0502,24.3288,-64.7191,98.5123,23.0316
2025-01-01 07:13:40,-0.1538,-0.3539,0.1267,2.4409,27.9561,46.0481,93.2032,-0.0036,0.0031,-0.0011,53.0502,24.3288,-64.7191,98.3143,23.0316
2025-01-01 07:13:50,-0.1538,-0.3539,0.1267,2.4409,27.9561,46.0481,93.2032,-0.0036,0.0058,-0.0011,53.0502,24.3288,-64.7191,98.3143,23.0316
2025-01-01 07:14:00,-0.1538,-0.3539,0.1267,2.4409,27.9561,46.0481,93.2032,-0.0036,0.0058,-0.0089,53.0502,24.3288,-64.7191,98.3143,23.0316
2025-01-01 07:14:10,-0.1538,-0.3539,0.1267,2.4409,27.9561,46.0481,93.2032,-0.0036,0.0058,-0.0089,53.0502,24.3288,-66.577,98.3143,23.0316
2025-01-01 07:14:20,-0.1538,-0.3539,-1.0043,2.4409,27.9561,46.0481,93.2032,-0.0036,0.0058,-0.0089,53.0502,24.3288,-66.577,98.3143,23.0316
2025-01-01 07:14:30,-0.1538,-0.3539,-1.0043,2.4409,27.9561,44.5413,93.2032,-0.0036,0.0058,-0.0089,53.0502,24.3288,-66.577,98.3143,23.0316
2025-01-01 07:14:40,-0.1538,-0.3539,-1.0043,2.4409,27.9561,44.5413,93.2032,0.009,0.0058,-0.0089,53.0502,24.3288,-66.577,98.3143,23.0316
2025-01-01 07:14:50,-0.1538,-0.3539,-1.0043,2.4409,27.9561,44.5413,93.2032,0.009,0.0058,-0.0089,53.0502,24.3288,-66.577,99.1641,23.0316
2025-01-01 07:15:00,-0.1538,-0.3539,-1.0043,2.4409,27.9561,44.5413,93.2032,-0.0042,0.0058,-0.0089,53.0502,24.3288,-66.577,99.1641,23.0316
2025-01-01 07:15:10,-0.1538,-0.3539,-1.0043,2.4409,27.9561,44.5413,99.8624,-0.0042,0.0058,-0.0089,53.0502,24.3288,-66.577,99.1641,23.0316
2025-01-01 07:15:20,-0.1538,-0.3539,-1.0043,2.4409,27.9561,44.5413,99.8624,-0.0042,0.0058,-0.0089,53.0502,24.8744,-66.577,99.1641,23.0316
2025-01-01 07:15:30,-0.1538,-0.3539,-1.0043,2.4409,27.9561,44.5413,99.8624,-0.0042,0.0058,-0.0089,53.0502,24.7558,-66.577,99.1641,23.0316
2025-01-01 07:15:40,-0.1538,-0.3539,-1.0043,2.4409,27.8505,44.5413,99.8624,-0.0042,0.0058,-0.0089,53.0502,24.7558,-66.577,99.1641,23.0316
2025-01-01 07:15:50,-0.1538,-0.3539,-1.0043,2.3856,27.8505,44.5413,99.8624,-0.0042,0.0058,-0.0089,53.0502,24.7558,-66.577,99.1641,23.0316
2025-01-01 07:16:00,-0.1538,-0.3539,-1.0043,2.3194,27.8505,44.5413,99.8624,-0.0042,0.0058,-0.0089,53.0502,24.7558,-66.577,99.1641,23.0316
2025-01-01 07:16:10,-0.1538,-0.3539,-1.0043,2.3194,27.8505,44.5413,99.8624,-0.0042,0.0058,-0.0089,53.0502,24.0325,-66.577,99.1641,23.0316
2025-01-01 07:16:20,-0.1538,-0.3539,-1.0043,2.3194,27.8505,44.5413,99.8624,-0.0042,0.0009,-0.0089,53.0502,24.0325,-66.577,99.1641,23.0316
2025-01-01 07:16:30,-0.1538,-0.3539,-1.0043,2.3194,27.8505,44.5413,99.8624,-0.0042,0.0009,-0.0056,53.0502,24.0325,-66.577,99.1641,23.0316
2025-01-01 07:16:40,-0.1538,0.0424,-1.0043,2.3194,27.8505,44.5413,99.8624,-0.0042,0.0009,-0.0056,53.0502,24.0325,-66.577,99.1641,23.0316
2025-01-01 07:16:50,-0.1538,0.0424,-1.0043,2.3194,27.8505,44.5413,99.8624,-0.0042,0.0009,-0.0056,56.0397,24.0325,-66.577,99.1641,23.0316
2025-01-01 07:17:00,-0.1704,0.0424,-1.0043,2.3194,27.8505,44.5413,99.8624,-0.0042,0.0009,-0.0056,56.0397,24.0325,-66.577,99.1641,23.0316
2025-01-01 07:17:10,-0.1704,0.0424,-1.0043,2.4361,27.8505,44.5413,99.8624,-0.0042,0.0009,-0.0056,56.0397,24.0325,-66.577,99.1641,23.0316
2025-01-01 07:17:20,-0.1704,0.0424,-1.0043,2.4361,27.8505,44.5413,97.0644,-0.0042,0.0009,-0.0056,56.0397,24.0325,-66.577,99.1641,23.0316
2025-01-01 07:17:30,-0.1704,0.0424,-1.0043,2.4361,27.8505,44.5413,97.0644,-0.0042,0.0009,-0.0056,51.3155,24.0325,-66.577,99.1641,23.0316
2025-01-01 07:17:40,-0.1704,0.0424,-1.0043,2.407,27.8505,44.5413,97.0644,-0.0042,0.0009,-0.0056,51.3155,24.0325,-66.577,99.1641,23.0316
2025-01-01 07:17:50,-0.1704,0.0424,-1.0043,2.407,27.8505,44.5413,97.0644,-0.0042,0.0009,-0.0103,51.3155,24.0325,-66.577,99.1641,23.0316
2025-01-01 07:18:00,-0.1704,0.0424,-1.0043,2.407,27.8505,44.5413,97.0644,-0.0042,0.0009,-0.0103,51.3155,24.4899,-66.577,99.1641,23.0316
2025-01-01 07:18:10,-0.1704,0.0424,-1.0043,2.407,27.8505,44.5413,91.0334,-0.0042,0.0009,-0.0103,51.3155,24.4899,-66.577,99.1641,23.0316
2025-01-01 07:18:20,-0.1704,-0.2841,-1.0043,2.407,27.8505,44.5413,91.0334,-0.0042,0.0009,-0.0103,51.3155,24.4899,-66.577,99.1641,23.0316
2025-01-01 07:18:30,-0.1704,-0.2841,-1.0043,2.407,27.8505,44.5413,91.0334,-0.0162,0.0009,-0.0103,51.3155,24.4899,-66.577,99.1641,23.0316
2025-01-01 07:18:40,-0.1704,-0.2841,-1.0043,2.407,27.8505,44.5413,96.3167,-0.0162,0.0009,-0.0103,51.3155,24.4899,-66.577,99.1641,23.0316
2025-01-01 07:18:50,-0.1704,-0.2841,-1.0043,2.407,27.8505,45.2601,96.3167,-0.0162,0.0009,-0.0103,51.3155,24.4899,-66.577,99.1641,23.0316
2025-01-01 07:19:00,-0.1704,-0.2841,-1.0043,2.407,27.8505,45.2601,96.3167,0.002,0.0009,-0.0103,51.3155,24.4899,-66.577,99.1641,23.0316
2025-01-01 07:19:10,-0.1704,-0.2841,-1.0043,2.407,27.8505,45.2601,96.3167,-0.006,0.0009,-0.0103,51.3155,24.4899,-66.577,99.1641,23.0316
2025-01-01 07:19:20,-0.1704,-0.2841,-1.0043,2.3154,27.8505,45.2601,96.3167,-0.006,0.0009,-0.0103,51.3155,24.4899,-66.577,99.1641,23.0316
2025-01-01 07:19:30,-0.1704,-0.2841,-1.0043,2.3154,28.0971,45.2601,96.3167,-0.006,0.0009,-0.0103,51.3155,24.4899,-66.577,99.1641,23.0316
2025-01-01 07:19:40,-0.1704,-0.2841,0.1785,2.3154,28.0971,45.2601,96.3167,-0.006,0.0009,-0.0103,51.3155,24.4899,-66.577,99.1641,23.0316
2025-01-01 07:19:50,-0.1704,-0.2841,0.1785,2.3154,27.9927,45.2601,96.3167,-0.006,0.0009,-0.0103,51.3155,24.4899,-66.577,99.1641,23.0316
2025-01-01 07:20:00,-0.1704,-0.2841,0.1785,2.3154,27.9927,45.2601,96.3167,-0.006,0.0009,-0.0067,51.3155,24.4899,-66.577,99.1641,23.0316
2025-01-01 07:20:10,-0.1704,-0.2841,0.1785,2.3154,27.9927,45.2601,96.3167,-0.006,0.0009,-0.0067,51.3155,24.4899,-66.577,99.5989,23.0316
2025-01-01 07:20:20,-0.3369,-0.2841,0.1785,2.3154,27.9927,45.2601,96.3167,-0.006,0.0009,-0.0067,51.3155,24.4899,-66.577,99.5989,23.0316
2025-01-01 07:20:30,-0.3369,-0.2841,0.8772,2.3154,27.9927,45.2601,96.3167,-0.006,0.0009,-0.0067,51.3155,24.4899,-66.577,99.5989,23.0316
2025-01-01 07:20:40,-0.1542,-0.2841,0.8772,2.3154,27.9927,45.2601,96.3167,-0.006,0.0009,-0.0067,51.3155,24.4899,-66.577,99.5989,23.0316
2025-01-01 07:20:50,-0.1542,-0.2841,0.8772,2.3154,27.9927,45.2601,96.3167,-0.006,-0.0093,-0.0067,51.3155,24.4899,-66.577,99.5989,23.0316
2025-01-01 07:21:00,-0.1542,-0.2841,0.8772,2.3154,27.9927,45.2601,96.3167,-0.006,-0.0081,-0.0067,51.3155,24.4899,-66.577,99.5989,23.0316
2025-01-01 07:21:10,-0.1542,-0.2841,0.8772,2.3154,27.9927,45.2601,96.3167,-0.006,-0.002,-0.0067,51.3155,24.4899,-66.577,99.5989,23.0316
2025-01-01 07:21:20,-0.1542,-0.2841,0.8772,2.3154,27.9927,45.2601,96.3167,-0.006,-0.002,-0.0067,51.3155,24.4899,-66.1627,99.5989,23.0316
2025-01-01 07:21:30,-0.1542,-0.2841,0.8772,2.3154,27.8781,45.2601,96.3167,-0.006,-0.002,-0.0067,51.3155,24.4899,-66.1627,99.5989,23.0316
2025-01-01 07:21:40,-0.1542,-0.2841,0.8772,2.3154,27.8781,45.2601,96.3167,-0.006,-0.002,-0.0067,51.3155,24.034,-66.1627,99.5989,23.0316
2025-01-01 07:21:50,-0.1542,-0.2841,0.8772,2.3154,27.8781,43.8754,96.3167,-0.006,-0.002,-0.0067,51.3155,24.034,-66.1627,99.5989,23.0316
2025-01-01 07:22:00,-0.1542,-0.2841,0.8772,2.3154,27.8781,43.8754,96.3167,-0.006,-0.002,-0.0067,51.7259,24.034,-66.1627,99.5989,23.0316
2025-01-01 07:22:10,-0.1542,-0.2841,0.8772,2.3154,27.7555,43.8754,96.3167,-0.006,-0.002,-0.0067,51.7259,24.034,-66.1627,99.5989,23.0316
2025-01-01 07:22:20,-0.1542,-0.2841,0.8772,2.3154,27.7555,43.8754,96.3167,-0.006,-0.002,-0.0067,51.7259,24.034,-66.1627,99.5989,22.9045
2025-01-01 07:22:30,-0.1542,-0.2841,0.8772,2.3154,27.7555,43.8754,96.3167,-0.006,-0.002,-0.0067,51.7259,24.034,-66.1627,99.5989,22.1059
2025-01-01 07:22:40,-0.1542,-0.2841,0.8772,2.3154,27.7555,43.8754,96.3167,-0.006,-0.0062,-0.0067,51.7259,24.034,-66.1627,99.5989,22.1059
2025-01-01 07:22:50,-0.1542,-0.2841,0.8772,2.3642,27.7555,43.8754,96.3167,-0.006,-0.0062,-0.0067,51.7259,24.034,-66.1627,99.5989,22.1059
2025-01-01 07:23:00,-0.1542,-0.2841,-0.0992,2.3642,27.7555,43.8754,96.3167,-0.006,-0.0062,-0.0067,51.7259,24.034,-66.1627,99.5989,22.1059
2025-01-01 07:23:10,-0.1542,-0.4835,-0.0992,2.3642,27.7555,43.8754,96.3167,-0.006,-0.0062,-0.0067,51.7259,24.034,-66.1627,99.5989,22.1059
2025-01-01 07:23:20,-0.1542,-0.4835,-0.0992,2.5663,27.7555,43.8754,96.3167,-0.006,-0.0062,-0.0067,51.7259,24.034,-66.1627,99.5989,22.1059
2025-01-01 07:23:30,-0.1542,-0.4835,-0.0992,2.5663,27.7555,43.8754,96.3167,-0.006,-0.0062,-0.0067,51.7259,24.034,-67.0054,99.5989,22.1059
2025-01-01 07:23:40,-0.1542,-0.4835,-0.0992,2.5663,27.7555,43.8754,96.3167,-0.006,-0.0062,-0.0041,51.7259,24.034,-67.0054,99.5989,22.1059
2025-01-01 07:23:50,-0.1542,-0.4835,-0.0992,2.4149,27.7555,43.8754,96.3167,-0.006,-0.0062,-0.0041,51.7259,24.034,-67.0054,99.5989,22.1059
2025-01-01 07:24:00,-0.1542,-0.4835,-0.0992,2.4149,27.7555,43.8754,96.3167,-0.006,-0.0062,-0.0056,51.7259,24.034,-67.0054,99.5989,22.1059
2025-01-01 07:24:10,-0.1542,-0.4835,-0.0992,2.4005,27.7555,43.8754,96.3167,-0.006,-0.0062,-0.0056,51.7259,24.034,-67.0054,99.5989,22.1059
2025-01-01 07:24:20,-0.1542,-0.4835,-0.1941,2.4005,27.7555,43.8754,96.3167,-0.006,-0.0062,-0.0056,51.7259,24.034,-67.0054,99.5989,22.1059
2025-01-01 07:24:30,-0.1542,-0.4835,-0.1941,2.4005,27.7555,43.8754,96.3167,-0.006,-0.0145,-0.0056,51.7259,24.034,-67.0054,99.5989,22.1059
2025-01-01 07:24:40,-0.1542,-0.4835,-0.1941,2.4005,27.7555,43.8754,96.3167,-0.006,-0.0036,-0.0056,51.7259,24.034,-67.0054,99.5989,22.1059
2025-01-01 07:24:50,-0.1542,-0.4835,-0.1941,2.4005,27.9192,43.8754,96.3167,-0.006,-0.0036,-0.0056,51.7259,24.034,-67.0054,99.5989,22.1059
2025-01-01 07:25:00,-0.1542,-0.4835,-0.1941,2.4005,27.9192,43.5245,96.3167,-0.006,-0.0036,-0.0056,51.7259,24.034,-67.0054,99.5989,22.1059
2025-01-01 07:25:10,-0.1542,-0.4835,-0.2094,2.4005,27.9192,43.5245,96.3167,-0.006,-0.0036,-0.0056,51.7259,24.034,-67.0054,99.5989,22.1059
2025-01-01 07:25:20,-0.1542,-0.4835,-0.2094,2.4005,27.9192,43.5245,92.5619,-0.006,-0.0036,-0.0056,51.7259,24.034,-67.0054,99.5989,22.1059
2025-01-01 07:25:30,-0.1542,-0.4835,-0.1114,2.4005,27.9192,43.5245,92.5619,-0.006,-0.0036,-0.0056,51.7259,24.034,-67.0054,99.5989,22.1059
2025-01-01 07:25:40,-0.1542,-0.4835,-0.1114,2.4005,27.9192,43.5245,92.5619,-0.006,-0.0036,-0.0056,51.7259,24.034,-67.0054,98.062,22.1059
2025-01-01 07:25:50,-0.1542,-0.4835,-0.1114,2.4005,27.9192,43.5245,92.5619,-0.006,-0.0036,-0.011,51.7259,24.034,-67.0054,98.062,22.1059
2025-01-01 07:26:00,-0.1542,-0.4835,-0.1114,2.4005,27.9192,43.5245,92.5619,-0.006,-0.0036,-0.011,51.7259,24.034,-67.0054,96.4513,22.1059
2025-01-01 07:26:10,-0.1542,-0.4835,-0.1114,2.4005,27.9192,43.5245,92.5619,-0.006,-0.0036,-0.011,51.7259,24.034,-67.0054,96.4513,22.393
2025-01-01 07:26:20,-0.1542,-0.4835,-0.1114,2.4005,27.9192,43.5245,92.5619,-0.006,-0.0036,-0.011,51.7259,24.034,-67.0054,95.9843,22.393
2025-01-01 07:26:30,-0.1542,-0.4835,-0.1114,2.4005,27.9192,43.5245,92.5619,-0.006,-0.0036,-0.011,51.7259,24.034,-69.6773,95.9843,22.393
2025-01-01 07:26:40,-0.1542,-0.4835,-0.1114,2.4005,27.9192,44.4913,92.5619,-0.006,-0.0036,-0.011,51.7259,24.034,-69.6773,95.9843,22.393
2025-01-01 07:26:50,-0.1542,-0.4835,-0.1665,2.4005,27.9192,44.4913,92.5619,-0.006,-0.0036,-0.011,51.7259,24.034,-69.6773,95.9843,22.393
2025-01-01 07:27:00,-0.1542,-0.4835,-0.1665,2.341,27.9192,44.4913,92.5619,-0.006,-0.0036,-0.011,51.7259,24.034,-69.6773,95.9843,22.393
2025-01-01 07:27:10,-0.1542,-0.4835,-0.1665,2.4825,27.9192,44.4913,92.5619,-0.006,-0.0036,-0.011,51.7259,24.034,-69.6773,95.9843,22.393
2025-01-01 07:27:20,-0.1542,-0.4835,-0.1665,2.4825,27.9192,44.4913,92.5619,-0.006,-0.0036,-0.0012,51.7259,24.034,-69.6773,95.9843,22.393
2025-01-01 07:27:30,-0.1542,-0.1385,-0.1665,2.4825,27.9192,44.4913,92.5619,-0.006,-0.0036,-0.0012,51.7259,24.034,-69.6773,95.9843,22.393
2025-01-01 07:27:40,-0.1542,-0.1385,-0.1665,2.4825,27.9192,44.4913,92.5619,-0.006,-0.0107,-0.0012,51.7259,24.034,-69.6773,95.9843,22.393
2025-01-01 07:27:50,-0.0347,-0.1385,-0.1665,2.4825,27.9192,44.4913,92.5619,-0.006,-0.0107,-0.0012,51.7259,24.034,-69.6773,95.9843,22.393
2025-01-01 07:28:00,-0.0347,-0.1385,-0.1665,2.4825,27.9192,44.4913,92.5619,-0.006,-0.0107,-0.0012,51.7259,24.034,-69.6773,95.9843,23.2698
2025-01-01 07:28:10,-0.0347,-0.1385,-0.1665,2.4825,27.9192,44.4913,92.5619,-0.006,-0.0107,-0.0012,51.7259,24.034,-69.6773,95.9843,22.3274
2025-01-01 07:28:20,-0.0347,-0.1385,-0.1665,2.4825,27.9192,44.4913,92.5619,-0.006,-0.0107,-0.0012,51.7259,24.034,-64.4189,95.9843,22.3274
2025-01-01 07:28:30,-0.0347,-0.1385,-0.56,2.4825,27.9192,44.4913,92.5619,-0.006,-0.0107,-0.0012,51.7259,24.034,-64.4189,95.9843,22.3274
2025-01-01 07:28:40,-0.0347,-0.1385,-0.56,2.4825,27.9192,44.4913,92.5619,-0.006,-0.0107,-0.0012,51.7259,24.034,-66.7118,95.9843,22.3274
2025-01-01 07:28:50,-0.0347,-0.1385,-0.56,2.4825,27.9192,44.4913,92.5619,-0.006,-0.0107,-0.0012,51.7259,24.034,-66.7118,95.9843,22.5211
2025-01-01 07:29:00,-0.0347,-0.1385,-0.56,2.4825,27.9192,44.4913,92.5619,-0.006,-0.0107,-0.0012,51.7259,24.2273,-66.7118,95.9843,22.5211
2025-01-01 07:29:10,-0.0347,-0.1385,-0.56,2.4825,27.9192,44.4913,92.5619,-0.006,-0.0107,-0.0012,51.7259,24.2273,-66.7118,100.7339,22.5211
2025-01-01 07:29:20,-0.0347,-0.1385,-0.56,2.3269,27.9192,44.4913,92.5619,-0.006,-0.0107,-0.0012,51.7259,24.2273,-66.7118,100.7339,22.5211
2025-01-01 07:29:30,-0.0347,-0.1385,-0.56,2.3269,27.9192,44.4913,92.5619,-0.0106,-0.0107,-0.0012,51.7259,24.2273,-66.7118,100.7339,22.5211
2025-01-01 07:29:40,-0.0347,-0.1385,-0.56,2.3269,27.9192,44.4913,92.5619,-0.0106,-0.0107,-0.0012,51.7259,24.2273,-66.7118,100.7339,22.7119
2025-01-01 07:29:50,-0.0347,-0.1385,-0.56,2.3269,27.9192,44.5734,92.5619,-0.0106,-0.0107,-0.0012,51.7259,24.2273,-66.7118,100.7339,22.7119
2025-01-01 07:30:00,-0.0347,-0.1385,-0.56,2.3269,27.892,44.5734,92.5619,-0.0106,-0.0107,-0.0012,51.7259,24.2273,-66.7118,100.7339,22.7119
2025-01-01 07:30:10,-0.0347,-0.1385,-0.56,2.3269,27.892,44.5734,92.5619,-0.0106,-0.0122,-0.0012,51.7259,24.2273,-66.7118,100.7339,22.7119
2025-01-01 07:30:20,-0.0347,-0.1385,-0.56,2.3269,27.892,44.5734,92.5619,-0.0106,-0.0122,-0.0012,51.7259,24.2273,-66.7118,94.9598,22.7119
2025-01-01 07:30:30,-0.0347,-0.1385,-0.56,2.3269,27.892,44.5734,92.5619,-0.0106,-0.0122,-0.0153,51.7259,24.2273,-66.7118,94.9598,22.7119
2025-01-01 07:30:40,-0.0347,-0.1385,-0.56,2.3269,27.892,44.5734,92.5619,-0.0106,-0.0122,-0.007,51.7259,24.2273,-66.7118,94.9598,22.7119
2025-01-01 07:30:50,-0.0347,-0.1385,-0.56,2.3269,27.892,44.5734,92.5619,-0.0106,-0.0122,-0.007,51.7259,24.5691,-66.7118,94.9598,22.7119
2025-01-01 07:31:00,-0.0347,-0.1385,-0.56,2.3269,27.892,43.3224,92.5619,-0.0106,-0.0122,-0.007,51.7259,24.5691,-66.7118,94.9598,22.7119
2025-01-01 07:31:10,-0.494,-0.1385,-0.56,2.3269,27.892,43.3224,92.5619,-0.0106,-0.0122,-0.007,51.7259,24.5691,-66.7118,94.9598,22.7119
2025-01-01 07:31:20,-0.494,-0.1385,-0.56,2.3269,27.892,43.3224,92.5619,-0.0044,-0.0122,-0.007,51.7259,24.5691,-66.7118,94.9598,22.7119
2025-01-01 07:31:30,-0.494,-0.1385,-0.56,2.3269,27.8152,43.3224,92.5619,-0.0044,-0.0122,-0.007,51.7259,24.5691,-66.7118,94.9598,22.7119
2025-01-01 07:31:40,-0.494,-0.1385,-0.56,2.3269,27.8152,43.3224,92.5619,-0.0044,-0.0122,-0.0087,51.7259,24.5691,-66.7118,94.9598,22.7119
2025-01-01 07:31:50,-0.494,-0.1385,-0.56,2.3269,27.8152,43.3224,92.5619,-0.0044,-0.0122,-0.0087,56.5352,24.5691,-66.7118,94.9598,22.7119
2025-01-01 07:32:00,-0.494,-0.1385,-0.3462,2.3269,27.8152,43.3224,92.5619,-0.0044,-0.0122,-0.0087,56.5352,24.5691,-66.7118,94.9598,22.7119
2025-01-01 07:32:10,-0.494,-0.1385,-0.3462,2.3269,27.8152,43.3224,92.5619,-0.0044,-0.0122,-0.0087,54.9671,24.5691,-66.7118,94.9598,22.7119
2025-01-01 07:32:20,-0.494,-0.1385,-0.3462,2.5225,27.8152,43.3224,92.5619,-0.0044,-0.0122,-0.0087,54.9671,24.5691,-66.7118,94.9598,22.7119
2025-01-01 07:32:30,-0.494,-0.1385,-0.3462,2.5225,27.8152,43.3224,92.5619,-0.0044,-0.0122,-0.0191,54.9671,24.5691,-66.7118,94.9598,22.7119
2025-01-01 07:32:40,-0.494,-0.1385,-0.3462,2.5225,27.8152,43.3224,92.5619,-0.0044,-0.0122,-0.0191,54.9671,24.5691,-66.7118,98.3978,22.7119
2025-01-01 07:32:50,-0.494,-0.1385,-0.3462,2.5225,27.8152,43.3224,92.5619,-0.0044,-0.0122,-0.0191,54.9671,24.5691,-65.6781,98.3978,22.7119
2025-01-01 07:33:00,-0.494,-0.1385,-0.3462,2.5225,27.8152,43.3224,92.5619,-0.0044,-0.0122,-0.0055,54.9671,24.5691,-65.6781,98.3978,22.7119
2025-01-01 07:33:10,-0.494,-0.1385,-0.3462,2.5225,27.8152,44.9244,92.5619,-0.0044,-0.0122,-0.0055,54.9671,24.5691,-65.6781,98.3978,22.7119
2025-01-01 07:33:20,-0.494,-0.1385,-0.3462,2.5225,27.8152,44.9244,92.5619,-0.0044,-0.0117,-0.0055,54.9671,24.5691,-65.6781,98.3978,22.7119
2025-01-01 07:33:30,-0.494,-0.1385,-0.3462,2.3232,27.8152,44.9244,92.5619,-0.0044,-0.0117,-0.0055,54.9671,24.5691,-65.6781,98.3978,22.7119
2025-01-01 07:33:40,-0.494,-0.1385,-0.3462,2.3232,27.8152,44.9244,90.9003,-0.0044,-0.0117,-0.0055,54.9671,24.5691,-65.6781,98.3978,22.7119
2025-01-01 07:33:50,-0.494,-0.1385,-0.3462,2.3232,27.9799,44.9244,90.9003,-0.0044,-0.0117,-0.0055,54.9671,24.5691,-65.6781,98.3978,22.7119
2025-01-01 07:34:00,-0.494,-0.1385,-0.3462,2.3232,27.7997,44.9244,90.9003,-0.0044,-0.0117,-0.0055,54.9671,24.5691,-65.6781,98.3978,22.7119
2025-01-01 07:34:10,-0.494,-0.1385,-1.0524,2.3232,27.7997,44.9244,90.9003,-0.0044,-0.0117,-0.0055,54.9671,24.5691,-65.6781,98.3978,22.7119
2025-01-01 07:34:20,-0.494,-0.1385,-1.0524,2.3232,27.7997,44.9244,90.9003,-0.0044,-0.0117,-0.0055,54.9671,24.5691,-65.6781,99.5647,22.7119
2025-01-01 07:34:30,0.0534,-0.1385,-1.0524,2.3232,27.7997,44.9244,90.9003,-0.0044,-0.0117,-0.0055,54.9671,24.5691,-65.6781,99.5647,22.7119
2025-01-01 07:34:40,0.0534,-0.1385,-1.0524,2.3232,27.7997,44.9244,90.9003,-0.0044,-0.0117,-0.0055,54.9671,24.6942,-65.6781,99.5647,22.7119
2025-01-01 07:34:50,0.0534,-0.1385,-1.0524,2.3232,27.7997,44.9244,97.7912,-0.0044,-0.0117,-0.0055,54.9671,24.6942,-65.6781,99.5647,22.7119
2025-01-01 07:35:00,0.0534,-0.1385,-1.0524,2.3232,27.7997,44.9244,97.7912,-0.0044,-0.0117,-0.0055,54.9671,24.6942,-67.9246,99.5647,22.7119
2025-01-01 07:35:10,0.0534,-0.1385,-1.0524,2.3232,27.7997,44.0625,97.7912,-0.0044,-0.0117,-0.0055,54.9671,24.6942,-67.9246,99.5647,22.7119
2025-01-01 07:35:20,0.0534,-0.1385,-1.0524,2.3235,27.7997,44.0625,97.7912,-0.0044,-0.0117,-0.0055,54.9671,24.6942,-67.9246,99.5647,22.7119
2025-01-01 07:35:30,0.0534,-0.1385,-1.0524,2.3235,27.7997,44.0625,97.7912,-0.0044,-0.0117,-0.0032,54.9671,24.6942,-67.9246,99.5647,22.7119
2025-01-01 07:35:40,0.0534,-0.1385,-1.0524,2.3235,27.7997,44.0625,97.7912,-0.0044,-0.0117,-0.0032,54.9671,24.6942,-67.9246,99.5647,22.0927
2025-01-01 07:35:50,0.0534,-0.1385,-1.0524,2.3235,27.7997,44.0625,97.7912,-0.008,-0.0117,-0.0032,54.9671,24.6942,-67.9246,99.5647,22.0927
2025-01-01 07:36:00,0.0534,-0.1385,-1.0524,2.3235,27.7997,44.0625,97.7912,-0.008,-0.0117,-0.0032,54.9671,24.6942,-69.3351,99.5647,22.0927
2025-01-01 07:36:10,0.0534,-0.1385,-1.0524,2.3235,27.8755,44.0625,97.7912,-0.008,-0.0117,-0.0032,54.9671,24.6942,-69.3351,99.5647,22.0927
2025-01-01 07:36:20,0.0534,-0.1385,-1.0524,2.3235,27.9093,44.0625,97.7912,-0.008,-0.0117,-0.0032,54.9671,24.6942,-69.3351,99.5647,22.0927
2025-01-01 07:36:30,-0.3829,-0.1385,-1.0524,2.3235,27.9093,44.0625,97.7912,-0.008,-0.0117,-0.0032,54.9671,24.6942,-69.3351,99.5647,22.0927
2025-01-01 07:36:40,-0.3829,-0.1385,-1.0524,2.3235,27.9093,44.0625,97.7912,-0.008,-0.0117,-0.0032,54.9671,24.6942,-69.3351,99.5647,22.0715
2025-01-01 07:36:50,-0.3829,-0.1385,-1.0524,2.3235,27.778,44.0625,97.7912,-0.008,-0.0117,-0.0032,54.9671,24.6942,-69.3351,99.5647,22.0715
2025-01-01 07:37:00,-0.3829,-0.1385,-1.0524,2.3235,27.9166,44.0625,97.7912,-0.008,-0.0117,-0.0032,54.9671,24.6942,-69.3351,99.5647,22.0715
2025-01-01 07:37:10,-0.3829,-0.1385,-1.0524,2.3235,27.9166,44.0625,97.7912,-0.0116,-0.0117,-0.0032,54.9671,24.6942,-69.3351,99.5647,22.0715
2025-01-01 07:37:20,-0.3829,-0.1385,-1.0524,2.3631,27.9166,44.0625,97.7912,-0.0116,-0.0117,-0.0032,54.9671,24.6942,-69.3351,99.5647,22.0715
2025-01-01 07:37:30,-0.3829,-0.1385,-1.0524,2.3631,27.9166,44.0625,97.7912,-0.0116,-0.0117,-0.0032,54.2214,24.6942,-69.3351,99.5647,22.0715
2025-01-01 07:37:40,-0.3829,-0.1385,-1.0524,2.3631,27.8009,44.0625,97.7912,-0.0116,-0.0117,-0.0032,54.2214,24.6942,-69.3351,99.5647,22.0715
2025-01-01 07:37:50,-0.3829,-0.1385,-1.0524,2.3631,27.8009,44.0625,97.7912,-0.0098,-0.0117,-0.0032,54.2214,24.6942,-69.3351,99.5647,22.0715
2025-01-01 07:38:00,-0.3829,-0.1385,-1.0524,2.3631,27.8009,44.0625,97.7912,-0.0098,-0.0117,-0.0032,51.0543,24.6942,-69.3351,99.5647,22.0715
2025-01-01 07:38:10,-0.3829,-0.1385,-1.0524,2.3631,27.6984,44.0625,97.7912,-0.0098,-0.0117,-0.0032,51.0543,24.6942,-69.3351,99.5647,22.0715
2025-01-01 07:38:20,-0.3829,-0.1385,-1.0524,2.3631,27.6984,44.0625,97.7912,-0.0098,-0.0117,-0.0032,53.2542,24.6942,-69.3351,99.5647,22.0715
2025-01-01 07:38:30,-0.3829,-0.1385,-1.0524,2.3631,27.6984,43.313,97.7912,-0.0098,-0.0117,-0.0032,53.2542,24.6942,-69.3351,99.5647,22.0715
2025-01-01 07:38:40,-0.3829,-0.1214,-1.0524,2.3631,27.6984,43.313,97.7912,-0.0098,-0.0117,-0.0032,53.2542,24.6942,-69.3351,99.5647,22.0715
2025-01-01 07:38:50,-0.264,-0.1214,-1.0524,2.3631,27.6984,43.313,97.7912,-0.0098,-0.0117,-0.0032,53.2542,24.6942,-69.3351,99.5647,22.0715
2025-01-01 07:39:00,-0.264,-0.1214,-1.0524,2.3631,27.6984,43.313,97.7912,-0.0098,-0.0117,-0.0032,52.2861,24.6942,-69.3351,99.5647,22.0715
2025-01-01 07:39:10,-0.264,-0.1214,-1.0524,2.3631,27.6984,43.313,97.7912,-0.0162,-0.0117,-0.0032,52.2861,24.6942,-69.3351,99.5647,22.0715
2025-01-01 07:39:20,-0.264,-0.1214,-1.0524,2.3631,27.6984,43.313,97.7912,-0.0162,-0.0117,-0.0064,52.2861,24.6942,-69.3351,99.5647,22.0715
2025-01-01 07:39:30,-0.2823,-0.1214,-1.0524,2.3631,27.6984,43.313,97.7912,-0.0162,-0.0117,-0.0064,52.2861,24.6942,-69.3351,99.5647,22.0715
2025-01-01 07:39:40,-0.2823,-0.1214,-0.6477,2.3631,27.6984,43.313,97.7912,-0.0162,-0.0117,-0.0064,52.2861,24.6942,-69.3351,99.5647,22.0715
2025-01-01 07:39:50,-0.2823,-0.1214,-0.6477,2.33,27.6984,43.313,97.7912,-0.0162,-0.0117,-0.0064,52.2861,24.6942,-69.3351,99.5647,22.0715
2025-01-01 07:40:00,-0.2823,-0.1214,-0.6477,2.33,27.6984,43.313,97.7912,-0.0171,-0.0117,-0.0064,52.2861,24.6942,-69.3351,99.5647,22.0715
2025-01-01 07:40:10,-0.2823,-0.1214,-0.6477,2.33,27.6984,43.313,97.7912,-0.0171,-0.0117,-0.0064,52.2861,24.6942,-69.3351,99.5647,22.4362
2025-01-01 07:40:20,-0.2823,-0.1214,-0.6477,2.33,27.9505,43.313,97.7912,-0.0171,-0.0117,-0.0064,52.2861,24.6942,-69.3351,99.5647,22.4362
2025-01-01 07:40:30,-0.2823,-0.1214,-0.6477,2.33,27.7441,43.313,97.7912,-0.0171,-0.0117,-0.0064,52.2861,24.6942,-69.3351,99.5647,22.4362
2025-01-01 07:40:40,-0.2823,-0.1214,-0.6477,2.33,27.7441,43.313,97.7912,-0.0171,-0.0117,-0.0059,52.2861,24.6942,-69.3351,99.5647,22.4362
2025-01-01 07:40:50,-0.2823,-0.1214,-0.6477,2.33,27.7441,43.313,98.3923,-0.0171,-0.0117,-0.0059,52.2861,24.6942,-69.3351,99.5647,22.4362
2025-01-01 07:41:00,-0.2823,-0.1214,-0.6477,2.33,27.7441,43.313,88.9653,-0.0171,-0.0117,-0.0059,52.2861,24.6942,-69.3351,99.5647,22.4362
2025-01-01 07:41:10,-0.2823,-0.1214,-0.6477,2.33,27.7441,43.313,88.9653,-0.0171,-0.008,-0.0059,52.2861,24.6942,-69.3351,99.5647,22.4362
2025-01-01 07:41:20,-0.2823,-0.1214,-0.6477,2.33,27.7441,43.313,89.8911,-0.0171,-0.008,-0.0059,52.2861,24.6942,-69.3351,99.5647,22.4362
2025-01-01 07:41:30,-0.2823,-0.1214,-0.6477,2.33,27.7441,43.313,89.8911,-0.0171,-0.0085,-0.0059,52.2861,24.6942,-69.3351,99.5647,22.4362
2025-01-01 07:41:40,-0.2823,-0.1214,-1.3471,2.33,27.7441,43.313,89.8911,-0.0171,-0.0085,-0.0059,52.2861,24.6942,-69.3351,99.5647,22.4362
2025-01-01 07:41:50,-0.2823,-0.1214,-1.3471,2.33,27.7441,43.313,89.8911,-0.0171,0.0037,-0.0059,52.2861,24.6942,-69.3351,99.5647,22.4362
2025-01-01 07:42:00,-0.2823,-0.1214,-1.3471,2.33,27.7441,43.91,89.8911,-0.0171,0.0037,-0.0059,52.2861,24.6942,-69.3351,99.5647,22.4362
2025-01-01 07:42:10,-0.2823,-0.1214,-1.3471,2.33,27.7441,43.91,89.8911,-0.0171,0.0037,-0.0059,52.2861,24.6942,-68.6279,99.5647,22.4362
2025-01-01 07:42:20,-0.2823,-0.1214,-1.1711,2.33,27.7441,43.91,89.8911,-0.0171,0.0037,-0.0059,52.2861,24.6942,-68.6279,99.5647,22.4362
2025-01-01 07:42:30,-0.2823,-0.1214,-1.3122,2.33,27.7441,43.91,89.8911,-0.0171,0.0037,-0.0059,52.2861,24.6942,-68.6279,99.5647,22.4362
2025-01-01 07:42:40,-0.6397,-0.1214,-1.3122,2.33,27.7441,43.91,89.8911,-0.0171,0.0037,-0.0059,52.2861,24.6942,-68.6279,99.5647,22.4362
2025-01-01 07:42:50,-0.6397,-0.1214,-1.3122,2.33,27.7441,43.2026,89.8911,-0.0171,0.0037,-0.0059,52.2861,24.6942,-68.6279,99.5647,22.4362
2025-01-01 07:43:00,-0.6397,-0.1214,-1.3122,2.33,27.7441,42.4044,89.8911,-0.0171,0.0037,-0.0059,52.2861,24.6942,-68.6279,99.5647,22.4362
2025-01-01 07:43:10,-0.6397,-0.1214,-1.3122,2.33,27.7441,42.4044,89.8911,-0.0171,0.0037,-0.0059,52.2861,24.6942,-68.6279,99.5647,20.8471
2025-01-01 07:43:20,-0.6397,-0.1214,0.0661,2.33,27.7441,42.4044,89.8911,-0.0171,0.0037,-0.0059,52.2861,24.6942,-68.6279,99.5647,20.8471
2025-01-01 07:43:30,-0.6397,-0.301,0.0661,2.33,27.7441,42.4044,89.8911,-0.0171,0.0037,-0.0059,52.2861,24.6942,-68.6279,99.5647,20.8471
2025-01-01 07:43:40,-0.6397,-0.301,0.0661,2.33,27.7441,42.4044,86.1454,-0.0171,0.0037,-0.0059,52.2861,24.6942,-68.6279,99.5647,20.8471
2025-01-01 07:43:50,-0.6397,-0.301,0.0661,2.33,27.7441,42.4044,86.1454,-0.0171,0.0037,-0.0059,52.2861,24.6942,-68.6279,99.5647,22.0563
2025-01-01 07:44:00,-0.6397,-0.301,0.0661,2.33,27.7441,41.8703,86.1454,-0.0171,0.0037,-0.0059,52.2861,24.6942,-68.6279,99.5647,22.0563
2025-01-01 07:44:10,-0.6397,-0.301,0.0661,2.33,27.7066,41.8703,86.1454,-0.0171,0.0037,-0.0059,52.2861,24.6942,-68.6279,99.5647,22.0563
2025-01-01 07:44:20,-0.6397,-0.301,0.0661,2.33,27.7066,41.8703,93.2932,-0.0171,0.0037,-0.0059,52.2861,24.6942,-68.6279,99.5647,22.0563
2025-01-01 07:44:30,-0.6397,-0.301,0.0661,2.33,27.7066,42.6021,93.2932,-0.0171,0.0037,-0.0059,52.2861,24.6942,-68.6279,99.5647,22.0563
2025-01-01 07:44:40,-0.6397,-0.301,0.0661,2.33,27.7066,42.6021,93.2932,-0.0171,0.0037,-0.0059,52.2861,24.6942,-67.6743,99.5647,22.0563
2025-01-01 07:44:50,-0.6397,-0.2107,0.0661,2.33,27.7066,42.6021,93.2932,-0.0171,0.0037,-0.0059,52.2861,24.6942,-67.6743,99.5647,22.0563
2025-01-01 07:45:00,-0.6397,-0.2107,0.0661,2.2966,27.7066,42.6021,93.2932,-0.0171,0.0037,-0.0059,52.2861,24.6942,-67.6743,99.5647,22.0563
2025-01-01 07:45:10,-0.6397,-0.2107,0.0661,2.2966,27.7066,42.6021,93.2932,-0.0171,0.0037,-0.0059,52.2861,24.6942,-67.6743,98.6128,22.0563
2025-01-01 07:45:20,-0.6397,-0.2107,0.0661,2.3233,27.7066,42.6021,93.2932,-0.0171,0.0037,-0.0059,52.2861,24.6942,-67.6743,98.6128,22.0563
2025-01-01 07:45:30,-0.6397,-0.2107,0.0661,2.3233,27.7066,42.6021,93.2932,-0.0171,0.0037,-0.0059,53.4007,24.6942,-67.6743,98.6128,22.0563
2025-01-01 07:45:40,-0.6397,-0.2107,0.0661,2.3233,27.7066,42.845,93.2932,-0.0171,0.0037,-0.0059,53.4007,24.6942,-67.6743,98.6128,22.0563
2025-01-01 07:45:50,-0.6397,-0.2107,0.0661,2.3233,27.7066,42.845,93.2932,-0.0171,0.0037,-0.0059,53.4007,24.6942,-68.8759,98.6128,22.0563
2025-01-01 07:46:00,-0.6397,-0.2107,0.0661,2.3233,27.7066,42.845,93.2932,-0.0171,-0.0173,-0.0059,53.4007,24.6942,-68.8759,98.6128,22.0563
2025-01-01 07:46:10,-0.6397,-0.2107,0.0661,2.3233,27.7066,42.845,93.2932,-0.0171,-0.0173,-0.0016,53.4007,24.6942,-68.8759,98.6128,22.0563
2025-01-01 07:46:20,-0.6397,-0.2107,0.0661,2.3233,27.7066,42.845,93.2932,-0.0171,-0.0173,-0.0016,53.4007,24.6942,-68.8759,98.049,22.0563
2025-01-01 07:46:30,-0.6397,-0.2107,0.0661,2.3233,27.7066,42.845,93.2932,-0.0171,-0.0173,-0.0016,53.4007,24.6942,-68.3062,98.049,22.0563
2025-01-01 07:46:40,-0.6397,-0.2107,0.0661,2.3233,27.7066,42.845,93.2932,-0.0065,-0.0173,-0.0016,53.4007,24.6942,-68.3062,98.049,22.0563
2025-01-01 07:46:50,-0.6397,-0.2107,0.0661,2.3233,27.7066,42.845,93.2932,-0.0065,-0.0173,-0.0016,53.4007,24.6942,-67.1274,98.049,22.0563
2025-01-01 07:47:00,-0.6397,-0.2107,0.0661,2.3233,27.7066,42.845,93.2932,-0.0065,-0.0173,-0.0016,53.4007,23.4698,-67.1274,98.049,22.0563
2025-01-01 07:47:10,-0.6397,-0.2107,0.0661,2.3233,27.7066,42.845,93.2932,-0.0065,-0.0173,-0.0105,53.4007,23.4698,-67.1274,98.049,22.0563
2025-01-01 07:47:20,-0.6397,-0.2107,0.0661,2.3233,27.7066,42.845,93.2932,0.0016,-0.0173,-0.0105,53.4007,23.4698,-67.1274,98.049,22.0563
2025-01-01 07:47:30,-0.6397,-0.2107,0.0661,2.3233,27.7066,42.845,93.2932,0.0016,-0.0173,-0.0105,53.0511,23.4698,-67.1274,98.049,22.0563
2025-01-01 07:47:40,-0.6397,-0.2107,0.0661,2.3233,27.7066,42.845,93.2932,0.0016,-0.0062,-0.0105,53.0511,23.4698,-67.1274,98.049,22.0563
2025-01-01 07:47:50,-0.6397,-0.7516,0.0661,2.3233,27.7066,42.845,93.2932,0.0016,-0.0062,-0.0105,53.0511,23.4698,-67.1274,98.049,22.0563
2025-01-01 07:48:00,-0.6397,-0.7516,-1.3094,2.3233,27.7066,42.845,93.2932,0.0016,-0.0062,-0.0105,53.0511,23.4698,-67.1274,98.049,22.0563
2025-01-01 07:48:10,-0.6397,-0.7516,-1.3094,2.3233,27.7066,42.845,99.9868,0.0016,-0.0062,-0.0105,53.0511,23.4698,-67.1274,98.049,22.0563
2025-01-01 07:48:20,-0.6397,-0.7516,-1.3094,2.3233,27.7066,42.845,99.9868,0.0016,-0.0062,-0.0078,53.0511,23.4698,-67.1274,98.049,22.0563
2025-01-01 07:48:30,-0.6397,-0.7516,-1.3094,2.3233,27.7066,42.845,99.9868,0.0016,-0.0062,-0.0078,53.0511,23.4698,-67.1274,98.049,22.1326
2025-01-01 07:48:40,-0.6397,-0.7516,-1.3094,2.3233,27.7066,42.845,99.9868,0.0016,-0.0062,-0.0126,53.0511,23.4698,-67.1274,98.049,22.1326
2025-01-01 07:48:50,-0.6397,-0.7516,-1.3094,2.3233,27.7066,42.845,92.234,0.0016,-0.0062,-0.0126,53.0511,23.4698,-67.1274,98.049,22.1326
2025-01-01 07:49:00,-0.6397,-0.7516,-1.3094,2.3233,27.7066,42.845,92.234,0.0016,-0.0062,-0.0126,53.0511,25.2814,-67.1274,98.049,22.1326
2025-01-01 07:49:10,-0.6397,-0.7516,-1.3094,2.3233,27.7066,44.3247,92.234,0.0016,-0.0062,-0.0126,53.0511,25.2814,-67.1274,98.049,22.1326
2025-01-01 07:49:20,-0.6397,-0.7516,-1.1655,2.3233,27.7066,44.3247,92.234,0.0016,-0.0062,-0.0126,53.0511,25.2814,-67.1274,98.049,22.1326
2025-01-01 07:49:30,-0.6397,-0.7516,-1.1655,2.3233,27.7066,44.3247,92.234,0.0016,-0.0152,-0.0126,53.0511,25.2814,-67.1274,98.049,22.1326
2025-01-01 07:49:40,-0.3737,-0.7516,-1.1655,2.3233,27.7066,44.3247,92.234,0.0016,-0.0152,-0.0126,53.0511,25.2814,-67.1274,98.049,22.1326
2025-01-01 07:49:50,-0.3737,-0.7516,-1.1655,2.3173,27.7066,44.3247,92.234,0.0016,-0.0152,-0.0126,53.0511,25.2814,-67.1274,98.049,22.1326
2025-01-01 07:50:00,-0.3737,-0.7516,-1.1655,2.3173,27.7066,44.3247,92.234,0.0016,-0.0069,-0.0126,53.0511,25.2814,-67.1274,98.049,22.1326
2025-01-01 07:50:10,-0.3737,-0.7516,-1.1655,2.3173,27.7066,44.3247,92.234,0.0016,-0.0069,-0.0126,53.0511,23.4938,-67.1274,98.049,22.1326
2025-01-01 07:50:20,-0.4436,-0.7516,-1.1655,2.3173,27.7066,44.3247,92.234,0.0016,-0.0069,-0.0126,53.0511,23.4938,-67.1274,98.049,22.1326
2025-01-01 07:50:30,-0.4436,0.1055,-1.1655,2.3173,27.7066,44.3247,92.234,0.0016,-0.0069,-0.0126,53.0511,23.4938,-67.1274,98.049,22.1326
2025-01-01 07:50:40,-0.4436,0.1055,-0.8685,2.3173,27.7066,44.3247,92.234,0.0016,-0.0069,-0.0126,53.0511,23.4938,-67.1274,98.049,22.1326
2025-01-01 07:50:50,-0.4436,0.1055,-2.0339,2.3173,27.7066,44.3247,92.234,0.0016,-0.0069,-0.0126,53.0511,23.4938,-67.1274,98.049,22.1326
2025-01-01 07:51:00,-0.4436,0.1055,-2.0339,2.3173,27.7066,44.3247,92.234,-0.0126,-0.0069,-0.0126,53.0511,23.4938,-67.1274,98.049,22.1326
2025-01-01 07:51:10,-0.4436,0.1055,-2.0339,2.3173,27.7066,44.3247,92.234,-0.0126,-0.0069,-0.0126,52.7644,23.4938,-67.1274,98.049,22.1326
2025-01-01 07:51:20,-0.4436,0.1055,-0.0398,2.3173,27.7066,44.3247,92.234,-0.0126,-0.0069,-0.0126,52.7644,23.4938,-67.1274,98.049,22.1326
2025-01-01 07:51:30,-0.4436,0.1055,-0.0398,2.3173,27.7066,44.3247,92.234,-0.0126,-0.0139,-0.0126,52.7644,23.4938,-67.1274,98.049,22.1326
2025-01-01 07:51:40,-0.4436,0.1055,-0.0398,2.3429,27.7066,44.3247,92.234,-0.0126,-0.0139,-0.0126,52.7644,23.4938,-67.1274,98.049,22.1326
2025-01-01 07:51:50,-0.4436,0.1055,-0.0398,2.1278,27.7066,44.3247,92.234,-0.0126,-0.0139,-0.0126,52.7644,23.4938,-67.1274,98.049,22.1326
2025-01-01 07:52:00,-0.4436,0.1055,-0.0398,2.1278,27.7066,44.3247,79.5444,-0.0126,-0.0139,-0.0126,52.7644,23.4938,-67.1274,98.049,22.1326
2025-01-01 07:52:10,-0.4436,0.1055,-0.0398,2.1278,27.7066,44.3247,79.5444,-0.0126,-0.01,-0.0126,52.7644,23.4938,-67.1274,98.049,22.1326
2025-01-01 07:52:20,-0.4436,0.1055,-0.0398,2.1278,27.7066,44.3247,79.5444,-0.0126,-0.0103,-0.0126,52.7644,23.4938,-67.1274,98.049,22.1326
2025-01-01 07:52:30,-0.4436,0.1055,-0.0398,2.1278,27.7066,44.3247,79.5444,-0.0126,-0.0103,-0.0126,52.7644,23.4938,-67.1274,98.049,21.7053
2025-01-01 07:52:40,-0.4436,0.1055,-0.2028,2.1278,27.7066,44.3247,79.5444,-0.0126,-0.0103,-0.0126,52.7644,23.4938,-67.1274,98.049,21.7053
2025-01-01 07:52:50,-0.4436,-0.3388,-0.2028,2.1278,27.7066,44.3247,79.5444,-0.0126,-0.0103,-0.0126,52.7644,23.4938,-67.1274,98.049,21.7053
2025-01-01 07:53:00,-0.4436,-0.3388,-0.2028,2.1278,27.7066,44.3247,79.5444,-0.0126,-0.0103,-0.0126,52.7644,23.4938,-67.1274,100.6607,21.7053
2025-01-01 07:53:10,-0.4436,-0.3388,-0.2028,2.1278,27.7066,44.3247,91.5547,-0.0126,-0.0103,-0.0126,52.7644,23.4938,-67.1274,100.6607,21.7053
2025-01-01 07:53:20,-0.4436,-0.3388,-0.2028,2.1278,27.7066,44.3247,91.5547,-0.0126,-0.0103,-0.0239,52.7644,23.4938,-67.1274,100.6607,21.7053
2025-01-01 07:53:30,-0.4436,-0.5415,-0.2028,2.1278,27.7066,44.3247,91.5547,-0.0126,-0.0103,-0.0239,52.7644,23.4938,-67.1274,100.6607,21.7053
2025-01-01 07:53:40,-0.4436,-0.5415,-0.2028,2.1278,27.7066,44.3247,91.5547,-0.0126,-0.0103,-0.0239,52.7644,23.4938,-67.1274,100.6607,21.6008
2025-01-01 07:53:50,-0.4436,-0.5415,-0.2028,2.1278,27.7066,44.3247,86.5054,-0.0126,-0.0103,-0.0239,52.7644,23.4938,-67.1274,100.6607,21.6008
2025-01-01 07:54:00,-0.6159,-0.5415,-0.2028,2.1278,27.7066,44.3247,86.5054,-0.0126,-0.0103,-0.0239,52.7644,23.4938,-67.1274,100.6607,21.6008
2025-01-01 07:54:10,-0.6159,-0.5415,-0.2028,2.3098,27.7066,44.3247,86.5054,-0.0126,-0.0103,-0.0239,52.7644,23.4938,-67.1274,100.6607,21.6008
2025-01-01 07:54:20,-0.1857,-0.5415,-0.2028,2.3098,27.7066,44.3247,86.5054,-0.0126,-0.0103,-0.0239,52.7644,23.4938,-67.1274,100.6607,21.6008
2025-01-01 07:54:30,-0.1857,-0.5415,-0.2028,2.2676,27.7066,44.3247,86.5054,-0.0126,-0.0103,-0.0239,52.7644,23.4938,-67.1274,100.6607,21.6008
2025-01-01 07:54:40,-0.1857,-0.5415,-0.2028,2.2676,27.7066,44.3247,86.5054,-0.0126,-0.0103,-0.0239,52.7644,23.6824,-67.1274,100.6607,21.6008
2025-01-01 07:54:50,-0.1857,-0.5415,-0.2028,2.2676,27.7066,44.3247,86.5054,-0.0126,-0.0103,-0.0239,52.7644,23.6824,-67.1274,95.5774,21.6008
2025-01-01 07:55:00,-0.1857,-0.5415,-0.2028,2.2676,27.7066,44.3247,86.5054,-0.0126,-0.0103,-0.0239,52.7644,23.6824,-67.1274,99.1114,21.6008
2025-01-01 07:55:10,-0.1857,-0.5415,-0.2028,2.2676,27.7066,44.3247,98.5466,-0.0126,-0.0103,-0.0239,52.7644,23.6824,-67.1274,99.1114,21.6008
2025-01-01 07:55:20,-0.1857,-0.5415,-0.2028,2.2676,27.7066,44.3247,85.9055,-0.0126,-0.0103,-0.0239,52.7644,23.6824,-67.1274,99.1114,21.6008
2025-01-01 07:55:30,-0.1857,-0.5415,-0.2028,2.2676,27.7066,44.3247,85.9055,-0.0126,-0.0103,-0.0239,52.7644,23.6824,-67.1274,99.1114,21.7679
2025-01-01 07:55:40,-0.1857,-0.5415,-0.2028,2.2676,27.7066,44.3247,85.9055,-0.0097,-0.0103,-0.0239,52.7644,23.6824,-67.1274,99.1114,21.7679
2025-01-01 07:55:50,-0.1857,-0.5415,-0.2028,2.2676,27.7066,44.3247,85.9055,-0.0097,-0.0103,-0.0239,52.7644,23.6824,-68.7259,99.1114,21.7679
2025-01-01 07:56:00,-0.1857,-0.5415,-0.2028,2.4436,27.7066,44.3247,85.9055,-0.0097,-0.0103,-0.0239,52.7644,23.6824,-68.7259,99.1114,21.7679
2025-01-01 07:56:10,-0.1857,-0.5415,-0.2028,2.4436,27.7066,43.6335,85.9055,-0.0097,-0.0103,-0.0239,52.7644,23.6824,-68.7259,99.1114,21.7679
2025-01-01 07:56:20,-0.1857,-0.5415,-1.4515,2.4436,27.7066,43.6335,85.9055,-0.0097,-0.0103,-0.0239,52.7644,23.6824,-68.7259,99.1114,21.7679
2025-01-01 07:56:30,-0.1857,-0.5415,-1.4515,2.4436,27.7066,43.6335,85.9055,-0.0097,-0.0103,-0.0239,52.7644,23.6824,-68.7259,99.9371,21.7679
2025-01-01 07:56:40,-0.1857,-0.5415,-1.4975,2.4436,27.7066,43.6335,85.9055,-0.0097,-0.0103,-0.0239,52.7644,23.6824,-68.7259,99.9371,21.7679
2025-01-01 07:56:50,-0.1857,-0.5415,-1.4975,2.4436,27.8765,43.6335,85.9055,-0.0097,-0.0103,-0.0239,52.7644,23.6824,-68.7259,99.9371,21.7679
2025-01-01 07:57:00,-0.1857,-0.5415,-1.4975,2.4436,27.8765,43.6335,85.9055,-0.0097,-0.0103,-0.0239,52.7644,23.6824,-68.7259,99.9371,22.3384
2025-01-01 07:57:10,-0.1857,-0.5415,-1.4975,2.4436,27.8765,43.6335,85.9055,-0.0112,-0.0103,-0.0239,52.7644,23.6824,-68.7259,99.9371,22.3384
2025-01-01 07:57:20,-0.1857,-0.5415,-1.912,2.4436,27.8765,43.6335,85.9055,-0.0112,-0.0103,-0.0239,52.7644,23.6824,-68.7259,99.9371,22.3384
2025-01-01 07:57:30,-0.1857,-0.5415,-1.912,2.4436,27.8765,43.6335,85.9055,-0.0112,-0.0103,-0.0239,52.1288,23.6824,-68.7259,99.9371,22.3384
2025-01-01 07:57:40,-0.1857,-0.5415,-1.912,2.4436,27.8765,43.6335,85.9055,-0.0112,-0.0103,-0.0239,52.1288,23.6824,-68.7259,95.9463,22.3384
2025-01-01 07:57:50,-0.1857,-0.5415,-0.5401,2.4436,27.8765,43.6335,85.9055,-0.0112,-0.0103,-0.0239,52.1288,23.6824,-68.7259,95.9463,22.3384
2025-01-01 07:58:00,-0.1857,-0.5415,-0.5401,2.4436,27.8765,43.6335,85.9055,-0.0112,-0.0103,-0.0239,52.1288,23.8325,-68.7259,95.9463,22.3384
2025-01-01 07:58:10,-0.1857,-0.5415,-0.5401,2.4436,27.8765,43.6335,85.9055,-0.0112,-0.0092,-0.0239,52.1288,23.8325,-68.7259,95.9463,22.3384
2025-01-01 07:58:20,-0.1857,-0.5415,-0.5401,2.4436,27.8765,43.6335,85.9055,-0.0112,-0.0092,-0.0239,52.1288,23.8325,-68.7259,95.9463,21.9967
2025-01-01 07:58:30,-0.1857,-0.5415,-1.3938,2.4436,27.8765,43.6335,85.9055,-0.0112,-0.0092,-0.0239,52.1288,23.8325,-68.7259,95.9463,21.9967
2025-01-01 07:58:40,-0.1857,-0.5415,-1.6364,2.4436,27.8765,43.6335,85.9055,-0.0112,-0.0092,-0.0239,52.1288,23.8325,-68.7259,95.9463,21.9967
2025-01-01 07:58:50,-0.1857,-0.4105,-1.6364,2.4436,27.8765,43.6335,85.9055,-0.0112,-0.0092,-0.0239,52.1288,23.8325,-68.7259,95.9463,21.9967
2025-01-01 07:59:00,-0.1857,-0.4105,-1.6364,2.4436,27.8765,43.6335,86.172,-0.0112,-0.0092,-0.0239,52.1288,23.8325,-68.7259,95.9463,21.9967
2025-01-01 07:59:10,-0.1857,-0.4105,-1.6364,2.4436,27.8765,43.6335,86.172,-0.0042,-0.0092,-0.0239,52.1288,23.8325,-68.7259,95.9463,21.9967
2025-01-01 07:59:20,-0.1857,-0.4105,-1.6364,2.4436,27.8765,43.6335,86.172,-0.0042,-0.0092,-0.0239,52.7115,23.8325,-68.7259,95.9463,21.9967
2025-01-01 07:59:30,-0.1857,-0.4105,-1.6364,2.4436,27.8765,43.6335,86.172,-0.0042,-0.0092,-0.0239,51.9972,23.8325,-68.7259,95.9463,21.9967
2025-01-01 07:59:40,-0.5366,-0.4105,-1.6364,2.4436,27.8765,43.6335,86.172,-0.0042,-0.0092,-0.0239,51.9972,23.8325,-68.7259,95.9463,21.9967
2025-01-01 07:59:50,-0.5366,-0.4105,-1.5299,2.4436,27.8765,43.6335,86.172,-0.0042,-0.0092,-0.0239,51.9972,23.8325,-68.7259,95.9463,21.9967
2025-01-01 08:00:00,-0.5366,-0.4217,-1.5299,2.4436,27.8765,43.6335,86.172,-0.0042,-0.0092,-0.0239,51.9972,23.8325,-68.7259,95.9463,21.9967
2025-01-01 08:00:10,-0.5366,-0.4217,-1.5299,2.4436,27.8765,43.6335,86.172,-0.0042,-0.0092,-0.0239,51.9972,23.8325,-68.7259,95.9875,21.9967
2025-01-01 08:00:20,-0.5366,-0.4217,-1.5299,2.4436,27.8765,43.6335,86.172,-0.0042,-0.0092,-0.0239,51.9972,23.3234,-68.7259,95.9875,21.9967
2025-01-01 08:00:30,-0.5366,-0.4217,-1.5299,2.4436,27.8765,43.6335,86.172,-0.0042,-0.0097,-0.0239,51.9972,23.3234,-68.7259,95.9875,21.9967
2025-01-01 08:00:40,-0.5366,-0.4217,-1.5299,2.4436,27.8345,43.6335,86.172,-0.0042,-0.0097,-0.0239,51.9972,23.3234,-68.7259,95.9875,21.9967
2025-01-01 08:00:50,-0.5366,-0.4217,-1.5299,2.4436,27.8345,43.6335,86.172,-0.0042,-0.0097,-0.0239,50.0291,23.3234,-68.7259,95.9875,21.9967
2025-01-01 08:01:00,-0.5366,-0.4217,-1.5299,2.4436,27.8345,43.6335,86.172,-0.0117,-0.0097,-0.0239,50.0291,23.3234,-68.7259,95.9875,21.9967
2025-01-01 08:01:10,-0.5366,-0.4217,-1.5299,2.4436,27.8345,43.6335,86.172,-0.0117,-0.0097,-0.0239,51.6837,23.3234,-68.7259,95.9875,21.9967
2025-01-01 08:01:20,-0.5366,-0.4217,-1.5299,2.4436,27.8345,43.6335,86.172,-0.0117,-0.0097,-0.0239,53.2405,23.3234,-68.7259,95.9875,21.9967
2025-01-01 08:01:30,-0.5366,-0.4217,-1.5299,2.4436,27.8345,43.6335,86.172,-0.0117,-0.0097,-0.0239,51.1893,23.3234,-68.7259,95.9875,21.9967
2025-01-01 08:01:40,-0.5366,-0.4217,-1.5299,2.4436,27.8345,43.6335,86.172,-0.0117,-0.0097,-0.0125,51.1893,23.3234,-68.7259,95.9875,21.9967
2025-01-01 08:01:50,-0.5366,-0.4217,-1.5299,2.4436,27.8345,43.6335,86.172,-0.0117,-0.0097,-0.0125,51.1893,24.0162,-68.7259,95.9875,21.9967
2025-01-01 08:02:00,-0.5366,-0.4217,-1.5299,2.4436,27.8345,43.0338,86.172,-0.0117,-0.0097,-0.0125,51.1893,24.0162,-68.7259,95.9875,21.9967
2025-01-01 08:02:10,-0.5366,-0.4217,-0.9665,2.4436,27.8345,43.0338,86.172,-0.0117,-0.0097,-0.0125,51.1893,24.0162,-68.7259,95.9875,21.9967
2025-01-01 08:02:20,-0.9864,-0.4217,-0.9665,2.4436,27.8345,43.0338,86.172,-0.0117,-0.0097,-0.0125,51.1893,24.0162,-68.7259,95.9875,21.9967
2025-01-01 08:02:30,-0.9864,-0.4217,-0.9665,2.4436,27.8345,42.7602,86.172,-0.0117,-0.0097,-0.0125,51.1893,24.0162,-68.7259,95.9875,21.9967
2025-01-01 08:02:40,-0.9864,-0.4217,-0.9665,2.4436,27.8345,42.7602,86.172,-0.0117,-0.0165,-0.0125,51.1893,24.0162,-68.7259,95.9875,21.9967
2025-01-01 08:02:50,-0.9864,-0.4217,-0.9665,2.2898,27.8345,42.7602,86.172,-0.0117,-0.0165,-0.0125,51.1893,24.0162,-68.7259,95.9875,21.9967
2025-01-01 08:03:00,-0.9864,-0.4217,-0.9665,2.2898,27.8345,42.7602,86.8521,-0.0117,-0.0165,-0.0125,51.1893,24.0162,-68.7259,95.9875,21.9967
2025-01-01 08:03:10,-0.9864,-0.4217,-0.9665,2.2898,27.8345,42.7602,86.8521,-0.0117,-0.0165,-0.0125,49.4058,24.0162,-68.7259,95.9875,21.9967
2025-01-01 08:03:20,-0.9864,-0.4217,-0.9251,2.2898,27.8345,42.7602,86.8521,-0.0117,-0.0165,-0.0125,49.4058,24.0162,-68.7259,95.9875,21.9967
2025-01-01 08:03:30,-0.9864,-0.4217,-0.9251,2.2898,27.8345,42.4116,86.8521,-0.0117,-0.0165,-0.0125,49.4058,24.0162,-68.7259,95.9875,21.9967
2025-01-01 08:03:40,-0.9864,-0.4217,-0.9251,2.2898,27.8345,42.4116,86.8521,-0.0059,-0.0165,-0.0125,49.4058,24.0162,-68.7259,95.9875,21.9967
2025-01-01 08:03:50,-0.9864,-0.6914,-0.9251,2.2898,27.8345,42.4116,86.8521,-0.0059,-0.0165,-0.0125,49.4058,24.0162,-68.7259,95.9875,21.9967
2025-01-01 08:04:00,-0.9864,-0.6914,-0.9251,2.2898,27.8345,42.4116,86.8521,-0.0089,-0.0165,-0.0125,49.4058,24.0162,-68.7259,95.9875,21.9967
2025-01-01 08:04:10,-0.9864,-0.6914,-0.9251,2.2898,27.8345,42.4116,86.8521,-0.0081,-0.0165,-0.0125,49.4058,24.0162,-68.7259,95.9875,21.9967
2025-01-01 08:04:20,-0.9864,-0.6914,-0.9251,2.2898,27.8345,42.4116,86.8521,-0.0081,-0.0165,-0.0125,49.0871,24.0162,-68.7259,95.9875,21.9967
2025-01-01 08:04:30,-0.9864,-0.6914,-0.9251,2.2898,27.8345,42.4116,86.8521,-0.0081,-0.0165,-0.0125,49.0871,24.0162,-68.7259,95.9875,21.387
2025-01-01 08:04:40,-0.9864,-0.6914,-0.9251,2.2898,27.8345,42.4116,86.8521,-0.0081,-0.0062,-0.0125,49.0871,24.0162,-68.7259,95.9875,21.387
2025-01-01 08:04:50,-0.9864,-0.6914,-0.9251,2.2898,27.8345,42.4116,86.8521,-0.0081,-0.0062,-0.0125,49.0871,24.0162,-68.7259,94.0974,21.387
2025-01-01 08:05:00,-0.5328,-0.6914,-0.9251,2.2898,27.8345,42.4116,86.8521,-0.0081,-0.0062,-0.0125,49.0871,24.0162,-68.7259,94.0974,21.387
2025-01-01 08:05:10,-0.5328,-0.6914,-0.9251,2.2898,27.8345,42.4116,86.8521,-0.0081,-0.0062,-0.0125,49.0871,24.0162,-68.7259,95.5255,21.387
2025-01-01 08:05:20,-0.5328,-0.6914,-0.9251,2.2898,27.8345,42.4116,84.246,-0.0081,-0.0062,-0.0125,49.0871,24.0162,-68.7259,95.5255,21.387
2025-01-01 08:05:30,-0.7149,-0.6914,-0.9251,2.2898,27.8345,42.4116,84.246,-0.0081,-0.0062,-0.0125,49.0871,24.0162,-68.7259,95.5255,21.387
2025-01-01 08:05:40,-0.7149,-0.6914,-0.9251,2.2898,27.8345,42.4116,95.3666,-0.0081,-0.0062,-0.0125,49.0871,24.0162,-68.7259,95.5255,21.387
2025-01-01 08:05:50,-0.7149,-0.6914,-0.9251,2.2898,27.8345,42.4116,95.3666,-0.0081,-0.0062,-0.0125,48.9679,24.0162,-68.7259,95.5255,21.387
2025-01-01 08:06:00,-0.7149,-0.6914,-0.9251,2.1663,27.8345,42.4116,95.3666,-0.0081,-0.0062,-0.0125,48.9679,24.0162,-68.7259,95.5255,21.387
2025-01-01 08:06:10,-0.7149,-0.6914,-0.9251,2.1663,27.8345,42.4116,95.3666,-0.0081,-0.0062,-0.0125,48.9679,24.0162,-68.7259,95.5255,22.1241
2025-01-01 08:06:20,-0.7149,-0.6914,-0.9251,2.1663,27.8345,42.25,95.3666,-0.0081,-0.0062,-0.0125,48.9679,24.0162,-68.7259,95.5255,22.1241
2025-01-01 08:06:30,-0.7149,-0.6914,-0.9251,2.1663,27.8345,42.25,95.3666,-0.0081,-0.0062,-0.022,48.9679,24.0162,-68.7259,95.5255,22.1241
2025-01-01 08:06:40,-0.7149,-0.6914,-1.1475,2.1663,27.8345,42.25,95.3666,-0.0081,-0.0062,-0.022,48.9679,24.0162,-68.7259,95.5255,22.1241
2025-01-01 08:06:50,-0.7149,-0.6914,-1.1475,2.1663,27.8345,42.25,95.3666,-0.0081,-0.0073,-0.022,48.9679,24.0162,-68.7259,95.5255,22.1241
2025-01-01 08:07:00,-0.7149,-0.6914,-1.1475,2.1663,27.8345,42.25,95.3666,-0.0081,-0.0073,-0.0095,48.9679,24.0162,-68.7259,95.5255,22.1241
2025-01-01 08:07:10,-0.7149,-0.6914,-1.1475,2.1663,27.8345,42.25,95.3666,-0.0081,-0.0073,-0.0208,48.9679,24.0162,-68.7259,95.5255,22.1241
2025-01-01 08:07:20,-0.7149,-0.6914,-1.1475,2.2499,27.8345,42.25,95.3666,-0.0081,-0.0073,-0.0208,48.9679,24.0162,-68.7259,95.5255,22.1241
2025-01-01 08:07:30,-0.7149,-0.6914,-1.1475,2.2499,27.8345,42.25,95.3666,-0.0081,-0.0073,-0.0208,48.9679,24.4477,-68.7259,95.5255,22.1241
2025-01-01 08:07:40,-0.7149,-0.4801,-1.1475,2.2499,27.8345,42.25,95.3666,-0.0081,-0.0073,-0.0208,48.9679,24.4477,-68.7259,95.5255,22.1241
2025-01-01 08:07:50,-0.7149,-0.4801,-1.1475,2.2499,27.8345,42.25,95.3666,-0.0081,-0.0073,-0.0226,48.9679,24.4477,-68.7259,95.5255,22.1241
2025-01-01 08:08:00,-0.7149,-0.9465,-1.1475,2.2499,27.8345,42.25,95.3666,-0.0081,-0.0073,-0.0226,48.9679,24.4477,-68.7259,95.5255,22.1241
2025-01-01 08:08:10,-0.6159,-0.9465,-1.1475,2.2499,27.8345,42.25,95.3666,-0.0081,-0.0073,-0.0226,48.9679,24.4477,-68.7259,95.5255,22.1241
2025-01-01 08:08:20,-0.6159,-0.9465,-1.1475,2.2499,27.8345,42.25,95.3666,-0.0081,-0.0073,-0.0226,48.9679,23.4891,-68.7259,95.5255,22.1241
2025-01-01 08:08:30,-0.6159,-0.9465,-1.1475,2.2499,27.8345,42.25,95.7716,-0.0081,-0.0073,-0.0226,48.9679,23.4891,-68.7259,95.5255,22.1241
2025-01-01 08:08:40,-0.6159,-0.9465,-1.1475,2.2499,27.8345,42.25,95.7716,-0.0081,-0.0073,-0.0226,48.9679,23.4891,-68.7259,95.5255,22.518
2025-01-01 08:08:50,-0.6159,-0.9465,-1.1475,2.2499,27.7257,42.25,95.7716,-0.0081,-0.0073,-0.0226,48.9679,23.4891,-68.7259,95.5255,22.518
2025-01-01 08:09:00,-0.6159,-0.9465,-1.1475,2.2499,27.7257,42.25,95.7716,-0.0081,-0.0177,-0.0226,48.9679,23.4891,-68.7259,95.5255,22.518
2025-01-01 08:09:10,-0.6159,-0.9465,-1.1475,2.2499,27.7257,42.25,95.7716,-0.0139,-0.0177,-0.0226,48.9679,23.4891,-68.7259,95.5255,22.518
2025-01-01 08:09:20,-0.6159,-0.3959,-1.1475,2.2499,27.7257,42.25,95.7716,-0.0139,-0.0177,-0.0226,48.9679,23.4891,-68.7259,95.5255,22.518
2025-01-01 08:09:30,-0.6159,-0.3959,-1.1153,2.2499,27.7257,42.25,95.7716,-0.0139,-0.0177,-0.0226,48.9679,23.4891,-68.7259,95.5255,22.518
2025-01-01 08:09:40,-0.6159,-0.3959,-1.1153,2.2499,27.7257,42.25,95.7716,-0.0139,-0.0177,-0.0158,48.9679,23.4891,-68.7259,95.5255,22.518
2025-01-01 08:09:50,-0.6159,-0.3959,-1.1153,2.2499,27.7257,42.25,95.7716,-0.0084,-0.0177,-0.0158,48.9679,23.4891,-68.7259,95.5255,22.518
2025-01-01 08:10:00,-0.6159,-0.3959,-1.1153,2.2499,27.7257,42.25,95.7716,-0.0084,-0.0177,-0.0158,48.9679,24.3093,-68.7259,95.5255,22.518
2025-01-01 08:10:10,-0.6159,-0.3959,-1.1153,2.2499,27.7257,42.25,95.7716,-0.0084,-0.0177,-0.0158,48.9679,24.3093,-68.7259,94.7577,22.518
2025-01-01 08:10:20,-0.6159,-0.3959,-1.1153,2.2499,27.7257,42.25,81.0569,-0.0084,-0.0177,-0.0158,48.9679,24.3093,-68.7259,94.7577,22.518
2025-01-01 08:10:30,-0.6159,-0.3959,-1.1153,2.2499,27.7257,42.7668,81.0569,-0.0084,-0.0177,-0.0158,48.9679,24.3093,-68.7259,94.7577,22.518
2025-01-01 08:10:40,-0.6159,-0.3959,-1.1153,2.2499,27.7257,42.1566,81.0569,-0.0084,-0.0177,-0.0158,48.9679,24.3093,-68.7259,94.7577,22.518
2025-01-01 08:10:50,-0.6159,-0.3959,-1.1153,2.1676,27.7257,42.1566,81.0569,-0.0084,-0.0177,-0.0158,48.9679,24.3093,-68.7259,94.7577,22.518
2025-01-01 08:11:00,-0.6159,-0.3959,-1.1153,2.1676,27.7257,42.1566,81.0569,-0.0134,-0.0177,-0.0158,48.9679,24.3093,-68.7259,94.7577,22.518
2025-01-01 08:11:10,-0.5736,-0.3959,-1.1153,2.1676,27.7257,42.1566,81.0569,-0.0134,-0.0177,-0.0158,48.9679,24.3093,-68.7259,94.7577,22.518
2025-01-01 08:11:20,-0.5736,-0.3959,-1.1153,2.1676,27.7257,42.1566,81.0569,-0.0134,-0.0177,-0.0158,50.8899,24.3093,-68.7259,94.7577,22.518
2025-01-01 08:11:30,-0.5736,-0.3959,-1.6586,2.1676,27.7257,42.1566,81.0569,-0.0134,-0.0177,-0.0158,50.8899,24.3093,-68.7259,94.7577,22.518
2025-01-01 08:11:40,-0.5736,-0.3959,-1.6586,2.1676,27.7257,42.1566,81.0569,-0.0134,-0.0067,-0.0158,50.8899,24.3093,-68.7259,94.7577,22.518
2025-01-01 08:11:50,-0.5736,-0.3959,-1.6586,2.1676,27.7257,42.1566,81.0569,-0.0182,-0.0067,-0.0158,50.8899,24.3093,-68.7259,94.7577,22.518
2025-01-01 08:12:00,-0.5736,-0.2822,-1.6586,2.1676,27.7257,42.1566,81.0569,-0.0182,-0.0067,-0.0158,50.8899,24.3093,-68.7259,94.7577,22.518
2025-01-01 08:12:10,-0.5736,-0.2822,-1.6586,2.1676,27.7959,42.1566,81.0569,-0.0182,-0.0067,-0.0158,50.8899,24.3093,-68.7259,94.7577,22.518
2025-01-01 08:12:20,-0.6102,-0.2822,-1.6586,2.1676,27.7959,42.1566,81.0569,-0.0182,-0.0067,-0.0158,50.8899,24.3093,-68.7259,94.7577,22.518
2025-01-01 08:12:30,-0.6102,-0.7963,-1.6586,2.1676,27.7959,42.1566,81.0569,-0.0182,-0.0067,-0.0158,50.8899,24.3093,-68.7259,94.7577,22.518
2025-01-01 08:12:40,-0.6102,-0.7963,-1.6586,2.1676,27.7959,42.1566,81.0569,-0.0182,-0.0226,-0.0158,50.8899,24.3093,-68.7259,94.7577,22.518
2025-01-01 08:12:50,-0.6102,-0.7963,-1.6586,2.1914,27.7959,42.1566,81.0569,-0.0182,-0.0226,-0.0158,50.8899,24.3093,-68.7259,94.7577,22.518
2025-01-01 08:13:00,-0.6102,-0.7963,-1.6586,2.1914,27.753,42.1566,81.0569,-0.0182,-0.0226,-0.0158,50.8899,24.3093,-68.7259,94.7577,22.518
2025-01-01 08:13:10,-0.6102,-0.7963,-1.6586,2.1914,27.753,42.1566,81.9026,-0.0182,-0.0226,-0.0158,50.8899,24.3093,-68.7259,94.7577,22.518
2025-01-01 08:13:20,-0.6102,-0.7963,-1.6586,2.1914,27.753,42.1566,81.9026,-0.0182,-0.0226,-0.0158,50.999,24.3093,-68.7259,94.7577,22.518
2025-01-01 08:13:30,-0.8809,-0.7963,-1.6586,2.1914,27.753,42.1566,81.9026,-0.0182,-0.0226,-0.0158,50.999,24.3093,-68.7259,94.7577,22.518
2025-01-01 08:13:40,-0.8809,-0.7963,-1.6586,2.1914,27.7191,42.1566,81.9026,-0.0182,-0.0226,-0.0158,50.999,24.3093,-68.7259,94.7577,22.518
2025-01-01 08:13:50,-0.8809,-0.7963,-1.6586,2.1914,27.7191,42.1566,81.9026,-0.0182,-0.0226,-0.0158,50.999,24.3093,-68.7259,94.7577,22.3741
2025-01-01 08:14:00,-0.8809,-0.7963,-1.6586,2.1914,27.7191,42.1566,81.9026,-0.0182,-0.0226,-0.0158,50.999,23.6568,-68.7259,94.7577,22.3741
2025-01-01 08:14:10,-0.6781,-0.7963,-1.6586,2.1914,27.7191,42.1566,81.9026,-0.0182,-0.0226,-0.0158,50.999,23.6568,-68.7259,94.7577,22.3741
2025-01-01 08:14:20,-0.6781,-0.7963,-1.6586,2.1914,27.7191,42.1566,81.9026,-0.0182,-0.0226,-0.0158,50.999,23.6568,-68.7259,94.7577,21.5184
2025-01-01 08:14:30,-0.6781,-0.7963,-1.6586,2.1914,27.7191,42.1566,81.9026,-0.0182,-0.0226,-0.0158,50.999,22.7621,-68.7259,94.7577,21.5184
2025-01-01 08:14:40,-0.6781,-0.7963,-1.6586,2.1914,27.7191,42.1566,81.9026,-0.0182,-0.0104,-0.0158,50.999,22.7621,-68.7259,94.7577,21.5184
2025-01-01 08:14:50,-0.6781,-0.7963,-0.5692,2.1914,27.7191,42.1566,81.9026,-0.0182,-0.0104,-0.0158,50.999,22.7621,-68.7259,94.7577,21.5184
2025-01-01 08:15:00,-0.6781,-0.7963,-0.5692,2.1914,27.7191,42.1566,81.9026,-0.0192,-0.0104,-0.0158,50.999,22.7621,-68.7259,94.7577,21.5184
2025-01-01 08:15:10,-0.9878,-0.7963,-0.5692,2.1914,27.7191,42.1566,81.9026,-0.0192,-0.0104,-0.0158,50.999,22.7621,-68.7259,94.7577,21.5184
2025-01-01 08:15:20,-0.9878,-0.7963,-0.5692,2.1914,27.7191,42.1566,81.9026,-0.0192,-0.0104,-0.0158,50.999,23.3235,-68.7259,94.7577,21.5184
2025-01-01 08:15:30,-0.9878,-0.7963,-0.5692,2.1914,27.7191,42.0179,81.9026,-0.0192,-0.0104,-0.0158,50.999,23.3235,-68.7259,94.7577,21.5184
2025-01-01 08:15:40,-0.9878,-0.7963,-0.5692,2.1914,27.7191,44.0183,81.9026,-0.0192,-0.0104,-0.0158,50.999,23.3235,-68.7259,94.7577,21.5184
2025-01-01 08:15:50,-0.9878,-0.7963,-0.5692,2.1914,27.7191,44.0183,81.9026,-0.0192,-0.0152,-0.0158,50.999,23.3235,-68.7259,94.7577,21.5184
2025-01-01 08:16:00,-0.9878,-0.7963,-0.5692,2.1914,27.7191,44.0183,81.9026,-0.0192,-0.0152,-0.0158,50.999,23.3235,-68.7259,92.7673,21.5184
2025-01-01 08:16:10,-0.817,-0.7963,-0.5692,2.1914,27.7191,44.0183,81.9026,-0.0192,-0.0152,-0.0158,50.999,23.3235,-68.7259,92.7673,21.5184
2025-01-01 08:16:20,-0.817,-0.7963,-0.5692,2.1914,27.7763,44.0183,81.9026,-0.0192,-0.0152,-0.0158,50.999,23.3235,-68.7259,92.7673,21.5184
2025-01-01 08:16:30,-0.817,-0.5325,-0.5692,2.1914,27.7763,44.0183,81.9026,-0.0192,-0.0152,-0.0158,50.999,23.3235,-68.7259,92.7673,21.5184
2025-01-01 08:16:40,-0.817,-0.5325,-0.5692,2.1914,27.7763,44.0183,81.9026,-0.0192,-0.0152,-0.0044,50.999,23.3235,-68.7259,92.7673,21.5184
2025-01-01 08:16:50,-0.817,-0.5325,-0.5692,2.1914,27.7763,44.0183,81.9026,-0.0192,-0.0152,-0.0044,50.999,23.3235,-67.3953,92.7673,21.5184
2025-01-01 08:17:00,-0.817,-0.5325,-0.5692,2.1914,27.7763,44.0817,81.9026,-0.0192,-0.0152,-0.0044,50.999,23.3235,-67.3953,92.7673,21.5184
2025-01-01 08:17:10,-0.817,-0.5325,-0.5692,2.1914,27.7763,44.0817,81.9026,-0.0192,-0.0152,-0.0044,50.999,23.3235,-67.3953,94.9954,21.5184
2025-01-01 08:17:20,-0.817,-0.5325,-0.5692,2.1914,27.7562,44.0817,81.9026,-0.0192,-0.0152,-0.0044,50.999,23.3235,-67.3953,94.9954,21.5184
2025-01-01 08:17:30,-0.817,-0.5325,-0.5692,2.1914,27.7562,44.0817,81.9026,-0.0192,-0.0159,-0.0044,50.999,23.3235,-67.3953,94.9954,21.5184
2025-01-01 08:17:40,-0.817,-0.5325,-0.5692,2.1914,27.7562,44.0817,81.9026,-0.0192,-0.0159,-0.0044,50.999,23.3235,-68.6298,94.9954,21.5184
2025-01-01 08:17:50,-0.817,-0.6361,-0.5692,2.1914,27.7562,44.0817,81.9026,-0.0192,-0.0159,-0.0044,50.999,23.3235,-68.6298,94.9954,21.5184
2025-01-01 08:18:00,-0.817,-0.6361,-0.5692,2.1914,27.7562,44.0817,81.9026,-0.0192,-0.0159,-0.0044,50.569,23.3235,-68.6298,94.9954,21.5184
2025-01-01 08:18:10,-0.817,-0.6061,-0.5692,2.1914,27.7562,44.0817,81.9026,-0.0192,-0.0159,-0.0044,50.569,23.3235,-68.6298,94.9954,21.5184
2025-01-01 08:18:20,-0.817,-0.6061,-0.5692,2.1914,27.7562,44.0817,82.9012,-0.0192,-0.0159,-0.0044,50.569,23.3235,-68.6298,94.9954,21.5184
2025-01-01 08:18:30,-0.817,-0.6061,-0.5692,2.1914,27.7562,44.0817,82.9012,-0.0192,-0.0159,-0.0044,50.569,23.3235,-68.6298,93.6825,21.5184
2025-01-01 08:18:40,-0.817,-0.6061,-0.5692,2.1914,27.7562,44.0817,82.9012,-0.0192,-0.0159,-0.0044,50.569,23.3235,-68.6298,93.6825,21.6396
2025-01-01 08:18:50,-0.817,-0.6061,-0.5692,2.1914,27.7562,44.0817,82.9012,-0.0192,-0.0159,-0.0044,50.569,23.3235,-72.5047,93.6825,21.6396
2025-01-01 08:19:00,-0.817,-0.6061,-0.5692,2.1914,27.7562,44.0817,82.9012,-0.0192,-0.0159,-0.0044,50.569,23.3235,-72.5047,96.7108,21.6396
2025-01-01 08:19:10,-0.817,-0.6061,-0.5692,2.1914,27.7562,44.0817,82.9012,-0.0195,-0.0159,-0.0044,50.569,23.3235,-72.5047,96.7108,21.6396
2025-01-01 08:19:20,-0.817,-0.6061,-0.5692,2.1914,27.6264,44.0817,82.9012,-0.0195,-0.0159,-0.0044,50.569,23.3235,-72.5047,96.7108,21.6396
2025-01-01 08:19:30,-0.817,-0.6061,-0.5692,2.1914,27.6264,44.0817,82.9012,-0.0195,-0.0159,-0.0044,50.569,23.3235,-68.2218,96.7108,21.6396
2025-01-01 08:19:40,-0.817,-0.6061,-0.5692,2.1914,27.6264,44.0817,82.9012,-0.0195,-0.0159,-0.0044,50.569,23.3235,-70.105,96.7108,21.6396
2025-01-01 08:19:50,-0.817,-0.6061,-0.5692,2.1914,27.6264,44.0817,82.9012,-0.0195,-0.017,-0.0044,50.569,23.3235,-70.105,96.7108,21.6396
2025-01-01 08:20:00,-0.817,-0.6061,-0.5692,2.3033,27.6264,44.0817,82.9012,-0.0195,-0.017,-0.0044,50.569,23.3235,-70.105,96.7108,21.6396
2025-01-01 08:20:10,-0.817,-0.6061,-0.5692,2.3033,27.8359,44.0817,82.9012,-0.0195,-0.017,-0.0044,50.569,23.3235,-70.105,96.7108,21.6396
2025-01-01 08:20:20,-0.817,-0.6061,-0.5692,2.3033,27.8359,44.0817,82.9012,-0.0195,-0.017,-0.0044,50.113,23.3235,-70.105,96.7108,21.6396
2025-01-01 08:20:30,-0.817,-0.6061,-0.5692,2.3033,27.8359,44.0817,82.9012,-0.0195,-0.017,-0.0044,50.113,22.7308,-70.105,96.7108,21.6396
2025-01-01 08:20:40,-0.817,-0.6061,-0.5692,2.3033,27.8359,44.0817,79.6627,-0.0195,-0.017,-0.0044,50.113,22.7308,-70.105,96.7108,21.6396
2025-01-01 08:20:50,-0.817,-0.6061,-0.5692,2.3033,27.8359,44.0817,79.6627,-0.0195,-0.017,-0.0044,50.113,22.7308,-70.105,96.7108,22.3149
2025-01-01 08:21:00,-0.817,-0.6061,-0.5692,2.3033,27.8359,44.0817,79.6627,-0.0195,-0.0122,-0.0044,50.113,22.7308,-70.105,96.7108,22.3149
2025-01-01 08:21:10,-0.9091,-0.6061,-0.5692,2.3033,27.8359,44.0817,79.6627,-0.0195,-0.0122,-0.0044,50.113,22.7308,-70.105,96.7108,22.3149
2025-01-01 08:21:20,-0.9091,-0.6061,-0.5692,2.3033,27.8359,44.0817,86.3899,-0.0195,-0.0122,-0.0044,50.113,22.7308,-70.105,96.7108,22.3149
2025-01-01 08:21:30,-0.9091,-0.6061,-0.5692,2.1045,27.8359,44.0817,86.3899,-0.0195,-0.0122,-0.0044,50.113,22.7308,-70.105,96.7108,22.3149
2025-01-01 08:21:40,-0.9091,-0.6061,-0.5692,2.1045,27.8359,44.0817,86.3899,-0.0052,-0.0122,-0.0044,50.113,22.7308,-70.105,96.7108,22.3149
2025-01-01 08:21:50,-0.9091,-0.6061,-0.5692,2.1045,27.8359,44.0817,86.3899,-0.0052,-0.0122,-0.0143,50.113,22.7308,-70.105,96.7108,22.3149
2025-01-01 08:22:00,-0.9091,-0.6061,-0.5692,2.1045,27.8359,42.7215,86.3899,-0.0052,-0.0122,-0.0143,50.113,22.7308,-70.105,96.7108,22.3149
2025-01-01 08:22:10,-0.9091,-0.6061,-0.5692,2.1667,27.8359,42.7215,86.3899,-0.0052,-0.0122,-0.0143,50.113,22.7308,-70.105,96.7108,22.3149
2025-01-01 08:22:20,-0.9091,-0.6061,-0.5692,2.1667,27.8359,42.7215,86.3899,-0.0052,-0.0122,-0.0143,50.113,22.7308,-70.3298,96.7108,22.3149
2025-01-01 08:22:30,-0.9091,-0.6061,-0.5692,2.1667,27.8359,41.2233,86.3899,-0.0052,-0.0122,-0.0143,50.113,22.7308,-70.3298,96.7108,22.3149
2025-01-01 08:22:40,-0.9091,-0.6061,-0.5692,2.1667,27.8359,41.2233,86.3899,-0.0052,-0.0122,-0.0143,48.1103,22.7308,-70.3298,96.7108,22.3149
2025-01-01 08:22:50,-0.8491,-0.6061,-0.5692,2.1667,27.8359,41.2233,86.3899,-0.0052,-0.0122,-0.0143,48.1103,22.7308,-70.3298,96.7108,22.3149
2025-01-01 08:23:00,-0.8491,-0.6061,-0.5692,2.1667,27.8359,41.2233,86.3899,-0.0052,-0.0122,-0.0143,48.1103,22.4743,-70.3298,96.7108,22.3149
2025-01-01 08:23:10,-0.8491,-0.6061,-0.5692,2.1864,27.8359,41.2233,86.3899,-0.0052,-0.0122,-0.0143,48.1103,22.4743,-70.3298,96.7108,22.3149
2025-01-01 08:23:20,-0.8491,-0.6061,-2.1803,2.1864,27.8359,41.2233,86.3899,-0.0052,-0.0122,-0.0143,48.1103,22.4743,-70.3298,96.7108,22.3149
2025-01-01 08:23:30,-0.8491,-0.6061,-2.1803,2.1864,27.8359,41.2233,74.1584,-0.0052,-0.0122,-0.0143,48.1103,22.4743,-70.3298,96.7108,22.3149
2025-01-01 08:23:40,-0.8491,-0.6061,-2.1803,2.1864,27.8359,41.2233,74.1584,-0.0052,-0.0122,-0.0143,48.1103,22.4743,-70.3298,96.7108,22.0549
2025-01-01 08:23:50,-0.8491,-0.6061,-2.1803,2.1864,27.8359,41.2233,74.1584,-0.0052,-0.0122,-0.0143,48.1103,22.4743,-70.3298,96.7108,21.9593
2025-01-01 08:24:00,-0.8491,-0.6061,-2.1803,2.1864,27.8359,41.2233,74.1584,-0.0052,-0.0122,-0.0143,48.1103,22.4743,-69.196,96.7108,21.9593
2025-01-01 08:24:10,-0.8491,-0.6061,-2.1803,2.1864,27.8359,41.2233,74.1584,-0.0052,-0.0184,-0.0143,48.1103,22.4743,-69.196,96.7108,21.9593
2025-01-01 08:24:20,-0.8491,-0.6061,-2.1803,2.344,27.8359,41.2233,74.1584,-0.0052,-0.0184,-0.0143,48.1103,22.4743,-69.196,96.7108,21.9593
2025-01-01 08:24:30,-0.8491,-0.6061,-2.1803,2.344,27.8359,41.2233,87.6558,-0.0052,-0.0184,-0.0143,48.1103,22.4743,-69.196,96.7108,21.9593
2025-01-01 08:24:40,-0.8491,-0.6061,-2.1803,2.1782,27.8359,41.2233,87.6558,-0.0052,-0.0184,-0.0143,48.1103,22.4743,-69.196,96.7108,21.9593
2025-01-01 08:24:50,-0.8491,-0.6061,-2.1803,2.1782,27.8359,41.2233,87.6558,-0.0052,-0.0184,-0.0143,48.1103,22.4743,-69.196,96.2415,21.9593
2025-01-01 08:25:00,-0.8491,-0.6061,-2.1803,2.1782,27.8359,41.2233,87.6558,-0.0052,-0.0184,-0.0143,48.1103,22.4743,-69.196,96.2346,21.9593
2025-01-01 08:25:10,-0.8491,-0.9243,-2.1803,2.1782,27.8359,41.2233,87.6558,-0.0052,-0.0184,-0.0143,48.1103,22.4743,-69.196,96.2346,21.9593
2025-01-01 08:25:20,-0.8491,-0.9243,-2.1803,2.1519,27.8359,41.2233,87.6558,-0.0052,-0.0184,-0.0143,48.1103,22.4743,-69.196,96.2346,21.9593
2025-01-01 08:25:30,-0.8491,-0.9243,-2.1803,2.1519,27.6215,41.2233,87.6558,-0.0052,-0.0184,-0.0143,48.1103,22.4743,-69.196,96.2346,21.9593
2025-01-01 08:25:40,-0.8491,-0.9243,-2.1803,2.1519,27.6215,41.4674,87.6558,-0.0052,-0.0184,-0.0143,48.1103,22.4743,-69.196,96.2346,21.9593
2025-01-01 08:25:50,-0.8491,-0.9243,-2.2398,2.1519,27.6215,41.4674,87.6558,-0.0052,-0.0184,-0.0143,48.1103,22.4743,-69.196,96.2346,21.9593
2025-01-01 08:26:00,-0.7408,-0.9243,-2.2398,2.1519,27.6215,41.4674,87.6558,-0.0052,-0.0184,-0.0143,48.1103,22.4743,-69.196,96.2346,21.9593
2025-01-01 08:26:10,-0.7408,-0.8728,-2.2398,2.1519,27.6215,41.4674,87.6558,-0.0052,-0.0184,-0.0143,48.1103,22.4743,-69.196,96.2346,21.9593
2025-01-01 08:26:20,-0.7408,-0.8728,-2.2398,2.1519,27.6215,41.4674,87.6558,-0.0052,-0.0188,-0.0143,48.1103,22.4743,-69.196,96.2346,21.9593
2025-01-01 08:26:30,-0.7408,-0.4803,-2.2398,2.1519,27.6215,41.4674,87.6558,-0.0052,-0.0188,-0.0143,48.1103,22.4743,-69.196,96.2346,21.9593
2025-01-01 08:26:40,-0.7408,-0.4803,-2.2398,2.1519,27.6215,41.4674,87.6558,-0.0052,-0.0224,-0.0143,48.1103,22.4743,-69.196,96.2346,21.9593
2025-01-01 08:26:50,-0.791,-0.4803,-2.2398,2.1519,27.6215,41.4674,87.6558,-0.0052,-0.0224,-0.0143,48.1103,22.4743,-69.196,96.2346,21.9593
2025-01-01 08:27:00,-0.791,-0.585,-2.2398,2.1519,27.6215,41.4674,87.6558,-0.0052,-0.0224,-0.0143,48.1103,22.4743,-69.196,96.2346,21.9593
2025-01-01 08:27:10,-0.791,-0.585,-2.2398,2.1519,27.6215,41.4674,87.6558,-0.0052,-0.0224,-0.0143,49.7152,22.4743,-69.196,96.2346,21.9593
2025-01-01 08:27:20,-0.791,-0.585,-2.2398,2.1519,27.6215,41.4674,87.6558,-0.0052,-0.0224,-0.0143,49.7152,22.4743,-71.3772,96.2346,21.9593
2025-01-01 08:27:30,-0.791,-0.585,-2.2398,2.1519,27.7335,41.4674,87.6558,-0.0052,-0.0224,-0.0143,49.7152,22.4743,-71.3772,96.2346,21.9593
2025-01-01 08:27:40,-0.791,-0.585,-2.2398,2.1519,27.7335,41.4674,87.6558,-0.0052,-0.0224,-0.0143,49.7152,22.4743,-71.3772,92.2656,21.9593
2025-01-01 08:27:50,-0.791,-0.585,-2.2398,2.1519,27.7335,41.4674,87.6558,-0.0052,-0.0224,-0.0143,49.7152,22.4743,-71.3772,92.2656,21.768
2025-01-01 08:28:00,-0.791,-0.585,-2.2398,2.1519,27.7335,41.4674,87.6558,-0.0052,-0.0224,-0.0143,49.7152,22.4743,-70.0137,92.2656,21.768
2025-01-01 08:28:10,-0.791,-0.585,-2.2398,2.1519,27.7335,41.4674,87.6558,-0.0052,-0.0224,-0.0143,49.7152,22.4743,-68.1494,92.2656,21.768
2025-01-01 08:28:20,-0.791,-0.585,-2.2398,2.1519,27.7335,41.4674,87.6558,-0.0052,-0.0224,-0.0146,49.7152,22.4743,-68.1494,92.2656,21.768
2025-01-01 08:28:30,-0.791,-0.585,-2.2398,2.1519,27.7335,41.4674,87.6558,-0.0052,-0.0224,-0.0146,49.7152,22.4743,-68.1494,92.2656,21.5533
2025-01-01 08:28:40,-0.791,-0.4113,-2.2398,2.1519,27.7335,41.4674,87.6558,-0.0052,-0.0224,-0.0146,49.7152,22.4743,-68.1494,92.2656,21.5533
2025-01-01 08:28:50,-0.791,-0.4113,-0.3514,2.1519,27.7335,41.4674,87.6558,-0.0052,-0.0224,-0.0146,49.7152,22.4743,-68.1494,92.2656,21.5533
2025-01-01 08:29:00,-0.791,-0.4113,-0.3514,2.1519,27.5484,41.4674,87.6558,-0.0052,-0.0224,-0.0146,49.7152,22.4743,-68.1494,92.2656,21.5533
2025-01-01 08:29:10,-0.791,-0.4113,-0.3514,2.1519,27.5484,41.4674,87.6558,-0.0052,-0.0224,-0.0146,47.2357,22.4743,-68.1494,92.2656,21.5533
2025-01-01 08:29:20,-0.791,-0.4113,-0.3514,2.1519,27.5484,41.4674,87.6558,-0.0052,-0.0224,-0.0146,47.2357,22.4743,-68.1494,89.441,21.5533
2025-01-01 08:29:30,-0.791,-0.4113,-0.3514,2.1519,27.5484,41.4674,87.6558,-0.0052,-0.0224,-0.0146,47.2357,22.4743,-70.3074,89.441,21.5533
2025-01-01 08:29:40,-0.791,-0.4113,-0.3514,2.1519,27.5484,41.4674,84.7226,-0.0052,-0.0224,-0.0146,47.2357,22.4743,-70.3074,89.441,21.5533
2025-01-01 08:29:50,-0.791,-0.4113,-1.1376,2.1519,27.5484,41.4674,84.7226,-0.0052,-0.0224,-0.0146,47.2357,22.4743,-70.3074,89.441,21.5533
2025-01-01 08:30:00,-0.791,-0.4113,-1.1376,2.1519,27.5484,41.1108,84.7226,-0.0052,-0.0224,-0.0146,47.2357,22.4743,-70.3074,89.441,21.5533
2025-01-01 08:30:10,-0.791,-0.4113,-1.1376,2.1519,27.5484,41.1108,84.7226,-0.0052,-0.0224,-0.0146,47.2357,22.4743,-69.8191,89.441,21.5533
2025-01-01 08:30:20,-0.791,-0.4113,-1.1376,2.1519,27.5484,41.1108,84.7226,-0.0052,-0.0224,-0.0146,47.1838,22.4743,-69.8191,89.441,21.5533
2025-01-01 08:30:30,-0.6665,-0.4113,-1.1376,2.1519,27.5484,41.1108,84.7226,-0.0052,-0.0224,-0.0146,47.1838,22.4743,-69.8191,89.441,21.5533
2025-01-01 08:30:40,-0.6665,-0.4113,-1.1376,2.1519,27.5484,41.1108,84.7226,-0.0052,-0.0224,-0.0146,47.1838,22.3547,-69.8191,89.441,21.5533
2025-01-01 08:30:50,-0.6665,-0.4113,-1.1376,2.1788,27.5484,41.1108,84.7226,-0.0052,-0.0224,-0.0146,47.1838,22.3547,-69.8191,89.441,21.5533
2025-01-01 08:31:00,-1.0136,-0.4113,-1.1376,2.1788,27.5484,41.1108,84.7226,-0.0052,-0.0224,-0.0146,47.1838,22.3547,-69.8191,89.441,21.5533
2025-01-01 08:31:10,-1.0136,-0.4113,-1.1376,2.1788,27.5484,41.1108,84.7226,-0.0052,-0.0224,-0.0146,50.8199,22.3547,-69.8191,89.441,21.5533
2025-01-01 08:31:20,-1.0136,-0.4113,-1.1376,2.1788,27.5484,41.1108,84.7226,-0.0052,-0.0224,-0.0146,50.8199,22.3547,-70.6652,89.441,21.5533
2025-01-01 08:31:30,-1.0136,-0.4113,-1.1376,2.1788,27.5484,41.1108,79.2861,-0.0052,-0.0224,-0.0146,50.8199,22.3547,-70.6652,89.441,21.5533
2025-01-01 08:31:40,-1.0136,-0.4113,-1.1376,2.1788,27.5484,41.1108,79.2861,-0.0052,-0.0134,-0.0146,50.8199,22.3547,-70.6652,89.441,21.5533
2025-01-01 08:31:50,-1.0136,-0.4113,-1.1376,2.1788,27.5484,41.4125,79.2861,-0.0052,-0.0134,-0.0146,50.8199,22.3547,-70.6652,89.441,21.5533
2025-01-01 08:32:00,-0.7648,-0.4113,-1.1376,2.1788,27.5484,41.4125,79.2861,-0.0052,-0.0134,-0.0146,50.8199,22.3547,-70.6652,89.441,21.5533
2025-01-01 08:32:10,-0.7648,-0.6736,-1.1376,2.1788,27.5484,41.4125,79.2861,-0.0052,-0.0134,-0.0146,50.8199,22.3547,-70.6652,89.441,21.5533
2025-01-01 08:32:20,-0.7648,-0.6736,-1.1376,2.1788,27.5484,41.4125,79.2861,-0.0204,-0.0134,-0.0146,50.8199,22.3547,-70.6652,89.441,21.5533
2025-01-01 08:32:30,-0.7648,-0.6736,-1.1376,2.2575,27.5484,41.4125,79.2861,-0.0204,-0.0134,-0.0146,50.8199,22.3547,-70.6652,89.441,21.5533
2025-01-01 08:32:40,-0.7648,-0.6736,-1.1376,2.2575,27.5484,41.4125,79.2861,-0.0204,-0.0134,-0.0146,50.8199,23.7024,-70.6652,89.441,21.5533
2025-01-01 08:32:50,-0.7648,-0.6736,-1.1376,2.2575,27.5484,41.4125,79.2861,-0.0204,-0.0193,-0.0146,50.8199,23.7024,-70.6652,89.441,21.5533
2025-01-01 08:33:00,-0.7648,-0.6736,-1.1376,2.2575,27.5484,41.4125,79.2861,-0.0166,-0.0193,-0.0146,50.8199,23.7024,-70.6652,89.441,21.5533
2025-01-01 08:33:10,-0.7648,-0.6736,-1.1046,2.2575,27.5484,41.4125,79.2861,-0.0166,-0.0193,-0.0146,50.8199,23.7024,-70.6652,89.441,21.5533
2025-01-01 08:33:20,-0.7648,-0.6736,-1.1046,2.2575,27.5484,41.4125,79.2861,-0.0166,-0.0193,-0.0146,50.8199,23.5367,-70.6652,89.441,21.5533
2025-01-01 08:33:30,-0.7648,-0.6736,-1.1046,2.0894,27.5484,41.4125,79.2861,-0.0166,-0.0193,-0.0146,50.8199,23.5367,-70.6652,89.441,21.5533
2025-01-01 08:33:40,-0.7648,-0.6736,-1.1046,2.0894,27.5484,41.4125,79.2861,-0.0166,-0.0193,-0.0286,50.8199,23.5367,-70.6652,89.441,21.5533
2025-01-01 08:33:50,-0.7648,-0.6736,-1.1046,2.0894,27.5484,41.4125,79.2861,-0.0166,-0.0193,-0.0286,50.8199,23.5367,-66.953,89.441,21.5533
2025-01-01 08:34:00,-0.7648,-0.6736,-1.1046,2.0894,27.5484,41.4125,79.2861,-0.0123,-0.0193,-0.0286,50.8199,23.5367,-66.953,89.441,21.5533
2025-01-01 08:34:10,-0.7648,-0.6736,-1.1046,2.0894,27.5484,41.4125,79.2861,-0.0123,-0.0193,-0.0286,50.5117,23.5367,-66.953,89.441,21.5533
2025-01-01 08:34:20,-0.7648,-0.6736,-1.1046,2.0894,27.5484,40.9751,79.2861,-0.0123,-0.0193,-0.0286,50.5117,23.5367,-66.953,89.441,21.5533
2025-01-01 08:34:30,-0.7648,-0.6736,-1.5824,2.0894,27.5484,40.9751,79.2861,-0.0123,-0.0193,-0.0286,50.5117,23.5367,-66.953,89.441,21.5533
2025-01-01 08:34:40,-0.7648,-0.6736,-1.5824,2.0894,27.5484,40.9751,79.2861,-0.0123,-0.0193,-0.0286,49.3396,23.5367,-66.953,89.441,21.5533
2025-01-01 08:34:50,-0.7648,-0.6736,-1.5824,2.0894,27.5484,40.9751,79.2861,-0.0123,-0.0199,-0.0286,49.3396,23.5367,-66.953,89.441,21.5533
2025-01-01 08:35:00,-0.7648,-0.6736,-1.5824,2.0894,27.5484,40.9751,79.2861,-0.0162,-0.0199,-0.0286,49.3396,23.5367,-66.953,89.441,21.5533
2025-01-01 08:35:10,-0.7648,-0.6736,-1.5824,2.0894,27.5484,40.9751,79.2861,-0.0162,-0.0199,-0.0286,49.3396,23.602,-66.953,89.441,21.5533
2025-01-01 08:35:20,-0.7648,-0.6736,-0.3099,2.0894,27.5484,40.9751,79.2861,-0.0162,-0.0199,-0.0286,49.3396,23.602,-66.953,89.441,21.5533
2025-01-01 08:35:30,-0.7648,-0.6736,-0.3099,2.0894,27.5484,40.9751,79.2861,-0.0162,-0.0199,-0.0286,50.3166,23.602,-66.953,89.441,21.5533
2025-01-01 08:35:40,-0.7648,-0.6736,-0.3099,2.0894,27.5484,40.9751,79.2861,-0.0162,-0.024,-0.0286,50.3166,23.602,-66.953,89.441,21.5533
2025-01-01 08:35:50,-0.7648,-0.6736,-0.3099,2.0894,27.5484,42.8223,79.2861,-0.0162,-0.024,-0.0286,50.3166,23.602,-66.953,89.441,21.5533
2025-01-01 08:36:00,-0.7648,-0.6736,-0.3099,2.0894,27.5484,42.8223,78.4748,-0.0162,-0.024,-0.0286,50.3166,23.602,-66.953,89.441,21.5533
2025-01-01 08:36:10,-0.7648,-0.6736,-0.3099,2.0894,27.5484,40.6268,78.4748,-0.0162,-0.024,-0.0286,50.3166,23.602,-66.953,89.441,21.5533
2025-01-01 08:36:20,-0.7648,-0.6736,-0.3099,2.0894,27.5484,40.6268,78.4748,-0.0162,-0.024,-0.0286,50.3166,23.602,-68.9753,89.441,21.5533
2025-01-01 08:36:30,-0.7648,-0.6736,-0.3099,2.0894,27.5484,40.6268,78.4748,-0.0162,-0.024,-0.0286,50.3166,23.5466,-68.9753,89.441,21.5533
2025-01-01 08:36:40,-0.7648,-0.6736,-0.3099,2.0894,27.5484,40.6268,78.4748,-0.0162,-0.0147,-0.0286,50.3166,23.5466,-68.9753,89.441,21.5533
2025-01-01 08:36:50,-0.7648,-0.6736,-0.3099,2.0894,27.7645,40.6268,78.4748,-0.0162,-0.0147,-0.0286,50.3166,23.5466,-68.9753,89.441,21.5533
2025-01-01 08:37:00,-0.7648,-0.6736,-0.3099,2.0894,27.7645,40.6268,78.4748,-0.0162,-0.0147,-0.0286,50.3166,23.4602,-68.9753,89.441,21.5533
2025-01-01 08:37:10,-0.7648,-0.6736,-0.3099,2.0894,27.7645,40.6268,78.4748,-0.0162,-0.0147,-0.0215,50.3166,23.4602,-68.9753,89.441,21.5533
2025-01-01 08:37:20,-0.7648,-0.6736,-0.3099,2.0894,27.6434,40.6268,78.4748,-0.0162,-0.0147,-0.0215,50.3166,23.4602,-68.9753,89.441,21.5533
2025-01-01 08:37:30,-0.7648,-0.6736,-0.3099,2.0894,27.6434,40.6268,78.4748,-0.0162,-0.0147,-0.0215,50.3166,23.4602,-68.9753,94.8026,21.5533
2025-01-01 08:37:40,-0.7648,-0.6736,-0.3099,2.0894,27.6434,40.6268,78.4748,-0.0162,-0.0147,-0.0215,50.3166,23.8158,-68.9753,94.8026,21.5533
2025-01-01 08:37:50,-0.7648,-0.6736,-0.3099,2.0894,27.6434,40.6268,78.4748,-0.0162,-0.0147,-0.0215,50.3166,23.8158,-68.9753,94.8026,21.0445
2025-01-01 08:38:00,-0.7648,-0.6736,-0.3099,2.0894,27.6434,40.6268,78.4748,-0.0162,-0.0147,-0.0215,48.8087,23.8158,-68.9753,94.8026,21.0445
2025-01-01 08:38:10,-0.7648,-0.6736,-0.3099,2.1475,27.6434,40.6268,78.4748,-0.0162,-0.0147,-0.0215,48.8087,23.8158,-68.9753,94.8026,21.0445
2025-01-01 08:38:20,-0.7648,-0.6736,-0.3099,2.2308,27.6434,40.6268,78.4748,-0.0162,-0.0147,-0.0215,48.8087,23.8158,-68.9753,94.8026,21.0445
2025-01-01 08:38:30,-0.7648,-0.6736,-1.7645,2.2308,27.6434,40.6268,78.4748,-0.0162,-0.0147,-0.0215,48.8087,23.8158,-68.9753,94.8026,21.0445
2025-01-01 08:38:40,-0.7648,-0.6736,-1.7645,2.1785,27.6434,40.6268,78.4748,-0.0162,-0.0147,-0.0215,48.8087,23.8158,-68.9753,94.8026,21.0445
2025-01-01 08:38:50,-0.7648,-0.6736,-1.7645,2.1785,27.4569,40.6268,78.4748,-0.0162,-0.0147,-0.0215,48.8087,23.8158,-68.9753,94.8026,21.0445
2025-01-01 08:39:00,-0.7648,-0.6736,-1.7645,2.1785,27.4569,40.6268,78.4748,-0.0162,-0.0147,-0.0215,48.8087,23.2228,-68.9753,94.8026,21.0445
2025-01-01 08:39:10,-0.7648,-0.6736,-1.6304,2.1785,27.4569,40.6268,78.4748,-0.0162,-0.0147,-0.0215,48.8087,23.2228,-68.9753,94.8026,21.0445
2025-01-01 08:39:20,-0.7648,-0.6736,-1.6304,2.1785,27.4569,40.6268,78.4748,-0.0106,-0.0147,-0.0215,48.8087,23.2228,-68.9753,94.8026,21.0445
2025-01-01 08:39:30,-0.7648,-0.6736,-1.6304,2.1785,27.4569,40.6268,78.4748,-0.0106,-0.0147,-0.0215,48.1212,23.2228,-68.9753,94.8026,21.0445
2025-01-01 08:39:40,-0.7648,-0.6736,-2.2478,2.1785,27.4569,40.6268,78.4748,-0.0106,-0.0147,-0.0215,48.1212,23.2228,-68.9753,94.8026,21.0445
2025-01-01 08:39:50,-0.7648,-0.5176,-2.2478,2.1785,27.4569,40.6268,78.4748,-0.0106,-0.0147,-0.0215,48.1212,23.2228,-68.9753,94.8026,21.0445
2025-01-01 08:40:00,-0.7648,-0.5176,-2.2478,2.1785,27.4569,40.6268,78.4748,-0.0158,-0.0147,-0.0215,48.1212,23.2228,-68.9753,94.8026,21.0445
2025-01-01 08:40:10,-0.7648,-0.5176,-2.2478,2.1785,27.5638,40.6268,78.4748,-0.0158,-0.0147,-0.0215,48.1212,23.2228,-68.9753,94.8026,21.0445
2025-01-01 08:40:20,-0.7648,-0.5176,-2.2478,2.1785,27.5638,40.6268,78.4748,-0.0155,-0.0147,-0.0215,48.1212,23.2228,-68.9753,94.8026,21.0445
2025-01-01 08:40:30,-0.7648,-0.5176,-2.2478,2.1785,27.5638,40.6268,78.4748,-0.0155,-0.0147,-0.0215,48.635,23.2228,-68.9753,94.8026,21.0445
2025-01-01 08:40:40,-0.7648,-0.7071,-2.2478,2.1785,27.5638,40.6268,78.4748,-0.0155,-0.0147,-0.0215,48.635,23.2228,-68.9753,94.8026,21.0445
2025-01-01 08:40:50,-0.7648,-0.7071,-2.2478,2.1835,27.5638,40.6268,78.4748,-0.0155,-0.0147,-0.0215,48.635,23.2228,-68.9753,94.8026,21.0445
2025-01-01 08:41:00,-0.7648,-0.7071,-2.2478,2.1835,27.5638,40.6268,78.4748,-0.0155,-0.0177,-0.0215,48.635,23.2228,-68.9753,94.8026,21.0445
2025-01-01 08:41:10,-0.7648,-0.7071,-2.2478,2.1835,27.5638,40.6268,90.9224,-0.0155,-0.0177,-0.0215,48.635,23.2228,-68.9753,94.8026,21.0445
2025-01-01 08:41:20,-0.7648,-0.7071,-2.2478,2.1835,27.5638,40.6268,90.9224,-0.0155,-0.0177,-0.0215,48.635,23.2228,-71.4251,94.8026,21.0445
2025-01-01 08:41:30,-0.7648,-0.7071,-2.2478,2.1835,27.5638,40.6268,90.9224,-0.0155,-0.0177,-0.0279,48.635,23.2228,-71.4251,94.8026,21.0445
2025-01-01 08:41:40,-0.7648,-0.7071,-2.2478,2.1835,27.5638,40.6268,90.9224,-0.0155,-0.015,-0.0279,48.635,23.2228,-71.4251,94.8026,21.0445
2025-01-01 08:41:50,-0.7648,-0.7071,-2.2478,2.1835,27.5638,42.1181,90.9224,-0.0155,-0.015,-0.0279,48.635,23.2228,-71.4251,94.8026,21.0445
2025-01-01 08:42:00,-0.7648,-0.7558,-2.2478,2.1835,27.5638,42.1181,90.9224,-0.0155,-0.015,-0.0279,48.635,23.2228,-71.4251,94.8026,21.0445
2025-01-01 08:42:10,-0.4784,-0.7558,-2.2478,2.1835,27.5638,42.1181,90.9224,-0.0155,-0.015,-0.0279,48.635,23.2228,-71.4251,94.8026,21.0445
2025-01-01 08:42:20,-0.4784,-0.7558,-2.2478,2.1835,27.5638,42.1181,90.9224,-0.0155,-0.015,-0.0279,48.3197,23.2228,-71.4251,94.8026,21.0445
2025-01-01 08:42:30,-0.4784,-0.7558,-1.7399,2.1835,27.5638,42.1181,90.9224,-0.0155,-0.015,-0.0279,48.3197,23.2228,-71.4251,94.8026,21.0445
2025-01-01 08:42:40,-0.4784,-0.7558,-2.4289,2.1835,27.5638,42.1181,90.9224,-0.0155,-0.015,-0.0279,48.3197,23.2228,-71.4251,94.8026,21.0445
2025-01-01 08:42:50,-0.4784,-0.7558,-2.4289,2.1835,27.5638,41.7466,90.9224,-0.0155,-0.015,-0.0279,48.3197,23.2228,-71.4251,94.8026,21.0445
2025-01-01 08:43:00,-0.4784,-0.7558,-2.4289,2.1835,27.5638,41.7466,90.9224,-0.0155,-0.015,-0.0279,51.3353,23.2228,-71.4251,94.8026,21.0445
2025-01-01 08:43:10,-0.4784,-0.7558,-2.4289,2.1835,27.5638,41.7466,90.9224,-0.0155,-0.0165,-0.0279,51.3353,23.2228,-71.4251,94.8026,21.0445
2025-01-01 08:43:20,-0.4784,-0.7558,-2.4289,2.1835,27.5638,41.7466,90.9224,-0.0155,-0.0165,-0.0279,51.3353,23.2228,-71.4251,94.8026,21.1163
2025-01-01 08:43:30,-0.4784,-0.7558,-2.4289,2.1835,27.5638,41.7466,90.9224,-0.0191,-0.0165,-0.0279,51.3353,23.2228,-71.4251,94.8026,21.1163
2025-01-01 08:43:40,-0.4784,-0.7558,-2.4289,2.1835,27.4609,41.7466,90.9224,-0.0191,-0.0165,-0.0279,51.3353,23.2228,-71.4251,94.8026,21.1163
2025-01-01 08:43:50,-0.4784,-0.7558,-2.4289,2.1835,27.4609,41.7466,90.9224,-0.0191,-0.0165,-0.0279,51.3353,23.2228,-69.9103,94.8026,21.1163
2025-01-01 08:44:00,-0.4784,-0.7363,-2.4289,2.1835,27.4609,41.7466,90.9224,-0.0191,-0.0165,-0.0279,51.3353,23.2228,-69.9103,94.8026,21.1163
2025-01-01 08:44:10,-0.4784,-0.7363,-2.4289,2.1835,27.6868,41.7466,90.9224,-0.0191,-0.0165,-0.0279,51.3353,23.2228,-69.9103,94.8026,21.1163
2025-01-01 08:44:20,-0.4784,-0.7363,-2.4289,2.1835,27.6868,41.7466,90.9224,-0.0191,-0.0165,-0.0279,51.3353,23.2228,-69.6852,94.8026,21.1163
2025-01-01 08:44:30,-0.4784,-0.7363,-2.4289,2.1835,27.6868,41.7466,90.9224,-0.0191,-0.0165,-0.0279,50.7388,23.2228,-69.6852,94.8026,21.1163
2025-01-01 08:44:40,-0.4784,-0.7363,-2.4289,2.1835,27.6868,41.7466,90.9224,-0.0166,-0.0165,-0.0279,50.7388,23.2228,-69.6852,94.8026,21.1163
2025-01-01 08:44:50,-0.5952,-0.7363,-2.4289,2.1835,27.6868,41.7466,90.9224,-0.0166,-0.0165,-0.0279,50.7388,23.2228,-69.6852,94.8026,21.1163
2025-01-01 08:45:00,-0.5952,-0.7363,-2.4289,2.1835,27.6868,41.7466,90.9224,-0.0166,-0.0165,-0.0279,50.7388,23.2228,-72.1119,94.8026,21.1163
2025-01-01 08:45:10,-0.5109,-0.7363,-2.4289,2.1835,27.6868,41.7466,90.9224,-0.0166,-0.0165,-0.0279,50.7388,23.2228,-72.1119,94.8026,21.1163
2025-01-01 08:45:20,-0.5109,-0.7363,-2.4289,2.1835,27.6868,41.7466,90.9224,-0.0217,-0.0165,-0.0279,50.7388,23.2228,-72.1119,94.8026,21.1163
2025-01-01 08:45:30,-0.5109,-0.7363,-1.7307,2.1835,27.6868,41.7466,90.9224,-0.0217,-0.0165,-0.0279,50.7388,23.2228,-72.1119,94.8026,21.1163
2025-01-01 08:45:40,-0.5109,-0.7363,-1.7307,2.1835,27.6868,40.0453,90.9224,-0.0217,-0.0165,-0.0279,50.7388,23.2228,-72.1119,94.8026,21.1163
2025-01-01 08:45:50,-0.5109,-0.7363,-1.7307,2.1835,27.6868,40.0453,90.9224,-0.0217,-0.0242,-0.0279,50.7388,23.2228,-72.1119,94.8026,21.1163
2025-01-01 08:46:00,-0.5109,-0.7363,-1.7307,2.1835,27.6868,40.0453,90.9224,-0.0217,-0.0242,-0.0279,51.1277,23.2228,-72.1119,94.8026,21.1163
2025-01-01 08:46:10,-0.5109,-0.7363,-2.1868,2.1835,27.6868,40.0453,90.9224,-0.0217,-0.0242,-0.0279,51.1277,23.2228,-72.1119,94.8026,21.1163
2025-01-01 08:46:20,-0.5109,-0.7363,-1.3058,2.1835,27.6868,40.0453,90.9224,-0.0217,-0.0242,-0.0279,51.1277,23.2228,-72.1119,94.8026,21.1163
2025-01-01 08:46:30,-0.5109,-0.7363,-1.3058,2.1835,27.6868,40.0453,90.9224,-0.0217,-0.0156,-0.0279,51.1277,23.2228,-72.1119,94.8026,21.1163
2025-01-01 08:46:40,-0.5109,-0.7363,-1.3058,2.1835,27.6868,40.0453,90.9224,-0.0152,-0.0156,-0.0279,51.1277,23.2228,-72.1119,94.8026,21.1163
2025-01-01 08:46:50,-0.5109,-0.7363,-1.3058,2.1835,27.6868,41.3042,90.9224,-0.0152,-0.0156,-0.0279,51.1277,23.2228,-72.1119,94.8026,21.1163
2025-01-01 08:47:00,-0.5109,-0.7363,-1.3058,2.1835,27.6256,41.3042,90.9224,-0.0152,-0.0156,-0.0279,51.1277,23.2228,-72.1119,94.8026,21.1163
2025-01-01 08:47:10,-0.5109,-0.7363,-1.3058,2.1835,27.6256,41.3042,90.9224,-0.0202,-0.0156,-0.0279,51.1277,23.2228,-72.1119,94.8026,21.1163
2025-01-01 08:47:20,-0.5109,-0.7363,-1.3058,2.1835,27.6256,41.9515,90.9224,-0.0202,-0.0156,-0.0279,51.1277,23.2228,-72.1119,94.8026,21.1163
2025-01-01 08:47:30,-0.5109,-0.6037,-1.3058,2.1835,27.6256,41.9515,90.9224,-0.0202,-0.0156,-0.0279,51.1277,23.2228,-72.1119,94.8026,21.1163
2025-01-01 08:47:40,-0.5109,-0.6037,-1.3058,2.1835,27.6256,41.9515,90.9224,-0.0202,-0.0211,-0.0279,51.1277,23.2228,-72.1119,94.8026,21.1163
2025-01-01 08:47:50,-0.5109,-0.6037,-1.3058,2.1835,27.6256,41.9515,90.9224,-0.0202,-0.0211,-0.0279,49.6245,23.2228,-72.1119,94.8026,21.1163
2025-01-01 08:48:00,-0.5109,-0.6037,-1.3058,2.1835,27.6944,41.9515,90.9224,-0.0202,-0.0211,-0.0279,49.6245,23.2228,-72.1119,94.8026,21.1163
2025-01-01 08:48:10,-0.5109,-0.6037,-1.3058,2.1835,27.6944,41.9515,90.9224,-0.0202,-0.0211,-0.0279,49.6245,23.2228,-72.1119,91.019,21.1163
2025-01-01 08:48:20,-0.5109,-0.6037,-1.3058,2.1835,27.6944,41.9515,90.9224,-0.0202,-0.0178,-0.0279,49.6245,23.2228,-72.1119,91.019,21.1163
2025-01-01 08:48:30,-0.5109,-0.6037,-1.3058,2.2185,27.6944,41.9515,90.9224,-0.0202,-0.0178,-0.0279,49.6245,23.2228,-72.1119,91.019,21.1163
2025-01-01 08:48:40,-0.5109,-0.6037,-1.3058,2.2185,27.6944,41.9515,90.9224,-0.0202,-0.0178,-0.0279,49.6245,23.2228,-70.645,91.019,21.1163
2025-01-01 08:48:50,-0.5109,-0.6037,-1.3058,2.2185,27.6944,42.5337,90.9224,-0.0202,-0.0178,-0.0279,49.6245,23.2228,-70.645,91.019,21.1163
2025-01-01 08:49:00,-0.5109,-0.6037,-1.3058,2.2185,27.6944,42.5337,90.9224,-0.0202,-0.0178,-0.0279,49.6245,23.2228,-70.8576,91.019,21.1163
2025-01-01 08:49:10,-0.5109,-0.6037,-1.3058,2.2185,27.6944,42.5337,90.9224,-0.0202,-0.0178,-0.0279,49.6245,23.2228,-70.8576,91.019,21.7509
2025-01-01 08:49:20,-0.5109,-0.6037,-1.3058,2.2185,27.6944,42.5337,90.9224,-0.0202,-0.0178,-0.0199,49.6245,23.2228,-70.8576,91.019,21.7509
2025-01-01 08:49:30,-0.5109,-0.6037,-1.3058,2.2185,27.6944,42.5337,90.9224,-0.0202,-0.0178,-0.0199,49.6245,23.2557,-70.8576,91.019,21.7509
2025-01-01 08:49:40,-0.5109,-0.6037,-1.3058,2.1188,27.6944,42.5337,90.9224,-0.0202,-0.0178,-0.0199,49.6245,23.2557,-70.8576,91.019,21.7509
2025-01-01 08:49:50,-0.5109,-0.6037,-1.3058,2.1188,27.6944,41.722,90.9224,-0.0202,-0.0178,-0.0199,49.6245,23.2557,-70.8576,91.019,21.7509
2025-01-01 08:50:00,-0.5109,-0.6037,-1.3058,2.1188,27.6944,41.722,90.9224,-0.0202,-0.0178,-0.0199,49.6245,23.2557,-70.8576,91.019,19.7792
2025-01-01 08:50:10,-0.5109,-0.6037,-1.3058,2.1188,27.6944,41.722,90.9224,-0.0202,-0.0178,-0.0199,49.6245,23.2557,-70.8576,96.0543,19.7792
2025-01-01 08:50:20,-0.5109,-0.6037,-1.3058,2.1188,27.6944,41.722,80.2129,-0.0202,-0.0178,-0.0199,49.6245,23.2557,-70.8576,96.0543,19.7792
2025-01-01 08:50:30,-0.5109,-0.6037,-1.3058,2.1188,27.5304,41.722,80.2129,-0.0202,-0.0178,-0.0199,49.6245,23.2557,-70.8576,96.0543,19.7792
2025-01-01 08:50:40,-0.5109,-0.6037,-1.3058,2.1188,27.5304,41.722,80.2129,-0.0247,-0.0178,-0.0199,49.6245,23.2557,-70.8576,96.0543,19.7792
2025-01-01 08:50:50,-0.5109,-0.6037,-1.3058,2.1188,27.5304,41.722,80.2129,-0.0163,-0.0178,-0.0199,49.6245,23.2557,-70.8576,96.0543,19.7792
2025-01-01 08:51:00,-0.5109,-0.6037,-1.3058,2.1188,27.5304,40.7164,80.2129,-0.0163,-0.0178,-0.0199,49.6245,23.2557,-70.8576,96.0543,19.7792
2025-01-01 08:51:10,-0.5451,-0.6037,-1.3058,2.1188,27.5304,40.7164,80.2129,-0.0163,-0.0178,-0.0199,49.6245,23.2557,-70.8576,96.0543,19.7792
2025-01-01 08:51:20,-0.5451,-0.6037,-1.3058,2.3169,27.5304,40.7164,80.2129,-0.0163,-0.0178,-0.0199,49.6245,23.2557,-70.8576,96.0543,19.7792
2025-01-01 08:51:30,-0.5451,-0.6037,-1.3058,2.3169,27.5304,40.7164,80.2129,-0.0163,-0.0178,-0.0199,49.6245,23.2557,-70.8576,96.0543,21.3035
2025-01-01 08:51:40,-0.5451,-0.6037,-1.3058,2.3169,27.5304,40.7164,80.2129,-0.0163,-0.0178,-0.0204,49.6245,23.2557,-70.8576,96.0543,21.3035
2025-01-01 08:51:50,-0.5451,-0.6037,-1.3058,2.3169,27.5304,40.7164,80.2129,-0.0163,-0.0178,-0.0204,49.6245,23.2557,-70.8576,96.0543,20.4726
2025-01-01 08:52:00,-0.5451,-0.6037,-1.3058,2.3169,27.5304,40.7164,80.2129,-0.0163,-0.0178,-0.0204,49.6245,22.976,-70.8576,96.0543,20.4726
2025-01-01 08:52:10,-0.5451,-0.6037,-1.3058,2.3169,27.5088,40.7164,80.2129,-0.0163,-0.0178,-0.0204,49.6245,22.976,-70.8576,96.0543,20.4726
2025-01-01 08:52:20,-0.5451,-0.6037,-1.3058,2.3169,27.5088,40.7164,80.2129,-0.0094,-0.0178,-0.0204,49.6245,22.976,-70.8576,96.0543,20.4726
2025-01-01 08:52:30,-0.5451,-0.6037,-2.089,2.3169,27.5088,40.7164,80.2129,-0.0094,-0.0178,-0.0204,49.6245,22.976,-70.8576,96.0543,20.4726
2025-01-01 08:52:40,-0.5451,-0.6037,-2.089,2.3169,27.5088,40.7164,80.2129,-0.0094,-0.0178,-0.0237,49.6245,22.976,-70.8576,96.0543,20.4726
2025-01-01 08:52:50,-0.5451,-0.6037,-2.089,2.3169,27.5088,40.7164,80.2129,-0.0094,-0.0178,-0.0237,49.6245,22.976,-71.8628,96.0543,20.4726
2025-01-01 08:53:00,-0.5451,-0.6037,-2.089,2.3169,27.5088,40.7164,80.2129,-0.0203,-0.0178,-0.0237,49.6245,22.976,-71.8628,96.0543,20.4726
2025-01-01 08:53:10,-0.5451,-0.6037,-2.089,2.3169,27.5088,40.7164,80.2129,-0.0203,-0.0178,-0.0237,51.1963,22.976,-71.8628,96.0543,20.4726
2025-01-01 08:53:20,-0.5451,-0.6037,-2.089,2.3169,27.5088,40.7164,80.2129,-0.0203,-0.0178,-0.0237,51.1963,22.976,-71.8628,96.0543,20.4726
2025-01-01 08:53:30,-0.5451,-0.6037,-1.8473,2.3169,27.5088,40.7164,80.2129,-0.0203,-0.0178,-0.0237,51.1963,22.976,-71.8628,96.0543,20.4726
2025-01-01 08:53:40,-0.5451,-0.6037,-1.8473,2.3169,27.5088,40.7164,80.2129,-0.0203,-0.0178,-0.0237,51.1963,22.976,-70.5926,96.0543,20.4726
2025-01-01 08:53:50,-0.7959,-0.6037,-1.8473,2.3169,27.5088,40.7164,80.2129,-0.0203,-0.0178,-0.0237,51.1963,22.976,-70.5926,96.0543,20.4726
2025-01-01 08:54:00,-0.7959,-0.6037,-1.8473,2.3169,27.6031,40.7164,80.2129,-0.0203,-0.0178,-0.0237,51.1963,22.976,-70.5926,96.0543,20.4726
2025-01-01 08:54:10,-0.786,-0.6037,-1.8473,2.3169,27.6031,40.7164,80.2129,-0.0203,-0.0178,-0.0237,51.1963,22.976,-70.5926,96.0543,20.4726
2025-01-01 08:54:20,-0.786,-0.6037,-1.8473,2.3169,27.6031,40.7164,81.7819,-0.0203,-0.0178,-0.0237,51.1963,22.976,-70.5926,96.0543,20.4726
2025-01-01 08:54:30,-0.786,-0.6037,-1.8473,2.3169,27.6031,40.7164,84.2016,-0.0203,-0.0178,-0.0237,51.1963,22.976,-70.5926,96.0543,20.4726
2025-01-01 08:54:40,-0.6023,-0.6037,-1.8473,2.3169,27.6031,40.7164,84.2016,-0.0203,-0.0178,-0.0237,51.1963,22.976,-70.5926,96.0543,20.4726
2025-01-01 08:54:50,-0.6023,-0.6037,-1.8473,2.3169,27.6031,40.7164,84.2016,-0.0203,-0.0178,-0.0237,47.7182,22.976,-70.5926,96.0543,20.4726
2025-01-01 08:55:00,-0.6023,-0.6037,-1.8473,2.3169,27.6031,40.7164,84.2016,-0.0203,-0.0178,-0.0237,47.7182,23.7788,-70.5926,96.0543,20.4726
2025-01-01 08:55:10,-1.0645,-0.6037,-1.8473,2.3169,27.6031,40.7164,84.2016,-0.0203,-0.0178,-0.0237,47.7182,23.7788,-70.5926,96.0543,20.4726
2025-01-01 08:55:20,-1.0645,-0.6037,-1.8473,2.3169,27.5562,40.7164,84.2016,-0.0203,-0.0178,-0.0237,47.7182,23.7788,-70.5926,96.0543,20.4726
2025-01-01 08:55:30,-1.0645,-0.6037,-1.8473,2.3169,27.5562,40.7164,83.7564,-0.0203,-0.0178,-0.0237,47.7182,23.7788,-70.5926,96.0543,20.4726
2025-01-01 08:55:40,-1.0645,-0.6037,-1.8473,2.3169,27.5562,40.7164,83.7564,-0.0203,-0.0178,-0.0237,47.7182,23.7788,-70.5926,95.4418,20.4726
2025-01-01 08:55:50,-1.0645,-0.6037,-1.8473,2.3169,27.5562,40.7164,83.7564,-0.0203,-0.0276,-0.0237,47.7182,23.7788,-70.5926,95.4418,20.4726
2025-01-01 08:56:00,-1.0645,-0.6037,-1.8473,2.3169,27.5562,40.7164,83.7564,-0.0203,-0.0276,-0.0237,50.3544,23.7788,-70.5926,95.4418,20.4726
2025-01-01 08:56:10,-1.0645,-0.6037,-1.8473,2.3169,27.5562,41.2382,83.7564,-0.0203,-0.0276,-0.0237,50.3544,23.7788,-70.5926,95.4418,20.4726
2025-01-01 08:56:20,-1.0645,-0.6037,-2.0383,2.3169,27.5562,41.2382,83.7564,-0.0203,-0.0276,-0.0237,50.3544,23.7788,-70.5926,95.4418,20.4726
2025-01-01 08:56:30,-1.0645,-0.6037,-2.0383,2.3169,27.5323,41.2382,83.7564,-0.0203,-0.0276,-0.0237,50.3544,23.7788,-70.5926,95.4418,20.4726
2025-01-01 08:56:40,-1.0645,-0.6037,-2.0383,2.3169,27.5323,41.2382,83.7564,-0.0203,-0.0276,-0.0237,50.3544,23.7788,-70.5926,95.4418,20.929
2025-01-01 08:56:50,-1.0645,-0.6037,-2.0383,2.0932,27.5323,41.2382,83.7564,-0.0203,-0.0276,-0.0237,50.3544,23.7788,-70.5926,95.4418,20.929
2025-01-01 08:57:00,-1.0645,-0.6037,-2.0383,2.0932,27.5323,41.2382,83.7564,-0.0203,-0.0276,-0.0237,50.3544,23.7788,-70.5926,95.4418,20.7768
2025-01-01 08:57:10,-1.0645,-0.6037,-2.0383,2.0932,27.5877,41.2382,83.7564,-0.0203,-0.0276,-0.0237,50.3544,23.7788,-70.5926,95.4418,20.7768
2025-01-01 08:57:20,-1.0645,-0.6037,-2.0383,2.0932,27.5877,41.2382,72.8504,-0.0203,-0.0276,-0.0237,50.3544,23.7788,-70.5926,95.4418,20.7768
2025-01-01 08:57:30,-1.0645,-0.6037,-2.0383,2.0932,27.5877,41.2382,72.8504,-0.0203,-0.0276,-0.0237,49.2424,23.7788,-70.5926,95.4418,20.7768
2025-01-01 08:57:40,-1.0645,-0.6037,-2.0383,2.0932,27.5877,41.2382,72.8504,-0.0203,-0.0276,-0.0237,49.2424,23.7788,-70.5926,90.7792,20.7768
2025-01-01 08:57:50,-0.954,-0.6037,-2.0383,2.0932,27.5877,41.2382,72.8504,-0.0203,-0.0276,-0.0237,49.2424,23.7788,-70.5926,90.7792,20.7768
2025-01-01 08:58:00,-0.954,-0.6037,-2.7113,2.0932,27.5877,41.2382,72.8504,-0.0203,-0.0276,-0.0237,49.2424,23.7788,-70.5926,90.7792,20.7768
2025-01-01 08:58:10,-0.954,-0.6037,-2.7113,2.0932,27.5877,39.2224,72.8504,-0.0203,-0.0276,-0.0237,49.2424,23.7788,-70.5926,90.7792,20.7768
2025-01-01 08:58:20,-0.687,-0.6037,-2.7113,2.0932,27.5877,39.2224,72.8504,-0.0203,-0.0276,-0.0237,49.2424,23.7788,-70.5926,90.7792,20.7768
2025-01-01 08:58:30,-0.687,-0.6037,-2.7113,2.0932,27.5877,39.2224,72.8504,-0.0203,-0.0276,-0.0237,49.2424,23.7788,-70.5926,92.6032,20.7768
2025-01-01 08:58:40,-0.687,-0.6037,-2.7113,2.0932,27.5877,39.2224,72.8504,-0.0203,-0.0276,-0.0179,49.2424,23.7788,-70.5926,92.6032,20.7768
2025-01-01 08:58:50,-0.687,-0.6037,-2.7113,2.0932,27.5877,39.2224,72.8504,-0.0203,-0.0276,-0.0179,49.2424,22.5532,-70.5926,92.6032,20.7768
2025-01-01 08:59:00,-0.687,-0.6037,-2.7113,2.0932,27.5877,39.2224,72.8504,-0.0203,-0.0276,-0.0179,49.2424,22.5532,-70.5926,92.6032,20.6656
2025-01-01 08:59:10,-0.687,-0.6037,-2.7113,2.0932,27.5877,39.2224,72.8504,-0.0203,-0.0276,-0.0179,50.163,22.5532,-70.5926,92.6032,20.6656
2025-01-01 08:59:20,-0.687,-0.6037,-2.7113,2.0932,27.5877,39.2224,76.3736,-0.0203,-0.0276,-0.0179,50.163,22.5532,-70.5926,92.6032,20.6656
2025-01-01 08:59:30,-0.687,-0.6037,-2.0124,2.0932,27.5877,39.2224,76.3736,-0.0203,-0.0276,-0.0179,50.163,22.5532,-70.5926,92.6032,20.6656
2025-01-01 08:59:40,-0.687,-0.892,-2.0124,2.0932,27.5877,39.2224,76.3736,-0.0203,-0.0276,-0.0179,50.163,22.5532,-70.5926,92.6032,20.6656
2025-01-01 08:59:50,-0.687,-0.892,-2.0124,2.0932,27.5877,39.2224,76.3736,-0.0254,-0.0276,-0.0179,50.163,22.5532,-70.5926,92.6032,20.6656
2025-01-01 09:00:00,-0.687,-0.892,-2.0124,2.0932,27.5877,39.2224,78.9759,-0.0254,-0.0276,-0.0179,50.163,22.5532,-70.5926,92.6032,20.6656
2025-01-01 09:00:10,-0.687,-0.892,-2.0124,2.0932,27.5877,39.2224,78.9759,-0.0254,-0.0276,-0.0231,50.163,22.5532,-70.5926,92.6032,20.6656
2025-01-01 09:00:20,-0.687,-0.892,-2.0124,2.0932,27.5877,39.2224,78.9759,-0.0254,-0.0276,-0.0231,50.163,22.5532,-70.5926,91.9531,20.6656
2025-01-01 09:00:30,-0.687,-0.892,-2.0124,2.0932,27.5877,39.2224,80.6951,-0.0254,-0.0276,-0.0231,50.163,22.5532,-70.5926,91.9531,20.6656
2025-01-01 09:00:40,-0.687,-0.5296,-2.0124,2.0932,27.5877,39.2224,80.6951,-0.0254,-0.0276,-0.0231,50.163,22.5532,-70.5926,91.9531,20.6656
2025-01-01 09:00:50,-0.687,-0.5296,-2.1708,2.0932,27.5877,39.2224,80.6951,-0.0254,-0.0276,-0.0231,50.163,22.5532,-70.5926,91.9531,20.6656
2025-01-01 09:01:00,-0.687,-0.5296,-2.1708,2.0932,27.5754,39.2224,80.6951,-0.0254,-0.0276,-0.0231,50.163,22.5532,-70.5926,91.9531,20.6656
2025-01-01 09:01:10,-0.687,-0.5296,-2.1708,2.1904,27.5754,39.2224,80.6951,-0.0254,-0.0276,-0.0231,50.163,22.5532,-70.5926,91.9531,20.6656
2025-01-01 09:01:20,-0.687,-0.5296,-2.1708,2.1904,27.5754,39.2224,80.6951,-0.0254,-0.0276,-0.0231,50.163,22.5532,-72.8023,91.9531,20.6656
2025-01-01 09:01:30,-0.687,-0.5296,-2.1708,2.1904,27.5754,39.2224,80.6951,-0.011,-0.0276,-0.0231,50.163,22.5532,-72.8023,91.9531,20.6656
2025-01-01 09:01:40,-0.687,-0.5296,-2.1708,2.1904,27.5754,40.6098,80.6951,-0.011,-0.0276,-0.0231,50.163,22.5532,-72.8023,91.9531,20.6656
2025-01-01 09:01:50,-0.687,-0.5296,-2.1708,2.144,27.5754,40.6098,80.6951,-0.011,-0.0276,-0.0231,50.163,22.5532,-72.8023,91.9531,20.6656
2025-01-01 09:02:00,-0.687,-0.5296,-2.1708,2.144,27.5754,40.6098,80.6951,-0.011,-0.0276,-0.0231,50.163,22.5532,-72.3923,91.9531,20.6656
2025-01-01 09:02:10,-0.687,-0.5815,-2.1708,2.144,27.5754,40.6098,80.6951,-0.011,-0.0276,-0.0231,50.163,22.5532,-72.3923,91.9531,20.6656
2025-01-01 09:02:20,-0.687,-0.5815,-2.1708,2.2382,27.5754,40.6098,80.6951,-0.011,-0.0276,-0.0231,50.163,22.5532,-72.3923,91.9531,20.6656
2025-01-01 09:02:30,-0.687,-0.9152,-2.1708,2.2382,27.5754,40.6098,80.6951,-0.011,-0.0276,-0.0231,50.163,22.5532,-72.3923,91.9531,20.6656
2025-01-01 09:02:40,-0.687,-0.9152,-2.1708,2.2382,27.5754,40.6098,80.6951,-0.011,-0.0276,-0.0231,50.163,22.5532,-72.3923,89.5233,20.6656
2025-01-01 09:02:50,-0.687,-0.9152,-2.1708,2.3203,27.5754,40.6098,80.6951,-0.011,-0.0276,-0.0231,50.163,22.5532,-72.3923,89.5233,20.6656
2025-01-01 09:03:00,-0.687,-0.9152,-1.6208,2.3203,27.5754,40.6098,80.6951,-0.011,-0.0276,-0.0231,50.163,22.5532,-72.3923,89.5233,20.6656
2025-01-01 09:03:10,-0.687,-0.9152,-1.6208,2.3203,27.6769,40.6098,80.6951,-0.011,-0.0276,-0.0231,50.163,22.5532,-72.3923,89.5233,20.6656
2025-01-01 09:03:20,-0.687,-0.9152,-1.6208,2.3203,27.6769,40.6098,80.6951,-0.011,-0.0276,-0.0231,50.163,22.5532,-72.3923,91.1105,20.6656
2025-01-01 09:03:30,-0.687,-0.9152,-1.6208,2.3203,27.6769,40.6098,80.6951,-0.011,-0.0276,-0.0175,50.163,22.5532,-72.3923,91.1105,20.6656
2025-01-01 09:03:40,-0.687,-0.9152,-1.6208,2.3203,27.6769,40.6098,80.6951,-0.011,-0.0276,-0.0272,50.163,22.5532,-72.3923,91.1105,20.6656
2025-01-01 09:03:50,-0.687,-0.9152,-1.6208,2.3203,27.6769,40.6098,80.6951,-0.0184,-0.0276,-0.0272,50.163,22.5532,-72.3923,91.1105,20.6656
2025-01-01 09:04:00,-0.687,-0.9152,-1.5,2.3203,27.6769,40.6098,80.6951,-0.0184,-0.0276,-0.0272,50.163,22.5532,-72.3923,91.1105,20.6656
2025-01-01 09:04:10,-0.687,-0.9152,-1.8372,2.3203,27.6769,40.6098,80.6951,-0.0184,-0.0276,-0.0272,50.163,22.5532,-72.3923,91.1105,20.6656
2025-01-01 09:04:20,-0.687,-0.9152,-1.8372,2.3203,27.6769,40.6098,80.6951,-0.0175,-0.0276,-0.0272,50.163,22.5532,-72.3923,91.1105,20.6656
2025-01-01 09:04:30,-0.687,-0.9152,-1.8372,2.3203,27.5498,40.6098,80.6951,-0.0175,-0.0276,-0.0272,50.163,22.5532,-72.3923,91.1105,20.6656
2025-01-01 09:04:40,-0.687,-0.9152,-1.8372,2.3203,27.5498,40.6098,80.6951,-0.0175,-0.0276,-0.0272,50.163,22.5532,-72.1846,91.1105,20.6656
2025-01-01 09:04:50,-0.687,-0.9152,-1.8372,1.7972,27.5498,40.6098,80.6951,-0.0175,-0.0276,-0.0272,50.163,22.5532,-72.1846,91.1105,20.6656
2025-01-01 09:05:00,-0.687,-0.9152,-1.8372,1.7972,27.5498,40.6098,80.6951,-0.0279,-0.0276,-0.0272,50.163,22.5532,-72.1846,91.1105,20.6656
2025-01-01 09:05:10,-0.687,-0.9152,-1.8372,1.7972,27.5498,40.6098,80.6951,-0.0279,-0.0276,-0.014,50.163,22.5532,-72.1846,91.1105,20.6656
2025-01-01 09:05:20,-0.687,-0.9152,-1.8372,1.7972,27.3858,40.6098,80.6951,-0.0279,-0.0276,-0.014,50.163,22.5532,-72.1846,91.1105,20.6656
2025-01-01 09:05:30,-0.687,-0.9152,-1.8372,1.7972,27.3858,40.6098,80.6951,-0.0279,-0.0348,-0.014,50.163,22.5532,-72.1846,91.1105,20.6656
2025-01-01 09:05:40,-0.687,-0.9152,-1.8372,2.2617,27.3858,40.6098,80.6951,-0.0279,-0.0348,-0.014,50.163,22.5532,-72.1846,91.1105,20.6656
2025-01-01 09:05:50,-0.687,-0.9152,-1.8372,2.2617,27.3858,40.6098,80.6951,-0.0279,-0.0348,-0.014,50.163,22.5532,-71.7892,91.1105,20.6656
2025-01-01 09:06:00,-1.1063,-0.9152,-1.8372,2.2617,27.3858,40.6098,80.6951,-0.0279,-0.0348,-0.014,50.163,22.5532,-71.7892,91.1105,20.6656
2025-01-01 09:06:10,-1.1063,-0.9152,-1.8372,2.2617,27.3858,40.6098,80.6951,-0.0279,-0.0348,-0.0209,50.163,22.5532,-71.7892,91.1105,20.6656
2025-01-01 09:06:20,-1.1063,-0.9152,-1.8372,2.2617,27.3858,40.6098,80.6798,-0.0279,-0.0348,-0.0209,50.163,22.5532,-71.7892,91.1105,20.6656
2025-01-01 09:06:30,-1.1063,-0.9152,-1.8372,2.2617,27.3858,40.6098,80.6798,-0.0279,-0.0216,-0.0209,50.163,22.5532,-71.7892,91.1105,20.6656
2025-01-01 09:06:40,-1.1063,-0.9152,-1.8372,2.2617,27.3858,40.6098,80.6798,-0.0279,-0.0205,-0.0209,50.163,22.5532,-71.7892,91.1105,20.6656
2025-01-01 09:06:50,-1.1063,-0.9152,-1.8372,2.2617,27.3858,40.6098,80.6798,-0.0279,-0.0205,-0.0209,50.163,22.5532,-71.7892,92.9339,20.6656
2025-01-01 09:07:00,-1.1063,-0.9152,-1.8372,2.2617,27.3858,40.6098,73.8254,-0.0279,-0.0205,-0.0209,50.163,22.5532,-71.7892,92.9339,20.6656
2025-01-01 09:07:10,-1.1063,-0.9152,-1.8372,2.2617,27.3858,40.6098,73.8254,-0.0279,-0.0205,-0.0202,50.163,22.5532,-71.7892,92.9339,20.6656
2025-01-01 09:07:20,-1.1063,-0.7842,-1.8372,2.2617,27.3858,40.6098,73.8254,-0.0279,-0.0205,-0.0202,50.163,22.5532,-71.7892,92.9339,20.6656
2025-01-01 09:07:30,-0.9945,-0.7842,-1.8372,2.2617,27.3858,40.6098,73.8254,-0.0279,-0.0205,-0.0202,50.163,22.5532,-71.7892,92.9339,20.6656
2025-01-01 09:07:40,-0.9945,-0.7842,-2.4326,2.2617,27.3858,40.6098,73.8254,-0.0279,-0.0205,-0.0202,50.163,22.5532,-71.7892,92.9339,20.6656
2025-01-01 09:07:50,-0.9945,-0.7842,-2.4326,2.2617,27.3858,40.6098,73.8254,-0.0279,-0.0205,-0.0202,50.163,23.2551,-71.7892,92.9339,20.6656
2025-01-01 09:08:00,-0.9945,-0.7842,-2.4326,2.2617,27.3858,41.5377,73.8254,-0.0279,-0.0205,-0.0202,50.163,23.2551,-71.7892,92.9339,20.6656
2025-01-01 09:08:10,-0.9945,-0.7842,-2.4326,2.2617,27.3858,41.5377,73.8254,-0.0279,-0.0205,-0.0202,50.163,23.2551,-71.7892,91.3161,20.6656
2025-01-01 09:08:20,-0.9945,-0.7842,-1.8145,2.2617,27.3858,41.5377,73.8254,-0.0279,-0.0205,-0.0202,50.163,23.2551,-71.7892,91.3161,20.6656
2025-01-01 09:08:30,-0.9945,-0.7842,-1.8145,2.2617,27.3858,41.5377,73.8254,-0.0279,-0.0205,-0.0202,50.163,21.5934,-71.7892,91.3161,20.6656
2025-01-01 09:08:40,-0.9945,-0.7842,-1.7711,2.2617,27.3858,41.5377,73.8254,-0.0279,-0.0205,-0.0202,50.163,21.5934,-71.7892,91.3161,20.6656
2025-01-01 09:08:50,-0.9945,-0.7842,-1.7711,2.2617,27.3858,41.5377,73.8254,-0.0279,-0.0205,-0.0202,50.163,21.5934,-71.7892,88.3415,20.6656
2025-01-01 09:09:00,-0.9945,-0.7842,-1.7711,1.9541,27.3858,41.5377,73.8254,-0.0279,-0.0205,-0.0202,50.163,21.5934,-71.7892,88.3415,20.6656
2025-01-01 09:09:10,-0.9945,-0.7842,-1.7711,1.9541,27.3858,41.5377,82.6344,-0.0279,-0.0205,-0.0202,50.163,21.5934,-71.7892,88.3415,20.6656
2025-01-01 09:09:20,-0.9945,-0.7842,-1.7711,1.9541,27.3858,41.4846,82.6344,-0.0279,-0.0205,-0.0202,50.163,21.5934,-71.7892,88.3415,20.6656
2025-01-01 09:09:30,-0.9945,-0.7842,-1.7711,1.9541,27.3858,41.4846,82.6344,-0.0279,-0.0205,-0.0202,50.163,23.4472,-71.7892,88.3415,20.6656
2025-01-01 09:09:40,-0.9945,-0.7842,-1.7711,1.9541,27.3858,41.4846,82.6344,-0.0279,-0.0205,-0.0202,46.9165,23.4472,-71.7892,88.3415,20.6656
2025-01-01 09:09:50,-0.9945,-1.0014,-1.7711,1.9541,27.3858,41.4846,82.6344,-0.0279,-0.0205,-0.0202,46.9165,23.4472,-71.7892,88.3415,20.6656
2025-01-01 09:10:00,-0.9945,-1.0014,-1.7711,1.9541,27.3858,41.4846,82.6344,-0.0279,-0.0205,-0.0202,46.9165,23.4472,-71.7892,91.8605,20.6656
2025-01-01 09:10:10,-0.9945,-1.0014,-2.1074,1.9541,27.3858,41.4846,82.6344,-0.0279,-0.0205,-0.0202,46.9165,23.4472,-71.7892,91.8605,20.6656
2025-01-01 09:10:20,-0.9945,-1.0014,-2.1074,1.9541,27.3858,41.4846,80.8475,-0.0279,-0.0205,-0.0202,46.9165,23.4472,-71.7892,91.8605,20.6656
2025-01-01 09:10:30,-0.9945,-1.0014,-2.1074,1.9541,27.3858,41.4846,80.8475,-0.0279,-0.0205,-0.0202,46.9165,23.3925,-71.7892,91.8605,20.6656
2025-01-01 09:10:40,-0.9945,-1.0014,-2.1074,1.9541,27.3858,41.4846,80.8475,-0.0279,-0.0205,-0.0202,46.9165,23.3925,-71.7892,91.8605,20.4825
2025-01-01 09:10:50,-0.9945,-1.0014,-2.1074,1.9541,27.3858,41.4846,80.8475,-0.0279,-0.0205,-0.0202,46.9165,23.3925,-71.7892,90.9828,20.4825
2025-01-01 09:11:00,-0.9945,-1.0014,-2.1074,2.0485,27.3858,41.4846,80.8475,-0.0279,-0.0205,-0.0202,46.9165,23.3925,-71.7892,90.9828,20.4825
2025-01-01 09:11:10,-0.9945,-1.0014,-2.1074,2.0485,27.3858,41.4846,80.8475,-0.0279,-0.0205,-0.0202,50.2284,23.3925,-71.7892,90.9828,20.4825
2025-01-01 09:11:20,-0.9945,-1.0014,-2.1074,2.0485,27.3858,41.4846,80.8475,-0.0279,-0.0205,-0.0202,50.2284,23.3925,-71.7892,94.0535,20.4825
2025-01-01 09:11:30,-0.9945,-1.0014,-2.1074,2.0485,27.6539,41.4846,80.8475,-0.0279,-0.0205,-0.0202,50.2284,23.3925,-71.7892,94.0535,20.4825
2025-01-01 09:11:40,-0.9945,-1.0014,-2.1074,2.0485,27.6539,41.4846,80.8475,-0.0288,-0.0205,-0.0202,50.2284,23.3925,-71.7892,94.0535,20.4825
2025-01-01 09:11:50,-0.6598,-1.0014,-2.1074,2.0485,27.6539,41.4846,80.8475,-0.0288,-0.0205,-0.0202,50.2284,23.3925,-71.7892,94.0535,20.4825
2025-01-01 09:12:00,-0.6598,-1.0014,-2.1074,2.0485,27.6539,41.4846,80.8475,-0.0288,-0.018,-0.0202,50.2284,23.3925,-71.7892,94.0535,20.4825
2025-01-01 09:12:10,-0.6598,-1.0014,-2.1074,2.0485,27.6539,41.4846,80.8475,-0.0184,-0.018,-0.0202,50.2284,23.3925,-71.7892,94.0535,20.4825
2025-01-01 09:12:20,-0.6598,-1.0014,-2.1074,2.0485,27.6539,41.4846,80.8475,-0.0184,-0.018,-0.0202,50.2284,23.3925,-71.5868,94.0535,20.4825
2025-01-01 09:12:30,-0.6598,-1.0014,-2.1074,2.0485,27.6539,41.4846,80.8475,-0.0184,-0.018,-0.0202,50.2284,23.3925,-71.5868,94.0535,21.1584
2025-01-01 09:12:40,-0.6598,-1.0014,-2.1074,2.0485,27.6539,40.9632,80.8475,-0.0184,-0.018,-0.0202,50.2284,23.3925,-71.5868,94.0535,21.1584
2025-01-01 09:12:50,-0.6598,-1.0014,-2.1074,2.0485,27.6539,40.9632,80.8475,-0.0184,-0.018,-0.0202,50.2284,23.3925,-72.2851,94.0535,21.1584
2025-01-01 09:13:00,-0.6598,-1.0851,-2.1074,2.0485,27.6539,40.9632,80.8475,-0.0184,-0.018,-0.0202,50.2284,23.3925,-72.2851,94.0535,21.1584
2025-01-01 09:13:10,-0.6598,-1.0851,-2.1074,2.0485,27.6539,40.9632,80.8475,-0.0184,-0.018,-0.0246,50.2284,23.3925,-72.2851,94.0535,21.1584
2025-01-01 09:13:20,-0.6598,-1.0851,-2.1074,2.0485,27.6539,40.9632,80.8475,-0.0184,-0.018,-0.0246,50.2284,23.3925,-72.2851,94.0535,20.966
2025-01-01 09:13:30,-0.6598,-1.0851,-2.1074,2.0485,27.6539,40.9632,80.8475,-0.0184,-0.018,-0.0288,50.2284,23.3925,-72.2851,94.0535,20.966
2025-01-01 09:13:40,-0.6598,-1.0851,-2.1074,2.0485,27.6539,40.9632,79.8989,-0.0184,-0.018,-0.0288,50.2284,23.3925,-72.2851,94.0535,20.966
2025-01-01 09:13:50,-0.6598,-1.0851,-2.1074,1.9415,27.6539,40.9632,79.8989,-0.0184,-0.018,-0.0288,50.2284,23.3925,-72.2851,94.0535,20.966
2025-01-01 09:14:00,-0.6598,-0.8142,-2.1074,1.9415,27.6539,40.9632,79.8989,-0.0184,-0.018,-0.0288,50.2284,23.3925,-72.2851,94.0535,20.966
2025-01-01 09:14:10,-0.6598,-0.8142,-2.1074,1.9415,27.6539,40.9632,79.8989,-0.0184,-0.018,-0.0288,50.2284,23.3925,-72.2851,94.0535,20.8243
2025-01-01 09:14:20,-0.6598,-0.8142,-2.1074,1.9415,27.6539,40.9632,79.8989,-0.0184,-0.018,-0.0288,50.2284,21.9953,-72.2851,94.0535,20.8243
2025-01-01 09:14:30,-0.6598,-0.8583,-2.1074,1.9415,27.6539,40.9632,79.8989,-0.0184,-0.018,-0.0288,50.2284,21.9953,-72.2851,94.0535,20.8243
2025-01-01 09:14:40,-1.1987,-0.8583,-2.1074,1.9415,27.6539,40.9632,79.8989,-0.0184,-0.018,-0.0288,50.2284,21.9953,-72.2851,94.0535,20.8243
2025-01-01 09:14:50,-1.1987,-0.8583,-2.1074,1.9415,27.6539,41.7381,79.8989,-0.0184,-0.018,-0.0288,50.2284,21.9953,-72.2851,94.0535,20.8243
2025-01-01 09:15:00,-1.1987,-0.8583,-2.1074,1.9415,27.6539,41.7381,79.8989,-0.0184,-0.018,-0.0288,48.9453,21.9953,-72.2851,94.0535,20.8243
2025-01-01 09:15:10,-1.1987,-0.8583,-2.1074,1.9415,27.6539,41.7381,79.8989,-0.0184,-0.018,-0.0288,49.3172,21.9953,-72.2851,94.0535,20.8243
2025-01-01 09:15:20,-1.1987,-0.8583,-2.1074,1.9415,27.6539,41.7381,79.8989,-0.0184,-0.0257,-0.0288,49.3172,21.9953,-72.2851,94.0535,20.8243
2025-01-01 09:15:30,-0.7932,-0.8583,-2.1074,1.9415,27.6539,41.7381,79.8989,-0.0184,-0.0257,-0.0288,49.3172,21.9953,-72.2851,94.0535,20.8243
2025-01-01 09:15:40,-0.7932,-0.8583,-2.7606,1.9415,27.6539,41.7381,79.8989,-0.0184,-0.0257,-0.0288,49.3172,21.9953,-72.2851,94.0535,20.8243
2025-01-01 09:15:50,-0.7932,-0.8583,-2.7606,1.9415,27.5615,41.7381,79.8989,-0.0184,-0.0257,-0.0288,49.3172,21.9953,-72.2851,94.0535,20.8243
2025-01-01 09:16:00,-0.7932,-0.8583,-2.7606,1.9415,27.5796,41.7381,79.8989,-0.0184,-0.0257,-0.0288,49.3172,21.9953,-72.2851,94.0535,20.8243
2025-01-01 09:16:10,-0.7932,-0.8583,-2.7606,1.9415,27.5796,41.7381,79.8989,-0.0184,-0.0257,-0.0288,49.3172,21.9953,-72.2851,94.0535,20.7699
2025-01-01 09:16:20,-0.8225,-0.8583,-2.7606,1.9415,27.5796,41.7381,79.8989,-0.0184,-0.0257,-0.0288,49.3172,21.9953,-72.2851,94.0535,20.7699
2025-01-01 09:16:30,-0.8225,-0.8583,-2.7606,1.9415,27.5796,41.7381,74.883,-0.0184,-0.0257,-0.0288,49.3172,21.9953,-72.2851,94.0535,20.7699
2025-01-01 09:16:40,-0.8225,-0.8583,-2.7606,1.9415,27.5796,41.7381,74.883,-0.0296,-0.0257,-0.0288,49.3172,21.9953,-72.2851,94.0535,20.7699
2025-01-01 09:16:50,-0.7567,-0.8583,-2.7606,1.9415,27.5796,41.7381,74.883,-0.0296,-0.0257,-0.0288,49.3172,21.9953,-72.2851,94.0535,20.7699
2025-01-01 09:17:00,-0.7567,-0.8583,-2.7606,1.9415,27.5796,41.7381,74.883,-0.0296,-0.0257,-0.0288,49.3172,22.9662,-72.2851,94.0535,20.7699
2025-01-01 09:17:10,-0.7567,-0.8583,-2.7606,1.9415,27.5796,39.739,74.883,-0.0296,-0.0257,-0.0288,49.3172,22.9662,-72.2851,94.0535,20.7699
2025-01-01 09:17:20,-0.7567,-0.8583,-2.7606,1.9415,27.5796,39.739,74.883,-0.0296,-0.0257,-0.0288,49.3172,23.1521,-72.2851,94.0535,20.7699
2025-01-01 09:17:30,-0.7567,-0.8583,-2.7606,1.9415,27.48,39.739,74.883,-0.0296,-0.0257,-0.0288,49.3172,23.1521,-72.2851,94.0535,20.7699
2025-01-01 09:17:40,-0.7567,-0.4622,-2.7606,1.9415,27.48,39.739,74.883,-0.0296,-0.0257,-0.0288,49.3172,23.1521,-72.2851,94.0535,20.7699
2025-01-01 09:17:50,-0.7567,-0.4622,-2.7606,2.0882,27.48,39.739,74.883,-0.0296,-0.0257,-0.0288,49.3172,23.1521,-72.2851,94.0535,20.7699
2025-01-01 09:18:00,-0.7567,-0.4622,-2.7606,2.0882,27.48,41.7285,74.883,-0.0296,-0.0257,-0.0288,49.3172,23.1521,-72.2851,94.0535,20.7699
2025-01-01 09:18:10,-0.7567,-0.4622,-2.7606,2.0882,27.48,41.7285,74.883,-0.0296,-0.0257,-0.0232,49.3172,23.1521,-72.2851,94.0535,20.7699
2025-01-01 09:18:20,-0.7594,-0.4622,-2.7606,2.0882,27.48,41.7285,74.883,-0.0296,-0.0257,-0.0232,49.3172,23.1521,-72.2851,94.0535,20.7699
2025-01-01 09:18:30,-0.951,-0.4622,-2.7606,2.0882,27.48,41.7285,74.883,-0.0296,-0.0257,-0.0232,49.3172,23.1521,-72.2851,94.0535,20.7699
2025-01-01 09:18:40,-0.951,-0.9845,-2.7606,2.0882,27.48,41.7285,74.883,-0.0296,-0.0257,-0.0232,49.3172,23.1521,-72.2851,94.0535,20.7699
2025-01-01 09:18:50,-0.951,-0.9845,-2.7606,2.0882,27.48,41.7285,74.883,-0.0296,-0.0257,-0.0232,48.8566,23.1521,-72.2851,94.0535,20.7699
2025-01-01 09:19:00,-0.951,-0.9845,-2.7606,2.0882,27.48,41.7285,74.883,-0.0296,-0.0257,-0.0232,48.8566,23.1521,-72.2851,94.0535,21.3953
2025-01-01 09:19:10,-0.951,-0.9845,-2.7606,2.0882,27.48,40.0134,74.883,-0.0296,-0.0257,-0.0232,48.8566,23.1521,-72.2851,94.0535,21.3953
2025-01-01 09:19:20,-0.951,-0.9845,-2.7606,2.0882,27.433,40.0134,74.883,-0.0296,-0.0257,-0.0232,48.8566,23.1521,-72.2851,94.0535,21.3953
2025-01-01 09:19:30,-0.7467,-0.9845,-2.7606,2.0882,27.433,40.0134,74.883,-0.0296,-0.0257,-0.0232,48.8566,23.1521,-72.2851,94.0535,21.3953
2025-01-01 09:19:40,-0.7467,-0.9845,-2.0722,2.0882,27.433,40.0134,74.883,-0.0296,-0.0257,-0.0232,48.8566,23.1521,-72.2851,94.0535,21.3953
2025-01-01 09:19:50,-0.7467,-0.9845,-2.0722,2.0882,27.433,40.0134,74.883,-0.0296,-0.0257,-0.0232,48.8566,23.1521,-72.2851,94.0535,21.3074
2025-01-01 09:20:00,-0.7467,-0.9845,-2.0722,2.0882,27.433,40.0134,74.883,-0.0296,-0.0257,-0.028,48.8566,23.1521,-72.2851,94.0535,21.3074
2025-01-01 09:20:10,-0.7467,-0.9845,-2.0722,2.0333,27.433,40.0134,74.883,-0.0296,-0.0257,-0.028,48.8566,23.1521,-72.2851,94.0535,21.3074
2025-01-01 09:20:20,-0.7467,-0.9845,-2.0722,2.0333,27.433,40.0134,74.883,-0.0296,-0.0257,-0.028,47.7676,23.1521,-72.2851,94.0535,21.3074
2025-01-01 09:20:30,-0.7467,-0.9845,-2.0722,2.0333,27.5845,40.0134,74.883,-0.0296,-0.0257,-0.028,47.7676,23.1521,-72.2851,94.0535,21.3074
2025-01-01 09:20:40,-0.7467,-0.9845,-2.0722,2.0333,27.6222,40.0134,74.883,-0.0296,-0.0257,-0.028,47.7676,23.1521,-72.2851,94.0535,21.3074
2025-01-01 09:20:50,-0.7467,-0.9845,-2.0722,2.0333,27.6222,40.0134,77.9661,-0.0296,-0.0257,-0.028,47.7676,23.1521,-72.2851,94.0535,21.3074
2025-01-01 09:21:00,-0.7467,-0.9845,-2.0722,2.0333,27.6222,40.0134,77.9661,-0.0296,-0.0257,-0.028,49.9742,23.1521,-72.2851,94.0535,21.3074
2025-01-01 09:21:10,-0.7467,-0.9845,-2.0722,2.0333,27.6222,40.0134,77.9661,-0.0296,-0.0257,-0.0238,49.9742,23.1521,-72.2851,94.0535,21.3074
2025-01-01 09:21:20,-0.7467,-1.106,-2.0722,2.0333,27.6222,40.0134,77.9661,-0.0296,-0.0257,-0.0238,49.9742,23.1521,-72.2851,94.0535,21.3074
2025-01-01 09:21:30,-0.7467,-1.106,-2.0722,2.0333,27.6222,40.0134,61.9275,-0.0296,-0.0257,-0.0238,49.9742,23.1521,-72.2851,94.0535,21.3074
2025-01-01 09:21:40,-0.7467,-1.106,-2.0722,2.0333,27.522,40.0134,61.9275,-0.0296,-0.0257,-0.0238,49.9742,23.1521,-72.2851,94.0535,21.3074
2025-01-01 09:21:50,-0.7467,-1.106,-2.0722,2.0333,27.6723,40.0134,61.9275,-0.0296,-0.0257,-0.0238,49.9742,23.1521,-72.2851,94.0535,21.3074
2025-01-01 09:22:00,-0.7467,-1.106,-2.0722,2.0333,27.6723,40.0134,61.9275,-0.0296,-0.0257,-0.0238,48.9277,23.1521,-72.2851,94.0535,21.3074
2025-01-01 09:22:10,-0.7467,-1.106,-2.0722,2.0333,27.6723,40.0134,61.9275,-0.0296,-0.0212,-0.0238,48.9277,23.1521,-72.2851,94.0535,21.3074
2025-01-01 09:22:20,-0.7467,-1.106,-2.0722,2.0333,27.6723,40.0134,61.9275,-0.0296,-0.0212,-0.0238,48.9277,23.1521,-72.2851,92.3655,21.3074
2025-01-01 09:22:30,-0.4127,-1.106,-2.0722,2.0333,27.6723,40.0134,61.9275,-0.0296,-0.0212,-0.0238,48.9277,23.1521,-72.2851,92.3655,21.3074
2025-01-01 09:22:40,-0.4127,-1.106,-2.0722,2.0333,27.6723,40.7618,61.9275,-0.0296,-0.0212,-0.0238,48.9277,23.1521,-72.2851,92.3655,21.3074
2025-01-01 09:22:50,-0.4127,-1.106,-2.0722,2.0333,27.6723,40.7618,61.9275,-0.0296,-0.0212,-0.0238,47.843,23.1521,-72.2851,92.3655,21.3074
2025-01-01 09:23:00,-0.4127,-1.106,-2.0722,2.0333,27.6723,40.7618,61.9275,-0.0296,-0.0212,-0.0238,46.1558,23.1521,-72.2851,92.3655,21.3074
2025-01-01 09:23:10,-0.4127,-1.106,-2.0722,2.0333,27.6723,40.7618,61.9275,-0.0296,-0.0212,-0.0236,46.1558,23.1521,-72.2851,92.3655,21.3074
2025-01-01 09:23:20,-0.4127,-1.106,-2.0722,2.0333,27.6723,40.7618,61.9275,-0.0296,-0.0212,-0.0236,46.1558,23.1521,-72.2851,95.3607,21.3074
2025-01-01 09:23:30,-0.4127,-1.106,-2.0722,2.0333,27.6723,40.7618,61.9275,-0.0296,-0.0212,-0.0236,46.1558,23.1521,-72.2851,95.3607,21.6807
2025-01-01 09:23:40,-0.4127,-1.106,-2.0722,2.0333,27.6723,40.7618,61.9275,-0.0296,-0.0212,-0.0236,46.1558,23.1521,-72.2851,92.0644,21.6807
2025-01-01 09:23:50,-0.4127,-1.106,-2.0722,2.0333,27.6723,40.465,61.9275,-0.0296,-0.0212,-0.0236,46.1558,23.1521,-72.2851,92.0644,21.6807
2025-01-01 09:24:00,-0.4127,-1.106,-2.0722,2.0333,27.5509,40.465,61.9275,-0.0296,-0.0212,-0.0236,46.1558,23.1521,-72.2851,92.0644,21.6807
2025-01-01 09:24:10,-0.4127,-1.106,-2.0722,2.0333,27.5509,40.465,61.9275,-0.0296,-0.0212,-0.0236,46.1558,23.1521,-73.7599,92.0644,21.6807
2025-01-01 09:24:20,-0.4127,-1.106,-2.0722,2.0333,27.5509,40.1807,61.9275,-0.0296,-0.0212,-0.0236,46.1558,23.1521,-73.7599,92.0644,21.6807
2025-01-01 09:24:30,-0.4127,-1.106,-2.0722,2.0333,27.5509,40.1807,61.9275,-0.0215,-0.0212,-0.0236,46.1558,23.1521,-73.7599,92.0644,21.6807
2025-01-01 09:24:40,-0.4127,-1.106,-2.0722,2.0333,27.5509,40.1807,61.9275,-0.0215,-0.0212,-0.0236,48.1645,23.1521,-73.7599,92.0644,21.6807
2025-01-01 09:24:50,-0.4127,-1.106,-2.0722,2.0333,27.5509,40.1807,61.9275,-0.0215,-0.0212,-0.0305,48.1645,23.1521,-73.7599,92.0644,21.6807
2025-01-01 09:25:00,-0.4127,-1.106,-2.0722,2.0333,27.5618,40.1807,61.9275,-0.0215,-0.0212,-0.0305,48.1645,23.1521,-73.7599,92.0644,21.6807
2025-01-01 09:25:10,-0.4127,-1.106,-2.0722,2.0333,27.5618,40.1807,61.9275,-0.0215,-0.0212,-0.0305,48.337,23.1521,-73.7599,92.0644,21.6807
2025-01-01 09:25:20,-0.4127,-1.106,-2.0722,1.9431,27.5618,40.1807,61.9275,-0.0215,-0.0212,-0.0305,48.337,23.1521,-73.7599,92.0644,21.6807
2025-01-01 09:25:30,-0.4252,-1.106,-2.0722,1.9431,27.5618,40.1807,61.9275,-0.0215,-0.0212,-0.0305,48.337,23.1521,-73.7599,92.0644,21.6807
2025-01-01 09:25:40,-0.4252,-1.106,-2.0722,1.9431,27.5618,40.1807,72.621,-0.0215,-0.0212,-0.0305,48.337,23.1521,-73.7599,92.0644,21.6807
2025-01-01 09:25:50,-0.4252,-1.106,-2.0722,1.9431,27.5618,40.1807,72.621,-0.0215,-0.0212,-0.0305,48.337,23.025,-73.7599,92.0644,21.6807
2025-01-01 09:26:00,-0.4252,-1.106,-2.9101,1.9431,27.5618,40.1807,72.621,-0.0215,-0.0212,-0.0305,48.337,23.025,-73.7599,92.0644,21.6807
2025-01-01 09:26:10,-0.4252,-1.106,-2.9101,1.9431,27.5618,40.1807,72.621,-0.0215,-0.0212,-0.0305,47.7777,23.025,-73.7599,92.0644,21.6807
2025-01-01 09:26:20,-0.4252,-1.106,-2.1875,1.9431,27.5618,40.1807,72.621,-0.0215,-0.0212,-0.0305,47.7777,23.025,-73.7599,92.0644,21.6807
2025-01-01 09:26:30,-0.4252,-1.106,-2.1875,1.9431,27.5618,38.7381,72.621,-0.0215,-0.0212,-0.0305,47.7777,23.025,-73.7599,92.0644,21.6807
2025-01-01 09:26:40,-0.4252,-1.106,-2.2934,1.9431,27.5618,38.7381,72.621,-0.0215,-0.0212,-0.0305,47.7777,23.025,-73.7599,92.0644,21.6807
2025-01-01 09:26:50,-0.4252,-1.106,-2.2934,1.9431,27.5618,40.7144,72.621,-0.0215,-0.0212,-0.0305,47.7777,23.025,-73.7599,92.0644,21.6807
2025-01-01 09:27:00,-0.4252,-1.106,-2.2934,1.7423,27.5618,40.7144,72.621,-0.0215,-0.0212,-0.0305,47.7777,23.025,-73.7599,92.0644,21.6807
2025-01-01 09:27:10,-0.4252,-0.9912,-2.2934,1.7423,27.5618,40.7144,72.621,-0.0215,-0.0212,-0.0305,47.7777,23.025,-73.7599,92.0644,21.6807
2025-01-01 09:27:20,-0.4252,-0.9912,-2.2934,1.7423,27.5618,40.6798,72.621,-0.0215,-0.0212,-0.0305,47.7777,23.025,-73.7599,92.0644,21.6807
2025-01-01 09:27:30,-0.4252,-0.9912,-2.2934,1.7423,27.5618,40.6798,86.0507,-0.0215,-0.0212,-0.0305,47.7777,23.025,-73.7599,92.0644,21.6807
2025-01-01 09:27:40,-0.4252,-0.9912,-2.2934,1.7423,27.5618,40.6798,86.0507,-0.024,-0.0212,-0.0305,47.7777,23.025,-73.7599,92.0644,21.6807
2025-01-01 09:27:50,-0.4252,-0.9912,-2.2934,1.7423,27.5618,40.6798,86.0507,-0.024,-0.0212,-0.0305,47.7777,23.025,-73.118,92.0644,21.6807
2025-01-01 09:28:00,-0.4252,-0.9912,-2.2934,1.7423,27.5618,40.6798,86.0507,-0.024,-0.0212,-0.0305,47.7777,22.8697,-73.118,92.0644,21.6807
2025-01-01 09:28:10,-0.4252,-0.9912,-2.2934,1.7423,27.5618,40.6798,82.3152,-0.024,-0.0212,-0.0305,47.7777,22.8697,-73.118,92.0644,21.6807
2025-01-01 09:28:20,-0.4252,-0.9912,-2.2934,1.7423,27.5618,40.6798,82.3152,-0.024,-0.0212,-0.0217,47.7777,22.8697,-73.118,92.0644,21.6807
2025-01-01 09:28:30,-0.4252,-0.9912,-2.2934,1.7423,27.5618,40.6798,82.3152,-0.024,-0.0212,-0.0217,47.7777,22.8697,-73.251,92.0644,21.6807
2025-01-01 09:28:40,-0.4252,-0.9912,-2.2934,1.7423,27.5618,40.6798,82.3152,-0.0214,-0.0212,-0.0217,47.7777,22.8697,-73.251,92.0644,21.6807
2025-01-01 09:28:50,-0.4252,-0.9912,-2.2934,1.7423,27.5618,40.6798,82.3152,-0.0214,-0.0212,-0.0217,47.7777,22.8697,-72.1739,92.0644,21.6807
2025-01-01 09:29:00,-0.4252,-0.9912,-1.7914,1.7423,27.5618,40.6798,82.3152,-0.0214,-0.0212,-0.0217,47.7777,22.8697,-72.1739,92.0644,21.6807
2025-01-01 09:29:10,-0.4252,-0.9912,-1.7914,1.7423,27.5618,38.9234,82.3152,-0.0214,-0.0212,-0.0217,47.7777,22.8697,-72.1739,92.0644,21.6807
2025-01-01 09:29:20,-0.4252,-0.9912,-1.7914,1.7423,27.5618,39.7769,82.3152,-0.0214,-0.0212,-0.0217,47.7777,22.8697,-72.1739,92.0644,21.6807
2025-01-01 09:29:30,-0.4252,-0.9912,-1.7914,1.7423,27.5618,39.7769,82.3152,-0.0214,-0.0212,-0.0217,47.7777,22.8697,-71.3463,92.0644,21.6807
2025-01-01 09:29:40,-0.4252,-0.9912,-3.3128,1.7423,27.5618,39.7769,82.3152,-0.0214,-0.0212,-0.0217,47.7777,22.8697,-71.3463,92.0644,21.6807
2025-01-01 09:29:50,-0.4252,-0.9912,-3.3128,2.2779,27.5618,39.7769,82.3152,-0.0214,-0.0212,-0.0217,47.7777,22.8697,-71.3463,92.0644,21.6807
2025-01-01 09:30:00,-0.4252,-0.9912,-3.3128,2.2779,27.5618,39.7769,82.3152,-0.0214,-0.0212,-0.0217,47.7777,22.8697,-72.6768,92.0644,21.6807
2025-01-01 09:30:10,-0.4252,-0.9912,-3.3128,2.0762,27.5618,39.7769,82.3152,-0.0214,-0.0212,-0.0217,47.7777,22.8697,-72.6768,92.0644,21.6807
2025-01-01 09:30:20,-0.4252,-0.9912,-3.3128,2.0762,27.5618,39.7769,82.3152,-0.0214,-0.0212,-0.0203,47.7777,22.8697,-72.6768,92.0644,21.6807
2025-01-01 09:30:30,-0.4252,-0.9912,-3.3128,2.0762,27.5618,39.7769,82.3152,-0.0214,-0.0212,-0.0203,47.7777,22.8697,-72.6768,88.8775,21.6807
2025-01-01 09:30:40,-0.4252,-0.9912,-3.3128,2.0762,27.5618,39.7769,82.3152,-0.0227,-0.0212,-0.0203,47.7777,22.8697,-72.6768,88.8775,21.6807
2025-01-01 09:30:50,-0.4252,-0.9912,-3.3128,2.0762,27.5618,39.7769,82.3152,-0.0227,-0.0212,-0.0203,47.7777,22.8697,-69.202,88.8775,21.6807
2025-01-01 09:31:00,-0.4252,-0.9912,-3.3128,2.0762,27.5618,39.7769,82.3152,-0.0227,-0.0212,-0.0197,47.7777,22.8697,-69.202,88.8775,21.6807
2025-01-01 09:31:10,-0.4252,-0.9912,-3.3128,2.0762,27.5618,39.7769,82.3152,-0.0227,-0.0212,-0.0197,47.7777,22.3101,-69.202,88.8775,21.6807
2025-01-01 09:31:20,-0.4252,-0.9912,-3.3128,2.0762,27.5618,39.7769,82.3152,-0.0227,-0.0212,-0.0197,47.7777,22.3101,-69.202,90.6423,21.6807
2025-01-01 09:31:30,-0.4252,-0.9912,-3.3128,2.0762,27.5618,42.5011,82.3152,-0.0227,-0.0212,-0.0197,47.7777,22.3101,-69.202,90.6423,21.6807
2025-01-01 09:31:40,-0.4252,-0.9912,-3.3128,2.0762,27.5618,42.5011,82.3152,-0.0227,-0.0212,-0.0197,47.7777,22.3101,-69.202,90.6423,19.9935
2025-01-01 09:31:50,-0.4252,-0.9912,-3.3128,2.0762,27.5618,42.5011,82.3152,-0.0227,-0.0212,-0.0197,47.7777,22.3101,-69.202,90.3152,19.9935
2025-01-01 09:32:00,-0.4252,-0.9912,-3.3128,2.0762,27.5618,42.5011,82.3152,-0.0297,-0.0212,-0.0197,47.7777,22.3101,-69.202,90.3152,19.9935
2025-01-01 09:32:10,-0.4252,-0.7192,-3.3128,2.0762,27.5618,42.5011,82.3152,-0.0297,-0.0212,-0.0197,47.7777,22.3101,-69.202,90.3152,19.9935
2025-01-01 09:32:20,-0.4252,-0.7192,-3.3128,2.0762,27.5618,42.5011,82.3152,-0.0297,-0.0212,-0.0197,47.7777,22.3101,-69.202,89.1131,19.9935
2025-01-01 09:32:30,-0.4252,-0.7192,-3.3128,2.0762,27.5618,42.5011,82.3152,-0.0297,-0.0212,-0.0197,47.7777,21.9901,-69.202,89.1131,19.9935
2025-01-01 09:32:40,-0.4252,-0.7192,-3.3128,2.0569,27.5618,42.5011,82.3152,-0.0297,-0.0212,-0.0197,47.7777,21.9901,-69.202,89.1131,19.9935
2025-01-01 09:32:50,-0.4252,-0.7192,-3.3128,2.1366,27.5618,42.5011,82.3152,-0.0297,-0.0212,-0.0197,47.7777,21.9901,-69.202,89.1131,19.9935
2025-01-01 09:33:00,-0.4252,-0.7192,-3.3128,2.0442,27.5618,42.5011,82.3152,-0.0297,-0.0212,-0.0197,47.7777,21.9901,-69.202,89.1131,19.9935
2025-01-01 09:33:10,-0.4252,-0.7192,-3.3128,2.0442,27.5618,42.5011,82.3152,-0.0297,-0.0212,-0.0141,47.7777,21.9901,-69.202,89.1131,19.9935
2025-01-01 09:33:20,-0.4252,-0.7192,-3.3128,2.0442,27.5618,42.5011,79.7937,-0.0297,-0.0212,-0.0141,47.7777,21.9901,-69.202,89.1131,19.9935
2025-01-01 09:33:30,-0.4252,-0.7192,-3.3128,2.0442,27.5618,42.5011,79.7937,-0.0297,-0.0212,-0.0141,47.7777,21.9901,-69.202,91.9722,19.9935
2025-01-01 09:33:40,-0.4252,-0.7273,-3.3128,2.0442,27.5618,42.5011,79.7937,-0.0297,-0.0212,-0.0141,47.7777,21.9901,-69.202,91.9722,19.9935
2025-01-01 09:33:50,-0.4252,-0.7273,-3.3128,2.1741,27.5618,42.5011,79.7937,-0.0297,-0.0212,-0.0141,47.7777,21.9901,-69.202,91.9722,19.9935
2025-01-01 09:34:00,-0.4252,-0.8927,-3.3128,2.1741,27.5618,42.5011,79.7937,-0.0297,-0.0212,-0.0141,47.7777,21.9901,-69.202,91.9722,19.9935
2025-01-01 09:34:10,-0.4252,-0.8927,-3.3128,2.1741,27.5618,42.5011,79.7937,-0.0297,-0.0212,-0.0141,47.7777,21.9901,-69.202,91.9722,19.9935
2025-01-01 09:34:20,-0.4252,-0.8014,-3.3128,2.1741,27.5618,42.5011,79.7937,-0.0297,-0.0212,-0.0141,47.7777,21.9901,-69.202,91.9722,19.9935
2025-01-01 09:34:30,-1.0232,-0.8014,-3.3128,2.1741,27.5618,42.5011,79.7937,-0.0297,-0.0212,-0.0141,47.7777,21.9901,-69.202,91.9722,19.9935
2025-01-01 09:34:40,-1.0232,-0.8014,-3.3128,2.1741,27.5618,42.5011,79.7937,-0.0297,-0.0212,-0.0141,47.7777,21.9901,-71.6648,91.9722,19.9935
2025-01-01 09:34:50,-1.0232,-0.8014,-3.3128,2.1741,27.5618,42.5011,79.7937,-0.0297,-0.0212,-0.0253,47.7777,21.9901,-71.6648,91.9722,19.9935
2025-01-01 09:35:00,-1.0232,-0.8014,-3.3128,2.1741,27.5618,42.5011,79.7937,-0.0221,-0.0212,-0.0253,47.7777,21.9901,-71.6648,91.9722,19.9935
2025-01-01 09:35:10,-1.0232,-0.8014,-3.3128,2.1741,27.5618,42.5011,79.7937,-0.0221,-0.0212,-0.0253,47.7777,21.9901,-71.6648,91.9696,19.9935
2025-01-01 09:35:20,-1.0232,-0.8014,-3.3128,2.1741,27.5618,39.3335,79.7937,-0.0221,-0.0212,-0.0253,47.7777,21.9901,-71.6648,91.9696,19.9935
2025-01-01 09:35:30,-1.0232,-1.2686,-3.3128,2.1741,27.5618,39.3335,79.7937,-0.0221,-0.0212,-0.0253,47.7777,21.9901,-71.6648,91.9696,19.9935
2025-01-01 09:35:40,-1.0232,-1.1445,-3.3128,2.1741,27.5618,39.3335,79.7937,-0.0221,-0.0212,-0.0253,47.7777,21.9901,-71.6648,91.9696,19.9935
2025-01-01 09:35:50,-1.0232,-0.934,-3.3128,2.1741,27.5618,39.3335,79.7937,-0.0221,-0.0212,-0.0253,47.7777,21.9901,-71.6648,91.9696,19.9935
2025-01-01 09:36:00,-1.0232,-0.934,-3.3128,2.1741,27.5618,41.5463,79.7937,-0.0221,-0.0212,-0.0253,47.7777,21.9901,-71.6648,91.9696,19.9935
2025-01-01 09:36:10,-1.0232,-0.934,-3.3128,2.1741,27.4674,41.5463,79.7937,-0.0221,-0.0212,-0.0253,47.7777,21.9901,-71.6648,91.9696,19.9935
2025-01-01 09:36:20,-1.0232,-0.934,-3.3128,1.9941,27.4674,41.5463,79.7937,-0.0221,-0.0212,-0.0253,47.7777,21.9901,-71.6648,91.9696,19.9935
2025-01-01 09:36:30,-1.0232,-0.934,-3.3128,1.9941,27.4674,41.5463,79.7937,-0.0221,-0.0212,-0.0253,47.7777,22.1564,-71.6648,91.9696,19.9935
2025-01-01 09:36:40,-1.0232,-0.934,-2.1453,1.9941,27.4674,41.5463,79.7937,-0.0221,-0.0212,-0.0253,47.7777,22.1564,-71.6648,91.9696,19.9935
2025-01-01 09:36:50,-1.0232,-0.934,-2.1453,1.9941,27.4674,41.5463,79.7937,-0.0221,-0.0212,-0.0253,47.7777,22.4406,-71.6648,91.9696,19.9935
2025-01-01 09:37:00,-1.0232,-1.0345,-2.1453,1.9941,27.4674,41.5463,79.7937,-0.0221,-0.0212,-0.0253,47.7777,22.4406,-71.6648,91.9696,19.9935
2025-01-01 09:37:10,-1.0232,-1.0345,-2.1453,1.9941,27.4674,41.5463,79.7937,-0.0221,-0.0212,-0.0253,47.7777,22.4406,-71.6648,91.9696,20.0841
2025-01-01 09:37:20,-1.0232,-1.0345,-2.1453,1.9941,27.4674,41.5463,79.7937,-0.0221,-0.0212,-0.0253,47.7777,22.2117,-71.6648,91.9696,20.0841
2025-01-01 09:37:30,-1.0232,-1.0345,-2.1453,1.9941,27.4674,40.6207,79.7937,-0.0221,-0.0212,-0.0253,47.7777,22.2117,-71.6648,91.9696,20.0841
2025-01-01 09:37:40,-1.0232,-1.0345,-2.6016,1.9941,27.4674,40.6207,79.7937,-0.0221,-0.0212,-0.0253,47.7777,22.2117,-71.6648,91.9696,20.0841
2025-01-01 09:37:50,-1.0232,-1.0345,-2.6016,1.9941,27.4674,40.6207,79.7937,-0.0221,-0.0212,-0.0168,47.7777,22.2117,-71.6648,91.9696,20.0841
2025-01-01 09:38:00,-1.0232,-1.0345,-2.6016,1.9941,27.4674,40.6207,79.7937,-0.0221,-0.0229,-0.0168,47.7777,22.2117,-71.6648,91.9696,20.0841
2025-01-01 09:38:10,-1.0232,-1.0345,-2.6016,1.9941,27.4674,40.6207,79.7937,-0.0221,-0.0229,-0.0168,47.7777,23.0825,-71.6648,91.9696,20.0841
2025-01-01 09:38:20,-1.0232,-1.0345,-2.6016,1.9941,27.4674,40.6207,79.7937,-0.0221,-0.0229,-0.0168,47.7777,23.1845,-71.6648,91.9696,20.0841
2025-01-01 09:38:30,-1.0232,-1.0345,-2.6016,1.9941,27.4674,40.6207,79.7937,-0.0221,-0.0229,-0.0168,47.7777,23.1845,-71.6648,91.9696,20.4643
2025-01-01 09:38:40,-1.0232,-1.0345,-2.6016,1.9941,27.4674,40.6207,79.7937,-0.0221,-0.0229,-0.0168,47.7777,23.1845,-74.8049,91.9696,20.4643
2025-01-01 09:38:50,-1.0232,-1.0345,-2.6016,1.9941,27.4674,40.6207,79.7937,-0.0221,-0.0229,-0.0303,47.7777,23.1845,-74.8049,91.9696,20.4643
2025-01-01 09:39:00,-1.0232,-1.0345,-2.6016,1.9941,27.4674,40.6207,79.7937,-0.0221,-0.0229,-0.0303,46.9457,23.1845,-74.8049,91.9696,20.4643
2025-01-01 09:39:10,-1.0232,-1.0345,-2.6016,1.9941,27.4674,40.6207,79.7937,-0.0221,-0.0229,-0.0303,46.9457,23.1845,-74.8049,89.23,20.4643
2025-01-01 09:39:20,-1.0232,-1.0345,-3.6851,1.9941,27.4674,40.6207,79.7937,-0.0221,-0.0229,-0.0303,46.9457,23.1845,-74.8049,89.23,20.4643
2025-01-01 09:39:30,-0.9399,-1.0345,-3.6851,1.9941,27.4674,40.6207,79.7937,-0.0221,-0.0229,-0.0303,46.9457,23.1845,-74.8049,89.23,20.4643
2025-01-01 09:39:40,-0.9399,-1.0345,-3.6851,1.9941,27.4674,40.6207,79.7937,-0.0221,-0.0229,-0.0303,48.9131,23.1845,-74.8049,89.23,20.4643
2025-01-01 09:39:50,-0.9399,-1.0345,-3.6851,1.9941,27.4674,40.6207,79.7937,-0.0221,-0.0229,-0.0303,48.9131,23.1845,-74.8049,89.23,21.0846
2025-01-01 09:40:00,-1.2011,-1.0345,-3.6851,1.9941,27.4674,40.6207,79.7937,-0.0221,-0.0229,-0.0303,48.9131,23.1845,-74.8049,89.23,21.0846
2025-01-01 09:40:10,-1.2011,-1.0345,-3.6851,1.9941,27.4674,40.6207,79.7937,-0.0221,-0.0229,-0.0303,48.9131,23.1845,-72.2904,89.23,21.0846
2025-01-01 09:40:20,-1.2011,-0.9963,-3.6851,1.9941,27.4674,40.6207,79.7937,-0.0221,-0.0229,-0.0303,48.9131,23.1845,-72.2904,89.23,21.0846
2025-01-01 09:40:30,-1.2011,-0.9963,-3.6851,1.9941,27.4674,40.6207,79.7937,-0.0221,-0.0229,-0.0303,48.9131,23.1845,-72.2904,88.7448,21.0846
2025-01-01 09:40:40,-1.2011,-0.9963,-3.6851,1.9941,27.4674,40.6207,79.7937,-0.0221,-0.0229,-0.0303,48.9131,22.7599,-72.2904,88.7448,21.0846
2025-01-01 09:40:50,-1.2011,-0.9963,-3.6851,1.9941,27.4674,40.6207,79.3062,-0.0221,-0.0229,-0.0303,48.9131,22.7599,-72.2904,88.7448,21.0846
2025-01-01 09:41:00,-1.2011,-0.9963,-3.6851,1.9941,27.52,40.6207,79.3062,-0.0221,-0.0229,-0.0303,48.9131,22.7599,-72.2904,88.7448,21.0846
2025-01-01 09:41:10,-1.2011,-0.9963,-3.6851,1.9941,27.52,40.6207,79.3062,-0.0221,-0.0185,-0.0303,48.9131,22.7599,-72.2904,88.7448,21.0846
2025-01-01 09:41:20,-1.2011,-0.9963,-3.6851,1.9941,27.52,40.6207,79.3062,-0.0221,-0.0185,-0.0303,48.9131,22.7599,-72.2904,90.2023,21.0846
2025-01-01 09:41:30,-1.2011,-0.9963,-3.6851,1.8902,27.52,40.6207,79.3062,-0.0221,-0.0185,-0.0303,48.9131,22.7599,-72.2904,90.2023,21.0846
2025-01-01 09:41:40,-1.2011,-0.9963,-3.6851,1.8902,27.52,40.6207,79.3062,-0.0221,-0.0185,-0.0303,48.9131,22.7599,-72.2904,90.2023,21.1236
2025-01-01 09:41:50,-1.2011,-0.9963,-3.6851,1.8902,27.52,40.6207,69.3121,-0.0221,-0.0185,-0.0303,48.9131,22.7599,-72.2904,90.2023,21.1236
2025-01-01 09:42:00,-1.2011,-0.9963,-3.6851,2.2466,27.52,40.6207,69.3121,-0.0221,-0.0185,-0.0303,48.9131,22.7599,-72.2904,90.2023,21.1236
2025-01-01 09:42:10,-1.2011,-0.9963,-3.6851,2.2466,27.52,40.6207,69.3121,-0.0221,-0.0185,-0.0177,48.9131,22.7599,-72.2904,90.2023,21.1236
2025-01-01 09:42:20,-1.2011,-1.0967,-3.6851,2.2466,27.52,40.6207,69.3121,-0.0221,-0.0185,-0.0177,48.9131,22.7599,-72.2904,90.2023,21.1236
2025-01-01 09:42:30,-1.2011,-1.0967,-3.6851,2.2466,27.52,40.6207,69.3121,-0.0221,-0.0185,-0.0177,48.9131,21.96,-72.2904,90.2023,21.1236
2025-01-01 09:42:40,-1.2011,-1.0967,-3.6851,2.2466,27.52,40.6207,69.3121,-0.0221,-0.0213,-0.0177,48.9131,21.96,-72.2904,90.2023,21.1236
2025-01-01 09:42:50,-1.2011,-1.0967,-3.6851,2.2466,27.52,40.6207,69.3121,-0.0221,-0.0213,-0.0177,48.9131,21.96,-72.2904,89.5885,21.1236
2025-01-01 09:43:00,-1.2011,-1.0967,-3.6851,2.2466,27.52,40.6207,69.3121,-0.0221,-0.0213,-0.0177,48.9131,21.96,-72.3696,89.5885,21.1236
2025-01-01 09:43:10,-1.2011,-1.0967,-3.6851,2.2466,27.52,40.6207,73.1857,-0.0221,-0.0213,-0.0177,48.9131,21.96,-72.3696,89.5885,21.1236
2025-01-01 09:43:20,-1.2011,-1.1216,-3.6851,2.2466,27.52,40.6207,73.1857,-0.0221,-0.0213,-0.0177,48.9131,21.96,-72.3696,89.5885,21.1236
2025-01-01 09:43:30,-0.9369,-1.1216,-3.6851,2.2466,27.52,40.6207,73.1857,-0.0221,-0.0213,-0.0177,48.9131,21.96,-72.3696,89.5885,21.1236
2025-01-01 09:43:40,-0.9369,-1.1672,-3.6851,2.2466,27.52,40.6207,73.1857,-0.0221,-0.0213,-0.0177,48.9131,21.96,-72.3696,89.5885,21.1236
2025-01-01 09:43:50,-0.9369,-1.1672,-3.6851,2.2466,27.52,40.6207,81.3741,-0.0221,-0.0213,-0.0177,48.9131,21.96,-72.3696,89.5885,21.1236
2025-01-01 09:44:00,-0.9369,-1.1672,-3.6851,2.2466,27.52,40.6207,81.3741,-0.0221,-0.0213,-0.0284,48.9131,21.96,-72.3696,89.5885,21.1236
2025-01-01 09:44:10,-0.9369,-1.1672,-3.6851,2.2466,27.52,40.6207,81.3741,-0.0221,-0.0166,-0.0284,48.9131,21.96,-72.3696,89.5885,21.1236
2025-01-01 09:44:20,-0.9369,-1.1672,-3.6851,2.2466,27.52,40.6207,81.3741,-0.0221,-0.0166,-0.0284,48.9131,21.96,-73.745,89.5885,21.1236
2025-01-01 09:44:30,-0.9369,-0.8708,-3.6851,2.2466,27.52,40.6207,81.3741,-0.0221,-0.0166,-0.0284,48.9131,21.96,-73.745,89.5885,21.1236
2025-01-01 09:44:40,-0.9369,-0.8708,-3.6851,2.2466,27.52,40.6207,81.3741,-0.0221,-0.0255,-0.0284,48.9131,21.96,-73.745,89.5885,21.1236
2025-01-01 09:44:50,-0.9369,-0.8708,-3.6851,2.023,27.52,40.6207,81.3741,-0.0221,-0.0255,-0.0284,48.9131,21.96,-73.745,89.5885,21.1236
2025-01-01 09:45:00,-0.9369,-0.8708,-3.6851,2.023,27.52,40.6207,81.3741,-0.0221,-0.0255,-0.0284,48.9131,22.3575,-73.745,89.5885,21.1236
2025-01-01 09:45:10,-0.9369,-0.8708,-3.6851,2.023,27.52,40.6207,81.3741,-0.0221,-0.0255,-0.0284,48.9131,23.1823,-73.745,89.5885,21.1236
2025-01-01 09:45:20,-0.9369,-0.8708,-3.6851,2.023,27.52,40.6207,70.12,-0.0221,-0.0255,-0.0284,48.9131,23.1823,-73.745,89.5885,21.1236
2025-01-01 09:45:30,-0.7786,-0.8708,-3.6851,2.023,27.52,40.6207,70.12,-0.0221,-0.0255,-0.0284,48.9131,23.1823,-73.745,89.5885,21.1236
2025-01-01 09:45:40,-0.7786,-0.8708,-3.6851,2.023,27.5363,40.6207,70.12,-0.0221,-0.0255,-0.0284,48.9131,23.1823,-73.745,89.5885,21.1236
2025-01-01 09:45:50,-0.7786,-0.8708,-3.6851,2.023,27.5363,40.6207,70.12,-0.0225,-0.0255,-0.0284,48.9131,23.1823,-73.745,89.5885,21.1236
2025-01-01 09:46:00,-0.7786,-0.8708,-2.5032,2.023,27.5363,40.6207,70.12,-0.0225,-0.0255,-0.0284,48.9131,23.1823,-73.745,89.5885,21.1236
2025-01-01 09:46:10,-0.7786,-0.9436,-2.5032,2.023,27.5363,40.6207,70.12,-0.0225,-0.0255,-0.0284,48.9131,23.1823,-73.745,89.5885,21.1236
2025-01-01 09:46:20,-0.7786,-0.9436,-2.5032,2.023,27.5363,40.6207,70.12,-0.0225,-0.0255,-0.0284,48.9131,23.1823,-73.745,96.4514,21.1236
2025-01-01 09:46:30,-0.8328,-0.9436,-2.5032,2.023,27.5363,40.6207,70.12,-0.0225,-0.0255,-0.0284,48.9131,23.1823,-73.745,96.4514,21.1236
2025-01-01 09:46:40,-0.8328,-0.9436,-2.5032,2.023,27.5363,40.6207,70.12,-0.0225,-0.0255,-0.0284,48.9131,22.5463,-73.745,96.4514,21.1236
2025-01-01 09:46:50,-0.8328,-0.9436,-2.5032,2.023,27.5363,40.6207,70.12,-0.0225,-0.0255,-0.0284,48.9131,22.5463,-73.745,96.4514,20.8862
2025-01-01 09:47:00,-0.8328,-0.9436,-2.2418,2.023,27.5363,40.6207,70.12,-0.0225,-0.0255,-0.0284,48.9131,22.5463,-73.745,96.4514,20.8862
2025-01-01 09:47:10,-0.8328,-0.9436,-2.2418,2.023,27.5363,40.6207,70.12,-0.0225,-0.0255,-0.0151,48.9131,22.5463,-73.745,96.4514,20.8862
2025-01-01 09:47:20,-0.8328,-0.9436,-2.2418,2.023,27.5363,40.6207,70.12,-0.02,-0.0255,-0.0151,48.9131,22.5463,-73.745,96.4514,20.8862
2025-01-01 09:47:30,-0.8328,-1.1299,-2.2418,2.023,27.5363,40.6207,70.12,-0.02,-0.0255,-0.0151,48.9131,22.5463,-73.745,96.4514,20.8862
2025-01-01 09:47:40,-0.8328,-1.1299,-2.2418,2.023,27.5024,40.6207,70.12,-0.02,-0.0255,-0.0151,48.9131,22.5463,-73.745,96.4514,20.8862
2025-01-01 09:47:50,-0.8328,-1.1299,-2.2418,2.023,27.5024,40.6207,69.1749,-0.02,-0.0255,-0.0151,48.9131,22.5463,-73.745,96.4514,20.8862
2025-01-01 09:48:00,-0.8328,-1.1299,-2.2418,2.023,27.5024,40.6207,69.1749,-0.02,-0.0255,-0.0151,48.9131,22.5463,-73.745,96.4514,20.9631
2025-01-01 09:48:10,-0.8328,-1.1299,-2.2418,2.023,27.5024,40.6207,69.1749,-0.02,-0.0255,-0.0151,48.9131,21.9587,-73.745,96.4514,20.9631
2025-01-01 09:48:20,-0.8328,-1.1299,-2.2418,2.023,27.5024,40.6207,69.1749,-0.02,-0.0256,-0.0151,48.9131,21.9587,-73.745,96.4514,20.9631
2025-01-01 09:48:30,-0.8328,-1.1299,-2.2418,2.023,27.5024,40.6207,69.1749,-0.02,-0.0256,-0.0179,48.9131,21.9587,-73.745,96.4514,20.9631
2025-01-01 09:48:40,-0.8328,-1.1299,-2.2418,2.023,27.5024,40.6207,69.1749,-0.02,-0.0157,-0.0179,48.9131,21.9587,-73.745,96.4514,20.9631
2025-01-01 09:48:50,-0.8328,-1.1299,-2.7727,2.023,27.5024,40.6207,69.1749,-0.02,-0.0157,-0.0179,48.9131,21.9587,-73.745,96.4514,20.9631
2025-01-01 09:49:00,-0.8328,-1.1299,-2.7727,2.023,27.5024,40.6207,69.1749,-0.02,-0.0157,-0.0179,47.3432,21.9587,-73.745,96.4514,20.9631
2025-01-01 09:49:10,-0.8328,-1.1299,-1.6638,2.023,27.5024,40.6207,69.1749,-0.02,-0.0157,-0.0179,47.3432,21.9587,-73.745,96.4514,20.9631
2025-01-01 09:49:20,-0.8328,-1.167,-1.6638,2.023,27.5024,40.6207,69.1749,-0.02,-0.0157,-0.0179,47.3432,21.9587,-73.745,96.4514,20.9631
2025-01-01 09:49:30,-1.0961,-1.167,-1.6638,2.023,27.5024,40.6207,69.1749,-0.02,-0.0157,-0.0179,47.3432,21.9587,-73.745,96.4514,20.9631
2025-01-01 09:49:40,-1.0961,-0.9464,-1.6638,2.023,27.5024,40.6207,69.1749,-0.02,-0.0157,-0.0179,47.3432,21.9587,-73.745,96.4514,20.9631
2025-01-01 09:49:50,-1.0961,-0.9464,-1.6638,2.023,27.5024,40.6207,69.1749,-0.02,-0.0157,-0.0179,47.3432,23.0356,-73.745,96.4514,20.9631
2025-01-01 09:50:00,-1.0961,-0.9464,-1.6638,2.023,27.5024,40.6207,69.1749,-0.02,-0.0157,-0.0179,48.9422,23.0356,-73.745,96.4514,20.9631
2025-01-01 09:50:10,-1.0961,-0.9464,-1.6638,2.023,27.5024,40.6207,69.1749,-0.02,-0.0157,-0.0179,48.9422,22.2672,-73.745,96.4514,20.9631
2025-01-01 09:50:20,-1.0961,-0.9464,-1.6638,2.023,27.5024,40.6207,69.1749,-0.02,-0.0157,-0.0179,48.9422,22.2271,-73.745,96.4514,20.9631
2025-01-01 09:50:30,-1.0961,-0.9464,-2.413,2.023,27.5024,40.6207,69.1749,-0.02,-0.0157,-0.0179,48.9422,22.2271,-73.745,96.4514,20.9631
2025-01-01 09:50:40,-1.0961,-0.9464,-2.413,2.023,27.5024,40.6207,69.1749,-0.02,-0.0157,-0.0179,48.9422,22.2271,-73.745,96.4514,19.9761
2025-01-01 09:50:50,-1.0961,-0.9464,-2.413,2.023,27.5024,40.6207,78.1062,-0.02,-0.0157,-0.0179,48.9422,22.2271,-73.745,96.4514,19.9761
2025-01-01 09:51:00,-1.0961,-0.9464,-2.413,2.023,27.5024,40.6207,78.1062,-0.02,-0.0157,-0.0179,48.9422,22.2271,-69.5526,96.4514,19.9761
2025-01-01 09:51:10,-1.0961,-0.9464,-2.413,2.023,27.5024,40.6207,78.1062,-0.02,-0.0157,-0.0179,48.062,22.2271,-69.5526,96.4514,19.9761
2025-01-01 09:51:20,-1.0961,-0.9464,-2.413,2.023,27.5024,40.6207,78.1062,-0.02,-0.0157,-0.0179,48.062,23.1016,-69.5526,96.4514,19.9761
2025-01-01 09:51:30,-1.0961,-0.9464,-2.413,2.023,27.5024,40.6207,78.1062,-0.02,-0.0157,-0.0179,48.062,23.2605,-69.5526,96.4514,19.9761
2025-01-01 09:51:40,-1.0961,-0.9464,-2.413,2.023,27.5024,40.6207,78.1062,-0.02,-0.0157,-0.0239,48.062,23.2605,-69.5526,96.4514,19.9761
2025-01-01 09:51:50,-1.0961,-0.9464,-2.413,2.023,27.5024,40.6207,84.5096,-0.02,-0.0157,-0.0239,48.062,23.2605,-69.5526,96.4514,19.9761
2025-01-01 09:52:00,-1.0961,-0.9464,-2.413,2.023,27.5024,40.6207,84.5096,-0.02,-0.0157,-0.0239,48.8443,23.2605,-69.5526,96.4514,19.9761
2025-01-01 09:52:10,-1.0961,-0.9464,-2.413,2.023,27.5024,40.6207,84.5096,-0.02,-0.0268,-0.0239,48.8443,23.2605,-69.5526,96.4514,19.9761
2025-01-01 09:52:20,-1.0961,-0.9464,-2.413,2.023,27.5024,40.6207,82.2909,-0.02,-0.0268,-0.0239,48.8443,23.2605,-69.5526,96.4514,19.9761
2025-01-01 09:52:30,-1.0961,-0.9464,-2.413,2.023,27.6005,40.6207,82.2909,-0.02,-0.0268,-0.0239,48.8443,23.2605,-69.5526,96.4514,19.9761
2025-01-01 09:52:40,-1.0961,-0.9464,-2.413,2.023,27.6005,40.6207,74.8561,-0.02,-0.0268,-0.0239,48.8443,23.2605,-69.5526,96.4514,19.9761
2025-01-01 09:52:50,-1.0961,-0.9464,-2.413,2.023,27.6005,40.6207,70.1668,-0.02,-0.0268,-0.0239,48.8443,23.2605,-69.5526,96.4514,19.9761
2025-01-01 09:53:00,-1.0961,-0.9464,-2.413,2.023,27.6005,40.6207,74.7859,-0.02,-0.0268,-0.0239,48.8443,23.2605,-69.5526,96.4514,19.9761
2025-01-01 09:53:10,-1.0961,-0.9464,-2.413,2.023,27.6005,40.6207,74.7859,-0.02,-0.0268,-0.0239,48.8443,23.2605,-69.5526,96.4514,21.1528
2025-01-01 09:53:20,-1.0961,-0.9464,-1.5631,2.023,27.6005,40.6207,74.7859,-0.02,-0.0268,-0.0239,48.8443,23.2605,-69.5526,96.4514,21.1528
2025-01-01 09:53:30,-1.0961,-0.9464,-1.5631,2.023,27.6005,40.6207,65.1168,-0.02,-0.0268,-0.0239,48.8443,23.2605,-69.5526,96.4514,21.1528
2025-01-01 09:53:40,-1.0961,-0.9464,-1.5631,2.023,27.6005,40.6207,65.1168,-0.02,-0.0268,-0.0239,48.4718,23.2605,-69.5526,96.4514,21.1528
2025-01-01 09:53:50,-1.0961,-0.9464,-1.5631,2.023,27.6005,40.6207,65.1168,-0.02,-0.0268,-0.0239,48.4718,23.2605,-69.5526,90.4586,21.1528
2025-01-01 09:54:00,-1.0961,-1.2161,-1.5631,2.023,27.6005,40.6207,65.1168,-0.02,-0.0268,-0.0239,48.4718,23.2605,-69.5526,90.4586,21.1528
2025-01-01 09:54:10,-1.0961,-1.2161,-1.5631,2.023,27.6005,40.6207,65.1168,-0.0299,-0.0268,-0.0239,48.4718,23.2605,-69.5526,90.4586,21.1528
2025-01-01 09:54:20,-1.0961,-1.2161,-1.5631,2.023,27.6005,40.6207,65.1168,-0.0299,-0.0268,-0.0239,49.1096,23.2605,-69.5526,90.4586,21.1528
2025-01-01 09:54:30,-1.0961,-1.2161,-1.5631,2.023,27.4742,40.6207,65.1168,-0.0299,-0.0268,-0.0239,49.1096,23.2605,-69.5526,90.4586,21.1528
2025-01-01 09:54:40,-1.0961,-1.2161,-1.5631,2.023,27.4742,40.6207,65.1168,-0.0299,-0.0268,-0.0239,49.1096,22.3975,-69.5526,90.4586,21.1528
2025-01-01 09:54:50,-1.0961,-1.2161,-1.5631,2.023,27.4742,40.6207,65.1168,-0.0299,-0.0268,-0.0239,49.1096,22.3975,-69.5526,90.4586,19.8939
2025-01-01 09:55:00,-0.8095,-1.2161,-1.5631,2.023,27.4742,40.6207,65.1168,-0.0299,-0.0268,-0.0239,49.1096,22.3975,-69.5526,90.4586,19.8939
2025-01-01 09:55:10,-0.8095,-1.2161,-1.5631,2.023,27.4742,40.6207,65.1168,-0.0299,-0.0211,-0.0239,49.1096,22.3975,-69.5526,90.4586,19.8939
2025-01-01 09:55:20,-0.8095,-1.2161,-1.971,2.023,27.4742,40.6207,65.1168,-0.0299,-0.0211,-0.0239,49.1096,22.3975,-69.5526,90.4586,19.8939
2025-01-01 09:55:30,-1.3276,-1.2161,-1.971,2.023,27.4742,40.6207,65.1168,-0.0299,-0.0211,-0.0239,49.1096,22.3975,-69.5526,90.4586,19.8939
2025-01-01 09:55:40,-1.3276,-1.2161,-1.971,2.023,27.4742,40.6207,72.0119,-0.0299,-0.0211,-0.0239,49.1096,22.3975,-69.5526,90.4586,19.8939
2025-01-01 09:55:50,-0.6823,-1.2161,-1.971,2.023,27.4742,40.6207,72.0119,-0.0299,-0.0211,-0.0239,49.1096,22.3975,-69.5526,90.4586,19.8939
2025-01-01 09:56:00,-0.6823,-1.2161,-1.971,2.023,27.4742,40.6207,83.5367,-0.0299,-0.0211,-0.0239,49.1096,22.3975,-69.5526,90.4586,19.8939
2025-01-01 09:56:10,-0.6823,-1.2161,-1.971,2.023,27.4742,40.6207,83.5367,-0.0299,-0.0211,-0.0239,49.1096,22.3975,-71.3466,90.4586,19.8939
2025-01-01 09:56:20,-0.6823,-1.2161,-2.4212,2.023,27.4742,40.6207,83.5367,-0.0299,-0.0211,-0.0239,49.1096,22.3975,-71.3466,90.4586,19.8939
2025-01-01 09:56:30,-0.6823,-1.2161,-2.4212,2.023,27.4742,40.6207,83.5367,-0.0299,-0.0211,-0.0239,49.1096,22.3975,-71.3466,90.4586,21.0761
2025-01-01 09:56:40,-0.6823,-1.2161,-2.4212,2.023,27.4742,40.6207,83.5367,-0.0299,-0.0157,-0.0239,49.1096,22.3975,-71.3466,90.4586,21.0761
2025-01-01 09:56:50,-0.5666,-1.2161,-2.4212,2.023,27.4742,40.6207,83.5367,-0.0299,-0.0157,-0.0239,49.1096,22.3975,-71.3466,90.4586,21.0761
2025-01-01 09:57:00,-0.5666,-1.2161,-2.4023,2.023,27.4742,40.6207,83.5367,-0.0299,-0.0157,-0.0239,49.1096,22.3975,-71.3466,90.4586,21.0761
2025-01-01 09:57:10,-0.5666,-1.2161,-2.4023,2.023,27.4742,40.6207,70.2022,-0.0299,-0.0157,-0.0239,49.1096,22.3975,-71.3466,90.4586,21.0761
2025-01-01 09:57:20,-0.5666,-1.2161,-2.4023,2.023,27.4742,40.6207,70.2022,-0.0299,-0.024,-0.0239,49.1096,22.3975,-71.3466,90.4586,21.0761
2025-01-01 09:57:30,-0.5666,-1.2161,-2.4023,1.9683,27.4742,40.6207,70.2022,-0.0299,-0.024,-0.0239,49.1096,22.3975,-71.3466,90.4586,21.0761
2025-01-01 09:57:40,-0.5666,-1.2161,-2.4023,2.0089,27.4742,40.6207,70.2022,-0.0299,-0.024,-0.0239,49.1096,22.3975,-71.3466,90.4586,21.0761
2025-01-01 09:57:50,-0.5666,-1.2161,-2.4023,2.0089,27.4742,40.6207,70.2022,-0.0299,-0.024,-0.0239,49.1096,22.8048,-71.3466,90.4586,21.0761
2025-01-01 09:58:00,-0.5666,-1.2161,-2.4023,2.0089,27.4742,40.6207,70.2022,-0.0299,-0.024,-0.0239,49.1096,22.8048,-70.5382,90.4586,21.0761
2025-01-01 09:58:10,-0.5666,-1.2161,-2.4023,2.0089,27.4742,40.6207,70.2022,-0.0299,-0.024,-0.0236,49.1096,22.8048,-70.5382,90.4586,21.0761
2025-01-01 09:58:20,-0.5666,-1.2161,-3.36,2.0089,27.4742,40.6207,70.2022,-0.0299,-0.024,-0.0236,49.1096,22.8048,-70.5382,90.4586,21.0761
2025-01-01 09:58:30,-0.5666,-1.2161,-3.36,2.0089,27.4742,40.6207,71.9685,-0.0299,-0.024,-0.0236,49.1096,22.8048,-70.5382,90.4586,21.0761
2025-01-01 09:58:40,-0.5666,-0.8899,-3.36,2.0089,27.4742,40.6207,71.9685,-0.0299,-0.024,-0.0236,49.1096,22.8048,-70.5382,90.4586,21.0761
2025-01-01 09:58:50,-0.5666,-0.8899,-3.36,2.0089,27.4742,40.6207,71.9685,-0.0299,-0.024,-0.0236,49.1096,22.8048,-70.5382,87.7756,21.0761
2025-01-01 09:59:00,-0.5666,-0.8899,-3.36,2.0089,27.4742,40.6207,71.9685,-0.0299,-0.024,-0.0236,49.1096,22.8048,-72.529,87.7756,21.0761
2025-01-01 09:59:10,-0.5666,-0.8899,-3.36,2.0089,27.4742,40.6207,71.9685,-0.0299,-0.024,-0.0236,49.1096,22.8048,-72.529,87.7756,20.3743
2025-01-01 09:59:20,-0.5666,-0.8899,-3.36,2.0089,27.4742,40.6207,71.9685,-0.0299,-0.024,-0.0236,49.1096,22.8048,-72.529,87.7756,21.4947
2025-01-01 09:59:30,-0.5666,-0.8899,-3.36,2.0089,27.4742,40.6207,71.9685,-0.0299,-0.024,-0.0236,47.452,22.8048,-72.529,87.7756,21.4947
2025-01-01 09:59:40,-0.5666,-0.8899,-3.36,2.0089,27.4742,40.6207,71.9685,-0.0299,-0.024,-0.0236,47.452,22.8048,-72.529,87.7756,19.8895
2025-01-01 09:59:50,-0.5666,-0.8899,-3.36,2.0089,27.4301,40.6207,71.9685,-0.0299,-0.024,-0.0236,47.452,22.8048,-72.529,87.7756,19.8895
2025-01-01 10:00:00,-0.5666,-0.8899,-3.36,2.0089,27.4301,39.1976,71.9685,-0.0299,-0.024,-0.0236,47.452,22.8048,-72.529,87.7756,19.8895
2025-01-01 10:00:10,-0.5666,-0.8899,-3.36,2.0089,27.4301,39.1976,71.9685,-0.0299,-0.024,-0.0236,47.452,22.8048,-71.29,87.7756,19.8895
2025-01-01 10:00:20,-0.5666,-0.8899,-3.36,2.0089,27.4301,39.1976,71.9685,-0.0299,-0.0234,-0.0236,47.452,22.8048,-71.29,87.7756,19.8895
2025-01-01 10:00:30,-0.5666,-0.8899,-3.36,2.0089,27.4301,39.1976,71.9685,-0.0299,-0.0234,-0.0236,47.452,23.248,-71.29,87.7756,19.8895
2025-01-01 10:00:40,-0.5666,-0.8899,-3.36,2.0741,27.4301,39.1976,71.9685,-0.0299,-0.0234,-0.0236,47.452,23.248,-71.29,87.7756,19.8895
2025-01-01 10:00:50,-0.5666,-0.7103,-3.36,2.0741,27.4301,39.1976,71.9685,-0.0299,-0.0234,-0.0236,47.452,23.248,-71.29,87.7756,19.8895
2025-01-01 10:01:00,-0.5666,-0.7103,-3.36,2.0741,27.4301,39.1976,71.9685,-0.0299,-0.0204,-0.0236,47.452,23.248,-71.29,87.7756,19.8895
2025-01-01 10:01:10,-0.5666,-0.7103,-3.36,2.0741,27.4301,39.1976,71.9685,-0.0299,-0.0204,-0.0236,47.452,23.248,-71.29,92.0123,19.8895
2025-01-01 10:01:20,-0.5666,-0.7103,-3.36,1.8918,27.4301,39.1976,71.9685,-0.0299,-0.0204,-0.0236,47.452,23.248,-71.29,92.0123,19.8895
2025-01-01 10:01:30,-0.5666,-0.7103,-3.36,1.8918,27.4301,39.1976,71.9685,-0.0299,-0.0204,-0.0236,47.452,21.6744,-71.29,92.0123,19.8895
2025-01-01 10:01:40,-0.5666,-0.7103,-3.36,1.8918,27.4301,39.1976,71.9685,-0.0299,-0.0263,-0.0236,47.452,21.6744,-71.29,92.0123,19.8895
2025-01-01 10:01:50,-0.5666,-0.7103,-3.36,1.8918,27.4301,39.5275,71.9685,-0.0299,-0.0263,-0.0236,47.452,21.6744,-71.29,92.0123,19.8895
2025-01-01 10:02:00,-0.5666,-0.7103,-3.36,1.8918,27.4301,39.5275,71.9685,-0.0299,-0.0263,-0.0236,47.452,21.6744,-69.8775,92.0123,19.8895
2025-01-01 10:02:10,-0.5666,-0.7103,-3.36,1.8918,27.4301,39.5275,71.9685,-0.0299,-0.0263,-0.0236,47.452,21.6744,-69.8775,92.0123,20.2422
2025-01-01 10:02:20,-0.5666,-0.7103,-3.36,1.8918,27.4301,39.5275,71.9685,-0.0299,-0.0263,-0.0236,46.5071,21.6744,-69.8775,92.0123,20.2422
2025-01-01 10:02:30,-0.5666,-0.7103,-3.36,1.8918,27.3415,39.5275,71.9685,-0.0299,-0.0263,-0.0236,46.5071,21.6744,-69.8775,92.0123,20.2422
2025-01-01 10:02:40,-0.5666,-0.7103,-3.36,1.8918,27.4813,39.5275,71.9685,-0.0299,-0.0263,-0.0236,46.5071,21.6744,-69.8775,92.0123,20.2422
2025-01-01 10:02:50,-0.5666,-0.7103,-3.36,1.8918,27.4813,39.5275,71.9685,-0.0299,-0.0263,-0.0236,46.5071,22.5,-69.8775,92.0123,20.2422
2025-01-01 10:03:00,-0.5666,-0.7103,-2.7908,1.8918,27.4813,39.5275,71.9685,-0.0299,-0.0263,-0.0236,46.5071,22.5,-69.8775,92.0123,20.2422
2025-01-01 10:03:10,-0.5666,-0.7103,-2.7908,1.8918,27.5678,39.5275,71.9685,-0.0299,-0.0263,-0.0236,46.5071,22.5,-69.8775,92.0123,20.2422
2025-01-01 10:03:20,-0.5666,-0.7103,-2.7908,1.8918,27.5678,39.5275,71.9685,-0.0299,-0.0263,-0.026,46.5071,22.5,-69.8775,92.0123,20.2422
2025-01-01 10:03:30,-0.5666,-0.7103,-2.7908,1.8918,27.5678,39.5275,71.9685,-0.0299,-0.0263,-0.026,46.5071,22.5,-69.8775,92.0123,20.5256
2025-01-01 10:03:40,-0.5666,-0.7103,-2.7908,1.8918,27.5678,39.5275,71.9685,-0.0299,-0.0263,-0.026,46.5071,22.5,-69.8775,91.3061,20.5256
2025-01-01 10:03:50,-0.8539,-0.7103,-2.7908,1.8918,27.5678,39.5275,71.9685,-0.0299,-0.0263,-0.026,46.5071,22.5,-69.8775,91.3061,20.5256
2025-01-01 10:04:00,-0.8539,-0.7103,-2.7908,1.8918,27.5678,39.5275,71.9685,-0.0299,-0.0263,-0.026,48.2478,22.5,-69.8775,91.3061,20.5256
2025-01-01 10:04:10,-0.8539,-0.7103,-2.7908,1.8918,27.5678,39.5275,71.9685,-0.0299,-0.0263,-0.0205,48.2478,22.5,-69.8775,91.3061,20.5256
2025-01-01 10:04:20,-0.8539,-0.8838,-2.7908,1.8918,27.5678,39.5275,71.9685,-0.0299,-0.0263,-0.0205,48.2478,22.5,-69.8775,91.3061,20.5256
2025-01-01 10:04:30,-0.8539,-0.8838,-2.7908,1.8918,27.5678,39.5275,71.9685,-0.0299,-0.0263,-0.0226,48.2478,22.5,-69.8775,91.3061,20.5256
2025-01-01 10:04:40,-0.8539,-0.8838,-2.7908,1.8918,27.5678,39.5275,71.9685,-0.0299,-0.0263,-0.0226,48.2478,22.5,-74.7854,91.3061,20.5256
2025-01-01 10:04:50,-0.8539,-0.8838,-2.7908,1.8918,27.5678,39.5275,71.9685,-0.0299,-0.0263,-0.0226,47.6619,22.5,-74.7854,91.3061,20.5256
2025-01-01 10:05:00,-0.8539,-0.8838,-2.7908,1.8918,27.5678,39.5275,71.9685,-0.0299,-0.0263,-0.0226,47.6619,22.306,-74.7854,91.3061,20.5256
2025-01-01 10:05:10,-0.8539,-0.8838,-2.7908,1.8918,27.5678,39.5275,71.9685,-0.0299,-0.0263,-0.0226,47.6619,22.306,-73.2534,91.3061,20.5256
2025-01-01 10:05:20,-0.8539,-0.8838,-2.7908,1.8918,27.5678,39.5275,71.9685,-0.0299,-0.0263,-0.0226,46.7212,22.306,-73.2534,91.3061,20.5256
2025-01-01 10:05:30,-0.8539,-0.8838,-2.7908,1.8918,27.5678,39.5275,71.9685,-0.0299,-0.0263,-0.0226,48.3855,22.306,-73.2534,91.3061,20.5256
2025-01-01 10:05:40,-0.8539,-0.8838,-2.7908,1.8918,27.5678,39.5275,71.9685,-0.0269,-0.0263,-0.0226,48.3855,22.306,-73.2534,91.3061,20.5256
2025-01-01 10:05:50,-0.8539,-0.8838,-2.7908,1.8918,27.5678,39.5275,71.9685,-0.0269,-0.0263,-0.0226,49.1652,22.306,-73.2534,91.3061,20.5256
2025-01-01 10:06:00,-0.8539,-0.8838,-2.7908,1.8918,27.5678,39.5275,71.9685,-0.0202,-0.0263,-0.0226,49.1652,22.306,-73.2534,91.3061,20.5256
2025-01-01 10:06:10,-0.8539,-0.9652,-2.7908,1.8918,27.5678,39.5275,71.9685,-0.0202,-0.0263,-0.0226,49.1652,22.306,-73.2534,91.3061,20.5256
2025-01-01 10:06:20,-0.8539,-0.9652,-2.7908,1.8918,27.5678,39.5275,71.9685,-0.0202,-0.0208,-0.0226,49.1652,22.306,-73.2534,91.3061,20.5256
2025-01-01 10:06:30,-0.8539,-0.9652,-2.7908,1.8918,27.5678,39.5275,71.9685,-0.0202,-0.0208,-0.0226,45.8078,22.306,-73.2534,91.3061,20.5256
2025-01-01 10:06:40,-0.8539,-0.9652,-2.7908,1.8918,27.5678,39.5275,71.9685,-0.0202,-0.0208,-0.0226,45.8078,22.306,-69.0147,91.3061,20.5256
2025-01-01 10:06:50,-0.8539,-0.9652,-2.9027,1.8918,27.5678,39.5275,71.9685,-0.0202,-0.0208,-0.0226,45.8078,22.306,-69.0147,91.3061,20.5256
2025-01-01 10:07:00,-0.8539,-0.9652,-2.9027,1.8918,27.5678,39.5275,71.9685,-0.0202,-0.025,-0.0226,45.8078,22.306,-69.0147,91.3061,20.5256
2025-01-01 10:07:10,-1.3419,-0.9652,-2.9027,1.8918,27.5678,39.5275,71.9685,-0.0202,-0.025,-0.0226,45.8078,22.306,-69.0147,91.3061,20.5256
2025-01-01 10:07:20,-1.3419,-0.9652,-2.9027,1.8918,27.5182,39.5275,71.9685,-0.0202,-0.025,-0.0226,45.8078,22.306,-69.0147,91.3061,20.5256
2025-01-01 10:07:30,-1.3419,-0.9652,-2.9027,2.2962,27.5182,39.5275,71.9685,-0.0202,-0.025,-0.0226,45.8078,22.306,-69.0147,91.3061,20.5256
2025-01-01 10:07:40,-1.3419,-0.9652,-3.4441,2.2962,27.5182,39.5275,71.9685,-0.0202,-0.025,-0.0226,45.8078,22.306,-69.0147,91.3061,20.5256
2025-01-01 10:07:50,-1.3419,-0.9652,-3.4441,2.2962,27.5182,39.5275,71.9685,-0.0202,-0.025,-0.0226,46.5513,22.306,-69.0147,91.3061,20.5256
2025-01-01 10:08:00,-1.3419,-0.9652,-3.4441,2.2962,27.5182,39.5275,71.9685,-0.0253,-0.025,-0.0226,46.5513,22.306,-69.0147,91.3061,20.5256
2025-01-01 10:08:10,-1.3419,-0.9652,-3.4441,2.0056,27.5182,39.5275,71.9685,-0.0253,-0.025,-0.0226,46.5513,22.306,-69.0147,91.3061,20.5256
2025-01-01 10:08:20,-1.1684,-0.9652,-3.4441,2.0056,27.5182,39.5275,71.9685,-0.0253,-0.025,-0.0226,46.5513,22.306,-69.0147,91.3061,20.5256
2025-01-01 10:08:30,-1.1684,-0.9652,-3.4441,2.0056,27.5182,39.5275,71.9685,-0.0253,-0.025,-0.0178,46.5513,22.306,-69.0147,91.3061,20.5256
2025-01-01 10:08:40,-1.1684,-0.9652,-3.4441,2.0056,27.5182,39.5275,71.3587,-0.0253,-0.025,-0.0178,46.5513,22.306,-69.0147,91.3061,20.5256
2025-01-01 10:08:50,-1.2182,-0.9652,-3.4441,2.0056,27.5182,39.5275,71.3587,-0.0253,-0.025,-0.0178,46.5513,22.306,-69.0147,91.3061,20.5256
2025-01-01 10:09:00,-1.2182,-0.9652,-3.4441,1.8887,27.5182,39.5275,71.3587,-0.0253,-0.025,-0.0178,46.5513,22.306,-69.0147,91.3061,20.5256
2025-01-01 10:09:10,-1.2182,-0.9652,-3.4441,1.8887,27.5182,40.2917,71.3587,-0.0253,-0.025,-0.0178,46.5513,22.306,-69.0147,91.3061,20.5256
2025-01-01 10:09:20,-1.2182,-0.9652,-3.4441,1.8887,27.5182,40.2917,71.3587,-0.0253,-0.0221,-0.0178,46.5513,22.306,-69.0147,91.3061,20.5256
2025-01-01 10:09:30,-1.2182,-0.9652,-3.4441,1.8887,27.5182,40.2917,71.3587,-0.0158,-0.0221,-0.0178,46.5513,22.306,-69.0147,91.3061,20.5256
2025-01-01 10:09:40,-1.2182,-0.9652,-3.4441,1.8887,27.5182,40.2917,71.3587,-0.0158,-0.0221,-0.0171,46.5513,22.306,-69.0147,91.3061,20.5256
2025-01-01 10:09:50,-1.2182,-0.9652,-3.4441,1.8887,27.5182,38.0376,71.3587,-0.0158,-0.0221,-0.0171,46.5513,22.306,-69.0147,91.3061,20.5256
2025-01-01 10:10:00,-1.2182,-0.9652,-3.4441,1.8887,27.5251,38.0376,71.3587,-0.0158,-0.0221,-0.0171,46.5513,22.306,-69.0147,91.3061,20.5256
2025-01-01 10:10:10,-1.2182,-1.083,-3.4441,1.8887,27.5251,38.0376,71.3587,-0.0158,-0.0221,-0.0171,46.5513,22.306,-69.0147,91.3061,20.5256
2025-01-01 10:10:20,-1.2182,-1.083,-3.4441,1.8887,27.5251,40.6973,71.3587,-0.0158,-0.0221,-0.0171,46.5513,22.306,-69.0147,91.3061,20.5256
2025-01-01 10:10:30,-1.2182,-1.083,-3.4441,1.8887,27.5251,40.6973,71.3587,-0.0158,-0.0221,-0.0171,46.5513,22.306,-69.0147,89.6719,20.5256
2025-01-01 10:10:40,-0.865,-1.083,-3.4441,1.8887,27.5251,40.6973,71.3587,-0.0158,-0.0221,-0.0171,46.5513,22.306,-69.0147,89.6719,20.5256
2025-01-01 10:10:50,-0.865,-1.083,-3.4441,1.8887,27.5251,40.6973,71.3587,-0.0158,-0.0236,-0.0171,46.5513,22.306,-69.0147,89.6719,20.5256
2025-01-01 10:11:00,-0.865,-1.083,-3.4441,1.8887,27.5251,40.6973,71.3587,-0.0158,-0.0236,-0.0171,46.5513,22.306,-69.0147,89.6719,19.0718
2025-01-01 10:11:10,-0.865,-1.083,-3.4441,1.8887,27.5111,40.6973,71.3587,-0.0158,-0.0236,-0.0171,46.5513,22.306,-69.0147,89.6719,19.0718
2025-01-01 10:11:20,-0.865,-1.083,-3.4441,1.8887,27.5111,40.6973,71.3587,-0.0158,-0.0236,-0.0171,46.5513,22.306,-73.9282,89.6719,19.0718
2025-01-01 10:11:30,-0.865,-1.083,-3.4441,1.8887,27.5111,40.6973,71.3587,-0.0158,-0.0236,-0.0171,49.0482,22.306,-73.9282,89.6719,19.0718
2025-01-01 10:11:40,-0.865,-1.083,-3.4441,1.8887,27.5111,40.6973,71.3587,-0.0158,-0.0236,-0.0171,49.0482,22.306,-74.0768,89.6719,19.0718
2025-01-01 10:11:50,-0.865,-1.083,-3.4441,1.8887,27.5111,40.6973,71.3587,-0.0158,-0.0236,-0.0171,49.0482,22.306,-74.0768,89.0904,19.0718
2025-01-01 10:12:00,-0.865,-1.083,-3.4441,1.8887,27.5111,40.6973,71.3587,-0.0158,-0.0236,-0.0171,49.0482,22.3366,-74.0768,89.0904,19.0718
2025-01-01 10:12:10,-0.865,-1.083,-3.4441,1.8887,27.5111,40.6973,71.3587,-0.0158,-0.0236,-0.0171,49.0482,22.3366,-74.0768,94.8091,19.0718
2025-01-01 10:12:20,-0.865,-1.083,-3.4441,1.8887,27.5111,40.6973,71.3587,-0.0158,-0.0236,-0.0171,49.0482,22.346,-74.0768,94.8091,19.0718
2025-01-01 10:12:30,-0.865,-1.083,-3.4441,1.8887,27.5111,40.6973,71.3587,-0.0158,-0.0236,-0.0171,46.768,22.346,-74.0768,94.8091,19.0718
2025-01-01 10:12:40,-0.865,-1.083,-3.4441,1.8887,27.5111,40.6973,71.3587,-0.0158,-0.0236,-0.0171,46.768,22.346,-70.9674,94.8091,19.0718
2025-01-01 10:12:50,-0.5083,-1.083,-3.4441,1.8887,27.5111,40.6973,71.3587,-0.0158,-0.0236,-0.0171,46.768,22.346,-70.9674,94.8091,19.0718
2025-01-01 10:13:00,-0.5083,-1.083,-3.4441,1.8887,27.5111,40.6973,71.3587,-0.0158,-0.0236,-0.0191,46.768,22.346,-70.9674,94.8091,19.0718
2025-01-01 10:13:10,-1.0972,-1.083,-3.4441,1.8887,27.5111,40.6973,71.3587,-0.0158,-0.0236,-0.0191,46.768,22.346,-70.9674,94.8091,19.0718
2025-01-01 10:13:20,-1.0972,-1.083,-3.4441,2.0744,27.5111,40.6973,71.3587,-0.0158,-0.0236,-0.0191,46.768,22.346,-70.9674,94.8091,19.0718
2025-01-01 10:13:30,-1.0972,-1.083,-3.4441,2.0744,27.5111,40.6973,71.3587,-0.0158,-0.0236,-0.0191,46.768,22.346,-72.3801,94.8091,19.0718
2025-01-01 10:13:40,-1.0972,-1.083,-3.4441,2.0744,27.5111,40.6973,71.3587,-0.0158,-0.0236,-0.0231,46.768,22.346,-72.3801,94.8091,19.0718
2025-01-01 10:13:50,-1.0972,-1.083,-3.4441,2.0744,27.5111,40.6973,71.3587,-0.0158,-0.0236,-0.0231,48.283,22.346,-72.3801,94.8091,19.0718
2025-01-01 10:14:00,-1.0972,-1.083,-3.4441,2.0744,27.5111,40.6973,71.3587,-0.0291,-0.0236,-0.0231,48.283,22.346,-72.3801,94.8091,19.0718
2025-01-01 10:14:10,-1.0972,-1.083,-3.4441,2.0744,27.5111,40.6973,71.3587,-0.0291,-0.0236,-0.0231,48.4886,22.346,-72.3801,94.8091,19.0718
2025-01-01 10:14:20,-1.0972,-1.083,-3.4441,2.0744,27.5111,40.6973,71.3587,-0.0291,-0.0236,-0.0231,48.4886,23.4005,-72.3801,94.8091,19.0718
2025-01-01 10:14:30,-1.0972,-1.083,-3.4441,2.0744,27.5111,40.6973,71.3587,-0.0291,-0.0249,-0.0231,48.4886,23.4005,-72.3801,94.8091,19.0718
2025-01-01 10:14:40,-1.0972,-1.083,-3.4441,2.0744,27.5111,40.6973,71.3587,-0.0291,-0.0249,-0.0231,49.2955,23.4005,-72.3801,94.8091,19.0718
2025-01-01 10:14:50,-1.0972,-1.083,-3.4441,2.0744,27.5657,40.6973,71.3587,-0.0291,-0.0249,-0.0231,49.2955,23.4005,-72.3801,94.8091,19.0718
2025-01-01 10:15:00,-1.0972,-1.083,-3.4441,2.0744,27.5657,40.6973,71.3587,-0.0291,-0.0249,-0.0231,49.2955,23.4005,-72.3801,94.8091,20.4041
2025-01-01 10:15:10,-1.0972,-1.083,-3.4441,1.9441,27.5657,40.6973,71.3587,-0.0291,-0.0249,-0.0231,49.2955,23.4005,-72.3801,94.8091,20.4041
2025-01-01 10:15:20,-1.0972,-1.083,-3.4441,1.9441,27.5657,40.6973,71.3587,-0.0291,-0.0249,-0.0185,49.2955,23.4005,-72.3801,94.8091,20.4041
2025-01-01 10:15:30,-1.0972,-1.083,-3.4441,1.9441,27.5657,40.6973,71.3587,-0.0291,-0.0249,-0.0185,49.2955,22.3804,-72.3801,94.8091,20.4041
2025-01-01 10:15:40,-1.0972,-1.083,-3.4441,1.9441,27.4936,40.6973,71.3587,-0.0291,-0.0249,-0.0185,49.2955,22.3804,-72.3801,94.8091,20.4041
2025-01-01 10:15:50,-1.0972,-1.083,-3.4441,1.9441,27.4936,40.6973,71.3587,-0.0291,-0.0249,-0.0185,49.2955,22.1283,-72.3801,94.8091,20.4041
2025-01-01 10:16:00,-1.0972,-1.083,-3.4441,1.9441,27.4936,40.6973,71.3587,-0.0291,-0.0249,-0.0278,49.2955,22.1283,-72.3801,94.8091,20.4041
2025-01-01 10:16:10,-1.0972,-1.083,-3.4441,1.8505,27.4936,40.6973,71.3587,-0.0291,-0.0249,-0.0278,49.2955,22.1283,-72.3801,94.8091,20.4041
2025-01-01 10:16:20,-1.0972,-1.083,-3.4441,1.8505,27.4936,40.6973,71.3587,-0.0291,-0.0224,-0.0278,49.2955,22.1283,-72.3801,94.8091,20.4041
2025-01-01 10:16:30,-1.0972,-1.083,-3.4441,1.8505,27.4936,40.6973,71.3587,-0.0291,-0.0318,-0.0278,49.2955,22.1283,-72.3801,94.8091,20.4041
2025-01-01 10:16:40,-1.0972,-1.083,-3.4441,1.8505,27.4936,40.6973,71.3587,-0.0291,-0.0318,-0.0278,49.2955,22.1283,-72.3801,90.0089,20.4041
2025-01-01 10:16:50,-1.0972,-1.083,-3.4441,1.8505,27.4936,40.6973,71.3587,-0.0291,-0.0318,-0.0278,46.1738,22.1283,-72.3801,90.0089,20.4041
2025-01-01 10:17:00,-1.0972,-1.083,-3.4441,1.8505,27.4936,39.1724,71.3587,-0.0291,-0.0318,-0.0278,46.1738,22.1283,-72.3801,90.0089,20.4041
2025-01-01 10:17:10,-0.8773,-1.083,-3.4441,1.8505,27.4936,39.1724,71.3587,-0.0291,-0.0318,-0.0278,46.1738,22.1283,-72.3801,90.0089,20.4041
2025-01-01 10:17:20,-0.8773,-1.083,-3.4441,1.8659,27.4936,39.1724,71.3587,-0.0291,-0.0318,-0.0278,46.1738,22.1283,-72.3801,90.0089,20.4041
2025-01-01 10:17:30,-0.8773,-1.083,-3.4441,1.97,27.4936,39.1724,71.3587,-0.0291,-0.0318,-0.0278,46.1738,22.1283,-72.3801,90.0089,20.4041
2025-01-01 10:17:40,-0.8773,-1.083,-3.4441,1.97,27.4936,38.5207,71.3587,-0.0291,-0.0318,-0.0278,46.1738,22.1283,-72.3801,90.0089,20.4041
2025-01-01 10:17:50,-0.8773,-1.083,-3.4441,1.97,27.4936,38.0983,71.3587,-0.0291,-0.0318,-0.0278,46.1738,22.1283,-72.3801,90.0089,20.4041
2025-01-01 10:18:00,-0.8773,-1.083,-3.4441,1.8819,27.4936,38.0983,71.3587,-0.0291,-0.0318,-0.0278,46.1738,22.1283,-72.3801,90.0089,20.4041
2025-01-01 10:18:10,-0.8773,-1.083,-3.4441,1.8819,27.4936,38.0983,75.3923,-0.0291,-0.0318,-0.0278,46.1738,22.1283,-72.3801,90.0089,20.4041
2025-01-01 10:18:20,-0.8773,-1.083,-2.2792,1.8819,27.4936,38.0983,75.3923,-0.0291,-0.0318,-0.0278,46.1738,22.1283,-72.3801,90.0089,20.4041
2025-01-01 10:18:30,-0.8773,-0.6644,-2.2792,1.8819,27.4936,38.0983,75.3923,-0.0291,-0.0318,-0.0278,46.1738,22.1283,-72.3801,90.0089,20.4041
2025-01-01 10:18:40,-0.8773,-0.6644,-2.2792,1.8819,27.4563,38.0983,75.3923,-0.0291,-0.0318,-0.0278,46.1738,22.1283,-72.3801,90.0089,20.4041
2025-01-01 10:18:50,-0.8773,-0.6644,-2.2792,1.8819,27.4563,38.0983,75.3923,-0.0291,-0.0318,-0.0278,49.3388,22.1283,-72.3801,90.0089,20.4041
2025-01-01 10:19:00,-0.8773,-0.6644,-2.2792,1.8819,27.4563,38.0983,75.3923,-0.0291,-0.0318,-0.0273,49.3388,22.1283,-72.3801,90.0089,20.4041
2025-01-01 10:19:10,-0.8773,-0.6644,-2.2792,1.8819,27.4563,38.0983,75.3923,-0.0291,-0.0318,-0.0273,49.3388,22.1283,-72.3801,90.0089,20.3981
2025-01-01 10:19:20,-0.8773,-0.6644,-2.2792,1.8819,27.4563,38.0983,75.3923,-0.0291,-0.0185,-0.0273,49.3388,22.1283,-72.3801,90.0089,20.3981
2025-01-01 10:19:30,-0.8773,-0.6644,-2.2792,1.8819,27.4563,38.0983,72.6868,-0.0291,-0.0185,-0.0273,49.3388,22.1283,-72.3801,90.0089,20.3981
2025-01-01 10:19:40,-0.8773,-0.6644,-2.2792,1.8819,27.5879,38.0983,72.6868,-0.0291,-0.0185,-0.0273,49.3388,22.1283,-72.3801,90.0089,20.3981
2025-01-01 10:19:50,-0.8773,-0.6644,-2.2792,1.8819,27.5879,38.0983,72.6868,-0.0291,-0.0185,-0.0273,49.3388,22.1283,-71.9799,90.0089,20.3981
2025-01-01 10:20:00,-0.8773,-0.9466,-2.2792,1.8819,27.5879,38.0983,72.6868,-0.0291,-0.0185,-0.0273,49.3388,22.1283,-71.9799,90.0089,20.3981
2025-01-01 10:20:10,-0.8773,-0.7549,-2.2792,1.8819,27.5879,38.0983,72.6868,-0.0291,-0.0185,-0.0273,49.3388,22.1283,-71.9799,90.0089,20.3981
2025-01-01 10:20:20,-0.8773,-0.7549,-2.2792,1.8819,27.5879,38.0983,72.6868,-0.0291,-0.0185,-0.0273,48.0461,22.1283,-71.9799,90.0089,20.3981
2025-01-01 10:20:30,-0.8773,-0.7549,-2.2792,1.8819,27.5879,38.0983,72.6868,-0.0291,-0.033,-0.0273,48.0461,22.1283,-71.9799,90.0089,20.3981
2025-01-01 10:20:40,-0.8773,-0.7549,-2.2792,1.8819,27.5879,38.0983,76.7722,-0.0291,-0.033,-0.0273,48.0461,22.1283,-71.9799,90.0089,20.3981
2025-01-01 10:20:50,-0.8773,-0.7549,-2.2792,1.8819,27.5879,38.0983,76.7722,-0.0291,-0.033,-0.0273,48.0461,22.1283,-71.9799,91.0525,20.3981
2025-01-01 10:21:00,-0.8773,-0.7549,-2.2792,1.8819,27.5879,38.0983,76.7722,-0.0291,-0.033,-0.0273,48.0461,22.1283,-68.2353,91.0525,20.3981
2025-01-01 10:21:10,-0.8773,-0.7549,-2.2792,1.8819,27.5879,38.0983,76.7722,-0.0291,-0.0168,-0.0273,48.0461,22.1283,-68.2353,91.0525,20.3981
2025-01-01 10:21:20,-0.8773,-0.7549,-2.2792,1.8819,27.5879,38.0983,76.7722,-0.0291,-0.0168,-0.0198,48.0461,22.1283,-68.2353,91.0525,20.3981
2025-01-01 10:21:30,-0.8773,-0.7549,-2.2792,1.8819,27.5879,38.0983,76.7722,-0.0291,-0.0168,-0.0198,48.0461,22.1283,-68.2353,87.6812,20.3981
2025-01-01 10:21:40,-0.8773,-0.7549,-2.2792,1.8819,27.5879,40.5727,76.7722,-0.0291,-0.0168,-0.0198,48.0461,22.1283,-68.2353,87.6812,20.3981
2025-01-01 10:21:50,-0.8773,-0.7549,-2.2792,1.8819,27.5879,40.5727,76.7722,-0.0291,-0.0168,-0.0198,48.0461,22.1283,-68.2353,87.6812,20.7824
2025-01-01 10:22:00,-0.8773,-0.7549,-2.2792,1.8819,27.5879,40.5727,76.7722,-0.0291,-0.0168,-0.0198,48.0461,22.0053,-68.2353,87.6812,20.7824
2025-01-01 10:22:10,-0.8773,-0.7549,-2.9955,1.8819,27.5879,40.5727,76.7722,-0.0291,-0.0168,-0.0198,48.0461,22.0053,-68.2353,87.6812,20.7824
2025-01-01 10:22:20,-0.8773,-0.7549,-3.1079,1.8819,27.5879,40.5727,76.7722,-0.0291,-0.0168,-0.0198,48.0461,22.0053,-68.2353,87.6812,20.7824
2025-01-01 10:22:30,-0.8773,-0.7549,-1.8179,1.8819,27.5879,40.5727,76.7722,-0.0291,-0.0168,-0.0198,48.0461,22.0053,-68.2353,87.6812,20.7824
2025-01-01 10:22:40,-0.8773,-0.7549,-2.2004,1.8819,27.5879,40.5727,76.7722,-0.0291,-0.0168,-0.0198,48.0461,22.0053,-68.2353,87.6812,20.7824
2025-01-01 10:22:50,-0.8773,-0.7549,-2.2004,1.8819,27.5879,40.5727,76.7722,-0.0291,-0.0168,-0.0336,48.0461,22.0053,-68.2353,87.6812,20.7824
2025-01-01 10:23:00,-0.8773,-0.7549,-2.2004,1.8819,27.5879,40.5727,76.7722,-0.0291,-0.0168,-0.0325,48.0461,22.0053,-68.2353,87.6812,20.7824
2025-01-01 10:23:10,-0.8773,-0.7549,-2.2004,1.9082,27.5879,40.5727,76.7722,-0.0291,-0.0168,-0.0325,48.0461,22.0053,-68.2353,87.6812,20.7824
2025-01-01 10:23:20,-0.8773,-0.7549,-2.2004,1.9082,27.5879,40.5727,85.0705,-0.0291,-0.0168,-0.0325,48.0461,22.0053,-68.2353,87.6812,20.7824
2025-01-01 10:23:30,-0.8773,-0.8875,-2.2004,1.9082,27.5879,40.5727,85.0705,-0.0291,-0.0168,-0.0325,48.0461,22.0053,-68.2353,87.6812,20.7824
2025-01-01 10:23:40,-0.8773,-0.8875,-2.2004,1.9082,27.5879,40.5727,85.0705,-0.0291,-0.0168,-0.0325,47.1874,22.0053,-68.2353,87.6812,20.7824
2025-01-01 10:23:50,-0.8773,-0.8875,-2.2004,1.9082,27.5879,40.5727,85.0705,-0.0291,-0.0266,-0.0325,47.1874,22.0053,-68.2353,87.6812,20.7824
2025-01-01 10:24:00,-0.8773,-0.8875,-2.2004,2.0284,27.5879,40.5727,85.0705,-0.0291,-0.0266,-0.0325,47.1874,22.0053,-68.2353,87.6812,20.7824
2025-01-01 10:24:10,-0.9485,-0.8875,-2.2004,2.0284,27.5879,40.5727,85.0705,-0.0291,-0.0266,-0.0325,47.1874,22.0053,-68.2353,87.6812,20.7824
2025-01-01 10:24:20,-0.9485,-0.8875,-2.2004,2.0284,27.5879,40.5727,85.0705,-0.0291,-0.0256,-0.0325,47.1874,22.0053,-68.2353,87.6812,20.7824
2025-01-01 10:24:30,-0.9485,-0.8875,-2.2004,2.0284,27.5879,40.5727,85.0705,-0.0291,-0.0256,-0.0293,47.1874,22.0053,-68.2353,87.6812,20.7824
2025-01-01 10:24:40,-0.9485,-0.8875,-2.2004,2.0284,27.5879,40.5727,85.0705,-0.0203,-0.0256,-0.0293,47.1874,22.0053,-68.2353,87.6812,20.7824
2025-01-01 10:24:50,-0.9485,-0.8875,-2.2004,2.0284,27.5879,40.5727,85.0705,-0.0203,-0.0256,-0.0239,47.1874,22.0053,-68.2353,87.6812,20.7824
2025-01-01 10:25:00,-0.9485,-0.8875,-2.2004,2.0284,27.5879,40.5727,85.0705,-0.0203,-0.0256,-0.0239,47.1874,22.0053,-68.2353,92.7994,20.7824
2025-01-01 10:25:10,-0.9485,-0.9267,-2.2004,2.0284,27.5879,40.5727,85.0705,-0.0203,-0.0256,-0.0239,47.1874,22.0053,-68.2353,92.7994,20.7824
2025-01-01 10:25:20,-0.9485,-0.9267,-2.2004,2.0284,27.5879,40.5727,85.0705,-0.0203,-0.0256,-0.0239,49.1945,22.0053,-68.2353,92.7994,20.7824
2025-01-01 10:25:30,-0.9485,-0.9267,-2.2004,2.0284,27.5879,40.5727,85.0705,-0.0203,-0.0256,-0.0239,49.1945,22.5785,-68.2353,92.7994,20.7824
2025-01-01 10:25:40,-0.9485,-0.9267,-2.2004,2.0284,27.5879,38.862,85.0705,-0.0203,-0.0256,-0.0239,49.1945,22.5785,-68.2353,92.7994,20.7824
2025-01-01 10:25:50,-0.9485,-0.9267,-2.2004,2.0284,27.5879,38.862,85.0705,-0.0264,-0.0256,-0.0239,49.1945,22.5785,-68.2353,92.7994,20.7824
2025-01-01 10:26:00,-0.9485,-0.9267,-2.2004,2.0284,27.5879,39.1374,85.0705,-0.0264,-0.0256,-0.0239,49.1945,22.5785,-68.2353,92.7994,20.7824
2025-01-01 10:26:10,-0.9485,-0.9267,-2.2004,2.0284,27.5879,39.1374,85.0705,-0.0264,-0.0256,-0.0239,48.3392,22.5785,-68.2353,92.7994,20.7824
2025-01-01 10:26:20,-0.9485,-0.9267,-2.2004,2.0284,27.5879,39.1374,85.0705,-0.0264,-0.0256,-0.0239,48.3392,22.5785,-74.1835,92.7994,20.7824
2025-01-01 10:26:30,-0.9485,-0.9267,-2.5911,2.0284,27.5879,39.1374,85.0705,-0.0264,-0.0256,-0.0239,48.3392,22.5785,-74.1835,92.7994,20.7824
2025-01-01 10:26:40,-0.9485,-0.9267,-2.5911,2.0284,27.5879,39.1374,85.0705,-0.0264,-0.0256,-0.0239,48.3392,22.5785,-74.1835,91.151,20.7824
2025-01-01 10:26:50,-0.9485,-0.9267,-2.5911,2.0284,27.5879,39.1374,85.0705,-0.0264,-0.0256,-0.019,48.3392,22.5785,-74.1835,91.151,20.7824
2025-01-01 10:27:00,-0.9485,-0.9267,-2.5911,2.0284,27.5879,39.1374,85.0705,-0.0264,-0.0256,-0.019,48.3288,22.5785,-74.1835,91.151,20.7824
2025-01-01 10:27:10,-0.9313,-0.9267,-2.5911,2.0284,27.5879,39.1374,85.0705,-0.0264,-0.0256,-0.019,48.3288,22.5785,-74.1835,91.151,20.7824
2025-01-01 10:27:20,-0.9313,-0.9267,-2.5911,2.0284,27.5879,39.1374,85.0705,-0.0264,-0.0256,-0.019,48.3288,22.5785,-74.1835,91.151,20.21
2025-01-01 10:27:30,-0.9321,-0.9267,-2.5911,2.0284,27.5879,39.1374,85.0705,-0.0264,-0.0256,-0.019,48.3288,22.5785,-74.1835,91.151,20.21
2025-01-01 10:27:40,-0.9321,-0.9267,-2.5911,2.0284,27.5879,39.1374,85.0705,-0.0264,-0.0256,-0.0189,48.3288,22.5785,-74.1835,91.151,20.21
2025-01-01 10:27:50,-0.9321,-0.9267,-2.5911,2.0284,27.5879,39.1374,85.0705,-0.0264,-0.0256,-0.0259,48.3288,22.5785,-74.1835,91.151,20.21
2025-01-01 10:28:00,-0.9321,-0.9267,-2.5911,1.923,27.5879,39.1374,85.0705,-0.0264,-0.0256,-0.0259,48.3288,22.5785,-74.1835,91.151,20.21
2025-01-01 10:28:10,-0.9321,-0.9267,-2.5911,1.923,27.5879,39.1374,85.0705,-0.0264,-0.0275,-0.0259,48.3288,22.5785,-74.1835,91.151,20.21
2025-01-01 10:28:20,-0.9321,-0.9267,-2.5911,1.923,27.5879,39.1374,85.0705,-0.0204,-0.0275,-0.0259,48.3288,22.5785,-74.1835,91.151,20.21
2025-01-01 10:28:30,-0.9321,-0.9267,-2.5911,1.923,27.5879,39.1374,85.0705,-0.0204,-0.0275,-0.0259,46.4993,22.5785,-74.1835,91.151,20.21
2025-01-01 10:28:40,-0.9321,-0.9267,-2.6726,1.923,27.5879,39.1374,85.0705,-0.0204,-0.0275,-0.0259,46.4993,22.5785,-74.1835,91.151,20.21
2025-01-01 10:28:50,-0.9321,-0.9267,-2.6726,1.923,27.5879,39.1374,85.0705,-0.0211,-0.0275,-0.0259,46.4993,22.5785,-74.1835,91.151,20.21
2025-01-01 10:29:00,-0.9321,-0.9267,-2.6726,1.923,27.5879,39.1374,85.0705,-0.0211,-0.0275,-0.0259,46.4993,22.5785,-74.1835,91.151,21.1259
2025-01-01 10:29:10,-0.9321,-0.9267,-2.6726,1.923,27.5879,39.1374,85.0705,-0.0211,-0.0229,-0.0259,46.4993,22.5785,-74.1835,91.151,21.1259
2025-01-01 10:29:20,-0.9321,-0.9267,-3.0263,1.923,27.5879,39.1374,85.0705,-0.0211,-0.0229,-0.0259,46.4993,22.5785,-74.1835,91.151,21.1259
2025-01-01 10:29:30,-0.9321,-0.9267,-3.0263,1.923,27.526,39.1374,85.0705,-0.0211,-0.0229,-0.0259,46.4993,22.5785,-74.1835,91.151,21.1259
2025-01-01 10:29:40,-0.9321,-0.9267,-3.0263,1.923,27.526,39.1374,85.0705,-0.0211,-0.0229,-0.0142,46.4993,22.5785,-74.1835,91.151,21.1259
2025-01-01 10:29:50,-0.9321,-0.9267,-3.0263,1.923,27.526,39.1374,85.0705,-0.0211,-0.0229,-0.0142,46.4993,22.5785,-74.1835,91.151,21.0739
2025-01-01 10:30:00,-0.9321,-0.9267,-3.0263,1.923,27.526,39.1374,85.0705,-0.0211,-0.0229,-0.0142,49.5513,22.5785,-74.1835,91.151,21.0739
2025-01-01 10:30:10,-0.9321,-0.9267,-3.0263,1.9514,27.526,39.1374,85.0705,-0.0211,-0.0229,-0.0142,49.5513,22.5785,-74.1835,91.151,21.0739
2025-01-01 10:30:20,-0.9321,-0.9267,-3.0263,1.9514,27.526,39.1374,85.0705,-0.0211,-0.0229,-0.0142,49.5513,22.5785,-74.1835,91.151,20.599
2025-01-01 10:30:30,-0.9321,-0.9267,-3.0263,1.9514,27.526,39.1374,85.0705,-0.0211,-0.0229,-0.0195,49.5513,22.5785,-74.1835,91.151,20.599
2025-01-01 10:30:40,-0.9321,-0.9267,-3.0263,1.9514,27.526,39.1374,85.0705,-0.0211,-0.0229,-0.0195,46.2902,22.5785,-74.1835,91.151,20.599
2025-01-01 10:30:50,-0.9321,-0.9267,-3.0263,1.9514,27.526,39.1374,85.0705,-0.0211,-0.0229,-0.0195,46.9654,22.5785,-74.1835,91.151,20.599
2025-01-01 10:31:00,-0.9321,-0.9267,-3.0263,1.9514,27.39,39.1374,85.0705,-0.0211,-0.0229,-0.0195,46.9654,22.5785,-74.1835,91.151,20.599
2025-01-01 10:31:10,-0.9321,-0.9267,-3.0263,1.9514,27.39,39.1374,85.0705,-0.0211,-0.0229,-0.0195,46.9654,22.5785,-74.1835,91.151,20.9362
2025-01-01 10:31:20,-0.9321,-0.9267,-3.0263,1.9514,27.39,39.1374,85.0705,-0.0211,-0.0229,-0.0195,46.9654,23.4318,-74.1835,91.151,20.9362
2025-01-01 10:31:30,-0.9321,-0.9267,-3.0263,1.9514,27.39,39.1374,85.0705,-0.0211,-0.0229,-0.0195,46.9654,23.4318,-74.1835,92.3312,20.9362
2025-01-01 10:31:40,-0.9321,-0.9267,-3.0263,1.9514,27.39,39.1374,85.0705,-0.0211,-0.0229,-0.0195,49.5543,23.4318,-74.1835,92.3312,20.9362
2025-01-01 10:31:50,-0.9321,-0.9267,-3.0263,1.9514,27.39,39.1374,85.0705,-0.0211,-0.0229,-0.0195,49.5543,22.3515,-74.1835,92.3312,20.9362
2025-01-01 10:32:00,-1.3664,-0.9267,-3.0263,1.9514,27.39,39.1374,85.0705,-0.0211,-0.0229,-0.0195,49.5543,22.3515,-74.1835,92.3312,20.9362
2025-01-01 10:32:10,-1.3664,-0.9267,-3.0263,1.9514,27.39,39.1374,85.0705,-0.0211,-0.0229,-0.0195,49.5543,22.3515,-73.7111,92.3312,20.9362
2025-01-01 10:32:20,-1.3664,-0.9267,-3.0263,1.8911,27.39,39.1374,85.0705,-0.0211,-0.0229,-0.0195,49.5543,22.3515,-73.7111,92.3312,20.9362
2025-01-01 10:32:30,-1.3664,-0.9267,-3.0263,1.8911,27.39,39.9401,85.0705,-0.0211,-0.0229,-0.0195,49.5543,22.3515,-73.7111,92.3312,20.9362
2025-01-01 10:32:40,-1.3664,-0.9267,-3.0263,1.8911,27.39,39.8513,85.0705,-0.0211,-0.0229,-0.0195,49.5543,22.3515,-73.7111,92.3312,20.9362
2025-01-01 10:32:50,-1.3664,-0.9267,-1.5689,1.8911,27.39,39.8513,85.0705,-0.0211,-0.0229,-0.0195,49.5543,22.3515,-73.7111,92.3312,20.9362
2025-01-01 10:33:00,-1.3664,-0.9267,-1.5689,2.0618,27.39,39.8513,85.0705,-0.0211,-0.0229,-0.0195,49.5543,22.3515,-73.7111,92.3312,20.9362
2025-01-01 10:33:10,-1.3664,-0.9267,-1.5689,1.9452,27.39,39.8513,85.0705,-0.0211,-0.0229,-0.0195,49.5543,22.3515,-73.7111,92.3312,20.9362
2025-01-01 10:33:20,-1.3664,-0.9267,-2.114,1.9452,27.39,39.8513,85.0705,-0.0211,-0.0229,-0.0195,49.5543,22.3515,-73.7111,92.3312,20.9362
2025-01-01 10:33:30,-1.3664,-0.9267,-2.114,1.9452,27.39,39.8513,85.0705,-0.0211,-0.0229,-0.0195,49.5543,22.2783,-73.7111,92.3312,20.9362
2025-01-01 10:33:40,-1.3664,-0.9267,-2.114,1.9452,27.39,39.8513,85.0705,-0.0226,-0.0229,-0.0195,49.5543,22.2783,-73.7111,92.3312,20.9362
2025-01-01 10:33:50,-1.3664,-0.9267,-2.114,1.9452,27.39,39.8513,85.0705,-0.0259,-0.0229,-0.0195,49.5543,22.2783,-73.7111,92.3312,20.9362
2025-01-01 10:34:00,-1.3664,-0.9267,-2.114,1.9147,27.39,39.8513,85.0705,-0.0259,-0.0229,-0.0195,49.5543,22.2783,-73.7111,92.3312,20.9362
2025-01-01 10:34:10,-1.3664,-0.9267,-2.114,1.9147,27.39,39.8513,85.0705,-0.0259,-0.0229,-0.0195,49.5543,22.2783,-72.8431,92.3312,20.9362
2025-01-01 10:34:20,-1.3664,-0.9267,-2.114,1.9147,27.39,39.8513,85.0705,-0.0216,-0.0229,-0.0195,49.5543,22.2783,-72.8431,92.3312,20.9362
2025-01-01 10:34:30,-1.3664,-0.9267,-2.114,1.837,27.39,39.8513,85.0705,-0.0216,-0.0229,-0.0195,49.5543,22.2783,-72.8431,92.3312,20.9362
2025-01-01 10:34:40,-0.8043,-0.9267,-2.114,1.837,27.39,39.8513,85.0705,-0.0216,-0.0229,-0.0195,49.5543,22.2783,-72.8431,92.3312,20.9362
2025-01-01 10:34:50,-0.8043,-0.9267,-2.114,1.837,27.39,39.8513,79.3812,-0.0216,-0.0229,-0.0195,49.5543,22.2783,-72.8431,92.3312,20.9362
2025-01-01 10:35:00,-0.8075,-0.9267,-2.114,1.837,27.39,39.8513,79.3812,-0.0216,-0.0229,-0.0195,49.5543,22.2783,-72.8431,92.3312,20.9362
2025-01-01 10:35:10,-0.8075,-0.9267,-2.114,1.837,27.39,39.8513,79.3812,-0.0216,-0.0229,-0.0273,49.5543,22.2783,-72.8431,92.3312,20.9362
2025-01-01 10:35:20,-0.8075,-0.9267,-2.114,1.837,27.39,37.4776,79.3812,-0.0216,-0.0229,-0.0273,49.5543,22.2783,-72.8431,92.3312,20.9362
2025-01-01 10:35:30,-0.8075,-0.9267,-2.114,1.837,27.39,40.2086,79.3812,-0.0216,-0.0229,-0.0273,49.5543,22.2783,-72.8431,92.3312,20.9362
2025-01-01 10:35:40,-0.8075,-0.9267,-3.4805,1.837,27.39,40.2086,79.3812,-0.0216,-0.0229,-0.0273,49.5543,22.2783,-72.8431,92.3312,20.9362
2025-01-01 10:35:50,-0.8075,-0.9267,-3.4805,1.837,27.39,40.2086,79.3812,-0.0216,-0.0229,-0.0273,49.5543,22.2783,-72.8431,87.6697,20.9362
2025-01-01 10:36:00,-0.8075,-0.9267,-3.4805,1.837,27.39,40.2086,79.3812,-0.0216,-0.0229,-0.0273,46.2002,22.2783,-72.8431,87.6697,20.9362
2025-01-01 10:36:10,-0.8075,-0.9267,-3.4805,1.837,27.39,40.2086,79.3812,-0.0216,-0.0229,-0.0273,47.8723,22.2783,-72.8431,87.6697,20.9362
2025-01-01 10:36:20,-0.8075,-0.9267,-3.4805,1.837,27.39,40.2086,79.3812,-0.0216,-0.0229,-0.0273,47.8723,22.2783,-74.6038,87.6697,20.9362
2025-01-01 10:36:30,-0.8075,-0.7133,-3.4805,1.837,27.39,40.2086,79.3812,-0.0216,-0.0229,-0.0273,47.8723,22.2783,-74.6038,87.6697,20.9362
2025-01-01 10:36:40,-0.8075,-0.7133,-3.4805,1.837,27.39,40.2086,79.3812,-0.0216,-0.0239,-0.0273,47.8723,22.2783,-74.6038,87.6697,20.9362
2025-01-01 10:36:50,-0.8075,-0.7133,-2.37,1.837,27.39,40.2086,79.3812,-0.0216,-0.0239,-0.0273,47.8723,22.2783,-74.6038,87.6697,20.9362
2025-01-01 10:37:00,-0.867,-0.7133,-2.37,1.837,27.39,40.2086,79.3812,-0.0216,-0.0239,-0.0273,47.8723,22.2783,-74.6038,87.6697,20.9362
2025-01-01 10:37:10,-1.1751,-0.7133,-2.37,1.837,27.39,40.2086,79.3812,-0.0216,-0.0239,-0.0273,47.8723,22.2783,-74.6038,87.6697,20.9362
2025-01-01 10:37:20,-1.1751,-0.7133,-2.37,1.9187,27.39,40.2086,79.3812,-0.0216,-0.0239,-0.0273,47.8723,22.2783,-74.6038,87.6697,20.9362
2025-01-01 10:37:30,-1.1751,-0.7133,-2.37,1.9187,27.39,40.2086,79.3812,-0.0216,-0.0239,-0.0273,46.8361,22.2783,-74.6038,87.6697,20.9362
2025-01-01 10:37:40,-1.1751,-0.7133,-2.37,1.9187,27.39,40.2086,79.3812,-0.0216,-0.0239,-0.0273,46.8361,22.2783,-74.6038,93.2818,20.9362
2025-01-01 10:37:50,-1.1751,-0.7133,-2.37,1.9187,27.39,40.2086,79.3812,-0.0216,-0.0274,-0.0273,46.8361,22.2783,-74.6038,93.2818,20.9362
2025-01-01 10:38:00,-1.1751,-0.7133,-2.37,1.9819,27.39,40.2086,79.3812,-0.0216,-0.0274,-0.0273,46.8361,22.2783,-74.6038,93.2818,20.9362
2025-01-01 10:38:10,-1.1751,-0.7133,-2.37,2.1143,27.39,40.2086,79.3812,-0.0216,-0.0274,-0.0273,46.8361,22.2783,-74.6038,93.2818,20.9362
2025-01-01 10:38:20,-1.1751,-0.7133,-2.37,2.1143,27.39,40.2086,79.3812,-0.0216,-0.0219,-0.0273,46.8361,22.2783,-74.6038,93.2818,20.9362
2025-01-01 10:38:30,-1.1751,-0.7133,-2.37,2.1143,27.39,40.2086,79.3812,-0.0216,-0.0219,-0.0273,46.8361,22.2783,-74.6038,93.2818,20.1757
2025-01-01 10:38:40,-1.1751,-0.7133,-2.37,2.1143,27.39,40.2086,79.3812,-0.0284,-0.0219,-0.0273,46.8361,22.2783,-74.6038,93.2818,20.1757
2025-01-01 10:38:50,-1.1751,-0.7133,-2.37,2.1143,27.39,40.2086,79.3812,-0.0284,-0.0219,-0.0216,46.8361,22.2783,-74.6038,93.2818,20.1757
2025-01-01 10:39:00,-1.1751,-0.7133,-2.37,2.1143,27.39,40.7115,79.3812,-0.0284,-0.0219,-0.0216,46.8361,22.2783,-74.6038,93.2818,20.1757
2025-01-01 10:39:10,-1.1751,-0.7133,-2.37,2.1143,27.39,40.7115,79.3812,-0.0284,-0.0219,-0.0216,46.8361,22.2783,-72.5371,93.2818,20.1757
2025-01-01 10:39:20,-1.1751,-0.7133,-2.37,2.1143,27.39,40.7115,72.2943,-0.0284,-0.0219,-0.0216,46.8361,22.2783,-72.5371,93.2818,20.1757
2025-01-01 10:39:30,-1.1751,-0.7133,-2.37,2.1143,27.39,40.7115,72.2943,-0.0284,-0.0219,-0.0216,46.8361,22.2783,-72.5371,87.7015,20.1757
2025-01-01 10:39:40,-1.1751,-0.7133,-2.37,2.0173,27.39,40.7115,72.2943,-0.0284,-0.0219,-0.0216,46.8361,22.2783,-72.5371,87.7015,20.1757
2025-01-01 10:39:50,-1.1751,-0.7133,-2.37,2.0173,27.39,40.7115,72.2943,-0.0284,-0.0219,-0.0216,50.7445,22.2783,-72.5371,87.7015,20.1757
2025-01-01 10:40:00,-1.1751,-0.7133,-2.37,2.0534,27.39,40.7115,72.2943,-0.0284,-0.0219,-0.0216,50.7445,22.2783,-72.5371,87.7015,20.1757
2025-01-01 10:40:10,-1.1751,-0.7133,-2.37,2.0534,27.569,40.7115,72.2943,-0.0284,-0.0219,-0.0216,50.7445,22.2783,-72.5371,87.7015,20.1757
2025-01-01 10:40:20,-1.1751,-0.7133,-2.37,2.0534,27.569,40.7115,72.2943,-0.0284,-0.0241,-0.0216,50.7445,22.2783,-72.5371,87.7015,20.1757
2025-01-01 10:40:30,-0.7114,-0.7133,-2.37,2.0534,27.569,40.7115,72.2943,-0.0284,-0.0241,-0.0216,50.7445,22.2783,-72.5371,87.7015,20.1757
2025-01-01 10:40:40,-0.7114,-0.7133,-2.37,2.0534,27.569,40.7115,72.2943,-0.0284,-0.0241,-0.0216,50.7445,22.9353,-72.5371,87.7015,20.1757
2025-01-01 10:40:50,-0.7114,-0.9088,-2.37,2.0534,27.569,40.7115,72.2943,-0.0284,-0.0241,-0.0216,50.7445,22.9353,-72.5371,87.7015,20.1757
2025-01-01 10:41:00,-0.7114,-0.9088,-2.37,2.0534,27.569,40.7115,72.2943,-0.0284,-0.0241,-0.0216,50.7445,22.9019,-72.5371,87.7015,20.1757
2025-01-01 10:41:10,-0.7114,-0.9088,-2.37,2.0534,27.569,40.7115,72.2943,-0.0284,-0.021,-0.0216,50.7445,22.9019,-72.5371,87.7015,20.1757
2025-01-01 10:41:20,-0.7114,-0.9088,-2.37,2.0534,27.589,40.7115,72.2943,-0.0284,-0.021,-0.0216,50.7445,22.9019,-72.5371,87.7015,20.1757
2025-01-01 10:41:30,-1.1201,-0.9088,-2.37,2.0534,27.589,40.7115,72.2943,-0.0284,-0.021,-0.0216,50.7445,22.9019,-72.5371,87.7015,20.1757
2025-01-01 10:41:40,-1.1201,-0.9088,-2.37,2.0534,27.589,40.7115,69.0203,-0.0284,-0.021,-0.0216,50.7445,22.9019,-72.5371,87.7015,20.1757
2025-01-01 10:41:50,-1.1201,-0.9088,-2.37,2.0534,27.589,41.5634,69.0203,-0.0284,-0.021,-0.0216,50.7445,22.9019,-72.5371,87.7015,20.1757
2025-01-01 10:42:00,-1.1201,-0.9188,-2.37,2.0534,27.589,41.5634,69.0203,-0.0284,-0.021,-0.0216,50.7445,22.9019,-72.5371,87.7015,20.1757
2025-01-01 10:42:10,-1.1201,-0.9188,-2.37,2.0534,27.589,41.5634,69.0203,-0.0284,-0.0147,-0.0216,50.7445,22.9019,-72.5371,87.7015,20.1757
2025-01-01 10:42:20,-1.1201,-0.9188,-2.37,2.0534,27.589,41.5634,69.0203,-0.0284,-0.0147,-0.0216,50.7445,22.6708,-72.5371,87.7015,20.1757
2025-01-01 10:42:30,-1.1201,-0.9188,-2.37,2.0534,27.589,41.5634,69.0203,-0.0284,-0.0147,-0.0216,50.7445,22.6708,-72.0524,87.7015,20.1757
2025-01-01 10:42:40,-1.1201,-0.9188,-2.37,2.0534,27.589,41.5634,69.0203,-0.0147,-0.0147,-0.0216,50.7445,22.6708,-72.0524,87.7015,20.1757
2025-01-01 10:42:50,-1.1201,-0.9188,-2.37,2.0534,27.589,40.6826,69.0203,-0.0147,-0.0147,-0.0216,50.7445,22.6708,-72.0524,87.7015,20.1757
2025-01-01 10:43:00,-1.1201,-0.9188,-2.37,2.0534,27.589,40.6826,69.0203,-0.0147,-0.0147,-0.0216,50.7445,22.6708,-72.0524,87.7015,21.0139
2025-01-01 10:43:10,-1.1201,-0.9188,-2.9592,2.0534,27.589,40.6826,69.0203,-0.0147,-0.0147,-0.0216,50.7445,22.6708,-72.0524,87.7015,21.0139
2025-01-01 10:43:20,-1.1201,-0.9188,-2.9592,2.0534,27.589,40.6826,69.0203,-0.0147,-0.0239,-0.0216,50.7445,22.6708,-72.0524,87.7015,21.0139
2025-01-01 10:43:30,-1.1201,-0.9188,-1.3951,2.0534,27.589,40.6826,69.0203,-0.0147,-0.0239,-0.0216,50.7445,22.6708,-72.0524,87.7015,21.0139
2025-01-01 10:43:40,-1.1201,-0.9188,-1.3951,2.0534,27.589,40.6826,69.0203,-0.0147,-0.0239,-0.0216,50.7445,22.6708,-72.0524,89.9418,21.0139
2025-01-01 10:43:50,-1.1201,-0.9188,-1.3951,2.0534,27.589,40.6826,69.0203,-0.0147,-0.0239,-0.0216,46.6071,22.6708,-72.0524,89.9418,21.0139
2025-01-01 10:44:00,-1.1201,-0.9188,-3.4559,2.0534,27.589,40.6826,69.0203,-0.0147,-0.0239,-0.0216,46.6071,22.6708,-72.0524,89.9418,21.0139
2025-01-01 10:44:10,-1.1201,-0.9188,-3.4559,2.0534,27.589,40.6826,81.0639,-0.0147,-0.0239,-0.0216,46.6071,22.6708,-72.0524,89.9418,21.0139
2025-01-01 10:44:20,-1.1201,-0.9188,-3.4559,2.0534,27.589,40.6826,81.0639,-0.0147,-0.0208,-0.0216,46.6071,22.6708,-72.0524,89.9418,21.0139
2025-01-01 10:44:30,-1.1201,-0.9188,-3.4559,2.0534,27.589,40.6826,66.9928,-0.0147,-0.0208,-0.0216,46.6071,22.6708,-72.0524,89.9418,21.0139
2025-01-01 10:44:40,-1.1201,-0.9188,-3.4559,2.0534,27.589,40.6826,66.9928,-0.0147,-0.0208,-0.0216,48.5562,22.6708,-72.0524,89.9418,21.0139
2025-01-01 10:44:50,-1.1201,-0.9188,-3.4559,2.0534,27.589,40.6826,73.4986,-0.0147,-0.0208,-0.0216,48.5562,22.6708,-72.0524,89.9418,21.0139
2025-01-01 10:45:00,-1.1201,-0.9188,-3.4559,2.0534,27.589,40.6826,73.4986,-0.0147,-0.0208,-0.0216,46.5838,22.6708,-72.0524,89.9418,21.0139
2025-01-01 10:45:10,-1.1201,-0.9188,-3.4559,2.0534,27.589,40.6826,73.4986,-0.0147,-0.0208,-0.0216,46.5838,22.6708,-71.2817,89.9418,21.0139
2025-01-01 10:45:20,-1.1201,-1.0023,-3.4559,2.0534,27.589,40.6826,73.4986,-0.0147,-0.0208,-0.0216,46.5838,22.6708,-71.2817,89.9418,21.0139
2025-01-01 10:45:30,-1.1201,-1.0023,-3.4559,2.0534,27.589,39.1612,73.4986,-0.0147,-0.0208,-0.0216,46.5838,22.6708,-71.2817,89.9418,21.0139
2025-01-01 10:45:40,-1.1201,-1.0023,-3.4559,2.0534,27.589,39.1612,85.1021,-0.0147,-0.0208,-0.0216,46.5838,22.6708,-71.2817,89.9418,21.0139
2025-01-01 10:45:50,-1.1201,-1.0023,-3.4559,2.0534,27.589,39.1612,85.1021,-0.0147,-0.0208,-0.0216,46.5838,22.7561,-71.2817,89.9418,21.0139
2025-01-01 10:46:00,-1.1201,-1.0023,-3.4559,2.0534,27.589,39.1612,75.5182,-0.0147,-0.0208,-0.0216,46.5838,22.7561,-71.2817,89.9418,21.0139
2025-01-01 10:46:10,-1.1201,-1.0023,-3.4559,2.0534,27.5661,39.1612,75.5182,-0.0147,-0.0208,-0.0216,46.5838,22.7561,-71.2817,89.9418,21.0139
2025-01-01 10:46:20,-1.1201,-1.0023,-3.4559,2.0534,27.5661,39.1612,75.9935,-0.0147,-0.0208,-0.0216,46.5838,22.7561,-71.2817,89.9418,21.0139
2025-01-01 10:46:30,-1.1201,-1.0023,-3.4559,2.0534,27.5661,39.1612,75.9935,-0.0147,-0.0208,-0.0216,46.5838,22.7469,-71.2817,89.9418,21.0139
2025-01-01 10:46:40,-1.1201,-1.0023,-3.4559,2.0534,27.5661,39.1612,75.9935,-0.0147,-0.0208,-0.0216,46.5838,22.7469,-71.2817,89.9418,21.2369
2025-01-01 10:46:50,-1.1201,-1.0023,-3.4559,2.0534,27.5661,39.1612,75.9935,-0.0147,-0.0208,-0.0307,46.5838,22.7469,-71.2817,89.9418,21.2369
2025-01-01 10:47:00,-1.1201,-1.0023,-3.4559,2.0534,27.5661,39.1612,75.9935,-0.0147,-0.0208,-0.0307,46.5838,22.7497,-71.2817,89.9418,21.2369
2025-01-01 10:47:10,-1.1201,-1.0023,-3.4559,2.0534,27.5661,39.1612,75.9935,-0.0147,-0.031,-0.0307,46.5838,22.7497,-71.2817,89.9418,21.2369
2025-01-01 10:47:20,-1.1201,-1.0023,-3.4559,2.0534,27.5661,39.1612,81.3936,-0.0147,-0.031,-0.0307,46.5838,22.7497,-71.2817,89.9418,21.2369
2025-01-01 10:47:30,-1.1201,-1.0023,-3.4559,2.0534,27.5661,39.1612,81.3936,-0.0147,-0.031,-0.0307,46.5838,22.7497,-75.7608,89.9418,21.2369
2025-01-01 10:47:40,-1.1201,-1.0023,-3.4559,2.0534,27.5661,39.1612,81.3936,-0.0147,-0.031,-0.0307,48.664,22.7497,-75.7608,89.9418,21.2369
2025-01-01 10:47:50,-1.1201,-1.0023,-3.4559,2.0534,27.5661,39.1612,81.3936,-0.0147,-0.022,-0.0307,48.664,22.7497,-75.7608,89.9418,21.2369
2025-01-01 10:48:00,-1.1201,-0.8379,-3.4559,2.0534,27.5661,39.1612,81.3936,-0.0147,-0.022,-0.0307,48.664,22.7497,-75.7608,89.9418,21.2369
2025-01-01 10:48:10,-1.1201,-0.8379,-3.4559,2.0534,27.5661,39.1612,75.69,-0.0147,-0.022,-0.0307,48.664,22.7497,-75.7608,89.9418,21.2369
2025-01-01 10:48:20,-1.0813,-0.8379,-3.4559,2.0534,27.5661,39.1612,75.69,-0.0147,-0.022,-0.0307,48.664,22.7497,-75.7608,89.9418,21.2369
2025-01-01 10:48:30,-1.0813,-0.8379,-3.4559,2.0534,27.5661,39.1612,75.69,-0.0147,-0.022,-0.0204,48.664,22.7497,-75.7608,89.9418,21.2369
2025-01-01 10:48:40,-1.0813,-0.8379,-3.4559,2.0534,27.5661,39.1612,75.69,-0.0147,-0.022,-0.0204,45.7903,22.7497,-75.7608,89.9418,21.2369
2025-01-01 10:48:50,-1.0813,-0.8379,-3.4559,2.0534,27.5661,39.1612,75.69,-0.0147,-0.022,-0.0204,47.4644,22.7497,-75.7608,89.9418,21.2369
2025-01-01 10:49:00,-1.0813,-0.8379,-3.4559,2.0534,27.5661,39.5214,75.69,-0.0147,-0.022,-0.0204,47.4644,22.7497,-75.7608,89.9418,21.2369
2025-01-01 10:49:10,-1.0813,-0.8379,-3.4559,2.0534,27.5661,39.5214,75.69,-0.0147,-0.022,-0.0204,47.4644,22.7497,-75.7608,92.4044,21.2369
2025-01-01 10:49:20,-1.0813,-0.8379,-3.4559,2.0534,27.5661,39.5214,75.69,-0.0147,-0.0298,-0.0204,47.4644,22.7497,-75.7608,92.4044,21.2369
2025-01-01 10:49:30,-1.0813,-0.8379,-3.5893,2.0534,27.5661,39.5214,75.69,-0.0147,-0.0298,-0.0204,47.4644,22.7497,-75.7608,92.4044,21.2369
2025-01-01 10:49:40,-1.0813,-0.8379,-3.5893,2.0534,27.4539,39.5214,75.69,-0.0147,-0.0298,-0.0204,47.4644,22.7497,-75.7608,92.4044,21.2369
2025-01-01 10:49:50,-0.8494,-0.8379,-3.5893,2.0534,27.4539,39.5214,75.69,-0.0147,-0.0298,-0.0204,47.4644,22.7497,-75.7608,92.4044,21.2369
2025-01-01 10:50:00,-0.8494,-0.8379,-3.5893,2.0534,27.4539,39.5214,75.69,-0.0147,-0.0298,-0.0204,47.4644,22.7497,-74.7735,92.4044,21.2369
2025-01-01 10:50:10,-0.8494,-0.8379,-3.5893,2.0534,27.4539,39.5214,75.69,-0.0147,-0.0298,-0.0204,47.4644,22.7497,-74.7735,87.5403,21.2369
2025-01-01 10:50:20,-1.2984,-0.8379,-3.5893,2.0534,27.4539,39.5214,75.69,-0.0147,-0.0298,-0.0204,47.4644,22.7497,-74.7735,87.5403,21.2369
2025-01-01 10:50:30,-1.2984,-0.8379,-3.5893,2.0534,27.4539,39.5214,75.69,-0.0147,-0.0298,-0.0204,47.4644,21.9658,-74.7735,87.5403,21.2369
2025-01-01 10:50:40,-1.2984,-0.8379,-3.5893,2.0534,27.4539,39.5214,75.69,-0.023,-0.0298,-0.0204,47.4644,21.9658,-74.7735,87.5403,21.2369
2025-01-01 10:50:50,-1.2984,-0.8379,-3.5893,2.0534,27.4539,39.5214,75.69,-0.0279,-0.0298,-0.0204,47.4644,21.9658,-74.7735,87.5403,21.2369
2025-01-01 10:51:00,-1.2984,-0.8379,-3.5893,2.0534,27.4539,39.5214,75.69,-0.0279,-0.0298,-0.0204,47.4644,21.9658,-74.7735,93.2899,21.2369
2025-01-01 10:51:10,-1.2984,-0.8379,-3.5893,2.0534,27.4539,39.5214,75.69,-0.0279,-0.0298,-0.0204,47.4644,21.9658,-71.1693,93.2899,21.2369
2025-01-01 10:51:20,-1.2984,-0.8379,-3.5893,2.0534,27.4539,39.5214,75.69,-0.0208,-0.0298,-0.0204,47.4644,21.9658,-71.1693,93.2899,21.2369
2025-01-01 10:51:30,-1.2984,-0.8379,-3.5893,1.925,27.4539,39.5214,75.69,-0.0208,-0.0298,-0.0204,47.4644,21.9658,-71.1693,93.2899,21.2369
2025-01-01 10:51:40,-1.2984,-0.8379,-3.5893,1.925,27.4539,39.5214,75.69,-0.0208,-0.0298,-0.0204,47.4644,22.7664,-71.1693,93.2899,21.2369
2025-01-01 10:51:50,-1.2984,-0.8379,-3.5893,1.925,27.4539,39.5214,75.69,-0.0208,-0.0298,-0.0206,47.4644,22.7664,-71.1693,93.2899,21.2369
2025-01-01 10:52:00,-1.2984,-0.8379,-3.5893,1.925,27.4539,39.5214,75.69,-0.0208,-0.0298,-0.0206,47.9203,22.7664,-71.1693,93.2899,21.2369
2025-01-01 10:52:10,-1.2984,-0.8379,-3.5893,1.925,27.4539,39.7823,75.69,-0.0208,-0.0298,-0.0206,47.9203,22.7664,-71.1693,93.2899,21.2369
2025-01-01 10:52:20,-1.2984,-0.8379,-3.5893,1.925,27.4498,39.7823,75.69,-0.0208,-0.0298,-0.0206,47.9203,22.7664,-71.1693,93.2899,21.2369
2025-01-01 10:52:30,-1.2984,-0.8379,-3.5893,1.925,27.4498,39.7823,79.4377,-0.0208,-0.0298,-0.0206,47.9203,22.7664,-71.1693,93.2899,21.2369
2025-01-01 10:52:40,-0.7569,-0.8379,-3.5893,1.925,27.4498,39.7823,79.4377,-0.0208,-0.0298,-0.0206,47.9203,22.7664,-71.1693,93.2899,21.2369
2025-01-01 10:52:50,-0.7569,-0.8379,-3.5893,1.925,27.4498,39.7823,74.8513,-0.0208,-0.0298,-0.0206,47.9203,22.7664,-71.1693,93.2899,21.2369
2025-01-01 10:53:00,-0.7569,-0.8379,-3.5893,1.9696,27.4498,39.7823,74.8513,-0.0208,-0.0298,-0.0206,47.9203,22.7664,-71.1693,93.2899,21.2369
2025-01-01 10:53:10,-0.7569,-0.8379,-3.5893,1.9696,27.4498,39.7823,74.8513,-0.0212,-0.0298,-0.0206,47.9203,22.7664,-71.1693,93.2899,21.2369
2025-01-01 10:53:20,-1.0538,-0.8379,-3.5893,1.9696,27.4498,39.7823,74.8513,-0.0212,-0.0298,-0.0206,47.9203,22.7664,-71.1693,93.2899,21.2369
2025-01-01 10:53:30,-1.0538,-0.8379,-3.5893,2.012,27.4498,39.7823,74.8513,-0.0212,-0.0298,-0.0206,47.9203,22.7664,-71.1693,93.2899,21.2369
2025-01-01 10:53:40,-1.0538,-0.8379,-3.5893,2.012,27.4498,39.7823,76.7312,-0.0212,-0.0298,-0.0206,47.9203,22.7664,-71.1693,93.2899,21.2369
2025-01-01 10:53:50,-1.0538,-0.8379,-3.5893,2.012,27.4603,39.7823,76.7312,-0.0212,-0.0298,-0.0206,47.9203,22.7664,-71.1693,93.2899,21.2369
2025-01-01 10:54:00,-1.0538,-0.8379,-3.5893,2.012,27.4603,39.7823,75.2774,-0.0212,-0.0298,-0.0206,47.9203,22.7664,-71.1693,93.2899,21.2369
2025-01-01 10:54:10,-1.0538,-1.2661,-3.5893,2.012,27.4603,39.7823,75.2774,-0.0212,-0.0298,-0.0206,47.9203,22.7664,-71.1693,93.2899,21.2369
2025-01-01 10:54:20,-1.0538,-1.2661,-3.5893,2.012,27.4603,39.7823,75.2774,-0.0205,-0.0298,-0.0206,47.9203,22.7664,-71.1693,93.2899,21.2369
2025-01-01 10:54:30,-1.0538,-1.2661,-3.5893,2.012,27.4603,39.7823,75.2774,-0.0205,-0.0298,-0.0241,47.9203,22.7664,-71.1693,93.2899,21.2369
2025-01-01 10:54:40,-1.1842,-1.2661,-3.5893,2.012,27.4603,39.7823,75.2774,-0.0205,-0.0298,-0.0241,47.9203,22.7664,-71.1693,93.2899,21.2369
2025-01-01 10:54:50,-1.1842,-1.2661,-3.5893,2.012,27.51,39.7823,75.2774,-0.0205,-0.0298,-0.0241,47.9203,22.7664,-71.1693,93.2899,21.2369
2025-01-01 10:55:00,-1.1842,-1.2661,-3.5893,2.0526,27.51,39.7823,75.2774,-0.0205,-0.0298,-0.0241,47.9203,22.7664,-71.1693,93.2899,21.2369
2025-01-01 10:55:10,-1.1842,-1.2661,-2.5617,2.0526,27.51,39.7823,75.2774,-0.0205,-0.0298,-0.0241,47.9203,22.7664,-71.1693,93.2899,21.2369
2025-01-01 10:55:20,-0.9677,-1.2661,-2.5617,2.0526,27.51,39.7823,75.2774,-0.0205,-0.0298,-0.0241,47.9203,22.7664,-71.1693,93.2899,21.2369
2025-01-01 10:55:30,-0.9677,-1.2661,-2.5617,2.0526,27.51,39.7823,75.2774,-0.0205,-0.0298,-0.0241,47.9203,22.7664,-71.1693,93.2899,20.9109
2025-01-01 10:55:40,-0.9677,-1.2661,-2.5617,2.0526,27.51,39.7823,71.7504,-0.0205,-0.0298,-0.0241,47.9203,22.7664,-71.1693,93.2899,20.9109
2025-01-01 10:55:50,-0.9677,-1.2661,-2.5617,2.0526,27.51,39.7823,71.7504,-0.0205,-0.0298,-0.0241,47.9203,23.616,-71.1693,93.2899,20.9109
2025-01-01 10:56:00,-0.9677,-1.2661,-2.5617,2.0526,27.51,39.7823,71.7504,-0.0205,-0.0298,-0.0241,47.9203,23.616,-71.1693,87.4863,20.9109
2025-01-01 10:56:10,-0.9677,-1.2661,-2.7337,2.0526,27.51,39.7823,71.7504,-0.0205,-0.0298,-0.0241,47.9203,23.616,-71.1693,87.4863,20.9109
2025-01-01 10:56:20,-0.9677,-1.2661,-2.7337,2.0526,27.51,39.7823,71.7504,-0.0205,-0.0298,-0.0241,47.9203,23.616,-71.1693,89.6311,20.9109
2025-01-01 10:56:30,-0.9677,-1.2661,-2.7337,2.0526,27.51,39.7823,71.7504,-0.0205,-0.0298,-0.0242,47.9203,23.616,-71.1693,89.6311,20.9109
2025-01-01 10:56:40,-0.9677,-1.2661,-2.7337,2.0526,27.51,39.9672,71.7504,-0.0205,-0.0298,-0.0242,47.9203,23.616,-71.1693,89.6311,20.9109
2025-01-01 10:56:50,-0.9677,-1.2661,-2.7337,2.0526,27.51,40.1686,71.7504,-0.0205,-0.0298,-0.0242,47.9203,23.616,-71.1693,89.6311,20.9109
2025-01-01 10:57:00,-0.9677,-1.2661,-2.7337,2.0526,27.51,40.1686,71.7504,-0.0205,-0.0298,-0.0242,47.9203,21.6491,-71.1693,89.6311,20.9109
2025-01-01 10:57:10,-0.9677,-1.2661,-2.7337,2.0526,27.51,40.1686,71.7504,-0.0205,-0.0298,-0.0242,47.9203,21.6491,-71.1693,89.5637,20.9109
2025-01-01 10:57:20,-0.9677,-0.8363,-2.7337,2.0526,27.51,40.1686,71.7504,-0.0205,-0.0298,-0.0242,47.9203,21.6491,-71.1693,89.5637,20.9109
2025-01-01 10:57:30,-0.9677,-0.8363,-2.7337,2.0526,27.51,40.1686,71.7504,-0.0205,-0.0117,-0.0242,47.9203,21.6491,-71.1693,89.5637,20.9109
2025-01-01 10:57:40,-0.9677,-0.8363,-2.7337,2.0526,27.51,40.1686,71.7504,-0.0205,-0.0117,-0.0242,47.9203,23.3901,-71.1693,89.5637,20.9109
2025-01-01 10:57:50,-0.9677,-0.8363,-2.7337,2.0526,27.5038,40.1686,71.7504,-0.0205,-0.0117,-0.0242,47.9203,23.3901,-71.1693,89.5637,20.9109
2025-01-01 10:58:00,-0.9677,-0.8363,-2.7337,2.0526,27.5076,40.1686,71.7504,-0.0205,-0.0117,-0.0242,47.9203,23.3901,-71.1693,89.5637,20.9109
2025-01-01 10:58:10,-0.9677,-0.8363,-2.7337,2.0526,27.5076,40.1686,71.7504,-0.0252,-0.0117,-0.0242,47.9203,23.3901,-71.1693,89.5637,20.9109
2025-01-01 10:58:20,-0.9677,-0.8363,-2.7337,2.0526,27.5076,40.1686,78.0425,-0.0252,-0.0117,-0.0242,47.9203,23.3901,-71.1693,89.5637,20.9109
2025-01-01 10:58:30,-0.9677,-0.8363,-2.7337,2.0526,27.5076,40.1686,78.0425,-0.0252,-0.0117,-0.0193,47.9203,23.3901,-71.1693,89.5637,20.9109
2025-01-01 10:58:40,-0.9677,-0.8363,-2.7337,2.0526,27.4569,40.1686,78.0425,-0.0252,-0.0117,-0.0193,47.9203,23.3901,-71.1693,89.5637,20.9109
2025-01-01 10:58:50,-0.9677,-0.8363,-2.7337,2.0526,27.4569,40.1686,78.0425,-0.0252,-0.0117,-0.0291,47.9203,23.3901,-71.1693,89.5637,20.9109
2025-01-01 10:59:00,-0.9677,-0.8363,-2.2416,2.0526,27.4569,40.1686,78.0425,-0.0252,-0.0117,-0.0291,47.9203,23.3901,-71.1693,89.5637,20.9109
2025-01-01 10:59:10,-0.9677,-0.8363,-2.2416,2.0526,27.4569,40.1686,78.0425,-0.0252,-0.0117,-0.0291,50.8486,23.3901,-71.1693,89.5637,20.9109
2025-01-01 10:59:20,-0.9677,-0.8363,-2.2416,2.0526,27.4569,40.1686,78.0425,-0.0252,-0.0117,-0.0286,50.8486,23.3901,-71.1693,89.5637,20.9109
2025-01-01 10:59:30,-0.9677,-0.8363,-2.2416,2.0526,27.4569,40.1686,78.0425,-0.0252,-0.0117,-0.0286,50.8486,23.3901,-71.1693,91.7153,20.9109
2025-01-01 10:59:40,-0.9677,-0.8363,-2.2416,1.9297,27.4569,40.1686,78.0425,-0.0252,-0.0117,-0.0286,50.8486,23.3901,-71.1693,91.7153,20.9109
2025-01-01 10:59:50,-0.9677,-0.8363,-2.2416,1.9297,27.4569,40.1686,78.0425,-0.0217,-0.0117,-0.0286,50.8486,23.3901,-71.1693,91.7153,20.9109
2025-01-01 11:00:00,-0.9677,-1.1863,-2.2416,1.9297,27.4569,40.1686,78.0425,-0.0217,-0.0117,-0.0286,50.8486,23.3901,-71.1693,91.7153,20.9109
2025-01-01 11:00:10,-0.9677,-1.1863,-2.2416,1.9297,27.4569,40.1686,78.0425,-0.0217,-0.0117,-0.0302,50.8486,23.3901,-71.1693,91.7153,20.9109
2025-01-01 11:00:20,-0.9677,-1.1863,-2.7406,1.9297,27.4569,40.1686,78.0425,-0.0217,-0.0117,-0.0302,50.8486,23.3901,-71.1693,91.7153,20.9109
2025-01-01 11:00:30,-0.9677,-1.1863,-2.7406,1.9297,27.4569,40.1686,78.0425,-0.0217,-0.0117,-0.0302,48.2798,23.3901,-71.1693,91.7153,20.9109
2025-01-01 11:00:40,-0.9677,-1.1863,-2.7406,1.9297,27.4569,40.1686,78.0425,-0.0217,-0.0117,-0.0302,50.0221,23.3901,-71.1693,91.7153,20.9109
2025-01-01 11:00:50,-0.9677,-1.1863,-2.7406,1.9297,27.4569,40.1686,78.0425,-0.0217,-0.0117,-0.0302,50.0221,23.3901,-71.1693,90.2768,20.9109
2025-01-01 11:01:00,-0.9677,-1.1863,-2.3542,1.9297,27.4569,40.1686,78.0425,-0.0217,-0.0117,-0.0302,50.0221,23.3901,-71.1693,90.2768,20.9109
2025-01-01 11:01:10,-0.9677,-1.1863,-2.3542,1.9297,27.4569,40.1686,78.0425,-0.0217,-0.0249,-0.0302,50.0221,23.3901,-71.1693,90.2768,20.9109
2025-01-01 11:01:20,-0.9677,-1.1863,-2.3542,1.9297,27.3892,40.1686,78.0425,-0.0217,-0.0249,-0.0302,50.0221,23.3901,-71.1693,90.2768,20.9109
2025-01-01 11:01:30,-0.9677,-1.1863,-2.3542,2.0104,27.3892,40.1686,78.0425,-0.0217,-0.0249,-0.0302,50.0221,23.3901,-71.1693,90.2768,20.9109
2025-01-01 11:01:40,-0.9677,-1.1863,-2.3542,2.0104,27.3892,40.1686,78.0425,-0.0217,-0.0249,-0.0235,50.0221,23.3901,-71.1693,90.2768,20.9109
2025-01-01 11:01:50,-0.9677,-1.1863,-2.3542,2.0104,27.3892,40.1686,80.2339,-0.0217,-0.0249,-0.0235,50.0221,23.3901,-71.1693,90.2768,20.9109
2025-01-01 11:02:00,-0.9677,-1.1863,-2.3542,2.0104,27.3892,40.1686,80.2339,-0.0217,-0.0249,-0.0207,50.0221,23.3901,-71.1693,90.2768,20.9109
2025-01-01 11:02:10,-0.9677,-1.1863,-2.3542,2.0104,27.3892,40.1686,80.2339,-0.0181,-0.0249,-0.0207,50.0221,23.3901,-71.1693,90.2768,20.9109
2025-01-01 11:02:20,-0.9677,-1.1863,-2.3542,2.0104,27.3892,40.1686,80.2339,-0.0181,-0.0249,-0.0207,50.0221,22.7007,-71.1693,90.2768,20.9109
2025-01-01 11:02:30,-0.9677,-1.1863,-2.3542,2.0104,27.3892,40.1686,80.2339,-0.0181,-0.0249,-0.0207,50.0221,22.7007,-71.1693,90.175,20.9109
2025-01-01 11:02:40,-0.9677,-1.1863,-2.3542,2.0104,27.3892,40.1686,80.2339,-0.0181,-0.0249,-0.0207,50.0221,22.2088,-71.1693,90.175,20.9109
2025-01-01 11:02:50,-0.9677,-1.1863,-2.3542,2.0104,27.3892,40.1686,80.2339,-0.0181,-0.0249,-0.0207,48.8636,22.2088,-71.1693,90.175,20.9109
2025-01-01 11:03:00,-0.9677,-1.1863,-2.3542,2.0104,27.3892,40.1686,80.2339,-0.0173,-0.0249,-0.0207,48.8636,22.2088,-71.1693,90.175,20.9109
2025-01-01 11:03:10,-0.9677,-1.1863,-2.3542,2.0104,27.5787,40.1686,80.2339,-0.0173,-0.0249,-0.0207,48.8636,22.2088,-71.1693,90.175,20.9109
2025-01-01 11:03:20,-0.9677,-1.1863,-2.3542,2.0104,27.5787,40.1686,80.2339,-0.0173,-0.0249,-0.0207,48.8636,22.2088,-71.1693,90.175,20.9969
2025-01-01 11:03:30,-0.9677,-1.1863,-2.3542,2.0104,27.5787,40.1686,80.2339,-0.0173,-0.0249,-0.0207,48.8636,22.2088,-73.0255,90.175,20.9969
2025-01-01 11:03:40,-0.9677,-1.1863,-2.3542,2.0104,27.5787,40.1686,66.406,-0.0173,-0.0249,-0.0207,48.8636,22.2088,-73.0255,90.175,20.9969
2025-01-01 11:03:50,-0.9677,-1.1863,-2.3542,2.0104,27.5787,40.1686,66.406,-0.0259,-0.0249,-0.0207,48.8636,22.2088,-73.0255,90.175,20.9969
2025-01-01 11:04:00,-0.9677,-1.1863,-2.3542,2.0104,27.5787,39.607,66.406,-0.0259,-0.0249,-0.0207,48.8636,22.2088,-73.0255,90.175,20.9969
2025-01-01 11:04:10,-0.9677,-1.1863,-2.3542,2.0104,27.5787,39.607,66.406,-0.0259,-0.0249,-0.0207,48.8636,22.2088,-73.0255,90.175,21.3923
2025-01-01 11:04:20,-0.9677,-1.1863,-2.3542,2.0104,27.5787,39.607,66.406,-0.0259,-0.0249,-0.0207,49.4357,22.2088,-73.0255,90.175,21.3923
2025-01-01 11:04:30,-0.9677,-1.1863,-2.3542,2.0104,27.5787,39.607,66.406,-0.0259,-0.0249,-0.0207,49.4357,22.2088,-70.6515,90.175,21.3923
2025-01-01 11:04:40,-0.9677,-1.1863,-2.3542,2.0104,27.5787,39.607,66.406,-0.0245,-0.0249,-0.0207,49.4357,22.2088,-70.6515,90.175,21.3923
2025-01-01 11:04:50,-0.9677,-1.1863,-2.3542,2.0104,27.5787,39.607,66.406,-0.0245,-0.0249,-0.0207,49.4357,22.2088,-70.6515,90.175,21.176
2025-01-01 11:05:00,-0.9677,-1.1863,-2.4404,2.0104,27.5787,39.607,66.406,-0.0245,-0.0249,-0.0207,49.4357,22.2088,-70.6515,90.175,21.176
2025-01-01 11:05:10,-0.9677,-1.1863,-2.4404,2.0104,27.5787,39.607,66.406,-0.0245,-0.0249,-0.0207,49.4357,22.2088,-70.6515,90.175,19.804
2025-01-01 11:05:20,-0.9677,-1.1863,-2.4404,2.0104,27.5787,39.607,66.406,-0.0245,-0.0249,-0.0207,49.4357,22.2088,-70.6515,93.2158,19.804
2025-01-01 11:05:30,-0.9677,-1.1863,-2.4404,2.0104,27.5787,39.607,66.406,-0.0245,-0.0249,-0.0207,49.4357,22.2088,-70.6515,89.1196,19.804
2025-01-01 11:05:40,-0.9677,-0.9035,-2.4404,2.0104,27.5787,39.607,66.406,-0.0245,-0.0249,-0.0207,49.4357,22.2088,-70.6515,89.1196,19.804
2025-01-01 11:05:50,-0.9677,-0.9554,-2.4404,2.0104,27.5787,39.607,66.406,-0.0245,-0.0249,-0.0207,49.4357,22.2088,-70.6515,89.1196,19.804
2025-01-01 11:06:00,-0.9677,-0.9554,-2.4404,2.0244,27.5787,39.607,66.406,-0.0245,-0.0249,-0.0207,49.4357,22.2088,-70.6515,89.1196,19.804
2025-01-01 11:06:10,-0.9677,-0.9554,-2.4404,2.0244,27.376,39.607,66.406,-0.0245,-0.0249,-0.0207,49.4357,22.2088,-70.6515,89.1196,19.804
2025-01-01 11:06:20,-0.9677,-0.9554,-2.4404,2.0244,27.376,41.6263,66.406,-0.0245,-0.0249,-0.0207,49.4357,22.2088,-70.6515,89.1196,19.804
2025-01-01 11:06:30,-0.9677,-0.9554,-2.4404,2.0244,27.376,41.6263,66.406,-0.0245,-0.0249,-0.0207,47.1931,22.2088,-70.6515,89.1196,19.804
2025-01-01 11:06:40,-0.9677,-0.9554,-2.4404,2.0244,27.376,38.5145,66.406,-0.0245,-0.0249,-0.0207,47.1931,22.2088,-70.6515,89.1196,19.804
2025-01-01 11:06:50,-0.9677,-0.9554,-2.4404,2.0244,27.6581,38.5145,66.406,-0.0245,-0.0249,-0.0207,47.1931,22.2088,-70.6515,89.1196,19.804
2025-01-01 11:07:00,-0.9677,-0.9554,-2.4404,2.0244,27.6581,38.5145,66.406,-0.0245,-0.0179,-0.0207,47.1931,22.2088,-70.6515,89.1196,19.804
2025-01-01 11:07:10,-0.5359,-0.9554,-2.4404,2.0244,27.6581,38.5145,66.406,-0.0245,-0.0179,-0.0207,47.1931,22.2088,-70.6515,89.1196,19.804
2025-01-01 11:07:20,-0.5359,-0.9554,-2.4404,1.8934,27.6581,38.5145,66.406,-0.0245,-0.0179,-0.0207,47.1931,22.2088,-70.6515,89.1196,19.804
2025-01-01 11:07:30,-0.5359,-0.9554,-2.4404,1.8934,27.6581,38.5145,66.406,-0.0245,-0.0179,-0.0236,47.1931,22.2088,-70.6515,89.1196,19.804
2025-01-01 11:07:40,-0.5359,-0.9554,-2.4404,1.8934,27.6581,38.5145,66.406,-0.0245,-0.0179,-0.0236,47.1931,22.2088,-70.6515,88.3445,19.804
2025-01-01 11:07:50,-0.5359,-0.9554,-2.4404,1.8934,27.6581,38.5145,66.406,-0.0245,-0.0179,-0.0236,47.1931,22.2088,-70.6515,90.7624,19.804
2025-01-01 11:08:00,-0.5359,-0.9554,-2.4404,1.8934,27.6581,38.5145,66.406,-0.0245,-0.0179,-0.0236,47.1931,22.1547,-70.6515,90.7624,19.804
2025-01-01 11:08:10,-0.5359,-0.9554,-2.5397,1.8934,27.6581,38.5145,66.406,-0.0245,-0.0179,-0.0236,47.1931,22.1547,-70.6515,90.7624,19.804
2025-01-01 11:08:20,-0.5359,-0.9554,-2.5397,1.8934,27.6581,38.5145,66.406,-0.0245,-0.0266,-0.0236,47.1931,22.1547,-70.6515,90.7624,19.804
2025-01-01 11:08:30,-0.5359,-0.9554,-2.5397,1.8934,27.6581,38.5145,66.406,-0.0245,-0.0266,-0.0274,47.1931,22.1547,-70.6515,90.7624,19.804
2025-01-01 11:08:40,-0.5359,-0.9554,-2.5397,1.8934,27.6581,38.5145,66.406,-0.0245,-0.0266,-0.0274,47.1931,22.1547,-70.6515,93.0474,19.804
2025-01-01 11:08:50,-0.5359,-1.0454,-2.5397,1.8934,27.6581,38.5145,66.406,-0.0245,-0.0266,-0.0274,47.1931,22.1547,-70.6515,93.0474,19.804
2025-01-01 11:09:00,-0.5359,-1.0454,-2.5397,1.9737,27.6581,38.5145,66.406,-0.0245,-0.0266,-0.0274,47.1931,22.1547,-70.6515,93.0474,19.804
2025-01-01 11:09:10,-0.5359,-1.0965,-2.5397,1.9737,27.6581,38.5145,66.406,-0.0245,-0.0266,-0.0274,47.1931,22.1547,-70.6515,93.0474,19.804
2025-01-01 11:09:20,-0.5359,-1.0965,-2.5397,1.9737,27.6581,38.5145,66.406,-0.0245,-0.022,-0.0274,47.1931,22.1547,-70.6515,93.0474,19.804
2025-01-01 11:09:30,-0.5359,-1.0965,-2.5397,1.9737,27.6581,38.5145,66.406,-0.0245,-0.022,-0.0274,47.1931,22.1547,-73.6525,93.0474,19.804
2025-01-01 11:09:40,-0.5359,-1.0965,-2.5397,1.9737,27.6581,38.5145,66.406,-0.0222,-0.022,-0.0274,47.1931,22.1547,-73.6525,93.0474,19.804
2025-01-01 11:09:50,-0.5359,-1.0965,-2.5397,1.9737,27.6581,38.5145,66.406,-0.0222,-0.022,-0.0274,47.1931,22.1547,-71.8656,93.0474,19.804
2025-01-01 11:10:00,-0.5359,-1.0965,-2.5397,1.9737,27.6581,38.5145,66.406,-0.0222,-0.022,-0.0274,47.1931,22.4426,-71.8656,93.0474,19.804
2025-01-01 11:10:10,-0.5359,-1.0965,-2.5397,1.9737,27.6581,38.5145,66.406,-0.0222,-0.0273,-0.0274,47.1931,22.4426,-71.8656,93.0474,19.804
2025-01-01 11:10:20,-0.5359,-1.0965,-2.5397,1.9737,27.6581,38.5145,66.406,-0.0222,-0.0273,-0.0274,47.1931,22.4426,-71.8656,93.0474,20.5635
2025-01-01 11:10:30,-0.5359,-1.0965,-2.5397,1.9737,27.6581,38.5145,66.406,-0.0222,-0.0273,-0.0274,47.899,22.4426,-71.8656,93.0474,20.5635
2025-01-01 11:10:40,-0.5359,-1.0965,-2.5397,1.9737,27.6581,38.5145,66.406,-0.0222,-0.0273,-0.0232,47.899,22.4426,-71.8656,93.0474,20.5635
2025-01-01 11:10:50,-0.5359,-1.0965,-2.5397,1.9737,27.6581,38.5145,66.406,-0.0222,-0.0273,-0.0232,47.899,22.3459,-71.8656,93.0474,20.5635
2025-01-01 11:11:00,-0.5359,-1.0965,-2.5397,1.9737,27.6581,38.5145,66.406,-0.0222,-0.0273,-0.0232,47.899,22.3459,-71.8656,93.0474,21.8248
2025-01-01 11:11:10,-0.5359,-1.0965,-2.5397,1.9737,27.6581,38.5145,66.406,-0.0222,-0.0273,-0.0263,47.899,22.3459,-71.8656,93.0474,21.8248
2025-01-01 11:11:20,-0.5359,-1.0965,-2.5397,1.9737,27.6581,38.5145,72.6428,-0.0222,-0.0273,-0.0263,47.899,22.3459,-71.8656,93.0474,21.8248
2025-01-01 11:11:30,-0.5359,-0.5594,-2.5397,1.9737,27.6581,38.5145,72.6428,-0.0222,-0.0273,-0.0263,47.899,22.3459,-71.8656,93.0474,21.8248
2025-01-01 11:11:40,-0.5359,-0.5594,-2.5397,1.9737,27.6581,38.5145,67.5151,-0.0222,-0.0273,-0.0263,47.899,22.3459,-71.8656,93.0474,21.8248
2025-01-01 11:11:50,-0.5359,-0.5594,-2.5397,1.9737,27.6581,38.5145,67.5151,-0.0222,-0.0221,-0.0263,47.899,22.3459,-71.8656,93.0474,21.8248
2025-01-01 11:12:00,-0.5359,-0.5594,-2.5397,1.9737,27.6581,38.5145,80.8371,-0.0222,-0.0221,-0.0263,47.899,22.3459,-71.8656,93.0474,21.8248
2025-01-01 11:12:10,-0.5359,-0.5594,-2.1445,1.9737,27.6581,38.5145,80.8371,-0.0222,-0.0221,-0.0263,47.899,22.3459,-71.8656,93.0474,21.8248
2025-01-01 11:12:20,-0.5359,-0.5594,-2.1445,1.9737,27.5677,38.5145,80.8371,-0.0222,-0.0221,-0.0263,47.899,22.3459,-71.8656,93.0474,21.8248
2025-01-01 11:12:30,-0.5359,-0.5594,-2.1445,1.9737,27.5637,38.5145,80.8371,-0.0222,-0.0221,-0.0263,47.899,22.3459,-71.8656,93.0474,21.8248
2025-01-01 11:12:40,-0.5359,-0.5594,-2.1445,1.9737,27.5637,38.5145,80.8371,-0.0222,-0.0221,-0.0263,47.899,22.3459,-71.3451,93.0474,21.8248
2025-01-01 11:12:50,-0.5359,-0.5594,-2.47,1.9737,27.5637,38.5145,80.8371,-0.0222,-0.0221,-0.0263,47.899,22.3459,-71.3451,93.0474,21.8248
2025-01-01 11:13:00,-0.5359,-0.5594,-2.47,1.9737,27.5637,38.5145,80.8371,-0.0222,-0.0221,-0.0263,47.899,22.3459,-72.9553,93.0474,21.8248
2025-01-01 11:13:10,-0.5359,-0.5594,-2.47,1.9737,27.5637,38.5145,80.8371,-0.0222,-0.0221,-0.0263,47.899,22.6996,-72.9553,93.0474,21.8248
2025-01-01 11:13:20,-0.5359,-0.5594,-2.5528,1.9737,27.5637,38.5145,80.8371,-0.0222,-0.0221,-0.0263,47.899,22.6996,-72.9553,93.0474,21.8248
2025-01-01 11:13:30,-0.5359,-0.5594,-2.5528,1.9737,27.5637,38.5145,80.8371,-0.0222,-0.0221,-0.0263,47.899,22.6996,-69.4209,93.0474,21.8248
2025-01-01 11:13:40,-0.5359,-0.5594,-2.5528,1.9737,27.5637,38.5145,80.8371,-0.0222,-0.0221,-0.0263,47.899,22.6996,-71.1495,93.0474,21.8248
2025-01-01 11:13:50,-0.5359,-0.5594,-2.5528,1.9737,27.5637,38.5145,80.8371,-0.0222,-0.0221,-0.0263,46.4521,22.6996,-71.1495,93.0474,21.8248
2025-01-01 11:14:00,-0.5359,-0.5594,-2.5528,1.9737,27.5637,38.5145,80.8371,-0.0222,-0.0256,-0.0263,46.4521,22.6996,-71.1495,93.0474,21.8248
2025-01-01 11:14:10,-0.5359,-0.5594,-2.5528,1.9737,27.5637,38.5145,70.6242,-0.0222,-0.0256,-0.0263,46.4521,22.6996,-71.1495,93.0474,21.8248
2025-01-01 11:14:20,-0.5359,-0.5594,-2.5528,1.9737,27.5637,38.5145,70.6242,-0.0222,-0.0256,-0.0263,46.4521,22.2666,-71.1495,93.0474,21.8248
2025-01-01 11:14:30,-0.5359,-0.5594,-2.5528,1.9737,27.5637,38.5145,70.6242,-0.0222,-0.0256,-0.0263,50.8508,22.2666,-71.1495,93.0474,21.8248
2025-01-01 11:14:40,-0.5359,-0.5594,-2.5528,1.9737,27.5421,38.5145,70.6242,-0.0222,-0.0256,-0.0263,50.8508,22.2666,-71.1495,93.0474,21.8248
2025-01-01 11:14:50,-0.7232,-0.5594,-2.5528,1.9737,27.5421,38.5145,70.6242,-0.0222,-0.0256,-0.0263,50.8508,22.2666,-71.1495,93.0474,21.8248
2025-01-01 11:15:00,-0.7232,-0.5594,-2.5528,1.9737,27.5421,38.5145,77.135,-0.0222,-0.0256,-0.0263,50.8508,22.2666,-71.1495,93.0474,21.8248
2025-01-01 11:15:10,-0.7232,-0.5594,-2.5528,1.9737,27.5421,38.5145,77.135,-0.0222,-0.0256,-0.0263,50.8508,22.2666,-71.1495,93.0474,20.988
2025-01-01 11:15:20,-0.7232,-0.5594,-2.5528,1.9737,27.5421,38.5145,77.135,-0.0229,-0.0256,-0.0263,50.8508,22.2666,-71.1495,93.0474,20.988
2025-01-01 11:15:30,-0.7232,-0.5594,-2.5528,1.9737,27.59,38.5145,77.135,-0.0229,-0.0256,-0.0263,50.8508,22.2666,-71.1495,93.0474,20.988
2025-01-01 11:15:40,-0.709,-0.5594,-2.5528,1.9737,27.59,38.5145,77.135,-0.0229,-0.0256,-0.0263,50.8508,22.2666,-71.1495,93.0474,20.988
2025-01-01 11:15:50,-0.709,-0.5594,-2.5528,1.9737,27.59,38.5145,77.135,-0.0229,-0.0256,-0.0263,50.8508,22.2666,-71.1495,94.2896,20.988
2025-01-01 11:16:00,-0.709,-0.5594,-2.5528,1.9737,27.4076,38.5145,77.135,-0.0229,-0.0256,-0.0263,50.8508,22.2666,-71.1495,94.2896,20.988
2025-01-01 11:16:10,-0.709,-0.5594,-2.5528,2.1676,27.4076,38.5145,77.135,-0.0229,-0.0256,-0.0263,50.8508,22.2666,-71.1495,94.2896,20.988
2025-01-01 11:16:20,-0.709,-0.5594,-2.5528,2.0884,27.4076,38.5145,77.135,-0.0229,-0.0256,-0.0263,50.8508,22.2666,-71.1495,94.2896,20.988
2025-01-01 11:16:30,-0.709,-0.5594,-2.5528,2.0884,27.4076,38.5145,82.8078,-0.0229,-0.0256,-0.0263,50.8508,22.2666,-71.1495,94.2896,20.988
2025-01-01 11:16:40,-0.709,-0.5594,-2.5528,2.0884,27.4076,41.8615,82.8078,-0.0229,-0.0256,-0.0263,50.8508,22.2666,-71.1495,94.2896,20.988
2025-01-01 11:16:50,-0.709,-0.5594,-2.5528,2.0884,27.4076,41.8615,82.8078,-0.0229,-0.0256,-0.0263,50.8508,22.2666,-71.1495,94.2896,20.1354
2025-01-01 11:17:00,-0.709,-0.5594,-2.5528,2.0884,27.4076,41.2493,82.8078,-0.0229,-0.0256,-0.0263,50.8508,22.2666,-71.1495,94.2896,20.1354
2025-01-01 11:17:10,-0.709,-0.5594,-2.5528,1.9392,27.4076,41.2493,82.8078,-0.0229,-0.0256,-0.0263,50.8508,22.2666,-71.1495,94.2896,20.1354
2025-01-01 11:17:20,-0.709,-0.5594,-2.5528,1.9392,27.4076,39.2895,82.8078,-0.0229,-0.0256,-0.0263,50.8508,22.2666,-71.1495,94.2896,20.1354
2025-01-01 11:17:30,-0.709,-0.5594,-2.46,1.9392,27.4076,39.2895,82.8078,-0.0229,-0.0256,-0.0263,50.8508,22.2666,-71.1495,94.2896,20.1354
2025-01-01 11:17:40,-0.709,-0.5594,-2.46,1.9392,27.4076,39.2895,82.8078,-0.0229,-0.0256,-0.0263,50.8508,22.3165,-71.1495,94.2896,20.1354
2025-01-01 11:17:50,-0.709,-0.5594,-2.46,1.9392,27.4076,41.2588,82.8078,-0.0229,-0.0256,-0.0263,50.8508,22.3165,-71.1495,94.2896,20.1354
2025-01-01 11:18:00,-0.709,-0.5594,-2.46,1.9392,27.4076,41.2588,82.8078,-0.0229,-0.0277,-0.0263,50.8508,22.3165,-71.1495,94.2896,20.1354
2025-01-01 11:18:10,-0.709,-0.8681,-2.46,1.9392,27.4076,41.2588,82.8078,-0.0229,-0.0277,-0.0263,50.8508,22.3165,-71.1495,94.2896,20.1354
2025-01-01 11:18:20,-0.709,-0.9928,-2.46,1.9392,27.4076,41.2588,82.8078,-0.0229,-0.0277,-0.0263,50.8508,22.3165,-71.1495,94.2896,20.1354
2025-01-01 11:18:30,-0.709,-0.9928,-2.46,1.9392,27.4076,41.2588,79.5009,-0.0229,-0.0277,-0.0263,50.8508,22.3165,-71.1495,94.2896,20.1354
2025-01-01 11:18:40,-1.1835,-0.9928,-2.46,1.9392,27.4076,41.2588,79.5009,-0.0229,-0.0277,-0.0263,50.8508,22.3165,-71.1495,94.2896,20.1354
2025-01-01 11:18:50,-1.1835,-0.9928,-2.46,1.9392,27.4076,41.2588,79.5009,-0.0229,-0.0277,-0.0263,50.8508,22.3165,-71.1495,89.9323,20.1354
2025-01-01 11:19:00,-1.1835,-0.9928,-2.46,1.9392,27.4076,41.2588,79.5009,-0.0229,-0.0277,-0.0263,50.8508,22.3165,-70.6668,89.9323,20.1354
2025-01-01 11:19:10,-1.1835,-0.9928,-2.46,1.9392,27.4076,41.2588,79.5009,-0.0229,-0.0277,-0.0263,50.8508,23.3168,-70.6668,89.9323,20.1354
2025-01-01 11:19:20,-1.1835,-0.9928,-2.46,1.9392,27.4076,41.2588,79.5009,-0.0229,-0.0277,-0.0263,50.8508,23.3168,-71.6297,89.9323,20.1354
2025-01-01 11:19:30,-1.0926,-0.9928,-2.46,1.9392,27.4076,41.2588,79.5009,-0.0229,-0.0277,-0.0263,50.8508,23.3168,-71.6297,89.9323,20.1354
2025-01-01 11:19:40,-1.0926,-0.9928,-2.46,1.9392,27.4076,41.2588,79.5009,-0.0229,-0.0277,-0.0263,50.8508,23.3168,-71.8281,89.9323,20.1354
2025-01-01 11:19:50,-1.0926,-0.9928,-2.46,1.9392,27.4076,41.2588,80.5962,-0.0229,-0.0277,-0.0263,50.8508,23.3168,-71.8281,89.9323,20.1354
2025-01-01 11:20:00,-1.0926,-0.9928,-2.46,1.9392,27.4076,41.2588,80.5962,-0.0186,-0.0277,-0.0263,50.8508,23.3168,-71.8281,89.9323,20.1354
2025-01-01 11:20:10,-1.0926,-0.9928,-2.46,1.9392,27.4076,41.2588,80.5962,-0.0186,-0.0277,-0.0263,50.8508,22.0759,-71.8281,89.9323,20.1354
2025-01-01 11:20:20,-1.0926,-0.9928,-2.46,1.9392,27.4076,41.2588,80.5962,-0.0186,-0.0277,-0.0263,50.8508,22.0759,-72.0638,89.9323,20.1354
2025-01-01 11:20:30,-1.0926,-0.9928,-2.46,1.9392,27.4076,41.2588,80.5962,-0.0186,-0.0199,-0.0263,50.8508,22.0759,-72.0638,89.9323,20.1354
2025-01-01 11:20:40,-1.0926,-0.9928,-2.46,1.9392,27.4076,41.2588,80.5962,-0.0186,-0.0199,-0.0088,50.8508,22.0759,-72.0638,89.9323,20.1354
2025-01-01 11:20:50,-1.0926,-0.9928,-2.46,1.9392,27.4076,41.2588,65.2288,-0.0186,-0.0199,-0.0088,50.8508,22.0759,-72.0638,89.9323,20.1354
2025-01-01 11:21:00,-1.0926,-0.9928,-2.46,1.9392,27.4076,41.2588,65.2288,-0.0186,-0.0199,-0.0088,50.8508,22.0759,-72.0638,87.6271,20.1354
2025-01-01 11:21:10,-1.0926,-0.9928,-2.46,1.9392,27.4076,41.2588,65.2288,-0.0186,-0.0199,-0.0088,50.8508,22.0759,-75.5973,87.6271,20.1354
2025-01-01 11:21:20,-1.0926,-0.9928,-2.46,1.9392,27.4076,41.2588,65.2288,-0.0186,-0.0199,-0.0088,50.8508,22.0759,-75.5973,94.9076,20.1354
2025-01-01 11:21:30,-1.0926,-0.9928,-2.46,1.9392,27.4076,41.2588,65.2288,-0.0186,-0.0199,-0.0088,50.8508,22.0759,-75.5973,92.4567,20.1354
2025-01-01 11:21:40,-1.0926,-0.9928,-2.46,1.9392,27.4076,40.6734,65.2288,-0.0186,-0.0199,-0.0088,50.8508,22.0759,-75.5973,92.4567,20.1354
2025-01-01 11:21:50,-1.0926,-0.9928,-2.46,1.9392,27.4921,40.6734,65.2288,-0.0186,-0.0199,-0.0088,50.8508,22.0759,-75.5973,92.4567,20.1354
2025-01-01 11:22:00,-1.0926,-0.9928,-2.46,1.9392,27.4921,40.6734,65.2288,-0.0186,-0.0199,-0.0088,49.6641,22.0759,-75.5973,92.4567,20.1354
2025-01-01 11:22:10,-1.0926,-0.9928,-2.46,1.9392,27.4921,40.6734,65.2288,-0.0186,-0.0199,-0.0088,49.6641,23.2484,-75.5973,92.4567,20.1354
2025-01-01 11:22:20,-1.0926,-0.7369,-2.46,1.9392,27.4921,40.6734,65.2288,-0.0186,-0.0199,-0.0088,49.6641,23.2484,-75.5973,92.4567,20.1354
2025-01-01 11:22:30,-1.0926,-0.7369,-2.46,1.9392,27.4921,40.6734,65.2288,-0.0186,-0.0199,-0.0088,49.6641,23.2484,-73.7167,92.4567,20.1354
2025-01-01 11:22:40,-1.0926,-0.7369,-2.46,1.9392,27.4921,40.6734,65.2288,-0.0196,-0.0199,-0.0088,49.6641,23.2484,-73.7167,92.4567,20.1354
2025-01-01 11:22:50,-1.0926,-0.7369,-2.46,1.9392,27.4921,40.6734,65.2288,-0.0268,-0.0199,-0.0088,49.6641,23.2484,-73.7167,92.4567,20.1354
2025-01-01 11:23:00,-1.0926,-0.7369,-2.46,1.9392,27.4921,40.6734,65.2288,-0.0268,-0.0199,-0.0088,48.2779,23.2484,-73.7167,92.4567,20.1354
2025-01-01 11:23:10,-1.0926,-0.7369,-2.46,1.9392,27.4921,40.6734,65.2288,-0.0268,-0.0199,-0.0088,48.2779,23.2484,-70.0429,92.4567,20.1354
2025-01-01 11:23:20,-1.0926,-0.7369,-2.46,1.8585,27.4921,40.6734,65.2288,-0.0268,-0.0199,-0.0088,48.2779,23.2484,-70.0429,92.4567,20.1354
2025-01-01 11:23:30,-1.0926,-0.7369,-2.46,1.8585,27.4921,40.6734,78.29,-0.0268,-0.0199,-0.0088,48.2779,23.2484,-70.0429,92.4567,20.1354
2025-01-01 11:23:40,-1.0926,-0.7369,-2.7839,1.8585,27.4921,40.6734,78.29,-0.0268,-0.0199,-0.0088,48.2779,23.2484,-70.0429,92.4567,20.1354
2025-01-01 11:23:50,-1.0926,-1.0817,-2.7839,1.8585,27.4921,40.6734,78.29,-0.0268,-0.0199,-0.0088,48.2779,23.2484,-70.0429,92.4567,20.1354
2025-01-01 11:24:00,-1.0926,-1.0817,-2.7839,1.8585,27.4921,40.6734,78.29,-0.0268,-0.0199,-0.0088,48.2779,23.2484,-70.0429,88.3412,20.1354
2025-01-01 11:24:10,-1.0926,-1.0817,-2.7839,1.8585,27.4921,40.6734,78.29,-0.0268,-0.0199,-0.0262,48.2779,23.2484,-70.0429,88.3412,20.1354
2025-01-01 11:24:20,-0.8976,-1.0817,-2.7839,1.8585,27.4921,40.6734,78.29,-0.0268,-0.0199,-0.0262,48.2779,23.2484,-70.0429,88.3412,20.1354
2025-01-01 11:24:30,-0.8976,-1.0817,-2.7839,1.8585,27.4921,40.6734,78.29,-0.0268,-0.0125,-0.0262,48.2779,23.2484,-70.0429,88.3412,20.1354
2025-01-01 11:24:40,-0.8976,-1.0817,-2.7839,2.0769,27.4921,40.6734,78.29,-0.0268,-0.0125,-0.0262,48.2779,23.2484,-70.0429,88.3412,20.1354
2025-01-01 11:24:50,-0.8976,-1.0817,-2.7839,2.1661,27.4921,40.6734,78.29,-0.0268,-0.0125,-0.0262,48.2779,23.2484,-70.0429,88.3412,20.1354
2025-01-01 11:25:00,-0.8976,-1.0817,-2.7839,2.1661,27.4921,40.6734,78.29,-0.0268,-0.0125,-0.0262,48.2779,23.2484,-70.8979,88.3412,20.1354
2025-01-01 11:25:10,-0.8976,-1.0817,-2.7839,2.1661,27.4921,40.6734,78.29,-0.0268,-0.0125,-0.0262,48.2779,23.2484,-72.2075,88.3412,20.1354
2025-01-01 11:25:20,-0.8976,-1.0817,-2.7839,2.1661,27.6811,40.6734,78.29,-0.0268,-0.0125,-0.0262,48.2779,23.2484,-72.2075,88.3412,20.1354
2025-01-01 11:25:30,-0.8976,-1.0817,-2.7839,2.1661,27.6811,40.6734,78.29,-0.0268,-0.0125,-0.0262,48.2779,22.3111,-72.2075,88.3412,20.1354
2025-01-01 11:25:40,-0.8976,-1.0817,-2.7839,2.1661,27.6811,40.6734,78.29,-0.0268,-0.0125,-0.0262,48.7971,22.3111,-72.2075,88.3412,20.1354
2025-01-01 11:25:50,-0.8976,-1.0817,-2.7839,2.1661,27.6811,40.6734,71.3608,-0.0268,-0.0125,-0.0262,48.7971,22.3111,-72.2075,88.3412,20.1354
2025-01-01 11:26:00,-0.8976,-1.0817,-2.7839,2.1661,27.6811,40.6734,71.3608,-0.0268,-0.0125,-0.0262,48.7971,22.3111,-72.2075,88.3412,21.1487
2025-01-01 11:26:10,-0.8976,-1.0817,-2.7839,2.1661,27.6117,40.6734,71.3608,-0.0268,-0.0125,-0.0262,48.7971,22.3111,-72.2075,88.3412,21.1487
2025-01-01 11:26:20,-0.8976,-1.0817,-2.7839,2.1661,27.6117,40.6734,71.3608,-0.0268,-0.0125,-0.0262,48.7971,22.3111,-70.3167,88.3412,21.1487
2025-01-01 11:26:30,-0.8976,-1.0817,-2.7839,2.1661,27.6117,40.6734,71.3608,-0.0268,-0.0125,-0.0262,48.7971,22.3111,-70.3167,88.3412,20.0306
2025-01-01 11:26:40,-0.8976,-1.0817,-2.7839,2.1661,27.6117,40.6734,71.3608,-0.0268,-0.0125,-0.02,48.7971,22.3111,-70.3167,88.3412,20.0306
2025-01-01 11:26:50,-0.8976,-1.0817,-2.7839,2.1661,27.6117,40.6734,71.3608,-0.0268,-0.0125,-0.02,48.7971,22.3111,-76.644,88.3412,20.0306
2025-01-01 11:27:00,-0.8976,-1.0817,-2.7839,2.1661,27.6117,39.3587,71.3608,-0.0268,-0.0125,-0.02,48.7971,22.3111,-76.644,88.3412,20.0306
2025-01-01 11:27:10,-0.8976,-0.1723,-2.7839,2.1661,27.6117,39.3587,71.3608,-0.0268,-0.0125,-0.02,48.7971,22.3111,-76.644,88.3412,20.0306
2025-01-01 11:27:20,-0.8976,-0.1723,-2.7839,2.1661,27.6117,39.3587,71.3608,-0.0268,-0.0125,-0.032,48.7971,22.3111,-76.644,88.3412,20.0306
2025-01-01 11:27:30,-0.8976,-0.1723,-2.7839,2.1661,27.4651,39.3587,71.3608,-0.0268,-0.0125,-0.032,48.7971,22.3111,-76.644,88.3412,20.0306
2025-01-01 11:27:40,-0.8976,-0.1723,-2.7839,2.1661,27.4651,39.3587,71.3608,-0.0168,-0.0125,-0.032,48.7971,22.3111,-76.644,88.3412,20.0306
2025-01-01 11:27:50,-0.8976,-0.1723,-2.7839,2.1661,27.4651,39.3587,71.3608,-0.0168,-0.0125,-0.032,48.7971,22.3111,-73.3657,88.3412,20.0306
2025-01-01 11:28:00,-0.8976,-0.1723,-2.7839,2.1661,27.4651,39.6234,71.3608,-0.0168,-0.0125,-0.032,48.7971,22.3111,-73.3657,88.3412,20.0306
2025-01-01 11:28:10,-0.8976,-0.1723,-2.5265,2.1661,27.4651,39.6234,71.3608,-0.0168,-0.0125,-0.032,48.7971,22.3111,-73.3657,88.3412,20.0306
2025-01-01 11:28:20,-0.8976,-1.1539,-2.5265,2.1661,27.4651,39.6234,71.3608,-0.0168,-0.0125,-0.032,48.7971,22.3111,-73.3657,88.3412,20.0306
2025-01-01 11:28:30,-0.8976,-1.1539,-2.5265,2.1661,27.4651,39.6234,71.3608,-0.0168,-0.0125,-0.032,48.7971,22.3111,-73.3657,88.3412,20.6615
2025-01-01 11:28:40,-0.8976,-1.1539,-2.5265,2.1661,27.4651,39.6234,71.3608,-0.0213,-0.0125,-0.032,48.7971,22.3111,-73.3657,88.3412,20.6615
2025-01-01 11:28:50,-0.8976,-1.1539,-2.5265,2.1661,27.4651,39.6234,71.3608,-0.0213,-0.0125,-0.032,48.7971,22.2073,-73.3657,88.3412,20.6615
2025-01-01 11:29:00,-0.8976,-1.1539,-2.5265,2.1661,27.5909,39.6234,71.3608,-0.0213,-0.0125,-0.032,48.7971,22.2073,-73.3657,88.3412,20.6615
2025-01-01 11:29:10,-0.8976,-1.1539,-2.5265,2.1661,27.622,39.6234,71.3608,-0.0213,-0.0125,-0.032,48.7971,22.2073,-73.3657,88.3412,20.6615
2025-01-01 11:29:20,-0.8976,-1.1539,-2.5265,2.1661,27.622,39.6234,71.3608,-0.0213,-0.0125,-0.032,48.7971,22.2073,-73.3657,90.5974,20.6615
2025-01-01 11:29:30,-0.8976,-1.1539,-2.5265,2.1661,27.622,39.6234,71.3608,-0.0213,-0.0125,-0.032,48.7971,22.2073,-73.5628,90.5974,20.6615
2025-01-01 11:29:40,-0.8976,-1.1539,-2.5265,2.1661,27.622,39.6234,71.3608,-0.0213,-0.0125,-0.032,48.7971,22.2073,-73.5628,90.5974,20.8278
2025-01-01 11:29:50,-0.8976,-1.1539,-2.5265,2.1661,27.622,39.6234,71.3608,-0.0213,-0.0125,-0.032,48.7971,22.2073,-73.5628,93.6171,20.8278
2025-01-01 11:30:00,-0.8976,-1.1539,-2.5265,2.1661,27.622,39.6234,71.3608,-0.0213,-0.0125,-0.032,48.5434,22.2073,-73.5628,93.6171,20.8278
2025-01-01 11:30:10,-0.8976,-1.1539,-2.5265,2.1661,27.5752,39.6234,71.3608,-0.0213,-0.0125,-0.032,48.5434,22.2073,-73.5628,93.6171,20.8278
2025-01-01 11:30:20,-0.8976,-1.1539,-2.5265,2.1661,27.5752,39.6234,80.8375,-0.0213,-0.0125,-0.032,48.5434,22.2073,-73.5628,93.6171,20.8278
2025-01-01 11:30:30,-0.7894,-1.1539,-2.5265,2.1661,27.5752,39.6234,80.8375,-0.0213,-0.0125,-0.032,48.5434,22.2073,-73.5628,93.6171,20.8278
2025-01-01 11:30:40,-0.7894,-1.1539,-2.5265,2.1661,27.5752,39.6234,80.8375,-0.0213,-0.0125,-0.0202,48.5434,22.2073,-73.5628,93.6171,20.8278
2025-01-01 11:30:50,-0.7894,-1.1539,-2.5265,2.1661,27.5752,39.6234,80.8375,-0.0213,-0.0125,-0.0202,48.5434,22.6278,-73.5628,93.6171,20.8278
2025-01-01 11:31:00,-0.7894,-1.1539,-2.5265,2.1661,27.5752,39.6234,80.8375,-0.0225,-0.0125,-0.0202,48.5434,22.6278,-73.5628,93.6171,20.8278
2025-01-01 11:31:10,-0.7894,-1.1539,-2.5265,2.1661,27.5752,39.6234,80.8375,-0.0225,-0.0171,-0.0202,48.5434,22.6278,-73.5628,93.6171,20.8278
2025-01-01 11:31:20,-0.7894,-1.06,-2.5265,2.1661,27.5752,39.6234,80.8375,-0.0225,-0.0171,-0.0202,48.5434,22.6278,-73.5628,93.6171,20.8278
2025-01-01 11:31:30,-0.7894,-1.06,-2.5265,2.1661,27.5752,39.6234,80.8375,-0.0225,-0.0171,-0.022,48.5434,22.6278,-73.5628,93.6171,20.8278
2025-01-01 11:31:40,-0.7894,-1.06,-2.5265,2.1661,27.5752,39.6234,80.8375,-0.0225,-0.0171,-0.022,48.5434,22.6278,-73.5628,93.6171,20.9823
2025-01-01 11:31:50,-0.7894,-1.06,-2.5265,2.1661,27.5752,39.6234,80.8375,-0.0225,-0.0171,-0.022,48.5434,22.6278,-69.9509,93.6171,20.9823
2025-01-01 11:32:00,-0.7894,-1.06,-2.5265,2.1661,27.5752,39.6234,78.7707,-0.0225,-0.0171,-0.022,48.5434,22.6278,-69.9509,93.6171,20.9823
2025-01-01 11:32:10,-0.7894,-1.06,-2.5265,2.1661,27.5752,39.6234,78.7707,-0.0225,-0.0173,-0.022,48.5434,22.6278,-69.9509,93.6171,20.9823
2025-01-01 11:32:20,-0.7894,-1.06,-2.5265,2.1661,27.597,39.6234,78.7707,-0.0225,-0.0173,-0.022,48.5434,22.6278,-69.9509,93.6171,20.9823
2025-01-01 11:32:30,-0.7894,-1.06,-2.5265,2.1661,27.597,39.6234,78.7707,-0.0225,-0.0173,-0.0201,48.5434,22.6278,-69.9509,93.6171,20.9823
2025-01-01 11:32:40,-0.7894,-1.06,-2.5265,2.1661,27.4653,39.6234,78.7707,-0.0225,-0.0173,-0.0201,48.5434,22.6278,-69.9509,93.6171,20.9823
2025-01-01 11:32:50,-0.7894,-1.06,-2.5265,2.1661,27.4653,39.6234,78.7707,-0.0225,-0.0173,-0.0201,48.5434,22.1938,-69.9509,93.6171,20.9823
2025-01-01 11:33:00,-0.7894,-1.06,-2.5265,2.1661,27.4653,39.6234,78.7707,-0.0225,-0.0173,-0.0201,48.5434,21.5725,-69.9509,93.6171,20.9823
2025-01-01 11:33:10,-0.7894,-1.06,-2.5265,2.1661,27.4653,39.6234,78.7707,-0.0225,-0.0173,-0.0201,48.9385,21.5725,-69.9509,93.6171,20.9823
2025-01-01 11:33:20,-0.7894,-1.06,-2.5265,2.1661,27.4653,40.4971,78.7707,-0.0225,-0.0173,-0.0201,48.9385,21.5725,-69.9509,93.6171,20.9823
2025-01-01 11:33:30,-0.7894,-1.06,-2.5265,2.1712,27.4653,40.4971,78.7707,-0.0225,-0.0173,-0.0201,48.9385,21.5725,-69.9509,93.6171,20.9823
2025-01-01 11:33:40,-0.7894,-1.06,-2.5265,2.1712,27.4653,40.4716,78.7707,-0.0225,-0.0173,-0.0201,48.9385,21.5725,-69.9509,93.6171,20.9823
2025-01-01 11:33:50,-0.7894,-1.06,-2.5265,2.1712,27.4653,40.4716,78.7707,-0.0225,-0.0173,-0.0272,48.9385,21.5725,-69.9509,93.6171,20.9823
2025-01-01 11:34:00,-0.7894,-1.06,-2.5265,2.1712,27.4653,40.4716,78.7707,-0.0225,-0.0173,-0.0272,50.9993,21.5725,-69.9509,93.6171,20.9823
2025-01-01 11:34:10,-0.7894,-1.06,-2.5265,2.1712,27.4763,40.4716,78.7707,-0.0225,-0.0173,-0.0272,50.9993,21.5725,-69.9509,93.6171,20.9823
2025-01-01 11:34:20,-0.7894,-0.8462,-2.5265,2.1712,27.4763,40.4716,78.7707,-0.0225,-0.0173,-0.0272,50.9993,21.5725,-69.9509,93.6171,20.9823
2025-01-01 11:34:30,-0.7894,-0.8462,-2.5265,2.1712,27.4763,40.4716,78.7707,-0.0225,-0.0173,-0.0272,50.9993,21.5725,-69.9509,93.6171,21.0702
2025-01-01 11:34:40,-0.7894,-0.8462,-2.5265,2.1712,27.4763,40.4716,78.7707,-0.0225,-0.0173,-0.0228,50.9993,21.5725,-69.9509,93.6171,21.0702
2025-01-01 11:34:50,-0.7894,-0.8462,-2.5265,2.1712,27.4763,40.4716,78.7707,-0.0225,-0.0173,-0.0228,47.1756,21.5725,-69.9509,93.6171,21.0702
2025-01-01 11:35:00,-0.7894,-0.8462,-2.5265,2.1712,27.4763,40.4716,78.7707,-0.0225,-0.0173,-0.0162,47.1756,21.5725,-69.9509,93.6171,21.0702
2025-01-01 11:35:10,-0.7894,-0.8214,-2.5265,2.1712,27.4763,40.4716,78.7707,-0.0225,-0.0173,-0.0162,47.1756,21.5725,-69.9509,93.6171,21.0702
2025-01-01 11:35:20,-0.7894,-0.8214,-2.5265,2.1712,27.4763,40.4716,78.7707,-0.0183,-0.0173,-0.0162,47.1756,21.5725,-69.9509,93.6171,21.0702
2025-01-01 11:35:30,-0.7894,-0.8214,-2.5265,2.1712,27.4763,39.5909,78.7707,-0.0183,-0.0173,-0.0162,47.1756,21.5725,-69.9509,93.6171,21.0702
2025-01-01 11:35:40,-0.7894,-0.8214,-2.5265,2.1712,27.4763,40.8562,78.7707,-0.0183,-0.0173,-0.0162,47.1756,21.5725,-69.9509,93.6171,21.0702
2025-01-01 11:35:50,-0.7894,-0.8214,-2.6831,2.1712,27.4763,40.8562,78.7707,-0.0183,-0.0173,-0.0162,47.1756,21.5725,-69.9509,93.6171,21.0702
2025-01-01 11:36:00,-0.7894,-0.8214,-2.6831,2.1712,27.3947,40.8562,78.7707,-0.0183,-0.0173,-0.0162,47.1756,21.5725,-69.9509,93.6171,21.0702
2025-01-01 11:36:10,-0.7894,-0.8214,-2.579,2.1712,27.3947,40.8562,78.7707,-0.0183,-0.0173,-0.0162,47.1756,21.5725,-69.9509,93.6171,21.0702
2025-01-01 11:36:20,-0.7894,-0.8214,-2.579,2.1712,27.596,40.8562,78.7707,-0.0183,-0.0173,-0.0162,47.1756,21.5725,-69.9509,93.6171,21.0702
2025-01-01 11:36:30,-0.7894,-0.8214,-2.579,2.1712,27.596,40.8562,74.0594,-0.0183,-0.0173,-0.0162,47.1756,21.5725,-69.9509,93.6171,21.0702
2025-01-01 11:36:40,-0.7894,-0.8214,-2.579,2.1712,27.596,40.8562,74.0594,-0.0183,-0.0173,-0.0162,47.1756,22.3728,-69.9509,93.6171,21.0702
2025-01-01 11:36:50,-0.7894,-0.8214,-2.5402,2.1712,27.596,40.8562,74.0594,-0.0183,-0.0173,-0.0162,47.1756,22.3728,-69.9509,93.6171,21.0702
2025-01-01 11:37:00,-0.8878,-0.8214,-2.5402,2.1712,27.596,40.8562,74.0594,-0.0183,-0.0173,-0.0162,47.1756,22.3728,-69.9509,93.6171,21.0702
2025-01-01 11:37:10,-0.9628,-0.8214,-2.5402,2.1712,27.596,40.8562,74.0594,-0.0183,-0.0173,-0.0162,47.1756,22.3728,-69.9509,93.6171,21.0702
2025-01-01 11:37:20,-0.9628,-0.8214,-1.3006,2.1712,27.596,40.8562,74.0594,-0.0183,-0.0173,-0.0162,47.1756,22.3728,-69.9509,93.6171,21.0702
2025-01-01 11:37:30,-0.9628,-0.8214,-1.3006,2.1712,27.596,40.8562,80.8518,-0.0183,-0.0173,-0.0162,47.1756,22.3728,-69.9509,93.6171,21.0702
2025-01-01 11:37:40,-0.9628,-0.8214,-1.3006,2.1712,27.596,40.8562,80.8518,-0.0183,-0.0173,-0.0162,50.634,22.3728,-69.9509,93.6171,21.0702
2025-01-01 11:37:50,-0.9628,-0.4946,-1.3006,2.1712,27.596,40.8562,80.8518,-0.0183,-0.0173,-0.0162,50.634,22.3728,-69.9509,93.6171,21.0702
2025-01-01 11:38:00,-1.1165,-0.4946,-1.3006,2.1712,27.596,40.8562,80.8518,-0.0183,-0.0173,-0.0162,50.634,22.3728,-69.9509,93.6171,21.0702
2025-01-01 11:38:10,-1.1165,-0.4946,-1.3006,2.1712,27.596,40.8562,80.8518,-0.0183,-0.0173,-0.0162,50.634,23.2566,-69.9509,93.6171,21.0702
2025-01-01 11:38:20,-1.1165,-0.4946,-1.3006,2.1712,27.596,40.8562,80.8518,-0.0227,-0.0173,-0.0162,50.634,23.2566,-69.9509,93.6171,21.0702
2025-01-01 11:38:30,-1.1165,-0.4946,-1.3006,2.1712,27.596,40.8562,80.8518,-0.0227,-0.0173,-0.0162,50.634,23.2566,-71.9831,93.6171,21.0702
2025-01-01 11:38:40,-1.1165,-0.4946,-1.3006,2.1712,27.6245,40.8562,80.8518,-0.0227,-0.0173,-0.0162,50.634,23.2566,-71.9831,93.6171,21.0702
2025-01-01 11:38:50,-1.1165,-0.4946,-1.3006,2.1712,27.6245,40.8562,80.8518,-0.0227,-0.0173,-0.0171,50.634,23.2566,-71.9831,93.6171,21.0702
2025-01-01 11:39:00,-1.1165,-0.4946,-1.3006,2.1712,27.6245,41.1419,80.8518,-0.0227,-0.0173,-0.0171,50.634,23.2566,-71.9831,93.6171,21.0702
2025-01-01 11:39:10,-0.7719,-0.4946,-1.3006,2.1712,27.6245,41.1419,80.8518,-0.0227,-0.0173,-0.0171,50.634,23.2566,-71.9831,93.6171,21.0702
2025-01-01 11:39:20,-0.782,-0.4946,-1.3006,2.1712,27.6245,41.1419,80.8518,-0.0227,-0.0173,-0.0171,50.634,23.2566,-71.9831,93.6171,21.0702
2025-01-01 11:39:30,-0.782,-0.4946,-1.3006,2.1712,27.6245,41.217,80.8518,-0.0227,-0.0173,-0.0171,50.634,23.2566,-71.9831,93.6171,21.0702
2025-01-01 11:39:40,-0.782,-0.4946,-2.9019,2.1712,27.6245,41.217,80.8518,-0.0227,-0.0173,-0.0171,50.634,23.2566,-71.9831,93.6171,21.0702
2025-01-01 11:39:50,-0.782,-0.4946,-2.9019,2.1712,27.6245,40.5279,80.8518,-0.0227,-0.0173,-0.0171,50.634,23.2566,-71.9831,93.6171,21.0702
2025-01-01 11:40:00,-0.782,-0.4946,-2.9019,2.1712,27.6245,40.5279,74.5343,-0.0227,-0.0173,-0.0171,50.634,23.2566,-71.9831,93.6171,21.0702
2025-01-01 11:40:10,-0.782,-0.4946,-2.9019,2.1011,27.6245,40.5279,74.5343,-0.0227,-0.0173,-0.0171,50.634,23.2566,-71.9831,93.6171,21.0702
2025-01-01 11:40:20,-0.782,-0.4946,-1.5236,2.1011,27.6245,40.5279,74.5343,-0.0227,-0.0173,-0.0171,50.634,23.2566,-71.9831,93.6171,21.0702
2025-01-01 11:40:30,-0.782,-0.4946,-1.5236,2.1011,27.579,40.5279,74.5343,-0.0227,-0.0173,-0.0171,50.634,23.2566,-71.9831,93.6171,21.0702
2025-01-01 11:40:40,-0.782,-0.4946,-1.5236,2.1011,27.579,40.5279,74.5343,-0.0227,-0.0173,-0.0171,50.634,23.3109,-71.9831,93.6171,21.0702
2025-01-01 11:40:50,-0.782,-0.4946,-1.5236,2.1011,27.579,40.5279,74.5343,-0.0227,-0.0173,-0.0171,50.634,23.3109,-73.0419,93.6171,21.0702
2025-01-01 11:41:00,-0.782,-0.4946,-1.5236,2.1011,27.579,40.5279,74.5343,-0.0227,-0.0173,-0.0171,49.3111,23.3109,-73.0419,93.6171,21.0702
2025-01-01 11:41:10,-0.782,-1.136,-1.5236,2.1011,27.579,40.5279,74.5343,-0.0227,-0.0173,-0.0171,49.3111,23.3109,-73.0419,93.6171,21.0702
2025-01-01 11:41:20,-0.782,-1.136,-1.5236,2.1011,27.579,40.5279,75.1796,-0.0227,-0.0173,-0.0171,49.3111,23.3109,-73.0419,93.6171,21.0702
2025-01-01 11:41:30,-0.782,-1.136,-1.5236,2.1011,27.6135,40.5279,75.1796,-0.0227,-0.0173,-0.0171,49.3111,23.3109,-73.0419,93.6171,21.0702
2025-01-01 11:41:40,-0.782,-1.136,-1.5236,2.1011,27.6135,40.5279,75.1796,-0.0227,-0.0173,-0.0171,49.3111,23.394,-73.0419,93.6171,21.0702
2025-01-01 11:41:50,-0.782,-0.8367,-1.5236,2.1011,27.6135,40.5279,75.1796,-0.0227,-0.0173,-0.0171,49.3111,23.394,-73.0419,93.6171,21.0702
2025-01-01 11:42:00,-0.782,-0.8579,-1.5236,2.1011,27.6135,40.5279,75.1796,-0.0227,-0.0173,-0.0171,49.3111,23.394,-73.0419,93.6171,21.0702
2025-01-01 11:42:10,-0.782,-0.8579,-1.5236,2.1011,27.6135,40.4444,75.1796,-0.0227,-0.0173,-0.0171,49.3111,23.394,-73.0419,93.6171,21.0702
2025-01-01 11:42:20,-0.782,-0.7454,-1.5236,2.1011,27.6135,40.4444,75.1796,-0.0227,-0.0173,-0.0171,49.3111,23.394,-73.0419,93.6171,21.0702
2025-01-01 11:42:30,-0.782,-0.7454,-1.5236,2.1011,27.6135,40.4444,75.9551,-0.0227,-0.0173,-0.0171,49.3111,23.394,-73.0419,93.6171,21.0702
2025-01-01 11:42:40,-0.782,-0.7454,-1.5236,2.1011,27.6135,42.4864,75.9551,-0.0227,-0.0173,-0.0171,49.3111,23.394,-73.0419,93.6171,21.0702
2025-01-01 11:42:50,-0.782,-0.7454,-1.5236,2.1011,27.6135,42.4864,75.9551,-0.0227,-0.0173,-0.0171,49.3111,23.394,-70.3105,93.6171,21.0702
2025-01-01 11:43:00,-0.782,-0.7454,-1.5236,2.1011,27.6135,40.0773,75.9551,-0.0227,-0.0173,-0.0171,49.3111,23.394,-70.3105,93.6171,21.0702
2025-01-01 11:43:10,-0.782,-0.7454,-1.5236,2.1011,27.6135,40.0773,75.9551,-0.0227,-0.0139,-0.0171,49.3111,23.394,-70.3105,93.6171,21.0702
2025-01-01 11:43:20,-0.5925,-0.7454,-1.5236,2.1011,27.6135,40.0773,75.9551,-0.0227,-0.0139,-0.0171,49.3111,23.394,-70.3105,93.6171,21.0702
2025-01-01 11:43:30,-0.5925,-0.7454,-1.5236,2.1011,27.6135,40.0773,75.9551,-0.0227,-0.0139,-0.0171,49.3111,23.394,-70.3105,93.6171,21.4346
2025-01-01 11:43:40,-1.0913,-0.7454,-1.5236,2.1011,27.6135,40.0773,75.9551,-0.0227,-0.0139,-0.0171,49.3111,23.394,-70.3105,93.6171,21.4346
2025-01-01 11:43:50,-1.0913,-0.7454,-1.5236,2.1011,27.6135,40.0773,75.9551,-0.0227,-0.0139,-0.0171,47.9582,23.394,-70.3105,93.6171,21.4346
2025-01-01 11:44:00,-1.0913,-0.7454,-1.5236,2.1011,27.6135,40.0773,75.9551,-0.0227,-0.0139,-0.0171,47.9582,23.394,-72.8371,93.6171,21.4346
2025-01-01 11:44:10,-0.4042,-0.7454,-1.5236,2.1011,27.6135,40.0773,75.9551,-0.0227,-0.0139,-0.0171,47.9582,23.394,-72.8371,93.6171,21.4346
2025-01-01 11:44:20,-0.4042,-0.7454,-1.5236,2.1011,27.6135,40.0773,75.9551,-0.0227,-0.0139,-0.023,47.9582,23.394,-72.8371,93.6171,21.4346
2025-01-01 11:44:30,-0.4042,-0.7454,-1.4774,2.1011,27.6135,40.0773,75.9551,-0.0227,-0.0139,-0.023,47.9582,23.394,-72.8371,93.6171,21.4346
2025-01-01 11:44:40,-1.0045,-0.7454,-1.4774,2.1011,27.6135,40.0773,75.9551,-0.0227,-0.0139,-0.023,47.9582,23.394,-72.8371,93.6171,21.4346
2025-01-01 11:44:50,-1.0045,-0.7454,-1.4774,2.1011,27.6135,40.0773,75.9551,-0.0227,-0.0139,-0.023,47.9582,23.394,-72.8371,93.9155,21.4346
2025-01-01 11:45:00,-1.0045,-0.7454,-1.4774,2.0209,27.6135,40.0773,75.9551,-0.0227,-0.0139,-0.023,47.9582,23.394,-72.8371,93.9155,21.4346
2025-01-01 11:45:10,-1.0045,-0.7454,-1.4774,2.0209,27.6135,40.0773,75.9551,-0.0227,-0.0139,-0.023,47.9582,23.4579,-72.8371,93.9155,21.4346
2025-01-01 11:45:20,-1.0045,-0.7454,-1.4774,2.1124,27.6135,40.0773,75.9551,-0.0227,-0.0139,-0.023,47.9582,23.4579,-72.8371,93.9155,21.4346
2025-01-01 11:45:30,-1.0045,-0.7454,-1.4774,2.1124,27.6135,40.0773,75.9551,-0.0227,-0.0139,-0.023,47.9582,23.0614,-72.8371,93.9155,21.4346
2025-01-01 11:45:40,-1.0045,-0.7454,-1.4774,2.1124,27.6135,40.0773,75.9551,-0.0227,-0.0139,-0.023,47.9582,22.3913,-72.8371,93.9155,21.4346
2025-01-01 11:45:50,-1.0045,-0.7454,-1.4774,2.1124,27.6135,40.0773,75.9551,-0.0227,-0.0139,-0.023,47.9582,22.3913,-72.096,93.9155,21.4346
2025-01-01 11:46:00,-1.0045,-0.7454,-1.4774,2.1124,27.6135,40.0773,75.9551,-0.0277,-0.0139,-0.023,47.9582,22.3913,-72.096,93.9155,21.4346
2025-01-01 11:46:10,-1.0045,-0.7454,-1.4774,2.1124,27.6135,40.3281,75.9551,-0.0277,-0.0139,-0.023,47.9582,22.3913,-72.096,93.9155,21.4346
2025-01-01 11:46:20,-1.0045,-0.7454,-1.4774,2.1124,27.6135,40.3281,75.9551,-0.0277,-0.0139,-0.023,50.5767,22.3913,-72.096,93.9155,21.4346
2025-01-01 11:46:30,-1.0045,-0.7454,-1.4774,2.1124,27.6135,40.3281,75.9551,-0.0277,-0.0139,-0.023,50.5767,22.3913,-72.3836,93.9155,21.4346
2025-01-01 11:46:40,-0.7017,-0.7454,-1.4774,2.1124,27.6135,40.3281,75.9551,-0.0277,-0.0139,-0.023,50.5767,22.3913,-72.3836,93.9155,21.4346
2025-01-01 11:46:50,-0.7017,-0.7454,-1.4774,2.1124,27.6135,40.3281,75.9551,-0.0277,-0.0139,-0.023,50.5767,22.3913,-72.3836,93.9155,20.4565
2025-01-01 11:47:00,-0.9859,-0.7454,-1.4774,2.1124,27.6135,40.3281,75.9551,-0.0277,-0.0139,-0.023,50.5767,22.3913,-72.3836,93.9155,20.4565
2025-01-01 11:47:10,-0.9859,-0.7454,-1.4774,2.1124,27.6135,40.3281,75.9551,-0.0277,-0.0139,-0.023,50.5767,22.3913,-72.3836,93.9155,20.4565
2025-01-01 11:47:20,-0.9859,-0.7454,-1.4774,1.993,27.6135,40.3281,75.9551,-0.0277,-0.0139,-0.023,50.5767,22.3913,-72.3836,93.9155,20.4565
2025-01-01 11:47:30,-0.9859,-0.7454,-1.4774,2.0577,27.6135,40.3281,75.9551,-0.0277,-0.0139,-0.023,50.5767,22.3913,-72.3836,93.9155,20.4565
2025-01-01 11:47:40,-0.9859,-0.7454,-1.4774,2.1129,27.6135,40.3281,75.9551,-0.0277,-0.0139,-0.023,50.5767,22.3913,-72.3836,93.9155,20.4565
2025-01-01 11:47:50,-0.9859,-0.7454,-1.4774,2.1129,27.6135,40.3281,75.9551,-0.0277,-0.0139,-0.023,47.4862,22.3913,-72.3836,93.9155,20.4565
2025-01-01 11:48:00,-0.9859,-0.7454,-1.4774,2.1129,27.6956,40.3281,75.9551,-0.0277,-0.0139,-0.023,47.4862,22.3913,-72.3836,93.9155,20.4565
2025-01-01 11:48:10,-0.9859,-0.7454,-1.4774,2.1129,27.6956,40.3281,75.9551,-0.0199,-0.0139,-0.023,47.4862,22.3913,-72.3836,93.9155,20.4565
2025-01-01 11:48:20,-0.9859,-0.7454,-1.4774,2.1129,27.6956,40.3281,84.4999,-0.0199,-0.0139,-0.023,47.4862,22.3913,-72.3836,93.9155,20.4565
2025-01-01 11:48:30,-0.9859,-0.7454,-1.4774,2.1129,27.6956,40.3281,84.4999,-0.0199,-0.0139,-0.023,49.143,22.3913,-72.3836,93.9155,20.4565
2025-01-01 11:48:40,-1.1343,-0.7454,-1.4774,2.1129,27.6956,40.3281,84.4999,-0.0199,-0.0139,-0.023,49.143,22.3913,-72.3836,93.9155,20.4565
2025-01-01 11:48:50,-1.1343,-0.7454,-1.4774,2.1129,27.6956,40.3281,84.4999,-0.0199,-0.0139,-0.023,48.3118,22.3913,-72.3836,93.9155,20.4565
2025-01-01 11:49:00,-1.1343,-0.7454,-1.4774,2.1129,27.6956,40.3281,84.4999,-0.0199,-0.0194,-0.023,48.3118,22.3913,-72.3836,93.9155,20.4565
2025-01-01 11:49:10,-1.1343,-0.7454,-1.4774,2.1129,27.6956,42.9365,84.4999,-0.0199,-0.0194,-0.023,48.3118,22.3913,-72.3836,93.9155,20.4565
2025-01-01 11:49:20,-1.1343,-0.7454,-1.4774,2.1129,27.684,42.9365,84.4999,-0.0199,-0.0194,-0.023,48.3118,22.3913,-72.3836,93.9155,20.4565
2025-01-01 11:49:30,-1.1343,-1.1428,-1.4774,2.1129,27.684,42.9365,84.4999,-0.0199,-0.0194,-0.023,48.3118,22.3913,-72.3836,93.9155,20.4565
2025-01-01 11:49:40,-1.1343,-1.1428,-1.4774,2.1573,27.684,42.9365,84.4999,-0.0199,-0.0194,-0.023,48.3118,22.3913,-72.3836,93.9155,20.4565
2025-01-01 11:49:50,-1.1343,-1.1428,-1.4774,2.1573,27.6717,42.9365,84.4999,-0.0199,-0.0194,-0.023,48.3118,22.3913,-72.3836,93.9155,20.4565
2025-01-01 11:50:00,-1.1343,-1.1428,-1.4774,2.1573,27.6717,42.9365,84.4999,-0.0199,-0.0194,-0.023,48.3118,22.3913,-72.3836,93.9155,21.4731
2025-01-01 11:50:10,-1.1343,-1.1428,-1.4774,2.1573,27.6717,42.9365,84.4999,-0.0199,-0.0194,-0.023,50.8216,22.3913,-72.3836,93.9155,21.4731
2025-01-01 11:50:20,-0.871,-1.1428,-1.4774,2.1573,27.6717,42.9365,84.4999,-0.0199,-0.0194,-0.023,50.8216,22.3913,-72.3836,93.9155,21.4731
2025-01-01 11:50:30,-0.871,-0.7774,-1.4774,2.1573,27.6717,42.9365,84.4999,-0.0199,-0.0194,-0.023,50.8216,22.3913,-72.3836,93.9155,21.4731
2025-01-01 11:50:40,-0.871,-0.7774,-1.4774,2.1573,27.6717,42.9365,84.4999,-0.0199,-0.0194,-0.023,50.8216,23.0046,-72.3836,93.9155,21.4731
2025-01-01 11:50:50,-0.4912,-0.7774,-1.4774,2.1573,27.6717,42.9365,84.4999,-0.0199,-0.0194,-0.023,50.8216,23.0046,-72.3836,93.9155,21.4731
2025-01-01 11:51:00,-0.4912,-0.7774,-1.4774,2.1573,27.6717,42.9365,84.4999,-0.0199,-0.0156,-0.023,50.8216,23.0046,-72.3836,93.9155,21.4731
2025-01-01 11:51:10,-0.4912,-0.7774,-1.4774,1.9675,27.6717,42.9365,84.4999,-0.0199,-0.0156,-0.023,50.8216,23.0046,-72.3836,93.9155,21.4731
2025-01-01 11:51:20,-0.4912,-0.7774,-2.1704,1.9675,27.6717,42.9365,84.4999,-0.0199,-0.0156,-0.023,50.8216,23.0046,-72.3836,93.9155,21.4731
2025-01-01 11:51:30,-0.4912,-0.7774,-2.1704,1.9675,27.6717,42.9365,84.4999,-0.0199,-0.0156,-0.023,50.321,23.0046,-72.3836,93.9155,21.4731
2025-01-01 11:51:40,-0.4912,-0.7774,-2.1704,1.9675,27.6717,42.9365,84.4999,-0.0199,-0.0156,-0.023,49.0579,23.0046,-72.3836,93.9155,21.4731
2025-01-01 11:51:50,-0.4912,-0.7774,-1.8176,1.9675,27.6717,42.9365,84.4999,-0.0199,-0.0156,-0.023,49.0579,23.0046,-72.3836,93.9155,21.4731
2025-01-01 11:52:00,-0.4912,-0.7774,-1.8176,1.9675,27.6717,42.9365,84.4999,-0.0199,-0.0156,-0.023,49.0579,22.092,-72.3836,93.9155,21.4731
2025-01-01 11:52:10,-0.4912,-0.7774,-1.8176,1.9675,27.6244,42.9365,84.4999,-0.0199,-0.0156,-0.023,49.0579,22.092,-72.3836,93.9155,21.4731
2025-01-01 11:52:20,-0.4912,-0.7774,-1.8176,1.9675,27.6244,42.9365,84.4999,-0.0199,-0.0156,-0.0125,49.0579,22.092,-72.3836,93.9155,21.4731
2025-01-01 11:52:30,-0.4912,-0.7774,-1.8176,1.9675,27.6244,42.9365,84.4999,-0.0199,-0.0156,-0.0125,49.0579,22.092,-72.3836,96.2992,21.4731
2025-01-01 11:52:40,-0.4912,-0.7774,-1.8176,1.9675,27.6244,42.9365,84.4999,-0.0199,-0.0156,-0.0125,46.4191,22.092,-72.3836,96.2992,21.4731
2025-01-01 11:52:50,-0.4912,-0.7774,-1.8176,1.9675,27.6244,42.9365,84.4999,-0.0199,-0.0156,-0.0125,46.4191,22.092,-70.9234,96.2992,21.4731
2025-01-01 11:53:00,-0.4912,-0.7774,-1.8176,1.9675,27.7518,42.9365,84.4999,-0.0199,-0.0156,-0.0125,46.4191,22.092,-70.9234,96.2992,21.4731
2025-01-01 11:53:10,-0.4912,-0.7774,-1.8176,1.9675,27.7518,42.9365,84.4999,-0.0199,-0.0156,-0.0125,50.3032,22.092,-70.9234,96.2992,21.4731
2025-01-01 11:53:20,-0.4912,-0.7774,-2.2879,1.9675,27.7518,42.9365,84.4999,-0.0199,-0.0156,-0.0125,50.3032,22.092,-70.9234,96.2992,21.4731
2025-01-01 11:53:30,-0.4912,-0.7774,-2.2879,1.9675,27.7518,42.9365,84.4999,-0.0199,-0.0156,-0.0125,50.3032,22.092,-70.9234,93.0018,21.4731
2025-01-01 11:53:40,-0.4912,-0.7774,-2.2879,1.9675,27.7518,40.0638,84.4999,-0.0199,-0.0156,-0.0125,50.3032,22.092,-70.9234,93.0018,21.4731
2025-01-01 11:53:50,-0.4912,-0.7774,-2.2879,1.9675,27.7518,40.0638,84.4999,-0.0199,-0.0156,-0.0125,50.3032,22.092,-70.5443,93.0018,21.4731
2025-01-01 11:54:00,-0.4912,-0.7774,-2.2879,1.9675,27.7518,40.0638,84.4999,-0.0199,-0.0156,-0.0125,50.3032,22.092,-70.5443,93.9766,21.4731
2025-01-01 11:54:10,-0.4912,-0.7774,-2.2879,1.9675,27.7518,40.0638,84.4999,-0.0246,-0.0156,-0.0125,50.3032,22.092,-70.5443,93.9766,21.4731
2025-01-01 11:54:20,-0.4912,-0.7774,-2.2879,1.9675,27.7518,40.0638,84.4999,-0.0192,-0.0156,-0.0125,50.3032,22.092,-70.5443,93.9766,21.4731
2025-01-01 11:54:30,-0.4912,-0.8789,-2.2879,1.9675,27.7518,40.0638,84.4999,-0.0192,-0.0156,-0.0125,50.3032,22.092,-70.5443,93.9766,21.4731
2025-01-01 11:54:40,-0.4912,-0.8789,-2.2879,1.9675,27.7518,40.5009,84.4999,-0.0192,-0.0156,-0.0125,50.3032,22.092,-70.5443,93.9766,21.4731
2025-01-01 11:54:50,-0.4912,-0.8789,-2.2879,1.9675,27.7518,40.5009,84.4999,-0.0192,-0.0139,-0.0125,50.3032,22.092,-70.5443,93.9766,21.4731
2025-01-01 11:55:00,-0.4912,-0.8789,-2.2879,1.9675,27.7518,40.754,84.4999,-0.0192,-0.0139,-0.0125,50.3032,22.092,-70.5443,93.9766,21.4731
2025-01-01 11:55:10,-0.7807,-0.8789,-2.2879,1.9675,27.7518,40.754,84.4999,-0.0192,-0.0139,-0.0125,50.3032,22.092,-70.5443,93.9766,21.4731
2025-01-01 11:55:20,-0.7807,-0.8789,-2.2879,1.9675,27.7518,40.754,84.4999,-0.0228,-0.0139,-0.0125,50.3032,22.092,-70.5443,93.9766,21.4731
2025-01-01 11:55:30,-0.7807,-0.8789,-2.2879,1.9675,27.7518,40.754,71.2068,-0.0228,-0.0139,-0.0125,50.3032,22.092,-70.5443,93.9766,21.4731
2025-01-01 11:55:40,-0.7807,-0.8789,-2.2879,1.9675,27.7518,40.754,71.2068,-0.0228,-0.0225,-0.0125,50.3032,22.092,-70.5443,93.9766,21.4731
2025-01-01 11:55:50,-0.7807,-0.8789,-2.2879,1.9675,27.7518,40.754,71.2068,-0.0228,-0.0225,-0.0188,50.3032,22.092,-70.5443,93.9766,21.4731
2025-01-01 11:56:00,-0.7807,-0.8789,-2.2879,1.9675,27.7518,40.754,71.2068,-0.0228,-0.0225,-0.0188,50.3032,22.092,-71.9927,93.9766,21.4731
2025-01-01 11:56:10,-0.7807,-0.8789,-2.2879,1.9675,27.7518,40.754,71.2068,-0.0228,-0.0225,-0.0188,49.8524,22.092,-71.9927,93.9766,21.4731
2025-01-01 11:56:20,-0.7807,-0.8789,-2.2879,1.9675,27.7518,40.754,71.2068,-0.0228,-0.0225,-0.0188,49.0212,22.092,-71.9927,93.9766,21.4731
2025-01-01 11:56:30,-0.7807,-0.8789,-2.2879,1.9675,27.5541,40.754,71.2068,-0.0228,-0.0225,-0.0188,49.0212,22.092,-71.9927,93.9766,21.4731
2025-01-01 11:56:40,-0.7807,-0.7378,-2.2879,1.9675,27.5541,40.754,71.2068,-0.0228,-0.0225,-0.0188,49.0212,22.092,-71.9927,93.9766,21.4731
2025-01-01 11:56:50,-0.7807,-0.7378,-2.2879,2.02,27.5541,40.754,71.2068,-0.0228,-0.0225,-0.0188,49.0212,22.092,-71.9927,93.9766,21.4731
2025-01-01 11:57:00,-0.7807,-0.7909,-2.2879,2.02,27.5541,40.754,71.2068,-0.0228,-0.0225,-0.0188,49.0212,22.092,-71.9927,93.9766,21.4731
2025-01-01 11:57:10,-0.7807,-0.7909,-2.2879,2.02,27.5534,40.754,71.2068,-0.0228,-0.0225,-0.0188,49.0212,22.092,-71.9927,93.9766,21.4731
2025-01-01 11:57:20,-0.7807,-0.7909,-2.2879,2.02,27.5534,40.754,71.2068,-0.0228,-0.0225,-0.0123,49.0212,22.092,-71.9927,93.9766,21.4731
2025-01-01 11:57:30,-0.7807,-0.7909,-2.2879,2.02,27.5534,40.754,71.2068,-0.0228,-0.02,-0.0123,49.0212,22.092,-71.9927,93.9766,21.4731
2025-01-01 11:57:40,-0.7807,-0.7909,-2.2879,2.02,27.5534,41.0589,71.2068,-0.0228,-0.02,-0.0123,49.0212,22.092,-71.9927,93.9766,21.4731
2025-01-01 11:57:50,-0.7807,-0.7909,-2.2879,2.1626,27.5534,41.0589,71.2068,-0.0228,-0.02,-0.0123,49.0212,22.092,-71.9927,93.9766,21.4731
2025-01-01 11:58:00,-0.7807,-0.7909,-2.2879,2.1626,27.5534,41.0589,71.2068,-0.0228,-0.02,-0.0123,49.0212,23.4429,-71.9927,93.9766,21.4731
2025-01-01 11:58:10,-0.7807,-0.7909,-2.2879,2.1626,27.5534,41.0589,71.2068,-0.0228,-0.02,-0.0123,49.0212,23.4429,-70.3824,93.9766,21.4731
2025-01-01 11:58:20,-0.7807,-0.7909,-2.2879,2.1626,27.5534,41.0589,71.2068,-0.0228,-0.02,-0.0123,49.0212,23.4429,-70.3824,91.1999,21.4731
2025-01-01 11:58:30,-0.7807,-0.7909,-2.2879,2.1626,27.5534,41.0589,71.2068,-0.0228,-0.02,-0.0123,49.0212,23.4429,-70.3824,91.1999,21.2112
2025-01-01 11:58:40,-0.7807,-0.7909,-2.2879,2.1626,27.5534,41.0589,71.2068,-0.0176,-0.02,-0.0123,49.0212,23.4429,-70.3824,91.1999,21.2112
2025-01-01 11:58:50,-0.7807,-0.7909,-2.2879,2.1626,27.5534,41.0589,71.2068,-0.0176,-0.02,-0.0123,49.0212,23.4429,-70.3824,91.7393,21.2112
2025-01-01 11:59:00,-0.7807,-0.7909,-2.2879,2.0031,27.5534,41.0589,71.2068,-0.0176,-0.02,-0.0123,49.0212,23.4429,-70.3824,91.7393,21.2112
2025-01-01 11:59:10,-0.7807,-0.7909,-2.2879,2.0031,27.5534,41.0589,71.2068,-0.0176,-0.02,-0.0123,49.0212,23.4429,-70.3824,91.7393,21.2815
2025-01-01 11:59:20,-0.7807,-0.7909,-2.2879,2.0031,27.5534,41.0589,71.2068,-0.0176,-0.02,-0.0123,50.8799,23.4429,-70.3824,91.7393,21.2815
2025-01-01 11:59:30,-1.0098,-0.7909,-2.2879,2.0031,27.5534,41.0589,71.2068,-0.0176,-0.02,-0.0123,50.8799,23.4429,-70.3824,91.7393,21.2815
2025-01-01 11:59:40,-1.0098,-0.7909,-2.2879,2.0031,27.5534,41.0589,71.2068,-0.0176,-0.02,-0.0123,50.8799,23.4429,-70.3824,91.7393,20.7293
2025-01-01 11:59:50,-1.0098,-0.7909,-2.2879,2.0031,27.5534,41.0589,71.2068,-0.0176,-0.02,-0.0123,50.8799,23.4429,-70.3824,91.7393,21.305
2025-01-01 12:00:00,-1.0098,-0.7909,-2.2879,2.0031,27.5534,41.0589,71.2068,-0.0176,-0.0147,-0.0123,50.8799,23.4429,-70.3824,91.7393,21.305
2025-01-01 12:00:10,-1.0098,-0.7909,-2.2879,2.0031,27.5534,41.0589,71.2068,-0.0176,-0.023,-0.0123,50.8799,23.4429,-70.3824,91.7393,21.305
2025-01-01 12:00:20,-0.6601,-0.7909,-2.2879,2.0031,27.5534,41.0589,71.2068,-0.0176,-0.023,-0.0123,50.8799,23.4429,-70.3824,91.7393,21.305
2025-01-01 12:00:30,-0.6601,-0.9983,-2.2879,2.0031,27.5534,41.0589,71.2068,-0.0176,-0.023,-0.0123,50.8799,23.4429,-70.3824,91.7393,21.305
2025-01-01 12:00:40,-0.6601,-0.9983,-2.2879,2.0031,27.5534,41.0589,71.2068,-0.0176,-0.023,-0.0123,51.6634,23.4429,-70.3824,91.7393,21.305
2025-01-01 12:00:50,-0.9057,-0.9983,-2.2879,2.0031,27.5534,41.0589,71.2068,-0.0176,-0.023,-0.0123,51.6634,23.4429,-70.3824,91.7393,21.305
2025-01-01 12:01:00,-0.9057,-0.9983,-2.2879,2.0031,27.5534,41.0589,71.2068,-0.0176,-0.023,-0.0259,51.6634,23.4429,-70.3824,91.7393,21.305
2025-01-01 12:01:10,-0.9057,-0.9983,-2.2879,2.0031,27.5534,41.0589,71.2068,-0.0176,-0.023,-0.0146,51.6634,23.4429,-70.3824,91.7393,21.305
2025-01-01 12:01:20,-0.9057,-0.9983,-2.2879,2.0031,27.5534,41.0589,71.2068,-0.0176,-0.023,-0.0146,51.6634,23.4429,-70.3824,93.1278,21.305
2025-01-01 12:01:30,-0.9057,-0.9983,-2.2879,2.0031,27.5534,41.0589,78.5935,-0.0176,-0.023,-0.0146,51.6634,23.4429,-70.3824,93.1278,21.305
2025-01-01 12:01:40,-0.9057,-0.9983,-2.2879,2.0031,27.5534,41.0589,78.5935,-0.0176,-0.0237,-0.0146,51.6634,23.4429,-70.3824,93.1278,21.305
2025-01-01 12:01:50,-0.9057,-0.9983,-2.2879,2.0031,27.5534,41.0589,78.5935,-0.0145,-0.0237,-0.0146,51.6634,23.4429,-70.3824,93.1278,21.305
2025-01-01 12:02:00,-0.9057,-0.9983,-1.4847,2.0031,27.5534,41.0589,78.5935,-0.0145,-0.0237,-0.0146,51.6634,23.4429,-70.3824,93.1278,21.305
2025-01-01 12:02:10,-0.9057,-0.9983,-1.4847,2.0031,27.5534,41.0589,78.5935,-0.0227,-0.0237,-0.0146,51.6634,23.4429,-70.3824,93.1278,21.305
2025-01-01 12:02:20,-0.9057,-0.9983,-1.4847,2.0031,27.5534,41.0589,78.5935,-0.0227,-0.0237,-0.0205,51.6634,23.4429,-70.3824,93.1278,21.305
2025-01-01 12:02:30,-0.9057,-0.9983,-1.0639,2.0031,27.5534,41.0589,78.5935,-0.0227,-0.0237,-0.0205,51.6634,23.4429,-70.3824,93.1278,21.305
2025-01-01 12:02:40,-0.9057,-0.9983,-1.0639,1.9883,27.5534,41.0589,78.5935,-0.0227,-0.0237,-0.0205,51.6634,23.4429,-70.3824,93.1278,21.305
2025-01-01 12:02:50,-0.9057,-0.9983,-1.0639,1.9883,27.5534,41.0589,78.5935,-0.0227,-0.0237,-0.0205,51.6634,23.4429,-70.3824,93.1278,21.5918
2025-01-01 12:03:00,-0.9057,-0.9983,-1.0639,1.9883,27.5534,41.0589,78.5935,-0.0227,-0.0237,-0.0205,51.6634,23.4429,-70.3824,93.1278,20.6495
2025-01-01 12:03:10,-0.9057,-0.9983,-1.0639,1.9883,27.5534,41.0589,78.5935,-0.0227,-0.0237,-0.0236,51.6634,23.4429,-70.3824,93.1278,20.6495
2025-01-01 12:03:20,-0.9057,-0.9983,-1.0639,1.9883,27.5534,41.0589,78.5935,-0.0227,-0.0237,-0.0236,51.6634,23.4429,-70.3824,92.6269,20.6495
2025-01-01 12:03:30,-0.9057,-0.9983,-1.0639,1.9883,27.5534,41.0589,78.5935,-0.0125,-0.0237,-0.0236,51.6634,23.4429,-70.3824,92.6269,20.6495
2025-01-01 12:03:40,-0.9057,-0.9983,-1.0639,1.9883,27.485,41.0589,78.5935,-0.0125,-0.0237,-0.0236,51.6634,23.4429,-70.3824,92.6269,20.6495
2025-01-01 12:03:50,-0.9057,-0.9983,-1.0639,1.9883,27.5653,41.0589,78.5935,-0.0125,-0.0237,-0.0236,51.6634,23.4429,-70.3824,92.6269,20.6495
2025-01-01 12:04:00,-0.9057,-0.9983,-1.0639,1.9883,27.5653,41.9862,78.5935,-0.0125,-0.0237,-0.0236,51.6634,23.4429,-70.3824,92.6269,20.6495
2025-01-01 12:04:10,-0.7019,-0.9983,-1.0639,1.9883,27.5653,41.9862,78.5935,-0.0125,-0.0237,-0.0236,51.6634,23.4429,-70.3824,92.6269,20.6495
2025-01-01 12:04:20,-0.7019,-0.9983,-1.0639,1.9883,27.5653,41.9862,78.5935,-0.0125,-0.0237,-0.0236,51.6634,23.4429,-70.3824,90.7063,20.6495
2025-01-01 12:04:30,-0.7019,-0.9983,-1.0639,1.9883,27.6911,41.9862,78.5935,-0.0125,-0.0237,-0.0236,51.6634,23.4429,-70.3824,90.7063,20.6495
2025-01-01 12:04:40,-0.7019,-0.9983,-1.0639,1.9883,27.6911,41.9862,78.5935,-0.0125,-0.0237,-0.0236,51.6634,22.8146,-70.3824,90.7063,20.6495
2025-01-01 12:04:50,-0.7019,-0.9983,-1.0639,1.9883,27.6911,41.9862,78.5935,-0.02,-0.0237,-0.0236,51.6634,22.8146,-70.3824,90.7063,20.6495
2025-01-01 12:05:00,-0.7019,-0.9983,-1.0639,1.9883,27.6911,41.9862,78.5935,-0.02,-0.0237,-0.0236,51.6634,23.5399,-70.3824,90.7063,20.6495
2025-01-01 12:05:10,-0.7019,-0.9983,-1.0639,1.9883,27.6911,41.9862,78.5935,-0.02,-0.0237,-0.0236,51.6634,23.5399,-70.3824,90.7063,21.404
2025-01-01 12:05:20,-0.7019,-0.9983,-1.0639,1.9883,27.6911,41.9862,78.5935,-0.02,-0.0237,-0.0236,51.6634,23.5399,-72.678,90.7063,21.404
2025-01-01 12:05:30,-0.7019,-0.9983,-1.0639,1.9883,27.6911,41.9862,78.5935,-0.02,-0.0237,-0.0236,51.6634,23.5399,-72.678,90.7063,21.404
2025-01-01 12:05:40,-0.7019,-0.9983,-1.0639,1.9883,27.6911,41.9862,78.5935,-0.02,-0.0237,-0.0236,51.6634,23.5399,-70.2262,90.7063,21.404
2025-01-01 12:05:50,-0.7019,-0.9983,-1.0639,2.2248,27.6911,41.9862,78.5935,-0.02,-0.0237,-0.0236,51.6634,23.5399,-70.2262,90.7063,21.404
2025-01-01 12:06:00,-0.7019,-0.9983,-1.0639,2.2248,27.8166,41.9862,78.5935,-0.02,-0.0237,-0.0236,51.6634,23.5399,-70.2262,90.7063,21.404
2025-01-01 12:06:10,-0.7019,-0.9983,-1.0639,2.2248,27.8166,41.9862,78.5935,-0.02,-0.0164,-0.0236,51.6634,23.5399,-70.2262,90.7063,21.404
2025-01-01 12:06:20,-0.7019,-0.9983,-1.0639,2.2248,27.8166,41.9862,78.5935,-0.0194,-0.0164,-0.0236,51.6634,23.5399,-70.2262,90.7063,21.404
2025-01-01 12:06:30,-0.7019,-0.9983,-1.0639,2.2248,27.8166,40.0933,78.5935,-0.0194,-0.0164,-0.0236,51.6634,23.5399,-70.2262,90.7063,21.404
2025-01-01 12:06:40,-0.9173,-0.9983,-1.0639,2.2248,27.8166,40.0933,78.5935,-0.0194,-0.0164,-0.0236,51.6634,23.5399,-70.2262,90.7063,21.404
2025-01-01 12:06:50,-0.9173,-0.9983,-1.0639,2.2248,27.8166,40.0933,78.5935,-0.0194,-0.0164,-0.0236,51.6634,23.0768,-70.2262,90.7063,21.404
2025-01-01 12:07:00,-0.9173,-0.9983,-1.0639,2.2248,27.8166,41.4398,78.5935,-0.0194,-0.0164,-0.0236,51.6634,23.0768,-70.2262,90.7063,21.404
2025-01-01 12:07:10,-0.9173,-0.9983,-1.0639,2.2248,27.8166,41.4398,78.5935,-0.0194,-0.0164,-0.0236,51.6634,22.9372,-70.2262,90.7063,21.404
2025-01-01 12:07:20,-0.9173,-0.9983,-1.0639,2.2248,27.631,41.4398,78.5935,-0.0194,-0.0164,-0.0236,51.6634,22.9372,-70.2262,90.7063,21.404
2025-01-01 12:07:30,-0.4682,-0.9983,-1.0639,2.2248,27.631,41.4398,78.5935,-0.0194,-0.0164,-0.0236,51.6634,22.9372,-70.2262,90.7063,21.404
2025-01-01 12:07:40,-0.4682,-0.9983,-1.0639,2.2248,27.631,41.4398,86.056,-0.0194,-0.0164,-0.0236,51.6634,22.9372,-70.2262,90.7063,21.404
2025-01-01 12:07:50,-0.4682,-0.9983,-1.0639,2.2248,27.631,41.4398,86.056,-0.0194,-0.0164,-0.0236,51.6634,22.9372,-71.7076,90.7063,21.404
2025-01-01 12:08:00,-0.4682,-0.9983,-1.0639,2.2329,27.631,41.4398,86.056,-0.0194,-0.0164,-0.0236,51.6634,22.9372,-71.7076,90.7063,21.404
2025-01-01 12:08:10,-0.4682,-0.9983,-1.0639,2.2329,27.631,41.4398,86.056,-0.0194,-0.0164,-0.0236,51.6634,22.9372,-71.7076,93.8188,21.404
2025-01-01 12:08:20,-0.4682,-0.9983,-1.0639,2.2329,27.631,41.4398,86.056,-0.0194,-0.023,-0.0236,51.6634,22.9372,-71.7076,93.8188,21.404
2025-01-01 12:08:30,-0.4682,-0.9983,-1.0639,2.2329,27.631,41.4304,86.056,-0.0194,-0.023,-0.0236,51.6634,22.9372,-71.7076,93.8188,21.404
2025-01-01 12:08:40,-0.4932,-0.9983,-1.0639,2.2329,27.631,41.4304,86.056,-0.0194,-0.023,-0.0236,51.6634,22.9372,-71.7076,93.8188,21.404
2025-01-01 12:08:50,-0.4932,-0.9983,-1.0639,2.2329,27.631,41.4304,86.056,-0.0194,-0.023,-0.0236,51.6634,22.6896,-71.7076,93.8188,21.404
2025-01-01 12:09:00,-0.4932,-0.9983,-1.0639,2.2329,27.631,41.4304,86.056,-0.0194,-0.023,-0.0236,51.6634,22.6896,-71.7076,93.8188,21.2099
2025-01-01 12:09:10,-0.4932,-0.9983,-1.0639,1.9573,27.631,41.4304,86.056,-0.0194,-0.023,-0.0236,51.6634,22.6896,-71.7076,93.8188,21.2099
2025-01-01 12:09:20,-0.4932,-0.9983,-2.481,1.9573,27.631,41.4304,86.056,-0.0194,-0.023,-0.0236,51.6634,22.6896,-71.7076,93.8188,21.2099
2025-01-01 12:09:30,-0.8006,-0.9983,-2.481,1.9573,27.631,41.4304,86.056,-0.0194,-0.023,-0.0236,51.6634,22.6896,-71.7076,93.8188,21.2099
2025-01-01 12:09:40,-0.8006,-0.9983,-2.481,1.9573,27.631,41.4304,86.056,-0.0194,-0.023,-0.0236,51.6634,22.6896,-72.4964,93.8188,21.2099
2025-01-01 12:09:50,-0.8006,-0.9983,-2.481,1.9573,27.631,41.4304,86.056,-0.0194,-0.023,-0.0236,51.6634,22.6896,-72.4964,93.8188,21.7524
2025-01-01 12:10:00,-0.8006,-0.9983,-1.6122,1.9573,27.631,41.4304,86.056,-0.0194,-0.023,-0.0236,51.6634,22.6896,-72.4964,93.8188,21.7524
2025-01-01 12:10:10,-0.7101,-0.9983,-1.6122,1.9573,27.631,41.4304,86.056,-0.0194,-0.023,-0.0236,51.6634,22.6896,-72.4964,93.8188,21.7524
2025-01-01 12:10:20,-0.7101,-0.9983,-1.6122,1.9573,27.631,41.4304,86.056,-0.0194,-0.023,-0.0107,51.6634,22.6896,-72.4964,93.8188,21.7524
2025-01-01 12:10:30,-0.7101,-0.9983,-1.6122,1.9573,27.631,41.4304,86.056,-0.0194,-0.023,-0.015,51.6634,22.6896,-72.4964,93.8188,21.7524
2025-01-01 12:10:40,-0.4932,-0.9983,-1.6122,1.9573,27.631,41.4304,86.056,-0.0194,-0.023,-0.015,51.6634,22.6896,-72.4964,93.8188,21.7524
2025-01-01 12:10:50,-0.4932,-0.9983,-1.6122,1.9573,27.631,41.4304,86.056,-0.0194,-0.023,-0.015,51.6634,22.4598,-72.4964,93.8188,21.7524
2025-01-01 12:11:00,-0.4932,-0.9983,-1.6122,1.9573,27.631,41.4304,82.3704,-0.0194,-0.023,-0.015,51.6634,22.4598,-72.4964,93.8188,21.7524
2025-01-01 12:11:10,-0.4932,-0.9983,-1.6122,1.9573,27.631,41.4304,82.3704,-0.0194,-0.0189,-0.015,51.6634,22.4598,-72.4964,93.8188,21.7524
2025-01-01 12:11:20,-0.4932,-0.9983,-1.6122,1.9573,27.631,40.1619,82.3704,-0.0194,-0.0189,-0.015,51.6634,22.4598,-72.4964,93.8188,21.7524
2025-01-01 12:11:30,-0.4932,-0.9983,-2.6384,1.9573,27.631,40.1619,82.3704,-0.0194,-0.0189,-0.015,51.6634,22.4598,-72.4964,93.8188,21.7524
2025-01-01 12:11:40,-0.4932,-0.9983,-2.6384,1.9573,27.631,40.1619,82.3704,-0.0194,-0.0189,-0.015,51.6634,22.4598,-70.1601,93.8188,21.7524
2025-01-01 12:11:50,-0.4932,-0.9983,-2.6384,1.9573,27.631,40.1619,82.3704,-0.0194,-0.0189,-0.015,51.6634,22.4598,-70.1601,91.252,21.7524
2025-01-01 12:12:00,-0.4932,-0.9983,-2.6384,1.9573,27.631,40.1619,82.3704,-0.0194,-0.0189,-0.015,51.6634,24.1465,-70.1601,91.252,21.7524
2025-01-01 12:12:10,-0.4932,-0.9983,-2.6384,1.9573,27.631,40.1619,82.3704,-0.0194,-0.0189,-0.015,51.6634,23.2506,-70.1601,91.252,21.7524
2025-01-01 12:12:20,-0.4932,-0.9983,-2.6384,1.9573,27.631,40.1619,82.3704,-0.0194,-0.0189,-0.015,51.6634,23.2506,-70.2169,91.252,21.7524
2025-01-01 12:12:30,-0.4932,-0.9983,-2.6384,1.9573,27.631,40.1619,86.1718,-0.0194,-0.0189,-0.015,51.6634,23.2506,-70.2169,91.252,21.7524
2025-01-01 12:12:40,-0.4932,-0.9983,-2.6384,1.9573,27.7981,40.1619,86.1718,-0.0194,-0.0189,-0.015,51.6634,23.2506,-70.2169,91.252,21.7524
2025-01-01 12:12:50,-0.4932,-0.9983,-2.6384,1.9573,27.7981,41.5804,86.1718,-0.0194,-0.0189,-0.015,51.6634,23.2506,-70.2169,91.252,21.7524
2025-01-01 12:13:00,-0.4932,-0.9983,-2.6384,1.9573,27.7981,41.5804,86.1718,-0.0194,-0.0189,-0.015,51.6511,23.2506,-70.2169,91.252,21.7524
2025-01-01 12:13:10,-0.4932,-0.9983,-2.6384,1.9573,27.7981,41.5804,86.1718,-0.0194,-0.0189,-0.015,49.8106,23.2506,-70.2169,91.252,21.7524
2025-01-01 12:13:20,-0.4932,-0.9983,-2.6384,1.9573,27.7981,41.5804,86.1718,-0.0194,-0.0256,-0.015,49.8106,23.2506,-70.2169,91.252,21.7524
2025-01-01 12:13:30,-0.4932,-0.9983,-2.6384,1.9573,27.7981,41.5149,86.1718,-0.0194,-0.0256,-0.015,49.8106,23.2506,-70.2169,91.252,21.7524
2025-01-01 12:13:40,-0.4932,-0.9983,-2.6384,1.9573,27.7981,41.5149,86.1718,-0.0194,-0.0256,-0.015,49.8106,23.2506,-70.2169,90.3208,21.7524
2025-01-01 12:13:50,-0.4932,-0.9983,-2.6384,1.9573,27.7981,41.5149,86.1718,-0.0194,-0.0256,-0.0151,49.8106,23.2506,-70.2169,90.3208,21.7524
2025-01-01 12:14:00,-0.4932,-0.9983,-2.6384,1.9573,27.7981,41.5149,86.1718,-0.0194,-0.0256,-0.0193,49.8106,23.2506,-70.2169,90.3208,21.7524
2025-01-01 12:14:10,-0.4932,-0.9983,-2.6384,1.9573,27.7981,41.5149,86.1718,-0.0194,-0.0256,-0.0193,49.8106,23.9423,-70.2169,90.3208,21.7524
2025-01-01 12:14:20,-0.4932,-0.9983,-2.6384,1.9573,27.7981,41.5149,86.1718,-0.0194,-0.0256,-0.0193,49.8106,23.9423,-68.2883,90.3208,21.7524
2025-01-01 12:14:30,-0.4932,-0.9983,-2.6384,1.9573,27.7981,41.5149,86.1718,-0.0194,-0.0256,-0.0193,49.8106,23.7425,-68.2883,90.3208,21.7524
2025-01-01 12:14:40,-0.4932,-0.9983,-2.6384,1.9573,27.758,41.5149,86.1718,-0.0194,-0.0256,-0.0193,49.8106,23.7425,-68.2883,90.3208,21.7524
2025-01-01 12:14:50,-0.3579,-0.9983,-2.6384,1.9573,27.758,41.5149,86.1718,-0.0194,-0.0256,-0.0193,49.8106,23.7425,-68.2883,90.3208,21.7524
2025-01-01 12:15:00,-0.3579,-0.9983,-2.6384,1.9573,27.758,41.5149,86.1718,-0.0194,-0.0256,-0.0193,47.947,23.7425,-68.2883,90.3208,21.7524
2025-01-01 12:15:10,-0.3579,-0.9983,-2.6384,1.9573,27.758,41.5149,86.1718,-0.0194,-0.0256,-0.0193,46.0477,23.7425,-68.2883,90.3208,21.7524
2025-01-01 12:15:20,-0.3579,-0.9983,-2.6384,1.9573,27.758,41.4784,86.1718,-0.0194,-0.0256,-0.0193,46.0477,23.7425,-68.2883,90.3208,21.7524
2025-01-01 12:15:30,-0.3579,-0.9983,-2.6384,1.9573,27.758,41.4784,86.1718,-0.0194,-0.0256,-0.0193,46.0477,22.8448,-68.2883,90.3208,21.7524
2025-01-01 12:15:40,-0.3579,-0.9983,-2.6384,1.9573,27.758,41.4784,86.1718,-0.0194,-0.0135,-0.0193,46.0477,22.8448,-68.2883,90.3208,21.7524
2025-01-01 12:15:50,-0.3579,-0.9983,-2.6384,1.9573,27.758,41.4784,86.1718,-0.0194,-0.0135,-0.0193,46.0477,22.8448,-70.6996,90.3208,21.7524
2025-01-01 12:16:00,-0.3579,-0.9983,-2.6384,1.9573,27.758,41.4784,86.1718,-0.0198,-0.0135,-0.0193,46.0477,22.8448,-70.6996,90.3208,21.7524
2025-01-01 12:16:10,-0.3579,-0.9983,-2.6384,1.9573,27.758,41.4784,85.7685,-0.0198,-0.0135,-0.0193,46.0477,22.8448,-70.6996,90.3208,21.7524
2025-01-01 12:16:20,-0.3579,-0.9983,-2.6384,1.9573,27.758,42.1658,85.7685,-0.0198,-0.0135,-0.0193,46.0477,22.8448,-70.6996,90.3208,21.7524
2025-01-01 12:16:30,-0.3579,-0.3857,-2.6384,1.9573,27.758,42.1658,85.7685,-0.0198,-0.0135,-0.0193,46.0477,22.8448,-70.6996,90.3208,21.7524
2025-01-01 12:16:40,-0.3579,-0.3857,-2.6384,1.9573,27.758,42.1658,85.7685,-0.0198,-0.0135,-0.0193,46.0477,23.0501,-70.6996,90.3208,21.7524
2025-01-01 12:16:50,-0.3579,-0.3857,-2.6384,1.9573,27.758,42.1658,85.7685,-0.0198,-0.0135,-0.0193,46.0477,23.1584,-70.6996,90.3208,21.7524
2025-01-01 12:17:00,-0.3579,-0.3857,-2.6384,1.9573,27.758,42.1658,85.7685,-0.0198,-0.0135,-0.0193,47.3139,23.1584,-70.6996,90.3208,21.7524
2025-01-01 12:17:10,-0.3579,-0.4446,-2.6384,1.9573,27.758,42.1658,85.7685,-0.0198,-0.0135,-0.0193,47.3139,23.1584,-70.6996,90.3208,21.7524
2025-01-01 12:17:20,-0.3579,-0.4446,-2.6384,1.9573,27.758,42.1658,85.7685,-0.0198,-0.0135,-0.0068,47.3139,23.1584,-70.6996,90.3208,21.7524
2025-01-01 12:17:30,-0.4937,-0.4446,-2.6384,1.9573,27.758,42.1658,85.7685,-0.0198,-0.0135,-0.0068,47.3139,23.1584,-70.6996,90.3208,21.7524
2025-01-01 12:17:40,-0.4937,-0.4446,-2.6384,1.9573,27.7325,42.1658,85.7685,-0.0198,-0.0135,-0.0068,47.3139,23.1584,-70.6996,90.3208,21.7524
2025-01-01 12:17:50,-0.4937,-0.4446,-2.6384,2.2815,27.7325,42.1658,85.7685,-0.0198,-0.0135,-0.0068,47.3139,23.1584,-70.6996,90.3208,21.7524
2025-01-01 12:18:00,-0.4937,-0.4446,-2.6384,2.2815,27.7325,42.719,85.7685,-0.0198,-0.0135,-0.0068,47.3139,23.1584,-70.6996,90.3208,21.7524
2025-01-01 12:18:10,-0.4937,-0.4446,-2.6384,2.2815,27.7325,42.719,85.7685,-0.0198,-0.013,-0.0068,47.3139,23.1584,-70.6996,90.3208,21.7524
2025-01-01 12:18:20,-0.4937,-0.4446,-2.6384,2.2815,27.7325,42.719,85.7685,-0.0198,-0.013,-0.0068,47.3139,23.5982,-70.6996,90.3208,21.7524
2025-01-01 12:18:30,-0.4937,-0.3637,-2.6384,2.2815,27.7325,42.719,85.7685,-0.0198,-0.013,-0.0068,47.3139,23.5982,-70.6996,90.3208,21.7524
2025-01-01 12:18:40,-0.4937,-0.3637,-2.6384,2.2815,27.7325,42.6151,85.7685,-0.0198,-0.013,-0.0068,47.3139,23.5982,-70.6996,90.3208,21.7524
2025-01-01 12:18:50,-0.4937,-0.3637,-2.6384,2.2815,27.7325,42.6151,85.7685,-0.0198,-0.013,-0.0068,47.3139,23.5982,-70.6996,96.6767,21.7524
2025-01-01 12:19:00,-0.4937,-0.3637,-1.7287,2.2815,27.7325,42.6151,85.7685,-0.0198,-0.013,-0.0068,47.3139,23.5982,-70.6996,96.6767,21.7524
2025-01-01 12:19:10,-0.4937,-0.3637,-1.7287,2.2815,27.7325,42.6151,85.7685,-0.0169,-0.013,-0.0068,47.3139,23.5982,-70.6996,96.6767,21.7524
2025-01-01 12:19:20,-0.4937,-0.3637,-1.7287,2.2815,27.7325,42.6151,82.5317,-0.0169,-0.013,-0.0068,47.3139,23.5982,-70.6996,96.6767,21.7524
2025-01-01 12:19:30,-0.5158,-0.3637,-1.7287,2.2815,27.7325,42.6151,82.5317,-0.0169,-0.013,-0.0068,47.3139,23.5982,-70.6996,96.6767,21.7524
2025-01-01 12:19:40,-0.5158,-0.3637,-1.7287,2.2815,27.7325,42.6151,82.5317,-0.0139,-0.013,-0.0068,47.3139,23.5982,-70.6996,96.6767,21.7524
2025-01-01 12:19:50,-0.5158,-0.3637,-1.7287,2.2815,27.7325,42.6151,82.5317,-0.0139,-0.013,-0.0068,47.3139,23.5982,-70.6996,95.9671,21.7524
2025-01-01 12:20:00,-0.5158,-0.3637,-1.7287,2.2815,27.7325,42.6151,82.5317,-0.0139,-0.013,-0.0068,47.3139,23.5982,-72.6394,95.9671,21.7524
2025-01-01 12:20:10,-0.5158,-0.3637,-1.8729,2.2815,27.7325,42.6151,82.5317,-0.0139,-0.013,-0.0068,47.3139,23.5982,-72.6394,95.9671,21.7524
2025-01-01 12:20:20,-0.5158,-0.3637,-1.8729,2.2815,27.7325,42.6151,82.5317,-0.0139,-0.013,-0.0068,49.7993,23.5982,-72.6394,95.9671,21.7524
2025-01-01 12:20:30,-0.5158,-0.3637,-1.8729,2.2815,27.7325,42.6151,82.5317,-0.0139,-0.0088,-0.0068,49.7993,23.5982,-72.6394,95.9671,21.7524
2025-01-01 12:20:40,-0.5158,-0.5529,-1.8729,2.2815,27.7325,42.6151,82.5317,-0.0139,-0.0088,-0.0068,49.7993,23.5982,-72.6394,95.9671,21.7524
2025-01-01 12:20:50,-0.5158,-0.5529,-1.8729,2.2815,27.7325,42.6151,82.5317,-0.0139,-0.0111,-0.0068,49.7993,23.5982,-72.6394,95.9671,21.7524
2025-01-01 12:21:00,-0.5158,-0.5529,-1.8729,2.2815,27.7325,42.6151,82.5317,-0.0207,-0.0111,-0.0068,49.7993,23.5982,-72.6394,95.9671,21.7524
2025-01-01 12:21:10,-0.8671,-0.5529,-1.8729,2.2815,27.7325,42.6151,82.5317,-0.0207,-0.0111,-0.0068,49.7993,23.5982,-72.6394,95.9671,21.7524
2025-01-01 12:21:20,-0.8671,-0.5529,-1.8729,2.0933,27.7325,42.6151,82.5317,-0.0207,-0.0111,-0.0068,49.7993,23.5982,-72.6394,95.9671,21.7524
2025-01-01 12:21:30,-0.8671,-0.5529,-1.8729,2.0933,27.7325,41.1282,82.5317,-0.0207,-0.0111,-0.0068,49.7993,23.5982,-72.6394,95.9671,21.7524
2025-01-01 12:21:40,-0.8671,-0.5529,-1.8729,2.0933,27.7325,41.1282,82.5317,-0.0207,-0.0111,-0.0111,49.7993,23.5982,-72.6394,95.9671,21.7524
2025-01-01 12:21:50,-0.8671,-0.5529,-1.8729,2.0933,27.7325,41.1282,82.5317,-0.0207,-0.0111,-0.0111,51.9181,23.5982,-72.6394,95.9671,21.7524
2025-01-01 12:22:00,-0.8671,-0.5529,-1.8729,2.0933,27.6949,41.1282,82.5317,-0.0207,-0.0111,-0.0111,51.9181,23.5982,-72.6394,95.9671,21.7524
2025-01-01 12:22:10,-0.8671,-0.4789,-1.8729,2.0933,27.6949,41.1282,82.5317,-0.0207,-0.0111,-0.0111,51.9181,23.5982,-72.6394,95.9671,21.7524
2025-01-01 12:22:20,-0.8671,-0.4789,-1.8729,2.0933,27.6949,41.0218,82.5317,-0.0207,-0.0111,-0.0111,51.9181,23.5982,-72.6394,95.9671,21.7524
2025-01-01 12:22:30,-0.8671,-0.4612,-1.8729,2.0933,27.6949,41.0218,82.5317,-0.0207,-0.0111,-0.0111,51.9181,23.5982,-72.6394,95.9671,21.7524
2025-01-01 12:22:40,-0.8671,-0.4612,-1.8729,2.0933,27.6949,41.0218,82.5317,-0.0207,-0.0111,-0.0111,51.9181,24.4579,-72.6394,95.9671,21.7524
2025-01-01 12:22:50,-0.8671,-0.4612,-1.8729,2.0933,27.6949,41.0218,82.5317,-0.0207,-0.0111,-0.0111,51.9181,24.4579,-72.6394,92.1212,21.7524
2025-01-01 12:23:00,-0.8671,-0.4612,-1.8729,2.0933,27.6949,41.0218,82.5317,-0.0207,-0.0111,-0.0111,51.9181,24.4579,-72.6394,92.1212,21.9766
2025-01-01 12:23:10,-0.8671,-0.4612,-1.8729,2.2573,27.6949,41.0218,82.5317,-0.0207,-0.0111,-0.0111,51.9181,24.4579,-72.6394,92.1212,21.9766
2025-01-01 12:23:20,-0.8671,-0.4612,-1.8729,2.2573,27.6949,41.0218,82.5317,-0.0207,-0.0198,-0.0111,51.9181,24.4579,-72.6394,92.1212,21.9766
2025-01-01 12:23:30,-0.8671,-0.4612,-1.8729,2.2573,27.6949,41.0218,82.5317,-0.0046,-0.0198,-0.0111,51.9181,24.4579,-72.6394,92.1212,21.9766
2025-01-01 12:23:40,-0.8671,-0.4612,-0.9476,2.2573,27.6949,41.0218,82.5317,-0.0046,-0.0198,-0.0111,51.9181,24.4579,-72.6394,92.1212,21.9766
2025-01-01 12:23:50,-0.8671,-0.4612,-0.9476,2.2573,27.6949,41.8686,82.5317,-0.0046,-0.0198,-0.0111,51.9181,24.4579,-72.6394,92.1212,21.9766
2025-01-01 12:24:00,-0.8671,-0.4612,-2.2725,2.2573,27.6949,41.8686,82.5317,-0.0046,-0.0198,-0.0111,51.9181,24.4579,-72.6394,92.1212,21.9766
2025-01-01 12:24:10,-0.8671,-0.4612,-2.2725,2.2573,27.6949,41.8686,82.066,-0.0046,-0.0198,-0.0111,51.9181,24.4579,-72.6394,92.1212,21.9766
2025-01-01 12:24:20,-0.8671,-0.4612,-2.2725,2.1374,27.6949,41.8686,82.066,-0.0046,-0.0198,-0.0111,51.9181,24.4579,-72.6394,92.1212,21.9766
2025-01-01 12:24:30,-0.8671,-0.497,-2.2725,2.1374,27.6949,41.8686,82.066,-0.0046,-0.0198,-0.0111,51.9181,24.4579,-72.6394,92.1212,21.9766
2025-01-01 12:24:40,-0.8671,-0.497,-2.2725,2.1374,27.6949,41.8686,82.066,-0.0046,-0.0198,-0.0182,51.9181,24.4579,-72.6394,92.1212,21.9766
2025-01-01 12:24:50,-0.8671,-0.497,-2.2725,2.3029,27.6949,41.8686,82.066,-0.0046,-0.0198,-0.0182,51.9181,24.4579,-72.6394,92.1212,21.9766
2025-01-01 12:25:00,-0.8671,-0.497,-2.2725,2.3029,27.6949,41.8686,82.066,-0.0046,-0.0198,-0.0182,51.9181,24.4579,-72.6394,92.9349,21.9766
2025-01-01 12:25:10,-0.8671,-0.497,-2.2725,2.3029,27.6949,41.8686,82.066,-0.0046,-0.0198,-0.0182,51.9181,23.3135,-72.6394,92.9349,21.9766
2025-01-01 12:25:20,-0.8671,-0.497,-2.2725,2.3029,27.6949,41.8686,82.066,-0.0168,-0.0198,-0.0182,51.9181,23.3135,-72.6394,92.9349,21.9766
2025-01-01 12:25:30,-0.8671,-0.497,-2.2725,2.3029,27.6949,41.8686,82.066,-0.0168,-0.0198,-0.0182,51.9181,23.2173,-72.6394,92.9349,21.9766
2025-01-01 12:25:40,-0.8671,-0.497,-2.2725,2.3029,27.6949,41.8686,82.066,-0.0168,-0.0147,-0.0182,51.9181,23.2173,-72.6394,92.9349,21.9766
2025-01-01 12:25:50,-0.8671,-0.497,-2.2725,2.3029,27.689,41.8686,82.066,-0.0168,-0.0147,-0.0182,51.9181,23.2173,-72.6394,92.9349,21.9766
2025-01-01 12:26:00,-0.8671,-0.497,-2.2725,2.3029,27.6508,41.8686,82.066,-0.0168,-0.0147,-0.0182,51.9181,23.2173,-72.6394,92.9349,21.9766
2025-01-01 12:26:10,-0.8671,-0.497,-2.2725,2.3029,27.6508,41.8686,93.765,-0.0168,-0.0147,-0.0182,51.9181,23.2173,-72.6394,92.9349,21.9766
2025-01-01 12:26:20,-0.8671,-0.497,-2.2725,2.3029,27.6508,41.8686,93.765,-0.016,-0.0147,-0.0182,51.9181,23.2173,-72.6394,92.9349,21.9766
2025-01-01 12:26:30,-0.8671,-0.497,-2.2725,2.3029,27.6508,41.8686,93.765,-0.016,-0.0147,-0.0182,51.9181,23.3951,-72.6394,92.9349,21.9766
2025-01-01 12:26:40,-0.8671,-0.497,-2.2725,2.3029,27.6508,41.8686,93.765,-0.016,-0.0147,-0.0182,51.9181,23.3951,-72.6394,92.9349,22.0773
2025-01-01 12:26:50,-0.8671,-0.497,-2.2725,2.3029,27.6508,41.8686,93.765,-0.016,-0.0147,-0.0182,51.9181,23.3951,-72.6394,95.2609,22.0773
2025-01-01 12:27:00,-0.8671,-0.497,-2.2725,2.3029,27.6508,41.8686,93.765,-0.016,-0.0127,-0.0182,51.9181,23.3951,-72.6394,95.2609,22.0773
2025-01-01 12:27:10,-0.8671,-0.497,-2.2725,2.3029,27.6508,41.8686,93.765,-0.016,-0.0206,-0.0182,51.9181,23.3951,-72.6394,95.2609,22.0773
2025-01-01 12:27:20,-0.8671,-0.497,-2.2725,2.3029,27.6508,41.8686,93.765,-0.016,-0.0206,-0.0182,51.9181,23.3951,-72.6394,95.2609,20.4942
2025-01-01 12:27:30,-0.8671,-0.497,-2.2725,2.3029,27.6508,41.8686,93.765,-0.0215,-0.0206,-0.0182,51.9181,23.3951,-72.6394,95.2609,20.4942
2025-01-01 12:27:40,-0.8671,-0.497,-2.2725,2.3029,27.6508,41.8686,93.765,-0.0117,-0.0206,-0.0182,51.9181,23.3951,-72.6394,95.2609,20.4942
2025-01-01 12:27:50,-0.8671,-0.497,-2.2725,2.3029,27.6508,41.4444,93.765,-0.0117,-0.0206,-0.0182,51.9181,23.3951,-72.6394,95.2609,20.4942
2025-01-01 12:28:00,-0.8671,-0.497,-1.7606,2.3029,27.6508,41.4444,93.765,-0.0117,-0.0206,-0.0182,51.9181,23.3951,-72.6394,95.2609,20.4942
2025-01-01 12:28:10,-0.8671,-0.497,-1.7606,2.3029,27.664,41.4444,93.765,-0.0117,-0.0206,-0.0182,51.9181,23.3951,-72.6394,95.2609,20.4942
2025-01-01 12:28:20,-0.8671,-0.497,-1.5963,2.3029,27.664,41.4444,93.765,-0.0117,-0.0206,-0.0182,51.9181,23.3951,-72.6394,95.2609,20.4942
2025-01-01 12:28:30,-0.7006,-0.497,-1.5963,2.3029,27.664,41.4444,93.765,-0.0117,-0.0206,-0.0182,51.9181,23.3951,-72.6394,95.2609,20.4942
2025-01-01 12:28:40,-0.7006,-0.497,-1.5963,2.3029,27.664,41.4444,93.765,-0.0117,-0.0065,-0.0182,51.9181,23.3951,-72.6394,95.2609,20.4942
2025-01-01 12:28:50,-0.7006,-0.497,-1.286,2.3029,27.664,41.4444,93.765,-0.0117,-0.0065,-0.0182,51.9181,23.3951,-72.6394,95.2609,20.4942
2025-01-01 12:29:00,-0.7006,-0.497,-1.286,2.3029,27.664,41.4444,93.765,-0.0117,-0.0065,-0.0182,51.9181,24.1333,-72.6394,95.2609,20.4942
2025-01-01 12:29:10,-0.7006,-0.497,-1.286,2.1419,27.664,41.4444,93.765,-0.0117,-0.0065,-0.0182,51.9181,24.1333,-72.6394,95.2609,20.4942
2025-01-01 12:29:20,-0.7006,-0.497,-1.286,2.1419,27.664,41.9142,93.765,-0.0117,-0.0065,-0.0182,51.9181,24.1333,-72.6394,95.2609,20.4942
2025-01-01 12:29:30,-0.7006,-0.497,-1.286,2.1419,27.664,41.9142,93.765,-0.0117,-0.0065,-0.0182,51.9181,24.1333,-72.6394,96.0024,20.4942
2025-01-01 12:29:40,-0.7006,-0.497,-1.286,2.1419,27.8164,41.9142,93.765,-0.0117,-0.0065,-0.0182,51.9181,24.1333,-72.6394,96.0024,20.4942
2025-01-01 12:29:50,-0.7006,-0.497,-1.286,2.1419,27.8164,41.7885,93.765,-0.0117,-0.0065,-0.0182,51.9181,24.1333,-72.6394,96.0024,20.4942
2025-01-01 12:30:00,-0.7006,-0.497,-1.286,2.1419,27.8164,41.7885,93.765,-0.0117,-0.0156,-0.0182,51.9181,24.1333,-72.6394,96.0024,20.4942
2025-01-01 12:30:10,-0.7006,-0.497,-1.286,2.1419,27.8164,41.7885,90.8232,-0.0117,-0.0156,-0.0182,51.9181,24.1333,-72.6394,96.0024,20.4942
2025-01-01 12:30:20,-0.7006,-0.497,-1.286,2.1419,27.8164,41.7885,90.8232,-0.0117,-0.0156,-0.0182,50.6508,24.1333,-72.6394,96.0024,20.4942
2025-01-01 12:30:30,-0.7006,-0.497,-1.286,2.1419,27.8164,41.7885,90.8232,-0.0117,-0.0156,-0.0182,51.2615,24.1333,-72.6394,96.0024,20.4942
2025-01-01 12:30:40,-0.7006,-0.497,-1.286,2.1419,27.8164,41.7885,90.8232,-0.0117,-0.0156,-0.0182,51.2615,24.1333,-72.6394,98.2785,20.4942
2025-01-01 12:30:50,-0.7006,-0.497,-1.286,2.1419,27.8164,41.7885,90.8232,-0.0117,-0.0156,-0.0182,51.2615,24.1333,-71.5278,98.2785,20.4942
2025-01-01 12:31:00,-0.7006,-0.497,-2.0876,2.1419,27.8164,41.7885,90.8232,-0.0117,-0.0156,-0.0182,51.2615,24.1333,-71.5278,98.2785,20.4942
2025-01-01 12:31:10,-0.7006,-0.497,-1.2323,2.1419,27.8164,41.7885,90.8232,-0.0117,-0.0156,-0.0182,51.2615,24.1333,-71.5278,98.2785,20.4942
2025-01-01 12:31:20,-0.7006,-0.497,-1.2323,2.1419,27.8164,42.9444,90.8232,-0.0117,-0.0156,-0.0182,51.2615,24.1333,-71.5278,98.2785,20.4942
2025-01-01 12:31:30,-0.7006,-0.497,-1.2323,2.1419,27.8164,42.9444,89.3098,-0.0117,-0.0156,-0.0182,51.2615,24.1333,-71.5278,98.2785,20.4942
2025-01-01 12:31:40,-0.7006,-0.497,-1.9291,2.1419,27.8164,42.9444,89.3098,-0.0117,-0.0156,-0.0182,51.2615,24.1333,-71.5278,98.2785,20.4942
2025-01-01 12:31:50,-0.7006,-0.497,-1.9291,2.1419,27.8164,42.9444,89.3098,-0.0117,-0.0156,-0.0182,51.2615,24.1333,-71.5278,97.6896,20.4942
2025-01-01 12:32:00,-0.7006,-0.497,-1.9291,2.122,27.8164,42.9444,89.3098,-0.0117,-0.0156,-0.0182,51.2615,24.1333,-71.5278,97.6896,20.4942
2025-01-01 12:32:10,-0.7006,-0.497,-1.9291,2.122,27.8164,42.9444,89.3098,-0.0117,-0.0103,-0.0182,51.2615,24.1333,-71.5278,97.6896,20.4942
2025-01-01 12:32:20,-0.5813,-0.497,-1.9291,2.122,27.8164,42.9444,89.3098,-0.0117,-0.0103,-0.0182,51.2615,24.1333,-71.5278,97.6896,20.4942
2025-01-01 12:32:30,-0.5813,-0.497,-1.9291,2.122,27.8164,42.9444,85.1198,-0.0117,-0.0103,-0.0182,51.2615,24.1333,-71.5278,97.6896,20.4942
2025-01-01 12:32:40,-0.5813,-0.497,-1.9291,2.122,27.8164,42.9444,85.1198,-0.0117,-0.0103,-0.0182,51.782,24.1333,-71.5278,97.6896,20.4942
2025-01-01 12:32:50,-0.5813,-0.497,-1.9291,2.122,27.8164,41.649,85.1198,-0.0117,-0.0103,-0.0182,51.782,24.1333,-71.5278,97.6896,20.4942
2025-01-01 12:33:00,-0.5813,-0.497,-1.9291,2.122,27.8164,41.649,85.1198,-0.0117,-0.0103,-0.0182,51.782,24.1333,-71.5278,99.6759,20.4942
2025-01-01 12:33:10,-0.5813,-0.497,-1.9291,2.122,27.8164,41.649,85.1198,-0.0117,-0.0102,-0.0182,51.782,24.1333,-71.5278,99.6759,20.4942
2025-01-01 12:33:20,-0.5813,-0.497,-1.9291,2.122,27.8164,41.649,85.1198,-0.0069,-0.0102,-0.0182,51.782,24.1333,-71.5278,99.6759,20.4942
2025-01-01 12:33:30,-0.5813,-0.497,-1.9291,2.122,27.8164,41.649,85.1198,-0.0069,-0.0148,-0.0182,51.782,24.1333,-71.5278,99.6759,20.4942
2025-01-01 12:33:40,-0.5813,-0.497,-1.9291,2.122,27.8164,41.649,85.1198,-0.0094,-0.0148,-0.0182,51.782,24.1333,-71.5278,99.6759,20.4942
2025-01-01 12:33:50,-0.5813,-0.497,-1.9291,2.122,27.8164,41.649,85.1198,-0.0094,-0.0148,-0.0182,48.4619,24.1333,-71.5278,99.6759,20.4942
2025-01-01 12:34:00,-0.5813,-0.497,-1.9291,2.122,27.8164,41.649,85.1198,-0.0094,-0.0092,-0.0182,48.4619,24.1333,-71.5278,99.6759,20.4942
2025-01-01 12:34:10,-0.5813,-0.497,-1.9291,2.122,27.8164,41.649,85.1198,-0.0094,-0.0092,-0.0182,50.4095,24.1333,-71.5278,99.6759,20.4942
2025-01-01 12:34:20,-0.5813,-0.497,-1.6293,2.122,27.8164,41.649,85.1198,-0.0094,-0.0092,-0.0182,50.4095,24.1333,-71.5278,99.6759,20.4942
2025-01-01 12:34:30,-0.5813,-0.497,-1.6293,2.122,27.8164,41.649,85.5246,-0.0094,-0.0092,-0.0182,50.4095,24.1333,-71.5278,99.6759,20.4942
2025-01-01 12:34:40,-0.5813,-0.497,-1.6293,2.122,27.6567,41.649,85.5246,-0.0094,-0.0092,-0.0182,50.4095,24.1333,-71.5278,99.6759,20.4942
2025-01-01 12:34:50,-0.5813,-0.497,-1.6293,2.122,27.6567,41.649,85.5246,-0.0094,-0.0092,-0.0182,50.4095,24.1333,-68.6667,99.6759,20.4942
2025-01-01 12:35:00,-0.5813,-0.6753,-1.6293,2.122,27.6567,41.649,85.5246,-0.0094,-0.0092,-0.0182,50.4095,24.1333,-68.6667,99.6759,20.4942
2025-01-01 12:35:10,-0.5813,-0.6753,-1.6293,2.122,27.6567,41.649,85.5246,-0.0094,-0.0092,-0.0182,50.4095,24.1333,-67.3064,99.6759,20.4942
2025-01-01 12:35:20,-0.5813,-0.6753,-1.6293,2.122,27.6567,41.649,85.5246,-0.0094,-0.0092,-0.0182,50.4095,24.1333,-67.3064,92.3642,20.4942
2025-01-01 12:35:30,-0.5813,-0.6753,-1.6293,2.122,27.6567,41.649,85.5246,-0.0094,-0.0092,-0.0182,50.4095,24.1333,-68.2638,92.3642,20.4942
2025-01-01 12:35:40,-0.5813,-0.5535,-1.6293,2.122,27.6567,41.649,85.5246,-0.0094,-0.0092,-0.0182,50.4095,24.1333,-68.2638,92.3642,20.4942
2025-01-01 12:35:50,-0.5813,-0.5535,-1.6293,2.4122,27.6567,41.649,85.5246,-0.0094,-0.0092,-0.0182,50.4095,24.1333,-68.2638,92.3642,20.4942
2025-01-01 12:36:00,-0.5813,-0.5535,-1.6293,2.4122,27.6567,42.6205,85.5246,-0.0094,-0.0092,-0.0182,50.4095,24.1333,-68.2638,92.3642,20.4942
2025-01-01 12:36:10,-0.5813,-0.5535,-1.6293,2.4122,27.6567,42.6205,85.5246,-0.0094,-0.0092,-0.0182,50.4095,24.1333,-70.2986,92.3642,20.4942
2025-01-01 12:36:20,-0.5813,-0.5535,-1.6293,2.4122,27.6567,42.6205,85.5246,-0.0207,-0.0092,-0.0182,50.4095,24.1333,-70.2986,92.3642,20.4942
2025-01-01 12:36:30,-0.5813,-0.5535,-1.6293,2.4122,27.401,42.6205,85.5246,-0.0207,-0.0092,-0.0182,50.4095,24.1333,-70.2986,92.3642,20.4942
2025-01-01 12:36:40,-0.2398,-0.5535,-1.6293,2.4122,27.401,42.6205,85.5246,-0.0207,-0.0092,-0.0182,50.4095,24.1333,-70.2986,92.3642,20.4942
2025-01-01 12:36:50,-0.2398,-0.5535,-0.757,2.4122,27.401,42.6205,85.5246,-0.0207,-0.0092,-0.0182,50.4095,24.1333,-70.2986,92.3642,20.4942
2025-01-01 12:37:00,-0.2398,-0.397,-0.757,2.4122,27.401,42.6205,85.5246,-0.0207,-0.0092,-0.0182,50.4095,24.1333,-70.2986,92.3642,20.4942
2025-01-01 12:37:10,-0.7832,-0.397,-0.757,2.4122,27.401,42.6205,85.5246,-0.0207,-0.0092,-0.0182,50.4095,24.1333,-70.2986,92.3642,20.4942
2025-01-01 12:37:20,-0.7832,-0.397,-0.757,2.4122,27.401,42.6205,85.5246,-0.0207,-0.0156,-0.0182,50.4095,24.1333,-70.2986,92.3642,20.4942
2025-01-01 12:37:30,-0.7832,-0.397,-0.757,2.4122,27.401,42.6205,85.5246,-0.0207,-0.0156,-0.0182,50.4095,24.1333,-67.9766,92.3642,20.4942
2025-01-01 12:37:40,-0.7832,-0.397,-0.757,2.4122,27.401,42.6205,85.5246,-0.0207,-0.0156,-0.0182,50.4095,24.1333,-67.9766,93.2577,20.4942
2025-01-01 12:37:50,-0.7832,-0.397,-0.757,2.4122,27.401,42.6205,85.5246,-0.0207,-0.0156,-0.0182,50.4095,24.1333,-67.9766,93.2577,21.0719
2025-01-01 12:38:00,-0.7832,-0.397,-0.757,2.4122,27.5868,42.6205,85.5246,-0.0207,-0.0156,-0.0182,50.4095,24.1333,-67.9766,93.2577,21.0719
2025-01-01 12:38:10,-0.7832,-0.397,-0.757,2.4122,27.5868,42.6205,85.5246,-0.0207,-0.0156,-0.0182,51.1458,24.1333,-67.9766,93.2577,21.0719
2025-01-01 12:38:20,-0.7832,-0.397,-1.1343,2.4122,27.5868,42.6205,85.5246,-0.0207,-0.0156,-0.0182,51.1458,24.1333,-67.9766,93.2577,21.0719
2025-01-01 12:38:30,-0.7832,-0.397,-1.1343,2.1559,27.5868,42.6205,85.5246,-0.0207,-0.0156,-0.0182,51.1458,24.1333,-67.9766,93.2577,21.0719
2025-01-01 12:38:40,-0.7832,-0.397,-1.1343,2.1559,27.5868,42.6205,83.2812,-0.0207,-0.0156,-0.0182,51.1458,24.1333,-67.9766,93.2577,21.0719
2025-01-01 12:38:50,-0.7832,-0.7763,-1.1343,2.1559,27.5868,42.6205,83.2812,-0.0207,-0.0156,-0.0182,51.1458,24.1333,-67.9766,93.2577,21.0719
2025-01-01 12:39:00,-0.7832,-0.1865,-1.1343,2.1559,27.5868,42.6205,83.2812,-0.0207,-0.0156,-0.0182,51.1458,24.1333,-67.9766,93.2577,21.0719
2025-01-01 12:39:10,-0.7832,-0.1865,-1.1343,2.1559,27.5868,42.6205,83.2812,-0.0207,-0.0156,-0.0182,51.1458,24.1333,-67.8504,93.2577,21.0719
2025-01-01 12:39:20,-0.7832,-0.1865,-1.1343,2.1559,27.5868,42.6205,83.2812,-0.0207,-0.0143,-0.0182,51.1458,24.1333,-67.8504,93.2577,21.0719
2025-01-01 12:39:30,-0.7832,-0.1865,-1.7796,2.1559,27.5868,42.6205,83.2812,-0.0207,-0.0143,-0.0182,51.1458,24.1333,-67.8504,93.2577,21.0719
2025-01-01 12:39:40,-0.7832,-0.1865,-1.7796,2.1559,27.5868,42.6205,89.978,-0.0207,-0.0143,-0.0182,51.1458,24.1333,-67.8504,93.2577,21.0719
2025-01-01 12:39:50,-0.5446,-0.1865,-1.7796,2.1559,27.5868,42.6205,89.978,-0.0207,-0.0143,-0.0182,51.1458,24.1333,-67.8504,93.2577,21.0719
2025-01-01 12:40:00,-0.5446,-0.1865,-1.7796,2.2581,27.5868,42.6205,89.978,-0.0207,-0.0143,-0.0182,51.1458,24.1333,-67.8504,93.2577,21.0719
2025-01-01 12:40:10,-0.5446,-0.1865,-1.7796,2.2581,27.5868,42.6205,89.978,-0.0207,-0.0143,-0.0119,51.1458,24.1333,-67.8504,93.2577,21.0719
2025-01-01 12:40:20,-0.5446,-0.6808,-1.7796,2.2581,27.5868,42.6205,89.978,-0.0207,-0.0143,-0.0119,51.1458,24.1333,-67.8504,93.2577,21.0719
2025-01-01 12:40:30,-0.5446,-0.6808,-0.6182,2.2581,27.5868,42.6205,89.978,-0.0207,-0.0143,-0.0119,51.1458,24.1333,-67.8504,93.2577,21.0719
2025-01-01 12:40:40,-0.5446,-0.6808,-0.6182,2.2581,27.5868,42.6205,89.978,-0.0207,-0.0143,-0.0119,51.1458,24.1333,-67.8504,92.5196,21.0719
2025-01-01 12:40:50,-0.5446,-0.6808,-1.8168,2.2581,27.5868,42.6205,89.978,-0.0207,-0.0143,-0.0119,51.1458,24.1333,-67.8504,92.5196,21.0719
2025-01-01 12:41:00,-0.5446,-0.6808,-1.8168,2.2581,27.5868,42.6205,89.978,-0.0207,-0.0143,-0.0119,50.7434,24.1333,-67.8504,92.5196,21.0719
2025-01-01 12:41:10,-0.5446,-0.6808,-1.8168,2.2581,27.5868,42.6205,89.978,-0.0207,-0.0143,-0.0115,50.7434,24.1333,-67.8504,92.5196,21.0719
2025-01-01 12:41:20,-0.5446,-0.6808,-1.8168,2.2581,27.5868,42.6205,89.978,-0.0207,-0.0143,-0.0115,50.6991,24.1333,-67.8504,92.5196,21.0719
2025-01-01 12:41:30,-0.5446,-0.6808,-1.8168,2.2581,27.5868,42.6205,89.978,-0.0207,-0.0143,-0.0115,50.6991,24.1333,-67.8504,96.3516,21.0719
2025-01-01 12:41:40,-0.6916,-0.6808,-1.8168,2.2581,27.5868,42.6205,89.978,-0.0207,-0.0143,-0.0115,50.6991,24.1333,-67.8504,96.3516,21.0719
2025-01-01 12:41:50,-0.6916,-0.6808,-1.8168,2.2581,27.5868,42.6205,89.978,-0.0207,-0.0145,-0.0115,50.6991,24.1333,-67.8504,96.3516,21.0719
2025-01-01 12:42:00,-0.6916,-0.6808,-1.8168,2.2581,27.5868,42.6205,89.978,-0.0207,-0.0145,-0.0115,50.6991,24.1333,-70.9921,96.3516,21.0719
2025-01-01 12:42:10,-0.6916,-0.6808,-1.8168,2.2581,27.5868,42.6205,89.978,-0.0122,-0.0145,-0.0115,50.6991,24.1333,-70.9921,96.3516,21.0719
2025-01-01 12:42:20,-0.6916,-0.6808,-1.8168,2.2581,27.5868,42.6205,89.978,-0.0122,-0.0145,-0.0107,50.6991,24.1333,-70.9921,96.3516,21.0719
2025-01-01 12:42:30,-0.6916,-0.6808,-1.8168,2.2581,27.5868,42.6205,93.8789,-0.0122,-0.0145,-0.0107,50.6991,24.1333,-70.9921,96.3516,21.0719
2025-01-01 12:42:40,-0.6916,-0.6808,-1.8168,2.2581,27.5868,42.6205,93.8789,-0.0079,-0.0145,-0.0107,50.6991,24.1333,-70.9921,96.3516,21.0719
2025-01-01 12:42:50,-0.6916,-0.6808,-1.8168,2.2581,27.5868,43.1292,93.8789,-0.0079,-0.0145,-0.0107,50.6991,24.1333,-70.9921,96.3516,21.0719
2025-01-01 12:43:00,-0.6916,-0.6808,-1.8168,2.2581,27.5868,43.1292,93.8789,-0.0079,-0.0103,-0.0107,50.6991,24.1333,-70.9921,96.3516,21.0719
2025-01-01 12:43:10,-0.6916,-0.6808,-1.8168,2.1695,27.5868,43.1292,93.8789,-0.0079,-0.0103,-0.0107,50.6991,24.1333,-70.9921,96.3516,21.0719
2025-01-01 12:43:20,-0.6916,-0.5169,-1.8168,2.1695,27.5868,43.1292,93.8789,-0.0079,-0.0103,-0.0107,50.6991,24.1333,-70.9921,96.3516,21.0719
2025-01-01 12:43:30,-0.6916,-0.5169,-1.8168,2.1695,27.5868,43.1292,93.8789,-0.0079,-0.0144,-0.0107,50.6991,24.1333,-70.9921,96.3516,21.0719
2025-01-01 12:43:40,-0.6916,-0.5169,-1.8168,2.1695,27.5868,43.1292,93.8789,-0.0079,-0.0144,-0.0107,50.6991,23.194,-70.9921,96.3516,21.0719
2025-01-01 12:43:50,-0.6916,-0.5169,-1.8168,2.1695,27.5868,43.1292,93.8789,-0.0092,-0.0144,-0.0107,50.6991,23.194,-70.9921,96.3516,21.0719
2025-01-01 12:44:00,-0.6916,-0.5169,-1.8168,2.1695,27.5868,43.1292,93.8789,-0.0092,-0.0144,-0.0107,50.6991,23.194,-70.9921,97.138,21.0719
2025-01-01 12:44:10,-0.6916,-0.5498,-1.8168,2.1695,27.5868,43.1292,93.8789,-0.0092,-0.0144,-0.0107,50.6991,23.194,-70.9921,97.138,21.0719
2025-01-01 12:44:20,-0.6916,-0.5498,-1.8168,2.1695,27.7564,43.1292,93.8789,-0.0092,-0.0144,-0.0107,50.6991,23.194,-70.9921,97.138,21.0719
2025-01-01 12:44:30,-0.6916,-0.5498,-1.8168,2.1695,27.7564,43.1292,93.8789,-0.0114,-0.0144,-0.0107,50.6991,23.194,-70.9921,97.138,21.0719
2025-01-01 12:44:40,-0.6916,-1.1883,-1.8168,2.1695,27.7564,43.1292,93.8789,-0.0114,-0.0144,-0.0107,50.6991,23.194,-70.9921,97.138,21.0719
2025-01-01 12:44:50,-0.6916,-1.1883,-1.8168,2.1695,27.7564,43.1292,93.8789,-0.0114,-0.0144,-0.0107,50.6991,23.194,-70.9921,97.138,21.5983
2025-01-01 12:45:00,-0.6916,-1.1883,-1.8168,2.1695,27.7564,43.1292,93.8789,-0.0114,-0.0144,-0.0107,50.6991,23.1566,-70.9921,97.138,21.5983
2025-01-01 12:45:10,-0.2067,-1.1883,-1.8168,2.1695,27.7564,43.1292,93.8789,-0.0114,-0.0144,-0.0107,50.6991,23.1566,-70.9921,97.138,21.5983
2025-01-01 12:45:20,-0.2067,-1.1883,-1.8168,2.1695,27.7564,43.1292,93.8789,-0.0114,-0.0144,-0.0178,50.6991,23.1566,-70.9921,97.138,21.5983
2025-01-01 12:45:30,-0.2067,-1.1883,-1.8168,2.1695,27.7564,43.1292,93.8789,-0.0114,-0.0144,-0.0178,51.3052,23.1566,-70.9921,97.138,21.5983
2025-01-01 12:45:40,-0.6907,-1.1883,-1.8168,2.1695,27.7564,43.1292,93.8789,-0.0114,-0.0144,-0.0178,51.3052,23.1566,-70.9921,97.138,21.5983
2025-01-01 12:45:50,-0.6907,-0.3975,-1.8168,2.1695,27.7564,43.1292,93.8789,-0.0114,-0.0144,-0.0178,51.3052,23.1566,-70.9921,97.138,21.5983
2025-01-01 12:46:00,-0.6907,-0.3975,-1.8168,2.1695,27.7564,43.1292,93.8789,-0.0114,-0.0144,-0.0178,51.3052,23.9402,-70.9921,97.138,21.5983
2025-01-01 12:46:10,-0.6907,-0.3975,-1.8168,2.1548,27.7564,43.1292,93.8789,-0.0114,-0.0144,-0.0178,51.3052,23.9402,-70.9921,97.138,21.5983
2025-01-01 12:46:20,-0.6907,-0.3975,-1.8168,2.1548,27.7564,43.1292,93.8789,-0.0114,-0.0144,-0.0178,52.6337,23.9402,-70.9921,97.138,21.5983
2025-01-01 12:46:30,-0.6907,-0.3975,-1.8168,2.1548,27.7564,43.1292,93.8789,-0.0114,-0.0144,-0.0178,52.6337,23.9402,-70.9921,96.3814,21.5983
2025-01-01 12:46:40,-0.6907,-0.3975,-1.8168,2.1548,27.7564,43.1292,93.8789,-0.0114,-0.0144,-0.0178,52.6337,23.9402,-67.5712,96.3814,21.5983
2025-01-01 12:46:50,-0.6907,-0.3975,-1.8168,2.1548,27.7564,43.1292,93.8789,-0.0105,-0.0144,-0.0178,52.6337,23.9402,-67.5712,96.3814,21.5983
2025-01-01 12:47:00,-0.6907,-0.3975,-0.4816,2.1548,27.7564,43.1292,93.8789,-0.0105,-0.0144,-0.0178,52.6337,23.9402,-67.5712,96.3814,21.5983
2025-01-01 12:47:10,-0.6907,-0.542,-0.4816,2.1548,27.7564,43.1292,93.8789,-0.0105,-0.0144,-0.0178,52.6337,23.9402,-67.5712,96.3814,21.5983
2025-01-01 12:47:20,-0.6907,-0.542,-0.4816,2.1548,27.7564,43.1292,93.8789,-0.0057,-0.0144,-0.0178,52.6337,23.9402,-67.5712,96.3814,21.5983
2025-01-01 12:47:30,-0.6907,-0.542,-1.1517,2.1548,27.7564,43.1292,93.8789,-0.0057,-0.0144,-0.0178,52.6337,23.9402,-67.5712,96.3814,21.5983
2025-01-01 12:47:40,-0.6907,-0.542,-1.1517,2.1548,27.7564,43.1292,93.8789,-0.0057,-0.0144,-0.0178,52.6337,23.9402,-67.5712,95.3646,21.5983
2025-01-01 12:47:50,-0.6907,-0.542,-1.1517,2.2763,27.7564,43.1292,93.8789,-0.0057,-0.0144,-0.0178,52.6337,23.9402,-67.5712,95.3646,21.5983
2025-01-01 12:48:00,-0.4764,-0.542,-1.1517,2.2763,27.7564,43.1292,93.8789,-0.0057,-0.0144,-0.0178,52.6337,23.9402,-67.5712,95.3646,21.5983
2025-01-01 12:48:10,-0.4764,-0.542,-1.1517,2.2763,27.7564,43.1292,86.1944,-0.0057,-0.0144,-0.0178,52.6337,23.9402,-67.5712,95.3646,21.5983
2025-01-01 12:48:20,-0.4764,-0.542,-1.1517,2.2763,27.7564,43.1292,86.1944,-0.0057,-0.0144,-0.0178,52.6337,23.9402,-67.5712,95.3646,21.5983
2025-01-01 12:48:30,-0.4764,-0.542,-1.1517,2.2763,27.7564,43.1292,86.1944,-0.0057,-0.0144,-0.0178,52.6337,23.9402,-67.5712,94.3203,21.5983
2025-01-01 12:48:40,-0.4764,-0.542,-1.1517,2.2763,27.7564,43.1292,86.1944,-0.0057,-0.0144,-0.0178,52.6337,24.0786,-67.5712,94.3203,21.5983
2025-01-01 12:48:50,-0.4764,-0.542,-1.1517,2.2763,27.7564,43.1292,86.1944,-0.0057,-0.0144,-0.0178,52.6337,24.0786,-66.6155,94.3203,21.5983
2025-01-01 12:49:00,-0.4764,-0.542,-1.1517,2.3615,27.7564,43.1292,86.1944,-0.0057,-0.0144,-0.0178,52.6337,24.0786,-66.6155,94.3203,21.5983
2025-01-01 12:49:10,-0.4764,-0.542,-1.1517,2.3615,27.7564,43.1292,86.1944,-0.0057,-0.0144,-0.0178,52.6337,24.0786,-66.6155,96.0835,21.5983
2025-01-01 12:49:20,-0.4764,-0.542,-1.2501,2.3615,27.7564,43.1292,86.1944,-0.0057,-0.0144,-0.0178,52.6337,24.0786,-66.6155,96.0835,21.5983
2025-01-01 12:49:30,-0.3325,-0.542,-1.2501,2.3615,27.7564,43.1292,86.1944,-0.0057,-0.0144,-0.0178,52.6337,24.0786,-66.6155,96.0835,21.5983
2025-01-01 12:49:40,-0.3325,-0.542,-1.2501,2.3615,27.7564,43.1292,86.1944,-0.0057,-0.0144,-0.0178,52.6337,24.0786,-67.6283,96.0835,21.5983
2025-01-01 12:49:50,-0.3325,-0.542,-1.2501,2.3615,27.7564,43.1292,86.1944,-0.0217,-0.0144,-0.0178,52.6337,24.0786,-67.6283,96.0835,21.5983
2025-01-01 12:50:00,-0.3325,-0.542,-1.2501,2.3615,27.7564,43.1292,91.7338,-0.0217,-0.0144,-0.0178,52.6337,24.0786,-67.6283,96.0835,21.5983
2025-01-01 12:50:10,-0.3325,-0.6745,-1.2501,2.3615,27.7564,43.1292,91.7338,-0.0217,-0.0144,-0.0178,52.6337,24.0786,-67.6283,96.0835,21.5983
2025-01-01 12:50:20,-0.3325,-0.6745,-1.2501,2.3615,27.7564,43.1292,91.7338,-0.0217,-0.0144,-0.0178,52.6337,24.0786,-67.6283,96.0835,22.3033
2025-01-01 12:50:30,-0.3325,-0.6745,-1.2501,2.3615,27.7564,43.1292,91.7338,-0.0217,-0.0144,-0.0178,52.6337,23.9243,-67.6283,96.0835,22.3033
2025-01-01 12:50:40,-0.3325,-0.6745,-1.2501,2.3615,27.7564,43.1292,87.235,-0.0217,-0.0144,-0.0178,52.6337,23.9243,-67.6283,96.0835,22.3033
2025-01-01 12:50:50,-0.3325,-0.6745,-1.2501,2.3615,27.7564,43.1292,87.235,-0.0176,-0.0144,-0.0178,52.6337,23.9243,-67.6283,96.0835,22.3033
2025-01-01 12:51:00,-0.3325,-0.6745,-1.2501,2.3615,27.7564,43.1292,87.235,-0.0176,-0.0144,-0.0178,48.6136,23.9243,-67.6283,96.0835,22.3033
2025-01-01 12:51:10,-0.3325,-0.6745,-1.2501,2.3615,27.7564,44.0419,87.235,-0.0176,-0.0144,-0.0178,48.6136,23.9243,-67.6283,96.0835,22.3033
2025-01-01 12:51:20,-0.3325,-0.5491,-1.2501,2.3615,27.7564,44.0419,87.235,-0.0176,-0.0144,-0.0178,48.6136,23.9243,-67.6283,96.0835,22.3033
2025-01-01 12:51:30,-0.3325,-0.5491,-1.2501,2.3615,27.7564,44.0419,87.235,-0.0162,-0.0144,-0.0178,48.6136,23.9243,-67.6283,96.0835,22.3033
2025-01-01 12:51:40,-0.6863,-0.5491,-1.2501,2.3615,27.7564,44.0419,87.235,-0.0162,-0.0144,-0.0178,48.6136,23.9243,-67.6283,96.0835,22.3033
2025-01-01 12:51:50,-0.6863,-0.5491,-1.2501,2.3615,27.7564,44.0419,87.235,-0.0162,-0.0144,-0.0178,52.0475,23.9243,-67.6283,96.0835,22.3033
2025-01-01 12:52:00,-0.6863,-0.5491,-1.2501,2.3615,27.7564,44.0419,87.235,-0.0162,-0.0144,-0.0178,52.0475,23.9243,-67.4189,96.0835,22.3033
2025-01-01 12:52:10,-0.6863,-0.5491,-1.2501,2.3159,27.7564,44.0419,87.235,-0.0162,-0.0144,-0.0178,52.0475,23.9243,-67.4189,96.0835,22.3033
2025-01-01 12:52:20,-0.6863,-0.5491,-1.2501,2.3159,27.7564,44.0419,87.235,-0.0162,-0.0144,-0.0178,52.0475,23.9243,-67.4189,96.0835,22.1505
2025-01-01 12:52:30,-0.6863,-0.5491,-1.2501,2.3159,27.7564,42.7145,87.235,-0.0162,-0.0144,-0.0178,52.0475,23.9243,-67.4189,96.0835,22.1505
2025-01-01 12:52:40,-0.121,-0.5491,-1.2501,2.3159,27.7564,42.7145,87.235,-0.0162,-0.0144,-0.0178,52.0475,23.9243,-67.4189,96.0835,22.1505
2025-01-01 12:52:50,-0.121,-0.5491,-1.2501,2.3159,27.7564,42.7145,87.235,-0.0162,-0.0113,-0.0178,52.0475,23.9243,-67.4189,96.0835,22.1505
2025-01-01 12:53:00,-0.121,-0.5491,-1.2501,2.3159,27.7564,42.7145,87.235,-0.0162,-0.0113,-0.0178,52.0475,23.9243,-67.4189,96.1137,22.1505
2025-01-01 12:53:10,-0.121,-0.5491,-1.2501,2.3159,27.7564,42.7145,87.235,-0.0162,-0.0199,-0.0178,52.0475,23.9243,-67.4189,96.1137,22.1505
2025-01-01 12:53:20,-0.121,-0.5491,-1.2501,2.3159,27.7564,42.7145,87.235,-0.0162,-0.0199,-0.0178,52.0475,23.9243,-67.7166,96.1137,22.1505
2025-01-01 12:53:30,-0.5178,-0.5491,-1.2501,2.3159,27.7564,42.7145,87.235,-0.0162,-0.0199,-0.0178,52.0475,23.9243,-67.7166,96.1137,22.1505
2025-01-01 12:53:40,-0.5178,-0.5491,-1.2501,2.3159,27.7564,43.8055,87.235,-0.0162,-0.0199,-0.0178,52.0475,23.9243,-67.7166,96.1137,22.1505
2025-01-01 12:53:50,-0.1688,-0.5491,-1.2501,2.3159,27.7564,43.8055,87.235,-0.0162,-0.0199,-0.0178,52.0475,23.9243,-67.7166,96.1137,22.1505
2025-01-01 12:54:00,-0.1688,-0.5491,-1.2501,2.3159,27.7564,43.8055,87.235,-0.0162,-0.0199,-0.0178,52.0475,23.9243,-67.7166,96.1137,21.8407
2025-01-01 12:54:10,-0.1688,-0.5491,-1.2501,2.3159,27.7564,43.8055,87.235,-0.0162,-0.0199,-0.0178,52.0475,23.9243,-67.7166,97.8923,21.8407
2025-01-01 12:54:20,-0.1688,-0.5491,-1.2501,2.3159,27.9796,43.8055,87.235,-0.0162,-0.0199,-0.0178,52.0475,23.9243,-67.7166,97.8923,21.8407
2025-01-01 12:54:30,-0.4785,-0.5491,-1.2501,2.3159,27.9796,43.8055,87.235,-0.0162,-0.0199,-0.0178,52.0475,23.9243,-67.7166,97.8923,21.8407
2025-01-01 12:54:40,-0.4785,-0.5491,-1.2501,2.3159,27.9796,43.8055,87.235,-0.0162,-0.0199,-0.0178,52.0475,22.9663,-67.7166,97.8923,21.8407
2025-01-01 12:54:50,-0.4785,-0.5491,-1.2501,2.5223,27.9796,43.8055,87.235,-0.0162,-0.0199,-0.0178,52.0475,22.9663,-67.7166,97.8923,21.8407
2025-01-01 12:55:00,-0.4785,-0.5491,-1.0635,2.5223,27.9796,43.8055,87.235,-0.0162,-0.0199,-0.0178,52.0475,22.9663,-67.7166,97.8923,21.8407
2025-01-01 12:55:10,-0.4785,-0.5491,-1.0635,2.5223,27.9796,43.8055,87.235,-0.0162,-0.0199,-0.0196,52.0475,22.9663,-67.7166,97.8923,21.8407
2025-01-01 12:55:20,-0.4785,-0.6794,-1.0635,2.5223,27.9796,43.8055,87.235,-0.0162,-0.0199,-0.0196,52.0475,22.9663,-67.7166,97.8923,21.8407
2025-01-01 12:55:30,-0.4785,-0.654,-1.0635,2.5223,27.9796,43.8055,87.235,-0.0162,-0.0199,-0.0196,52.0475,22.9663,-67.7166,97.8923,21.8407
2025-01-01 12:55:40,-0.4785,-0.654,-1.0635,2.5223,27.9796,43.8055,87.235,-0.0162,-0.0199,-0.0196,52.0475,22.9663,-67.7166,99.5664,21.8407
2025-01-01 12:55:50,-0.4785,-0.654,-1.0635,2.5223,27.9796,43.8055,87.235,-0.0162,-0.0199,-0.0196,52.0475,22.9663,-67.7166,99.5664,22.2947
2025-01-01 12:56:00,-0.4785,-0.654,-1.0635,2.5223,27.9796,43.8055,87.235,-0.0162,-0.0199,-0.0196,50.6433,22.9663,-67.7166,99.5664,22.2947
2025-01-01 12:56:10,-0.4785,-0.654,-1.0635,2.5223,27.9796,43.8055,87.235,-0.0162,-0.0199,-0.0095,50.6433,22.9663,-67.7166,99.5664,22.2947
2025-01-01 12:56:20,-0.4785,-0.654,-1.0635,2.5223,27.9796,43.8055,87.235,-0.0162,-0.0199,-0.0095,53.2521,22.9663,-67.7166,99.5664,22.2947
2025-01-01 12:56:30,-0.4785,-0.654,-1.0635,2.5223,27.9796,43.8055,87.235,-0.0162,-0.0199,-0.0095,53.2521,22.9663,-67.0858,99.5664,22.2947
2025-01-01 12:56:40,-0.4785,-0.654,-1.0635,2.5223,27.9796,41.7019,87.235,-0.0162,-0.0199,-0.0095,53.2521,22.9663,-67.0858,99.5664,22.2947
2025-01-01 12:56:50,-0.4785,0.0261,-1.0635,2.5223,27.9796,41.7019,87.235,-0.0162,-0.0199,-0.0095,53.2521,22.9663,-67.0858,99.5664,22.2947
2025-01-01 12:57:00,-0.4785,0.0261,-1.0635,2.5223,27.9796,41.7019,87.235,-0.0162,-0.0199,-0.0095,53.2521,23.2494,-67.0858,99.5664,22.2947
2025-01-01 12:57:10,-0.4785,0.0261,-1.0635,2.5223,27.9796,41.7019,87.235,-0.0162,-0.0199,-0.0155,53.2521,23.2494,-67.0858,99.5664,22.2947
2025-01-01 12:57:20,-0.4785,0.0261,-1.0635,2.5223,27.9796,41.7019,87.235,-0.0162,-0.0199,-0.0155,51.3097,23.2494,-67.0858,99.5664,22.2947
2025-01-01 12:57:30,-0.4785,0.0261,-1.0635,2.5223,27.9796,41.7019,87.235,-0.0162,-0.0199,-0.0155,53.4222,23.2494,-67.0858,99.5664,22.2947
2025-01-01 12:57:40,-0.4785,0.0261,-1.0635,2.5223,27.9796,42.7185,87.235,-0.0162,-0.0199,-0.0155,53.4222,23.2494,-67.0858,99.5664,22.2947
2025-01-01 12:57:50,-0.4785,0.0261,-1.0635,2.4094,27.9796,42.7185,87.235,-0.0162,-0.0199,-0.0155,53.4222,23.2494,-67.0858,99.5664,22.2947
2025-01-01 12:58:00,-0.4785,0.0261,-1.0635,2.4094,27.9796,42.7185,87.235,-0.0162,-0.0199,-0.0101,53.4222,23.2494,-67.0858,99.5664,22.2947
2025-01-01 12:58:10,-0.4785,0.0261,-1.0635,2.4094,27.9796,42.8885,87.235,-0.0162,-0.0199,-0.0101,53.4222,23.2494,-67.0858,99.5664,22.2947
2025-01-01 12:58:20,-0.4785,0.0261,-1.0635,2.4094,27.9796,42.8885,87.235,-0.0162,-0.0199,-0.0101,53.4222,23.2494,-67.0858,95.3025,22.2947
2025-01-01 12:58:30,-0.4785,0.0261,-1.0635,2.4094,27.9796,42.8885,87.235,-0.0162,-0.0199,-0.0101,53.4222,23.2494,-66.944,95.3025,22.2947
2025-01-01 12:58:40,-0.354,0.0261,-1.0635,2.4094,27.9796,42.8885,87.235,-0.0162,-0.0199,-0.0101,53.4222,23.2494,-66.944,95.3025,22.2947
2025-01-01 12:58:50,-0.354,0.0261,-1.0635,2.4094,27.9796,42.8885,84.3381,-0.0162,-0.0199,-0.0101,53.4222,23.2494,-66.944,95.3025,22.2947
2025-01-01 12:59:00,-0.354,0.0261,-1.0635,2.4094,27.9796,42.8885,84.3381,-0.0162,-0.0199,-0.0101,53.4222,23.2494,-66.944,95.3025,21.8076
2025-01-01 12:59:10,-0.354,0.0261,-1.0635,2.4094,27.9796,42.8885,84.3381,-0.0162,-0.0199,-0.0101,53.4222,23.2494,-66.944,94.5037,21.8076
2025-01-01 12:59:20,-0.354,0.0261,-1.0635,2.4094,27.9796,42.8885,84.3381,-0.0162,-0.0199,-0.0101,53.4222,23.2494,-68.384,94.5037,21.8076
2025-01-01 12:59:30,-0.354,0.0261,-1.0635,2.4094,27.9796,42.8885,84.3381,-0.0162,-0.0199,-0.0101,53.4222,23.2494,-68.4699,94.5037,21.8076
2025-01-01 12:59:40,-0.354,0.0261,-1.0635,2.4094,27.9796,42.8885,84.3381,-0.0118,-0.0199,-0.0101,53.4222,23.2494,-68.4699,94.5037,21.8076
2025-01-01 12:59:50,-0.354,0.0261,-1.0635,2.4094,27.9796,42.8885,84.3381,-0.0118,-0.0199,-0.0101,53.4222,23.2494,-68.0062,94.5037,21.8076
2025-01-01 13:00:00,-0.354,0.0261,-1.0635,2.4094,27.9796,41.4635,84.3381,-0.0118,-0.0199,-0.0101,53.4222,23.2494,-68.0062,94.5037,21.8076
2025-01-01 13:00:10,-0.354,0.0261,-1.0635,2.4094,27.9796,41.4635,84.3381,-0.0127,-0.0199,-0.0101,53.4222,23.2494,-68.0062,94.5037,21.8076
2025-01-01 13:00:20,-0.354,0.0261,-1.0635,2.4094,27.9796,41.4635,84.3381,-0.0127,-0.0199,-0.0101,50.6146,23.2494,-68.0062,94.5037,21.8076
2025-01-01 13:00:30,-0.354,0.0261,-1.0635,2.4094,27.9796,41.4635,84.3381,-0.0127,-0.0199,-0.0101,54.7885,23.2494,-68.0062,94.5037,21.8076
2025-01-01 13:00:40,-0.354,0.0261,-1.0635,2.4094,27.9796,41.4635,84.3381,-0.0127,-0.0199,-0.0101,54.7885,23.2494,-68.0062,94.5037,22.3446
2025-01-01 13:00:50,-0.354,-0.0235,-1.0635,2.4094,27.9796,41.4635,84.3381,-0.0127,-0.0199,-0.0101,54.7885,23.2494,-68.0062,94.5037,22.3446
2025-01-01 13:01:00,-0.354,-0.0235,-1.0635,2.4094,27.9796,41.4635,86.3455,-0.0127,-0.0199,-0.0101,54.7885,23.2494,-68.0062,94.5037,22.3446
2025-01-01 13:01:10,-0.354,-0.0235,-1.0635,2.4094,27.9796,41.4635,86.3455,-0.0127,-0.0199,-0.0101,54.7885,23.5708,-68.0062,94.5037,22.3446
2025-01-01 13:01:20,-0.354,-0.11,-1.0635,2.4094,27.9796,41.4635,86.3455,-0.0127,-0.0199,-0.0101,54.7885,23.5708,-68.0062,94.5037,22.3446
2025-01-01 13:01:30,-0.354,-0.11,-1.0635,2.4094,27.9796,41.4635,86.3455,-0.0127,-0.0199,-0.0101,53.3479,23.5708,-68.0062,94.5037,22.3446
2025-01-01 13:01:40,-0.3354,-0.11,-1.0635,2.4094,27.9796,41.4635,86.3455,-0.0127,-0.0199,-0.0101,53.3479,23.5708,-68.0062,94.5037,22.3446
2025-01-01 13:01:50,-0.3354,-0.11,-0.7554,2.4094,27.9796,41.4635,86.3455,-0.0127,-0.0199,-0.0101,53.3479,23.5708,-68.0062,94.5037,22.3446
2025-01-01 13:02:00,-0.3354,-0.11,-0.7554,2.4094,27.9796,41.4635,86.3455,-0.0127,-0.0199,-0.0101,53.3479,23.5708,-68.0062,95.4091,22.3446
2025-01-01 13:02:10,-0.3354,-0.11,-0.7554,2.4094,27.9796,41.4635,86.3455,-0.0127,-0.0199,-0.0101,52.8876,23.5708,-68.0062,95.4091,22.3446
2025-01-01 13:02:20,-0.3354,-0.11,-0.7554,2.4094,27.9796,41.4635,86.3455,-0.0127,-0.0199,-0.0039,52.8876,23.5708,-68.0062,95.4091,22.3446
2025-01-01 13:02:30,-0.3354,-0.11,-0.7554,2.4094,27.9796,41.4635,86.3455,-0.0127,-0.0054,-0.0039,52.8876,23.5708,-68.0062,95.4091,22.3446
2025-01-01 13:02:40,-0.3354,-0.11,-0.7554,2.4094,27.9796,41.4635,86.3455,-0.0127,-0.0054,-0.0071,52.8876,23.5708,-68.0062,95.4091,22.3446
2025-01-01 13:02:50,-0.3354,-0.11,-0.7554,2.4094,27.9796,41.4635,86.3455,-0.0086,-0.0054,-0.0071,52.8876,23.5708,-68.0062,95.4091,22.3446
2025-01-01 13:03:00,-0.3354,-0.11,-0.7554,2.4094,27.9796,41.4635,86.3455,-0.0086,-0.0054,-0.0047,52.8876,23.5708,-68.0062,95.4091,22.3446
2025-01-01 13:03:10,-0.3354,-0.11,-0.7554,2.4094,27.9796,41.4635,86.3455,-0.0086,-0.0054,-0.0047,52.8876,23.5708,-68.0062,93.186,22.3446
2025-01-01 13:03:20,-0.3354,-0.11,-0.7554,2.4094,27.9796,41.4635,86.3455,-0.0086,-0.0079,-0.0047,52.8876,23.5708,-68.0062,93.186,22.3446
2025-01-01 13:03:30,-0.3354,-0.11,-0.7554,2.4094,27.9796,41.4635,93.2298,-0.0086,-0.0079,-0.0047,52.8876,23.5708,-68.0062,93.186,22.3446
2025-01-01 13:03:40,-0.3354,-0.11,-0.1621,2.4094,27.9796,41.4635,93.2298,-0.0086,-0.0079,-0.0047,52.8876,23.5708,-68.0062,93.186,22.3446
2025-01-01 13:03:50,-0.3354,-0.11,-0.1621,2.4094,27.9796,41.4635,93.2298,-0.0086,-0.0079,-0.0085,52.8876,23.5708,-68.0062,93.186,22.3446
2025-01-01 13:04:00,-0.3354,-0.11,-0.1621,2.4094,27.9796,41.4635,93.2298,-0.0086,-0.0079,-0.0085,52.8876,23.9775,-68.0062,93.186,22.3446
2025-01-01 13:04:10,-0.3354,-0.11,-0.1621,2.4094,27.9796,41.4635,93.2298,-0.0086,-0.0079,-0.0085,52.8876,23.9775,-68.0062,93.186,20.8636
2025-01-01 13:04:20,-0.7114,-0.11,-0.1621,2.4094,27.9796,41.4635,93.2298,-0.0086,-0.0079,-0.0085,52.8876,23.9775,-68.0062,93.186,20.8636
2025-01-01 13:04:30,-0.7114,-0.11,-0.1621,2.4094,27.9796,41.4635,93.2298,-0.0086,-0.0079,-0.0085,52.8876,23.9775,-68.8518,93.186,20.8636
2025-01-01 13:04:40,-0.7114,-0.11,-0.1621,2.4094,27.9796,41.4635,93.2298,-0.0086,-0.0079,-0.0085,52.8876,23.9775,-68.8518,93.186,22.2958
2025-01-01 13:04:50,-0.4636,-0.11,-0.1621,2.4094,27.9796,41.4635,93.2298,-0.0086,-0.0079,-0.0085,52.8876,23.9775,-68.8518,93.186,22.2958
2025-01-01 13:05:00,-0.4636,-0.11,-0.1621,2.4094,27.9796,41.4635,91.5373,-0.0086,-0.0079,-0.0085,52.8876,23.9775,-68.8518,93.186,22.2958
2025-01-01 13:05:10,-0.4636,-0.11,-0.1621,2.4094,27.9796,41.4635,91.5373,-0.0085,-0.0079,-0.0085,52.8876,23.9775,-68.8518,93.186,22.2958
2025-01-01 13:05:20,-0.4636,-0.11,-0.1621,2.4094,27.9796,41.4635,91.5373,-0.0085,-0.0079,-0.0085,51.7369,23.9775,-68.8518,93.186,22.2958
2025-01-01 13:05:30,-0.4636,-0.11,-0.1621,2.3936,27.9796,41.4635,91.5373,-0.0085,-0.0079,-0.0085,51.7369,23.9775,-68.8518,93.186,22.2958
2025-01-01 13:05:40,-0.4636,-0.11,-0.1621,2.3936,27.9796,42.1569,91.5373,-0.0085,-0.0079,-0.0085,51.7369,23.9775,-68.8518,93.186,22.2958
2025-01-01 13:05:50,-0.4636,-0.11,-0.1621,2.3936,27.8026,42.1569,91.5373,-0.0085,-0.0079,-0.0085,51.7369,23.9775,-68.8518,93.186,22.2958
2025-01-01 13:06:00,-0.318,-0.11,-0.1621,2.3936,27.8026,42.1569,91.5373,-0.0085,-0.0079,-0.0085,51.7369,23.9775,-68.8518,93.186,22.2958
2025-01-01 13:06:10,-0.318,-0.11,-0.1621,2.3936,27.8026,42.1569,91.5373,-0.0085,-0.0079,-0.0085,51.7369,24.665,-68.8518,93.186,22.2958
2025-01-01 13:06:20,-0.318,-0.11,-0.1621,2.3936,27.8026,42.1569,91.5373,-0.0085,-0.0076,-0.0085,51.7369,24.665,-68.8518,93.186,22.2958
2025-01-01 13:06:30,-0.318,-0.11,-0.1621,2.3936,27.8026,42.1569,91.5373,-0.0085,-0.0076,-0.0085,51.7369,24.665,-66.7628,93.186,22.2958
2025-01-01 13:06:40,-0.318,-0.11,-0.1621,2.3936,27.8026,42.1569,91.5373,-0.0085,-0.0076,-0.0085,51.7369,24.665,-68.0812,93.186,22.2958
2025-01-01 13:06:50,-0.318,-0.11,-0.1621,2.3936,27.8026,42.1569,91.5373,-0.0085,-0.0076,-0.0085,51.7369,24.665,-68.0812,93.186,22.2651
2025-01-01 13:07:00,-0.318,-0.11,-0.1621,2.3936,27.8026,42.1569,91.5373,-0.0085,-0.0092,-0.0085,51.7369,24.665,-68.0812,93.186,22.2651
2025-01-01 13:07:10,-0.318,-0.11,-0.1621,2.3936,27.8026,42.1569,91.5373,-0.0085,-0.0092,-0.0035,51.7369,24.665,-68.0812,93.186,22.2651
2025-01-01 13:07:20,-0.318,-0.11,-1.0999,2.3936,27.8026,42.1569,91.5373,-0.0085,-0.0092,-0.0035,51.7369,24.665,-68.0812,93.186,22.2651
2025-01-01 13:07:30,-0.318,-0.11,-1.0999,2.3936,27.8026,42.1569,91.5373,-0.0085,-0.0092,-0.0035,51.7369,24.665,-68.0812,91.4295,22.2651
2025-01-01 13:07:40,-0.318,-0.11,-1.0999,2.3936,27.8026,42.2866,91.5373,-0.0085,-0.0092,-0.0035,51.7369,24.665,-68.0812,91.4295,22.2651
2025-01-01 13:07:50,-0.318,-0.11,-1.0999,2.3936,27.8026,42.2866,91.5373,-0.0085,-0.0092,-0.0035,51.7369,24.665,-68.0812,91.4295,21.9408
2025-01-01 13:08:00,-0.318,-0.11,-1.0999,2.3936,27.8026,42.2866,94.6637,-0.0085,-0.0092,-0.0035,51.7369,24.665,-68.0812,91.4295,21.9408
2025-01-01 13:08:10,-0.318,-0.11,-1.0999,2.3936,27.8026,42.2866,94.6637,-0.0085,-0.0092,-0.0028,51.7369,24.665,-68.0812,91.4295,21.9408
2025-01-01 13:08:20,-0.318,-0.11,0.1284,2.3936,27.8026,42.2866,94.6637,-0.0085,-0.0092,-0.0028,51.7369,24.665,-68.0812,91.4295,21.9408
2025-01-01 13:08:30,-0.318,-0.11,0.1284,2.3936,27.8026,42.2866,94.6637,-0.0085,-0.0092,-0.0028,51.7369,24.665,-67.6683,91.4295,21.9408
2025-01-01 13:08:40,-0.318,-0.11,0.1284,2.3936,27.8026,44.9302,94.6637,-0.0085,-0.0092,-0.0028,51.7369,24.665,-67.6683,91.4295,21.9408
2025-01-01 13:08:50,-0.6105,-0.11,0.1284,2.3936,27.8026,44.9302,94.6637,-0.0085,-0.0092,-0.0028,51.7369,24.665,-67.6683,91.4295,21.9408
2025-01-01 13:09:00,-0.6105,-0.11,0.1284,2.3936,27.8026,44.9302,94.6637,-0.0085,-0.0092,-0.0093,51.7369,24.665,-67.6683,91.4295,21.9408
2025-01-01 13:09:10,-0.6105,-0.11,0.1284,2.3936,27.8026,44.9302,94.6637,-0.0085,-0.0092,-0.0093,51.7369,24.665,-68.6626,91.4295,21.9408
2025-01-01 13:09:20,-0.5531,-0.11,0.1284,2.3936,27.8026,44.9302,94.6637,-0.0085,-0.0092,-0.0093,51.7369,24.665,-68.6626,91.4295,21.9408
2025-01-01 13:09:30,-0.5531,-0.11,0.1284,2.3936,27.8026,44.9302,94.6637,-0.0085,-0.0092,-0.0093,51.7369,24.665,-68.6626,91.4295,22.3145
2025-01-01 13:09:40,-0.5531,-0.11,0.1284,2.3936,27.8026,44.9302,94.6637,-0.0085,-0.0092,-0.0093,53.8552,24.665,-68.6626,91.4295,22.3145
2025-01-01 13:09:50,-0.5531,-0.11,0.1284,2.3936,27.8026,44.625,94.6637,-0.0085,-0.0092,-0.0093,53.8552,24.665,-68.6626,91.4295,22.3145
2025-01-01 13:10:00,-0.5531,-0.11,0.1284,2.3936,27.8026,44.625,94.6637,-0.0165,-0.0092,-0.0093,53.8552,24.665,-68.6626,91.4295,22.3145
2025-01-01 13:10:10,-0.5531,-0.11,0.1284,2.3936,27.8026,44.383,94.6637,-0.0165,-0.0092,-0.0093,53.8552,24.665,-68.6626,91.4295,22.3145
2025-01-01 13:10:20,-0.5531,-0.11,0.1284,2.3936,27.8026,44.383,94.6637,-0.0165,-0.0092,-0.0093,53.8552,23.5127,-68.6626,91.4295,22.3145
2025-01-01 13:10:30,-0.5531,-0.11,0.1284,2.3936,27.8026,44.383,94.6637,-0.0165,-0.0092,-0.0093,53.8552,23.5127,-68.6626,91.4295,21.4263
2025-01-01 13:10:40,-0.5531,-0.11,0.1284,2.3936,27.8026,44.383,94.6637,-0.0165,-0.0092,-0.0093,53.8552,24.1516,-68.6626,91.4295,21.4263
2025-01-01 13:10:50,-0.5531,-0.11,0.1284,2.3936,27.8799,44.383,94.6637,-0.0165,-0.0092,-0.0093,53.8552,24.1516,-68.6626,91.4295,21.4263
2025-01-01 13:11:00,-0.5531,-0.11,0.1284,2.3936,27.8799,44.383,94.6637,-0.0177,-0.0092,-0.0093,53.8552,24.1516,-68.6626,91.4295,21.4263
2025-01-01 13:11:10,-0.5531,-0.11,0.1284,2.3936,27.8799,44.304,94.6637,-0.0177,-0.0092,-0.0093,53.8552,24.1516,-68.6626,91.4295,21.4263
2025-01-01 13:11:20,-0.5531,-0.11,0.1284,2.3936,27.8799,44.304,94.6637,-0.0177,-0.0092,-0.0093,53.8552,24.1516,-66.1089,91.4295,21.4263
2025-01-01 13:11:30,-0.5531,-0.11,0.1284,2.3936,27.8799,42.2384,94.6637,-0.0177,-0.0092,-0.0093,53.8552,24.1516,-66.1089,91.4295,21.4263
2025-01-01 13:11:40,-0.5531,-0.11,0.1284,2.3936,27.8799,42.2384,94.6637,-0.0177,-0.0092,-0.0093,53.8552,23.8931,-66.1089,91.4295,21.4263
2025-01-01 13:11:50,-0.5531,-0.11,0.1284,2.3936,27.8799,42.2384,94.6637,-0.003,-0.0092,-0.0093,53.8552,23.8931,-66.1089,91.4295,21.4263
2025-01-01 13:12:00,-0.5531,-0.11,-1.7593,2.3936,27.8799,42.2384,94.6637,-0.003,-0.0092,-0.0093,53.8552,23.8931,-66.1089,91.4295,21.4263
2025-01-01 13:12:10,-0.5531,-0.11,-1.7593,2.3936,27.8799,42.2384,94.6637,-0.003,-0.0092,-0.0093,53.8552,24.1712,-66.1089,91.4295,21.4263
2025-01-01 13:12:20,-0.3191,-0.11,-1.7593,2.3936,27.8799,42.2384,94.6637,-0.003,-0.0092,-0.0093,53.8552,24.1712,-66.1089,91.4295,21.4263
2025-01-01 13:12:30,-0.3191,-0.11,-1.7593,2.3936,27.8799,42.2384,95.4328,-0.003,-0.0092,-0.0093,53.8552,24.1712,-66.1089,91.4295,21.4263
2025-01-01 13:12:40,-0.3191,-0.11,-1.7593,2.3936,27.8799,42.8529,95.4328,-0.003,-0.0092,-0.0093,53.8552,24.1712,-66.1089,91.4295,21.4263
2025-01-01 13:12:50,-0.3191,-0.11,-1.7593,2.262,27.8799,42.8529,95.4328,-0.003,-0.0092,-0.0093,53.8552,24.1712,-66.1089,91.4295,21.4263
2025-01-01 13:13:00,-0.3191,-0.11,-1.7593,2.262,27.8799,42.8529,95.4328,-0.0119,-0.0092,-0.0093,53.8552,24.1712,-66.1089,91.4295,21.4263
2025-01-01 13:13:10,-0.3191,-0.11,-1.7593,2.262,27.8799,42.8529,95.4328,-0.0119,-0.0092,-0.0093,53.8552,24.1712,-66.1089,91.4295,21.6574
2025-01-01 13:13:20,-0.3191,-0.11,-1.7593,2.262,27.8799,42.8529,95.4328,-0.0122,-0.0092,-0.0093,53.8552,24.1712,-66.1089,91.4295,21.6574
2025-01-01 13:13:30,-0.3191,-0.11,-1.7593,2.2823,27.8799,42.8529,95.4328,-0.0122,-0.0092,-0.0093,53.8552,24.1712,-66.1089,91.4295,21.6574
2025-01-01 13:13:40,-0.3191,-0.11,-1.7593,2.2823,27.8799,42.8529,95.4328,-0.0122,-0.0092,-0.0093,53.8552,24.1712,-66.1089,95.7204,21.6574
2025-01-01 13:13:50,-0.3191,-0.11,-1.7593,2.2823,27.8799,42.8529,95.4328,-0.0122,-0.0092,-0.0093,53.8552,24.108,-66.1089,95.7204,21.6574
2025-01-01 13:14:00,-0.3191,-0.11,-1.7593,2.2823,27.818,42.8529,95.4328,-0.0122,-0.0092,-0.0093,53.8552,24.108,-66.1089,95.7204,21.6574
2025-01-01 13:14:10,-0.3191,-0.11,-1.7593,2.3847,27.818,42.8529,95.4328,-0.0122,-0.0092,-0.0093,53.8552,24.108,-66.1089,95.7204,21.6574
2025-01-01 13:14:20,-0.2537,-0.11,-1.7593,2.3847,27.818,42.8529,95.4328,-0.0122,-0.0092,-0.0093,53.8552,24.108,-66.1089,95.7204,21.6574
2025-01-01 13:14:30,-0.2537,-0.11,-1.7593,2.3847,27.818,42.8529,95.4328,-0.0122,-0.0092,-0.0093,53.8552,24.108,-66.1089,99.9501,21.6574
2025-01-01 13:14:40,-0.2537,-0.11,-1.7593,2.3847,27.818,42.8529,95.4328,-0.0122,-0.0092,-0.0093,53.8552,24.108,-66.1089,98.0095,21.6574
2025-01-01 13:14:50,-0.2537,-0.4187,-1.7593,2.3847,27.818,42.8529,95.4328,-0.0122,-0.0092,-0.0093,53.8552,24.108,-66.1089,98.0095,21.6574
2025-01-01 13:15:00,-0.2537,-0.4187,-1.7593,2.3847,27.818,42.8529,95.4328,-0.0122,-0.0092,-0.0093,53.8552,23.6663,-66.1089,98.0095,21.6574
2025-01-01 13:15:10,-0.2537,-0.4187,-1.7593,2.3847,27.818,42.8529,95.4328,-0.0122,-0.0092,-0.0093,53.8552,23.4401,-66.1089,98.0095,21.6574
2025-01-01 13:15:20,-0.2537,-0.4187,0.1192,2.3847,27.818,42.8529,95.4328,-0.0122,-0.0092,-0.0093,53.8552,23.4401,-66.1089,98.0095,21.6574
2025-01-01 13:15:30,-0.2537,-0.4187,0.1192,2.3847,27.818,42.8529,92.8698,-0.0122,-0.0092,-0.0093,53.8552,23.4401,-66.1089,98.0095,21.6574
2025-01-01 13:15:40,-0.2537,-0.4187,-0.7175,2.3847,27.818,42.8529,92.8698,-0.0122,-0.0092,-0.0093,53.8552,23.4401,-66.1089,98.0095,21.6574
2025-01-01 13:15:50,-0.2537,-0.4187,-0.7175,2.3847,27.818,42.8529,92.8698,-0.0122,-0.0017,-0.0093,53.8552,23.4401,-66.1089,98.0095,21.6574
2025-01-01 13:16:00,-0.2537,-0.4187,-0.7175,2.3847,27.818,42.8529,92.8698,-0.0122,-0.0017,-0.0093,53.8552,24.2937,-66.1089,98.0095,21.6574
2025-01-01 13:16:10,-0.2537,-0.4187,-1.107,2.3847,27.818,42.8529,92.8698,-0.0122,-0.0017,-0.0093,53.8552,24.2937,-66.1089,98.0095,21.6574
2025-01-01 13:16:20,-0.2537,-0.4187,-1.107,2.3847,27.818,42.162,92.8698,-0.0122,-0.0017,-0.0093,53.8552,24.2937,-66.1089,98.0095,21.6574
2025-01-01 13:16:30,-0.2537,-0.4187,-1.107,2.3847,27.818,42.162,92.8698,-0.0124,-0.0017,-0.0093,53.8552,24.2937,-66.1089,98.0095,21.6574
2025-01-01 13:16:40,-0.2537,-0.4187,-1.107,2.3847,27.9517,42.162,92.8698,-0.0124,-0.0017,-0.0093,53.8552,24.2937,-66.1089,98.0095,21.6574
2025-01-01 13:16:50,-0.2537,-0.4187,-1.107,2.3847,27.9517,42.162,93.9902,-0.0124,-0.0017,-0.0093,53.8552,24.2937,-66.1089,98.0095,21.6574
2025-01-01 13:17:00,-0.2537,0.1737,-1.107,2.3847,27.9517,42.162,93.9902,-0.0124,-0.0017,-0.0093,53.8552,24.2937,-66.1089,98.0095,21.6574
2025-01-01 13:17:10,-0.2537,0.1737,-1.107,2.3847,27.9517,42.162,93.9902,-0.0124,-0.0017,-0.0093,53.2457,24.2937,-66.1089,98.0095,21.6574
2025-01-01 13:17:20,-0.2537,0.1737,-1.107,2.3847,27.8932,42.162,93.9902,-0.0124,-0.0017,-0.0093,53.2457,24.2937,-66.1089,98.0095,21.6574
2025-01-01 13:17:30,-0.2537,0.1737,-1.107,2.3847,27.8932,42.162,93.9902,-0.0124,-0.0017,-0.0093,53.2457,24.2937,-66.1089,99.615,21.6574
2025-01-01 13:17:40,-0.2537,0.1737,-1.107,2.3847,27.8932,42.162,93.9902,-0.0124,-0.0017,-0.0093,53.2457,24.2937,-66.1089,99.4576,21.6574
2025-01-01 13:17:50,-0.2537,0.1737,-1.107,2.3847,27.8932,42.162,93.9902,-0.0124,-0.0017,-0.0093,53.664,24.2937,-66.1089,99.4576,21.6574
2025-01-01 13:18:00,-0.3477,0.1737,-1.107,2.3847,27.8932,42.162,93.9902,-0.0124,-0.0017,-0.0093,53.664,24.2937,-66.1089,99.4576,21.6574
2025-01-01 13:18:10,-0.3477,0.1737,-1.107,2.3847,27.8932,42.162,93.9902,-0.0124,-0.0017,-0.0093,53.664,24.2937,-66.1089,98.7924,21.6574
2025-01-01 13:18:20,-0.3477,0.1737,-1.107,2.3847,27.8932,42.162,93.9902,-0.0124,-0.012,-0.0093,53.664,24.2937,-66.1089,98.7924,21.6574
2025-01-01 13:18:30,-0.3477,0.1737,-1.107,2.3847,27.9389,42.162,93.9902,-0.0124,-0.012,-0.0093,53.664,24.2937,-66.1089,98.7924,21.6574
2025-01-01 13:18:40,-0.3477,0.1737,-1.107,2.3847,27.9389,42.162,93.9902,-0.0124,-0.0146,-0.0093,53.664,24.2937,-66.1089,98.7924,21.6574
2025-01-01 13:18:50,-0.3477,0.1737,-1.107,2.3847,27.9389,42.162,93.9902,-0.0124,-0.0146,-0.0093,53.664,24.2937,-67.9757,98.7924,21.6574
2025-01-01 13:19:00,-0.3477,0.1737,-1.107,2.3847,27.9389,42.162,93.9902,-0.0124,-0.0146,-0.0093,53.664,24.2937,-67.9757,97.4547,21.6574
2025-01-01 13:19:10,-0.3477,0.1737,-1.107,2.3847,27.9389,42.162,93.9902,-0.0124,-0.0146,-0.0093,53.664,24.2937,-65.9073,97.4547,21.6574
2025-01-01 13:19:20,-0.3477,0.1737,-1.107,2.3847,27.9389,42.162,93.9902,-0.0124,-0.0146,-0.0093,53.664,23.7209,-65.9073,97.4547,21.6574
2025-01-01 13:19:30,-0.3477,0.1737,-1.107,2.3847,27.9389,42.162,93.9902,-0.0139,-0.0146,-0.0093,53.664,23.7209,-65.9073,97.4547,21.6574
2025-01-01 13:19:40,-0.3477,0.1737,-1.107,2.3847,27.9389,44.0069,93.9902,-0.0139,-0.0146,-0.0093,53.664,23.7209,-65.9073,97.4547,21.6574
2025-01-01 13:19:50,-0.3477,0.1737,-1.107,2.2046,27.9389,44.0069,93.9902,-0.0139,-0.0146,-0.0093,53.664,23.7209,-65.9073,97.4547,21.6574
2025-01-01 13:20:00,-0.3477,-0.4215,-1.107,2.2046,27.9389,44.0069,93.9902,-0.0139,-0.0146,-0.0093,53.664,23.7209,-65.9073,97.4547,21.6574
2025-01-01 13:20:10,-0.3477,-0.4215,-1.107,2.2046,27.9389,44.0069,93.9902,-0.0139,-0.0146,-0.0093,53.664,23.7209,-65.9073,97.4547,22.3181
2025-01-01 13:20:20,-0.3477,-0.4215,-0.9256,2.2046,27.9389,44.0069,93.9902,-0.0139,-0.0146,-0.0093,53.664,23.7209,-65.9073,97.4547,22.3181
2025-01-01 13:20:30,-0.3477,-0.4215,-0.9256,2.2046,27.9389,44.0069,93.9902,-0.0139,-0.0146,-0.0093,53.664,23.7209,-65.9073,96.3784,22.3181
2025-01-01 13:20:40,-0.3477,-0.4215,-0.3887,2.2046,27.9389,44.0069,93.9902,-0.0139,-0.0146,-0.0093,53.664,23.7209,-65.9073,96.3784,22.3181
2025-01-01 13:20:50,-0.3477,-0.4215,-0.3887,2.2353,27.9389,44.0069,93.9902,-0.0139,-0.0146,-0.0093,53.664,23.7209,-65.9073,96.3784,22.3181
2025-01-01 13:21:00,0.0971,-0.4215,-0.3887,2.2353,27.9389,44.0069,93.9902,-0.0139,-0.0146,-0.0093,53.664,23.7209,-65.9073,96.3784,22.3181
2025-01-01 13:21:10,0.0971,-0.4215,-0.3887,2.2353,27.9389,44.0069,93.9902,-0.0139,-0.0146,-0.0176,53.664,23.7209,-65.9073,96.3784,22.3181
2025-01-01 13:21:20,0.0971,-0.4215,-1.5796,2.2353,27.9389,44.0069,93.9902,-0.0139,-0.0146,-0.0176,53.664,23.7209,-65.9073,96.3784,22.3181
2025-01-01 13:21:30,0.0971,-0.4215,-1.5796,2.2353,27.9389,44.0069,93.9902,-0.0139,-0.0146,-0.0176,53.664,23.7209,-69.0046,96.3784,22.3181
2025-01-01 13:21:40,0.0971,-0.4215,-1.5796,2.2353,27.9389,44.0069,93.9902,0.009,-0.0146,-0.0176,53.664,23.7209,-69.0046,96.3784,22.3181
2025-01-01 13:21:50,0.0971,-0.4215,-0.6438,2.2353,27.9389,44.0069,93.9902,0.009,-0.0146,-0.0176,53.664,23.7209,-69.0046,96.3784,22.3181
2025-01-01 13:22:00,0.0971,-0.4215,-0.6438,2.2353,27.9389,44.0069,93.9902,0.009,-0.0146,-0.0176,53.664,23.7209,-69.0046,95.9236,22.3181
2025-01-01 13:22:10,0.0971,-0.4215,-0.6438,2.2353,27.9389,44.0069,93.9902,0.009,-0.0146,-0.003,53.664,23.7209,-69.0046,95.9236,22.3181
2025-01-01 13:22:20,0.0971,-0.4215,-0.6438,2.3835,27.9389,44.0069,93.9902,0.009,-0.0146,-0.003,53.664,23.7209,-69.0046,95.9236,22.3181
2025-01-01 13:22:30,0.0971,-0.4215,-0.6438,2.2722,27.9389,44.0069,93.9902,0.009,-0.0146,-0.003,53.664,23.7209,-69.0046,95.9236,22.3181
2025-01-01 13:22:40,0.0971,-0.4215,-0.6438,2.2722,27.9389,44.0069,93.9902,0.009,-0.0146,-0.003,53.664,23.7209,-69.0046,97.3626,22.3181
2025-01-01 13:22:50,0.0971,-0.4215,-0.7877,2.2722,27.9389,44.0069,93.9902,0.009,-0.0146,-0.003,53.664,23.7209,-69.0046,97.3626,22.3181
2025-01-01 13:23:00,0.0971,-0.4215,-0.7877,2.2722,27.9389,44.0069,93.9902,0.009,-0.0146,-0.003,53.664,23.7209,-69.0046,98.3195,22.3181
2025-01-01 13:23:10,0.0971,-0.4215,-0.7877,2.2722,27.9389,44.0069,93.9902,0.0035,-0.0146,-0.003,53.664,23.7209,-69.0046,98.3195,22.3181
2025-01-01 13:23:20,0.0971,-0.4215,-0.7877,2.2722,27.9389,44.0069,93.9902,0.0035,-0.0146,-0.0037,53.664,23.7209,-69.0046,98.3195,22.3181
2025-01-01 13:23:30,0.0971,-0.4215,-0.7877,2.2722,27.9389,44.0069,93.9902,0.0035,-0.0115,-0.0037,53.664,23.7209,-69.0046,98.3195,22.3181
2025-01-01 13:23:40,0.0971,-0.4215,-0.7877,2.2169,27.9389,44.0069,93.9902,0.0035,-0.0115,-0.0037,53.664,23.7209,-69.0046,98.3195,22.3181
2025-01-01 13:23:50,0.0971,-0.4215,-0.7877,2.2169,27.9389,44.0069,93.9902,0.0035,-0.0015,-0.0037,53.664,23.7209,-69.0046,98.3195,22.3181
2025-01-01 13:24:00,0.0971,-0.4215,-0.7877,2.2169,27.9389,44.0069,93.9902,0.0035,-0.0015,-0.0087,53.664,23.7209,-69.0046,98.3195,22.3181
2025-01-01 13:24:10,0.0971,-0.4215,-0.7877,2.2169,27.9389,44.0069,93.9902,0.0035,-0.0015,-0.0087,53.664,23.7209,-69.0046,98.3195,22.1721
2025-01-01 13:24:20,0.0971,-0.4215,-1.1664,2.2169,27.9389,44.0069,93.9902,0.0035,-0.0015,-0.0087,53.664,23.7209,-69.0046,98.3195,22.1721
2025-01-01 13:24:30,0.0971,-0.4215,-1.1664,2.2169,27.9389,44.0069,93.9902,0.0035,-0.0015,-0.0087,53.664,23.7209,-65.3629,98.3195,22.1721
2025-01-01 13:24:40,0.0971,-0.4215,-1.1664,2.2169,27.9389,44.0069,93.9902,0.0035,-0.0015,-0.0087,53.664,23.7209,-65.3629,98.3195,23.6845
2025-01-01 13:24:50,0.0971,-0.4215,-1.1664,2.2169,27.9389,44.0069,93.9902,0.0035,-0.0015,-0.0087,53.664,23.7209,-65.3629,98.7419,23.6845
2025-01-01 13:25:00,0.0971,-0.4215,-1.1664,2.2169,27.9389,44.0069,93.9902,0.0035,-0.0015,-0.0093,53.664,23.7209,-65.3629,98.7419,23.6845
2025-01-01 13:25:10,0.0971,-0.4215,-1.1664,2.2169,27.9389,44.0069,93.9902,0.0035,-0.0015,-0.0093,53.664,23.7209,-65.3629,102.8142,23.6845
2025-01-01 13:25:20,0.0971,-0.4215,-1.1664,2.2169,27.7832,44.0069,93.9902,0.0035,-0.0015,-0.0093,53.664,23.7209,-65.3629,102.8142,23.6845
2025-01-01 13:25:30,0.0971,-0.4215,-1.1664,2.2169,27.7832,44.0069,93.9902,0.0035,-0.009,-0.0093,53.664,23.7209,-65.3629,102.8142,23.6845
2025-01-01 13:25:40,0.0971,-0.4215,-1.1664,2.2169,27.7832,44.0069,93.9902,0.0035,-0.009,-0.0093,53.664,23.7209,-65.3629,102.8142,23.3289
2025-01-01 13:25:50,0.0971,-0.4215,-1.1664,2.2169,27.7832,44.0069,93.9902,0.0035,-0.009,-0.0093,53.664,24.5007,-65.3629,102.8142,23.3289
2025-01-01 13:26:00,0.0971,-0.4215,-1.1664,2.2169,27.7832,44.0069,93.9902,0.0035,-0.0044,-0.0093,53.664,24.5007,-65.3629,102.8142,23.3289
2025-01-01 13:26:10,0.0971,-0.4215,-1.1664,2.369,27.7832,44.0069,93.9902,0.0035,-0.0044,-0.0093,53.664,24.5007,-65.3629,102.8142,23.3289
2025-01-01 13:26:20,0.0971,-0.4215,-1.1664,2.369,27.7832,44.0069,93.9902,0.0035,-0.0044,-0.0093,53.664,24.5007,-65.3629,102.8142,22.9817
2025-01-01 13:26:30,0.0971,-0.4215,-1.1664,2.369,27.7832,44.0069,93.9902,-0.0113,-0.0044,-0.0093,53.664,24.5007,-65.3629,102.8142,22.9817
2025-01-01 13:26:40,0.0971,-0.4215,-1.1664,2.369,27.7832,44.0069,93.9902,-0.0113,-0.0044,-0.0093,53.664,24.5007,-65.3629,101.8696,22.9817
2025-01-01 13:26:50,0.0971,-0.4215,-1.1664,2.369,27.7832,44.0069,93.9902,-0.0037,-0.0044,-0.0093,53.664,24.5007,-65.3629,101.8696,22.9817
2025-01-01 13:27:00,-0.0902,-0.4215,-1.1664,2.369,27.7832,44.0069,93.9902,-0.0037,-0.0044,-0.0093,53.664,24.5007,-65.3629,101.8696,22.9817
2025-01-01 13:27:10,-0.0902,-0.4215,-1.1664,2.4968,27.7832,44.0069,93.9902,-0.0037,-0.0044,-0.0093,53.664,24.5007,-65.3629,101.8696,22.9817
2025-01-01 13:27:20,-0.0902,-0.4215,-1.1664,2.4968,27.7832,44.0069,93.9902,-0.0037,-0.0044,-0.0093,53.664,24.5789,-65.3629,101.8696,22.9817
2025-01-01 13:27:30,-0.0902,-0.4215,-1.1664,2.4968,27.7832,44.0069,93.9902,-0.0037,-0.0044,-0.0093,53.664,24.5789,-65.3629,101.8696,22.5499
2025-01-01 13:27:40,-0.0902,-0.4215,-1.1664,2.4968,27.7832,44.0069,93.9902,-0.0037,-0.0044,-0.0093,53.664,24.5789,-65.3629,101.8696,23.2732
2025-01-01 13:27:50,-0.0902,0.0335,-1.1664,2.4968,27.7832,44.0069,93.9902,-0.0037,-0.0044,-0.0093,53.664,24.5789,-65.3629,101.8696,23.2732
2025-01-01 13:28:00,-0.0902,-0.3671,-1.1664,2.4968,27.7832,44.0069,93.9902,-0.0037,-0.0044,-0.0093,53.664,24.5789,-65.3629,101.8696,23.2732
2025-01-01 13:28:10,-0.0902,-0.3671,-1.1664,2.4968,27.7832,44.0069,93.9902,-0.0037,-0.0044,-0.0093,53.664,24.5789,-63.6378,101.8696,23.2732
2025-01-01 13:28:20,-0.0902,-0.178,-1.1664,2.4968,27.7832,44.0069,93.9902,-0.0037,-0.0044,-0.0093,53.664,24.5789,-63.6378,101.8696,23.2732
2025-01-01 13:28:30,-0.0902,-0.178,-1.1664,2.4968,27.7832,45.4673,93.9902,-0.0037,-0.0044,-0.0093,53.664,24.5789,-63.6378,101.8696,23.2732
2025-01-01 13:28:40,-0.0902,-0.2169,-1.1664,2.4968,27.7832,45.4673,93.9902,-0.0037,-0.0044,-0.0093,53.664,24.5789,-63.6378,101.8696,23.2732
2025-01-01 13:28:50,-0.0902,-0.2169,-1.1664,2.2272,27.7832,45.4673,93.9902,-0.0037,-0.0044,-0.0093,53.664,24.5789,-63.6378,101.8696,23.2732
2025-01-01 13:29:00,-0.2213,-0.2169,-1.1664,2.2272,27.7832,45.4673,93.9902,-0.0037,-0.0044,-0.0093,53.664,24.5789,-63.6378,101.8696,23.2732
2025-01-01 13:29:10,-0.2213,-0.2169,-1.1664,2.2272,27.7832,45.4673,93.9902,-0.0037,-0.0044,-0.0093,53.664,24.0486,-63.6378,101.8696,23.2732
2025-01-01 13:29:20,-0.2213,-0.2169,-1.1664,2.2272,27.7832,45.4673,93.9902,-0.0037,-0.0044,-0.0093,53.664,24.0486,-63.6378,101.8696,22.3001
2025-01-01 13:29:30,-0.2213,-0.2169,-1.1664,2.2272,27.7832,45.4673,93.9902,-0.0037,-0.0044,-0.0093,53.664,24.1634,-63.6378,101.8696,22.3001
2025-01-01 13:29:40,-0.2213,-0.2169,-1.1664,2.5476,27.7832,45.4673,93.9902,-0.0037,-0.0044,-0.0093,53.664,24.1634,-63.6378,101.8696,22.3001
2025-01-01 13:29:50,-0.2213,-0.2169,-1.1664,2.5476,27.7832,45.4673,93.9902,-0.0013,-0.0044,-0.0093,53.664,24.1634,-63.6378,101.8696,22.3001
2025-01-01 13:30:00,-0.2213,-0.2169,-1.1664,2.5476,27.7832,45.4673,93.9902,-0.0013,-0.0044,-0.0093,53.664,24.1634,-63.6378,98.6091,22.3001
2025-01-01 13:30:10,-0.2213,-0.2169,-1.1664,2.5476,27.7832,45.4673,93.9902,-0.0013,-0.0044,-0.0093,53.664,24.1634,-63.6378,98.6091,22.7521
2025-01-01 13:30:20,-0.2213,-0.2169,-1.1664,2.5476,27.7832,45.4673,93.9902,-0.0013,-0.0044,-0.0093,53.664,24.1634,-63.6378,98.6091,22.7521
2025-01-01 13:30:30,-0.2213,-0.2169,-1.1664,2.5476,27.7832,45.4673,93.9902,-0.0013,-0.0044,-0.0093,53.664,24.1634,-63.6378,98.6091,22.2446
2025-01-01 13:30:40,-0.2213,-0.2169,-1.1664,2.5476,27.7832,45.4673,93.9902,-0.0013,-0.0044,-0.0093,53.664,24.1634,-68.0893,98.6091,22.2446
2025-01-01 13:30:50,-0.2213,-0.2169,-1.1664,2.5476,27.7832,45.4673,93.9902,-0.0013,-0.0071,-0.0093,53.664,24.1634,-68.0893,98.6091,22.2446
2025-01-01 13:31:00,-0.2213,-0.2748,-1.1664,2.5476,27.7832,45.4673,93.9902,-0.0013,-0.0071,-0.0093,53.664,24.1634,-68.0893,98.6091,22.2446
2025-01-01 13:31:10,-0.2213,-0.2748,-1.1664,2.5476,27.7832,45.4673,93.9902,-0.0013,-0.0071,0.0036,53.664,24.1634,-68.0893,98.6091,22.2446
2025-01-01 13:31:20,-0.2213,-0.2748,-1.1664,2.5476,27.7832,45.4673,93.9902,-0.0013,-0.0071,0.0036,53.664,24.6613,-68.0893,98.6091,22.2446
2025-01-01 13:31:30,-0.2213,-0.2748,-1.1664,2.5476,27.7832,45.4673,93.9902,-0.0013,-0.0071,0.0036,53.664,24.4967,-68.0893,98.6091,22.2446
2025-01-01 13:31:40,-0.0553,-0.2748,-1.1664,2.5476,27.7832,45.4673,93.9902,-0.0013,-0.0071,0.0036,53.664,24.4967,-68.0893,98.6091,22.2446
2025-01-01 13:31:50,-0.0553,-0.2748,-1.1664,2.5476,27.7832,45.4673,93.9902,-0.0115,-0.0071,0.0036,53.664,24.4967,-68.0893,98.6091,22.2446
2025-01-01 13:32:00,-0.0553,-0.2748,-1.1664,2.5476,28.009,45.4673,93.9902,-0.0115,-0.0071,0.0036,53.664,24.4967,-68.0893,98.6091,22.2446
2025-01-01 13:32:10,-0.0553,-0.2748,-1.1664,2.5476,28.009,45.4673,93.9902,-0.0115,-0.0071,0.0036,53.664,24.6443,-68.0893,98.6091,22.2446
2025-01-01 13:32:20,-0.0553,-0.2748,-1.1664,2.5476,28.009,45.4673,93.9902,-0.0115,-0.0071,-0.0067,53.664,24.6443,-68.0893,98.6091,22.2446
2025-01-01 13:32:30,-0.0553,-0.2748,-1.1664,2.5476,28.009,45.4673,93.9902,-0.0115,-0.0071,-0.004,53.664,24.6443,-68.0893,98.6091,22.2446
2025-01-01 13:32:40,-0.0553,-0.2748,-1.1664,2.5476,28.009,45.4673,93.9902,-0.0115,-0.0002,-0.004,53.664,24.6443,-68.0893,98.6091,22.2446
2025-01-01 13:32:50,-0.0553,-0.2748,-1.1664,2.5476,28.009,45.4673,93.9902,-0.0115,-0.0002,-0.004,53.664,24.6443,-68.0893,98.6091,22.2532
2025-01-01 13:33:00,-0.0553,-0.2748,-1.1664,2.5476,28.009,45.4673,93.9902,-0.0115,-0.0002,-0.004,53.664,25.1526,-68.0893,98.6091,22.2532
2025-01-01 13:33:10,-0.0553,-0.2748,-1.1664,2.5476,28.009,45.4673,93.9902,-0.0115,-0.0002,-0.004,53.664,25.1526,-68.0893,95.9133,22.2532
2025-01-01 13:33:20,-0.0553,-0.2748,-1.1664,2.5476,28.009,45.4673,93.9902,-0.0115,-0.0002,-0.004,53.664,24.3767,-68.0893,95.9133,22.2532
2025-01-01 13:33:30,-0.0553,-0.2748,-1.1664,2.5476,28.009,45.4673,93.9902,-0.0115,-0.0002,-0.004,53.664,24.3767,-68.0893,91.8151,22.2532
2025-01-01 13:33:40,-0.0553,-0.2748,-1.1664,2.5476,28.009,45.4673,93.9902,-0.0115,-0.0002,-0.004,53.664,24.7593,-68.0893,91.8151,22.2532
2025-01-01 13:33:50,-0.0553,-0.2748,-1.1664,2.5476,28.009,45.4673,93.9902,-0.0068,-0.0002,-0.004,53.664,24.7593,-68.0893,91.8151,22.2532
2025-01-01 13:34:00,-0.0553,-0.2748,-1.1664,2.5476,28.1603,45.4673,93.9902,-0.0068,-0.0002,-0.004,53.664,24.7593,-68.0893,91.8151,22.2532
2025-01-01 13:34:10,-0.0553,-0.2748,-1.1664,2.5476,28.1603,44.4484,93.9902,-0.0068,-0.0002,-0.004,53.664,24.7593,-68.0893,91.8151,22.2532
2025-01-01 13:34:20,-0.0553,-0.2748,-1.1664,2.5476,28.1603,43.2524,93.9902,-0.0068,-0.0002,-0.004,53.664,24.7593,-68.0893,91.8151,22.2532
2025-01-01 13:34:30,-0.0553,-0.2748,-1.1664,2.5476,28.1603,43.2524,93.9902,-0.0068,-0.0002,-0.004,53.664,24.5089,-68.0893,91.8151,22.2532
2025-01-01 13:34:40,-0.0553,-0.2748,-1.1664,2.4231,28.1603,43.2524,93.9902,-0.0068,-0.0002,-0.004,53.664,24.5089,-68.0893,91.8151,22.2532
2025-01-01 13:34:50,-0.0553,-0.2748,-1.1664,2.4231,28.1603,43.2524,93.9902,-0.0068,-0.0002,-0.004,53.664,24.5089,-68.0893,96.4603,22.2532
2025-01-01 13:35:00,-0.0553,-0.2748,-1.1664,2.4231,28.1603,43.2524,93.9902,-0.0068,-0.0002,-0.004,53.664,24.5089,-68.0893,96.4603,22.5881
2025-01-01 13:35:10,-0.0553,-0.2748,-1.1664,2.2621,28.1603,43.2524,93.9902,-0.0068,-0.0002,-0.004,53.664,24.5089,-68.0893,96.4603,22.5881
2025-01-01 13:35:20,-0.0553,-0.2748,-1.1664,2.2621,28.1603,43.2524,93.9902,-0.0068,0.001,-0.004,53.664,24.5089,-68.0893,96.4603,22.5881
2025-01-01 13:35:30,-0.0553,-0.2748,-1.1664,2.2621,28.1603,43.2524,93.9902,-0.0068,-0.0009,-0.004,53.664,24.5089,-68.0893,96.4603,22.5881
2025-01-01 13:35:40,-0.0553,-0.2748,-1.1664,2.2621,28.1603,43.2524,95.4286,-0.0068,-0.0009,-0.004,53.664,24.5089,-68.0893,96.4603,22.5881
2025-01-01 13:35:50,-0.0553,-0.2748,-1.1664,2.2621,28.1603,43.2524,95.4286,-0.0068,-0.0009,-0.0049,53.664,24.5089,-68.0893,96.4603,22.5881
2025-01-01 13:36:00,-0.0553,-0.2748,-1.1664,2.2621,28.1603,43.2524,95.4286,-0.0068,-0.0009,-0.0049,53.664,24.5089,-65.8207,96.4603,22.5881
2025-01-01 13:36:10,-0.0553,-0.2748,-1.1664,2.2621,27.8952,43.2524,95.4286,-0.0068,-0.0009,-0.0049,53.664,24.5089,-65.8207,96.4603,22.5881
2025-01-01 13:36:20,-0.0553,-0.2748,-1.1664,2.2621,27.8952,43.2524,95.4286,-0.0068,-0.0009,-0.0049,53.664,24.5089,-65.8207,96.4603,22.7626
2025-01-01 13:36:30,-0.0553,-0.2748,-1.1664,2.2621,27.8952,43.2524,95.4286,-0.0068,-0.0009,-0.0045,53.664,24.5089,-65.8207,96.4603,22.7626
2025-01-01 13:36:40,-0.0553,-0.2748,-1.1664,2.2621,27.8952,43.2524,95.4286,-0.0068,-0.0009,-0.0045,53.664,24.5089,-65.8207,100.0227,22.7626
2025-01-01 13:36:50,-0.0553,-0.2748,-1.1664,2.2621,27.8952,43.2524,95.4286,-0.0068,-0.0097,-0.0045,53.664,24.5089,-65.8207,100.0227,22.7626
2025-01-01 13:37:00,-0.0553,0.0792,-1.1664,2.2621,27.8952,43.2524,95.4286,-0.0068,-0.0097,-0.0045,53.664,24.5089,-65.8207,100.0227,22.7626
2025-01-01 13:37:10,-0.0553,0.0792,-1.1664,2.2621,27.8952,43.2524,95.4286,-0.0068,-0.0097,-0.0045,52.0906,24.5089,-65.8207,100.0227,22.7626
2025-01-01 13:37:20,-0.0553,0.0792,-1.1664,2.2621,27.8952,43.2524,95.4286,-0.0068,-0.0097,-0.0045,51.9,24.5089,-65.8207,100.0227,22.7626
2025-01-01 13:37:30,-0.0553,0.0792,-1.1664,2.2621,27.8952,43.2524,95.4286,-0.0068,-0.0097,-0.0045,51.9,24.5089,-65.8207,97.4721,22.7626
2025-01-01 13:37:40,-0.0553,0.0792,-1.1664,2.2621,27.8952,43.2524,95.4286,-0.0068,-0.0097,-0.0045,51.9,24.5089,-65.8207,97.4721,23.0401
2025-01-01 13:37:50,-0.0553,0.0792,-1.1664,2.2621,27.8952,43.2524,95.4286,-0.0068,-0.0097,0.0027,51.9,24.5089,-65.8207,97.4721,23.0401
2025-01-01 13:38:00,-0.0553,0.0792,-1.1664,2.2621,27.8952,43.2524,95.4286,-0.0068,-0.0097,0.0027,55.2899,24.5089,-65.8207,97.4721,23.0401
2025-01-01 13:38:10,-0.0553,0.0792,-1.1664,2.2621,27.9584,43.2524,95.4286,-0.0068,-0.0097,0.0027,55.2899,24.5089,-65.8207,97.4721,23.0401
2025-01-01 13:38:20,0.1105,0.0792,-1.1664,2.2621,27.9584,43.2524,95.4286,-0.0068,-0.0097,0.0027,55.2899,24.5089,-65.8207,97.4721,23.0401
2025-01-01 13:38:30,0.1105,0.0792,-1.1664,2.2621,27.9584,43.2524,98.3703,-0.0068,-0.0097,0.0027,55.2899,24.5089,-65.8207,97.4721,23.0401
2025-01-01 13:38:40,0.1105,0.0792,-1.1664,2.2621,27.9584,43.2524,98.3703,-0.0068,-0.0097,0.0027,54.5174,24.5089,-65.8207,97.4721,23.0401
2025-01-01 13:38:50,0.1105,0.0792,-1.1664,2.4578,27.9584,43.2524,98.3703,-0.0068,-0.0097,0.0027,54.5174,24.5089,-65.8207,97.4721,23.0401
2025-01-01 13:39:00,0.1105,0.0792,-1.1664,2.4578,27.9584,43.2524,94.4112,-0.0068,-0.0097,0.0027,54.5174,24.5089,-65.8207,97.4721,23.0401
2025-01-01 13:39:10,0.1105,0.0792,-1.1664,2.4578,27.9584,43.2524,94.4112,-0.0031,-0.0097,0.0027,54.5174,24.5089,-65.8207,97.4721,23.0401
2025-01-01 13:39:20,0.1105,0.0792,-1.1664,2.4578,27.8993,43.2524,94.4112,-0.0031,-0.0097,0.0027,54.5174,24.5089,-65.8207,97.4721,23.0401
2025-01-01 13:39:30,-0.1102,0.0792,-1.1664,2.4578,27.8993,43.2524,94.4112,-0.0031,-0.0097,0.0027,54.5174,24.5089,-65.8207,97.4721,23.0401
2025-01-01 13:39:40,-0.1102,-0.3161,-1.1664,2.4578,27.8993,43.2524,94.4112,-0.0031,-0.0097,0.0027,54.5174,24.5089,-65.8207,97.4721,23.0401
2025-01-01 13:39:50,-0.1102,-0.3161,-1.1664,2.4578,27.8993,43.2524,94.4112,-0.0031,-0.0097,-0.0028,54.5174,24.5089,-65.8207,97.4721,23.0401
2025-01-01 13:40:00,-0.1102,-0.3161,-1.1664,2.4578,27.8993,43.2524,94.4112,-0.0019,-0.0097,-0.0028,54.5174,24.5089,-65.8207,97.4721,23.0401
2025-01-01 13:40:10,-0.2378,-0.3161,-1.1664,2.4578,27.8993,43.2524,94.4112,-0.0019,-0.0097,-0.0028,54.5174,24.5089,-65.8207,97.4721,23.0401
2025-01-01 13:40:20,-0.2378,-0.3161,-1.1664,2.4578,27.8993,43.2524,104.2994,-0.0019,-0.0097,-0.0028,54.5174,24.5089,-65.8207,97.4721,23.0401
2025-01-01 13:40:30,-0.2378,-0.0917,-1.1664,2.4578,27.8993,43.2524,104.2994,-0.0019,-0.0097,-0.0028,54.5174,24.5089,-65.8207,97.4721,23.0401
2025-01-01 13:40:40,-0.2378,-0.0917,-1.1664,2.4578,27.8993,43.2524,94.0265,-0.0019,-0.0097,-0.0028,54.5174,24.5089,-65.8207,97.4721,23.0401
2025-01-01 13:40:50,-0.2378,-0.0917,-1.1664,2.4578,27.8993,43.2524,94.0265,-0.0019,-0.0097,-0.0028,54.5174,24.5089,-65.8207,102.4773,23.0401
2025-01-01 13:41:00,-0.2378,-0.0917,-1.1664,2.4578,27.8993,43.2524,94.0265,-0.0019,-0.0097,-0.0028,54.5174,24.5089,-65.8207,102.4773,22.1101
2025-01-01 13:41:10,-0.2378,-0.0917,-1.1664,2.4578,27.8993,43.2524,94.0265,-0.0019,-0.0097,-0.0028,54.5174,24.5089,-65.8207,101.7028,22.1101
2025-01-01 13:41:20,-0.2378,-0.0917,-1.1664,2.4578,27.8993,43.2524,94.0265,-0.0019,-0.0097,-0.0028,54.5174,24.9698,-65.8207,101.7028,22.1101
2025-01-01 13:41:30,-0.2378,-0.0917,-1.1664,2.4578,27.8993,43.2524,94.0265,-0.0064,-0.0097,-0.0028,54.5174,24.9698,-65.8207,101.7028,22.1101
2025-01-01 13:41:40,-0.2378,-0.0917,-1.1664,2.4578,27.8993,43.2524,94.0265,-0.0064,-0.0097,-0.0036,54.5174,24.9698,-65.8207,101.7028,22.1101
2025-01-01 13:41:50,-0.2378,-0.0917,-1.1664,2.4578,27.8993,43.2524,94.0265,-0.0064,-0.0097,-0.0036,54.5174,24.4476,-65.8207,101.7028,22.1101
2025-01-01 13:42:00,-0.2378,-0.0917,-1.1664,2.4578,27.8993,43.2524,94.0265,-0.0064,-0.0097,-0.0036,54.5174,24.992,-65.8207,101.7028,22.1101
2025-01-01 13:42:10,-0.2378,-0.0917,-0.8994,2.4578,27.8993,43.2524,94.0265,-0.0064,-0.0097,-0.0036,54.5174,24.992,-65.8207,101.7028,22.1101
2025-01-01 13:42:20,-0.0873,-0.0917,-0.8994,2.4578,27.8993,43.2524,94.0265,-0.0064,-0.0097,-0.0036,54.5174,24.992,-65.8207,101.7028,22.1101
2025-01-01 13:42:30,-0.0873,-0.0917,-0.8994,2.4578,27.8993,43.2524,94.0265,-0.0064,-0.0097,-0.0036,54.5174,24.992,-65.8207,101.7028,22.767
2025-01-01 13:42:40,-0.0873,-0.0917,-1.1671,2.4578,27.8993,43.2524,94.0265,-0.0064,-0.0097,-0.0036,54.5174,24.992,-65.8207,101.7028,22.767
2025-01-01 13:42:50,-0.0873,-0.0917,-1.1671,2.4578,27.8993,43.2386,94.0265,-0.0064,-0.0097,-0.0036,54.5174,24.992,-65.8207,101.7028,22.767
2025-01-01 13:43:00,-0.0873,-0.0917,-1.1671,2.4578,27.8993,43.2386,96.6574,-0.0064,-0.0097,-0.0036,54.5174,24.992,-65.8207,101.7028,22.767
2025-01-01 13:43:10,-0.0773,-0.0917,-1.1671,2.4578,27.8993,43.2386,96.6574,-0.0064,-0.0097,-0.0036,54.5174,24.992,-65.8207,101.7028,22.767
2025-01-01 13:43:20,-0.0773,-0.0917,-1.1671,2.4578,27.8993,43.2386,96.6574,-0.0064,-0.0097,-0.0036,54.5174,25.2043,-65.8207,101.7028,22.767
2025-01-01 13:43:30,-0.0773,-0.0917,-1.1671,2.4578,27.8993,43.2386,96.6574,-0.0064,-0.0097,-0.0107,54.5174,25.2043,-65.8207,101.7028,22.767
2025-01-01 13:43:40,-0.0773,-0.0917,-1.1671,2.4578,27.8993,43.2386,96.6574,-0.0026,-0.0097,-0.0107,54.5174,25.2043,-65.8207,101.7028,22.767
2025-01-01 13:43:50,-0.0773,-0.0917,-1.1671,2.4578,27.8993,43.2386,96.6574,-0.0026,-0.0097,-0.0107,55.2542,25.2043,-65.8207,101.7028,22.767
2025-01-01 13:44:00,-0.0773,-0.0917,-1.1671,2.4578,27.8993,43.2386,101.7794,-0.0026,-0.0097,-0.0107,55.2542,25.2043,-65.8207,101.7028,22.767
2025-01-01 13:44:10,-0.0773,-0.0917,-1.1671,2.4578,27.8993,43.2386,101.7794,-0.0026,-0.0097,-0.0107,55.2542,25.2043,-65.8207,100.8633,22.767
2025-01-01 13:44:20,-0.0773,-0.0917,-1.1671,2.4578,27.8993,43.2386,101.7794,-0.0026,-0.0097,-0.0107,55.2542,25.2043,-64.9311,100.8633,22.767
2025-01-01 13:44:30,-0.0773,-0.0917,-1.1671,2.4578,27.8993,43.2386,101.7794,-0.0026,-0.0097,-0.0107,55.2542,25.2043,-64.9311,100.8633,23.2156
2025-01-01 13:44:40,-0.1112,-0.0917,-1.1671,2.4578,27.8993,43.2386,101.7794,-0.0026,-0.0097,-0.0107,55.2542,25.2043,-64.9311,100.8633,23.2156
2025-01-01 13:44:50,-0.1112,-0.0917,-1.1671,2.4578,27.8993,43.2386,101.7794,-0.0026,-0.0097,-0.0072,55.2542,25.2043,-64.9311,100.8633,23.2156
2025-01-01 13:45:00,-0.1112,0.2357,-1.1671,2.4578,27.8993,43.2386,101.7794,-0.0026,-0.0097,-0.0072,55.2542,25.2043,-64.9311,100.8633,23.2156
2025-01-01 13:45:10,-0.1112,0.2357,-1.1671,2.4578,27.8993,43.2386,101.7794,-0.0026,-0.0097,-0.0072,55.2542,25.2043,-64.9311,100.8633,23.1761
2025-01-01 13:45:20,-0.0388,0.2357,-1.1671,2.4578,27.8993,43.2386,101.7794,-0.0026,-0.0097,-0.0072,55.2542,25.2043,-64.9311,100.8633,23.1761
2025-01-01 13:45:30,-0.1452,0.2357,-1.1671,2.4578,27.8993,43.2386,101.7794,-0.0026,-0.0097,-0.0072,55.2542,25.2043,-64.9311,100.8633,23.1761
2025-01-01 13:45:40,-0.1452,0.2357,-1.1671,2.4578,27.8993,43.2386,101.7794,-0.0026,0.0041,-0.0072,55.2542,25.2043,-64.9311,100.8633,23.1761
2025-01-01 13:45:50,-0.1452,0.2357,-1.1671,2.4578,27.8993,43.2386,100.064,-0.0026,0.0041,-0.0072,55.2542,25.2043,-64.9311,100.8633,23.1761
2025-01-01 13:46:00,-0.1452,0.2357,-1.1671,2.4578,27.8993,43.2386,100.064,-0.0026,0.0041,-0.0072,55.2542,25.2043,-64.9311,100.8633,22.7681
2025-01-01 13:46:10,-0.1452,0.2357,-1.1671,2.4578,27.8993,43.2386,100.064,-0.0026,0.0041,-0.006,55.2542,25.2043,-64.9311,100.8633,22.7681
2025-01-01 13:46:20,-0.1452,0.2357,-1.1671,2.457,27.8993,43.2386,100.064,-0.0026,0.0041,-0.006,55.2542,25.2043,-64.9311,100.8633,22.7681
2025-01-01 13:46:30,-0.1452,0.2357,-1.1671,2.4521,27.8993,43.2386,100.064,-0.0026,0.0041,-0.006,55.2542,25.2043,-64.9311,100.8633,22.7681
2025-01-01 13:46:40,-0.1452,0.2357,-1.1671,2.4521,27.8993,43.2386,93.6073,-0.0026,0.0041,-0.006,55.2542,25.2043,-64.9311,100.8633,22.7681
2025-01-01 13:46:50,-0.1452,0.2357,-1.1671,2.4521,27.8993,43.2386,93.6073,-0.0026,0.0041,-0.006,55.2542,25.2043,-64.9311,100.8633,23.5952
2025-01-01 13:47:00,-0.1452,0.2357,-1.1671,2.4521,27.8993,43.2386,93.6073,-0.0026,0.0041,-0.006,55.2542,25.3695,-64.9311,100.8633,23.5952
2025-01-01 13:47:10,-0.1452,0.2357,-1.1671,2.4521,27.8993,43.2386,93.6073,-0.0026,0.0041,-0.006,53.7737,25.3695,-64.9311,100.8633,23.5952
2025-01-01 13:47:20,-0.1452,0.2357,-1.1671,2.4521,27.8993,43.2386,93.6073,-0.0026,0.0041,0.0017,53.7737,25.3695,-64.9311,100.8633,23.5952
2025-01-01 13:47:30,-0.1452,0.2357,-1.1671,2.4521,27.8993,43.2386,93.6073,-0.0026,0.0041,0.0017,53.9175,25.3695,-64.9311,100.8633,23.5952
2025-01-01 13:47:40,-0.1452,0.2357,-1.1671,2.4521,27.8993,43.2386,93.6073,-0.0026,0.0041,0.0017,53.9175,25.3695,-64.9311,100.8633,22.0375
2025-01-01 13:47:50,-0.1452,0.2357,-1.1671,2.4521,27.8993,43.2386,101.1566,-0.0026,0.0041,0.0017,53.9175,25.3695,-64.9311,100.8633,22.0375
2025-01-01 13:48:00,-0.1452,0.2357,-1.1671,2.4521,27.8993,43.2386,101.1566,-0.0026,0.0041,0.0017,55.471,25.3695,-64.9311,100.8633,22.0375
2025-01-01 13:48:10,-0.1452,0.2357,-1.1671,2.4521,27.8993,43.2386,101.1566,-0.0026,-0.0042,0.0017,55.471,25.3695,-64.9311,100.8633,22.0375
2025-01-01 13:48:20,-0.1452,0.2357,-1.1671,2.4521,27.8993,43.2386,101.1566,-0.0081,-0.0042,0.0017,55.471,25.3695,-64.9311,100.8633,22.0375
2025-01-01 13:48:30,-0.1452,0.2357,0.0642,2.4521,27.8993,43.2386,101.1566,-0.0081,-0.0042,0.0017,55.471,25.3695,-64.9311,100.8633,22.0375
2025-01-01 13:48:40,-0.1452,0.2357,0.0642,2.4521,27.8993,43.2386,101.1566,-0.0081,-0.0042,-0.004,55.471,25.3695,-64.9311,100.8633,22.0375
2025-01-01 13:48:50,-0.1452,0.2357,0.0642,2.4521,27.8993,43.2386,101.1566,-0.0081,-0.0042,-0.004,55.471,25.3695,-64.4012,100.8633,22.0375
2025-01-01 13:49:00,0.0445,0.2357,0.0642,2.4521,27.8993,43.2386,101.1566,-0.0081,-0.0042,-0.004,55.471,25.3695,-64.4012,100.8633,22.0375
2025-01-01 13:49:10,-0.0052,0.2357,0.0642,2.4521,27.8993,43.2386,101.1566,-0.0081,-0.0042,-0.004,55.471,25.3695,-64.4012,100.8633,22.0375
2025-01-01 13:49:20,-0.0052,0.2357,0.0642,2.4521,27.8993,43.2386,101.1566,-0.0081,-0.0042,-0.004,54.992,25.3695,-64.4012,100.8633,22.0375
2025-01-01 13:49:30,-0.0052,0.2357,0.0642,2.4521,27.8993,43.2386,101.1566,-0.0081,0.0063,-0.004,54.992,25.3695,-64.4012,100.8633,22.0375
2025-01-01 13:49:40,-0.0052,0.2357,0.0642,2.4521,27.8993,43.2386,101.1566,-0.0081,-0.0085,-0.004,54.992,25.3695,-64.4012,100.8633,22.0375
2025-01-01 13:49:50,-0.0052,0.2357,0.0642,2.4521,27.8993,43.2386,102.6701,-0.0081,-0.0085,-0.004,54.992,25.3695,-64.4012,100.8633,22.0375
2025-01-01 13:50:00,-0.0052,0.2357,0.0642,2.4521,27.8993,43.2386,102.6701,-0.0081,-0.0085,-0.004,57.22,25.3695,-64.4012,100.8633,22.0375
2025-01-01 13:50:10,-0.0052,0.2357,0.0642,2.4521,27.8993,42.7999,102.6701,-0.0081,-0.0085,-0.004,57.22,25.3695,-64.4012,100.8633,22.0375
2025-01-01 13:50:20,-0.0052,0.2357,0.0642,2.4521,27.8993,42.7999,102.6701,-0.0081,-0.0085,-0.004,57.22,25.3695,-64.4012,100.8633,23.3811
2025-01-01 13:50:30,-0.0052,0.2357,0.0642,2.4521,27.8993,42.7999,102.6701,-0.0081,-0.0085,-0.004,57.22,25.3695,-64.4012,100.8633,23.6176
2025-01-01 13:50:40,-0.0052,0.2357,0.0642,2.4521,27.8993,42.7999,102.6701,-0.0081,-0.0085,-0.004,55.9471,25.3695,-64.4012,100.8633,23.6176
2025-01-01 13:50:50,-0.0052,0.2357,0.5801,2.4521,27.8993,42.7999,102.6701,-0.0081,-0.0085,-0.004,55.9471,25.3695,-64.4012,100.8633,23.6176
2025-01-01 13:51:00,-0.0052,0.2357,0.5801,2.4521,27.8993,42.7999,102.6701,-0.0081,-0.0085,-0.004,55.9471,25.3695,-67.4728,100.8633,23.6176
2025-01-01 13:51:10,-0.0052,0.2357,0.5801,2.4521,27.8993,42.7999,102.6701,-0.0081,-0.0085,-0.004,55.9471,25.6495,-67.4728,100.8633,23.6176
2025-01-01 13:51:20,-0.0052,0.2357,0.5801,2.4521,27.8993,42.7999,102.1246,-0.0081,-0.0085,-0.004,55.9471,25.6495,-67.4728,100.8633,23.6176
2025-01-01 13:51:30,-0.0052,0.2357,0.5801,2.4521,27.8993,42.7999,102.1246,0.0041,-0.0085,-0.004,55.9471,25.6495,-67.4728,100.8633,23.6176
2025-01-01 13:51:40,-0.0052,0.2357,0.5801,2.4521,28.2055,42.7999,102.1246,0.0041,-0.0085,-0.004,55.9471,25.6495,-67.4728,100.8633,23.6176
2025-01-01 13:51:50,-0.0052,0.2357,0.5801,2.4521,28.2055,42.7999,102.1246,0.0041,-0.0085,-0.004,53.9923,25.6495,-67.4728,100.8633,23.6176
2025-01-01 13:52:00,-0.0052,0.2357,0.5801,2.4521,28.2055,43.075,102.1246,0.0041,-0.0085,-0.004,53.9923,25.6495,-67.4728,100.8633,23.6176
2025-01-01 13:52:10,-0.0052,0.2357,0.5801,2.4521,28.2055,43.075,102.1246,0.0041,-0.0085,-0.004,53.9923,25.6495,-67.4728,100.8633,22.8703
2025-01-01 13:52:20,-0.0052,0.2357,0.5801,2.4521,28.2055,43.075,102.1246,0.0001,-0.0085,-0.004,53.9923,25.6495,-67.4728,100.8633,22.8703
2025-01-01 13:52:30,-0.0052,0.2357,0.5801,2.4521,28.2055,43.075,102.1246,0.0001,-0.0085,-0.004,56.2508,25.6495,-67.4728,100.8633,22.8703
2025-01-01 13:52:40,-0.0052,0.2357,0.5801,2.4521,28.1972,43.075,102.1246,0.0001,-0.0085,-0.004,56.2508,25.6495,-67.4728,100.8633,22.8703
2025-01-01 13:52:50,-0.0052,0.2357,0.5801,2.4521,27.8999,43.075,102.1246,0.0001,-0.0085,-0.004,56.2508,25.6495,-67.4728,100.8633,22.8703
2025-01-01 13:53:00,-0.0052,0.2357,0.5801,2.4521,27.885,43.075,102.1246,0.0001,-0.0085,-0.004,56.2508,25.6495,-67.4728,100.8633,22.8703
2025-01-01 13:53:10,-0.0052,0.2357,0.5801,2.4521,27.885,43.075,102.1246,-0.0017,-0.0085,-0.004,56.2508,25.6495,-67.4728,100.8633,22.8703
